mutant,plateId,wellId,biomass_t0,biomass_t1,biomass_t2,biomass_t3,biomass_t4,biomass_t5,biomass_t6,biomass_t7,biomass_t8,biomass_t9,biomass_t10,biomass_t11,biomass_t12,biomass_t13,biomass_t14,biomass_t15,biomass_t16,biomass_t17,biomass_t18,biomass_t19,biomass_t20,biomass_t21,biomass_t22,biomass_t23,biomass_t24,biomass_t25,biomass_t26,biomass_t27,biomass_t28,biomass_t29,biomass_t30
hapR,241010_105227_Plate_1,A1,0.0,0.0009822939478976137,0.0006137859273704355,0.0006283607915327386,0.0006156719957812243,0.000926213942079862,0.0014901428461051476,0.004284307185233399,0.017309577755239107,0.05973255298142674,0.22256550214636878,0.681272694635935,1.3678605817789355,2.142102097237779,2.3911143553323675,2.7376441481364053,3.2188540186887122,3.9642286291443183,4.4626985469225975,4.5245959923846755,4.282587774594389,4.038628082574372,3.81101476262863,3.6100730394933542,3.385111865316233,3.1635889774002095,2.9872739495153433,2.788738264363719,2.5548806281455367,2.3481407928523077,2.068310088647637
flaA,241010_105227_Plate_1,A11,0.0,4.1718854165679033e-05,4.993512578446421e-05,6.997682296932986e-05,0.000266602236882073,0.002616804556945345,0.020579862683308695,0.10445602875286839,0.44668703413862876,1.2445950232238099,2.4384876963627926,3.2283151910928933,3.4308934641211,2.868986790313722,2.09296574168905,1.3795363898622626,0.7359464753464724,0.47456393713827016,0.7440290428921326,0.9766067848742439,0.9624180022996114,0.921625101924033,0.8578197192344039,0.7767426527007094,0.7495603153593168,0.6667537397421739,0.5767825518664599,0.5397540974441789,0.43421017196607314,0.3885297849877748,0.38868219793395553
luxO_D47E,241010_105227_Plate_1,A2,0.0,0.0001943868496016782,0.00020992980682454633,0.0002041457254854218,0.00021230053369122436,0.00040495143394323336,0.0016651761071947093,0.006576961707299194,0.023638065565223333,0.08134560490319603,0.25293041441010683,0.5884667195892218,0.915097026050608,0.7341062177597879,0.4996273332650583,0.39452432860931735,0.3607231230225229,0.3798975945562474,0.41604064278354375,0.4066483069943271,0.1410189716374223,0.050429812463819744,0.05382580229323162,0.05968083289539853,0.06683266226211662,0.06670233213946769,0.06427283366370512,0.059913083073269015,0.05722110997606559,0.05804996488219969,0.05921864247522626
rbmB,241010_105227_Plate_1,A3,0.0,5.103426455281387e-05,4.1926771105081844e-05,5.1918262984517647e-05,6.755100273491874e-05,0.000348385458878129,0.0018771310868302441,0.0098357524655311,0.04291515869511072,0.1444983204474252,0.4031819858464199,0.887960967673128,1.5146419398192204,1.9405318629712147,2.0646227520084888,2.035667970475509,1.876971651786938,1.8542234678332674,1.9092789162418535,1.7197926410943951,1.523393746659497,1.3713993174674854,1.3015960606759627,1.202419505362782,1.2155002010110136,1.1355453324750864,1.1365543743934603,1.1032315140628537,1.0304688780341913,0.9702912444738169,0.9448663708501435
vpsL,241010_105227_Plate_1,A4,0.0,1.2039178871351287e-05,1.0853059726607326e-05,1.5366142823561986e-05,2.6714973307566788e-05,3.056038404072103e-05,3.378310863934531e-05,3.172604748215288e-05,0.00020969482739159305,0.0009269224048027076,0.0032242457854930037,0.003695319091651889,0.0020355308723887734,0.0014598154786540404,0.0,0.0,0.0,0.0,0.0,0.0,0.0,0.0,0.0,0.0,0.0,0.0,0.0,0.0,0.0,0.0,0.0
WT,241010_105227_Plate_1,A5,0.0,5.243857028681387e-05,5.2750633620612577e-05,7.143075821072813e-05,9.983685982516887e-05,0.00021906967481511144,0.0014400346323142517,0.011060631580094253,0.051754055590250765,0.22245136297337775,0.5264113772574937,0.9772005867825978,0.6258891470988001,0.04353240571383863,0.0006780375141745524,0.0,0.0,0.0,0.0,0.0,0.0,0.0,0.0,0.0,0.0,0.0,0.0,0.0,0.0,0.0,0.0
potD1,241010_105227_Plate_1,A6,0.0,1.2849559643104979e-05,0.021825214889233977,0.02169110955341615,0.021381485228019022,0.02176436340185802,0.024306355204799637,0.03986442531822413,0.11119227971136199,0.4015753032732635,1.0254520243392853,1.7217319436891065,2.3372597524093544,3.3362411456701935,4.060597215009808,4.226740701769856,3.4157740864845523,3.8799665399858516,3.914582402467164,3.826161760513872,3.6938845775248264,3.693284689798964,3.643541357550131,3.5941277963577347,3.6204010061912815,3.589196679124875,3.444348805370255,3.425690491413811,3.3977577928367237,3.2996584940997074,3.1352130841788313
vpvC_W240R,241010_105227_Plate_1,A9,0.0,3.730291810421407e-05,3.6718280366994584e-05,4.5196708940922086e-05,0.00016354329113473266,0.0016459436532018628,0.01209304504401528,0.05891303412061376,0.2292710698842798,0.6618349947756781,1.4934541327239472,2.5745416975714988,3.0933165107664737,3.4072111406183936,3.721306869956564,4.0643214678167014,4.317670171833294,4.557041023697481,5.221055610543793,5.939599055391396,6.3508120599028635,6.587936910720744,6.790083023828713,6.9137488419199915,7.015176012800447,7.072208148111299,7.195173094032339,7.250974289155651,7.465036967962678,7.321114740363428,7.427044747429204
hapR,241010_105227_Plate_1,B1,0.0,8.727119821867788e-05,7.171082619493853e-05,7.28116636420214e-05,7.395636578914811e-05,0.00014577385429556696,0.0009566318945838879,0.005577447437182204,0.030929609251434623,0.12946382324584585,0.44797317469728576,1.116151637756816,1.9124973774243659,2.2631739526509045,2.5334700533785965,2.9606759844090216,3.3132879833575744,3.9605809506346503,4.002495179605495,3.872879170795661,3.4787228402019883,3.2124743431345393,2.9723858329441284,2.711000572837326,2.555320545811169,2.3263609895307984,2.0681030370981084,1.8202384571822856,1.5485569970074093,1.301879017751562,1.097274368124288
flaA,241010_105227_Plate_1,B11,0.0,0.0009002258293896096,0.0007214097980171089,0.0007303031502723003,0.0009479756217030757,0.00120520754543006,0.002944714891397033,0.012079038300948985,0.056189390027832097,0.20843486922364676,0.6680288857030457,1.6365273553421695,2.7065545153230484,3.3047214261271796,3.3480650196871946,2.984605753239007,2.456236214040236,1.880506107340097,1.2843669775544588,1.1048251957247608,1.2937841448166534,1.5882795291497178,1.634319741760149,1.5585387408784928,1.4636755588824752,1.388704974886215,1.246383049783304,1.1736355279827402,0.9805271213837271,0.927394925062137,0.8463401286078976
luxO_D47E,241010_105227_Plate_1,B2,0.0,7.88516903898024e-05,0.00013199530932271657,0.00016044468711858494,0.00010924775401393138,0.00016027843060949972,0.0008706714945163448,0.00401013742822283,0.015822018037719404,0.05053677772863316,0.16696628928723145,0.4445411280710625,0.8599867718458852,1.0145535289691914,0.6944729665666461,0.5179801793088321,0.44922595695074097,0.4545345018725279,0.48513471457937346,0.5485022260431038,0.5366455153624015,0.16812274843125968,0.12683398768294907,0.1275896924001703,0.13384365904037426,0.14050468661937512,0.16629589970622904,0.19410938313725998,0.19536587707062433,0.1682115545529066,0.17599174390863204
rbmB,241010_105227_Plate_1,B3,0.0,2.774169820404502e-05,2.686148969847554e-05,3.885577797483151e-05,0.00015717195515685989,0.002148230047329283,0.01674910205107167,0.0844030259916307,0.3245874580287757,0.7014861021586534,1.2712590629202263,1.497859462074897,1.3115949250886092,1.0445046792071615,0.7185998222559531,0.3339312811584226,0.6038000371181924,0.4717629830999927,0.2930402051773183,0.2160395930914853,0.16775746562650368,0.13418373586030558,0.10919645926635763,0.10751879332282996,0.10816158271827345,0.09457844598914636,0.11493806026172874,0.10618131120261837,0.09433483940829608,0.07025634924890485,0.06321542889050008
vpsL,241010_105227_Plate_1,B4,0.0,0.000987368850928757,0.0010920384918761826,0.001090747562916057,0.000958472720626054,0.0011958623379441226,0.0010229343684498961,0.00036594120995791054,0.0027950577505139592,0.004935578939618888,0.002550937152154097,0.0011089141294423706,0.00019565191718124718,0.0,0.0,0.0,0.0014411268024871683,0.0,0.0,0.0,0.0,0.0,0.0,0.0,0.0,0.0,0.0,0.0,0.0,0.0,0.0
WT,241010_105227_Plate_1,B5,0.0,3.52191495709544e-05,2.340321854895873e-05,3.2071602875384365e-05,0.00011879563928604472,0.0020289033502446283,0.01857409560491887,0.10286456072348388,0.3149957281197532,0.715444693701801,0.7371372223876077,0.08776309277846207,0.0036496656294002835,0.00036499041800712033,0.0,0.0,0.0,0.0,0.0,0.0,0.0,0.0,0.0,0.0,0.0,0.0,0.0,0.0,0.0,0.0,0.0
potD1,241010_105227_Plate_1,B6,0.0,0.0004058010408183011,0.0003664975272430374,0.00040125799142344185,0.00046230213170596606,0.002446958753072281,0.015255960100722788,0.09227305806429303,0.42104380673291075,1.1334162326266404,1.9442961082931658,2.8635948228780843,4.0812029236919365,4.815480012481777,4.517435459630149,3.5609171558269046,4.03976699985101,3.8700023179190244,3.4636373692629894,3.294658961577711,3.173104052759468,3.088046794697935,2.993624734155629,2.9197993538848612,2.8850863189547558,2.632348403633849,2.383601647687719,2.136846224732145,1.7044090988516984,1.1594659391402506,0.5885384787341327
vpvC_W240R,241010_105227_Plate_1,B9,0.0,1.9662534034791607e-05,4.1833026777227826e-05,4.362994531799619e-05,0.00019242208688910304,0.0023086183570395174,0.015649797427475617,0.0699274074687011,0.2671989813835079,0.7674825129056636,1.6298181762400223,2.517830238029378,3.039886443772532,3.52639351688784,3.864403499565205,4.278966378791105,4.625520247356715,5.250508960972683,6.1414789975797515,6.657432934043748,6.862874082631455,7.056945118430699,7.171048244656496,7.234577759244766,7.33315997763267,7.323257483143432,7.331400440724371,7.324251277079476,7.397074436897649,7.417183716751563,7.4178578380756095
hapR,241010_105227_Plate_1,C1,0.0,1.0398622370432747e-05,3.0793054206876734e-05,4.6248367632365016e-05,7.117108774673937e-05,0.00014974602056954766,0.0007957239831249252,0.004303378532255052,0.020215611123673406,0.07042342165879895,0.25147655942124714,0.7080154486972724,1.4842876208905746,2.256051138589509,2.517243257586803,2.888218241149836,3.3269144631452443,3.8653603773335035,4.5864860813640504,4.733665224487215,4.606573960541011,4.4082726128020315,4.214487075408775,4.008542475895728,3.7640357959481956,3.5196456159358305,3.3418295980711132,3.1077833683872753,2.8422366128925662,2.5105067257444245,2.223955673959321
flaA,241010_105227_Plate_1,C11,0.0,2.795538329465804e-06,1.5149396767373409e-05,2.657156469621443e-05,0.00010218400582092841,0.0010514121155181513,0.009605251124230435,0.056674289241337016,0.26395554828607504,0.8343584245983616,1.9283744059021952,2.9255700464254666,3.442915829416848,3.1975832170931278,2.593758702950669,1.9327503093223335,1.3368217755733438,0.8141263583604242,0.6701480877384006,0.8946334312388761,1.0324551283639702,1.0326241268347902,0.9341567364541674,0.8467486809063697,0.7471819645014739,0.6568465638548516,0.5173561489442811,0.47595256018868987,0.38013998397359594,0.3183870733334949,0.3099792689998286
luxO_D47E,241010_105227_Plate_1,C2,0.0,1.1029430061866695e-06,3.6622681536728276e-06,1.85109194690088e-06,1.6475848176157612e-05,0.0001342349570430523,0.0012270161059112256,0.0066618702306558975,0.02790407517166119,0.0972934094323386,0.30038006222929525,0.665551356082945,0.8735861998403435,0.6082309135272558,0.3957641233269462,0.30072957541022094,0.2889742103103181,0.308089763105304,0.34675271429306975,0.3354159531220958,0.07629885713767018,0.033819068464339325,0.03208049418788753,0.023584645462919596,0.025389149874896953,0.03361123846518664,0.04749464274248394,0.050084967305554666,0.04046861591769674,0.042477875987828116,0.04687553453363219
rbmB,241010_105227_Plate_1,C3,0.0,8.416648832188674e-06,5.014994243587117e-05,7.462819322813335e-05,0.00010185849483674882,0.0005186718893142498,0.003487689055074496,0.014678706265823535,0.06015137426098088,0.20898568252216954,0.5328640826217718,1.087945077391835,1.5281419549815165,1.788905458545694,1.642175395252983,1.4260631334878162,1.246094675661351,1.176990418480833,1.195334343117402,0.9807704203298462,0.7691748383129047,0.6348208533797196,0.5459449120242345,0.4949912109885844,0.4922288116073817,0.5402731976145407,0.5337096768699108,0.5314515710657024,0.49213576547661325,0.5157113062890313,0.4737721321541124
vpsL,241010_105227_Plate_1,C4,0.0,5.265882672279403e-05,0.00018797997512463892,0.0002376975864348577,0.00021504721695028914,0.00031351207268823526,0.00037006140872700795,0.0004325850714353134,0.0026379163247603164,0.008021863856709482,0.005838971400426513,0.003885004393095019,0.00043540404216850135,0.00014482463395699052,0.0,0.0,0.0,0.0,0.0,0.0,0.0,0.0,0.0,0.0,0.0,0.0,0.0,0.0,0.0,0.0,0.0
WT,241010_105227_Plate_1,C5,0.0,6.588170980624926e-05,6.95240247712557e-05,0.00013016196014206118,0.0002891317393558331,0.0032413607762554974,0.025086024667582245,0.11405346996755296,0.3353816786004119,0.6620190405974813,0.43139544792971823,0.007854433654247584,0.0,0.0,0.0,0.0,0.0,0.0,0.0,0.0,0.0,0.0,0.0,0.0,0.0,0.0,0.0,0.0,0.0,0.0,0.0
potD1,241010_105227_Plate_1,C6,0.0,0.0,6.997436523533594e-06,1.0139856085045288e-05,7.880500347548527e-05,0.0016502602366205697,0.017643447041311478,0.11082249607673413,0.4582962994920523,1.2096304634623811,2.002145682586539,2.730358020159006,3.5672083529572967,3.8746651910416907,3.09448237952065,2.838725965592518,3.2428853738571126,2.930833409168035,2.6025947749564513,2.415558141671938,2.2436540608157225,2.260573703523897,2.1029936976469306,2.1341584334609727,2.078750408899572,1.8471408469182757,1.6942916613133046,1.4581202106537183,1.0742584082002322,0.708201233324078,0.39363366587305587
vpvC_W240R,241010_105227_Plate_1,C9,0.0,0.0,1.135338414679789e-05,2.188885314601202e-05,0.00010465939537333387,0.001296383658295391,0.012329146006195148,0.04893125681097269,0.18757305462778456,0.5635858244228692,1.3347574127726833,2.423714274044627,3.39208888726588,3.8572616924030125,4.479616852088462,5.039090335803302,5.562140268605386,5.965689155682757,6.630736258314976,7.566288920800574,8.051369705674023,8.338249057219022,8.47556757092724,8.6261193269841,8.684135224663672,8.629899221551073,8.684983226487969,8.638400640470989,8.50298183810512,8.47411566875015,8.464935447108104
hapR,241010_105227_Plate_1,D1,0.0,5.655937429380639e-06,1.2882227776475029e-05,1.7611220965674758e-05,2.4962615657614417e-05,9.271156462278893e-05,0.0005420161489982007,0.003751696098739491,0.02042429982498886,0.0776446721464707,0.31465285583639474,0.861438908092877,1.7483140589190593,2.346038778235631,2.5950409378857824,3.021874363382979,3.4015035800748024,4.171257106067962,4.321946695859828,4.243524851442067,3.8667249379977737,3.6023647831630394,3.3283361368661346,3.0364729689212777,2.827642688752351,2.5736799859385293,2.325521146714591,2.0148712607515673,1.6795782946448408,1.4030922487395945,1.1578916518418332
flaA,241010_105227_Plate_1,D11,0.0,0.0,0.0,2.020361002530038e-05,0.00024202871562618148,0.002764363294575978,0.022143424898716527,0.10683603147546361,0.4499683865605393,1.2385266606421996,2.3443088010123745,3.0069215097639788,2.5233513451750085,1.4998958033641712,0.7668297253814558,0.44097572847657046,0.23799097634047184,0.13438909541881242,0.1646013673541771,0.2688867591468963,0.24859071826028994,0.23465658367827355,0.1928912566050469,0.16624550779971428,0.15324555289300265,0.11589279796233232,0.12832307353624403,0.11674267234586203,0.09143715431018726,0.07212343793432029,0.08719623565993548
luxO_D47E,241010_105227_Plate_1,D2,0.0,6.612159133176726e-05,5.021737730649506e-05,6.540671509354704e-05,6.534171722501127e-05,0.00011650386754190327,0.0007478437135591561,0.004060657136905278,0.017434765027707574,0.06734807750341541,0.20853430880665513,0.48855068394703527,0.5508938854469273,0.2958304521894073,0.17236047035539148,0.12460754150520924,0.11820438539579073,0.12796374948247738,0.13581548397634416,0.12242870514598017,0.016040781107710882,0.012296222402243961,0.006931376312018415,0.008596210543398786,0.010085911666156184,0.014287718572961341,0.018039252561572905,0.015053989874428533,0.01538228896555251,0.01341991109091546,0.011694264829657264
rbmB,241010_105227_Plate_1,D3,0.0,1.3495825311011154e-05,2.8304886444016354e-05,4.7977368449735726e-05,0.0002085418859838391,0.0023599088244778826,0.019409081805000252,0.08688626691739362,0.3084292982205999,0.6512688786695239,1.4188422775751257,1.780204344558952,1.7399805684361151,1.6113998173739237,1.205520396576279,0.5654844657313683,1.0014451461951508,0.8735322968852659,0.6117591495086752,0.45980103459036975,0.3787764331537699,0.308847661391913,0.2915170788722437,0.2666684184755527,0.283081132648383,0.2896722937048411,0.3269852901903581,0.3033991359797133,0.2344391193618647,0.19526615660373095,0.1538032478467084
vpsL,241010_105227_Plate_1,D4,0.0,0.00020729165174848373,0.0011859132969825096,0.0012416937602000228,0.0014633039896288643,0.0024860143197418996,0.0025742613487034034,0.003800117136661038,0.007043711140433785,0.01583553256521576,0.014329861187281552,0.016937241421113344,0.013253900689615218,0.013262205489815623,0.011996438375618677,0.007481655262388496,0.00875064919740739,0.007321216393578959,0.0038707294059185313,0.004555922838326642,0.0033880265706402314,0.004505824923611531,0.0025545529971567962,0.002614433763201551,0.0043623019523917,0.0033253142275260204,0.0032770753628670432,0.004486476972840249,0.005551266049628211,0.004235966667358891,0.0041893851513757595
WT,241010_105227_Plate_1,D5,0.0,0.00021611115829276128,0.00023280285704053118,0.0002542375410076017,0.00028349298867635985,0.0005923704036969502,0.0028917755686764897,0.017784803862760885,0.08642251424780373,0.2834858863266958,0.5986507667346346,0.5761390602613038,0.09230980703924971,0.014232099551100599,0.006559728812182107,0.0011824067960636213,0.00040343274159091504,0.0003586323236981128,0.0002535615538120336,0.0002284045698498416,0.0003239700351232341,0.0003005941291882377,0.0003003783234242928,0.0002431200565228661,0.00023643006446515051,0.0003295144155050524,0.0003179037457322038,0.00032704354015794187,0.00029250706081270563,0.00030830160974401247,0.0002518898265563606
potD1,241010_105227_Plate_1,D6,0.0,0.0006643311162338828,0.0007853698340362873,0.0008765924599354354,0.0009809445683385582,0.0032776735117879033,0.020224957200561843,0.12044466176101197,0.4966004348921291,1.2497542582975742,1.9603384570004634,2.667754486111682,3.484346202457189,3.7573720932845758,2.997437264754957,2.7327634562486187,3.0041283201588085,2.712447325476522,2.4397728070138713,2.2694474942228102,2.0544618443450324,2.0650604627293103,1.996861922323749,1.9523289861420239,1.8942617268377606,1.6669298257939613,1.5536638672997525,1.3301289813644899,0.9908564590625218,0.6655187200505903,0.34089230610204707
vpvC_W240R,241010_105227_Plate_1,D9,0.0,0.00019702215571262128,0.00021376476800840668,0.0002678311038790322,0.00034420547865550335,0.001979571111624656,0.015159648360405457,0.0681909632283774,0.2356758243567583,0.6626030115698595,1.6450442897528774,2.7389970721825816,3.5647321608795055,4.069053157491197,4.534777698831046,5.074554200108911,5.563735956580758,5.914184079580814,6.6820138853471684,7.527629601040179,7.989663194376644,8.283473757047185,8.45949164990797,8.587309199328296,8.540218347233662,8.557431847987258,8.58867884265334,8.576911814184498,8.517296215902626,8.560845255961397,8.557245929606221
vpsL,241010_105227_Plate_1,E10,0.0,3.6695847776148863e-05,5.71834849108961e-05,7.94206206989089e-05,6.97332899533066e-05,9.96110024307672e-05,0.00014026835626868914,0.00026611743798424123,0.0037069831293628916,0.0043913674155508006,0.017258804649166102,0.01785896924628676,0.01892749702133856,0.01624227450017176,0.012706997696034608,0.0,0.0,0.0,0.0,0.0,0.0,3.389924543177576e-05,0.0002007711463645311,0.0,0.0,0.00015836114396120443,0.0,0.0,0.0,0.0,0.0
WT,241010_105227_Plate_1,E11,0.0,1.9732788444604164e-05,2.3875828423722898e-05,3.087965204617048e-05,0.0006596305912952009,0.005943527082769159,0.03505257004540141,0.1529312839519354,0.42188790962137446,0.679851489054853,0.2905366135453147,0.0033783590154576773,0.0,8.84137870489554e-06,0.0,0.0,0.0,0.0,0.0,0.0,0.0,0.0,0.0,0.0,0.0,0.0,0.0,0.0,0.0,0.0,0.0
potD1,241010_105227_Plate_1,E12,0.0,0.002136774398710119,0.002084320470093735,0.00204368733914704,0.002649480381183675,0.010525251513510978,0.051124538627145596,0.2279454651397776,0.7464332751936665,1.539693104121587,2.347114095375447,3.37455638267144,4.418889354884604,4.69339717571393,3.4945705765032367,4.070080389984982,4.18397780220356,4.086206602595093,3.9993585091352157,3.9837885134945585,3.9811418516494066,4.030839974968175,3.9768322903278257,3.9980655738616258,3.9516493781079616,3.9570016205370036,3.844653416698537,3.6204229418851592,3.357871746147065,3.0175199275169104,2.38235813460247
vpvC_W240R,241010_105227_Plate_1,E3,0.0,2.517426902145913e-05,4.32449879346369e-05,4.295652419734905e-05,4.2265701651253804e-05,0.00010644960881450414,0.0004916624560672211,0.0023761801604285865,0.0098796740111231,0.03178850402030038,0.10131319890025321,0.2959816212212401,0.7900444440927203,1.5266709928265167,2.483740899078246,3.0961924273634938,3.4825918150867823,3.929705190836601,4.270327594275991,4.620684028750723,4.868870020083546,5.8090489739096425,6.3148662791031,6.548946883624296,6.773437309785548,6.835351474526496,6.938267329997554,6.9683122753899855,7.122379360144977,7.083428389283971,7.2036878883753515
flaA,241010_105227_Plate_1,E5,0.0,0.00012820739618959692,0.0001980742330548071,0.00019705138101208636,0.00029033616276708413,0.001602305198439693,0.012066146399397754,0.07160984175056255,0.3264128220818427,1.0508507490108057,2.1614364719546186,2.7612165925383767,2.4420720422441007,1.655812976641823,1.06069352223592,0.6430692761717722,0.3618864303831764,0.17960371003863332,0.14999034942324513,0.2053198201248023,0.19635375238194866,0.16444740954662884,0.13087094450640757,0.12277076821624124,0.10461500903178927,0.10955932780724478,0.08001200834339388,0.08757841162406192,0.07257473139729612,0.06349160195150488,0.05368183927059192
hapR,241010_105227_Plate_1,E7,0.0,4.056836514174977e-05,5.101383693789026e-05,0.00014154618400189192,0.00021545847108422664,0.00045648707288695086,0.0019273689753480571,0.007851847516191942,0.033863372547031874,0.13562281100664403,0.46384455874656844,1.1348089485565274,2.008990555355996,2.404993764370786,2.619244568503661,2.953790784738929,3.2781811090944024,3.807946373693257,3.947745694000233,3.8649388508746285,3.572545079895547,3.374908490684446,3.1000438804440313,2.8821569006653514,2.689588928036539,2.4299562496180256,2.1445749454597967,1.8366070993360142,1.5090568312740744,1.2794676269514527,1.1181873771520507
luxO_D47E,241010_105227_Plate_1,E8,0.0,6.733737047722694e-05,0.00014895507830017964,0.0002399667068999858,0.00041471723160842926,0.0028956308337526097,0.017385492644105955,0.0714801603359338,0.25859299340582587,0.610555127360117,1.2148860684595533,1.0086905460092226,0.5628744525455001,0.3776649354944794,0.27445334941876576,0.25916278642972207,0.2814341900517072,0.27546356168666064,0.17260211743675816,0.007752108992477377,0.0076928237671459775,0.008874109702754141,0.009317323072637584,0.013465590835873452,0.018888187321630112,0.026114336558010837,0.028171053298058534,0.023351986665873525,0.019540476611327642,0.01900270301278131,0.018032732042813533
rbmB,241010_105227_Plate_1,E9,0.0,9.42845143788968e-05,0.00010524895058485465,0.00014807289558216115,0.0001255194912273282,0.00045222894006717427,0.004360210704990617,0.020022728828601833,0.10069778230817601,0.2872657675182462,0.6892477906570176,1.1791223940452449,1.186076677775629,1.1063063232013135,0.7460423115765659,0.548014290608556,0.2274915166553172,0.35483467994469065,0.2595081532294879,0.1816196337445512,0.09016131282731428,0.07298289580849839,0.05204340344300528,0.05468911897697296,0.05375519677856278,0.049325011878873476,0.05528251226615119,0.0420182656867711,0.03965616329290545,0.022354803397616613,0.015492581366861097
vpsL,241010_105227_Plate_1,F10,0.0,4.0350290906047743e-05,4.981824464973846e-05,5.2172592642064114e-05,4.7724000485109876e-05,6.26688703140642e-05,0.00013995486310216146,0.0007661668394128103,0.006056086618292545,0.003615117112174261,0.0022971013821054573,0.00061191075992947,0.00021082014186294188,0.0,0.0,0.0,0.0,0.0,0.0,0.0,0.0,0.0,0.0,0.0,0.0,0.0,0.0,0.0,0.0,0.0,0.0
WT,241010_105227_Plate_1,F11,0.0,0.00013639674642554531,0.0001820282328570041,0.00019546687489042342,0.00015977673855229756,0.0002309196777211311,0.0007240771248909442,0.003926728222918089,0.022710660541716755,0.09474345189617207,0.2895114341789752,0.7056280025517243,1.031704499619814,0.6017612882527609,0.08180555895262663,0.004781127244572767,0.0,0.0,0.0,0.0,0.0,0.0,0.0,0.0,0.0,0.0,0.0,0.0,0.0,0.0,0.0
potD1,241010_105227_Plate_1,F12,0.0,6.089953858343165e-05,6.720691997577014e-05,0.00011660512618245272,0.0001982327920079005,0.0016915865488692226,0.01099459377241276,0.053925084715018605,0.2561428967784952,0.7270436599794404,1.5560085789685085,2.366090276261771,3.374034273030882,4.4420141238755475,4.793184252214335,3.597706190175764,4.056274278265131,4.1953907163459325,4.153828595388094,4.16147853487371,4.081081876112917,4.114979879636658,4.130217629767606,4.1748631201346855,4.190760813641198,4.158435559242219,4.012204934247918,3.966334990773501,3.5881177506208237,3.3686252519307964,2.980868459394595
vpvC_W240R,241010_105227_Plate_1,F3,0.0,0.000172317769317157,0.0002031140857897269,0.00025965588477758493,0.0003201065107233519,0.001029986694031575,0.006125928128794123,0.0278633336329103,0.10466338793712808,0.32900029767979394,0.8364689994858194,1.9860270939675928,2.8747118057844543,3.3447402907681836,3.8748764558494946,4.163211454690047,4.4652592716743555,4.737704602262254,5.387491350298492,6.309437462376833,6.835878198688023,7.16514526918147,7.341072543550778,7.503728054352926,7.616146479162648,7.680185329862421,7.761980723493495,7.806007934927954,7.757116750884577,7.880241533111616,7.94018683557281
flaA,241010_105227_Plate_1,F5,0.0,0.0,1.2119178614431702e-05,3.17197135505457e-05,0.0002142586956325015,0.0035849061109040903,0.02913482676573471,0.1740140070356537,0.7087357152310004,1.6207323182079196,2.629082526576461,2.611206273608449,1.7574264002888924,1.1007703693360456,0.6090873418681026,0.35524812096030434,0.1766896868612125,0.08381789804515474,0.0670293077324763,0.11332573994773736,0.07244566525212975,0.06209111757588346,0.0626493823226131,0.0579038811862281,0.059393131557227155,0.062051918223415554,0.04683012497222075,0.045080532690993505,0.03594075832839006,0.031457644204424644,0.017488332259665364
hapR,241010_105227_Plate_1,F7,0.0,1.921649443800795e-05,2.6003220230639526e-05,2.5473390295870003e-05,4.8958130711057485e-05,6.978718622067256e-05,0.0003322660811092205,0.0015871718434860098,0.00745622791431155,0.028530963864127967,0.12106937427214101,0.41077930641757465,1.0924677760804538,1.9720846866863917,2.192805316725108,2.3714669288379633,2.701928424613897,2.9933663878585266,3.5993798568677864,3.74325660802851,3.5687988245176605,3.377015454207668,3.1833078955310627,2.941128137939568,2.7523635337452625,2.5252273820184756,2.3048286315365685,2.0859591600543603,1.8135617134811468,1.5890109641617312,1.3376191514212212
luxO_D47E,241010_105227_Plate_1,F8,0.0,0.00013514999648790648,0.00017311183474781798,0.0002706373612725673,0.0007549031949921915,0.006965386669096164,0.03464050001065506,0.13764824463838327,0.3489198003431088,0.7562864812487959,0.6239624842789144,0.24461229897601175,0.09331757160471799,0.07337994524310776,0.052360608289442154,0.05868545798434422,0.04793507536190569,0.004108740712902109,6.051329649068397e-06,0.0003483471784172278,0.0,0.0,0.0,0.0,0.0,8.942771099675946e-05,1.1627778276530894e-05,4.2981291468296195e-05,0.0,3.8634149889212834e-05,0.00017058947739721038
rbmB,241010_105227_Plate_1,F9,0.0,0.00015295268462888926,0.0001598105449341731,0.00016792746725405582,0.00023615344734009892,0.0018531778441327254,0.01235044703624693,0.05052964260918252,0.18897841033249763,0.4671917316255352,1.048708073107917,1.5679426664718221,1.845698106906009,1.8711842399674627,1.6818424193894426,1.5071103059508908,1.3675729433052528,1.309452583571298,1.0868838713233862,0.7705884199028219,0.6193569248442151,0.541797661461925,0.47677387135619775,0.4625176833368721,0.4343195160498842,0.4706003244473594,0.477083686281374,0.45018457352404245,0.44260873388238003,0.3589660605674965,0.24726425080099804
vpsL,241010_105227_Plate_1,G10,0.0,0.0034466939183017036,0.0041114545862483195,0.00528128647828809,0.005359088371845345,0.006506616745872277,0.006758113087544283,0.007063936117697481,0.009220430170186724,0.014027531148869916,0.022154562613528692,0.01856689828975083,0.020115514807391016,0.007392118173869368,0.016503780740980467,0.021474586198022123,0.028369717788534577,0.029997088128593773,0.029287167484630682,0.02876439308554438,0.028058786015529802,0.028396587675992443,0.028644899730687946,0.02915089867412705,0.028797123414631826,0.026506923282704178,0.026663472578477353,0.02895490191178754,0.02512777671954805,0.02556698749406997,0.017464149494707516
WT,241010_105227_Plate_1,G11,0.0,4.409220261528394e-05,4.928956633889751e-05,7.541595883451607e-05,0.0007682168236336426,0.008303653257872355,0.055695191551419575,0.2397554287167589,0.668783125811438,0.9909081550727884,0.45401796978340053,0.006995621813005023,9.570224903768533e-05,0.0,0.0,0.0,0.0,0.0,0.0,0.0,0.0,0.0,0.0,0.0,0.0,0.0,0.0,0.0,0.0,0.0,0.0
potD1,241010_105227_Plate_1,G12,0.0,9.930369539742148e-05,7.288686695837954e-05,7.888538308058162e-05,0.0004132253703548418,0.004875095610763652,0.0346882522774218,0.16313754098739922,0.5905676641720504,1.42534728084371,2.2311090508624916,3.211813129093781,4.284274749832391,4.923290871543335,4.728368824449599,4.496700878746488,4.701836800179142,4.740976899522727,4.715467292593741,4.751003116675607,4.6080423144885065,4.589341065423924,4.526786217916671,4.4521814517420895,4.434200201702773,4.381327154203672,4.157153725569798,4.101729583623567,3.8770827987663203,3.5356374724209396,3.0246546457048615
vpvC_W240R,241010_105227_Plate_1,G3,0.0,0.0007304909077740126,0.004934609154567302,0.005217111198272737,0.0051524641002076675,0.005892991657964573,0.007643055155347493,0.014224088341437156,0.03885684132096766,0.11556714653621022,0.3235046707151611,0.8106772380066186,1.8339934079087945,2.6828530649653146,3.1616550918518516,3.6079686173005205,4.080854159534704,4.514455080978747,4.884064500720778,5.3727335772253495,6.315404305497143,6.859357015128322,7.147107173593994,7.386202224233939,7.52888227629025,7.658516475675494,7.719055646922158,7.814734060955885,7.673140828903253,7.9136419708961805,8.000706211193291
flaA,241010_105227_Plate_1,G5,0.0,4.9142839285074996e-05,4.668371290961215e-05,7.362933669444713e-05,0.00038339770202289555,0.0007116790439604249,0.0032096746664491676,0.019213104437024228,0.1031005767517271,0.40882569212015024,1.128656120178065,2.2210636399774706,3.1798907424384573,3.273001610254647,2.7040292354424946,2.141644657767891,1.554335380416295,1.1413941374865733,0.6896892464963063,0.6400776956035285,0.6448052723354223,0.6579934395082314,0.6166330868077986,0.5255969477451687,0.5151770250134553,0.4805479877403937,0.4086966861643878,0.37541609217076505,0.3120156169768143,0.2620074446629662,0.2563674032551642
hapR,241010_105227_Plate_1,G7,0.0,1.614958616197118e-05,7.600549398290222e-05,9.636886674937461e-05,0.00010233851202082364,0.0002028360107435578,0.0010038682378432503,0.0036645502683614935,0.013812444313916416,0.04620343289847348,0.17435987541378561,0.5429205951079626,1.2664937340566438,2.055303626597589,2.1906489978906607,2.478732204391429,2.8089736075803144,3.1542431011431176,3.74653666303438,3.8859492998596465,3.6643456243881225,3.442752649255075,3.2351545130617656,2.9855836972986824,2.8085577656762557,2.572030194376734,2.3136699868344737,2.0883243361204533,1.8719643615195458,1.6741685378964855,1.4814966382302153
luxO_D47E,241010_105227_Plate_1,G8,0.0,-1.2070971583279692e-05,0.00031603293867916765,0.0001632583745596499,0.0002880652165567034,0.0006766487439944785,0.0030851329587764376,0.012402219955196374,0.052916209989433347,0.1774252548789625,0.42249854449969476,0.7749669315304637,0.6307395436532743,0.4160935225187543,0.30644187085358837,0.2747814819858722,0.27299711360459494,0.29714032074863694,0.2928537718424926,0.10642198856581057,0.04645946926000702,0.04260548889327507,0.052748204643778315,0.05721711741227139,0.0752233059279506,0.08494979322466689,0.08529537403120226,0.0796066393956187,0.07233423460231568,0.08087113183199457,0.07765794725389362
rbmB,241010_105227_Plate_1,G9,0.0,1.3655112555892114e-05,1.587310546623517e-05,2.7766266181188038e-05,0.0002508168233647408,0.0036437704785477684,0.02386926042221153,0.11205952208178206,0.36488064590977015,0.8583035417263496,1.4610744403529659,1.6325082413331213,1.4924883602992893,1.3818041259711,1.099510872620196,0.6405508177569971,0.8134544439811888,0.5937656609572257,0.3825521278378912,0.24971096344628532,0.21009634421751652,0.17298738981133138,0.1643893267718338,0.15719845187001338,0.1682207100300159,0.1641772995649135,0.1757859897751439,0.13992748361108362,0.09902764004013993,0.07281478680331435,0.045922956963858654
vpsL,241010_105227_Plate_1,H10,0.0,3.783482992358851e-05,0.020502846328349877,0.020070277120166357,0.019562245112416634,0.023167053384747994,0.02437205929567488,0.024608108762475833,0.02813263306398598,0.034203244054218644,0.040177356716981784,0.04330056816777067,0.04764148281863161,0.050690791044187306,0.0035292646852096614,0.05069728079947356,0.03320793200765289,0.0,0.0,0.0,0.0,0.0,0.04682542752362937,0.0035309668415528777,0.04979690750604431,0.0,0.0,0.0,0.0,0.0,0.0
WT,241010_105227_Plate_1,H11,0.0,4.330514991895226e-06,8.609236199180977e-06,1.8522772768956613e-05,0.0001546111969665432,0.0019884228997525764,0.010209849674107468,0.05560255002719983,0.23875801004105554,0.567609619830001,1.1537307583479657,1.1741821146475646,0.32706845857117,0.0316210276726288,0.000498169418835289,0.0,0.0,0.0,0.0,0.0,0.0,0.0,0.0,0.0,0.0,0.0,0.0,0.0,0.0,0.0,0.0
potD1,241010_105227_Plate_1,H12,0.0,1.6887635320705478e-05,2.300542677836752e-05,0.00018622305979926654,0.00028273778553750475,0.000924695497172871,0.0071167349315983995,0.03571594889838796,0.17724459303920273,0.577444702186835,1.3301664325491591,2.088402181082873,2.8080918328127007,4.006245715118772,4.810138537268328,4.924628815115644,4.403431378412378,5.000775767573211,5.046795248277843,4.998328332655077,4.844352200777138,4.76620896642247,4.6222296257665985,4.459588092281586,4.355741574871498,4.256143894362135,4.117084301829491,4.060147399531084,4.065344420175095,3.9023656922738286,3.782524710171127
vpvC_W240R,241010_105227_Plate_1,H3,0.0,4.9462630938338666e-05,5.1152088654867905e-05,4.882247717001628e-05,0.0001310074942007962,0.0011186779207941022,0.008911885241433458,0.040960768623146696,0.16715135164118985,0.4862769489609389,1.351074760178838,2.0972940286029664,2.7632739332419116,3.1561725059247374,3.62213051527473,4.0808506819247,4.471274199440697,4.806626151163278,5.81438603523347,6.394231625866065,6.742756095516432,6.971762332023408,7.075523915496835,7.1573019210778845,7.290792656204443,7.327880698136617,7.358936424252426,7.429808109840869,7.509006665077825,7.543503218785119,7.626916369839672
flaA,241010_105227_Plate_1,H5,0.0,4.5194754791607737e-05,3.4618758260412256e-05,4.303789559006797e-05,5.993671543956646e-05,0.0002776403114798867,0.002019141364575015,0.0124158488425602,0.07367005817006336,0.2919970224914915,0.8929523411870358,1.9714885440789958,2.8657364287471254,2.8607649177365153,1.868571083557167,1.0042898311792412,0.586544704728862,0.31252812975130123,0.17954138056700525,0.22619758491270664,0.32299575592948704,0.32826141924482766,0.29779222549492046,0.27393115283795727,0.2668084591553695,0.21906958118714975,0.2223656867007353,0.20226009177588355,0.1749203992694762,0.14836249355532757,0.14087403555275235
hapR,241010_105227_Plate_1,H7,0.0,0.00011858123125381335,9.08789711535385e-05,0.000101370619591605,7.976410156401819e-05,0.0001428986867222405,0.0004631567476769833,0.002071760212158175,0.008503368387832598,0.03170465483045289,0.12006912000674122,0.4151266198708448,1.0693908911041947,1.8654799564025297,2.2880319758437633,2.5951996372808184,3.0176193069105146,3.4403801835833945,4.279830163614654,4.622365653819488,4.580725286636536,4.385251837725661,4.153868721657383,3.9593307498378527,3.7705411336023573,3.5663889076613104,3.371240147146095,3.1747097054250455,2.844665589726828,2.5532351835962475,2.24962538470277
luxO_D47E,241010_105227_Plate_1,H8,0.0,0.0,4.222058902423509e-06,7.877662082767521e-06,9.532458059114229e-05,0.0013296895987157812,0.007938980372409537,0.038109135106757924,0.15362634450083865,0.39522328809405316,0.8842870064570761,0.8324036733899741,0.5056665641751651,0.32218832845115297,0.25604962326553415,0.2366086129880611,0.2597371672237403,0.25624901069762857,0.03624878964089643,0.02643510929855861,0.025320582774707976,0.021386896255432573,0.01410317719173253,0.009535959076109646,0.009787469194467442,0.007358159312170539,0.005034164568739682,0.005995475888532317,0.01030538095848714,0.004913896375623289,0.0039809448985443155
rbmB,241010_105227_Plate_1,H9,0.0,8.74535788003055e-06,1.3365349396250469e-05,0.0038505714395245466,0.004703359190835946,0.011578648341185254,0.050191870374650685,0.20894843196884674,0.6212255383278635,1.282645359970637,2.0604191909149447,2.4537731967541947,2.3748235581410593,2.2960899994880415,1.6055974919576959,1.7353697257092928,1.6208845973998693,1.3085126257132158,1.1445125505043263,0.9732076217257025,0.8873283770377954,0.8529964079116993,0.7300278506264236,0.6667787517833635,0.6437284838990663,0.6075799316851658,0.599708160807501,0.5219330849735544,0.4385940538260882,0.3124375313229594,0.2481500783218102
hapR,241010_111308_Plate_1,A1,0.0,0.0007389833985990122,0.0009164163777848127,0.0008101622842174165,0.0008882958882674558,0.0017591518298682965,0.0034862796198657383,0.009556481656537235,0.031989642964049214,0.11141864537184133,0.3747477022155155,0.9477473032308243,1.6921614245538954,2.3323801974325304,2.552994626611863,2.897537299683621,3.385769668624102,4.399296366362202,4.580232669803905,4.61925988057656,4.566735262849113,4.417971800860208,4.18031995837234,4.0014116365804755,3.8442841881439676,3.639967243867492,3.494043049816325,3.276905762502184,3.0526855198874743,2.8854049884100217,2.6075443502731837
flaA,241010_111308_Plate_1,A11,0.0,3.330865228742271e-05,6.19234205337308e-06,9.50662409817516e-05,0.0003060159706313606,0.0012064292565756628,0.008675345565376035,0.04911759384275216,0.22268758632067892,0.774059877213198,1.7988741613792585,2.8201297135992403,3.533663059340601,3.614920225946285,2.97397249250891,2.2595744256643826,1.5809443133695553,1.1007013521528695,1.0519657911572164,1.324961654159752,1.480882305047409,1.48650774049319,1.4136259963218563,1.2945427988146674,1.2294601969735863,1.1051971662410647,1.014337582763304,0.884281087832356,0.7990109933508055,0.7411566039051178,0.6355979654616063
luxO_D47E,241010_111308_Plate_1,A2,0.0,0.0001709900780066518,0.00024364017991309472,0.00019051820241475012,0.00017893663756255875,0.0003868453912064298,0.001126939451500789,0.0038408568028526937,0.01118886109254594,0.03595251198143581,0.11365903542815889,0.3542147758981647,0.7580210061159053,1.4065601615628502,1.501001348960184,1.0801240662448204,0.8873458988420513,0.8115302556145759,0.8126096522584356,0.8789241305666725,0.953450851147487,0.5826304540368876,0.388356345876487,0.3729887672012556,0.3569408877565076,0.3467002625713982,0.33767780404477116,0.33770743060692915,0.33013760990566005,0.31383967692612935,0.2884954370405912
rbmB,241010_111308_Plate_1,A3,0.0,0.0001071777334093011,0.00021605880688676293,0.00021283695503449565,0.0001510230390896531,0.0005771454270950586,0.0027470544270557055,0.010218464784123702,0.03610224649914149,0.11561602033220357,0.3408328189078269,0.7028001706007351,1.3263991108798958,1.7494644790595597,1.865620197713693,1.8808188916092008,1.814529759727731,1.4488741150529234,1.7157293881891293,1.678269910757575,1.5516143512187286,1.3467647975945638,1.257426668493991,1.251962206265172,1.187577734632595,1.1325069044874483,1.1122664117329601,1.0590417243606602,1.0420642998247103,1.021308251386981,0.9411419174119036
vpsL,241010_111308_Plate_1,A4,0.0,0.0001347117306870263,0.00014739952996951986,0.00020828864241064806,0.00016401646010218225,0.0002599303217086718,0.00019229916006313784,0.00017508757868275502,0.00022070019239222514,0.0006136289667804021,0.00157410739897684,0.004780370195625524,0.003999307281264757,0.003571571950988186,0.0011875763970902854,0.0007332768746507107,0.0005570235074663179,0.0003819316620235952,0.00035376027902135734,0.0003773668173768007,0.00033411009718979504,0.00031470484610596954,0.00029103456048404987,0.0003103242345369015,0.0003534139224402824,0.0003967520588276744,0.0004517619104189258,0.0003893487621439524,0.00032890486403600283,0.0002869487833662904,0.00035178365899620753
WT,241010_111308_Plate_1,A5,0.0,0.0001876332440317173,0.0003112110250881766,0.000335039702470401,0.0002844516453759306,0.00046816894672465183,0.0010517714462596295,0.005099035638264497,0.029601917940929406,0.11540097027966359,0.33858646341280846,0.7589752422381427,0.9551755450786207,0.3238231729776383,0.012752316304569002,0.000997958975919369,0.00060127221590725,0.0006671512573165916,0.0006190299626266297,0.0005335434537993833,0.0005811281599532852,0.0006245869827832738,0.0005800028856082056,0.0005581604184294912,0.0005244959497930087,0.0006362344349696369,0.000600893022662474,0.0006441675321621975,0.0006223799042181773,0.0005608018972981931,0.000587670815037885
potD1,241010_111308_Plate_1,A6,0.0,2.8184852053295686e-05,3.2003328028190045e-05,4.7727468732318705e-05,5.781621331308665e-05,0.0007507338081046579,0.004567898255887323,0.022575380174979932,0.09770180791344509,0.3520834891680425,0.9594094683825932,1.8022901106837856,2.620950403088229,3.763058654413906,4.783333854998055,5.348433777315409,4.987014463520731,5.496668241320861,5.6233051421444875,5.572748985434101,5.470388544407112,5.419902006773941,5.3768879836390155,5.3570722943220614,5.358701086469596,5.2927719541007585,5.255802953434141,5.158696712984898,5.098551046685723,4.995103919409286,4.880417022842457
vpvC_W240R,241010_111308_Plate_1,A9,0.0,4.380509915852497e-05,5.056378404540661e-05,6.611454917150714e-05,0.00013442352375786192,0.0015870198986796375,0.010478590681268886,0.04516312927246803,0.18111506597138338,0.5416092017505001,1.3208434951426766,2.416139638191044,3.407885462573786,3.750187083505783,4.082173578146024,4.4524275595270595,4.758876559481158,5.009460429789544,5.241253836961297,6.221590425443019,6.910418361569049,7.314195633995786,7.570754305801226,7.723392627861085,7.937418122991906,7.948809970842902,8.043635969162711,8.12946177903535,8.198507318108474,8.240050445965517,8.350196653899664
hapR,241010_111308_Plate_1,B1,0.0,0.0019677891695590614,0.0019531016843342885,0.0023291884870962104,0.0019974686983925062,0.002184759665347193,0.0035317315144912853,0.008731904210709282,0.03149172478247365,0.11076755652636668,0.3855030337444997,1.0048341440221393,1.8219370690383818,2.5689570571661613,2.7660388338272335,3.163857355264634,3.6089307783609423,4.391814823453368,4.609575004221096,4.600318943930094,4.465829733469407,4.207710551051339,3.9490726028484873,3.740143077040187,3.5728059675230375,3.3021953437212397,3.0697252738950525,2.7601393359622124,2.5414327102562,2.290567287291639,2.0495916521643758
flaA,241010_111308_Plate_1,B11,0.0,0.0003343019810095325,0.0003871358786452321,0.0006253489137599464,0.0003780850240953719,0.0010673025862961922,0.0030715431945251663,0.012563326926389564,0.05045626905070394,0.22239657055266435,0.7643976721998818,1.7005580470338535,2.6504089699321254,2.724451500196859,2.0435699698093712,1.5210224847758949,1.1009943407957907,0.7926473014272323,0.515959286633234,0.6668475683351934,0.7559205965500005,0.8081778395697555,0.7805973158827905,0.7397143320326593,0.7011139310110027,0.6281817949331543,0.5934970824614548,0.5349001564025841,0.4917816043361617,0.4538714219602475,0.42653371570417
luxO_D47E,241010_111308_Plate_1,B2,0.0,0.00031130621797435196,0.00027512844046098645,0.00038355677592977807,0.0003476111623228041,0.0004939120818531866,0.0009572669596724933,0.0028562005546049524,0.009021670045435547,0.028432296043032247,0.09414983055603006,0.2971971261705263,0.6754399401321635,0.9358660152101828,0.6448172433390933,0.44073152000168087,0.35429280142879616,0.34135302255059413,0.3649932535968167,0.413646395235351,0.4216615707117413,0.18412594058744344,0.116637855842769,0.0966503391530101,0.09917801992201,0.09453722962287556,0.11461219482883712,0.13312664942217023,0.12981977000528072,0.11958375934113948,0.11480576395188467
rbmB,241010_111308_Plate_1,B3,0.0,0.00012127370392306943,0.00012279069759665452,0.00015493966391922704,0.00031142285166375043,0.0021070064583300083,0.011819772443508883,0.049751487244294394,0.19088507689485457,0.5064074288604612,1.0249917760305467,1.6864326639646965,2.0513092571212685,2.0603723100569926,1.8359029501871171,1.6513814983387203,1.4640359596578014,1.653051821174968,1.4526849068472492,1.2392189056645413,1.0314571211696506,0.9274383951871995,0.8631040145141174,0.7903848486105175,0.771942882122654,0.7752446053139399,0.7319636756111302,0.7199228522315093,0.7011235278770743,0.6215202657757873,0.578084849936217
vpsL,241010_111308_Plate_1,B4,0.0,6.522971811971562e-05,6.58958476284619e-05,8.088433337459047e-05,5.075754042437751e-05,0.00013555093817063684,0.00010393385223519447,0.0002692207167107611,0.002082826569088125,0.009156961112510846,0.003776025592088705,0.001766099894026941,0.00040701562955110525,0.0008032778201955946,0.0,0.0,0.0,0.0,0.0,0.0,0.0,0.0,0.0,0.0,0.0,0.0,0.0,0.0,0.0,0.0,0.0
WT,241010_111308_Plate_1,B5,0.0,0.00019116438916766003,0.00016762200602909736,0.00016287832528779573,0.00020374679680386742,0.0008579071945014528,0.0036858666801498365,0.017518658356451278,0.08182629085842567,0.2612006792680754,0.6009392347492711,0.8153106517599156,0.31352302047203945,0.011694606571717373,0.0003219764818124445,0.0,0.0,0.0,0.0,0.0,0.0,1.0923461934845095e-05,0.0,1.997368382719285e-05,1.0572893433037174e-05,0.0,0.0,0.0,0.0,1.056207204698123e-05,1.0492006230634329e-05
potD1,241010_111308_Plate_1,B6,0.0,0.0006934759625290588,0.0005635372047599146,0.000701373547973299,0.0006774845741837573,0.0018604289285016132,0.006948264789990775,0.03324122744836615,0.1572564209537121,0.5585948521716543,1.2481954196128329,2.0769345614600376,2.889032202522353,3.9165288609132314,4.44348903178036,4.255238378218524,4.107684188231744,4.442607992661017,4.384945206151182,4.246457412955898,4.051286850501036,3.9469753365070104,3.9316422196093863,3.868032118096961,3.8756539023169587,3.7766732300750205,3.6422104360749485,3.4827559984052874,3.238394776183925,2.923129165464649,2.4452168717224687
vpvC_W240R,241010_111308_Plate_1,B9,0.0,1.805572573265813e-05,4.79422345571179e-05,5.486227386052001e-05,0.00029885022146182634,0.004308897499332987,0.018871145026292144,0.08389861203582849,0.29248442290911536,0.806088999744829,1.914288079068479,3.1599628333217264,4.09632531079868,4.536147007770515,4.86148009882292,5.348015795343655,5.62994898230481,5.848636815541372,6.220970541459628,7.313544250891003,7.979476472146612,8.351193189797442,8.65276450733395,8.806065581608225,8.94900070298298,8.944662384501742,9.106605988409596,9.165156234241863,9.18529226494197,9.202699040559306,9.266666332745515
hapR,241010_111308_Plate_1,C1,0.0,0.00015694276728210726,0.00012625258479180538,0.00015595394231574314,0.00012888014653277582,0.00025809087333508463,0.000803878242938381,0.002836856750214831,0.01165770244185277,0.0433969996181247,0.15206254353412854,0.5025163845275585,1.2450128045642181,2.0790481458176924,2.5280543445669634,2.841999667272418,3.2885584311035543,3.7927396545438916,4.6461070298151625,4.918126754440141,4.934043106661873,4.767917676723004,4.55710629576219,4.31670138993844,4.154214676975765,3.8878554314050797,3.6584870553177757,3.4182634533540934,3.133959272017798,2.8909264968183455,2.5977903898574275
flaA,241010_111308_Plate_1,C11,0.0,1.9980859072912784e-05,2.0957565237180628e-05,4.6476187870106055e-05,0.0002272748949905634,0.00230391569203314,0.010108503424536744,0.05187996714187989,0.2334425098992586,0.7262466185171406,1.7491755030435672,2.748014782434009,3.2865240292506295,3.0882253565962685,2.594707354833764,2.0676040000623908,1.5134026399922462,0.9997979628408593,0.8198786596942722,1.043151554529639,1.2489434401494854,1.1939265798365315,1.1103166763082335,1.0515331630971716,0.9594162229712567,0.8596175098527582,0.7834454115997701,0.6520244563202257,0.5631198246821991,0.48299995023924625,0.3975882434656652
luxO_D47E,241010_111308_Plate_1,C2,0.0,5.319254957445569e-05,8.869401553824294e-05,0.00010831057155614152,9.846715631071863e-05,0.00020256792713844155,0.00035310528455233866,0.0007369216105672976,0.0026632112561486105,0.008288361805417676,0.03189704156609875,0.12103294630733862,0.3545949054225575,0.8438189951085032,0.8605444935504372,0.4951718995791904,0.3244780270047145,0.2697786992360634,0.26679369937598285,0.29195955793139916,0.3085548934434728,0.27223067511033905,0.071317093865257,0.0384230295359785,0.0328332195296141,0.03346767336138406,0.036903741977332406,0.04605113029953334,0.05672903083544265,0.0673688428477722,0.057789177570382405
rbmB,241010_111308_Plate_1,C3,0.0,0.00015480768193182573,0.00025773954778432945,0.0004297906780420646,0.0002817846127614034,0.0005088934920004973,0.0014995193520811298,0.00722607901540947,0.024400941515537563,0.08447388898319415,0.2552573635169912,0.523644670990054,1.037079547145235,1.2895506227753737,1.2249708699655926,1.0612734137042539,0.9118345597261093,0.6359466627417231,0.8011964037304863,0.8149989709632174,0.700253757551689,0.5834657492092425,0.5448199051876167,0.5021399064936711,0.4847640882930906,0.49390961408762535,0.49044838897591775,0.47894246882904673,0.47086849499272576,0.4651321171000737,0.4463665255626872
vpsL,241010_111308_Plate_1,C4,0.0,8.197314631630991e-05,8.124010625352512e-05,0.0001248596013534563,0.00010445063845736062,0.00019297579596672617,0.00013723110531828347,0.00013503610476024272,0.0002291740445651403,0.0007679844925344623,0.00432782546181905,0.006142581466828453,0.0037420911405370264,0.002740183672842557,0.00015715718868976176,0.0,0.0006803235746130318,0.0004333016129137091,0.000602936720434451,0.0008073157935512083,0.0005773381000647586,0.0006656359556340281,0.0004264275148447865,0.00044692792550859057,0.0004094819973806324,0.0005969155062192548,0.0005296396693759817,0.00031864315249638235,0.0005339952421530137,0.000584566446214383,0.0005110840117918008
WT,241010_111308_Plate_1,C5,0.0,0.00018005949764376945,0.0002247035769037123,0.00033600489975186567,0.0009620779321673917,0.009385801895034124,0.047485717991423024,0.18603340967518614,0.4540644493786597,0.7985212522341397,0.3971460586658178,0.0027425455719299915,0.00010321375958196674,4.6333736270276225e-05,0.0,0.0,0.0,0.0,0.0,0.0,0.0,0.0,0.0,0.0,0.0,0.0,0.0,0.0,0.0,0.0,0.0
potD1,241010_111308_Plate_1,C6,0.0,1.66079873247803e-05,3.8142332906882584e-05,4.4122277254115644e-05,0.00010835589417730283,0.0015116756053620707,0.01088582416302367,0.06078343991095703,0.2603722523754804,0.8620124462352402,1.7364478516879585,2.434005993345964,3.347526324521997,4.356451542329442,4.833188403889932,4.69770807457782,4.844250547561608,5.324136318104511,5.197432874550981,4.940212253056512,4.655560778859525,4.498254768524684,4.499872191562587,4.4789964999652625,4.450295517085532,4.418348319020365,4.33311677919589,4.10494610536973,3.8018432350115967,3.406093423387363,2.66951462491402
vpvC_W240R,241010_111308_Plate_1,C9,0.0,0.002858878046800341,0.002940812143568921,0.002882605177970419,0.003352132151465158,0.008883378870959776,0.02587949756700009,0.09695570006229533,0.324958271570982,0.8411029816945981,2.05584138548317,3.04595514073972,3.766172854173384,4.218904041377819,4.687810261486665,5.0965926172359834,5.405370278351123,5.665498850580926,6.3669668959184,7.122942465457326,7.595283159831688,7.822513875799765,7.934963732853761,7.99168248200147,8.059471533828942,8.07435102325226,8.06422850305309,8.073038559860949,8.08586164486035,8.04199721232497,7.933101539573199
hapR,241010_111308_Plate_1,D1,0.0,0.0001423879595667369,0.0003296980801272972,0.00018395603258785295,0.00011436345877322945,0.0005898314140077225,0.001115108221001085,0.002673327088636233,0.011822795957899769,0.04149874552812408,0.1699649788928509,0.5413828895917131,1.29383376763634,2.1512276133993624,2.429692887537262,2.6834108201084246,3.0243623927102106,3.3790719255087023,4.310507632765304,4.498998107663253,4.349404700671233,4.125566727648611,3.9493025263715102,3.6859636519672834,3.5338237650491013,3.3071928699297715,3.0447413210937437,2.7687988523831253,2.524132269252478,2.286541953710851,1.9809130678238933
flaA,241010_111308_Plate_1,D11,0.0,0.0004678452414225902,0.0006734435913579469,0.0008341753150561753,0.0019925229350713563,0.027881669331661665,0.11508180593374313,0.48762769950086193,1.5189171263034444,2.5350831962811085,3.1314991973248376,2.2900976761867335,1.2348718931582905,0.5758940893872977,0.2721887565343557,0.1170932488729238,0.08006662019589547,0.14005959266500437,0.19562808886500138,0.2481499980692716,0.2009920147261179,0.17195643226221435,0.16596535287525374,0.14830368181997375,0.1478295565097728,0.12674483380030163,0.15321416077499597,0.11233127724053821,0.112923895423948,0.10268753031109472,0.14804404479454275
luxO_D47E,241010_111308_Plate_1,D2,0.0,0.0002524782983586106,0.00028594768644923555,0.00045038607427298603,0.00041032076347528076,0.0007099029549660442,0.002508826772603547,0.009037134709619322,0.03290888429806904,0.10888243777061764,0.32974785007663804,0.6685099327946991,1.1056013715270303,0.88179135313868,0.5959082699829988,0.47019806528545405,0.43164309388834354,0.43337743818724117,0.48990748686590924,0.4873822939256052,0.3742493072001066,0.054448003568674345,0.05320697429949374,0.05332581225861846,0.05924161677070738,0.06288974135073563,0.0761673098515195,0.0723267109268241,0.06192283201511456,0.06744896831982972,0.05862693850198508
rbmB,241010_111308_Plate_1,D3,0.0,3.6303747248085065e-05,5.157531245493414e-05,6.315297904006413e-05,7.71516674265695e-05,0.0011315539055918472,0.005984986881740312,0.02522537785065185,0.09112858329935895,0.27182564723585284,0.627858544395478,1.195527684858257,1.5333470008793855,1.6438641761731037,1.5915595172784727,1.4693522890758302,0.9520552929401919,1.255751731136775,1.2442216482880808,1.0780818397693839,0.8817380855161995,0.7833586719809916,0.7191676758435003,0.6792410347447444,0.6873054117149938,0.6673669360140171,0.6937799190189188,0.6766423237913924,0.6439873652130923,0.62400709131494,0.5536658081293745
vpsL,241010_111308_Plate_1,D4,0.0,0.0005602683851094451,0.0006063627681834158,0.0005755411788489057,0.0006016701347443606,0.0008416418106140266,0.0007985948170611686,0.000950895409687851,0.002850507640149651,0.007303870141751132,0.023120392552505902,0.013119537876902792,0.00782786444630092,0.005488918253670486,0.0012671075322225264,0.0005127050461939394,0.00042703419059787035,0.0004631853042052937,0.0003674693787974925,0.0003474323396037201,0.0003740579985235623,0.00038571708732801894,0.0003607999247019411,0.0004067196247502758,0.00043474666018646,0.0004632572439184163,0.00040253761815105103,0.00038684255561673343,0.00040841729363904375,0.0004567611353061911,0.00042325023658998715
WT,241010_111308_Plate_1,D5,0.0,0.0001218163381503689,0.00012339244450632744,0.00013282980865739725,0.0001235138331586366,0.00027518811491113,0.001196944744058179,0.004346106990106875,0.02092353281065477,0.0792027016181148,0.2518023713524464,0.5425895533863329,0.8363616617154729,0.5033266676587237,0.06725030984829407,0.0057182274435105904,0.0005786805578423621,0.00023330380676175148,0.00018943902646537147,0.00021705463388711787,9.1732015512342e-05,5.8547140059022255e-05,2.3681380535377923e-05,0.00011342713234251775,9.047481936926507e-05,0.00011388504663992617,5.594007882903131e-05,0.00010044719375646954,0.00013852264954787135,0.00010038864284186611,0.00011149192931498516
potD1,241010_111308_Plate_1,D6,0.0,0.0012524148974598617,0.0011685273870252028,0.0014914428034758628,0.0028401879662140433,0.01659347699703444,0.09108833665126262,0.3839099205380743,1.0927522713297089,1.9612504602242748,2.849667061685173,3.942479923681508,4.550740263139575,4.354897318165669,2.805138138130377,4.032892834904972,3.831993511860911,3.204080195107854,2.839401023196181,2.74785628367032,2.61763851457539,2.643054827928282,2.502422352516646,2.42942136644841,2.3058585391149724,1.8192313547002608,1.5338678398547496,1.1102865147291519,0.6492939974493764,0.32199598986703026,0.08931953726246929
vpvC_W240R,241010_111308_Plate_1,D9,0.0,0.0001243572070865416,0.0001538566224725736,0.00013437672315244847,0.00024066174738575442,0.0016403312587936006,0.008451374774402068,0.04091825484083556,0.16207170033484744,0.5332543105906022,1.282343075408664,2.028063908691114,3.6181679793053783,4.189362413156496,4.803371241952829,5.476131616699024,5.908299562189661,6.170811634815198,6.5853661544016635,7.766704655422594,8.352223164252962,8.644295858200618,8.785842610657992,8.924100346576022,9.033843017995357,9.034436886780828,9.079562889222636,9.099904901438423,9.143190445662201,9.159362000956609,9.146750983290397
vpsL,241010_111308_Plate_1,E10,0.0,8.248988572449523e-05,0.00017201951744524738,0.00011642634358963796,0.00013462102525529975,0.00018752934374510633,0.00024452218206290143,0.001804232288994463,0.001426998008685122,0.003963256904656383,0.008832051353599437,0.003355191645744173,0.005478213166918363,0.0009597874578392906,0.0,0.003749600036186093,0.00380314426241616,0.003865093337011389,0.003836136883550522,0.003719809959480758,0.003723897890041636,0.0038126849517106476,0.003743700337689725,0.0035920444404562773,0.0037306537493703887,0.003748661148361858,0.003653834013131085,0.003659180704759542,0.00365845709437004,0.0036375369963680365,0.003621739886043207
WT,241010_111308_Plate_1,E11,0.0,4.378619299797855e-05,0.00010451710093472542,0.00014061756181488357,0.00018399488150423575,0.002054683876368428,0.007228447134068644,0.03150683700425884,0.1296314239849522,0.3448260180346263,0.802547187708967,1.097827843132007,0.5622628613244285,0.05037092315101199,0.0016966645282476779,1.8763214055931187e-05,0.0,0.0,0.0,0.0,0.0,0.0,0.0,0.0,0.0,0.0,0.0,0.0,0.0,0.0,0.0
potD1,241010_111308_Plate_1,E12,0.0,6.02917660456539e-05,6.426357787092259e-05,0.00012612099069167384,0.0005957515100243118,0.005667220936304556,0.028073773177109042,0.14197618379129864,0.5158573659092414,1.3072725233608555,2.2118019620087686,3.0203060281478398,4.209116575527207,5.289096722219512,5.445075890583215,4.831863568232259,5.383321562148266,5.506438586629909,5.428226870108989,5.446298404254203,5.406364741058322,5.351047334988398,5.348878510133357,5.324645587338897,5.332952795115458,5.2463338226532175,5.236627946883492,5.034536673010217,4.856166711997973,4.648016371462139,4.260489569326075
vpvC_W240R,241010_111308_Plate_1,E3,0.0,0.00022436186159445172,0.00018567409230913103,0.0002380575190703752,0.00019681384687332174,0.0005409360835831862,0.0020754537014919467,0.009370749193881712,0.02689852892011341,0.10821449589204182,0.32340798646931057,0.8017091505748775,1.7691142462530058,2.815484295403715,3.672651762130835,4.094992918026957,4.361669294879252,4.627358030490127,4.870549638838846,5.052675753042068,5.154499505217324,5.330152249027584,5.9704521438472975,6.561321825072858,6.939623196636811,7.090963835147883,7.3674224614357815,7.381081443501576,7.430612641540103,7.529329282930123,7.497062412252958
flaA,241010_111308_Plate_1,E5,0.0,5.19523856951494e-05,0.00017903428483887222,0.00015522998416524065,0.00014366249025814644,0.0006002597632559865,0.0027483896286662796,0.01691568358293812,0.07646064625544129,0.30400651394250966,0.9205060471506933,1.9029387650629295,2.7295308839947396,2.8716010167578654,2.1278432274461228,1.550038659500886,1.106570019667654,0.7995605894858264,0.5280943733071252,0.546125145850455,0.6130713453915234,0.5603203486281737,0.5065793966752085,0.45733890676996414,0.4261449724073033,0.3472442410287188,0.3356189519184261,0.271598238292372,0.23965867090608134,0.22051478896497778,0.1795047787217026
hapR,241010_111308_Plate_1,E7,0.0,0.00041861493021432217,0.00045079920765386854,0.0005093568166565481,0.0005645985445825945,0.0013158945217199838,0.003845854797201034,0.013261608945945533,0.04933463282070654,0.17524136260980308,0.5419515457046462,1.204833501723176,2.0934416392428115,2.4812160873375,2.6422642735461834,2.974121294090854,3.2975216365058655,3.8624249401037063,3.9615383634198733,3.8315515878818136,3.6336137172654723,3.37701986809729,3.186224807799872,2.9730509258575846,2.7831515507678013,2.505698929912511,2.261462901651329,2.003680445509707,1.7329137973974924,1.5238409539307167,1.2916121767371842
luxO_D47E,241010_111308_Plate_1,E8,0.0,0.00022349498036045525,0.0002510150605104489,0.00020236645982805573,0.0002616317691544645,0.001719385225706886,0.005883427294171205,0.023818676578375338,0.07603290022482623,0.25836529689074844,0.5732803979600779,0.9074142499012918,0.7132312618107337,0.45546706312163804,0.3172808455909043,0.27018818781415216,0.27600207628364654,0.3182817151257665,0.3164167464449118,0.22586232324508998,0.015732709000164064,0.007085371972014073,0.007728513408593448,0.007769707036644988,0.009990513467236319,0.014323200226579666,0.02189093034921885,0.01776734692930694,0.016343186717263015,0.015826347662175628,0.0145847934076385
rbmB,241010_111308_Plate_1,E9,0.0,6.129882171369808e-06,2.7158488962012205e-06,9.906426194857719e-06,0.00012668832263772038,0.00234069703551372,0.011598604472444715,0.05009759638004206,0.18067360344438324,0.4989276648828984,0.9912820984639992,1.5160594002818355,1.677691423708666,1.6490147172218557,1.3934073055070149,1.1910821623609031,1.0897738989917727,1.073624613776821,0.8440387867485308,0.604749357772442,0.4641942792465521,0.3878604186266393,0.3562877658467224,0.3052266467881872,0.28196572267783687,0.33672313322128306,0.33523732434664666,0.29016709741914876,0.23127228062479194,0.2214773914143619,0.1415641271319754
vpsL,241010_111308_Plate_1,F10,0.0,2.9035254766037692e-05,3.4356860788477994e-05,6.14821051363847e-05,5.660869616647347e-05,6.730374466356322e-05,8.446708758054974e-05,0.00029287864344173994,0.003499532992226141,0.0036329307681621822,0.005528411464183811,0.001177707207404556,8.008430919294015e-05,3.4761500775694425e-05,0.0,0.0,0.0,0.0,0.0,0.0,0.0,0.0,0.0,0.0,0.0,0.0,0.0,0.0,0.0,0.0,0.0
WT,241010_111308_Plate_1,F11,0.0,6.824921319596115e-05,9.155247720812231e-05,0.00010536036117153408,0.00010945370877876598,0.0015396549841657633,0.005229298215026799,0.02304655085421896,0.10573973498452188,0.301078520135665,0.7096578837763649,1.2159309565118253,0.9630773437811364,0.18495270892757454,0.012005066861058006,0.0002972776060912959,0.0,0.0,0.0,0.0,0.0,0.0,0.0,0.0,0.0,0.0,0.0,0.0,0.0,0.0,0.0
potD1,241010_111308_Plate_1,F12,0.0,-3.0309234390015674e-05,0.0002084635728816111,0.0004702739908746594,0.0012682590223968744,0.005120661022326361,0.019896716292528333,0.08325196383082177,0.2928290473728994,0.8194035646658968,1.7528431778107638,2.600981431422593,3.6043113753633387,4.85968846089919,6.148024595257434,6.6618024172608,6.327456564863512,7.077936173052227,7.180445415661161,7.157028393675568,7.2290142520079215,7.215739813356142,7.222468988715818,7.230592886318845,7.227154399426401,6.968320568152305,7.0065649154111425,6.751464833494339,6.524349748058928,6.297843645637085,5.79328429898582
vpvC_W240R,241010_111308_Plate_1,F3,0.0,4.2301544441295724e-05,5.946414167844465e-05,6.670001819127205e-05,8.750173032345165e-05,0.00019249480906447688,0.0007458267666333714,0.003393768639775411,0.01345536264983182,0.04277912395451127,0.1335283200654593,0.39563977201842127,0.9722867907226477,1.6928677806476033,2.503449585010431,2.9485855382097137,3.303743348313273,3.6804135201535337,4.03265889875502,4.353616621404211,4.728915946131347,5.62831450560246,6.067541999403248,6.340932303632888,6.535749353655319,6.559227902587156,6.746996773409069,6.794104344782572,6.854625459208056,7.030030757691038,6.97849926512848
flaA,241010_111308_Plate_1,F5,0.0,0.0001484232581024534,0.00016901817281814334,0.00034220698981359123,0.0009460806251973702,0.011794980428029005,0.05993595972816153,0.29578367833484004,0.9751040560893909,2.0272491447932115,2.89645021217148,2.0084517264365678,1.2232483161021541,0.6945455951140582,0.3798871617262324,0.16701994479698165,0.020801205203644264,0.0030181564639020562,0.004200950210955849,0.0030401681301829376,0.0018879148879472885,0.003213218551675609,0.003286858414828033,0.0016336614703124717,0.003034490931849774,0.0014078789782801312,0.0023487237606679536,0.0009570726482134639,0.0008266161946933831,0.0005274776659867192,0.0001619417313486221
hapR,241010_111308_Plate_1,F7,0.0,0.00020299193473830124,0.00026267732597789095,0.00026920348247810166,0.00030507420709116026,0.0004940628496223265,0.0009073420894936881,0.003025447340154655,0.011648900744684344,0.042411507138424995,0.15655691976434094,0.5009130993118686,1.226702184731159,2.1418115161710154,2.4474256890925674,2.6861071047732628,3.0188767304357844,3.3512474341044634,4.032245999444042,4.207268760826473,4.145915962592871,3.947424750723041,3.7737984503889637,3.571972946172609,3.393875843791527,3.156777743819839,2.959816880983556,2.7127003216043857,2.471095372820448,2.2060997516344156,1.9651870478728197
luxO_D47E,241010_111308_Plate_1,F8,0.0,3.061518849931522e-05,0.0006585640350575134,0.0007790819473231114,0.0014156658152211354,0.009383579568486698,0.02813010510902081,0.09624410080273368,0.3148079706180409,0.6619187918013757,1.0077798803277211,0.6651303646409935,0.3542532569904124,0.24506476947622005,0.19163458879118228,0.20713121354844535,0.20124366662396054,0.1426808679571196,0.03860703523151231,0.004486975274227696,0.003858798862902338,0.0034906071711313844,0.005480622415003558,0.008132491981137784,0.009322782920345433,0.00967930281665999,0.009482976350141158,0.008484614038338324,0.008202580535703947,0.00945934465261487,0.009516781394474379
rbmB,241010_111308_Plate_1,F9,0.0,5.16435498509438e-05,6.19556586472483e-05,8.321927429677478e-05,0.00015777346130891709,0.0011479020833482384,0.005381209984104076,0.02518193848906247,0.09954314222168885,0.28648742489743473,0.672773549537945,1.309579181950903,1.707639129775189,1.896109207152917,1.7888678067296784,1.6259549527871597,1.0519272699386997,1.3091412037216197,1.3321435875912326,1.1614274449373019,0.8701557382017571,0.7630120452442357,0.6938879255604202,0.6560852347722184,0.6390910909573982,0.6170350851489536,0.6128109927809567,0.6128427594108101,0.6005027278165281,0.5425387936556829,0.4671364510018787
vpsL,241010_111308_Plate_1,G10,0.0,5.48854601564572e-05,0.00021436981864758435,0.00011330664653126759,0.0002183522773096376,0.0002863851564124415,0.0002646481611325517,0.0010484376889300282,0.005744744888569873,0.002938428308787609,0.002543076884140295,0.0007522887679167014,0.0005427806213052614,0.0005231234307519968,0.00027937997919717664,0.0006266149644331129,0.0003997010721119147,0.00047285344121875296,0.0005678729150336488,0.00041932967938602294,0.00046507894979326645,0.00044770628819253665,0.0005054011021529757,0.0004359436468624695,0.0004115109754994921,0.0004054650301269911,0.0003885879413273969,0.0004035534347212232,0.0004374429649144331,0.0003783106875461387,0.0004830372208557037
WT,241010_111308_Plate_1,G11,0.0,0.00011379546474373967,0.0001435434155540329,0.00016445694622329638,0.0005712652567164113,0.005488780085549903,0.031728747980076,0.14260835978851535,0.41422256833606413,0.8774958360113496,1.0996404135928826,0.36320071951973926,0.025551988294609942,0.014465683927424927,0.010377870401499062,0.008978444021844546,0.009037324640627285,0.008128110861302638,0.006752596394288274,0.003337176087744615,0.004351600610758044,0.0039325738847051485,0.00302878785207292,0.004400959600224209,0.004674981224423988,0.004924076410141772,0.0050713251054650375,0.004067209622925854,0.004942739137987838,0.00401567451899906,0.002598247494941739
potD1,241010_111308_Plate_1,G12,0.0,0.0008759381342375714,0.0008069657587287819,0.0006913518115871583,0.0012704273122349922,0.005719382812557636,0.022631185783992865,0.09241624865624891,0.38324989690997147,0.9687408323056259,1.9190843051594142,2.7617387690560506,3.8991892967969535,5.069290034840956,5.610360006409336,5.140508143887591,5.723268239212838,5.999102366996378,6.070168932499332,6.060394173300662,5.986161243888154,5.907738463190777,5.859843480659602,5.778498437524176,5.7360952699620515,5.633660662213993,5.596835848608351,5.503052999535811,5.467742216947538,5.248670843453692,5.066497246498479
vpvC_W240R,241010_111308_Plate_1,G3,0.0,4.6600014193274486e-05,3.393368915256183e-05,3.788885526378734e-05,7.311531249715032e-05,0.000475047579062004,0.0024838884299949967,0.01299214232208115,0.04453763296154557,0.14397634456109773,0.4124716652633735,1.0330459208021274,2.0855281370450864,3.0045563336978858,3.800662853923361,4.055815166867355,4.3835906101771185,4.683929382475315,4.965950847228906,5.1876926239438985,5.323534758450761,6.105635204381097,6.763784935708208,7.174652519918217,7.442760200796031,7.576995946989046,7.7174619652602505,7.826617455605665,7.900865766754732,7.940622874365745,7.99251015318266
flaA,241010_111308_Plate_1,G5,0.0,8.977420133206534e-05,0.0001658838029206365,0.00016991070811363823,0.0002871219549691163,0.0005881307958381619,0.002070421867323173,0.01157936459509205,0.05545647703156671,0.22085942680418488,0.7116249403740009,1.5989601388775754,2.6856701297007115,3.18334227036842,2.502798803799687,2.064912129287174,1.7482801522215106,1.4670688368448546,1.0713068535856038,0.7890700445201655,0.7238125590221022,0.7367867863024884,0.6445532793642907,0.5885017966362914,0.5248540767464083,0.47259139661716465,0.4146712870300939,0.3629644426707457,0.31810545380020533,0.2874135659434587,0.20604678774550145
hapR,241010_111308_Plate_1,G7,0.0,2.7767898651576923e-05,3.615160649176439e-05,4.797812081728489e-05,4.564693504513484e-05,0.00020603462948590704,0.0008477903588570982,0.0034817403356524807,0.013486124116639513,0.044154262572136636,0.16543601381851186,0.4867868869664799,1.2778966166316936,2.1946483831506423,2.6244379109063205,2.9152931738437666,3.32523136677994,3.7090465558839356,4.627947217877512,4.8331395835956314,4.799616760689737,4.5267196083096515,4.256218796731473,4.0386936221475445,3.8377518321351523,3.5473118092077263,3.2678474578416594,2.983134657329776,2.6454484936455698,2.3406238050722683,1.9962720661652085
luxO_D47E,241010_111308_Plate_1,G8,0.0,1.131410186670679e-05,2.4468487402173147e-05,3.7159593758027216e-05,3.690519789213642e-05,0.00012098405913592217,0.0008718963488863752,0.005459474533546227,0.022625785456917794,0.08035122244853547,0.23401494456921632,0.5796778628269691,0.9758066670646319,0.7720100267465968,0.5031621165160832,0.388690196436967,0.3356245896592612,0.3445470869613791,0.3858396931438299,0.39336477305484235,0.19667714336156747,0.04742771546916655,0.055421433423054785,0.049425806392241485,0.05677440896460982,0.05760426234607805,0.06077738485692139,0.05782346546748939,0.05502141464451807,0.04988347324432263,0.044403074198884784
rbmB,241010_111308_Plate_1,G9,0.0,0.00011752526166350653,9.899562596495928e-05,0.00012042259231290331,0.00028750492008320543,0.0028766341884689487,0.014923541379285194,0.0724544060911231,0.2714627385686964,0.6030437238192203,1.1787666077908872,1.7072474973869336,1.9829352980418014,1.974946625966276,1.728983964337611,1.428514915418457,1.4666543993602201,1.3654084654627174,1.145896037392277,0.8968355608974271,0.7639804258763973,0.6759757595813954,0.6261215450750957,0.6071681692851507,0.652301193824085,0.5884368923957174,0.6585974067381383,0.605238296363722,0.5099567311332569,0.5052296559797291,0.36320453151532167
vpsL,241010_111308_Plate_1,H10,0.0,4.046259430221884e-05,8.07233802207629e-05,5.560145725513288e-05,9.717682924463252e-05,0.00010587853843770224,0.00015162112113339767,0.00018326996032327032,0.0009163241542425647,0.002491629723620358,0.003637933310154375,0.002431621356039266,0.002529477088321701,0.0016367653709961655,7.630366961490018e-06,0.0,0.0,0.0,0.0,0.0,0.0,0.0,0.0,0.0,0.0,0.0,0.0,0.0,0.0,0.0,0.0
WT,241010_111308_Plate_1,H11,0.0,6.405002586576936e-05,0.0001282193003161525,0.00010025663410361861,0.00014927360062579146,0.0014342635385109536,0.007145064077716057,0.02465579682721171,0.13825618436894974,0.37879303205383225,0.9467964444029188,1.5005299990502754,1.112258052093525,0.22587581904699403,0.02371955131780973,0.0035608833828835867,0.0,0.0,0.0,0.0,0.0,0.0,0.0,0.0,0.0,0.0,0.0,0.0,0.0,0.0,0.0
potD1,241010_111308_Plate_1,H12,0.0,7.844332534725368e-05,6.599574866356707e-05,8.090335991394475e-05,5.987885603433711e-05,0.0005455946096933461,0.004048166765555396,0.02476985106626609,0.11170407690071328,0.3950334908403187,1.0383552950001462,1.8774650711449552,2.770233099001726,3.7893346062091875,4.7156853119902085,5.34524975784737,4.925634245669782,5.610503123436465,5.794027036230349,5.740073522053541,5.545846996960804,5.34196141007918,5.181640244992888,5.097792660196172,5.032832309722189,4.936372436594068,4.881338589493782,4.847665961849211,4.840825770477838,4.7959207300255775,4.662803570466093
vpvC_W240R,241010_111308_Plate_1,H3,0.0,1.495878093774548e-05,1.5939192094210965e-05,3.0115086111148054e-05,0.0004589705545703295,0.005459848109113302,0.029991913177397866,0.1274242049779131,0.45593433352750223,1.2467469281686347,2.451619151741674,3.449966616824871,3.936161641319346,4.370192114476122,4.82953724777026,5.27727819837175,5.579306620992569,5.88434056806021,6.8134090929372535,7.627186553386214,8.08030041144543,8.367461382523718,8.525742795587847,8.699297604285475,8.843557561317903,8.875960192539495,8.952948459109809,9.006269583282632,9.077190757936533,9.124171931561778,9.1803861597503
flaA,241010_111308_Plate_1,H5,0.0,0.00016754170667653958,0.00024815777587780205,0.0002461970659184251,0.0003469312561282688,0.0013329174226944607,0.007803415777931919,0.039883448513722636,0.19961228633205708,0.6955189915298811,1.719425552607521,2.695671000426822,3.5548919958618947,2.9138624048351707,2.0363370091387787,1.2651682296278146,0.7374720092277044,0.3395541752738153,0.30257096990786864,0.41778113977706555,0.5458149697888552,0.5463099273205285,0.5034021317958322,0.4539911520600928,0.43222064465763554,0.3438453453886393,0.30087633055243196,0.2706639917399517,0.22431065378712808,0.19028423282624063,0.15119847782669382
hapR,241010_111308_Plate_1,H7,0.0,0.0,4.343401810785678e-06,6.955751014297693e-06,1.592031736590882e-05,3.1601632640368224e-05,0.00015912709425251729,0.0005532083686594861,0.0032452834534640227,0.010916790942575888,0.03959338574460364,0.14122901928172432,0.4723534010263032,1.207851064050784,2.155070238700657,2.5076992244365415,2.792222896465845,3.188196478918477,3.6505779670096725,4.609468402099019,4.918705508997511,4.905514666740083,4.806984880010716,4.562733336258742,4.375742915061027,4.026207664687282,3.7880410690415585,3.523926821360448,3.2317802282001833,2.9099145818312255,2.5124935110911273
luxO_D47E,241010_111308_Plate_1,H8,0.0,6.202086049098628e-05,0.00010953610807274985,8.453281440964425e-05,0.00017236832841646048,0.001054510732909722,0.005052908151018364,0.01997078202915214,0.0698467001657389,0.23352858743459393,0.5501322888558323,1.0669809073707295,1.112004320317391,0.7741815266862575,0.5794823810184188,0.5102225007901775,0.5046361015167026,0.564781252862088,0.6410683128765874,0.39687495221508184,0.22311822144268276,0.21468558563603837,0.1855728938579855,0.1514634182073825,0.13648384049303594,0.1118972915750488,0.10030011091639267,0.0866299269337558,0.07720713530614925,0.0810784375145619,0.07005129732512924
rbmB,241010_111308_Plate_1,H9,0.0,5.92689741923371e-05,6.018481348749242e-05,9.263185378884739e-05,0.0006275866889210485,0.006540692241260504,0.03484158612148266,0.14262360777084493,0.430688222433509,1.011311125779337,1.8153831785983812,2.5072471351358914,2.8674108310874176,2.923282715321793,2.7570217923469604,2.2140656186135623,2.5923671908088606,2.3277785837476443,1.9888250318479623,1.8276607469668043,1.6699142170722912,1.6255692055850668,1.4988588736886417,1.5487817041154248,1.588318518508043,1.5435525824559828,1.5640815162095394,1.4876007800686077,1.3938466881557237,1.3130684954511127,1.0081656944069295
hapR,241010_113157_Plate_1,A1,0.0,0.001069902367283392,0.0011955899474527694,0.0012429215571631343,0.0013194767275335963,0.0016831659843819225,0.0033588491551898164,0.00834885951285274,0.027007137355654194,0.08884196778082105,0.3006991061964079,0.7974813799655291,1.515700136417473,2.3791677618084592,2.571571016101843,2.7154071059763543,3.032655155029827,3.5703364631567944,4.434353684682803,4.47037470223748,4.362580161192101,4.263401064548531,4.119980348438271,3.887618017645123,3.680672334590444,3.523103831577341,3.378312669616649,3.1746434302036044,3.0205236462816143,2.897733918403134,2.619752299564391
flaA,241010_113157_Plate_1,A11,0.0,5.578164961754197e-05,9.253423995109166e-05,0.00016188047191084172,0.0006675784014531673,0.006369733200923146,0.03688986898849707,0.18603399150609082,0.6694694187705017,1.6093438142126981,2.5711305634192865,2.640131428579271,1.8573801345610756,1.0314719678892874,0.45064230056552756,0.24608825685153785,0.17613102887704385,0.25540884018355514,0.38070116991272973,0.4414473191440947,0.38755398099579486,0.3621519793456159,0.29441412863775546,0.31717626984542696,0.3389726118775945,0.2840420899207263,0.275540049043636,0.2569332304661124,0.24287541334672585,0.3247505512502987,0.2580998549316937
luxO_D47E,241010_113157_Plate_1,A2,0.0,7.528782896896644e-05,7.48578158041366e-05,7.515696382939367e-05,0.00010699792090890793,0.00028311168211473466,0.0010782056961872542,0.004799649530476323,0.015326742170976487,0.04464927561181571,0.14439707518229883,0.42124392312556386,0.8396136952099567,1.1572839394934593,0.8510619873464179,0.616710196121948,0.5310834794220962,0.5092804697415153,0.5478461615402375,0.6063768792547821,0.6160206261842256,0.2598500959209411,0.19352833469482833,0.17319467543076403,0.17232223002075958,0.17757250491182808,0.17518857650255412,0.17295308853880126,0.16186650796912933,0.15833813823347903,0.1589886184972028
rbmB,241010_113157_Plate_1,A3,0.0,0.02774729715615307,0.028227678820507262,0.019343157688415075,0.01755828237860248,0.027704955248028726,0.009887284626864811,0.03949574114337478,0.02291754088582961,0.02714926727655856,0.05271364856943824,0.11273047343055449,0.26281248462827755,0.5181565610132011,0.6389875986211917,0.5702094676943162,0.4095809019467169,0.32341498850330136,0.16284578288340282,0.16923735587642005,0.21081877756978606,0.1742797900679974,0.1318597694727717,0.13338811219285387,0.12349236560456728,0.12459882741706209,0.1274963319469591,0.1269573759610111,0.1278960096522069,0.12296536055915568,0.12218189515129838
vpsL,241010_113157_Plate_1,A4,0.0,0.00019718938193988094,0.00023125732021405887,0.00024149685530218593,0.00020586053497888748,0.00019595406798898933,0.0003184232806038162,0.0007448874106693285,0.0007963433989685083,0.0025296935695445126,0.006073721444873671,0.003984664269321779,0.002898933359469282,0.00171485731060326,0.0010142077074050404,0.00014931559945431338,0.0,0.0,0.0,0.0,0.0,0.0,0.0,0.0,0.0,0.0,0.0,0.0,0.0,0.0,0.0
WT,241010_113157_Plate_1,A5,0.0,0.00037955224113190466,0.0002686907623845568,0.0003135997017726497,0.00033133997350175425,0.0007087557783656447,0.0026225159963616344,0.010856465109327609,0.04377711977972128,0.14775047432071675,0.39426015062774517,0.8406243421791021,1.1508422688532354,0.5016538436183569,0.06983442821504819,0.008317398511417119,0.0010009400233419246,0.0012319775184773982,0.0014139723529029312,0.0007965492467299581,0.0008306908835853959,0.0005913910886564075,0.0007283427813862122,0.000863293410505159,0.0008788469543754078,0.0007166375808106316,0.0010001796974160237,0.0008996760995003577,0.0010162021836200236,0.0006623120292404026,0.00085879706140004
potD1,241010_113157_Plate_1,A6,0.0,1.3992002681270754e-05,5.368554426278956e-05,7.07827724634118e-05,0.00011310494515097756,0.00076242285785685,0.004812760120195175,0.02263720806824191,0.09974281722537981,0.3620189340120785,0.9641651669415466,1.8219197478654723,2.5283786985770456,3.5242133229231674,4.619654054295204,5.0911421323243005,4.515260348326252,5.024081104775952,5.219905992928679,5.135225520535764,5.036629926724765,4.96362419238133,4.9185577105722995,4.912351514255683,4.901675920311486,4.836023324815163,4.791751677523621,4.751152921414283,4.671654756699974,4.612255840272258,4.448311941840372
vpvC_W240R,241010_113157_Plate_1,A9,0.0,9.048683049920542e-05,0.00011233782451014376,0.0001477936702496058,0.0004930181622014013,0.004581034593295634,0.02150478656583093,0.08941197481148683,0.29615190373267725,0.8276453666235167,1.8467381129288505,3.0465649262786734,4.036943448035412,4.332811150778142,4.650514231725346,4.975668092108263,5.2711960591043505,5.538194583021916,5.726691411245836,6.381505980823921,7.1849569458714955,7.724897362959404,8.064049941154757,8.314734127136365,8.47227119790519,8.573725788402994,8.684945106532146,8.727610699895417,8.871272775515447,8.91589318696422,8.958241114028958
hapR,241010_113157_Plate_1,B1,0.0,5.9274284235306267e-05,0.00014608423098851325,9.542762485067506e-05,0.00016262155729061887,0.0010821341248277105,0.0038701048405370563,0.016464650940712665,0.06172530376683054,0.21996609567101574,0.6678128726200429,1.3356787119155464,2.1816338289696215,2.417687509028846,2.741173922291481,3.1549138786113895,3.8342161727939144,4.1621210233221335,4.212841296473909,3.9077614717050486,3.5442608751994933,3.280071725149044,3.014664341562997,2.7686517227290675,2.5476324863697295,2.359970752686818,2.1265780461754575,1.8764938147968278,1.643698989697866,1.3986658530972684,1.1767800899526462
flaA,241010_113157_Plate_1,B11,0.0,8.720204728127075e-06,2.139303289954909e-05,5.059657055127106e-05,0.00023525936049552488,0.0016672291008857378,0.009645118579081992,0.05205515375219525,0.21410336684408585,0.6797950447693872,1.631855119423336,2.5532876152547845,2.8117028626630853,2.2788163093305123,1.681551905199794,1.1317990102200841,0.6906759514581096,0.4491860647513567,0.575910808666168,0.7321255851077092,0.810866032103621,0.7959276908186798,0.6989875731242915,0.6351912857223677,0.5911456830811508,0.5269635816000184,0.46978598856299614,0.401082820194863,0.3701661717284086,0.3110501856254454,0.2659021672372202
luxO_D47E,241010_113157_Plate_1,B2,0.0,9.96614277758397e-05,0.00012576118512267574,0.00011294920841215748,9.743839901870093e-05,0.00025166848336725386,0.000448709464987883,0.0017064821556773714,0.005595135163561675,0.016204933662743067,0.053253531472206836,0.20917545971276935,0.4832658469626863,0.9176954694954981,0.7952516969354001,0.5318969057776889,0.41224792787353254,0.3645140723766854,0.3647319379557872,0.39816134690677774,0.45499687018582735,0.4475966966633983,0.1763797916834977,0.1533114669780205,0.14933120857306661,0.15284190268709533,0.15730573613866766,0.1729206130115238,0.19405063827902164,0.19767757150746754,0.18281361095036414
rbmB,241010_113157_Plate_1,B3,0.0,0.0002529132403668514,0.00023731268188441964,0.0011613502018689215,0.0014703709612988332,0.003919404710633136,0.012816728998344311,0.0498680212867908,0.16735326034053785,0.44796809872422083,0.8690544058640196,1.5380959448496754,1.7968590201355918,1.6236953088092954,1.3225506003924392,1.0401993645824132,0.6656434458709619,0.9450099560170808,0.8439280716838524,0.6322165247486672,0.5089838496712235,0.437661345447324,0.42775150116309407,0.37485867141323276,0.381449638526056,0.3511381410144524,0.34916339354853604,0.3481116639673507,0.3176328399128142,0.30258227882809646,0.2608988962844684
vpsL,241010_113157_Plate_1,B4,0.0,7.887085737109917e-05,0.00010225096318894777,0.0001076943591263901,0.0001106896915008124,0.0001385387803081253,0.00015203875534415206,0.0004761294167205788,0.0028330783269443975,0.008077153174390905,0.008120692182882356,0.0029258437075820143,0.008588024115692785,0.007875393611010414,0.00767855085316007,0.0,0.0,0.0,0.0,0.0,0.0,0.0,5.2992041950677e-05,0.0,0.0,0.0,9.973742692987206e-06,7.160106078529994e-05,3.0252829562048033e-05,4.1263140125369933e-05,6.25191050328854e-05
WT,241010_113157_Plate_1,B5,0.0,2.8999700885134647e-05,3.507899319372787e-05,4.29751441238412e-05,0.00017125523908182152,0.0012820161800681938,0.007071144400712461,0.03842672784046459,0.1684172886232601,0.3702290830309414,0.7790170430825374,0.7583625475446656,0.1353484810789419,0.004171364443838309,0.0,0.0,0.0,0.0,0.0,0.0,0.0,0.0,0.0,0.0,0.0,0.0,0.0,0.0,0.0,0.0,0.0
potD1,241010_113157_Plate_1,B6,0.0,0.00017993450431493587,0.0002603855141074802,0.0002472622311121105,0.00021304748419402915,0.0005459043844922531,0.0014666566063050311,0.009856972574273148,0.04413592018567372,0.18445976439707729,0.5527637695957699,1.3226313879479399,2.1460707190246398,2.8800664557896534,3.8422913838568715,4.412749032526738,4.416097235313282,3.9684969941627637,4.632141750560467,4.676620382524422,4.520321875934299,4.384605470404539,4.332515553927717,4.339694812274579,4.324612685191354,4.26457843616657,4.262816625436344,4.188177350670176,4.089304216829931,3.8843007789630453,3.649746082570207
vpvC_W240R,241010_113157_Plate_1,B9,0.0,0.0001084479037127813,0.00016773831870834152,0.00026948173809248255,0.001229918505845976,0.012106297413218949,0.061401219271524164,0.27364184243638734,0.7384361097244753,1.9663380699073596,3.1354233458299032,4.020018187649537,4.54126110079133,5.242962547261831,5.719988585469661,6.080753573566475,6.612986403095223,7.987056056906741,8.68994082705856,8.97388902150915,9.11576347183238,9.232452669236704,9.281188698372166,9.405999452680472,9.428308989633706,9.449967143482155,9.46798183207921,9.477804742801029,9.497047964009468,9.532809832741657,9.53903475465061
hapR,241010_113157_Plate_1,C1,0.0,6.176532972044579e-05,0.00012930783906169849,0.00010012243848369488,0.00012373314328343273,0.0003247359921022585,0.0011638089390195723,0.003639250655575116,0.013588539731286776,0.04780261185927291,0.18464255292910933,0.5919987675662235,1.2866941005418433,2.1013792840792247,2.280348464046176,2.569817096871244,2.9341719147728353,3.2410413711519617,4.052290676004403,4.022166548107242,3.806405993092388,3.5418474807331384,3.2617431153719205,3.0545192903939573,2.818350581696105,2.6159128843646395,2.376524644450428,2.1549812921370677,1.9387363461747869,1.7366962332948543,1.4807250100717981
flaA,241010_113157_Plate_1,C11,0.0,0.000945224899066236,0.0011027716001396923,0.0009640656537937114,0.0013302256187963594,0.01148748881384456,0.06445261005045592,0.2916383939597258,0.9115832355261325,1.9415321439874607,2.835481355457853,3.3222526600564257,2.737138757774717,1.914911775047453,1.2401807992165013,0.6385361446531388,0.3491055649067798,0.49237848259182765,0.6471070488960395,0.6919818943306605,0.6592396276781002,0.5635619492926426,0.5041662964681617,0.4778368563559185,0.36951819935651536,0.3204934282749659,0.28370944314832497,0.21890225464421684,0.18870578577124023,0.14900705519433127,0.11672795938045626
luxO_D47E,241010_113157_Plate_1,C2,0.0,6.660574820929034e-05,9.913723156927828e-05,0.00010052150091948023,0.0001076094653159988,0.0002376631045941158,0.0006439399493382165,0.0025550649414758015,0.007891721257492353,0.024731197431060507,0.07953208478728072,0.2688924838279815,0.6035095898056594,0.9116167409609884,0.6808795909511389,0.4594680935586603,0.3631796532283628,0.33949926916200557,0.3618933120383594,0.3909162681028602,0.4217704734065902,0.2641464356367918,0.15267428188485432,0.13194983288418966,0.12672937181120247,0.12869775257572508,0.12650773436278764,0.14441076492783775,0.1515352308539857,0.13813965099522446,0.1232997260734249
rbmB,241010_113157_Plate_1,C3,0.0,9.905950698566652e-05,0.00010841561544142718,0.00018709230179543947,0.00013213677448509307,0.00028646952858133205,0.0010689153948131266,0.005490439975556136,0.02118938338888511,0.06866777031090913,0.21944181921191575,0.48487707717969536,0.9632019358472771,1.3078461952574498,1.4290499323423032,1.373179920667161,1.2692177727244067,0.9766706525195281,1.1526692847710547,1.1594055491049715,1.0072291472817367,0.8677200067788317,0.7799658621584209,0.7387836032165134,0.6945374361059696,0.7011032306725258,0.7023862681330245,0.7150292530604344,0.7076259563767124,0.6938489362020951,0.6692123431385937
vpsL,241010_113157_Plate_1,C4,0.0,3.391576608561297e-05,5.6792090605171783e-05,5.167971231359772e-05,6.686347254921861e-05,8.516337198066629e-05,0.00010691006444230084,0.0001271906099012503,0.00023779330096253376,0.0010585828135942312,0.0046373320834929305,0.007879915841559225,0.00314575265007014,0.002407380876130757,0.0004655736331287662,0.0,0.0,0.0,0.0,0.0,0.0,0.0,0.0,0.0,0.0,0.0,0.0,0.0,0.0,0.0,0.0
WT,241010_113157_Plate_1,C5,0.0,0.00010491057244365656,0.00027527149061099985,0.0003013207624233594,0.0012722018964942746,0.013536020463728567,0.06298177763706028,0.26480896715672525,0.6282220883952315,1.0348959424476722,0.6404093726577553,0.009087212293691325,9.949550565233189e-06,0.0,0.0,0.0,0.0,0.0,0.0,0.0,0.0,0.0,0.0,0.0,0.0,0.0,0.0,0.0,0.0,0.0,0.0
potD1,241010_113157_Plate_1,C6,0.0,5.694796845470554e-05,7.122487032300901e-05,0.00014538701699649148,0.0003975898685795714,0.004472749174222626,0.024044096596441772,0.12344933018075539,0.46220025110824264,1.201473461687191,1.942688248682777,2.6648682035617623,3.8680844828783822,4.814167549090468,4.905558136865145,4.065174752933121,4.812071954676877,5.038118611315367,4.8276208840261585,4.555643693246626,4.38377244905411,4.305570764100512,4.392211739133746,4.359091182077468,4.342844055642568,4.267296589648171,4.199585249028887,4.00341259987566,3.834039215946352,3.387798519676442,2.798711648595367
vpvC_W240R,241010_113157_Plate_1,C9,0.0,0.00021519108300111138,0.00030915718874549266,0.0002693711902205928,0.000376006844482653,0.0016119532923816425,0.006925084512993983,0.03320854393325953,0.10448108092032747,0.32237471497199793,0.8101205528973566,1.658709223881949,2.8426864952484054,3.4906327181894974,3.9924250910648613,4.5872792439536525,5.139887524255929,5.538754010092913,6.626581450638618,7.350933239842842,7.6759800968409895,7.895968689973652,8.015800108648842,8.212827447337911,8.23684743339668,8.329956294899405,8.393237160372319,8.452963105894735,8.468683240659647,8.435625882477499,8.494570703291103
hapR,241010_113157_Plate_1,D1,0.0,0.0005758882042011355,0.001302237345336308,0.0005995369553918702,0.0006309847151586268,0.0012077044694136503,0.002658185574674461,0.011469709532693996,0.0407257423762126,0.14159220214505422,0.4570295800477309,1.1079513664879095,2.022840404709372,2.476130550844996,2.719517105985341,3.1245495281154216,3.6572245491317292,4.518649279276125,4.7527916782520245,4.679239290366649,4.445187443005111,4.266615513104115,4.019680658847705,3.798178435960366,3.610524259391503,3.3851256420020217,3.095755719799404,2.829964662201844,2.55900828371301,2.250924539548099,1.9667583257010406
flaA,241010_113157_Plate_1,D11,0.0,0.00022594513717718982,0.0003014483973982545,0.0007099516080675564,0.006274996817938081,0.057616433981095554,0.28248482953591025,0.9956089809584899,2.091367579260406,2.98385158000773,2.732221283473416,1.8037212809550744,0.8727987218055573,0.36202136833908194,0.14044669078483019,0.06447383751568068,0.11538623725112317,0.14837974116341004,0.18407407069667656,0.17530357839033484,0.15917291845204473,0.14177162675817762,0.11731774866188123,0.11075797972342984,0.11711261648556705,0.12135789552374816,0.10795645054195925,0.10271616040423205,0.12175095239456334,0.13681774455520837,0.16017951935570363
luxO_D47E,241010_113157_Plate_1,D2,0.0,4.5334832922609156e-05,5.1125832030558996e-05,7.149827065880597e-05,0.00011943192822586348,0.0003763933206453048,0.00123408374635235,0.004451533412493081,0.013905921133308515,0.04346355772976464,0.154387004812317,0.4108663536710844,0.7956102251514926,0.8639415166312833,0.5662027259516319,0.404797817208974,0.34155915119592895,0.3400862830431381,0.3633845513347729,0.40249390058066126,0.38830164039602366,0.11377972855846705,0.06280071453460763,0.05435940476608542,0.0531393922992158,0.05886660133933546,0.07281040635225036,0.09055798106236541,0.08852612053982846,0.07373668115250533,0.06878294607919012
rbmB,241010_113157_Plate_1,D3,0.0,1.6591758923937736e-05,0.00023135671298308641,0.00025846107829554,0.0004033670147618206,0.001673891265375702,0.005972159182219944,0.02750624126848723,0.08414760891218652,0.25620953313636025,0.5631589477947553,1.166218989630153,1.4810326448030098,1.544974122422642,1.4413775916702212,1.3337499090279654,0.9135041469140869,1.1407256338402272,1.192477620252525,1.0518747045259318,0.9180632936306423,0.8122544678981173,0.7537272277935775,0.7110880508909213,0.7285235836679145,0.6845416480406353,0.6874386309290317,0.6674014446056051,0.6487092908287281,0.6320394341468741,0.5775234165517559
vpsL,241010_113157_Plate_1,D4,0.0,0.0008772509654530168,0.0008419497797308157,0.0009662837002057468,0.004028236047599815,0.004118706740651055,0.004445728077606657,0.0038443029137363023,0.0016184600344552292,0.0057409790381971505,0.008074193862030881,0.006946508931323828,0.004830017492336526,0.005995094020202922,0.0027915308520748494,0.01471686701668802,0.01223235074433289,0.014093538861849442,0.01343085954349082,0.014004823693079572,0.014243202489812716,0.013712356022887884,0.013607401084165818,0.012765244988533745,0.013681642707603338,0.012567607061780334,0.014240362218718248,0.013817059503655743,0.01357973535903373,0.012935835803473265,0.014157506822806806
WT,241010_113157_Plate_1,D5,0.0,0.00025795042470486346,0.0003098450867553279,0.0002559385671275668,0.00031952960866208003,0.0010350718292613866,0.00431595510820679,0.02488509036780679,0.0892958895144353,0.27647437584859486,0.5931800180569605,0.9579759574122628,0.5863202985678663,0.051703784731315025,0.00573812739799305,0.00037443687744589553,0.0002427740410150801,0.00034439236675471433,0.00027287444759938013,0.0001911491946870228,6.1020653039567336e-05,7.25747447727192e-05,0.0001755718024373936,0.00017987103124463306,0.00015357433416812925,0.00016426894127625683,0.0001617138943916022,0.00017393104597389976,0.0001152904558463316,0.00016635819573929938,0.00011643143293812605
potD1,241010_113157_Plate_1,D6,0.0,0.00029993142378780403,0.00046795706664738565,0.00039899319790768535,0.0007119343139102151,0.0035997085578903746,0.01982431312099538,0.12270315545249018,0.44450301480294996,1.1654181361722706,1.978906620605239,2.7137839315065206,3.8044752507684585,4.396809875208626,4.147202745171836,2.892717465970921,3.801890584009357,3.867754109927907,3.597632357840274,3.21969105266607,3.0551328210513775,3.0335850144434717,3.054240412822402,3.0321781205651024,2.9937311356463585,2.800453396190948,2.617529036737348,2.3531054155200235,2.088019911490785,1.7591978413237472,1.2848384612185981
vpvC_W240R,241010_113157_Plate_1,D9,0.0,0.0011793456967338354,0.0010676681366094101,0.0011289856906031544,0.0015109279860881111,0.004389508900511589,0.01459869515363349,0.06647538464808367,0.22368551995017152,0.6076045424636628,1.5378878901434145,2.55145919491754,3.3376533228406853,3.833737466401303,4.3712755237469105,4.687868177068672,5.196999912105357,5.557538454289154,6.517333402365378,7.212058629411618,7.557902530519285,7.807176946906558,7.9427642796034394,8.085410491839317,8.160567662987768,8.237719444105434,8.304208003545268,8.339587669562485,8.36526380050902,8.3182097308279,8.449349735345312
vpsL,241010_113157_Plate_1,E10,0.0,0.00011847668894689379,0.0002633338385574311,0.00017782855063615778,0.00026915507013420517,0.00021192110637654416,0.0002950983684693739,0.000745572566717429,0.0023056266761556005,0.004863521522772971,0.003165691326402463,0.002260562735676958,0.0008400434141154784,0.0001331023128398468,1.693800315145867e-05,0.0,0.0,0.0,0.0,0.0,0.0,0.0,0.0,0.0,0.0,0.0,0.0,0.0,0.0,0.0,0.0
WT,241010_113157_Plate_1,E11,0.0,8.891042988393874e-05,0.00015184663745451042,0.00011971793489792857,0.0001856289770070277,0.00098458301780629,0.005886800241490477,0.027057287835782075,0.10827567507728365,0.308703066380532,0.7040976535181775,1.0696898318103938,0.6136664848421868,0.06602041294375639,0.0017205474830968264,0.0,0.0,0.0,0.0,0.0,0.0,0.0,0.0,0.0,0.0,0.0,0.0,0.0,0.0,0.0,0.0
potD1,241010_113157_Plate_1,E12,0.0,0.0005665670724767711,0.0005593500285596632,0.0006168703668135245,0.002095074912157083,0.011833633394463429,0.05307933664951406,0.2363085153077642,0.7378427090788144,1.589902168602628,2.3983121386402173,3.307286698522791,4.481282092263934,5.216612963762405,5.145950603545417,5.293304964711141,5.469780631427391,5.4637704519362496,5.431761325662148,5.392341278713158,5.3157990825031005,5.283491416785491,5.173969707355704,5.170808158598466,5.092255368788594,4.917445544141854,4.921781856309627,4.782321402346792,4.7352544922595,4.486995002976763,4.045525320125252
vpvC_W240R,241010_113157_Plate_1,E3,0.0,7.468174842221037e-05,8.561553484614338e-05,0.00011070895211007086,0.00010568378558971066,0.00014229500706393016,0.0002902539707921582,0.0006686104490992667,0.0015815579109040915,0.004423252417898571,0.012459255434363,0.03683986764433672,0.10924671741864143,0.3214149882385795,0.6970500093345824,1.299206140077142,1.866530796518079,2.1981959466184353,2.6551075554344585,2.9731733109789142,3.2751685625504554,3.555824129097466,3.7105732935532463,4.415805985475364,4.886754298305416,5.074460304638776,5.226171041106918,5.338067556907427,5.444562006827861,5.599977334230945,5.619336252849165
flaA,241010_113157_Plate_1,E5,0.0,1.5232760429362507e-05,2.895380312078019e-05,0.0002056896639488341,0.0017340866882487942,0.019791905808375705,0.13255557904536833,0.5782844112488117,1.4672780953391937,2.490648903844717,2.8299546306345214,1.9588848828954888,1.0719796373673403,0.5262764192384535,0.26799189652778266,0.13981570520026906,0.05504155803170088,0.04304447496068897,0.07292278665710426,0.06127806305705285,0.04177777089810414,0.029104457198823735,0.03824999168738354,0.030614011462082754,0.02962269866702275,0.031605429254214064,0.036929941087322,0.02815032206103065,0.03236042841786697,0.02735618172800031,0.017680754440182432
hapR,241010_113157_Plate_1,E7,0.0,8.90672901582989e-06,9.183441775156616e-06,3.1885241767843325e-05,6.756617046470978e-05,0.00043505445542274865,0.0019728757092082982,0.008479106039107325,0.031011625339546784,0.09840593031149597,0.32502681392663824,0.8642230024103419,1.7972646967180983,2.7836221650294393,3.1524142126660646,3.4325858564054563,3.894052733065337,4.297870533024056,5.311396561991001,5.5074361256844195,5.509803575572439,5.35642960524229,5.180990199430415,5.017735135287981,4.760485622879625,4.52295950936886,4.193298800173694,3.8577375230796584,3.4853450121768947,3.1493929720971052,2.7749134270515325
luxO_D47E,241010_113157_Plate_1,E8,0.0,0.00011193354565935093,8.299807823732209e-05,0.00013894379480718842,0.0002959354024467313,0.0016554899601740507,0.007339896509475049,0.02730760486639969,0.0880893460986235,0.2639297537826341,0.5760178120509372,0.947630803295657,0.774981711372985,0.5073447785110397,0.37526765172524396,0.3218667832799214,0.32955702291532524,0.3770201397855715,0.39808556175951487,0.3094068811438517,0.037091552980737075,0.024851047909713608,0.02421348830470072,0.028643963451071213,0.032628976818935805,0.034434822117078545,0.04513295766181888,0.04816699851068147,0.040011096195269644,0.03876253990674167,0.03587792727839587
rbmB,241010_113157_Plate_1,E9,0.0,0.00014943519579992766,0.00024418089476717993,0.00017620260745374294,0.00027564968069904367,0.0008981860773674459,0.004264809563477672,0.01912396794242683,0.06810232429951917,0.208746770714826,0.48588000652971436,0.9565345549423055,1.45477575298564,1.6426862695381408,1.5996055030419647,1.4883247917208025,1.3621187132751027,1.2017409032719983,1.3097003632841544,1.1319708844068697,0.9152765911056738,0.8024751276170365,0.7382083931462633,0.7231762901454182,0.7044865439446983,0.6971947982895983,0.66880011259877,0.6656992213852729,0.6274822937437831,0.6085307905130716,0.5319302105811983
vpsL,241010_113157_Plate_1,F10,0.0,0.00011857860967088649,0.00029240714640217734,0.0001263818114420489,0.00016593647533678915,5.998606406307972e-05,0.00013736372932599342,0.0017684291570820207,0.005002426963554431,0.008542671399829494,0.006704870878367727,0.0038735960934736147,0.004857231395676427,0.003609766742304452,0.0024516666344936654,0.0,0.0,0.0,0.0,0.0,0.0,0.0,0.0,0.0,0.0,0.0,0.0,0.0,0.0,0.0,0.0
WT,241010_113157_Plate_1,F11,0.0,0.044976346839099464,0.05371221485644329,0.022202881329463554,0.00015588685788120438,0.0002918544739198442,0.000839453792026842,0.0706167834627885,0.08377856092582896,0.11970222546350212,0.2408687588090136,0.5250206007639554,1.0090768951053553,1.2898248858259602,0.854244803026379,0.4131453318230344,0.26119920797153484,0.22780390634943942,0.19382593117100624,0.19543659962024526,0.19401035150465604,0.19035759033421149,0.18877769204580516,0.18853795764994125,0.1941520373615136,0.19486442577103794,0.19283545433988974,0.19473512555596742,0.19590088061904745,0.1955541294629912,0.1924229964178736
potD1,241010_113157_Plate_1,F12,0.0,4.995529726003552e-05,5.460221149663454e-05,8.300872507410663e-05,0.0005873766226068851,0.0050280859739594026,0.025972238738121902,0.10985685071859566,0.4125826478365138,1.103188980217408,1.9562429024484205,2.7858880954561593,3.831983547170704,5.022787032591399,5.586842668750521,5.263241694989067,5.906138093817321,6.184395714511654,6.110455706864951,6.125289051078589,6.103683462642906,6.03945762352825,5.972699883698606,5.928504476318712,5.848729440346314,5.691560862483785,5.618941009096674,5.520351434226068,5.443653414336938,5.353169747125296,5.064338118825183
vpvC_W240R,241010_113157_Plate_1,F3,0.0,9.738507120681657e-05,0.00013181904130944388,0.00011221687055908524,0.00011223704069711423,0.00034639363099691885,0.001272137159446489,0.005527833244643364,0.018090306551530932,0.053435597731391705,0.16798588441442827,0.4761620527529334,1.1819284240565873,2.132849648311014,3.026881988035949,3.7206247233786605,4.060526592775861,4.440813679652668,4.793592804512806,5.112097140180585,5.340409861000025,6.070891874117679,6.910225086705309,7.308810688657275,7.593409597441493,7.777129058921045,7.908230274711475,8.021756853324714,8.133532589054663,8.219796042771009,8.252987823955273
flaA,241010_113157_Plate_1,F5,0.0,0.0006463303380768459,0.0006541023951753288,3.141802285735806e-05,0.0012393341349345144,0.011802935460915443,0.07354071782872355,0.3570869941906985,1.0375703582957485,2.0789122515190352,2.780735949356636,2.428140067792914,1.734209742141279,1.1905181207689381,0.7898777863209422,0.4165461401486167,0.09443502801499784,0.024325599094779233,0.03143980406509899,0.026457915063708707,0.020955504084481512,0.01615355531877496,0.01565997879953641,0.014090738048253107,0.013041733040752455,0.011709540231604228,0.013056195885746328,0.012344269597089971,0.009869212423948441,0.0063684315047474295,0.006449921604346333
hapR,241010_113157_Plate_1,F7,0.0,0.00044700102219581104,0.0007963467428242823,0.0004462149084541807,0.000465707206791516,0.0010000632977965294,0.0023636954067564045,0.008647385580935831,0.03130034387864462,0.11287538276437825,0.3636640174249439,0.953226344670818,1.7141591803947562,2.4635563155923,2.608417096630208,2.9363202752305395,3.327138969621913,4.088209906589319,4.314266126655323,4.31300683057082,4.167084107816192,3.943868091967542,3.756931908110481,3.5717903716473467,3.391246904381977,3.209975145329022,2.9924126533146556,2.7221377526325705,2.4768354356421627,2.2154141287701163,1.937746497988556
luxO_D47E,241010_113157_Plate_1,F8,0.0,0.00017938475436254922,0.00018549344384479434,0.00016560467790375437,0.0007987349914952163,0.004938251282276385,0.019912691897874382,0.07104519157684681,0.2149814031809445,0.4794972479405175,0.9412905183625018,0.9032149689431385,0.5698431148557125,0.3906605300132617,0.3027008385784208,0.29142746353749943,0.3074101578577883,0.29847753536038657,0.17346469178451768,0.009482985712937325,0.011095737384323576,0.010405962133856762,0.007681482077131593,0.012049246552315762,0.015733324269626488,0.017400248410865633,0.019471894129402104,0.015027825540538988,0.014747632496122641,0.013056721539874007,0.011792275917478962
rbmB,241010_113157_Plate_1,F9,0.0,6.028752603653242e-05,7.323482190251447e-05,8.136097995204507e-05,0.00016559937454849673,0.0010402313987207285,0.005400819290642656,0.02625934152610972,0.08947824334521672,0.27030998441686577,0.693755308240422,1.1831669882352913,1.728381669035591,2.0424570677306555,2.0377941946079896,1.9266557977885703,1.7780770503926242,1.7792724119547274,1.7745381140727277,1.5737927421485032,1.331506917451856,1.1797927702508244,1.1045520027080216,1.0881241074299772,1.0386445385246008,0.9838732509796924,0.9795745237508189,0.9709111953343236,0.915453280444774,0.9472030572650418,0.8565538691925838
vpsL,241010_113157_Plate_1,G10,0.0,9.52965390166212e-05,0.00011052994882277501,9.836766322601788e-05,8.641983247547294e-05,0.00010092694343208243,0.00014209541231277777,0.0005464446847082223,0.0035191340060024023,0.00807883847770102,0.002899580395561558,0.0019325647253268742,0.0010044250567067434,0.0003155654743296686,5.043914850914086e-05,0.0,0.0,0.0,0.0,0.0,0.0,0.0,0.0,0.0,0.0,0.0,0.0,0.0,0.0,0.0,0.0
WT,241010_113157_Plate_1,G11,0.0,0.00010522177841283481,0.00013063160468552494,0.0869014413348962,0.06418592685213785,0.10606648319533786,0.12480972440073071,0.21264118565434878,0.46402187673055423,0.9237234382993579,1.4705693188233493,1.2106469956176888,0.4474466244162595,0.37762438789936337,0.3660965654971724,0.2721953439302306,0.2912983238275061,0.2717434218223692,0.2583180281455266,0.24691385484214803,0.2461157634091351,0.24831521798306688,0.251394755333591,0.25460444223855233,0.2787073224819594,0.2757186978822198,0.2780797944442686,0.2860468250852243,0.2699912079582151,0.2755944870156374,0.2565170608641871
potD1,241010_113157_Plate_1,G12,0.0,0.0012912874214644095,0.0009543162410218082,0.0011048803693450323,0.0012920779089693924,0.0048189154899040245,0.020922548379514894,0.10044988890422342,0.3476462393698738,1.0121469559686156,1.8022632929604778,2.5583844539798055,3.538242469823147,4.46364753319127,4.534525237720106,3.757241816663619,4.325333620496236,4.5286841904540145,4.560099046679954,4.56354121181375,4.524251173977256,4.445666283151953,4.385364926927939,4.339871100350986,4.245599780826973,4.1562368403165575,4.06346717954355,3.9830727277275675,3.8708146742407696,3.6710935253401327,3.3974357126485684
vpvC_W240R,241010_113157_Plate_1,G3,0.0,0.0,4.922213414335824e-07,1.2152970952112983e-05,9.071975011700186e-05,0.0007106342227852687,0.003537970346840256,0.015683976983655534,0.05337776240192393,0.17253130125917557,0.511408967695922,1.1980563754717006,2.1232241588340965,3.0703814721521496,3.5521452189748683,3.853476581421032,4.142808249913594,4.427551278881675,4.658243219961459,4.819009786636853,5.118143767699665,5.896757909599987,6.352683615979593,6.658716640275402,6.8563515575586145,6.960435756237121,7.049330556939172,7.150592140081698,7.273426675627549,7.360249222029314,7.425173525738052
flaA,241010_113157_Plate_1,G5,0.0,0.00010413265783638419,9.515376975049284e-05,0.00017670581093375494,0.0003596560986450271,0.0025637752176273644,0.013237150647271904,0.06336741382314169,0.2582353279045231,0.8038255437713822,1.8202208016237986,2.9354635125041155,3.34086716950223,2.837418250476407,2.358735532363888,2.01850984397353,1.6775222914836154,1.1416291436703725,0.8480248300239739,0.7685080734715612,0.7686616902058206,0.6906735438819523,0.5558914785325748,0.5264405356798433,0.496165733641504,0.4353725296716868,0.3897587790512535,0.3492543865518592,0.29899483653634196,0.26369577750641304,0.19487162174866368
hapR,241010_113157_Plate_1,G7,0.0,3.65270867190889e-05,4.09857305064999e-05,6.0616835640871316e-05,4.416945905908734e-05,8.987028368387658e-05,0.00028548917694549937,0.0014090948042395717,0.0045133141573886456,0.014111886598481593,0.04739736997801714,0.1828597160337766,0.5420657049407719,1.4128615240147955,2.167650693525092,2.3621875953107745,2.6332874252123144,2.9917918999287623,3.337057046479059,4.092802759372077,4.223614464129591,4.139224372172095,3.8999163847964606,3.700474314098725,3.5415184453249733,3.334237172904812,3.1607696388428863,2.943023769777871,2.7379049688867805,2.4902211578141022,2.2221673798913653
luxO_D47E,241010_113157_Plate_1,G8,0.0,0.00011748299532652267,0.00014616197563525963,0.00015629835946046915,0.00017531108869040332,0.00047319799211770994,0.0016244058781612787,0.006474404647552691,0.01959700449318777,0.07158264282769652,0.22688328935315416,0.49949828718302663,0.9420228227770163,0.7301507038875619,0.4877469748363219,0.3719647849352833,0.3393687718465679,0.33974179233358504,0.3862090822034764,0.4010483784803905,0.2387658413512783,0.06485433687052203,0.0695188484825175,0.07519935723289693,0.07500532665775254,0.07668069202850768,0.07627454730619293,0.07036320550402005,0.06576323030846352,0.062464603527624334,0.05717933852973629
rbmB,241010_113157_Plate_1,G9,0.0,5.124936476319047e-05,5.305054337621496e-05,6.124336319691449e-05,0.0001478491849431664,0.0010812885974566871,0.005045915814209271,0.02094209388528531,0.06927914752521129,0.23554257170416287,0.5547049447497149,1.038208232223204,1.5520363458174122,1.662684667134588,1.5119641132382546,1.3586816308020835,1.1811584678260572,0.905538748074749,1.0359666450665195,0.8510680731639265,0.5965434019487197,0.46878586805182737,0.4270295292629213,0.41812007299832216,0.4163790343001649,0.4457185531907939,0.4287311037752334,0.43538189915556563,0.4223969982875488,0.39796761727865304,0.33246740797766383
vpsL,241010_113157_Plate_1,H10,0.0,8.252589905118162e-05,0.013173643469640204,0.013722021772388323,0.01313303902897605,0.018208630225637606,0.01662058630456573,0.00017702158460992053,0.0006236637442040617,0.0029933503373508114,0.008439219858663437,0.04433488629194059,0.044456453506148075,0.061441520758855186,0.06670265314962198,0.06568478345200458,0.0336770415341928,0.03243960089102889,0.038022355361710065,0.03173142038961061,0.033301689710930005,0.0382621994360434,0.03799587603660661,0.04224519445256278,0.04745894708209607,0.05390110258140719,0.04840176594317865,0.05205369315599315,0.05078830456626982,0.05176305189982524,0.052472511091691515
WT,241010_113157_Plate_1,H11,0.0,0.0002466841118873369,0.00024205815493241612,0.0003037542869014739,0.00033352955032572954,0.000951643229593157,0.004816132064357715,0.02399011539513915,0.10309291932200454,0.3440205233049297,0.8050013103386496,1.3623099818253777,0.9563801356826604,0.1081396403366842,0.010105454496841975,0.0008907380398934673,0.0003045061662476897,0.0002668745337454645,0.0003458999909444206,0.00035746985230140286,0.00023987098568459814,0.00014791081889279348,0.00027962507044999055,0.0003404643861909318,0.00029835920967996647,0.0003568887637327019,0.00035959302014970565,0.00044757384475303856,0.0003642839281591814,0.000394836430731843,0.0003389350470018289
potD1,241010_113157_Plate_1,H12,0.0,0.00017408953804987768,0.0001528392811041685,0.00022992288769031318,0.00028224048730678966,0.0008663504972080163,0.004299823344796095,0.020317281058483058,0.0802371769035061,0.27802820543738677,0.8168982810428714,1.6174688487266886,2.384864287627996,3.1677783605452716,4.300398487989229,5.107012071827889,5.404179865695566,5.781105307485616,5.934064238437092,5.73380272244337,5.490272113996279,5.288217622536518,5.173445792033029,5.093524963948881,5.061633273889563,5.096856113070978,5.022277428971435,5.03564649874162,5.096935028067246,5.013899398329581,5.025387883612447
vpvC_W240R,241010_113157_Plate_1,H3,0.0,0.00013195858709860606,0.00016302588964310408,0.00019765362281241386,0.000453177993212962,0.0034127716383850425,0.01810655635305045,0.0694412576531367,0.24772689999818248,0.634685694729333,1.665771848539412,2.6742841001587627,3.540862380822107,3.9353839942205355,4.440536808394577,4.926197083473668,5.345927891798344,5.70412105354223,6.144051091441143,7.185186735640287,7.805384640211673,8.46676252990304,8.720450835912043,8.859878921350987,8.90965823348795,8.978476791631131,9.04952703911791,9.15263817576617,9.199535084225909,9.262349414941228,9.229120182572297
flaA,241010_113157_Plate_1,H5,0.0,0.0005207446117543455,0.0006053360038294393,0.0005637858538752722,0.0019372519417195754,0.017373430687557843,0.1175873236266727,0.5621067701368962,1.55009557192616,2.6337774338374422,3.4047061913809458,2.8511691216988715,1.488487303111421,0.6165511623413347,0.2533967485363543,0.0731734822121955,0.05577192969757799,0.08467707503544784,0.1345575923112662,0.1587243669508036,0.13292520217491902,0.11340285594959823,0.09467497641763133,0.11875008259497921,0.10336370476258622,0.10457285638590173,0.09864154507704631,0.07969351945633978,0.08610100251512988,0.09194916550630808,0.08034589234243164
hapR,241010_113157_Plate_1,H7,0.0,3.8675107441046726e-05,6.73726682187777e-05,4.772961883158142e-05,6.0990986351140064e-05,0.00012349447892141647,0.00042700814864910213,0.0014651541450286397,0.00572492251154137,0.02243353314427405,0.08612765304564897,0.32219372543437225,0.8828202575603517,1.8318621011155376,2.6534089435783623,2.851707482478492,3.223461584436876,3.6628663025936876,4.102048988727103,5.2382630923569975,5.442242574708756,5.3795911566467485,5.218827265055974,5.0462164268433565,4.832528326760137,4.532165813085944,4.234700014791685,3.895310892238877,3.5899184169551432,3.226349538914682,2.823419532663971
luxO_D47E,241010_113157_Plate_1,H8,0.0,0.00018711949403059394,0.00017249422458635302,0.00017209299533202613,0.0002444557864626521,0.0017043473712741095,0.007742713694031944,0.031029808558474852,0.1004207171064507,0.3132406385396334,0.6808438116943567,1.1788532805325502,1.1022432040502788,0.7893687177179026,0.6311164630761239,0.5735588073918245,0.5862328233008174,0.666650548352987,0.7410130521767384,0.46209712659617125,0.24986367065177412,0.2438323579921403,0.21008118317543706,0.1865252172947202,0.157881875800823,0.13246201127309917,0.11712025385215494,0.10341847043245342,0.09902615536817626,0.09735931014193339,0.08912385482257254
rbmB,241010_113157_Plate_1,H9,0.0,0.00010785216236807853,0.0001252243023273076,0.00024087922507758634,0.0017094372547791204,0.011253819503583572,0.05015861238512209,0.18665518628094557,0.5125885128202141,1.1472173954399463,1.8907396435509656,2.50915333355844,2.7569912295051857,2.789165742885872,2.649920098217961,2.3512024271990177,2.4727691732667005,2.2592564918573874,2.0634360844713977,1.912775586224766,1.8610372427440263,1.7603261920161388,1.7059661987314372,1.749586396041081,1.650114377631706,1.6229369223197434,1.5641063944964984,1.4930729331657067,1.3865716617794939,1.2776232898607236,1.057817739393131
hapR,241011_175118_Plate_1,A1,0.0,0.000759342029777997,0.0007999877336224022,0.0008969081894448391,0.0017275017668272104,0.00660241614060791,0.02142331285112532,0.07423261509006457,0.26332693683911346,0.7584486852694049,1.4551502648323322,2.221672288605461,2.543000978614224,2.815665666140899,3.2005038076032886,3.8887357348761533,4.658562223802303,4.773410962988596,4.800479475479439,4.68687197555647,4.529025932514122,4.379912368825676,4.165868081225406,3.968819408736496,3.805066444469308,3.612643394549742,3.389454062670169,3.139773769069043,2.8157151552063544,2.51772410404711,2.2241554359032625
flaA,241011_175118_Plate_1,A11,0.0,7.273076908313586e-05,7.074506714570373e-05,0.00032228703907360263,0.000807618144990297,0.005082686189842912,0.021895288730834735,0.08772776159835359,0.3308807149743247,0.9741972024034716,2.133789271783519,3.182821832655749,3.975043059980253,4.1580164403595,3.8190263735547654,3.2010948006727924,2.5782717686874395,2.0134597523522304,2.1683911569476955,2.406387951597214,2.4559945201448885,2.4566527247154504,2.36117012687585,2.293298080548066,2.1581055234638673,2.0481029675737736,1.9021310901392683,1.8375092716238497,1.6786888290089466,1.5123681847699895,1.4147300706213282
luxO_D47E,241011_175118_Plate_1,A2,0.0,6.481065273868999e-05,6.540815963924142e-05,0.00011453947934117486,0.00026585689811775125,0.0012881890047041853,0.005453410451100008,0.017579274436380743,0.0675039948104473,0.2294157919621802,0.5694240294115522,0.9547286053158627,0.9160571807975655,0.642077020409384,0.5159435036339806,0.4703444793543761,0.474832736328522,0.5220008649300941,0.564884042988582,0.33449498836481,0.20142086422913838,0.187794284125795,0.1913920522441797,0.1918276496481522,0.19596797842900932,0.18988583247389854,0.17156588328322972,0.17219355176286302,0.1745682243793544,0.1709344563097064,0.16049337365865493
rbmB,241011_175118_Plate_1,A3,0.0,3.665330724299154e-05,0.00016413546124146875,0.0014090894540703333,0.008862609513976067,0.057163649158444504,0.21045693893647735,0.5831545365523528,1.267797570300057,1.9547234543846976,2.5505186351654183,2.571960775930865,2.5241740005725375,1.4434228276158543,2.0650422721539,2.0602009040100153,1.8629063912445984,1.5927689899119424,1.2859070906468657,1.2558577313648118,1.11621062337267,1.0625706291132342,0.9581661559286901,0.9238052290115909,0.9129950114339317,0.7836126043884721,0.7576904325340837,0.5480369619507041,0.38074809758466266,0.23047580093026207,0.1385019577683416
vpsL,241011_175118_Plate_1,A4,0.0,1.2803863178868119e-05,2.405498954101128e-05,4.492425424753802e-05,5.1690027439889473e-05,0.0015338880367436248,0.0014939975761643438,0.001433061489237302,0.0016005726798860478,0.003455630840997631,0.007403320090712398,0.002745987536432441,0.00231690436477047,0.0004678440576976462,0.0,0.0,0.0,0.0,0.0,0.0,0.0,0.0,0.0,0.0,0.0,0.0,0.0,0.0,0.0,0.0,0.0
WT,241011_175118_Plate_1,A5,0.0,0.00017727551701740105,0.0002602340173777816,0.0003293608322093508,0.0008810460076866467,0.006964246414277217,0.028895289657361437,0.11954858197839659,0.37823646063566657,0.8378748233303409,1.2300657023771493,0.7265258304742729,0.12257846975838782,0.011973717544405238,0.0006742530050866107,0.00044942807296914704,0.00046991693395510755,0.00037103940628837576,0.000503284842710702,0.00044946798523166594,0.00032495849226546307,0.00042341510205507035,0.0005317935137571555,0.000460515215306589,0.0004046860655490056,0.0005338938564459448,0.0005327709227999071,0.0005042903936436479,0.00038417946875201963,0.00048197021654134255,0.00040355606299186163
potD1,241011_175118_Plate_1,A6,0.0,5.605135566147977e-05,0.0001140001822819379,0.00027806675340674985,0.0009541655000035146,0.008514251300834785,0.038355186046179025,0.16848955603424864,0.5528979250894244,1.17756375599185,1.9316830174363757,2.8393032488533483,3.8642582424703806,4.367080991063956,4.216623197354346,4.026503729677517,4.1697801249725694,4.152372346198501,4.033420027206307,3.9686074082804224,3.896986565244363,3.8611297978853054,3.812275797518136,3.8194133914220525,3.7525239036749123,3.810686596622966,3.7511628206206478,3.6965297011963223,3.6637288836291586,3.5025230680592867,3.2744955112602567
vpvC_W240R,241011_175118_Plate_1,A9,0.0,0.00010172327599695824,0.0001518378029875554,0.0004585019800607134,0.0018633617575239071,0.012084433946625974,0.04492182928333069,0.15187814995132495,0.4451183645179117,1.040725954989709,1.8641281023902014,2.534644683034901,2.8445759743920838,3.0841749440971755,3.362255674821061,3.610383817448993,3.828636615049353,4.197875201186044,4.994611035068194,5.432548469311357,5.717676376079028,5.948112579069215,6.038427047178692,6.199859041153118,6.362293523088604,6.379190026314821,6.5230661087043895,6.593381042306456,6.619779111714606,6.72858550351721,6.791214985885341
hapR,241011_175118_Plate_1,B1,-1.2162736348515485e-05,9.529707403354505e-05,0.0001059739720814933,0.0006978999505952275,0.0036834731481867793,0.01700698221467901,0.06561112499701405,0.23596941489371892,0.7046402275560731,1.4824928397424169,2.275278777430041,2.5987433218759133,3.048843429603104,3.5087376908924535,4.255747981838488,4.517806627621066,4.581559913037736,4.426447137705088,4.170003227029813,3.90043240861951,3.6734307467719547,3.3973614790503848,3.168703271052371,2.927631132247469,2.652539206691535,2.3321880594797544,2.0066216341714362,1.6588124821482513,1.3922805598653947,1.1540874808819401,0.9649307761595707
flaA,241011_175118_Plate_1,B11,0.0,6.714597486043251e-05,0.0001447064219676667,0.0009741118672041181,0.008639645892361242,0.06309318421111278,0.25300559097561875,0.8484510378809329,1.9459898381198317,3.0158796993826287,3.492398809055114,3.0729862020458953,2.464429061949324,1.84437955769719,1.3505530518009725,0.8079408939496071,0.5352202971543907,0.6997307116315138,0.8850763904896534,0.9679375043944709,0.9152971892572419,0.8794926529253747,0.7171978772841295,0.6472800599937883,0.6296131992743471,0.5173663811429495,0.44639304233897525,0.4153168986398107,0.2912612605301066,0.2508403574216785,0.22376561198367131
luxO_D47E,241011_175118_Plate_1,B2,0.0,1.4472373645286469e-05,6.916118298121476e-05,0.001011919975038674,0.007099460840178177,0.04185591413245881,0.17095149659873093,0.42900151470396836,0.9122354880334165,0.8395208697736692,0.4854785699563295,0.2706904750776821,0.20451387731843193,0.20477589516917405,0.19759094557978527,0.2088852598455636,0.11688165636725419,0.005179770360844045,0.0030299633511317254,0.003633104849293779,0.0063529193578116625,0.0065593335684296155,0.011662331675786348,0.017470520208728215,0.020648971488133064,0.015238578738409335,0.013940307339775268,0.01246326739252069,0.011790062284956548,0.010077246398303338,0.007564580210500041
rbmB,241011_175118_Plate_1,B3,0.0,0.00021107152625232257,0.00014680168868339097,0.0007243349361711225,0.00412821165068876,0.029692305037586297,0.11415243472304142,0.3984454943950324,0.7353958760547191,1.5155838371136519,2.0693369198787286,2.3173850105994305,2.1795435178481544,1.9150402459862916,1.2019413339870944,1.6520689950858625,1.6065013361734186,1.361575871728745,1.0361870720391442,0.9768865318483001,0.8549553055012468,0.7735611745630578,0.714889680520426,0.71527763466733,0.6868905060905511,0.6285443692147333,0.6282370688690992,0.5505621415155849,0.4750943194780135,0.3851400648879393,0.27157927194242165
vpsL,241011_175118_Plate_1,B4,0.0,0.00011337240679891982,0.00019655902500020534,0.0005223285962345077,0.0003407536832170785,0.00048077965006841915,0.0008987221643251398,0.0028028152284012677,0.007501783267834745,0.003391145251166447,0.0034233158187973196,0.0026573744221407947,0.002431941296159726,0.0014790867882509809,0.002391238746767162,0.0020671132557889926,0.002587843622717741,0.0019987376247816383,0.0012373606581337923,0.0012866044183299835,0.0019586180432047207,0.0,0.0004704716996911552,0.0023234252179154236,0.0,0.00047353828294441076,0.0,0.0,0.002725402626533227,0.0027001444106813316,0.002883385165768271
WT,241011_175118_Plate_1,B5,0.0,0.0001422036529241834,0.0001501472364484515,0.00037286161374159205,0.0006136124481328784,0.0045218310249222375,0.023279507254428924,0.10692259052603038,0.30248512644243747,0.7381849192787294,0.9448606862953276,0.31962475473427454,0.01746281997765176,0.0003791951842123528,0.001601992347293474,0.0016509133585303547,0.0005499393483776702,0.0005874915843683967,0.00021381782162411758,0.001076091844321138,0.000890150992573777,0.001874070522517382,0.0007591371851732795,0.0018332306744067361,0.0018283383459008554,0.0009362391560760079,0.0020928740531637262,0.0013947944706363172,0.0,0.0019525530244788843,0.0016540475545473614
potD1,241011_175118_Plate_1,B6,0.0,0.00020437836421933323,0.0003263700407910696,0.0009370440890379344,0.004643642340601234,0.035871884931012184,0.19064708799170468,0.6087869967424784,1.5174498423897964,2.253993530377512,3.2871087358712776,4.310177259814829,4.824509091842837,4.055367758964788,4.091674141171223,4.400013690302848,4.282679396242598,4.073208433307364,3.9127342533808522,3.887383078338439,3.8301282422330365,3.81733973270234,3.7786229654997476,3.6380747552536175,3.520164114212153,3.1998363739907907,2.861444522984031,2.3488248788665604,1.7526546512222234,0.8990184968238352,0.4031190678561756
vpvC_W240R,241011_175118_Plate_1,B9,0.0,0.00011122688193091175,0.00011477898635484617,0.0017472666295363993,0.01267592257555531,0.06811295107316906,0.24080299854136136,0.6720829764434905,1.716497471860426,2.6185517215872802,3.188405737412816,3.6789785378866626,4.073263205664943,4.490564903401127,4.839218713392834,5.50848208377054,6.545278673840175,7.08058223300334,7.3731725558248185,7.511181508873259,7.603457215271325,7.767638861848745,7.731547957708389,7.79951416701477,7.907423067927622,7.848952138354318,7.987036930051713,7.981687162075944,7.859940984707427,7.956672312047283,7.943200050887912
hapR,241011_175118_Plate_1,C1,0.0,7.417802330069761e-05,5.98797869637846e-05,0.0002234529347179525,0.0011309877908093023,0.00662772946320296,0.03129633793942732,0.12519715690613395,0.44202750487173664,1.097661185360229,1.8756282242911604,2.1817936652756202,2.4729577667323563,2.8450461205139135,3.1673268062615456,3.9123331244421986,3.9435997141031183,3.7494505658329933,3.454317040064011,3.2270834483799686,2.9325172411816096,2.6653721895040254,2.520425738881187,2.2950888490692947,2.0321442821379425,1.7913032706441416,1.4094550712606666,1.1379282309767818,0.8875031938176622,0.7007386835160402,0.5351127587526975
flaA,241011_175118_Plate_1,C11,0.0,2.2545285473013584e-05,1.3981710961969415e-05,5.388749308840686e-05,0.0003798643833806997,0.002640572683787213,0.01434659919174408,0.05608564690244255,0.22238466642610877,0.72562613263971,1.6730679412070182,2.8048228794080003,3.489087054296506,3.7680167231243042,3.5612358252821705,3.233648975438063,2.8552350496887566,2.225021427671623,1.892029168091666,1.9505597520519797,2.1585049135975183,2.1752775604058665,2.1113901194955425,2.0561173204616434,1.9279066004794072,1.8653689403908318,1.7450518601030223,1.62080260605629,1.552410055138719,1.408122544734712,1.239682364074823
luxO_D47E,241011_175118_Plate_1,C2,0.0,0.00011582343301815565,0.00014299894220605772,0.0008129714574531867,0.005175850024334562,0.028945457525539342,0.11541431895191355,0.32547219545260553,0.7039948633916837,0.6524009744803825,0.3578223950156597,0.21590255519415363,0.16155936812857233,0.15680918024393442,0.15845990808534643,0.1626629341619668,0.09923538711166942,0.002950173267808343,0.0016077493300254056,0.0010426829131429075,0.002393977832785908,0.0032043858904027165,0.007083861084221131,0.009373212278044867,0.012300275155442096,0.008685610533831179,0.006722658184772149,0.007415878275457378,0.003186759222829679,0.0035607868123288325,0.002398574965704057
rbmB,241011_175118_Plate_1,C3,0.0,0.000146406217548707,0.00011994997173780066,0.001169706163062667,0.009516074503363748,0.0657071404717098,0.264351507623702,0.647806382892622,1.3427945707569322,1.9436544223701275,2.177453474235149,2.078687878796597,1.7370235967751326,0.9156331130083019,1.2413355663695076,1.2815402156373172,1.0373201041296194,0.8101230273506295,0.5844773658965625,0.4522529088253626,0.4103058164399708,0.3727890921975647,0.3393528550930835,0.3204602237871297,0.312696760397986,0.26629521073261225,0.2476549201587905,0.1788052775323314,0.1392380206767461,0.0751369943227111,0.02533838278776434
vpsL,241011_175118_Plate_1,C4,0.0,7.436031025436355e-05,0.0001945161631921718,0.0002881323344297999,0.0002555872482645232,0.00042863904073806253,0.0009310345114408318,0.003393948472338939,0.0072445812381783815,0.004128001990931727,0.0016999525416302903,0.0015553244929542556,7.500937941095068e-05,3.4162910465872185e-05,0.0,0.0,0.0,0.0,0.0,0.0,0.0,0.0,0.0,0.0,0.0,0.0,0.0,0.0,0.0,0.0,0.0
WT,241011_175118_Plate_1,C5,0.0,2.981552478531732e-05,2.827465464396327e-05,5.5401272647821956e-05,0.0002450476154960992,0.0019651211739140713,0.01165616828082364,0.046639482391746624,0.1703388888455039,0.43018378841457217,0.889602934612412,1.1230636551502162,0.543018436327911,0.06371123308645531,0.0042243411508664066,0.0002612929028103234,0.0,0.0,0.0,0.0,0.0,0.0,0.0,0.0,0.0,0.0,0.0,0.0,0.0,0.0,0.0
potD1,241011_175118_Plate_1,C6,0.0,0.0002677716902496391,0.000455209853735499,0.002952091169726101,0.032980262243421675,0.22358060313140532,0.7437789224802345,1.59471471270974,2.385728072451546,3.5754543012960767,4.26601803295441,4.278012443615887,2.2318079167192657,3.1733755738483196,3.1832898387098827,2.6724626350415286,2.2777292886954874,2.3589879265977123,2.317241091046916,2.32227573405454,2.283718268141022,2.2143320570416374,2.121373067154704,1.9044168161921702,1.6534867230569397,1.227830869809128,0.7082626933932049,0.3499049470681216,0.16201054121274028,0.03965532532264847,0.015054734216723833
vpvC_W240R,241011_175118_Plate_1,C9,0.0,0.00011501219354423919,0.00037781229921844125,0.003993581262637293,0.03080285036675236,0.16596290517282714,0.5633398503921309,1.2886107317944069,2.361480771077258,3.0691455161809493,3.6394807128523694,4.2467148898505,4.67257498580899,5.118355099384583,6.043281656991441,6.653027069675874,7.0217239511771705,7.234751639745017,7.26988085096476,7.257225025631177,7.29755259503724,7.330550432586611,7.292380987697112,7.302030017918678,7.398354464887951,7.404208218805983,7.570336591337933,7.589196740428898,7.551755854835447,7.524688278624219,7.395918131570986
hapR,241011_175118_Plate_1,D1,0.0,0.0002973492649205335,0.0002712393088135867,0.0003475727414199604,0.0002860317041694141,0.0005712290761969362,0.0013068477199233218,0.004224685568011132,0.01719235688476671,0.06900782037999423,0.28637618819125554,0.8331192585256183,1.5844043346931842,2.048911177514359,2.2203498605239442,2.5565450657956217,2.9501261194419293,3.822981285532952,4.032101544874604,4.062588146737671,3.993159000530148,3.9476173568156256,3.612444568885418,3.4173945189926513,3.3113691451601994,3.1464568660961523,3.0381347314867444,2.781207031758082,2.452674740132423,2.243087076630676,1.967970807804707
flaA,241011_175118_Plate_1,D11,0.0,0.0006949298041424953,0.000549193869171406,0.0017367344201277939,0.010160937089387138,0.07204613467653605,0.28062593998485275,0.9170959161552129,2.0077101929801167,2.94472070970608,3.4413786589175226,3.0893253513916967,2.256959731080431,1.633322804599677,1.0785490432981326,0.6334476655675528,0.5240344308190759,0.6845738159331816,0.8082223128515503,0.889474396796458,0.8558942602025968,0.771869852312549,0.6362924843058742,0.5450591915068069,0.5125856504796716,0.4174605041346045,0.3754485543226194,0.31541651893035827,0.2447602579063014,0.21717134782905492,0.16761734469414835
luxO_D47E,241011_175118_Plate_1,D2,0.0,0.00028769528579242144,0.00023476917130218545,0.0008346647217872636,0.0030504799126189184,0.015903028294014732,0.06723676054469767,0.23798492396152082,0.5361949307968498,0.8761174317841753,0.6525693041800475,0.40527448384956327,0.29133557438082885,0.259664097287366,0.2650713929578718,0.2958470377140466,0.29734127310523356,0.10235527811367467,0.030887205147592883,0.023642639959922218,0.030413181490607448,0.03558897132553807,0.037216479432455166,0.055354609809266396,0.06569845982212039,0.05329208947313727,0.05093433007915094,0.04928536043710493,0.04492505008521224,0.04062089912227339,0.030854227373178156
rbmB,241011_175118_Plate_1,D3,0.0,1.4313967172016391e-05,4.064924164381414e-05,0.0014700752306941772,0.01326958337319546,0.07709973065868714,0.2734503197530735,0.6525113885980411,1.310214715179317,1.8931313029547892,2.125309654803249,2.014533063178581,1.6002610325279074,0.9906254989442089,1.1843445604846767,1.1392299940296151,0.8947567526398226,0.6745436530304901,0.5091281637987194,0.43198216086383107,0.4319943324988486,0.3813240165523369,0.3515584837483838,0.3464768595671347,0.33573295064947467,0.2812563036122399,0.23805778657883714,0.17180550398799735,0.13630586042560694,0.055278476901003085,0.024199597927815366
vpsL,241011_175118_Plate_1,D4,0.0,0.0005556298218182563,0.0004048040367807137,0.0008072762022988438,0.0006381652441706824,0.0013487903047911304,0.004422462599164742,0.01017132979313285,0.007540654922436793,0.005143776428521137,0.002706508838253175,0.0011789801464206172,0.0007430125776139403,0.000677141762089803,0.000592851116403026,0.0006187849917526235,0.0005173294649752041,0.00044928817941898433,0.0005810265736148699,0.000579189459252613,0.0006173333570839979,0.0005641037208051523,0.0005920415689201313,0.0007511982027945564,0.0005386157151844651,0.0006670743486337886,0.0005766270625729671,0.0006398333600621194,0.0005828123263524376,0.0005624984694022672,0.0006171040354550142
WT,241011_175118_Plate_1,D5,0.0,9.291675030079551e-05,0.0018350859793444037,0.0018942434693852343,0.0025865595152233948,0.009361137614844812,0.03977020215022326,0.15238418902103337,0.38633523919411933,0.7936560758371443,0.6772250240985764,0.09214116301714184,0.00603757837658324,0.004316442307993067,0.004206422765315642,0.0042221395562247795,0.004141715143461061,0.004158485650201714,0.004097912639134617,0.003982227936004814,0.003955654113537182,0.003923230817286906,0.003995106261501602,0.003953612823341362,0.00409375957026326,0.003925332631272237,0.0039883629750705595,0.003960890591679326,0.0039055941181465473,0.004077343244726195,0.0038672173541990586
potD1,241011_175118_Plate_1,D6,0.0,0.0013913559168667576,0.001078595589770507,0.003369765306118397,0.03367547660969055,0.22174483968688105,0.7954161477623674,1.7235150213420551,2.570627246248178,3.5124311802262262,5.012261912157034,5.6598510781785745,5.196279378063168,4.499109792446106,5.685140325012053,5.4234913015617945,4.927061804576834,4.73479411019653,4.460955996801629,4.400340318134857,4.45537583716303,4.42030046202125,4.062139267538564,3.953663917457589,3.609781589024089,3.0309580813473866,2.403244058398463,1.446591264715987,0.7313966245489688,0.2091157919503374,0.03897250529219166
vpvC_W240R,241011_175118_Plate_1,D9,0.0,0.000562031466504865,0.0005785624862949808,0.007323334391826235,0.05603148312661466,0.30765697454018165,0.9908523461199197,2.245985530815613,3.7213429835989236,4.28736346941087,4.827535281318342,5.270134451773209,5.712706336364959,6.0666297955480895,6.944836000280076,8.11385600413791,8.738478231161041,9.199775173070487,9.31611393438969,9.471524981657383,9.62197040310063,9.684531269548277,9.53090851634854,9.631999295338126,9.7577576983728,9.698258466271861,9.73745313734168,9.738887651468744,9.663871591033956,9.679282753525346,9.59691823564153
vpsL,241011_175118_Plate_1,E10,0.0,3.8626634238975106e-05,5.93867942817642e-05,6.745957503034497e-05,5.5406610110408474e-05,0.0001725021896508068,0.000698256305305067,0.0030635008870030255,0.004057688929888895,0.0049710107697861815,0.001410836418080922,5.7361933118133457e-05,9.794946055978193e-05,0.0,0.0,0.0,0.0,0.0,0.0,0.0,0.0,0.0,0.0,0.0,0.0,0.0,0.0,0.0,0.0,0.0,0.0
WT,241011_175118_Plate_1,E11,0.0,7.206891970978035e-05,5.629833284895028e-05,0.00030804131063513816,0.002869686324941651,0.026740675520588363,0.1163858160576566,0.3353543994250073,0.7933938506673441,0.935356578783008,0.21549155519325497,0.0063993006437110455,7.10264526090891e-05,0.0,0.0,0.0,0.0,0.0,0.0,0.0,0.0,0.0,0.0,0.0,0.0,0.0,0.0,0.0,0.0,0.0,0.0
potD1,241011_175118_Plate_1,E12,0.0,0.00012444933031311635,0.00017763456687499424,0.0004709288850280049,0.004660106416398754,0.03478170167719655,0.16418545857300215,0.5601693401014182,1.3910520272540128,2.2231088090459883,3.176755944527411,4.435448128677645,5.1028804036334865,4.948824286725435,4.566269798125366,4.841146513123682,4.894128436566787,4.908485348209739,4.9036976155124705,4.906171400014104,4.782749014623176,4.659749626987663,4.6083615858378115,4.5671786581247495,4.517279635951078,4.421450414021941,4.261329278388052,3.993640114498916,3.739844136333988,3.128022256090992,2.364245805416811
vpvC_W240R,241011_175118_Plate_1,E3,0.0,1.3056980354310918e-05,0.010125118375106788,0.009822848526099085,0.010959520069198866,0.015924237033647152,0.033260891995402116,0.07880424107636878,0.20335373993305222,0.5646424828474654,1.359850843412034,2.0303622076417263,2.696424438009829,2.9655838952828097,3.3700528777149645,3.783319210303038,4.148837088119956,4.554716107654908,5.264335804598332,5.966408419059753,6.336254918176162,6.776972434109862,6.754959831549364,6.905459089070572,7.291463433672716,7.094712966241735,7.414200997401121,7.3898590649084275,7.298321681865269,7.552767705592671,7.516492220613587
flaA,241011_175118_Plate_1,E5,0.0,6.981948117973823e-05,9.205469090682518e-05,0.000420401953617084,0.0035038619479112122,0.027649186421429307,0.15000644005722982,0.5493992487930475,1.393187948568238,2.498341243421547,3.140553556235549,2.900447390486651,2.078284409158902,1.3504526692506358,0.8438405295396881,0.48917707507376285,0.24311797664457463,0.30547381791929257,0.38428399768351607,0.3989275446434179,0.35471595300157766,0.303547937561658,0.250380697631556,0.21323387740258562,0.1837896155736906,0.16975091862162003,0.14214665355865913,0.11968679691296072,0.11464743238098393,0.08473583326910925,0.07110984168438209
hapR,241011_175118_Plate_1,E7,0.0,9.200894695983636e-05,0.00013942341072857036,0.0003395934722668718,0.001716675231233374,0.008805197516649285,0.03165124676602995,0.11202833728283337,0.41382000822713916,1.1053064434477602,1.8905253023958497,2.3068962044387717,2.592573239201657,2.9685389275074434,3.4161729416012796,4.113167309175782,4.320943137864924,4.261447918390915,4.042487560908769,3.797343876436281,3.5939292382018717,3.4130602131383423,3.1837860669067504,2.960413157345182,2.8201695723600673,2.4708773534239805,2.231903818502865,1.8545215391369652,1.6047573147559109,1.3886556864521056,1.1925656974136132
luxO_D47E,241011_175118_Plate_1,E8,0.0,3.641461880521372e-05,0.00021991698780511823,0.0035956961315928744,0.02028012747697771,0.10906045796431592,0.31543411429944124,0.7100107274376414,0.9158209039485719,0.5289178981071554,0.2785304793254936,0.21173867229322418,0.1660632743477407,0.17309193880596246,0.1818839989820467,0.13175086009021122,0.02839028517662953,0.024872179740663226,0.022648922932560676,0.02197189044767757,0.026073771574844817,0.02385577398310368,0.02567698296098582,0.029204061299536184,0.030207325035132602,0.02722333970089391,0.0294542733330825,0.026877108848796075,0.027214395555469513,0.027348038101648212,0.024171907458150548
rbmB,241011_175118_Plate_1,E9,0.0,1.282616134671172e-05,3.846855947619781e-05,0.0016279968448770189,0.017903901305093672,0.11447563175902536,0.3752022525940153,0.9088406050202658,1.7005839953546598,2.2019553099109563,2.2796431111092006,1.9538517111844056,1.6200470952827035,0.5988496592760744,1.1300171363552143,0.9615872547711092,0.7030996797624157,0.5030117031956554,0.37958705735822396,0.2941791893310715,0.2414057218569203,0.19848690498359278,0.20632421408365034,0.15009493854414552,0.15859756793985205,0.11313445802203924,0.06381717981279994,0.03641287063741505,0.01111562530092525,0.0038557158278786745,0.0007876758572937377
vpsL,241011_175118_Plate_1,F10,0.0,2.0628918385056154e-05,0.00013626516570083687,4.840246213395081e-05,0.0001436490345825117,0.0002894441959270708,0.0008323052971531018,0.0044707536279737945,0.005254973008431024,0.0065737281987656975,0.004085677872120102,0.004265113453090417,0.000840960132175931,0.0007096032451730171,0.0003848267456019118,0.00021102903922085763,0.0,0.00011080783661302075,0.0,0.0,0.0,0.0,0.0,0.0,0.0,0.0,0.0,0.0,0.0,0.0,0.0
WT,241011_175118_Plate_1,F11,0.0,1.6189922425402253e-05,3.2643368774187266e-05,6.114015976984686e-05,0.0003941251457947241,0.0036063925911971008,0.019951825710769113,0.08511800254552414,0.28656449408531476,0.7121168884354776,1.1108214647758825,0.8149678396659611,0.09057080140540308,0.004531915023902891,9.130245042418586e-06,0.0,0.0,0.0,0.0,0.0,0.0,0.0,0.0,0.0,0.0,0.0,0.0,0.0,0.0,0.0,0.0
potD1,241011_175118_Plate_1,F12,0.0,0.0001929771535721704,0.0002929550438584651,0.0011499894518766244,0.012761894445048157,0.08456088942272308,0.3906055971506058,1.1091603041044555,2.0077429627667023,2.907671590255115,4.042302779438695,4.949749866003688,4.514249835111337,3.3540317959303896,3.77807537567819,3.5973037905719165,3.4325556948263745,3.50873300949437,3.5136352358133416,3.553358837989498,3.535811821060998,3.3748543870980225,3.461663156813997,3.390107318334185,3.189359940096496,3.0170896401559073,2.545988178731404,1.9816994758248319,1.3971399848304589,0.8419192837661563,0.3127484229696949
vpvC_W240R,241011_175118_Plate_1,F3,0.0,3.903738478823303e-05,0.000399360306457694,0.008418704634718555,0.05726306199060668,0.3245126425996874,0.9656247599869147,2.0184609568021137,2.987122740357241,3.3764927426730704,3.792081316219099,4.225746239062657,4.559113946768924,4.8314549490566705,5.44992983162481,6.64131688675519,7.176303715899437,7.549001186448794,7.749587725223751,7.8477619932072225,7.8875409027578804,7.8656770349022125,7.9429294660786764,8.00346997486765,8.079756031725417,8.052203328918491,8.062587338639192,8.055379323132673,8.08985514493417,8.07459846857954,8.10684661366437
flaA,241011_175118_Plate_1,F5,0.0,0.00011576488210355223,3.8223722356422694e-05,0.000141585842131372,0.00042029261622098446,0.001788435981195019,0.005598223816263039,0.026363176941918642,0.10282876809127858,0.37438542888095616,1.0596852828429317,2.147092467594955,3.214057123826623,3.860037828343735,3.855024987275758,3.5077864976789703,2.977501129753022,2.5740785735467946,2.1284263958931153,1.9258235789635276,2.317897289304013,2.551034257725775,2.528285338123834,2.420836351134143,2.312561298014033,2.1280318209117786,2.0872856007628062,1.8882332230169772,1.7229370693100703,1.5415995700525977,1.4428280894278838
hapR,241011_175118_Plate_1,F7,0.0,0.0002590411904583549,0.0003335781833641071,0.00040148723948759844,0.0009346231374575303,0.0036554349175214637,0.014696747705266786,0.06665571878997759,0.2569622751973657,0.7195056727851402,1.5118953635635404,2.2413102854265827,2.467900251751238,2.7594541130369965,3.115823000824797,3.7627191861757256,4.185158250168912,4.286726130500339,4.07009891494597,3.7090188687581267,3.4879861232214617,3.167068459964443,2.9128618563104633,2.6695469934379132,2.3604552105113603,2.049513071553686,1.7147192093597923,1.4064455341869162,1.1117673078201271,0.8666879591327322,0.7579558009283115
luxO_D47E,241011_175118_Plate_1,F8,0.0,1.4783712031153367e-05,3.755204605971843e-05,0.0002409439019359678,0.0015143076879960476,0.00870479423440684,0.03747596932823213,0.14067456786811938,0.31358913518840376,0.6683034162620944,0.5011005090525804,0.2950068070105692,0.21169112935182888,0.18117819796839724,0.17781991011283765,0.19274375912685407,0.18612712457710937,0.06503087907996818,0.015480768861953728,0.015705564247761573,0.014045685610638327,0.017669529116348982,0.02355196796675338,0.032784836611648376,0.03721276775254598,0.03387057721868261,0.03425236797062389,0.032334219945081205,0.027702658687883117,0.026199718571345145,0.021446404850329677
rbmB,241011_175118_Plate_1,F9,0.0,2.0063238303762002e-05,3.3997119421510725e-05,0.0005909571564926105,0.007830406378583227,0.055839201388040105,0.2196589758935934,0.5540189192991132,1.2257439694205505,1.8942458769613917,2.2361239651210485,2.258353650798397,1.932446018446896,1.4832868717345202,1.2147698360328478,1.2713651969024944,0.9578125766191433,0.716015155496852,0.4974613439997131,0.4711479610828968,0.3884269279841654,0.3967245790209234,0.31453607501734226,0.32546669815371304,0.2620541248895718,0.26112333588402187,0.20229779040588008,0.15743070940436657,0.10196664182019277,0.05687994506546542,0.01830374620313014
vpsL,241011_175118_Plate_1,G10,0.0,5.88752458752825e-05,0.00011960582878924813,0.0001734602043300689,9.140615007945036e-05,0.0002716864558954027,0.001631043900012554,0.006968398145606263,0.0034520921721861966,0.0037278412322788446,0.002706403974936101,0.002109716854066213,0.00011894500932347103,0.0,0.0,0.0,0.0,0.0,0.0,0.0,0.0,0.0,0.0,0.0,0.0,0.0,0.0,0.0,0.0,0.0,0.0
WT,241011_175118_Plate_1,G11,0.0,-3.7316304896419853e-06,3.852357927910385e-05,0.00023502577879428517,0.0002677443709479652,0.001100671792467827,0.008850197790113989,0.035202662355674916,0.1275024378276025,0.3665314272528746,0.8256004316249034,1.147519746879035,0.6823185189678234,0.12691165876486843,0.017049574243215255,0.007175742616900554,0.00772203970381491,0.007790511169728748,0.0079228726178833,0.007738526250323231,0.007619024201441785,0.007532891492486206,0.007598634037702852,0.008043475196577094,0.007902914881573063,0.007654905111439531,0.007581224587000896,0.007418680426596023,0.007555465528431166,0.0080072605697731,0.007934943000947962
potD1,241011_175118_Plate_1,G12,0.0,3.291958129269019e-05,7.481102188643471e-05,0.0007736000301671521,0.00654056918736802,0.04438819002806338,0.20325100330825066,0.6712267487339901,1.4839898170953385,2.297251387475481,3.383574962325369,4.678055164159947,5.1267468398351115,3.9228417262290396,4.401381929208469,4.591400211809578,4.586267393196428,4.572295426230184,4.554727476764539,4.530182639103478,4.499632102718011,4.5452891094567365,4.369203938217778,4.314285521018812,4.358088694116411,4.081519720587969,4.0280229771098925,3.689766150999289,3.105766889601299,2.332908326013482,1.306205365229129
vpvC_W240R,241011_175118_Plate_1,G3,0.0,4.4209150627125176e-05,0.00018101274398469778,0.003291002923428608,0.023085427858990242,0.12647717152101293,0.49805926553838054,1.2345068109848811,2.1482420852100694,3.0164969751585162,3.5387570892267717,4.101915234496142,4.630002351636238,5.022571688279551,5.754083608975608,6.937181245642146,7.4698059750676125,7.797261745765377,8.012123204839709,8.091170617795676,8.183828192523137,8.200440468008562,8.296239260850156,8.343296005615894,8.38815583713809,8.42080323860234,8.366931046997957,8.35678284598644,8.468105422381894,8.420117748168662,8.495225430251658
flaA,241011_175118_Plate_1,G5,0.0,0.00030861374530509586,0.00030686232059090444,0.0005208583028506628,0.0034868143024040076,0.024199317043930343,0.11293032900245725,0.4367291988363298,1.1582244323684654,2.2311563329831365,3.3180144566170626,3.0176198419274387,1.9194873066573013,1.268155229113648,0.8344309862686583,0.4773092962304484,0.21089010870115787,0.1444603743721014,0.19700299541903601,0.18689772282794817,0.17573244126877843,0.15512831088657522,0.12431011890953157,0.11257783310218118,0.12194394637441776,0.08437634871026542,0.07757428398242719,0.044811659935914586,0.03634120779555047,0.026583462803829616,0.015277399566403616
hapR,241011_175118_Plate_1,G7,0.0,3.811366937518752e-05,4.116629938706915e-05,7.455315041685238e-05,0.0003415701190428678,0.002420549381431615,0.009687253168148344,0.04251858676310589,0.17723990495340752,0.5434711275226005,1.3598040294311975,1.9916526631676048,2.3335913419938876,2.602182945679321,2.9674912974934364,3.3232512022676692,4.004603012531218,4.073713422406359,3.905158279984959,3.571778735029253,3.385091668427358,3.0607448810740627,2.8649567753348504,2.624983895677106,2.362854092643656,2.0629241401523926,1.678593060979578,1.3891319852685597,1.1228061782556151,0.9060396576697,0.7392628446260486
luxO_D47E,241011_175118_Plate_1,G8,0.0,1.673839903751013e-05,5.644778313891517e-05,0.001223534148893719,0.006729830755407462,0.03561499321117165,0.13013232020448012,0.37985463269726255,0.7644901966891495,0.8212471661083554,0.5070852083627242,0.3388193295289125,0.2570254606960719,0.2367198563819518,0.24438303084872054,0.2463678031942475,0.1571227670384238,0.007524298117532504,0.005099816094202158,0.00587232208163716,0.0037877051452904985,0.0072434423209017445,0.01258544920741945,0.01112827243223382,0.013048176650829028,0.0107993834849513,0.006892868468924584,0.008236985467763032,0.006460294579342978,0.0064404969468472035,0.0043857336873427
rbmB,241011_175118_Plate_1,G9,0.0,1.7926531183430057e-05,0.00010337800977758754,0.0012986409615742137,0.012732871783242965,0.0797002406064456,0.3045721940238038,0.7284324970366297,1.3948446284729277,1.992431112791801,2.103785255185761,1.9949791308916187,1.692478555835505,0.7083464235417868,1.135602178023245,1.0204245371830178,0.7623096349003411,0.6107120210730348,0.5555284695497451,0.47681945479810944,0.3796765924404296,0.37754510507896094,0.37259615171940264,0.29046165098657223,0.3479931309678726,0.2748895219659314,0.2371005744249608,0.19499783892871056,0.13141951742156172,0.08141629401425922,0.04422781603005586
vpsL,241011_175118_Plate_1,H10,0.0,5.473139868937991e-05,6.681973491569419e-05,0.0001076818129795259,0.00010735887676429232,0.0003036781473054991,0.001092642525983205,0.004831831467216828,0.002572239987887997,0.0022802902809557087,0.001948645327744227,0.0006367162177095604,1.7041823185531034e-05,0.0,0.0,0.0,0.0,0.0,0.0,0.0,0.0,0.0,0.0,0.0,0.0,0.0,0.0,0.0,0.0,0.0,0.0
WT,241011_175118_Plate_1,H11,0.0,4.2818227003932886e-05,6.484593041710609e-05,8.488731662338475e-05,0.0006325980252539274,0.006599685213597252,0.03445505645713841,0.15574548634678956,0.44029438442405233,1.003143891805478,1.295752137693906,0.5969437952391031,0.07770892767902461,0.006463984858575208,0.0011619095620628026,0.0,0.0,0.0,0.0,0.0,0.0,0.0,0.0,0.0,0.0,0.0,0.0,0.0,0.0,0.0,0.0
potD1,241011_175118_Plate_1,H12,0.0,0.0002745995494809183,2.745340366585933e-05,0.00032488586371805093,0.000491977647912482,0.0008496291451472422,0.002001731846995944,0.009197940065021695,0.03858169749877011,0.14414633281322675,0.47518668346220405,1.134659879466121,1.8480731139080777,2.491882652871107,3.2369101710973673,4.067197518167952,4.643657321075102,4.734151822379453,5.087923336756211,5.13770799906241,5.042512705310916,4.929814801035601,4.7895383793867845,4.680149487908342,4.597646534395483,4.518231966075524,4.509563354366906,4.4545087753608215,4.471763739926017,4.477275417398364,4.484071402996405
vpvC_W240R,241011_175118_Plate_1,H3,0.0,4.11898561822261e-05,3.468322111202418e-05,8.03843466838331e-05,0.00031720966158918653,0.0015297573048288391,0.006392575480978299,0.023232979507646634,0.0771377168602802,0.2514395161869823,0.6512524268991156,1.3246337556625498,2.109032701174845,2.5655626422928193,3.0548886527027572,3.5849800101166966,4.066113908265817,4.48736249272633,5.397352113467671,5.991678605915318,6.26101415063336,6.448502137570253,6.621122672964614,6.704413773283416,6.721526958363792,6.845694020435598,6.750961917585924,6.793222904400536,6.886430543402827,6.831717639579733,6.834260708773005
flaA,241011_175118_Plate_1,H5,0.0,1.6678677773385795e-05,0.0003282517421262176,0.0010214712977945231,0.0023848633513483797,0.022982402325049795,0.10819791705511414,0.4361167716513146,1.2067310729978276,2.380401443957733,3.5113133961180805,4.063890912947236,3.164302756853736,2.0395179522595064,1.1608727661415041,0.5803752573872026,0.31335529266641365,0.42831044003114777,0.5349668997638339,0.5778604103366635,0.5447100929639973,0.5037526949474709,0.4113637455297612,0.35693658087027064,0.3859024907552663,0.2968104360011049,0.27107324624813633,0.26097205984880434,0.1857827542463642,0.1626292280957645,0.12023791115850314
hapR,241011_175118_Plate_1,H7,0.0,5.321391012514025e-05,3.5042464913252265e-05,0.00019194758037934385,0.0005680160320607777,0.003461190803747356,0.015595178218491311,0.05492830163663418,0.19985127170422767,0.577731671889363,1.3118204347220104,2.2527216613952987,2.523580332418415,2.8525916648222633,3.287458770693704,3.7416720216543085,4.674440857330904,5.045821784984905,5.171069246857304,5.0818876770840715,5.053568896919313,4.847403134785372,4.570063068115435,4.313800661931576,4.092417346555561,3.7017391609838133,3.433797669737968,3.102465032655782,2.686517262122506,2.3494856247675107,1.9117141126478552
luxO_D47E,241011_175118_Plate_1,H8,0.0,0.0,4.462860389542061e-06,3.0881242383976616e-05,0.00028190185503255277,0.0018616941097722786,0.0074390284577522045,0.02837038589091823,0.10014966415740711,0.31324699186560406,0.7058485632785798,0.9273697792667163,0.6805296898829436,0.49989008007635916,0.4221614303359793,0.4114540697619295,0.4304356944454536,0.4656481676739696,0.43975160975481037,0.26395017805370197,0.2321600007679722,0.2041673267937221,0.1818306377316046,0.16598012603006346,0.15890316960675302,0.14459703775758637,0.13769056447705952,0.1349342107870962,0.12828507395922786,0.12175666370022539,0.11774081329441262
rbmB,241011_175118_Plate_1,H9,0.0,9.876747468549661e-06,2.0462844450496205e-05,0.0002931292453688695,0.0030379906113028833,0.023706424677583163,0.11068738424032833,0.3997227135464843,0.9232962607242244,1.6765344496108487,2.28800094486218,2.4964491560703648,2.3265527930979975,2.011276348286014,1.273785078449051,1.5555564227907428,1.33556722776404,1.1507400806207806,0.9599275653962227,0.9108724655428028,0.8190783412533138,0.8543428448776738,0.7823842724084368,0.7534316309431525,0.7974110921171589,0.6966906117159887,0.697507181296009,0.5825093730193097,0.49867547796813194,0.3893326180082754,0.27918311303233584
hapR,241011_181056_Plate_1,A1,0.0,5.482621371985278e-05,3.901943965183607e-05,8.158654977485018e-05,0.0005402626310302947,0.003009018776105456,0.010910639585493966,0.038232661151677845,0.1279881261910701,0.4303562444322624,1.0880583003483442,1.9594138808789416,2.727186239203099,2.9496174521015823,3.345565153110523,3.80018000114959,4.32380815349212,5.513284863818791,5.636170560357987,5.6760587471153405,5.576643908639702,5.422692788802954,5.255146888931274,5.081724831307875,4.86125472294375,4.627463696332587,4.444315632927703,4.178450207977728,3.883819196854468,3.576789636660881,3.2728369587963333
flaA,241011_181056_Plate_1,A11,0.0,0.00014144393558003333,0.00022975403634914733,0.0002773240562884897,0.0013280888280796331,0.005502399610117563,0.023594542607239595,0.10324061743154384,0.41666823769835,1.1883786549675928,2.3935900123932354,3.335415079539775,4.144463124136166,4.134539362724205,3.662446782448277,3.0038498438499466,2.403551224989866,1.9091826131955614,2.146760623347939,2.2422158015701923,2.240930289656421,2.2588728847229897,2.101454186448563,2.1003055719901806,1.9603074928959958,1.9247006453174897,1.8117597096045173,1.7026905576151887,1.668945635808783,1.4888509808654053,1.4321357093277016
luxO_D47E,241011_181056_Plate_1,A2,0.0,0.00018045110996889023,2.6701322350754854e-05,0.00010935377430510306,0.0004896648767540796,0.0015728240940078794,0.004132848575490619,0.013032293335902343,0.041193447483327414,0.13290929210914615,0.37317901253166375,0.8124019319377523,0.973877462914358,0.6948304916260064,0.5256091862573018,0.4485843044662607,0.4392759997726457,0.47411053035844514,0.5217166706278586,0.5457564523128094,0.2710575836276908,0.21004004037399326,0.17942811748422696,0.1964151321985369,0.17256722095790028,0.1859473388275624,0.17095250644317467,0.16103158730862113,0.167281086557511,0.15686074249997012,0.1701048055658981
rbmB,241011_181056_Plate_1,A3,0.0,9.772329553064905e-05,9.249420062205331e-07,0.00011173559608523937,0.0014990686003227894,0.011950539942493066,0.045712939414258594,0.16011351833043566,0.45091921863759876,0.9069977392260775,1.517067439043477,1.9510629354688571,2.038133529091939,1.9375136318724517,1.7352432610839188,1.7281597707664258,1.7477742268428984,1.5500058897143005,1.3950401771585936,1.2719072359234662,1.202612579595175,1.070308177620129,1.0047960240663152,1.0162102088738811,0.8864261378728442,0.8699985101032617,0.7896522098104256,0.7254922112159596,0.6353346702579585,0.47529026273866065,0.38470703556520125
vpsL,241011_181056_Plate_1,A4,0.0,4.060609252890595e-05,3.903118059822987e-05,0.00010792140024573579,9.206223464545143e-05,0.00014273700460785415,0.00011740851428301174,0.00017097569273911186,0.00027481017226841346,0.0010045304884792987,0.004610680884202686,0.005068693490970869,0.005655548873339696,0.0016286719693577975,0.0008047433653042402,0.005726600458368783,0.003497875108533373,0.003597839676898264,0.004102071058175212,0.002564300671123697,0.001599215074441788,0.0022045104838621303,0.0014942365949750722,0.0029289640600361163,0.001368522197082387,0.0021324763402524004,0.002608560949305607,0.00265409162517319,0.001901812621315349,0.0,0.0010173430403330101
WT,241011_181056_Plate_1,A5,0.0,0.00040388971292099524,0.00012499978916292708,6.846136078168927e-05,0.0011173616454072095,0.0073119124492732725,0.027750156152839874,0.11368907662843286,0.34795579347429967,0.7509902149654112,1.2067594288947914,0.8479203679695928,0.08950917401112658,0.0038832842468077377,0.0006424389593583659,0.00036877693340852644,0.0003965317388584345,0.00039237273798693517,0.000426610296689107,0.00029008166859183357,0.00037473680124569216,0.0004729417190111876,0.00044026047772650353,0.0004134625299817597,0.000498152873436919,0.00038874637321397083,0.00043818688588390656,0.0004091847553531665,0.00044389090194037754,0.00047380171190228955,0.0004073675703713229
potD1,241011_181056_Plate_1,A6,0.0,8.350210430585452e-05,0.00010463481134568314,8.130404077592473e-05,0.0002691610890745984,0.010319730112384694,0.01576466823611002,0.03840472125684448,0.11923761676683407,0.38271365613491193,1.0865439349453974,1.8264655191589318,2.4453686158974945,3.286722654283607,4.285005716704596,4.767929714603791,4.282019987883957,4.687858747395389,4.804463345248629,4.7447855512493575,4.6379924950083025,4.553090993748724,4.618580409083275,4.515780251021999,4.561790101422002,4.496974406148805,4.527956567437584,4.513970288768627,4.353357806967301,4.375427255075958,4.230924132851641
vpvC_W240R,241011_181056_Plate_1,A9,0.0,0.0001526029641289056,0.00015590166447457184,0.0004368518849046793,0.0017094286276312235,0.007917246647420594,0.026652784277881213,0.08417356392070462,0.25594594367340434,0.6664245037026619,1.6336028190821952,2.4815619089016514,3.2213275356818842,3.563704259614566,3.953411924486457,4.336807058428119,4.647511449240259,4.919343516679198,5.723105460313758,6.550932130797343,6.9709735833234285,7.248433092521612,7.489125436187699,7.583951835770201,7.7186891603293235,7.7057216876376,7.780195374665839,7.858193485679914,7.796361579791006,7.884417340202235,7.8456961591100205
hapR,241011_181056_Plate_1,B1,0.0,9.179813691641784e-05,8.11516077666094e-05,0.000375295619734938,0.002516506271774205,0.014390343512980058,0.0575338006172075,0.2089856357081887,0.6239389435342652,1.3639796358904706,2.2088011189600305,2.599332241754837,2.879764706244604,3.360859949420977,3.8297612875003937,4.718197885218821,4.855835001505188,4.837948716969854,4.665538175718102,4.467491629789104,4.238046278141882,3.995471811814819,3.7873627344592373,3.556132231968486,3.2870013312238155,3.0213743231905297,2.6858178612488084,2.4129681247435983,2.1049050456073712,1.8012800656086796,1.5686914226567448
flaA,241011_181056_Plate_1,B11,0.0,5.691468237678844e-05,7.038072062056446e-05,0.00012918973407575942,0.0010623162954430609,0.0054876271240790146,0.0234549466602408,0.09424651480188062,0.3910248765384009,1.0954195313264288,2.216612031662608,2.9183217040183136,2.7827273492243063,2.0747066841120265,1.5760755924854393,1.0826875329583139,0.7311842897073172,0.5155198839213907,0.7378336806682245,0.8589239941652225,0.8997366901669831,0.8608172853044833,0.7540009558272402,0.7431193134902476,0.6544412949580277,0.6553919197160292,0.5325496933018967,0.4909679974123572,0.49075408427078043,0.41280033284740375,0.3948796065975974
luxO_D47E,241011_181056_Plate_1,B2,0.0,4.3746484710661844e-05,4.9050458581605625e-05,0.00026698702105370316,0.001549473614752189,0.006387656669134688,0.022214814213178787,0.07106173697521675,0.24089528896072485,0.5062336620513075,0.9352974594129231,0.7951078442600009,0.5339450843164032,0.41443755151148864,0.3732273379353102,0.3717668487365948,0.41019774302135387,0.44724523067070066,0.3210721493937788,0.12372108533951154,0.08375135531525138,0.06788538162461108,0.07348364489837225,0.07097541868226573,0.11317282542319056,0.12605938349289297,0.11851603275393113,0.10938535367903308,0.10931044462198306,0.10228185372858832,0.0890702661899378
rbmB,241011_181056_Plate_1,B3,0.0,0.0014171332997661302,0.0012897572061850938,0.002337657671246465,0.010962325564193284,0.06049281871792376,0.25503354587461163,0.648349425070326,1.1415361844798544,1.9456735762407233,2.4571961012787313,2.4962001725694303,2.297372702562963,2.0469835784148565,1.8818704004959048,1.99880878203251,1.7377612513588856,1.5202672415107705,1.3363853355177164,1.1466680668133873,1.0833193879453762,0.9510337784397808,0.8703270773716187,0.868426831012348,0.813873161601214,0.7649579686733797,0.7197929768732455,0.6288846399782996,0.544095492272729,0.41074689107970114,0.26469136374915225
vpsL,241011_181056_Plate_1,B4,0.0,7.806896731792693e-05,3.0139640712867975e-05,6.27060452962465e-05,8.402046882794601e-05,9.148733889764402e-05,0.0002965018315517189,0.0006997583653187651,0.0040771430146424445,0.0136612866511933,0.0131556501817201,0.016193698307342297,0.009212341383069325,0.004670742552844816,0.0012394737743516384,0.0,0.0,0.0,0.0,0.0,0.0,0.0,0.0,0.0,0.0,0.0,0.0,0.0,0.0,0.0,0.0
WT,241011_181056_Plate_1,B5,0.0,3.664743944487926e-05,4.185977294202205e-05,0.00047815561275143457,0.0047821772152858155,0.03206097743927678,0.14699622752461303,0.40019779519943666,0.8458653679650996,1.0260511095397622,0.24270965841600675,0.009869152234544508,0.0017352199878477314,0.00029476025114892623,0.0,0.0,0.0,0.0,0.0,0.0,0.0,0.0,0.0,0.0,0.0,0.0,0.0,0.0,0.0,0.0,0.0
potD1,241011_181056_Plate_1,B6,0.0,0.0007023746649534886,4.69051370200286e-05,0.0006713827061672913,0.00875950305872589,0.05438669062920157,0.24723721907092067,0.7688216602660507,1.6429480265681322,2.3570759098661167,3.2686295188300916,4.458037211973587,4.9510419318747765,4.811025327819603,4.8387980563364605,5.227988761105686,5.253069685724441,5.0969581006720865,4.831733157857071,4.74516273818067,4.684414910333706,4.602720233638546,4.65344010552763,4.548768057004047,4.547771587983384,4.2731748205904685,4.093727067985137,3.7162745676479823,3.2371673804835064,2.5010389325058107,1.5936246157274034
vpvC_W240R,241011_181056_Plate_1,B9,0.0,7.211939855654525e-05,0.00018154391547440385,0.0004366252717988727,0.0036175396688054363,0.020630073352840506,0.07278596945425368,0.2746875062631986,0.6266326868687153,1.5620641680210618,2.502584061381879,3.5011898727621777,3.718789347821406,4.0989763865334545,4.355903551245192,4.5918284928571165,4.806771274503871,5.238929188427185,6.171697087824164,6.8057857705436,7.203424392540357,7.46099491510302,7.584339054268836,7.79076329645411,7.825226411603665,7.984402640472926,7.974098214519647,8.0189172510014,8.0656800708446,7.993569486691875,8.115366758176622
hapR,241011_181056_Plate_1,C1,0.0,4.9450226570959296e-05,9.02139518049092e-05,0.0010632728388257824,0.005517558645883591,0.030267445555636357,0.11883755117431652,0.4229904992488829,1.07419895444457,1.9238293702570062,2.4348984015749395,2.849079880611252,3.28444247903129,3.7991197313607574,4.634828204289329,4.815782297043751,4.770202867758982,4.587590891311793,4.3667392490038495,4.066870288441905,3.8143053173416313,3.539287090366957,3.275592630339719,2.9613919039302434,2.682186701386664,2.3084301648365546,1.930350624664652,1.5507070962701162,1.294264523137152,1.051590677416485,0.8711946073136354
flaA,241011_181056_Plate_1,C11,0.0,0.0003499454077229874,0.0002122623869845541,0.0005548562542234902,0.0021775175425117793,0.010958717543813097,0.0520012307339831,0.21258335701259257,0.6885621664691086,1.6572907602626017,2.700253152871103,3.273898031110552,3.221349070113069,2.727224894175847,2.2045780297487663,1.649006691967998,1.1654816694319774,0.9646924261199972,1.236713956427093,1.4135125058568851,1.4837898545200512,1.372262366642765,1.1338070624895098,1.0669590385539676,0.9857503578570067,0.9163937064426648,0.8117455330493085,0.7318506532859677,0.6612168161587316,0.5636564466568168,0.4912616080124525
luxO_D47E,241011_181056_Plate_1,C2,0.0,0.00024156603967815082,0.00027745328962644467,0.0006740987195811966,0.0022568991404138057,0.010298490609279154,0.03731981795129606,0.12447336594842015,0.35819795683306516,0.671930028480386,0.9594330760043579,0.6661785631104814,0.4302291310988681,0.342303627245461,0.31838890576645906,0.33743512705582607,0.378831673651157,0.3864086836423403,0.12506833820629487,0.037140979181704295,0.03393894234998284,0.027718420286459624,0.02749377738047508,0.036845739455075924,0.05955159688235886,0.07172062369235646,0.05924099949493149,0.05177826911868174,0.046741479355650976,0.04453043497760637,0.0349085006881481
rbmB,241011_181056_Plate_1,C3,0.0,0.0005482186001963498,0.0005603738503205584,0.0021863462580348587,0.011537386498475922,0.05599896680429675,0.195526281832105,0.5466579558294905,1.0349394125727347,1.7358466932969019,2.2634487507184153,2.3827904282769374,2.201721708146582,2.028072134576318,1.4507689443658403,1.8838866786505348,1.7819824064282395,1.5457042198923459,1.335995241303117,1.1778377515339749,1.09930275103682,1.0349566668685288,0.9521347763919408,0.9978129162991589,0.9744112760501256,0.9574868181896364,0.8945250903117972,0.8391052953780717,0.7727958328534958,0.6331560813440567,0.4705250275030396
vpsL,241011_181056_Plate_1,C4,0.0,1.3913739068108219e-05,3.876442383508477e-05,5.949394880881443e-05,8.121554228900903e-05,0.0002064341065598084,0.0005770888490553617,0.0030413404860173154,0.007859831975009193,0.0035760945827996897,0.0040516018417149505,0.0029483774835034533,0.002226745586585833,0.0013308289841322271,0.0,6.147943406439239e-05,0.0,0.000850923250770353,0.0006044096220257997,0.0,7.143691090535237e-05,0.0,0.0,0.0,0.0,0.0003390110528435728,0.0,0.0,0.0,0.0,8.172297909043096e-05
WT,241011_181056_Plate_1,C5,0.0,1.1388087350792019e-05,1.3783840302854131e-05,1.3702971157272466e-05,9.370041633999923e-05,0.0006908368243593986,0.002830422101671732,0.012440284403014567,0.046778753315964185,0.16792667810409312,0.4341068802612131,0.8524020709864216,0.972433719745359,0.5289965121564031,0.12400555383792056,0.013945789925702381,0.0005734861788444124,0.0,0.0,0.0,0.0,0.0,0.0,0.0,0.0,0.0,0.0,0.0,0.0,0.0,0.0
potD1,241011_181056_Plate_1,C6,0.0,4.3610560317302936e-05,6.430122299922672e-05,0.0003143658593830206,0.0024230973995314326,0.020050201947641337,0.0909483962871191,0.36817933956772486,1.0200252808035977,1.8760895426337465,2.631905944637828,3.604892002479943,4.6958916921213625,5.4063058891967,5.531725225255884,5.806774750720603,6.1850109839740774,6.200726437340904,6.03503838373728,5.875568965593751,5.788063871351391,5.71184268529564,5.575845395880862,5.587490039228374,5.523957448292792,5.412081062504042,5.269794983535028,5.127949959142611,4.915094144761549,4.432337005265479,3.680889417707295
vpvC_W240R,241011_181056_Plate_1,C9,0.0,5.7799001818646525e-05,0.00017275815512259791,0.005520803523526718,0.05989375358058161,0.26810855028031577,0.8304416994531145,1.8327195994902319,2.9613886938287,3.858788430072323,4.312707221093466,4.937372583856083,5.354023366627293,5.738984093842359,6.072206009436877,7.181549556837749,7.8604911158593715,8.341455547397864,8.500125516502935,8.593118145578954,8.563643394473111,8.42018261897068,8.42652457583172,8.210546268928862,8.170241437742062,7.919162342393541,7.803729832866217,7.619453552523172,7.467879245370611,7.27616495912091,7.149192402054686
hapR,241011_181056_Plate_1,D1,0.0,6.995091477479261e-05,1.8864070096245434e-06,4.383339152222911e-05,0.00014878642759036018,0.0012071673124221085,0.004802762660201953,0.016241729451680592,0.050790748256069496,0.1748532546455335,0.5312621750746608,1.3277824640136158,2.2429557299758716,2.6440155176921634,2.9374321741525233,3.402893754674301,3.894708530059741,4.902591468022418,5.1512419209222555,5.243727621462932,5.1776911513237485,5.012889888271399,4.9146875318994265,4.629574672482737,4.508746116015732,4.225564333308549,4.102828107122454,3.817252591820869,3.4766705821592296,3.2460826349940177,2.9198174107060413
flaA,241011_181056_Plate_1,D11,0.0,0.00016768315177578144,0.00017305841330797194,0.00041498952178410924,0.0024677483738219813,0.016318157956794335,0.07215203458889985,0.29187620898237543,0.910943154653866,1.987902462039905,2.960593458048518,3.651435666015713,3.516042143199495,2.840111458793934,2.045042202629565,1.3147349394146626,0.8789457987520884,0.9882386546927,1.169542581638201,1.2905858805230161,1.3917807203042916,1.2729331977520568,1.1832160091609387,1.0683900081939097,0.985164915588088,0.8735800471457192,0.762516753326985,0.6456643757608883,0.5573668545771963,0.46805052741627,0.3892506935418114
luxO_D47E,241011_181056_Plate_1,D2,0.0,9.686494781658792e-05,2.094205910918526e-05,0.00019208980125312526,0.0010046650117970883,0.005356236999149706,0.020080326075538495,0.06805639309660697,0.22325596154972693,0.5103491660468981,0.941637878100309,0.8545547784566324,0.5638471801901681,0.42800056491656757,0.3823359074358303,0.37855326421941055,0.41457351268726106,0.4348671192468639,0.2291667415841298,0.09487449760395666,0.09100391766839122,0.08348858844081586,0.07659770421590759,0.09169897821729449,0.10006150674378035,0.10719928790362054,0.0928588547819238,0.07617913372553649,0.08242934187185047,0.0691471254115407,0.07686056471830478
rbmB,241011_181056_Plate_1,D3,0.0,0.0009811353687490248,0.001986629456146728,0.002257168521434962,0.008197977383845406,0.04223386814428495,0.1436678671782311,0.4403882999573219,0.8573663592685598,1.5384836983652328,1.9956741847528106,2.0548613013557993,1.9244030421536003,1.7175022336434094,1.1089025597013926,1.5113213572813688,1.4230297881609548,1.1898026025104094,1.061550017453882,0.9566677741563433,0.908608875815125,0.8275258237795949,0.8620898899349669,0.8108200206481702,0.8128857878682557,0.7387049222901502,0.7172925084025349,0.6289683701268813,0.5609534742804303,0.44927989334437624,0.30945897841681125
vpsL,241011_181056_Plate_1,D4,0.0,0.00034013578548401695,0.00018003223184378793,0.000328373926616201,0.0003363525002472886,0.0004715306520008125,0.000470164874173041,0.00228446354671594,0.007835535117692333,0.00975291445766968,0.012753536811926525,0.011066534154306586,0.005782591316991599,0.003398853106234068,0.00044393900664954286,0.0004526327909044281,0.0002605446816423245,0.00027534431978975843,0.0002871725876332468,0.00037531134254478754,0.0003426561030826024,0.000416542776229708,0.00035518057507366883,0.00046326370424777175,0.0003911241021146398,0.00040235015490864683,0.0003575592603170891,0.0003500721131059773,0.0004230191962191357,0.00040336885388249626,0.00041633365148959964
WT,241011_181056_Plate_1,D5,0.0,0.00012238576335012996,1.2246057209150675e-05,0.000199348536364024,0.0010364920985628519,0.0054743279408945075,0.023925672606661876,0.1081465821812711,0.30570238383687126,0.7153273912412477,1.015390562946549,0.4563314297760924,0.020127261103954058,0.0017758669623573308,0.00016328196211827997,0.0,0.0,0.0,0.0,0.0,0.0,0.0,0.0,8.040009624452882e-05,0.0,0.0,0.0,0.0,0.0,0.0,0.0
potD1,241011_181056_Plate_1,D6,-3.176269413512288e-07,0.000251402466265006,0.0002080455708467216,0.00032772210881016755,0.0017456490727442656,0.008430234918198595,0.035913938598768805,0.13907291445404718,0.48501627520785706,1.3158081164867828,2.1890993213707404,2.952213220461853,3.998533446161529,5.192333895758264,5.808809821344683,5.327130740950163,6.1027066554941936,6.4090854344770385,6.297064928504428,6.197105710308775,6.1755712791239645,6.113245151351655,5.941930057251478,5.956029090737135,5.793082998868224,5.771237589096428,5.476025282085408,5.178453550440229,4.7232243692183555,3.9499075636352647,3.2042695242217802
vpvC_W240R,241011_181056_Plate_1,D9,0.0,9.549340518146197e-05,0.0004241448116375042,0.0026316887277667463,0.018059643394082996,0.09436988970451957,0.36819715563128896,0.9125113226962169,2.0121242832331943,3.40467134840378,4.097182073525105,4.585337132520091,5.054479428846585,5.454714220466305,5.833719540547808,6.1351668010350995,7.108374957777725,8.04092182830804,8.432788955238806,8.662019631345334,8.854958103193912,8.885133057698837,8.970561885013982,9.01452221933296,9.041333254929205,9.024672159149478,9.360602597920968,9.42141997796803,9.365547491839617,9.359831504779475,9.365113459360147
vpsL,241011_181056_Plate_1,E10,0.0,1.7506255326614213e-05,2.122283732836206e-05,1.730662044919255e-05,2.359722237325691e-05,5.8655506399405e-05,0.0009613867571788979,0.004138104447996255,0.0036376062810596745,0.003191406714215785,0.0006355019633623336,0.0008888369910088107,0.00018361749394157773,0.001595327173333313,0.0,0.0,0.0,0.0,0.0,0.0,0.0,0.0,0.0,0.0,0.0,0.0,0.0,0.0,8.151545271338256e-05,0.0,1.0341332089456138e-05
WT,241011_181056_Plate_1,E11,0.0,0.00018569866296135867,0.00021701327707890458,0.0002770176855347607,0.002185890557369973,0.01027823821239811,0.04483952094222388,0.17141601166743728,0.41997068316248304,0.9321026058521754,1.2483157315435829,0.6127602999274223,0.0803982571238531,0.010968102409428514,0.0007088040636430218,0.0,0.0,0.0,0.0,0.0,0.0,0.0,0.0,0.0,0.0,0.0,0.0,0.0,0.0,0.0,0.0
potD1,241011_181056_Plate_1,E12,0.0,0.001415039243526196,-0.0001426512280195385,-7.027035666074231e-06,0.0003162841090617788,0.0005687145635319745,0.003401395038516377,0.017911328677538967,0.08149470743216043,0.3317699799788726,0.9164080181453776,1.8249621216029237,2.584589649786908,3.524286553364619,4.515645159248727,4.946785203474425,4.441374109880397,4.966158166286896,5.299115516012573,5.332450146715503,5.316427058617465,5.173468530252292,5.071919643021662,4.825942937198745,4.823083271740787,4.634361402023274,4.62799403185835,4.59693328995888,4.500728218640741,4.534894800660252,4.344389920166906
vpvC_W240R,241011_181056_Plate_1,E3,0.0,1.1405036018168311e-05,1.897152623908648e-05,0.00012771589620479406,0.0005760003905623544,0.002555058922535408,0.009515732092532486,0.03063179341831794,0.09740673939223234,0.2700241315621663,0.6783846398424555,1.4785803947325606,2.344940589122322,3.1496963935700415,3.828508612250323,4.13473270446506,4.50058068772399,4.894924006732547,5.200581181639353,5.570520639946282,6.532747239941387,6.959245677967141,7.265542799991983,7.31176732593268,7.549987623902134,7.470894734507639,7.660509146208359,7.660603710449649,7.567875245979779,7.702561409545556,7.587961118843275
flaA,241011_181056_Plate_1,E5,0.0,0.00010611694197896812,0.00018194476352917252,0.0003484994107951967,0.002201412735873061,0.014250290795282524,0.06768845527036638,0.2724407561931988,0.816577872782603,1.831958002899137,2.8924074905406676,3.2590524483847823,2.540825800433212,1.8138466099930948,1.3099896068086085,0.9456925038576774,0.6642840013060265,0.5300369194419374,0.6544503568071753,0.783997482188064,0.829323380328045,0.7044790871463222,0.6195732723127956,0.5518002709930383,0.5302170863910427,0.4601348851508498,0.3904051664355098,0.3381465457471759,0.2969682659936395,0.24909607518342042,0.20667935831769949
hapR,241011_181056_Plate_1,E7,0.0,5.5106181388389955e-05,0.00010232111059537555,0.0003611376942613883,0.0017195831819687092,0.008561501989235417,0.031548625838638156,0.11669681470777686,0.39092953652257156,0.9768965634156221,1.9518019275949197,2.508644331832516,2.685244858123369,3.071584591459649,3.5035683573742515,4.23692073628834,4.41288780254136,4.409559997275036,4.192831997907638,3.96900699904542,3.7111990627227995,3.508125364023112,3.2336389438707407,3.0268431324318548,2.7592581630886377,2.424969022485277,2.0963554751643088,1.7573811913588275,1.511912283473757,1.2757501287332225,1.097135263724088
luxO_D47E,241011_181056_Plate_1,E8,0.0,5.0686884751872076e-05,0.00023987769345928088,0.0013210406488791142,0.009010096960601599,0.046878205605624494,0.1758009568735885,0.45269328794309194,0.9082264724688058,1.0914650206109349,0.7261689741860674,0.4702735561734088,0.35495413584836244,0.3297264627751073,0.34184201464356645,0.36992207025690377,0.2952739008343763,0.029095079689691022,0.011395958787284105,0.010021947049054594,0.0075376314080459065,0.01097179803882998,0.01356188986953884,0.024655893799029154,0.03489894662343052,0.024475846559960653,0.024108803549525194,0.01982641908136187,0.02113200215503145,0.016659560949925614,0.014435079621838614
rbmB,241011_181056_Plate_1,E9,0.0,2.7779232985108605e-05,4.346397905559217e-05,0.0005913929946541987,0.004953950818889729,0.02977650934491699,0.12053772126720347,0.3632854260742072,0.7991173279644199,1.446350038960448,1.895417831533077,2.0491395628637257,1.9386124897569166,1.7695903444381134,1.0425961066470133,1.453888427417441,1.3699365143205744,1.112046319145913,0.8926465790150576,0.8459835398281541,0.7191828569487144,0.6381378245533353,0.6767988831187329,0.583784853365759,0.5718242156475997,0.5220258100941685,0.4956680341480961,0.39996327053086866,0.34306791898430994,0.24091611449448555,0.17480006058788009
vpsL,241011_181056_Plate_1,F10,0.0,1.3991040988350138e-05,1.4187557385876937e-05,3.3960767696619986e-05,4.328238294252913e-05,0.000171057643956422,0.0005091416997268927,0.002955894671914839,0.01285143220233844,0.008587502474192035,0.022728825703823646,0.003717389877302855,0.004454055616026324,0.0074605391475610185,1.0184724610592494e-05,1.1474836332366752e-05,0.0,0.0,0.0,0.0,0.0,0.0,0.0,0.0,0.0,0.0,0.0,0.0,0.0,0.0,0.0
WT,241011_181056_Plate_1,F11,0.0,0.0003473942463987422,0.000380766930180382,0.0005937995676547744,0.0013017079460901622,0.004421152075209781,0.01887354123333982,0.08048283661180164,0.27257837592143513,0.6581826348679265,1.1429817333309713,0.7496766815402534,0.09250199849371837,0.011892499300280763,0.004968071788069263,0.0009348786749157824,0.0009947617816595793,0.0008121201117731164,0.0007425257790903558,0.0008775270676242792,0.0007792511464252778,0.0009041079790661533,0.0009433871828099398,0.0007959294965007977,0.0008781806576738727,0.0009522813710290747,0.0008874661438956858,0.0009086222512382212,0.0008479079288261134,0.0008990778837023821,0.0008141501666135354
potD1,241011_181056_Plate_1,F12,0.0,1.9901348201546533e-05,2.2261301833691788e-05,8.726089245518228e-05,0.0010194101450954054,0.005975894937890701,0.02680472239654199,0.11237537601048622,0.37402009926221935,1.0619048005515077,1.9268202486155375,2.7078014391411873,3.7547360649007855,4.863703361649963,5.517464349150763,4.97029351272265,5.490375773525274,5.680969801213556,5.673262614917089,5.60185457486249,5.518296300467344,5.454864025204982,5.3452136442050096,5.335730134844258,5.24402094449143,5.2864299972397175,5.150270196434319,5.099991312244717,5.033096808713916,4.834776735382601,4.441601492073032
vpvC_W240R,241011_181056_Plate_1,F3,0.0,3.662481759179673e-05,0.00016993950539956424,0.0018542733581614161,0.017258757835185264,0.09100206517229241,0.31803532645691224,0.7696487964303169,1.8522667103114154,2.8685474076650137,3.5543327694222446,3.934149777054338,4.367697598068689,4.754263376055294,5.048659782257447,5.296848783060467,6.323970595219077,7.136423220010363,7.473014337805687,7.75857627705283,7.912030499921555,8.002007372352086,7.978999638313233,8.150122126320825,8.122765774724952,8.190838251767833,8.154884445714213,8.174840309465214,8.284875501387662,8.208026339217547,8.300015811561355
flaA,241011_181056_Plate_1,F5,0.0,5.496034513774564e-05,4.2621915919150613e-05,0.00022277766310751997,0.0014917966502938716,0.01018686334074557,0.050452938570353,0.19607892087588039,0.6708541094465311,1.5727113391911787,2.605799660084521,3.4250867248152503,3.0545625598876733,2.3054469773463038,1.7371699239038045,1.25124481544741,0.8649415301390673,0.6361202757335112,0.5955648225564473,0.6591053384302148,0.6184355588242365,0.5669418183933678,0.5126225198334362,0.4593210107185834,0.41731186305773693,0.34403159815525325,0.3147638985989391,0.26675505109094655,0.22309883376690487,0.1687652235042604,0.13757881281709114
hapR,241011_181056_Plate_1,F7,0.0,2.905151259281107e-05,2.404846233454036e-05,0.00018924382554070618,0.0012623424039902899,0.006103699513150622,0.027378220412635844,0.09892424133189509,0.3511418393189385,0.9810520398631357,1.9132807759551078,2.5153753797514247,2.787040120647431,3.213771357912173,3.6779511047615316,4.481606045011323,4.788011173577665,4.815964202797859,4.517876179821167,4.177334563937277,3.889825163087335,3.588725997986121,3.3161540690186184,3.06339722747403,2.7604838868611696,2.3814967573550776,2.0413723209175574,1.7085352831226313,1.395160957229152,1.0713745332264701,0.9058252496374686
luxO_D47E,241011_181056_Plate_1,F8,0.0,0.00010214908259122435,4.8957452577106514e-05,0.0004315996906403965,0.0017036999339191403,0.0071828202220318845,0.02452132701111451,0.08536458515801332,0.2727052819357715,0.5673573593504075,0.9816854330238541,0.9280180191470715,0.6348764282626842,0.4924989750907893,0.44585180584338935,0.43628416507136303,0.4747430942429316,0.5086619901775491,0.26924776181626153,0.1285482220332216,0.10067582655116367,0.09426368215742453,0.10339381283997566,0.11785233088447682,0.1490562299373443,0.1471425613409965,0.14599256252632373,0.12540192794602453,0.10447567056168508,0.09606930408600158,0.0849755141632808
rbmB,241011_181056_Plate_1,F9,0.0,5.859655622842216e-05,3.546598631648239e-05,0.00035869811071661124,0.002316427731568439,0.013121688644936654,0.05248969449774315,0.1910497082900336,0.5049097827363846,0.958867496238737,1.589447872357167,1.9849911674487957,1.9813120566948517,1.9075142966727778,1.7454217574287467,1.2506098841130353,1.5135889596359755,1.3484357892019667,1.125388437438559,0.9844149556150865,0.9880049860512101,0.9443344302736094,0.8930823502995304,0.886086000863509,0.893887550769919,0.8633707873277703,0.8001957883286629,0.7277254052946515,0.6667466507679329,0.5958659033303417,0.49182032618602506
vpsL,241011_181056_Plate_1,G10,0.0,7.612648137251847e-05,1.5092349250325997e-05,4.8053394354614274e-05,8.236415674739137e-05,0.00010509661120350099,0.00022197225531807345,0.0009918516908565488,0.0034844986822804855,0.004387806877922605,0.005473185679762096,0.0025818965083464975,0.00044268858515826413,0.00012706488761185798,9.881658255139414e-05,0.0,0.0,0.0,0.0,0.0,0.0,0.0,0.0,0.0,0.0,0.0,0.0,0.0,0.0,0.0,0.0
WT,241011_181056_Plate_1,G11,0.0,2.92527699090543e-05,2.7933882302030974e-05,3.531907535059231e-05,0.00013272126709897193,0.0005711678836362712,0.002802786069978918,0.015880679968334522,0.06495380320437659,0.2541285914987719,0.6142601529963098,1.249817925311512,1.2094985817906532,0.3181085033966713,0.029249244816297308,0.0021096949183723357,0.0,0.0,0.0,0.0,0.0,0.0,0.0,0.0,0.0,0.0,0.0,0.0,0.0,0.0,0.0
potD1,241011_181056_Plate_1,G12,0.0,4.337107671062205e-05,7.660489350582178e-05,0.0003588807922452585,0.002302564172406389,0.011842663811366798,0.060018168422366264,0.23586129466112116,0.7038019229135216,1.5705918027702466,2.3821058072457606,3.2722069763685044,4.308843730132141,5.113895398938748,5.185035863654309,5.225568478296436,5.5860452260255276,5.652313358492737,5.618873463210039,5.553313826904233,5.435016903643751,5.337762597260835,5.234741343455779,5.139721401501075,5.079233993141794,5.025142444598632,5.015087470286097,4.932821261762039,4.833195760372635,4.6352859112676805,4.439670080977947
vpvC_W240R,241011_181056_Plate_1,G3,0.0,6.78485657725389e-05,0.000273388144098811,0.0023370555765757917,0.01385813877183981,0.07573668810493878,0.2646515384268835,0.6432652261201309,1.5540484107137669,2.6359347558286212,3.275002439795601,3.523058355138814,3.8934114484049913,4.269525336398684,4.604156352816381,4.840778287725846,5.179801458702744,6.112208556061703,6.758729694549015,7.094441445152883,7.318889404345805,7.4738329805762875,7.616229072400267,7.732375562012464,7.858366697409009,7.916469535338708,7.992968930194858,8.07929859225553,8.14374204950396,8.238091615253085,8.30138812997102
flaA,241011_181056_Plate_1,G5,0.0,5.706774737484507e-05,0.0001227169990153947,0.0008411808266570175,0.007380311019131237,0.05198996194002459,0.21394068157296733,0.6994706934065247,1.644826671619103,2.724131827584861,3.5139125083341254,2.5115673967959493,1.839253092410011,1.1823682748451043,0.7624487058619833,0.4408585798333828,0.2507395669209374,0.19927738580086402,0.23168399621082622,0.19597275345505466,0.17340125884048416,0.14501481241028322,0.11452358933853662,0.13035595727864785,0.12121404284834902,0.092180480073333,0.08819193559377102,0.06683488258235058,0.04513742973453108,0.037754372072267055,0.023880886339966708
hapR,241011_181056_Plate_1,G7,0.0,0.0002399720637569358,0.0001261224553005029,0.00011206756071106285,0.0005748248580649911,0.0026009948068456894,0.008251600123809048,0.029886799071140956,0.10622950953974535,0.3934341915007114,1.092498673307806,1.9792587954953609,2.712547841781089,2.8940333400951204,3.3019400737714495,3.7137226037983515,4.194183918797082,5.027035066966738,5.164709634437774,5.022501066045603,4.767555537142676,4.57257162871712,4.276728670507118,4.033079689565626,3.776087921560333,3.489755959205545,3.1159304054722594,2.769327850366578,2.449702052349302,2.1404801265560245,1.8921506838104944
luxO_D47E,241011_181056_Plate_1,G8,0.0,0.00011213255189188707,0.00022858390752271483,0.0020115887312924245,0.010913473837648043,0.052413263317544784,0.1829765771053677,0.46846158091886103,0.902617890056126,0.967735134243026,0.5991230529241597,0.3772822312011407,0.29534793380121355,0.2648741054672035,0.28119559925451804,0.2640293404952965,0.18838515681649073,0.012821770195309251,0.0067528685841482805,0.005662004521297056,0.0038778147019181424,0.006539372755772068,0.008571294136484112,0.008236320040464,0.01057338096720903,0.006622567887430155,0.008834445554333646,0.008234862119346518,0.006421357385167761,0.005720260507821206,0.004180434987010966
rbmB,241011_181056_Plate_1,G9,0.0,0.000541104948299775,0.0002196627878891758,0.0015905126897898518,0.004416499166777321,0.021812264135821123,0.08749307642470845,0.3068134802334688,0.6988782290404805,1.2502820524929488,1.9147053922690793,2.3670098365996317,2.3983856365901306,2.249948267416311,2.0240772300830736,1.9232026648078357,1.8533544665947104,1.591262449131507,1.3604205026816991,1.182736700874288,1.0741053933600122,1.0286841284533557,1.020225778395809,0.9426101376051685,0.9809585456556935,0.9352398113393786,0.8924606606340212,0.8761625738371249,0.7010292311442464,0.7022993278828995,0.5353333194795531
vpsL,241011_181056_Plate_1,H10,0.0,6.31896751820996e-05,3.286279927779125e-05,0.00038422263793006243,0.00042206729410822853,0.0006627318837713909,0.001894654429259864,0.004415475946910465,0.003165326177351938,0.004180202254649093,0.001666180668346346,0.00241593399106094,9.777347343039428e-05,0.0,0.0,0.0,0.0,0.0,0.0,0.0005367841516227931,0.0,0.0005793834697646228,0.0,0.0005937398463906502,0.0007251107107106995,0.0001317930595500796,0.00047201848043197545,0.0006507824814086322,0.00035257668783157854,0.000548776288462344,0.0
WT,241011_181056_Plate_1,H11,0.0,0.0002109953264669438,2.9645583347169115e-05,0.00010590652651053095,0.0008694208924568542,0.0055307494881410195,0.026726315666352328,0.1094874148449683,0.3483203138799392,0.8280200456629978,1.3780281102768246,1.2235774183874353,0.306366005453787,0.03934696363719162,0.008916691030951905,0.0,0.0,0.0,0.0,0.0,0.0,0.0,0.0,0.0,0.0,0.0,0.0,0.0,0.0,0.0,0.0
potD1,241011_181056_Plate_1,H12,0.0,2.744990599271969e-05,5.8871318851061466e-05,7.071033785963456e-05,0.00029710955727551576,0.0009876498685680072,0.00580628480897259,0.02413524742975745,0.08711363573460516,0.30337067307936466,0.8569668353806775,1.809333742240452,2.564443453765248,3.318171818469789,4.432627251946665,5.446002807403779,6.009878544122257,6.420211780179575,6.833311722504333,6.743872943344961,6.531088419969002,6.401088269007847,6.260364105070887,6.159404405227642,6.10928903558539,6.092369192245869,6.00245785938851,5.982404087540444,6.02006259126767,6.010800779544737,6.072147826346408
vpvC_W240R,241011_181056_Plate_1,H3,0.0,3.1760136085455744e-05,4.777086127992726e-05,0.00018801678428899952,0.0019744062588731913,0.009984101289404024,0.0435205972215582,0.1575255946558107,0.47764893166141753,1.1420033880086031,2.165530488333005,3.2588593741523892,3.822225373496673,4.197174329015804,4.577967006885647,4.967693999243912,5.327869733076225,5.541568867883499,6.5000677374617055,7.304494439624145,7.768088342941891,8.049317313877033,8.176907079842032,8.407681279773858,8.51099572285318,8.643845775213434,8.702721712598091,8.744388161856078,8.941261014408388,8.91591258132771,9.026817577014102
flaA,241011_181056_Plate_1,H5,0.0,6.851282940976327e-06,2.4850360412966467e-05,0.00013476047741650026,0.0017205488875162516,0.012646655143507457,0.05786595049264087,0.2542498263337155,0.8127908892413886,1.8715038457023454,2.9016395419472114,3.822163846550431,3.6257527136033993,2.6322502280283233,1.7802209969607068,1.089956741025497,0.6180647920960112,0.5589703671750788,0.7095636539206525,0.9043902673705976,0.9264197229641963,0.8508173508579892,0.7570154083689786,0.6593182751659056,0.6434787647498611,0.5374249012662144,0.4755702304071978,0.3766715963228203,0.3556390778896935,0.2718675123101438,0.20006422181534156
hapR,241011_181056_Plate_1,H7,0.0,0.00019234517151858863,4.024361856300014e-06,0.00014745000881628476,0.000948080953159958,0.003516572344971027,0.011985123436450484,0.04025883979448356,0.1481358068846939,0.41881013782669896,1.1898173154758154,2.0571522438237086,2.6358559745865846,2.8884404738045784,3.349918318311398,3.791759236030943,4.719046154551579,5.122915115503641,5.274263043620299,5.280285996640497,5.172120287604199,5.02921084704179,4.8093768069230025,4.545667968315936,4.2249764834634735,3.9285858016776833,3.5400478175555508,3.1858568499104973,2.81616242935469,2.459809525197489,2.124677131045032
luxO_D47E,241011_181056_Plate_1,H8,0.0,9.109440240563672e-05,8.702734419250031e-05,0.0003255207816770023,0.00217623925332648,0.01245953096807878,0.04682747931353232,0.15153143892153798,0.42683050296725056,0.8532081408593114,1.303196764434995,0.9664935605941254,0.6863292733374365,0.5837770956203633,0.5537312808254303,0.5829141133221993,0.6474703253873312,0.6863992936773449,0.36961352599692165,0.28219146638114223,0.2240358557196176,0.18801679766442264,0.1411384743550749,0.15496247570331753,0.14214033367124623,0.11191512770174751,0.1029420713003261,0.09319934623997107,0.09308752101517567,0.076314827392847,0.06926844718673437
rbmB,241011_181056_Plate_1,H9,0.0,6.656423758371143e-05,0.00039684137990311053,0.0028296657214956444,0.022859990452873784,0.12618103296595248,0.41347425354010353,1.051347244716135,1.8751987394555427,2.6864931863609334,3.1122242094865453,3.2024483266130077,2.9705033758975756,2.1514050383867325,2.6604866824639237,2.4443211196377193,2.1455904075812566,1.9767908293027738,1.8053306118620038,1.8231920181103787,1.6268583288630742,1.5897587840670373,1.5320102610951556,1.5909528749639466,1.405632709725363,1.3659381322173252,1.1523445294982801,1.0320990746011507,0.8181728919868195,0.5972134437687215,0.3130047629533327
hapR,241011_183053_Plate_1,A1,0.0,0.0003303476508622505,0.0004527976229309536,0.00034437837606215576,0.0018047645639565745,0.006392811891581523,0.028430534499810485,0.09467424745707258,0.3163178351911157,0.8436689228613644,1.6372583222143744,2.440999333311789,2.652300522266384,3.0051998921801575,3.4209784636112666,3.9972810384199207,4.900474138546297,5.0600165864999305,5.1482428835556355,5.169720402315171,5.030541701639857,4.926560226210729,4.780373138218605,4.648182226708531,4.454544220232026,4.244851024642051,4.053900541928256,3.8513006007146338,3.6025989868214534,3.281923552476707,2.8858247760638944
flaA,241011_183053_Plate_1,A11,0.0,3.733007021309926e-06,4.0867202857191006e-05,0.00040158479982366175,0.0023745456837262363,0.012503752791919289,0.059166505075997446,0.2336801042274272,0.7786196927009084,1.8322897133919216,2.9615721377564643,3.8421146945177718,4.7037825229769386,4.734747964986849,4.375839886878474,3.838248862857405,3.2577078839780413,2.765797407440348,3.0500140466324788,3.0590147700965753,3.091959774724715,3.045625770945977,2.992883066944947,2.8813858075238583,2.821411480394545,2.601761887360254,2.5124284396577647,2.395298856448,2.2638239313362623,2.149176759776029,1.9535275578056703
luxO_D47E,241011_183053_Plate_1,A2,0.0,3.66190761914327e-05,0.0001364416209700329,0.00025682514367207236,0.0015416835008325261,0.005615920838561562,0.019545095144922746,0.06254127145281149,0.1969321190520495,0.568750543420103,1.1667352809616647,1.7222057011751724,1.534607500751967,1.164108548496926,0.9935674901313238,0.9400304866297285,0.9626287320904914,1.0533332944145675,1.1337487456448108,0.9050943496423791,0.49033445043427315,0.48732306755213545,0.46146925079748,0.45316628971775286,0.4460246163097917,0.3994618727329746,0.3862714250505276,0.3879336825066485,0.3840494395763904,0.35777290595020395,0.33917195249570803
rbmB,241011_183053_Plate_1,A3,0.0,9.986152410535819e-05,0.00042908845495409333,0.000409123897178079,0.0030672337000807004,0.016853315322583055,0.06397122456059837,0.23933881103815988,0.6635443738473669,1.2069602608725802,1.896899560903669,2.6695235864474944,3.1872016818257003,3.3236301280039835,3.335688874450553,3.4054355532023792,3.4815085395702243,3.310339638844489,3.0405038533026505,2.9761280756950863,2.8874546382452766,2.664037857295953,2.5826169755115718,2.537915375244604,2.4193264664979335,2.346472275698178,2.2318899749399606,2.1928029760260657,2.037320102736346,1.8065744593328306,1.5467392770086417
vpsL,241011_183053_Plate_1,A4,0.0,5.2346896474455125e-05,0.00021380912091139353,5.1792895143837385e-05,0.00010641275952387422,8.395181278119345e-05,0.0002911905580436203,0.00020267024912512717,0.000559748950553506,0.002844140336861842,0.010867389486141394,0.004825987744866118,0.0033781789153856873,0.0008575799982139631,4.198269107396225e-05,0.0,0.0,9.80416506634722e-06,0.0,0.00022683357290550574,0.0,0.0,0.0,8.499229363155492e-05,0.0,0.0,0.00013213409940047383,0.0,0.0,0.0,0.0
WT,241011_183053_Plate_1,A5,0.0,0.00035425546393522323,0.00043577935654057947,0.00047072375285169075,0.0012310206407090993,0.0067066063395144525,0.030805038585970893,0.12808186115612796,0.39070159256216686,0.8898016265225055,1.4238963818233545,1.091498994185599,0.20756270469752733,0.018657862535914317,0.0009914832648273654,0.0007872035711042124,0.0008021738127732378,0.0007269397998190988,0.0006868844202730424,0.0007454722510442078,0.0008646064757905085,0.0009090190331643686,0.0007868316005879084,0.0006797248237981324,0.0007951952526499343,0.0007752070203750399,0.0006992073313257613,0.000682793212733506,0.0007660113501193175,0.000675623551252716,0.000704214955978731
potD1,241011_183053_Plate_1,A6,0.0,8.098791933875866e-06,1.2699188455259917e-05,8.463814586652647e-05,0.0006041345898883849,0.002775355952924669,0.011996176886097148,0.05445533998824259,0.20383752229872862,0.6762703532750883,1.4471306286523395,2.21379409752471,2.895077559376238,3.8416565193996126,4.586770041596381,4.791659988998297,4.649036916244376,5.068432001449339,5.124641146977083,5.001876564894024,4.963380425295402,4.867820718141653,4.796690218116298,4.744550812574021,4.774654877336538,4.777862303794995,4.735359623085036,4.728713642857018,4.739059800130356,4.656528758228994,4.723384205524355
vpvC_W240R,241011_183053_Plate_1,A9,-3.505772961486075e-06,2.2567622429584164e-05,0.00013436998862691955,0.0006902736187313772,0.004564078235051062,0.022982273920988075,0.08398684301428228,0.2723405341479393,0.7838194553066541,1.7402059443152853,2.7394587249107456,3.7158430096217847,4.08823017035531,4.336669960341383,4.5925725676439555,4.811639928510871,4.998820280716553,5.175425354651259,5.435583620320336,6.257446256522461,6.740399078458427,7.134846190750212,7.393930543698898,7.576792239295292,7.635599427005234,7.760349590646918,7.847585437622352,7.913787428622351,7.987131895555696,8.041766486276561,8.021945446790369
hapR,241011_183053_Plate_1,B1,0.0,7.224729167710606e-06,6.680561715661618e-05,0.0006616942184475911,0.004736013948782899,0.02123096757929106,0.08032474579851663,0.28817255432705,0.7862688296611376,1.64492571662713,2.546393654682564,2.884767917007952,3.241671888596714,3.7393953908891118,4.226524688686854,5.1082878196828005,5.268244504489722,5.234828283705904,5.090862585981592,4.869917315711975,4.594185643669352,4.468632887764784,4.235653749335556,4.00031485188659,3.6689554639582123,3.39776140420096,3.112626140950585,2.7972013626964647,2.4608292674543404,2.1871421625861953,1.8894405555827514
flaA,241011_183053_Plate_1,B11,0.0,2.857418855017666e-05,0.0003925586764311064,0.002219439863613597,0.015243865374388089,0.08129341400227484,0.3356899486642205,0.961862922241121,2.007943794744491,2.9727693732014107,3.1219430594166737,2.272034769189415,1.473485562321004,1.0821277715017397,0.7662421430448417,0.5082555779467725,0.6785887153603449,0.7968822947650523,0.853148954612111,0.7951748551297126,0.7128489922186455,0.6434085437786062,0.6137155057678343,0.5404050124091533,0.49123606764205036,0.42927430645801445,0.37610954098118526,0.34852935167979743,0.32163485344343407,0.28315186188571545,0.2590333257095744
luxO_D47E,241011_183053_Plate_1,B2,0.0,1.524024464735596e-05,0.00013079707204464753,0.00039391804743121487,0.002862771097446708,0.013143102697313596,0.05061346371064151,0.1813865402462545,0.4810719699401856,0.936104532442545,0.9759895090983565,0.6270300038117866,0.4450814149116086,0.38370092955219687,0.37075257702779024,0.3930046866019592,0.4326675844203936,0.4142447113489998,0.12216585801900608,0.08266143890112651,0.07592473986595917,0.08339469297068085,0.09379935434464151,0.12012853363613434,0.14325984320897134,0.12222779960336437,0.11815665519847209,0.11618486370105997,0.1156080953940191,0.10740936898648032,0.09722398429875803
rbmB,241011_183053_Plate_1,B3,0.0,2.286801169410455e-05,0.00024770630853432595,0.002651868629854609,0.019001188914886825,0.0824534243211351,0.3020802390098938,0.7379931825886461,1.3146459928510732,2.2723092997484633,2.919069724554966,3.048620929439899,2.9116747206335636,2.7459731578526125,2.693285761226085,2.698114422718028,2.4717220113925027,2.0691691251959874,1.791125110008501,1.6617964052867724,1.5885257706889182,1.4676189679967995,1.4352536542056467,1.4053648668778622,1.3623771264493203,1.2721346849932162,1.1730709513738513,1.062417012378975,0.85547601072238,0.6399705250259705,0.39525722823015963
vpsL,241011_183053_Plate_1,B4,0.0,2.2959946327213663e-07,1.1920038627664592e-05,1.1258365809893956e-05,1.5889295078350758e-05,2.199961636221359e-05,5.690524935964988e-05,0.0001683585437650218,0.0017369970465602868,0.007343234747571387,0.006842659805706235,0.003906928650985966,0.0023610956926463198,0.00011712254104950437,2.4158142810242295e-05,0.0,0.0,0.0,0.0,0.0,0.0,0.0,0.0,0.0,0.0,0.0,0.0,0.0,0.0,0.0,0.0
WT,241011_183053_Plate_1,B5,0.0,2.30504999478881e-05,6.405743585016463e-05,0.00024266789365738901,0.0013391982538719532,0.009176710593483477,0.04048485100625084,0.15260961840189594,0.4100941503694741,0.8689387084542378,1.1290619973919178,0.4040043536723523,0.030926746910892047,0.0022395583725094486,0.0,0.0,0.0,0.0,0.0,0.0,0.0,0.0,0.0,0.0,0.0,0.0,0.0,0.0,0.0,0.0,0.0
potD1,241011_183053_Plate_1,B6,0.0,0.0002530304358240199,0.00034105873649163253,0.00029656143912474685,0.0018740988784143459,0.0094689468688556,0.050735865551250196,0.22237249479109125,0.7263648572573106,1.4535461503404103,2.3671287441109565,3.107062165573931,4.148251043956997,4.701638442654625,4.596427364580268,4.106916104560447,4.962749172202379,5.017986593242189,4.749220841548044,4.606242250048226,4.589541696770366,4.521160514962427,4.427439594098821,4.413674277419414,4.453083624029926,4.202847915984732,4.140006901300335,3.983301714970974,3.680494775848843,3.2534643303694395,2.732940346219065
vpvC_W240R,241011_183053_Plate_1,B9,0.0,0.0003981690912767504,0.0001404896058298342,0.001039727479655581,0.008343334125571719,0.04197899544456079,0.16015137077779779,0.48279739951958967,1.2493785426628032,2.289652943368786,3.370088991357324,3.8452141144347283,4.339222325453707,4.785816266647586,5.141082618309571,5.3883697143332165,5.6570509333533945,6.735776799744858,7.428132169326921,7.965951244311779,7.9855930531284836,8.391277660888731,8.500135548070258,8.542956296341444,8.412677669071426,8.654199690232169,8.396935464858407,8.44987271438837,8.448250275566807,8.470510323454583,8.760859995398993
hapR,241011_183053_Plate_1,C1,0.0,2.4984529282044e-05,0.00013441303742615452,0.0003246672892415251,0.0018214891929960071,0.008330615435749584,0.0343443855313562,0.13336788186542092,0.45420415567289907,1.1786932435952047,2.063617990225506,2.396193003481978,2.7142458517431463,3.0681909791116926,3.4853806576794457,4.193474419478947,4.287115355312436,4.217191318450356,3.9609708442179032,3.7220378368287688,3.4555693140513886,3.246317507423586,3.026599231591696,2.795131047832526,2.618449332723479,2.2169924286954625,1.9494701232094513,1.6871818882894278,1.4393163720939883,1.195840536004476,1.051334604941309
flaA,241011_183053_Plate_1,C11,0.0,0.0004906189456835284,0.00015342223554439132,0.00039821516960931666,0.002768309579406268,0.012319638086687245,0.05782501434148393,0.2264817056501152,0.7035840372712853,1.597112658562419,2.615201044347462,3.121492842675257,3.465489196590652,3.0294767532394875,2.324193100955374,1.8687664316114863,1.3986771553297845,1.2775065892942097,1.499777564624001,1.667936995153102,1.6307503094755935,1.5555257930718527,1.4734638941355882,1.4314472763009427,1.3181671398582515,1.2029829450607075,1.1070151537482942,1.0147050056357554,0.8911054627659186,0.7520446664451965,0.6092231024125286
luxO_D47E,241011_183053_Plate_1,C2,0.0,2.2854098578999927e-06,0.0003678962754887409,0.0009115315395158658,0.004078847311053358,0.01571618433369992,0.05619788676535393,0.2023880276977983,0.4682563551145852,0.8333640956453935,0.7192527435343918,0.4592959986773936,0.3362888332333509,0.29182464672633973,0.28647369502562653,0.3282782054008133,0.3522625927710116,0.27199806981498537,0.044904726129817635,0.02912153694534637,0.033226196147890685,0.033057675848446454,0.04071449364538873,0.05412875629513069,0.0663691169115847,0.054643301465157085,0.05131854913915533,0.04848071504677486,0.046399021710408564,0.040365987633822244,0.036346508475723474
rbmB,241011_183053_Plate_1,C3,0.0,3.3043561433224233e-05,0.0003030996602565904,0.002721119147286683,0.017976479694669183,0.08055713708710079,0.2997455054067675,0.6735635689031194,1.4108072596585726,1.9778969099157104,2.1935885815016185,1.9170198086045225,1.5252261796236701,0.6890761839786939,1.0542236963300786,1.092652290042065,0.7927002012255775,0.5612300780300588,0.38811481917392815,0.38121550843246926,0.36199570758987204,0.3100638819263349,0.3556207000583594,0.4046845541261958,0.35653888941535267,0.3397861719874181,0.30496757153052617,0.2764514035594272,0.18417337652545393,0.12473583856354756,0.059756354546826346
vpsL,241011_183053_Plate_1,C4,0.0,1.6440366522539284e-05,1.611927745323529e-05,1.798924051707407e-05,3.4511776945091124e-05,0.0001010007623921501,0.0010292508451299398,0.005508842885808558,0.008216126495444578,0.007195441672528109,0.0033597932594290583,0.0013335653281892385,9.665632465484564e-05,0.0,0.0,0.0,0.0,0.0,0.0,0.0,0.0,0.0,0.0,0.0,0.0,0.0,0.0,0.0,0.0,0.0,0.0
WT,241011_183053_Plate_1,C5,0.0,0.00023408027013561796,0.00027173314280971986,0.0002594197416828223,0.00031528915146392507,0.0007876010552400725,0.0032525584798402526,0.01376136959205259,0.051093357172052684,0.1922866741056776,0.4904984665599898,0.9331305739942304,1.1165054845748248,0.5524848251470995,0.11424808237360203,0.01698462987637187,0.003569600547378044,0.0010233719454164868,0.0012354800736464728,0.0003052268875458029,0.00011481312712229911,0.0,0.0,0.0,0.0,0.0,0.0,0.0,0.0,0.0,0.0
potD1,241011_183053_Plate_1,C6,0.0,2.216464433868742e-05,6.279101334023598e-05,0.0001557175985896341,0.0015790365098962353,0.010720884464342276,0.05420716570040497,0.21284310772911988,0.6537313609386415,1.4693677376895062,2.172127247004029,2.8755018251496285,3.949872319395406,4.690821470488303,4.937495637748568,4.592771861448089,5.254385158585948,5.380003788449264,5.250068240781664,5.175800535269106,4.949036688444201,5.071095716958938,4.9861009221232635,4.971002075761169,4.834813517796116,4.849127226822467,4.793775044652492,4.673920553372463,4.493920797055953,4.051711386430108,3.384714347741815
vpvC_W240R,241011_183053_Plate_1,C9,0.0,0.000580501320749884,0.0012323158498046152,0.005487531489803877,0.04396601887379481,0.1990864516361664,0.6414936513310452,1.470897016689205,2.6072167192844433,3.4309946491968226,3.7716384533131655,4.292845052181253,4.672649219407173,4.919331478798411,5.095582772792225,5.840195920410966,6.464284468052562,6.795458271985481,6.935929974811501,6.941967640797106,7.047411451233336,7.134910459658188,7.232754020305606,7.313211202855909,7.377894748948917,7.37936136409141,7.428164270342353,7.552695745816413,7.707550776745999,7.824003563547098,8.01352695549365
hapR,241011_183053_Plate_1,D1,0.0,0.0010713065192000262,0.0013574183220906517,0.001128951984536952,0.0017513843204136662,0.003674640821299464,0.014695662289682531,0.04806255852574861,0.1623903764778249,0.5113284142103254,1.2301891575323267,2.2130217337180227,2.5691174953662,2.847062866808352,3.2656209180359577,3.716635770948694,4.569173602479542,4.820358029284946,4.848297950590505,4.7733280353654,4.531773578803649,4.442845740806551,4.2679704434637555,4.045515622943507,3.79876260756409,3.546583584297256,3.3226425536396786,3.0231013578207047,2.674328707194788,2.3592926187358425,2.0744480703064627
flaA,241011_183053_Plate_1,D11,0.0,0.001595200173691015,0.0013404790175105257,0.0017986409608775772,0.006324406299626434,0.027331857852328795,0.11928351453118853,0.4480641677006089,1.184961234366525,2.33153018929477,3.2104598037849117,3.494604683832132,3.143329224036463,2.5578286382730444,2.0261524269764424,1.54418925259536,1.1154119768595985,1.2841789191057267,1.3851695161763238,1.4793130335326525,1.4050968902761307,1.3391805983134664,1.2251109106454094,1.1488522734049895,1.0524097214497778,0.9484423570920162,0.8549815882076307,0.7580365216066969,0.6211893578083885,0.526402950740943,0.4062292349255899
luxO_D47E,241011_183053_Plate_1,D2,0.0,5.117673420946488e-05,0.00021451482160936977,0.001372821860590877,0.006516095506957829,0.027196338734289706,0.09796122424439502,0.3045209327147878,0.6337534946166465,1.0316075278023669,0.7511354051831199,0.4848301762586087,0.376118482451525,0.3509980000189625,0.36336013449991084,0.4038623401176289,0.42385824319766907,0.18616139909879326,0.056881795555250775,0.05690197906870287,0.0619177259473476,0.057516656668654007,0.06949109447959297,0.08153121564950137,0.08198721057369551,0.06499301994489451,0.06161827363121511,0.06231373544281125,0.061159590246978646,0.05239142526425569,0.03910395226266912
rbmB,241011_183053_Plate_1,D3,0.0,4.5529411890100475e-05,0.0001810397422762174,0.001468512646890969,0.013193730011274853,0.06134098104729716,0.24624691612030444,0.5818342150999735,1.200425497287607,1.7694728413462137,2.1161264905681216,2.0149794010472997,1.783648917268905,1.3048143212271288,1.4341441628598206,1.4319751373734324,1.1810789509357504,0.9798205646586726,0.8192547965225099,0.7589850397355606,0.7339639032580447,0.6943703770714986,0.6938374333382323,0.702210515073541,0.671769790911694,0.6001600829153624,0.538551580030719,0.5076003627832726,0.3906634859817659,0.30578363953218035,0.19277483692241798
vpsL,241011_183053_Plate_1,D4,0.0,0.0011032714397007958,0.0010065693376604035,0.0013608240391965102,0.0015370962657274686,0.0016092707175254777,0.0008037645518420636,0.002211158269772266,0.007890645873475422,0.005959608353957667,0.011467372177507942,0.003221891644150965,0.0004117507633970485,0.0011097060213667786,0.00027755141841798967,0.0004583697439402733,0.00013752815340211443,0.0001309505148984066,9.46978015771449e-05,0.0001513680113144376,0.0001284471640240186,0.00011592481872522451,0.0002129049824363627,0.00016545878547633307,0.00013459127831433389,0.00016379944386244713,0.00023478892680209843,0.00016799125464680135,0.00018165814827535658,0.00017461523230382584,0.00015508480732295496
WT,241011_183053_Plate_1,D5,0.0,0.0002153060113240651,0.000253171640165646,0.00029320155959383886,0.0024940171697659065,0.011084901954073382,0.05549964620960956,0.21413532072986255,0.5191236442293224,1.025966108725986,0.904640722168073,0.13428431904198865,0.006795877591499546,0.00011190478849969419,0.0,0.0,5.1202871792508235e-05,0.0,0.0,0.0,0.0,0.0,0.0,5.1535832887352376e-05,0.0,0.0,0.0,0.0,0.0,0.0,0.0
potD1,241011_183053_Plate_1,D6,0.0,0.0005000019387397123,0.0005930907036692359,0.000819832447607475,0.006635304634073469,0.03276260063952217,0.15073497260243118,0.5219339075620748,1.2386824843212698,2.0797798483381675,2.9154463224382177,4.0484710564308335,4.931850874816413,5.221228421010196,4.410349147237709,5.187510718189791,5.280340835875192,5.1098496678377385,4.953089040379643,4.854038682183375,4.884191834748655,4.852613530852479,4.813885662048716,4.783468612385749,4.849689930872121,4.570147333280942,4.477310795392454,4.170886941233776,3.7432877058872083,2.9968944232085994,2.3502768479207634
vpvC_W240R,241011_183053_Plate_1,D9,0.0,0.00044881201435676115,0.0009816584481077576,0.005129895414431947,0.03271851858885302,0.14677820144043416,0.5012801610478964,1.1949380962081784,2.407698141166598,3.3596117549376436,3.73701095421376,4.203676790954001,4.576905265800274,4.923268534586764,5.2054284349693996,5.446421056883995,6.486359266330457,7.1381901134013654,7.523896520454042,7.702073540988123,7.9896812511978235,8.088839281550015,8.194557020651256,8.360764308179473,8.446071419144442,8.450505371900817,8.50741244700572,8.564816419078646,8.635995070627146,8.687075811431361,8.775330196875569
vpsL,241011_183053_Plate_1,E10,0.0,0.0003278720807416332,0.00041131278516776484,0.0002552103823433659,0.00038660740899099143,0.00033372804160447647,0.0006309413119106798,0.0012830077670594273,0.006011540440441955,0.009223927843326369,0.00961987848692839,0.0042381131552573625,0.0032334903429201423,0.0005888467153593837,0.0011984890035317457,0.00015465478078270203,0.0004517831037768217,0.0,0.0003253982293628838,0.000955545308650114,0.0008594042387314899,0.0009161815722323597,0.0008483415600428908,0.0008999028129218374,0.0008610932202829569,0.0009129020522434134,0.0009741960654925084,0.000929044382238355,0.0010262582948435215,0.0009366397499977377,0.0009570700734445179
WT,241011_183053_Plate_1,E11,0.0,2.180319559896193e-05,3.224544525567856e-05,0.0002993824295468223,0.0024831406100896906,0.0130184397414305,0.05077740627153108,0.19184924426874092,0.43503915393872666,0.9604940145643449,1.3070164508856799,0.5597813859545142,0.05566924657446881,0.0055483482010797855,1.8199795758682594e-05,0.0,0.0,0.0,0.0,0.0,0.0,0.0,0.0,0.0,0.0,0.0,0.0,0.0,0.0,0.0,0.0
potD1,241011_183053_Plate_1,E12,0.0,0.0001632578863567069,0.00016043671536641963,0.00029034963181814193,0.001152610366032316,0.00546891925418,0.02259107890906789,0.09961748282325729,0.33994057118392856,1.0330850439146837,1.8582015192934105,2.5572222634669806,3.5873450524285584,4.64543892743151,5.165377469312966,4.504075083884977,5.074623484800549,5.379111313343174,5.388147013538666,5.40978216165939,5.303688974431841,5.199109216327621,5.088919137005719,5.034258865472509,4.9717791878430555,4.88079862366339,4.873183995294749,4.839262183517897,4.789803881535244,4.659001606451011,4.514579806799119
vpvC_W240R,241011_183053_Plate_1,E3,0.0,0.00017250566057310022,0.00020712605063513023,0.0001671584941171232,0.0007414822285803937,0.0034521359766968365,0.012793972722259666,0.042986068500654985,0.12931825182857884,0.3673781450365536,0.9599126517994706,1.6739728554565887,2.760354078380021,3.3668364228459167,3.628985018348817,4.015409685621757,4.345660250975464,4.577792725122704,4.785282988528743,5.073096680254123,5.669836901553703,6.4384618762231245,6.88487799116694,7.12804251428389,7.137734345859363,7.355416347279095,7.4666386748784435,7.532026838260156,7.595631923988919,7.652389194355145,7.5030599519692736
flaA,241011_183053_Plate_1,E5,0.0,0.00015510419499873286,0.00041450253600460135,0.0005068449523253594,0.0034140217054276097,0.02208368089637293,0.09729188463410565,0.38680838141072277,1.075920103888583,2.158036907543384,3.0658599103744946,3.057932698368096,2.334715813813581,1.596561724885088,1.086273751398855,0.7313536894408301,0.4877405278823896,0.5824514574373034,0.737306153981312,0.6825889700228276,0.5810056410777245,0.5403358280331885,0.4674422399247031,0.4242890856387309,0.3513074270568689,0.27696124793700644,0.2686532643859067,0.20840217300188824,0.18902500361885308,0.14208080635075676,0.09123648283747564
hapR,241011_183053_Plate_1,E7,0.0,0.0005670885802232902,0.0007838017328710518,0.0007482873094661401,0.0028498091086784547,0.009977077185965076,0.03568632434254344,0.12565737846402647,0.4063635174857637,1.0599833541466295,1.8840437729947994,2.4652267721827785,2.6734508112998725,3.064352232683096,3.444428255383446,4.188541830949546,4.357076174588032,4.389194578068831,4.208998604295499,4.084483313083384,3.7849662599030984,3.6058713509590437,3.400280263878428,3.2111030947587214,2.932226258852153,2.7204446915770593,2.469713959123077,2.1658963061546848,1.946461589292433,1.700877117751812,1.4335303646939377
luxO_D47E,241011_183053_Plate_1,E8,0.0,0.00010882302414122453,0.0009361536202453079,0.003600847475167012,0.022148563736270065,0.10530578275759023,0.302502581369578,0.6597812319978212,0.8220888814837964,0.4950326012353555,0.2782577276977168,0.19454282041040244,0.15537300756440783,0.16935669140128395,0.1739901118422924,0.11515062248557285,0.0054534459628483275,0.0012365339232322191,0.0015628564612081626,0.0016836192774706512,0.0026936846163428127,0.0050213622156460806,0.00461323960264098,0.007319936365588656,0.0064128606476459285,0.0055573772804408455,0.006313785946179624,0.004948982116717968,0.00509971276905874,0.004284173163493976,0.0021793753887798355
rbmB,241011_183053_Plate_1,E9,0.0,0.00025637051304103404,0.0009931196475275066,0.0005877463861783784,0.005735271076390866,0.02926098108129303,0.10703276388607341,0.33672362142422607,0.718130344905278,1.4030259735181532,1.896403934600841,2.092699303260975,1.9911030001554684,1.7733814743604879,1.1141736801893565,1.369244403052464,1.4002989253801934,1.154460120169399,0.9279821061360582,0.8601386163365844,0.7359817195863307,0.7660663565468004,0.7404319903588835,0.6697390004230047,0.6325920397520918,0.5977734727337576,0.5726540937736005,0.46028529178356603,0.40525478853905417,0.3395171922289544,0.2319565338318335
vpsL,241011_183053_Plate_1,F10,0.0,6.634505452543473e-06,9.946440110592179e-06,7.690026966176571e-06,4.0074495700745414e-06,1.4078602526877964e-05,6.385435011358416e-05,0.000462424115564603,0.003118623680666901,0.01341507453792389,0.008453320229691403,0.011461290372626122,0.007605374180909467,0.0037164726576640363,0.0007599116890476623,0.0,0.0,0.0,0.0,0.0,0.0,0.0,0.0,0.0,0.0,0.0,0.0,0.0,0.0,0.0,0.0
WT,241011_183053_Plate_1,F11,0.0,3.528306202390591e-05,3.420345471713241e-05,6.961012905743721e-05,0.00023133483079090109,0.0018815566130700693,0.008556741007384341,0.031827686653489416,0.11675558631686137,0.31335085202594576,0.7290112515940004,0.9384255696124209,0.49707947567031785,0.09369642377620505,0.01695949812514535,0.0009242878811540157,0.0,0.0,0.0,0.0,0.0,0.0,0.0,0.0,0.0,0.0,0.0,0.0,0.0,0.0,0.0
potD1,241011_183053_Plate_1,F12,0.0,3.87363287588713e-05,7.585043939066003e-05,0.0003516859114042208,0.002754825815383034,0.015810669659993472,0.07056677275583198,0.3116752057713056,0.8804453843125138,1.709852561666256,2.4279188382949033,3.3403045992068057,4.138159287230948,4.048031406273663,3.0222253344850225,3.6079018070621554,3.9520135240017544,3.834473449057169,3.7319876134386525,3.703627235708066,3.708532672128581,3.6087011892234973,3.5891879182227466,3.5267876906064846,3.4707057453523835,3.372663760303334,3.2706866589022803,3.1785180227660987,3.123836751818627,2.6062488736692053,2.1068250875928243
vpvC_W240R,241011_183053_Plate_1,F3,0.0,5.202166838047402e-05,0.000817699870149024,0.003618970705322494,0.02706358030357766,0.12381369676902931,0.36985142127210985,0.9395344925027653,2.1454359214444962,3.149455368445848,3.644266840498867,4.05489360021603,4.45017286445574,4.79129189735469,5.050538360431302,5.2549576266944635,6.097034138559114,6.8998163324518815,7.258882240552791,7.348111025569552,7.603260596551812,7.559508918833133,7.620626577128705,7.662125164826837,7.848289921156827,7.76626714533312,7.812301740265849,7.82319836307671,7.889049650483127,7.903150957790711,8.020240749116764
flaA,241011_183053_Plate_1,F5,0.0,1.3946620539476652e-05,2.5802225741460133e-05,8.182137539043784e-05,0.0006080559964317157,0.0026548638552256467,0.010103562543245025,0.043408089850184885,0.17435421760981595,0.5846749208956927,1.3508489161598594,2.3478709436913427,3.3245379848466348,2.9073822798535454,2.344332208002793,1.9369004356006085,1.51697949563662,0.9714802527099495,0.7058975173271117,0.8613996512260899,0.9247463237806364,0.8680480390302648,0.8098143225855702,0.7190466951415957,0.7019274911208264,0.6167424977687251,0.5813785478736453,0.5373724696076775,0.4911934201055083,0.4507985388827137,0.365466516192228
hapR,241011_183053_Plate_1,F7,0.0,6.917639752498663e-05,0.00019897730818370176,0.0015428842794409834,0.004022296690973967,0.012738774357455298,0.05225207609381302,0.1943899058858556,0.6086441472238114,1.4496761054217688,2.199846473828501,2.43636180661589,2.6935891826990215,3.055336528745132,3.403081077474763,4.078960333378519,4.134453425630812,3.927332658287805,3.6988909983897176,3.451195082559137,3.2249061301312607,2.967447961122605,2.753966176940644,2.5230693243790263,2.3512285761511706,1.9604330881188687,1.6997988580189154,1.3724703544719101,1.1900365386603613,0.9305501873705201,0.7949660647751817
luxO_D47E,241011_183053_Plate_1,F8,0.0,4.895591841607738e-05,0.00016952967574818652,0.0006597293019176505,0.0036088344084375347,0.015039661452436777,0.06271506902543832,0.19295230203605776,0.45563986021261726,0.9723934597218395,0.9742278321223617,0.6386268968988461,0.44309539865173364,0.3761504965267057,0.37373785777175583,0.39563768545241823,0.4224727700593885,0.40875420048370126,0.10127610216429601,0.0613029145931655,0.050939021508801925,0.05025698193428277,0.052690743157386075,0.06556310722809885,0.06727005866049554,0.06332488399032285,0.05592975969011263,0.047299281312741484,0.044820674971081394,0.04047748114812486,0.03962798997046686
rbmB,241011_183053_Plate_1,F9,0.0,0.00018519283121070824,0.00035860438912697646,0.0014516039051526177,0.01098249035205305,0.05298521112210179,0.1990345683699764,0.5156900794925777,1.012067171569847,1.8767218657606175,2.33292745286851,2.495443591761996,2.348302301086194,2.106288599372438,1.398820205479798,1.7675937950325504,1.5960579395741714,1.3428526200931694,1.1479773201031545,1.0464157262205824,0.9666157116455512,0.959579001870337,0.871911061851781,0.8446920089739893,0.8215550683480288,0.7274319485119218,0.6494953644440891,0.5294425156395444,0.45277465732949745,0.34150250627911677,0.21004293615309358
vpsL,241011_183053_Plate_1,G10,0.0,6.161686921179e-05,0.00014110541699689273,6.105907661749566e-05,4.2959060177568074e-05,0.00012222956515921306,0.00042105654013569827,0.0013130582632524441,0.005091937301227367,0.005798638480851211,0.006504869514353226,0.004655088626424231,0.0007436336653854102,0.00043895505649545343,0.0,0.0,0.0,0.0,0.0,0.0,0.0,0.0,0.0,0.0,0.0,0.0,0.0,0.0,0.0,0.0,0.0
WT,241011_183053_Plate_1,G11,0.0,0.0003327602829294888,0.0005042656892371893,0.0004367941699540194,0.0028931088308507143,0.01387381944910659,0.06594551057441793,0.23737786700887875,0.5655280696106618,1.1054351150179451,1.359406244348318,0.554728753002826,0.06152142219257585,0.016282194787944546,0.012069490923942949,0.007227281465945814,0.00752526716693582,0.003171150973478967,0.0021451490186190835,0.004978684250016446,0.0016933902246737392,0.0023150426396297166,0.003985199286245625,0.0035560179389781295,0.0016036320404108314,0.003020524716315462,0.0028624067509215685,0.004869427775226656,0.007345241328544272,0.003886657327881241,0.001350956521438668
potD1,241011_183053_Plate_1,G12,0.0,5.507221650775074e-05,0.00012335644455506415,0.0006274992136539997,0.005725142537251302,0.033802521059655914,0.15272512855575435,0.5079355441983506,1.2740794715113972,2.2570783042061784,3.0816881185580227,4.152261932080841,5.330828644173557,6.055783932467879,6.415034555161746,6.848172486335317,7.3636184911072355,7.445240004238059,7.411774695651478,7.204808080059654,7.141597836820688,6.952787020539586,6.763592329615623,6.738104123363589,6.761121220198608,6.574244824482786,6.491248652243256,6.517011723439916,6.172809923025763,5.959696899258564,5.572116996692809
vpvC_W240R,241011_183053_Plate_1,G3,0.0,0.00015515285478795665,0.001132700112474072,0.0041755432603991244,0.02862496366256313,0.1357093834326339,0.42223401875712213,1.2095934135404047,2.1551852673392835,3.0500445425971385,3.4132094828600956,3.6938562216278625,4.109772426162631,4.440620404788929,4.6961415450247985,4.8943923336644755,5.492842201544206,6.302304081731192,6.71981657613537,6.984140349819283,7.068579395825312,7.269925658632132,7.380169239646418,7.471320072962097,7.5592674924462475,7.598719239147974,7.752659792400475,7.836742650889454,7.906303545014475,8.018255435066601,8.1274099891324
flaA,241011_183053_Plate_1,G5,0.0,3.189558899515051e-05,9.671778472397248e-05,7.127775005821966e-05,0.0005673499359905892,0.003018799554244519,0.014227408121449622,0.057862470207551246,0.21564176788233635,0.7200222316251138,1.5938563449325445,2.681464696047934,3.704942039798418,3.4715871857344203,3.060080456931761,2.7020964868051,2.1851638037560432,1.7097592012130451,1.2451228842962996,1.2825437736322218,1.4461469331607328,1.315036153942788,1.234896704568134,1.190138191875892,1.11004488771092,1.0026105468095188,0.9369994820019087,0.8412605441786707,0.766201147373052,0.6476799851443634,0.5780093456728392
hapR,241011_183053_Plate_1,G7,0.0,4.054047270319621e-05,0.0031714566018967143,0.0030526231904158463,0.003988916985095202,0.006202099424521725,0.014171632607138655,0.0368644717351221,0.12835163006455433,0.4466244104076926,1.1836995307058646,2.0850355202124553,2.6561604018634726,2.900008609731982,3.274019814337842,3.68384117295327,4.484794745877445,5.057722032667786,5.232351155348496,5.112825030705478,4.766502222573854,4.560690240380805,4.301925292535655,4.0351150276981675,3.7291137700322126,3.4959233667951817,3.1970542859867903,2.887255076932682,2.5766237828077623,2.2495837871369404,1.89268630262838
luxO_D47E,241011_183053_Plate_1,G8,0.0,8.261356826186537e-05,0.006143353897512255,0.006017077865603762,0.014029596314195961,0.04287335715407946,0.1612223208419723,0.37921148216539546,0.8110774306656556,0.8120052837658358,0.5158061112879369,0.3319602788109731,0.2570185456023312,0.2364198790804628,0.25012051221377807,0.24678788510742844,0.17704891059930597,0.0330872763285294,0.02551142197390161,0.025414676869875964,0.024293185763219163,0.028178205805559204,0.030775535746476547,0.031727292734043136,0.030211758987888977,0.02715635558202837,0.026879600690118886,0.02712830063208418,0.026921498534196443,0.025946539200184946,0.022678823690892132
rbmB,241011_183053_Plate_1,G9,0.0,1.8768913992483613e-05,0.0002530129942723025,0.0012609457423105896,0.015526304821113435,0.07925103370947276,0.299240917570465,0.7188040649666314,1.3089524765017326,2.019518752137673,2.430306551948914,2.443184409305892,2.1734996991679254,1.8806712938153347,1.689015591918795,1.6382402789009787,1.3539831790539816,1.1376724928871833,0.9456501037664627,0.9160533688019831,0.7325599519727569,0.8098696968371882,0.7518953967234435,0.7569557874205274,0.6696410254488254,0.6617845025534902,0.6020590920479968,0.5292741859398793,0.4591194230293897,0.3371446596801584,0.2279539518457321
vpsL,241011_183053_Plate_1,H10,0.0,0.00044545253608854605,0.000265421120145567,0.0002478186219620644,0.00034701289302313624,0.0005503259649822646,0.0017451191384811962,0.005596139256573504,0.0036939897752274777,0.006284721151791679,0.008515390886882577,0.0029298670348493375,0.0009100520170900846,9.393465343697066e-05,0.0,9.862247841142273e-05,4.483872711086312e-05,2.1915188685317194e-05,0.0,0.0,0.0,0.00013568839739379603,0.0001723274263726324,0.00019031416702312983,0.00020225694855145594,8.395826642283735e-05,0.00013410506830936552,2.129503251206587e-05,9.735210078888455e-05,0.0,1.965912062681747e-05
WT,241011_183053_Plate_1,H11,0.0,8.020140433443543e-05,7.036718469239114e-05,0.00012742457280204826,0.0007492043284736125,0.005336704534416813,0.026614151374581434,0.11450201478108255,0.37511012936744054,0.868986726223153,1.4371064846900414,1.1200706367239894,0.15057058865257947,0.009364496852355412,0.00013101447617165242,0.0,0.0,0.0,0.0,0.0,0.0,0.0,0.0,0.0,0.0,0.0,0.0,0.0,0.0,0.0,0.0
potD1,241011_183053_Plate_1,H12,0.0,0.00014299883520267295,0.00019073561991717815,6.808052904758398e-05,0.00031314935127700215,0.0006096693734041318,0.003250009525460818,0.0125957984410401,0.0530563008270867,0.19271958973731929,0.5851962280108653,1.256119555271919,1.8859210136263447,2.7713370395469674,3.561441606166505,4.302388082174782,4.90765306250758,5.092738489070826,5.5298021069231185,5.616757805661805,5.5039244083505245,5.304861597774681,5.200475515796893,5.151823751826938,5.0900259532669265,5.008853854352134,4.966542040929756,4.893610205798927,4.924162012849588,4.915598063826697,4.94236796999692
vpvC_W240R,241011_183053_Plate_1,H3,0.0,5.5455353496026643e-05,0.00016413249189754138,0.0007875910236727503,0.004511124935013383,0.021145681200231886,0.08925859214713167,0.288415839897746,0.7739742076282671,1.8280067022851862,2.6523545589756923,3.4282867947910054,3.735807834906261,4.116013799841991,4.477420206353381,4.807709894819644,5.09499786554023,5.285766576254147,6.212804444396733,6.835818945563707,7.209973334073811,7.492895967958505,7.7054314409564135,7.773036179453621,7.912716659126388,7.9595631422410555,8.17257678661465,8.179740663224951,8.216454862081589,8.348574281955216,8.368284639815286
flaA,241011_183053_Plate_1,H5,0.0,5.518270218392306e-05,0.00016721840263717088,0.0003860904823268828,0.003057713007043742,0.017657224395871675,0.09121411913005885,0.3747763256209413,1.0624195537093633,2.1904566593065384,3.2825174212621757,3.237009817999434,1.9760482926895908,1.0859987526999981,0.5909005115757981,0.3001102197560419,0.18844647644367507,0.26652039935585914,0.389580243903766,0.42872999361511643,0.36130261322816387,0.3358122000313194,0.34090746714412656,0.33110988947365416,0.2781675037812217,0.2689095575555637,0.25011278790694,0.19979149025069937,0.1861949981616108,0.1569474152416332,0.11494868703537864
hapR,241011_183053_Plate_1,H7,0.0,1.4875645326720171e-05,2.030341475735927e-05,6.56114259440337e-05,0.0006095157566698724,0.0026251648651515968,0.010549839553788642,0.0322786122923301,0.10654912196233954,0.3625175029079877,0.9513773261820055,1.9394482530690798,2.724745960136321,2.903335344964457,3.2639574166654888,3.7306701342636814,4.139540968436782,5.222322931882155,5.48740107942869,5.555918690552209,5.494257990078934,5.404934908329343,5.23870715640379,5.059947970579447,4.823089625066758,4.576453176499624,4.358047631567506,3.9843118269231956,3.6998531594501394,3.3407256575258724,2.996445477132377
luxO_D47E,241011_183053_Plate_1,H8,0.0,0.0001257631713730055,0.00019418872614706636,0.0006251567089300546,0.0036969526320746226,0.015018662706946968,0.05734730709297781,0.18082856440866374,0.4774211883323593,0.9179210460060147,1.216547162253865,0.8618525430521257,0.6261639451663106,0.5263854289366872,0.502506018574659,0.5394287402773649,0.6092029724007688,0.6629190059405061,0.3241064978773726,0.24132845872540537,0.17460756149868023,0.13736248541164547,0.10546983900957611,0.09103245413356688,0.07766690209965652,0.061239899631103746,0.05942883724918235,0.04656858194899852,0.04001064811859592,0.04079067604271751,0.03514782980869223
rbmB,241011_183053_Plate_1,H9,0.0,8.494636911635427e-05,0.00020558335608606587,0.0008918027235719212,0.00596618973089213,0.02876783993207626,0.11036622026865499,0.35244427114292665,0.7028058551555508,1.4718615853257844,2.0810910410642833,2.40059726279908,2.3937006271422403,2.2454513164171526,1.5889589337658871,1.9686843866268868,1.9720632191323222,1.7901545893086441,1.6076273461667685,1.5540279463164297,1.470586104979335,1.4802701788094133,1.4552687042038488,1.4114124306765579,1.4396505570400457,1.393294818198776,1.366894006828892,1.2912117165696853,1.2332300599732375,1.1311272964721952,1.0149992649438708
hapR,241014_113135_Plate_1,A1,0.0,9.611693396764698e-05,0.00012365517794220524,0.0001860630161742095,0.0011993493107452903,0.011513034534415907,0.05397604708332842,0.2459224818576841,0.7426802652271164,1.5713276516718815,2.328389439320446,2.8051635514342594,3.3341564522264266,3.8913408660325914,4.685803279251087,4.790283791715933,4.461659544056487,3.9669802880607747,3.6119955559320798,3.296748068911099,3.0345558026517905,2.668186712909034,2.335310752632898,1.9490241866034257,1.717527780701523,1.2420734884617226,0.8196782958562918,0.4922569401221529,0.32525852306864445,0.20445562735084816,0.12556028626777146
flaA,241014_113135_Plate_1,A11,0.0,9.757308284156767e-05,8.840447775448047e-05,0.00021006715904432074,0.000998567156407551,0.006508902204416717,0.03290519936900606,0.14638616778948582,0.543897134748213,1.4727713147276693,2.5877661121408986,3.402246183565101,3.440459098579662,2.7710033896178334,1.922944786650542,1.3315906476004375,0.9702505831876045,0.9487139450579836,1.1507473033492528,1.4135263494197898,1.3686674541772113,1.283483731490304,1.1205120256861625,1.0197397823976102,0.9885179335269477,0.8452999219537096,0.7759577159963116,0.676370602071194,0.6103347003874923,0.4811791405177436,0.3718570659653784
luxO_D47E,241014_113135_Plate_1,A2,0.0,0.00012036702411765034,0.00030789919676474153,0.004286360312678659,0.04029524769615129,0.22594700973642332,0.5595381538855105,0.49390970102787546,0.046724492568318864,0.00661322381685518,0.0009705791504559616,0.0010921003532080023,0.0015085883570801315,0.0014634299861144297,0.001173335450365578,0.0006098776956188544,0.0005470859024914519,0.000662408332286695,0.001072876793871515,0.0007679948584873619,0.0007028219725403817,0.0005188592121147115,0.0007978634489262708,0.0007565692376930485,0.0006204357195940355,0.0006977144334768839,0.0006698828530984039,0.0005683001929244555,0.0004995053761572676,0.0004749034923167007,0.0004412897432845989
rbmB,241014_113135_Plate_1,A3,0.0,0.0005091337413501505,0.0004893162797896361,0.0023534554503424495,0.023331492842605592,0.14077674272515092,0.399417620145661,0.9566149412351135,1.4512632331263589,1.3303031293732017,0.816094217483446,0.4762542094180659,0.09690773579507252,0.20627858382775785,0.19644113402103583,0.11565443454733573,0.06322855419318434,0.055029809728824375,0.043707779580077336,0.04518275703709049,0.03829914636726191,0.01829634156890411,0.015754038787375503,0.01315453868406081,0.009054614381292531,0.004554244623990769,0.00325803879194544,0.0016066896621306126,0.001531300895531251,0.0013912457033804454,0.0014001193603251276
vpsL,241014_113135_Plate_1,A4,0.0,1.6012029966994542e-05,2.668980945532484e-05,3.303999688296911e-05,5.079231986828329e-05,0.00011363585581993326,0.00031645423775585036,0.005075167463257869,0.003622436946217863,0.0016660928586937195,0.00046253846874436355,0.00017272662925036029,3.133232317772522e-05,0.0,0.0,0.0,0.0,0.0,0.0,0.0,0.0,0.0,0.0,0.0,0.0,0.0,0.0,0.0,0.0,0.0,0.0
WT,241014_113135_Plate_1,A5,0.0,5.5567410784412764e-05,8.918600372598882e-05,0.0003100536764785125,0.0037159536912479054,0.030620305936191805,0.15134982742673836,0.41916770301232853,0.7305898859049241,0.27565315830904863,0.0026383557074090252,0.0,0.0,0.0,0.0,0.0,0.0,0.0,0.0,0.0,0.0,0.0,0.0,0.0,0.0,0.0,0.0,0.0,0.0,0.0,0.0
potD1,241014_113135_Plate_1,A6,0.0,0.00014235248794468587,0.00020927631040291436,0.001015105265171908,0.016190793834216965,0.14170599355704475,0.5810662986214655,1.593593384114474,2.421157762551143,3.646109572538824,4.677994707247551,4.921558888006614,4.700224392924899,4.190124812272976,4.196810851893167,3.7526571897660657,3.3572238406522867,3.069335647820261,3.075744080534091,3.0055073262800223,3.1818875593524822,2.8292079476401786,2.7069526347915054,2.6011741712694083,2.160794451646003,1.7892518820038845,1.3344101199119915,0.6785538723831794,0.19701592276545846,0.049008325998852735,0.006221207821465354
vpvC_W240R,241014_113135_Plate_1,A9,0.0,0.00024685194000863595,0.00040194528085152624,0.0004325153052284438,0.0006780195911076036,0.0031391362295271645,0.014161793645909122,0.05334884473719004,0.18235322888739447,0.5299428902175716,1.4049755751886486,2.4481850787388515,3.0953404129122686,3.4913084445643157,3.929082364260128,4.377427549599988,4.813136638355331,5.151948143261732,5.795441085960075,6.773427612603804,7.279627521774928,7.5480836324243965,7.67791083916492,7.759975413185803,7.9303371740048005,7.97177958492593,8.08496308393675,8.118822967504668,8.192625208293478,8.28910414139951,8.3466699560919
hapR,241014_113135_Plate_1,B1,0.0,0.0008754188334358632,0.000983089384309142,0.0008190486478140403,0.0010912663287008415,0.002478396481271715,0.005657913648143097,0.019947993652052062,0.0826853207190647,0.31761450220774945,0.8890727997179959,1.7193166766635184,2.1906147568075345,2.548581873901095,2.996076984226078,3.398569279755968,4.119076571099663,4.304486017287414,4.282509528369276,4.02015501822781,3.803058325322767,3.491991259913374,3.314867219562537,3.0745909184318565,2.8910733589639417,2.6775542573515416,2.4135807191214025,2.1436419428217244,1.859008525445917,1.6138999514590568,1.368938239617793
flaA,241014_113135_Plate_1,B11,0.0,8.38789702270118e-06,9.991527993078163e-06,1.799019284719852e-05,0.00011361351886336267,0.0009906017575682133,0.006290835325197393,0.035002438959637026,0.14786556983645918,0.5516000409092888,1.3972904583402905,2.4322083364818408,3.3025165545068935,3.5018099573769152,3.0673641773330034,2.4481097082297048,1.7964334810497875,1.3053590353327198,1.2143272432825962,1.5480470590018685,1.737340259916934,1.7292050600813904,1.6642942655499797,1.558504834180944,1.5092415458670323,1.3658901813255253,1.2625150138253458,1.138800977333806,1.00300712810432,0.9079135544454713,0.7403165604575638
luxO_D47E,241014_113135_Plate_1,B2,0.0,0.00014790659225909512,0.00025484485209328265,0.008198503706744239,0.08859868889783665,0.32066520214607824,0.24496048799005085,0.0157139352563063,0.0024138498995112125,0.0015505537470443189,0.001374405243177,0.001330003252387386,0.0014238184699838193,0.0015795121399415346,0.0013780136648198808,0.0014459176784088646,0.0014893647977436441,0.0014100111544758892,0.0013154444387327982,0.0012812030212210632,0.0014452024276587977,0.0015983231343526208,0.0015397785730751716,0.0013918441866868827,0.0017402309563564753,0.0013831117073329804,0.001557541870595136,0.0014164617866495876,0.0015732763170627603,0.0013787610165853783,0.0013370973092891247
rbmB,241014_113135_Plate_1,B3,0.0,0.000145850435280504,0.0001888842339784776,0.0005236581132902655,0.004054505378560664,0.022694956457459562,0.0773407624705914,0.2625140120618869,0.5556794111993852,1.176686595745204,1.4795501797841473,1.5350565805824203,1.3958183592743278,1.2005958333007367,0.5809145878849974,0.9115413704518416,0.6784996350425245,0.5492847551713443,0.41534039257047917,0.36474508599669064,0.3094785065345316,0.2737731422772108,0.22894842124064282,0.2175502334390997,0.22882138815978706,0.2046173495915038,0.1822333516578952,0.14260829291139984,0.08895297041709606,0.03971460386026832,0.015498203057188412
vpsL,241014_113135_Plate_1,B4,0.0,8.044650896267247e-05,0.0714171487177278,0.07278330774505755,0.07963054796440308,0.10418862729433005,0.1252507455387687,0.1642633904756719,0.21503507206611783,0.24852521212567652,0.2697006603300089,0.2623851064217977,0.18548782616709394,0.1929821827312546,0.18664087457823267,0.1842370368516801,0.19051562095809255,0.19715580962790957,0.2060753242106771,0.21154012751278484,0.20907937067324656,0.21185998738070627,0.2044904903911483,0.1400806723318039,0.010211537652502203,0.0,0.0,0.0,0.0,0.0,0.0
WT,241014_113135_Plate_1,B5,0.0,4.6683720934866005e-05,0.00010965308952314882,0.0024673885080635795,0.02663941888635238,0.1279709722109493,0.34791898430993906,0.3819138994617235,0.02364672147028001,0.0,0.0,0.0,0.0,0.0,0.0,0.0,0.0,0.0,0.0,0.0,0.0,0.0,0.0,0.0,0.0,0.0,0.0,0.0,0.0,0.0,0.0
potD1,241014_113135_Plate_1,B6,0.0,3.144398923498578e-05,0.0001241953778425012,0.0010502534026153312,0.015495707203238668,0.13528133645499918,0.5899828906742864,1.4918430630120152,2.4424267584646104,3.5364335107265075,4.277465321934138,3.877270656583706,1.0686078269590304,1.980307629297446,1.8350669862436073,1.234698882060542,1.1127449174942252,1.152447052116312,1.2393581438189722,1.287829272700014,1.3270937634783946,1.0324563321520488,0.766851460443987,0.6040715582070444,0.32835112151982204,0.17108591960084726,0.05230566004504968,0.010837837826352748,0.0009995339319889412,0.00012508634821349385,0.0
vpvC_W240R,241014_113135_Plate_1,B9,0.0,3.824614090307415e-06,7.934105699462143e-06,0.00013663054213355455,0.0022024209752660494,0.023881254164101855,0.10828295799515951,0.44781148589518793,1.1851147173465535,2.4811528215862553,3.6417901134041517,4.142771333745849,4.69801203106768,5.197072808161232,5.60884858359947,5.943828029788823,7.222108521063376,8.163469461028479,8.623759233578783,9.013402027648658,9.08392461469429,9.138270965047434,9.237834939490597,9.309334601193404,9.326889844007109,9.40065329606894,9.351386931407717,9.303086272294035,9.370767919474046,9.409471712516236,9.292504975082666
hapR,241014_113135_Plate_1,C1,0.0,5.940392752997922e-05,0.00011896275850991963,0.00250157642388293,0.028182183656388,0.24282301512674664,0.8013658034639991,1.8458301892090836,2.4480769384431196,2.7785990248856782,2.946404140456962,3.0505001095077935,2.958779349413987,2.639226046189892,1.9982809878371357,1.4300984317588108,1.0907250922052554,0.6972799997347208,0.5544285416314328,0.419356463670773,0.27766843330694635,0.12028742028709356,0.06523559661816639,0.02179283767131627,0.009358515363146813,0.0044870558611518506,0.0018210365018013178,0.0004937439795357141,0.00021441622467801647,0.0,0.0
flaA,241014_113135_Plate_1,C11,0.0,0.001231137207521382,0.000934624207491378,0.0013378857236035276,0.0068739482641839164,0.06731816336966087,0.3193398983485957,1.041880254002907,2.157664803272849,2.942384758939452,2.36729339556927,1.2021295261900573,0.3861065595854444,0.09774149279377137,0.02443152910184501,0.011551049493168646,0.01243592669016984,0.023128799005921834,0.026367176862195543,0.021730260754360905,0.023188747652238807,0.017723362519226387,0.022404825473682773,0.026422631366352204,0.03541052311830072,0.03998462355787773,0.050420509857056366,0.051423474651946584,0.05980611112074404,0.0420716195807305,0.052881494078787276
luxO_D47E,241014_113135_Plate_1,C2,0.0,8.926554067943011e-05,0.00016292598192028734,0.0004785892907821927,0.004777153807633593,0.036272803206752115,0.1683202499286975,0.4483870236633039,0.8549736298308884,0.3972269599124149,0.0852412838202014,0.02190745167182722,0.015402715911704959,0.017116966312485233,0.013763559148813432,0.010015028611458109,0.00038807954149551205,0.0003376660737987158,0.0002376018585317585,0.0004251504762615464,0.00038341939027144593,0.00033649381159229943,0.0002844855186349216,0.00025944441933843475,0.0003292560023308347,0.0003618362926097005,0.0002976823731450317,0.0002077194044668103,0.00032488045335940855,0.00024378001996156503,0.0002766166368486455
rbmB,241014_113135_Plate_1,C3,0.0,0.00026745989576184464,0.00032902983061399024,0.0039041789983829743,0.04010358791475071,0.21874540774527979,0.5062089041431564,0.8897102723827587,0.7098409264414358,0.30777073251361453,0.10283550930451903,0.03676782293414274,0.0021613580250981596,0.011435124701194267,0.0036130074066893043,0.0007807980809834636,0.0005702234115728941,0.0006157783303948388,0.0006456612325364607,0.000596525077619078,0.000686997175089743,0.0007870703518901747,0.0007273254801440765,0.0007294878847960319,0.0007417493357796239,0.0008495553128117514,0.0006620588324811924,0.0007367808342392106,0.0007453275289663073,0.0005691794263616813,0.0005244839119122222
vpsL,241014_113135_Plate_1,C4,0.0,3.649557756613013e-05,6.738422458433278e-05,0.00012481855886768573,0.0002629670376421537,0.0002924786380386263,0.0007253556147075902,6.087230421569441e-05,0.0,0.0,0.0,0.0,0.0,0.0,0.0,0.0,0.0,0.0,0.0,0.0,0.0,0.0,0.0,0.0,0.0,0.0,0.0,0.0,0.0,0.0,0.0
WT,241014_113135_Plate_1,C5,0.0,2.0504602521402402e-05,6.810459812144552e-05,0.001952688718146195,0.018225306703153893,0.10849889082562383,0.2573038835032415,0.2876348890694308,0.023514033929310375,0.0,0.0,0.0,0.0,0.0,0.0,0.0,0.0,0.0,0.0,0.0,0.0,0.0,0.0,0.0,0.0,0.0,0.0,0.0,0.0,0.0,0.0
potD1,241014_113135_Plate_1,C6,0.0,0.00016219007282924843,0.00039039048022095025,0.00887087820053411,0.12518451044359652,0.6863216493462717,1.4593837199964965,2.174503190285715,2.6489336607646194,2.080718602408171,0.9372010161894101,0.032252839858337275,0.15681150756755316,0.09793975669032567,0.039742745081691476,0.024072437780440215,0.02893150361539428,0.031722595285451766,0.030185474275191568,0.03539699387783896,0.03044756100936265,0.014952338665211217,0.008118754752846877,0.002300182009552964,0.0005460355639542685,0.0007014040439379584,0.0005148025800438785,0.00048388809839596566,0.0005461893478813166,0.0005427533354421453,0.0004828714525495615
vpvC_W240R,241014_113135_Plate_1,C9,0.0,4.138103979856446e-05,0.00010449364713032631,0.002900885168084588,0.04582507762395445,0.38456536977147837,1.2984566482439486,2.5099572633636344,3.4045793923699943,3.683729086907724,4.140651462939339,4.515138230713384,4.826407733151337,4.92053091986456,6.382323219175095,7.2539065831610205,7.503019156928831,7.445805784635026,7.194615338889228,6.823662023511611,6.54628223183508,6.084267965984989,5.667576722558914,5.326077426381341,5.114391627135616,4.818555289760045,4.634636266967901,4.682222678488246,4.685441072793643,4.193069812930288,3.524444048971576
hapR,241014_113135_Plate_1,D1,0.0,0.0002397531415194095,0.0002669324225766247,0.0004243923974067256,0.002888915100693146,0.025972389880402888,0.1415265823193445,0.5574581418398274,1.3479237780058457,2.2366451384819905,2.6066238536557065,3.0710058369022786,3.440663073781878,3.9488872194843747,4.017883470123391,3.6638908600028532,3.048636110545113,2.5348632374482922,2.1278857612915685,1.8061369492433554,1.4885010129200944,1.1208365803275908,0.8441039584975669,0.5458948879418548,0.3355519343610029,0.1845239798033619,0.09591311258279622,0.06452047962233044,0.045998655170871344,0.03072868364568418,0.024696382542283526
flaA,241014_113135_Plate_1,D11,0.0,0.0009105585778012937,0.0014745007569340021,0.0017417924032487203,0.004956446940347933,0.043806055501276336,0.20977475892001565,0.7453006443658841,1.7806953563408119,2.8258152046947234,2.7786937897583144,1.6248985618710257,0.7194260221406026,0.34976415067689987,0.19527725820490077,0.08956324415899279,0.08060372368574469,0.0954640862540352,0.11124051148704674,0.12238410479766604,0.10110295062460474,0.09681917043104134,0.0850645944811012,0.08247615585268701,0.08468052589460665,0.09280667056871415,0.11275242918756684,0.08801356763907223,0.11891758970612391,0.14540014497426035,0.11543022901768643
luxO_D47E,241014_113135_Plate_1,D2,0.0,9.347053963095716e-06,7.561109288206587e-05,0.00142230858534761,0.016633607947720987,0.11118725055227784,0.32887205412314796,0.8126703098021768,0.30609015072785184,0.040926311526937535,0.005783236279893296,0.002800648944876614,0.0027715454955159207,0.0033287206134030335,0.0012612151902088615,0.00031179919594340693,0.0003181760827218646,9.170091096593189e-05,8.495670831840761e-05,5.912491887927804e-05,0.0001950681602156386,0.0001475267034923181,0.0002132098217041472,0.0001563502694775053,8.442781065062788e-05,0.00013609960471375266,0.0001450790746305487,9.87926940457444e-05,9.015285287220596e-05,0.0001238839846173996,9.955715966509363e-05
rbmB,241014_113135_Plate_1,D3,0.0,8.868698675340592e-06,5.56382055613184e-06,0.00014570967232784005,0.0025611436700103112,0.019878132479678536,0.06821584151533625,0.2520948116030207,0.5665744958365896,1.0419875248961383,1.2136568001999013,1.1740694935850948,1.002045836446399,0.7992538241571162,0.2703092353931724,0.47207800106475334,0.41645405704831123,0.3047415603187589,0.23070698843076756,0.20144602339998224,0.18862498484031637,0.15895866423717894,0.15588333345721855,0.15058412458075277,0.13240344698307266,0.1512631948113446,0.12946965493031576,0.10926454016991706,0.09298081188971455,0.06851247496105123,0.04301362521608884
vpsL,241014_113135_Plate_1,D4,0.0,3.1511647475175373e-05,4.832388553588783e-05,4.732416628741189e-05,5.823328174344405e-05,0.0001092487437952405,0.001061309192961036,0.005835224275646125,0.0018773477018072865,0.00040988021047705115,0.0,5.8643365527860625e-05,0.0,0.0,0.0,0.0,0.0,0.0,0.0,0.0,0.0,0.0,0.0,0.0,0.0,0.0,0.0,0.0,0.0,0.0,0.0
WT,241014_113135_Plate_1,D5,0.0,0.0002459688143232892,0.0003710638900003533,0.0038654566135026807,0.036549199637322616,0.1566160926361183,0.36925884990268093,0.37212859374194185,0.02427201714985603,0.001373506615376285,0.0012102114249645626,0.0006063260526470169,3.050164118879618e-05,0.0,0.00010774842258654475,0.0,0.00010357026810917168,0.0,0.00012371232443738356,4.031057593101949e-05,0.0002966409092010727,0.0003100802066302237,0.00040068840571860363,0.00026813592308368205,0.00021612585119503238,0.00037244714950611146,0.000229883423504468,0.0005429240727179677,0.00025541745395602904,0.00017852611907689155,0.0003125618692560613
vpvC_W240R,241014_113135_Plate_1,D9,0.0,6.755088904382242e-05,0.00016269891405009545,0.000777674451550703,0.008582379687146206,0.07068495799430961,0.3082955105510806,0.9568491783320849,2.037838199749976,3.3584650799156104,3.7994739794414594,4.284839794581088,4.81877571673267,5.312145853192847,5.63255852735087,5.946677663679459,7.118123634901359,7.816591907223941,8.177932974793507,8.48236830480048,8.39784699994241,8.419503147477394,8.361387602895755,8.289586659787705,8.262329219445627,8.143926630342687,8.000732694531022,7.836727001644431,7.747389073175205,7.564817624259997,7.367606105994891
vpsL,241014_113135_Plate_1,E10,0.0,0.0008786159273799795,0.0009216074463655462,0.001008596851170434,0.0012610595002840222,0.0025547863314127088,0.0011731457868660745,0.0032840872277938565,0.009017769103289552,0.008969993429532395,0.009804495439297695,0.007718748012190946,0.0077546830926522314,0.007502309590733579,0.007238813755739319,0.006738117498786686,0.006230301504119969,0.003470152537853127,0.0015356396821522972,0.007159480376237555,0.004478609281466628,0.0070886819879676785,0.007277931250617873,0.002149563108872161,0.007157586550081371,0.0011346039033204634,0.007256731740027391,0.006820892909668014,0.006142438349801324,0.007687359238040044,0.007617199124960315
WT,241014_113135_Plate_1,E11,0.0,0.0002501657144561315,0.00033802730385027363,0.0005007045831535111,0.0028606097628286003,0.02007867956095536,0.1000679135714434,0.28252306987054215,0.6442836308346721,0.507702036061938,0.030838271162195598,0.0009658191717616173,0.0008033713812801521,0.0006955651367395627,0.000695209082976743,0.0005776732881675483,0.0006112406512323526,0.0006567113048887918,0.0006408084952829446,0.000656072160296142,0.0006594722262857423,0.0006806855804391292,0.0007248681474128507,0.0007304448294414463,0.0006713910658067264,0.000670409777891277,0.0007021555420846159,0.0006920623809391416,0.0006369204604202386,0.0006456776174297535,0.0005934786912546977
potD1,241014_113135_Plate_1,E12,0.0,6.0340225203531274e-05,6.425727135893275e-05,9.307881361474007e-05,0.0005637509105824334,0.005314456858795401,0.0292851457894297,0.1578129121193392,0.5925650829801148,1.4362358115235974,2.147061704121834,3.1476022035758766,4.115293800816724,4.603836680204383,3.896661208077549,3.8436326712849542,4.029671498006494,4.03066482380273,3.9738063683607825,3.8699228679058333,3.8497073871925354,3.8070803819248966,3.765400022226888,3.701780089778487,3.685633947787963,3.579938478766178,3.526167806623093,3.3890272529191705,3.1491671280781266,2.7399926049236285,2.3092480719588844
vpvC_W240R,241014_113135_Plate_1,E3,0.0,0.00010287824378131126,0.0002527346383422484,0.007280169560795899,0.08241505691998378,0.524924698980356,1.527131575520833,2.710493109285058,2.8490426969350446,2.895402114017666,2.99316655903747,3.1842210356658374,3.2582808871034805,3.3902612694540215,4.4536774928153955,4.9516485073121865,5.259738671680184,5.483944870100642,5.666057006986729,5.863340083765399,5.942403547229082,6.006209264304289,6.099845652493927,6.222891854110276,6.33720457321599,6.3943376929712175,6.409874584439711,6.463052591585406,6.662264136866079,6.5555262542452954,6.398199177619078
flaA,241014_113135_Plate_1,E5,0.0,0.0004730993483723758,0.0007978970212382422,0.02183513410300209,0.2701229558757123,1.1746338026855216,2.113824714007505,1.793193284804744,0.5029252511484734,0.07493446366618912,0.019951431135787775,0.010017466282317382,0.007899340968521771,0.03810206619565161,0.03522697887486373,0.06547511700726079,0.07104026942114744,0.07876386736175305,0.10721105158823362,0.1548467247918434,0.1952962914319666,0.1834229015986633,0.17600542027874788,0.18507022539489734,0.25360232210163064,0.22247018888138556,0.22116823188491735,0.2242801778856035,0.25733320243066826,0.3056752785419669,0.3040023006842344
hapR,241014_113135_Plate_1,E7,0.0,0.0912666644796921,0.10317323873769695,0.1538374688666999,0.06429783901718339,0.09385936986807396,0.1806550851711066,0.5661439409671243,1.279749112730511,2.1147859387883097,2.3881466164557925,2.673255864508246,2.9741170808325794,3.5415898700843065,3.6028109872775276,3.375494467970289,2.9566399504897567,2.6730682741993226,2.316324005162328,2.0932659530604436,1.7991137820840264,1.5579750336721052,1.253121320430685,0.9926106792401403,0.7662610023914072,0.5567043698712437,0.4385768931582558,0.3880950168600343,0.3466104265421729,0.33032295983121496,0.32097775234527764
luxO_D47E,241014_113135_Plate_1,E8,0.0,6.0267371280239975e-05,0.00015197128971005503,0.0025160993245265046,0.01774534903971185,0.11018844083257244,0.33122035040529374,0.7929624932724931,0.8760238038225022,0.23458554680620985,0.04335801895382443,0.01790652155047821,0.015272601133367869,0.021254341799922746,0.011956757507919313,0.0031276950932420597,0.00013710698139195117,2.796735697341372e-05,0.0,2.745059482700914e-05,0.00018608900462128533,7.536550673859738e-05,6.3162517054274e-05,2.7589348791124038e-05,0.00015351464634256266,1.9057964910845385e-05,0.00011749887864144936,0.0,9.531539836318678e-05,0.0001074956805917198,0.00014589117013154334
rbmB,241014_113135_Plate_1,E9,0.0,6.047321235397826e-05,8.247890450213329e-05,0.0003439632497432319,0.004878907606346056,0.04180874169028329,0.13424532968366337,0.3572006050344772,0.7438070108687365,1.1260543997545163,1.0562446558827923,0.8312509794275474,0.6254533758143274,0.48070138378017196,0.183553338724697,0.26032701669456915,0.1582323854507693,0.09314411243029551,0.05716794266925837,0.061032149215718486,0.04501987982865052,0.0377939746937413,0.027313677308485346,0.03660415925082472,0.0350814877101353,0.0240698763869173,0.018623735143884476,0.016842565495040675,0.009228631310858132,0.0033466202733614635,0.0016546582094888163
vpsL,241014_113135_Plate_1,F10,0.0,0.0026980859330668332,0.0025211450691352976,0.002696103026592828,0.0026341123544317696,0.0033437233573501827,0.003326069671422491,0.006750257367174333,0.01376783059017919,0.006829443884530502,0.016240570471269308,0.002086886344383386,0.01658218747117013,0.013381755021449058,0.004149840044220821,0.0038042884629849202,0.003009493871133831,0.007212363522181095,0.0021787561066904833,0.003007828363449898,0.003966387623063384,0.0033347665052738426,0.003478644593976876,0.0036551363780779576,0.004816535333364064,0.005264270933796316,0.005148620003609832,0.004710576569138631,0.004728966438353535,0.005391168655370319,0.004906872272184343
WT,241014_113135_Plate_1,F11,0.0,3.792191930968104e-05,3.9536562934664245e-05,4.917357065718073e-05,0.0003963749120226321,0.004096910418682022,0.024665359585954304,0.11888484667038453,0.31637806472131774,0.6799848420231217,0.5931951991621746,0.11938510086960383,0.0028644422896854566,0.0,0.0,0.0,0.0,0.0,0.0,0.0,0.0,0.0,0.0,0.0,0.0,0.0,0.0,0.0,0.0,0.0,0.0
potD1,241014_113135_Plate_1,F12,0.0,7.548777148111934e-05,0.0001215524343649702,0.00016358817905464334,0.0007716587881360917,0.006405712152772187,0.035976818469057294,0.1779789973951433,0.5992701825782175,1.462614018428449,2.170480398035315,3.17355299883569,4.375797085524566,5.074819434748908,4.853118453074359,4.593827583593068,4.764428363222795,4.749802003681571,4.646239446503815,4.704911141177792,4.633362592303568,4.579829802060249,4.523647006116002,4.472097456732265,4.390923685889586,4.388563258098691,4.248432962947201,4.131691267007225,4.020950254007992,3.771812801953224,3.38995216342627
vpvC_W240R,241014_113135_Plate_1,F3,0.0,5.744072104788136e-05,0.0001408663647476067,0.002408070379191364,0.031200628761920472,0.22156443198016013,0.7668112672975831,2.084572128679289,3.1260744601026142,3.4315223096379657,3.713799913743847,4.131484683597505,4.4781805991563965,4.852143384730649,5.373462872169667,6.701239785382699,7.328431765568179,7.65474059373545,7.86034358494262,8.0669367587216,8.05383814000642,8.057716678318727,8.060296797433976,8.062805023650082,8.136061212790992,8.143458490534321,8.097086233045529,8.09040888745035,8.230842135934967,8.083868974327485,8.033884349445998
flaA,241014_113135_Plate_1,F5,0.0,6.33687353149436e-05,0.000429740239321569,0.011199516623355492,0.1396910061307436,0.7640095508601891,2.0213119951121747,2.432251137835748,1.242757641353091,0.2682281265627954,0.01721950899365191,0.004108294642541852,0.0002677733822406608,6.126036068458508e-05,0.0,0.0,0.00018333886381535015,0.00024389040064066604,0.0004285939923130747,0.0010715211947407196,0.0027496666471863848,0.0011500228904343648,0.0021969125747723596,0.004414031735601658,0.0011008921525633361,0.0035624473042291044,0.0008919759353010165,0.0017035185631819562,0.0038644973281582243,0.00812770224212705,0.01893527215478435
hapR,241014_113135_Plate_1,F7,0.0,2.4110984412261025e-05,2.1520905956975262e-05,0.00010966648500937963,0.002279660632913457,0.022623155179965933,0.10935862958368696,0.4274004966224932,1.1439983323633944,2.002720357639865,2.3316065629606486,2.765655226692836,3.1870805673695646,3.5131678985303623,4.08207078801953,3.959292429250682,3.4744161545963728,2.873996555034387,2.443347589467665,2.0829792495427677,1.758186391829216,1.3792549709603195,1.0133835138338554,0.6576228734113524,0.45943470850261225,0.22457917209349496,0.10699087874864781,0.06543291085968087,0.037515520454327454,0.022716520983346335,0.013374054121601447
luxO_D47E,241014_113135_Plate_1,F8,0.0,7.010164910537471e-05,8.184892876201591e-05,0.00026121313847468945,0.0022888494817034,0.0162525943078616,0.05694270054431911,0.2208989913057033,0.49536795653093385,0.8413740346436416,0.5346283009281548,0.2602366857746893,0.1497448836585845,0.1336150596842379,0.11841027328350984,0.12067102073377975,0.0904347064753997,0.0062456013162140835,0.00015051306764555446,0.0006272333771199637,0.0010760604789539774,0.0012330891498909195,0.0016543806694595711,0.0022240553208613873,0.0022098546341601994,0.0020178605340593274,0.0016481058572224718,0.0013996779044858389,0.0013901830928925712,0.0011491627169750512,0.0002986496904310572
rbmB,241014_113135_Plate_1,F9,0.0,9.056966449443991e-05,8.471022602159165e-05,0.0005652643062672057,0.004779742888282315,0.032371717274960125,0.11489697096197736,0.3859117666111835,0.8297679793917611,1.5795124074499964,1.9644248493876852,2.052948214590356,1.9291463015690742,1.642789260295981,0.4998246809451305,0.9898138113936187,0.7692300788102918,0.5611094317137314,0.38548393364031835,0.3281513930144387,0.28908429004239944,0.2567309338794946,0.20224855547346313,0.16765669518889725,0.17604844232713665,0.1592434403703192,0.13365420954764035,0.08393445816972618,0.0666584473762892,0.032881872631126366,0.009473524607410258
vpsL,241014_113135_Plate_1,G10,0.0,0.00028625866503622114,0.0002678412424497391,0.0003305197457435172,0.00030655981533445027,0.0004958305121001566,0.0005663534669699256,0.004102408118837235,0.006345188363262085,0.006976874151222297,0.003666363841979101,0.001968334284927345,0.0005982084080542869,0.000771726869039651,6.149865454738157e-05,3.0495103950757936e-05,4.3092292098257725e-05,4.1746228975358784e-05,7.359892098232646e-05,3.0475657423118432e-05,9.07385760250097e-05,6.798715521894972e-05,3.903051450215968e-05,0.000199236971959979,4.810897592529035e-05,0.0001205005309032846,0.00015198792204867512,0.00014890917384811363,0.00013118613635166847,0.0001422018138035077,7.953938108057967e-05
WT,241014_113135_Plate_1,G11,0.0,4.511996343828097e-06,8.840294626853596e-06,5.10661783123213e-05,0.0005542281777934524,0.00419058158297171,0.03128182828045261,0.14999416141882754,0.378487524014893,0.6734155029694449,0.35574713124517576,0.014905800218090454,9.711904072914559e-05,0.0,0.0,0.0,0.0,0.0,0.0,0.0,0.0,0.0,0.0,0.0,0.0,0.0,0.0,0.0,0.0,0.0,0.0
potD1,241014_113135_Plate_1,G12,0.0,0.00038572551384456955,0.00035302683769587967,0.0005412084740745393,0.0007780752461037793,0.004341452342869413,0.0214765443599634,0.11671189549731777,0.4522690997750205,1.221304733372052,1.9681337204580183,2.8362731805051453,3.898174102183955,4.5835217532203645,4.430509253699389,3.5883384451019102,4.004079364717003,3.932835842366487,3.8461348116835516,3.865729873396535,3.839144481187924,3.8643715991811205,3.8580180725791,3.8609955086374197,3.774046564487398,3.7257695798725963,3.676708394201668,3.5036022640718003,3.34634226519241,3.1621656986285474,2.795207956515329
vpvC_W240R,241014_113135_Plate_1,G3,0.0,0.0007030962355909685,0.0007809660094204359,0.0024633407706491054,0.02298611400495898,0.1801231178437263,0.758551709465803,1.9154597661317023,3.0283959521762025,3.4294681790359736,3.6509195084384327,4.030566447565858,4.291798090938401,4.589744334430273,5.116023495630461,6.488791988283186,7.137018091952564,7.523719630483596,7.777960608974933,7.98360613402755,7.903283374479362,8.090214943815456,8.063829514182132,8.090055776280611,8.205625450771787,8.217873994472091,8.213371827057925,8.251379094942383,8.300247875152072,8.278907721987736,8.235797730192095
flaA,241014_113135_Plate_1,G5,0.0,2.6351569749755796e-05,3.3883056488431324e-05,6.205430841152284e-05,0.00021982790748729784,0.0018144412144268345,0.010618026123190532,0.055642676296488294,0.2192414219353776,0.7127070789795953,1.639868536031589,2.681180936446949,3.021073576802212,2.3673214839577716,2.0636113693910727,1.8817914186225222,1.6466423853044059,1.1569411273995047,0.7699516160092139,0.7439670478060819,0.6577244597497678,0.5659816302078525,0.48457141532339043,0.4117799686333789,0.42304592700219334,0.35283356283214024,0.2871419779774913,0.2554645086944813,0.20339581232640122,0.1698110077098795,0.12372709090448172
hapR,241014_113135_Plate_1,G7,0.0,4.650390509061706e-05,4.631331868691995e-05,6.352102788231643e-05,0.00021936933779415768,0.002375369944174537,0.012458506410669614,0.06852608445405155,0.24954981634882284,0.8090135360048034,1.5616087348646377,2.1455866624627897,2.526984578227733,2.9500342971623743,3.289978901036366,3.790059621018115,3.948916110398262,3.7504289111553613,3.4272568872126015,3.083238998866022,2.863350654529464,2.5534154174224684,2.301165036273416,1.9889232743306033,1.6757760631212966,1.1738869859369478,0.7925311358776421,0.5166792856585001,0.3589282749972499,0.22041976327159116,0.14678044182380276
luxO_D47E,241014_113135_Plate_1,G8,0.0,0.0005590578424421276,0.0004658525441388788,0.0007151904937858585,0.005368498249501952,0.025801585727464986,0.10755991606113909,0.3137929766363891,0.7216976705606959,0.632758831278101,0.20960465028907876,0.08549809863135913,0.057873556426984496,0.05741768856930978,0.048208712442691454,0.03931137631773084,0.016770584318106407,0.008374958975940268,0.007002454647893694,0.007335610355143886,0.0071091129467470565,0.007370663995223135,0.006797917009136132,0.006502052650249175,0.007087835591194154,0.00705599178514952,0.006477937832440655,0.006646294817968887,0.006272414023738213,0.006263913273589452,0.00601788841624339
rbmB,241014_113135_Plate_1,G9,0.0,0.00011588699971642013,0.00011497280961093256,0.0003826028206914257,0.00315885882589937,0.023567631924741286,0.0952052183154322,0.32220045327218966,0.6625180107560833,1.4083598247404379,2.0286143073515204,2.3249427934199134,2.407219702282448,2.2549982921604954,1.7698960397329762,1.708691173678817,1.600008638294083,1.305027191085704,1.0264418056484008,0.8145378532519775,0.6879670270184453,0.6988693343841215,0.6041861187058629,0.6483818604713342,0.6215296285719547,0.6276461426767109,0.5579779442199019,0.5256530576450571,0.44373162071443695,0.3367004217528658,0.21849150208864548
vpsL,241014_113135_Plate_1,H10,0.0,1.1010607497714632e-05,1.1589637588801053e-05,1.9624559202308158e-05,1.5625375911215503e-05,3.625619093126669e-05,0.00021240386552235372,0.002431138971405303,0.010441879157496867,0.008686571557980638,0.006596775055917106,0.003812254798103875,0.0075667329848473665,0.007121999498129047,0.0,0.0,0.005422761270969206,0.006059802979599812,0.005065072763938739,0.005523181004982059,0.005890837278566475,0.00544886849180213,0.004384647268601715,0.006106663373154499,0.005908069504912406,0.005594790679539833,0.006254409701094056,0.00650268062636354,0.006156781217250024,0.004986839245478172,0.0
WT,241014_113135_Plate_1,H11,0.0,9.955537404611028e-05,0.004029193460385038,0.004100922778102406,0.004510127128450409,0.005930889648642334,0.01183155819757006,0.048302157161068116,0.17519925009018483,0.4727586295321358,0.9302332232816989,0.9314277488798589,0.30274664271481355,0.037471374870398595,0.01872979689886775,0.012582714602167441,0.013011669771030382,0.012784024751331903,0.012335963459347258,0.011758481573484216,0.011762542351936208,0.01185417068785642,0.0122730949581684,0.011896839625075466,0.012020756901120953,0.011952681347730759,0.01177504502867534,0.011654750485975448,0.011653914522031938,0.011406068600831334,0.011345461883698034
potD1,241014_113135_Plate_1,H12,0.0,1.0177258449420222e-05,1.4155671714758012e-05,0.00011298898692044544,0.0014261257973450217,0.013202294963454477,0.07477268792384112,0.3473283055628782,1.0115612127526774,1.8809198091764612,2.745213567574982,3.9082645213676948,4.8885680056772545,5.2114774700646365,4.0586296902723635,4.63001813463549,4.524223754359909,4.4371076174211845,4.432774649109185,4.422447217428182,4.328143796888739,4.237908511283991,4.181553172381805,4.1421975949721395,4.032591887885309,3.898724500844362,3.6461151902165247,3.2911184870841588,2.678245632971382,1.9179873867112984,0.9116438930698736
vpvC_W240R,241014_113135_Plate_1,H3,0.0,3.794158118163239e-05,4.31476723688162e-05,0.00014873723947192408,0.0008530509796379317,0.008494240999111781,0.04045167126294737,0.18162672271879216,0.5315123623636745,1.3488184600567477,2.6028616146472197,3.4996798543717373,3.8697188258265016,4.423321301327516,4.920673702506111,5.359836994276037,5.708559687696688,6.3948724423866015,7.491264166340774,8.15473397220438,8.426208915846653,8.640468480881655,8.74200265514688,8.799504936579561,8.878291528785153,8.90193994559031,8.937714520974444,8.967652730490569,9.055930522925193,9.10480900031663,9.150970929277234
flaA,241014_113135_Plate_1,H5,0.0,0.001556020750603526,0.0015057535699091323,0.0017159284144848,0.00247195808761015,0.00967180254815882,0.04094896481226434,0.18605708417406633,0.6397522381210412,1.6033147753749908,2.6673723502738245,3.6234195047985063,3.2858924417720288,2.4362798152723104,1.4825934229241002,0.912971002549474,0.45559219020470254,0.3540228385767349,0.33320265498525947,0.47656597046730265,0.3876290973719028,0.36833721637424033,0.32551789258561353,0.2880962274751518,0.2643556740679965,0.23634161947992718,0.21243809323005677,0.17252934175969198,0.14619163563597534,0.11637214637525234,0.07460920012733681
hapR,241014_113135_Plate_1,H7,0.0,0.0018589707398756702,0.0017515014891199884,0.0019449014799424976,0.002111172969501576,0.009575066806929343,0.03736984872138723,0.17240022211283326,0.5844173102468608,1.3837557339550601,2.1782050392589216,2.574948176679391,3.1439871610985626,3.680909347087708,4.365852057189882,4.789320627498778,4.828180979868309,4.5104989652124825,4.055409824670426,3.7423676105324244,3.3175901213193373,2.9521355092536647,2.589261885705742,2.1818626824587963,1.7777650017717908,1.2132859665945603,0.7713926840935937,0.48690398879568675,0.2815856600305596,0.19891630956667175,0.1164555889522377
luxO_D47E,241014_113135_Plate_1,H8,0.0,0.000354835696476846,0.0003290310143389342,0.0014852129995374822,0.012926677651279327,0.10348200369216015,0.35122449943367273,0.8889215236827784,0.7742320189084455,0.21256044491282886,0.050865941540860306,0.022533521788400512,0.01851484649322983,0.026514663640049924,0.01890666680617976,0.009574851462617493,0.001773469551521576,0.001789992813566296,0.0013464423161437156,0.00136703772575006,0.0014774861513690643,0.0016357930446141903,0.0011835720629237584,0.0012080648033118606,0.001510155689158539,0.0014832668754769915,0.0012280077597795747,0.0013027117715935287,0.0013730214887805873,0.0013079159480888962,0.0013626941239766991
rbmB,241014_113135_Plate_1,H9,0.0,0.0005675428764687512,0.0007483290407862001,0.0011227672557744053,0.0014098018959815498,0.00746055820753893,0.03274294879913814,0.12148817883241626,0.3652202746530278,0.7994992631709307,1.408445360571138,1.8811941391041633,2.065975676054665,2.076427699801809,2.0036401854861876,1.570885192675861,1.809440277485413,1.6795007840679985,1.5428638819207618,1.4651346169109194,1.4146132363005832,1.329208886009705,1.2826908364091638,1.316796760884935,1.2770992407838162,1.274287258709196,1.235746311443202,1.2242346866783802,1.072408453431803,1.0375894182736605,0.8926785462762574
hapR,241014_115113_Plate_1,A1,0.0,3.3116127784918964e-05,3.279922589181522e-05,7.215382689559475e-05,0.000378856919762251,0.0026351900791477425,0.009774503728089185,0.0470158895358917,0.17966120429481214,0.5464658178767141,1.337155492379593,2.194670853861444,2.4812379561542626,2.7982348147619893,3.219461864791317,3.666618777543314,4.446003343813976,4.490395035527806,4.22851896427049,4.071404891257079,3.7811527261470386,3.599040121121144,3.3953979669398695,3.2222014189498718,3.0138085151161893,2.815223608407571,2.5580175661242777,2.2568241711673513,2.042348325540884,1.7098848633130335,1.4227422834415027
flaA,241014_115113_Plate_1,A11,0.0,0.00023507328160941117,0.00024945656289899646,0.00043468058559636497,0.002125776055806612,0.012456099503283462,0.055414324385679184,0.2353368309460978,0.753356862328045,1.7271126757693434,2.7018338603726066,3.093829658873558,2.4857987079215897,2.019603485442987,1.5372347013565137,0.993281389831297,0.5417129950337263,0.41174443682192396,0.5023411664849989,0.5202140755972365,0.43704087963302796,0.3989058095808866,0.36109504672484616,0.34332780345506825,0.3297923233584327,0.3018634902786206,0.28423292376975073,0.2582463024391735,0.2214576292267373,0.18069162013929377,0.14651852428873383
luxO_D47E,241014_115113_Plate_1,A2,0.0,0.0003065697800246569,0.0004329472645173342,0.0034411756868720383,0.015442544577829537,0.11551021404780144,0.3769514101739919,0.7603619057890789,1.1261141878957561,0.5636810574353137,0.19566493146791972,0.09432591800109096,0.09064287487275671,0.0782637201659185,0.08182952771081495,0.046206366128758475,0.0037492699307440794,0.0015989279709850291,0.002236550641117816,0.002054085125553529,0.002032809843191207,0.0023757689999226107,0.0023181226651831834,0.002081354403145047,0.0022024893236780706,0.0021972170662791436,0.0020908140373755717,0.0020561205305631865,0.0020668735682071097,0.0021628005644790797,0.0019938507133221116
rbmB,241014_115113_Plate_1,A3,0.0,0.0011709019258874633,0.001041762684033892,0.0012023452717645983,0.0035202785409567403,0.015332337779228765,0.05612893044035285,0.19265839048894284,0.4794796258205883,1.019705541314484,1.6427879896307869,1.9105502502071432,1.9315457855954092,1.8371884621008885,1.4618405177107983,1.6429519723179458,1.6126880712494298,1.4747154324746954,1.3152983122354727,1.2545294180971327,1.1208167847014086,1.017585469876628,0.9128214987578168,0.9142992489400378,0.9248024336805248,0.8902184715832971,0.8579162897891581,0.7805741095237185,0.7005478162284581,0.5712934788591442,0.42033735032352953
vpsL,241014_115113_Plate_1,A4,0.0,9.483917979927127e-05,0.00014083223735557687,0.00013942494221451488,0.00017431069398306104,0.000237850434082289,0.0003685585796264817,0.0015675305696862295,0.007097038283547001,0.0035774138007796633,0.0017263564293474869,0.0007713474082864132,0.0,0.0,0.0,0.0,0.0,0.0,0.0,0.0,0.0,0.0,0.0,0.0,0.0,0.0,0.0,0.0,0.0,0.0,0.0
WT,241014_115113_Plate_1,A5,0.0,9.072647795481923e-05,8.231668068311156e-05,8.368845070043016e-05,0.0002940462376254957,0.0022199320791835356,0.01119920230091273,0.05107861411194495,0.19943952936734716,0.44827774645660834,0.8507630466402188,0.6967921646158463,0.1855636581283376,0.01796244218812977,0.0010170107279461862,0.0,0.0,0.0,0.0,0.0,0.0,0.0,1.1443003494169057e-05,0.0,0.0,2.221089320789815e-05,0.0,0.0,0.0,0.0,0.0
potD1,241014_115113_Plate_1,A6,0.0,0.0012264114030330487,0.0011565737714041688,0.0011155393777645894,0.0012644410747511923,0.0034852025639209206,0.010910829516501932,0.05481793433295626,0.22963849944444276,0.7314140794761093,1.5790763017799463,2.232066998664638,3.258821989844835,4.237068534713552,4.635117782199361,3.557380158943357,4.091246662649071,4.236285403691272,4.088118017432649,3.9574204050341444,3.863754256528117,3.833669987391783,3.799573158203717,3.8317871959596523,3.8003721391023664,3.743645832840608,3.656386311366293,3.5037995515624685,3.3112677594531306,2.8898941816637844,2.4000000501578365
vpvC_W240R,241014_115113_Plate_1,A9,0.0,1.3828522910020304e-05,1.32538284623305e-05,0.00037910597014030145,0.0012688394488821319,0.007230777132771995,0.029205333971043784,0.11700282432508224,0.3631173505075809,0.9446130403367023,2.335402641789569,2.9426111379753546,4.2172291040206025,4.690611075083,5.230826691501112,5.561516305117951,5.916726078740239,6.235572758362164,6.588520747938891,7.64268331858542,8.408154100980306,8.793992924721636,8.993935436874514,9.278870068778446,9.311500082192673,9.460377904049048,9.542325777503418,9.552677017437532,9.673608230276802,9.696516986184742,9.785230148641148
hapR,241014_115113_Plate_1,B1,0.0,2.8872532043734486e-05,3.327367421848396e-05,3.756497875631011e-05,9.570547920236306e-05,0.0005874250416384933,0.002573420235222002,0.011752505434444855,0.04487618297693045,0.16102772181134634,0.5401628503739974,1.3234466199856507,2.252958071998523,2.5569125555451886,2.869281718392992,3.356838628467118,3.8146902620183383,4.7132897737136865,4.961119644406575,4.941813558709584,4.80725947744688,4.582150437967432,4.3808132035712015,4.134080719466238,3.913742225265379,3.723962560212306,3.4131701591161927,3.139479977900736,2.80604271799437,2.526719410464852,2.260320573641802
flaA,241014_115113_Plate_1,B11,0.0,0.00011234579626230907,0.00020476943483981863,0.0003275303854955073,0.0009400685397084372,0.004749905930719028,0.019276992814214168,0.08859280371167434,0.33450238497378215,0.962605325100073,1.990696052907768,2.8522487858511933,3.292198820007635,2.885993172640675,2.281527373837872,1.7563492105898437,1.3418940703969835,1.0027709181324418,1.259620438513107,1.4356886898418488,1.419774544564928,1.3560071480768918,1.2628580934277625,1.1736071052086607,1.0919977637128546,0.9530865714994631,0.8688654445742287,0.7737921681199285,0.6873756995633642,0.586102279171399,0.5054645752232785
luxO_D47E,241014_115113_Plate_1,B2,0.0,0.00015102852301312252,0.000405218387325098,0.004849552565276924,0.03793006159849083,0.18731928941309278,0.5186566413319202,1.0525694240015462,0.3436635733887626,0.04128799567410952,0.010797824579389444,0.005072236239286347,0.004958737481553149,0.006401088937779001,0.003173283216551841,0.0015125882773570367,0.0010203975188283637,0.001377363151117599,0.001096836323017889,0.0013964538256256262,0.0010227574784794492,0.0011695056654704556,0.0010253185376167858,0.0010887818438607307,0.0009954459345509479,0.001036282773191397,0.0012993450438459953,0.0011472640087894365,0.0011895166359646137,0.0012994713078400232,0.0012594480293093974
rbmB,241014_115113_Plate_1,B3,0.0,0.00012412698261649903,0.00016436533126279928,0.0002361374168955182,0.0007832060584034645,0.003593183357732915,0.01425179084898276,0.052727616523777554,0.17046166185410352,0.4221351476295953,0.7651895641242897,1.3176058402280215,1.6082778598690501,1.6916174460965747,1.692789868808068,1.626365177013519,1.4568930824617614,1.6386610697115835,1.554642680761929,1.5166202317722572,1.364624866300629,1.3223545166898494,1.267521033427544,1.2281084767154888,1.217279801053957,1.1859223253930995,1.144664695942045,1.0979769122224134,1.0795814253298093,1.020453896236714,0.9580852346189584
vpsL,241014_115113_Plate_1,B4,0.0,0.00011138185627061535,0.00011099864371119895,0.0001396589719924283,0.00014636908737419204,0.00021854530472804976,0.000839305792970283,0.005341487920101576,0.00634306501484557,0.0025634827640013667,0.0010047684706947372,0.003960348017641431,0.0020114149845464053,0.0011359397068250764,0.0008958890490820277,0.0010615743607239171,0.0009660519041234904,0.0010470313969456984,0.0006167942606561072,0.001172682261578677,0.0012619527779154992,0.00023368328757812404,4.986924179414832e-05,0.00013648107846816657,0.0,0.0004169381871749881,0.0004238952797442224,0.0004875220002198446,0.0003880426253277667,0.00042898922937785456,0.00045084823526722747
WT,241014_115113_Plate_1,B5,0.0,0.00047261997320860954,0.0004816981403724321,0.0007571582913262031,0.003407757794160334,0.01742017310988082,0.08207130854641259,0.2707032151681812,0.6428837590534285,0.9209310512195735,0.47866151806691193,0.018409173963058658,0.002459656710988616,0.002443031528219903,0.002404064707482527,0.002474869917218183,0.0019628492914240737,0.002398555504463452,0.0005251125567977415,0.0024545949827492223,0.0016098950153984907,0.002119578152252316,0.002619649509437897,0.00022011072412095447,0.0024041484376311094,0.0011445386325793637,3.2232415587269444e-05,0.0,0.0005288099918813272,6.264230271116831e-05,0.002581438132596992
potD1,241014_115113_Plate_1,B6,0.0,3.9985101060482266e-05,5.339304382281128e-05,0.00017663885356573557,0.0014372941418760805,0.008825284058283934,0.05193039449326586,0.27135312028871184,0.7724259355277717,1.5918435443879195,2.3538514966203268,3.4631108457328095,4.2513598399062165,4.573745322093808,3.4467408660367713,4.110012849392785,4.246319244835315,4.03854629186214,3.8824083572262857,3.855048126757714,3.8035211818390096,3.7624122202156687,3.673427737301758,3.5926473376523362,3.4381072310595493,3.2218112578581573,2.841252984278075,2.2432330024966554,1.6646073842046605,1.010349232227377,0.46653997400890573
vpvC_W240R,241014_115113_Plate_1,B9,0.0,0.0006188869124766163,0.0005752707277939014,0.0008761298709276548,0.006746054140466366,0.0421209100211533,0.17077991667125345,0.5942674399546779,1.4495308483269447,2.999290162116467,4.181545147127948,4.360401304769737,5.0649166058740915,5.4688359921712255,5.6059831667095805,5.775365244663901,6.518570294616195,7.65836707219951,8.357457502327412,8.734212139964523,8.835109644090371,9.05086525019868,9.101319352430842,9.15356442381558,9.26349702624288,9.235470164687195,9.182197860808673,9.185572480055834,9.303684822477589,9.254214482614149,9.327790678752633
hapR,241014_115113_Plate_1,C1,0.0,0.00027705177948823275,0.0004446197956220025,0.0013566698334141908,0.01661244669084056,0.10632497662209416,0.4501574214151573,1.2154355308403435,2.3361975431841735,3.012011259514759,3.49346242269972,4.065110082762451,4.556209473643593,5.131884339846344,4.971417382648305,4.406817099260708,3.728651114147317,3.250547150592168,2.606401554123848,2.271593580858588,1.7943039799386489,1.3874157178539765,0.9996604634914309,0.6283336394238535,0.37596869777598274,0.21919120390936309,0.13214508062283575,0.07465905701692774,0.04376539421506403,0.025359467804733117,0.014551663153400477
flaA,241014_115113_Plate_1,C11,0.0,2.3317686730885744e-05,6.642461822972222e-05,0.0004675110966028021,0.004946316127386443,0.04189390501544998,0.17690247646724924,0.6511780595467008,1.5638923877269597,2.7258588622150364,2.973018356702345,1.942680892200074,0.9562417669307308,0.43948929095704853,0.170835150480929,0.07840736552225967,0.09411066731720452,0.10578329204983451,0.1152527170900658,0.12418755990770151,0.10769162385236693,0.08717206627040072,0.08518367587292626,0.07038470649664712,0.06544952982287786,0.0748472157813329,0.058920861418209625,0.0626989643472594,0.0638197880203037,0.06877181772717413,0.06817812282220508
luxO_D47E,241014_115113_Plate_1,C2,0.0,0.0004101951348138501,0.00044309085100788096,0.0013727215449176558,0.011086866134955051,0.06608433409073292,0.2540719398942482,0.6104295655758017,1.362533284513968,1.2321934646832855,0.5862023273361583,0.246005931122381,0.1441994198674954,0.1474831798655632,0.14009112522495354,0.12279349306008161,0.0619876794101405,0.0013715915222973774,0.0014585906911611254,0.0014208294641845215,0.0013319611468202012,0.0018087525132298088,0.0018039629748504218,0.0015430738091862558,0.002678029419257033,0.0015851746253092917,0.0015714993921044362,0.0018503599099948273,0.002096441546011933,0.0017466236060710517,0.001434386592403438
rbmB,241014_115113_Plate_1,C3,0.0,0.0022687321765956273,0.0022505790523695253,0.003479249296855053,0.02733276269970125,0.10941022527828038,0.31832052391588,0.7499788323479954,1.2811389529444326,1.4960581938465378,1.238214010127327,0.8725883932773703,0.6191925408943634,0.2396186048261968,0.42541244729830774,0.26796701155311226,0.212042588656815,0.12807607628563888,0.11659774294890364,0.08994493192017622,0.07615247650730586,0.06055625166195727,0.04335942671710529,0.06060105063530438,0.05502738476461704,0.0386886941958278,0.03439365992127129,0.026224891117612108,0.015865806497851596,0.008805848230982911,0.0064635832614967454
vpsL,241014_115113_Plate_1,C4,0.0,5.616867484131193e-05,4.4886843189138076e-05,6.159469610415235e-05,0.00011512473435417024,0.000294855718231275,0.002132800828016713,0.0022736360079653713,0.00040199653547283074,1.3517910140856372e-05,0.0,0.0,0.0,0.0,0.0,0.0,0.0,0.0,0.0,0.0,0.0,0.0,0.0,0.0,0.0,0.0,0.0,0.0,0.0,0.0,0.0
WT,241014_115113_Plate_1,C5,0.0,0.00013349014660794288,0.0005740984388366389,0.010430259258682082,0.08794459058216536,0.294601718946679,0.6290319033865882,0.4496072902632124,0.004934892847291172,9.292114412728259e-05,0.0,0.0,0.0,0.0,0.0,0.0,0.0,0.0,0.0,0.0,0.0,0.0,0.0,0.0,0.0,0.0,0.0,0.0,0.0,0.0,0.0
potD1,241014_115113_Plate_1,C6,0.0,8.383793442895278e-05,7.150397527675649e-05,0.00029182478048057073,0.0027706831819889117,0.014270999962862302,0.0626983323585181,0.2797562030980253,0.853562790202706,1.6735563447813744,2.333230673710099,3.4850463389791577,4.400821833366319,4.884986067372104,4.100183451590767,4.636655287084265,4.726652757666363,4.545314188375042,4.390181684293326,4.3757669908226,4.321548375760024,4.282934198052579,4.22999333715838,4.13478700868283,4.061093443206675,3.95967884522393,3.765278707139406,3.4502822768099404,2.956252999499585,2.041161658003793,1.2104543895251043
vpvC_W240R,241014_115113_Plate_1,C9,0.0,0.00014276223065581349,0.0002341376975146813,0.0006606558174755212,0.00424661825241863,0.03144733175321751,0.1308456315181981,0.44129713989357106,1.1121733856653264,2.309558181143369,3.481394246579868,4.212871725561453,4.9092658041474,5.735087833094449,6.275445563382958,6.72389073001046,7.584541023157588,8.56750019772289,9.005874339530141,9.252890315727628,9.317684209061179,9.327850199385411,9.252384724734595,9.17847213670524,9.080825529162913,8.95877546218165,8.797441108795825,8.6604219370565,8.53298358088095,8.406019383454161,8.238512272309459
hapR,241014_115113_Plate_1,D1,0.0,0.0001408951018441288,0.0002137524626191582,0.00037657092620088715,0.0023001464978046437,0.014747933443142307,0.06879917715511731,0.3151350264635881,0.8333555353746119,1.63998898171657,2.2559677428265044,2.6902056687955023,3.1440189277284163,3.6043643420387994,4.217163230061854,4.314022025183818,4.075942169156872,3.7034968253328784,3.26890124055029,2.987879388041791,2.6125046928055085,2.281106850535729,1.9018805684646773,1.4651829690654121,1.1041820385051822,0.7506714786330299,0.4964542080791303,0.3116686919402577,0.2138438100711934,0.14288604694741464,0.09503143144314385
flaA,241014_115113_Plate_1,D11,0.0,0.00021948046080924054,0.00021263806249305583,0.0002965899354636532,0.0008194493754900012,0.005067022900626159,0.02191211701940316,0.10043761026582115,0.3537304518278529,1.0107543737929594,2.0014085630197096,3.0254753616660417,3.4694513312973108,2.898921120957149,2.1692110703834895,1.5467899029850607,1.1273421854902144,0.78017438500449,0.9457957955625376,1.1214592062727167,1.1671467758532177,1.0974653691661012,1.0023992151245995,0.9058124761084116,0.8281316970072929,0.7500220349645961,0.675657959528631,0.5743318399696667,0.5117020232159587,0.4129306094683603,0.3194352651152713
luxO_D47E,241014_115113_Plate_1,D2,0.0,0.00030411923532065255,0.00033233866953036334,0.001257430012349765,0.006426751425793978,0.035349417497885935,0.1278208397744065,0.34072813615896486,0.7301839418139559,0.733677802958018,0.3763622027234716,0.1859052062448095,0.11027585591021737,0.10999485833410177,0.11273586372606226,0.10369510762063966,0.05856713230392409,0.0008124890728192239,0.0007253336790137124,0.0008374126355852532,0.00048538823903644955,0.001179141454023157,0.0011007439528754306,0.00035050460741179145,0.0013254416312175577,0.0009560695583583678,0.00011009927357450192,0.0005595179569966354,0.0008439703380208362,0.000638070746806508,0.0012595236004498908
rbmB,241014_115113_Plate_1,D3,0.0,0.0005657251564699838,0.0005165031313363237,0.0010130516027097242,0.006436742198075651,0.033003288034281715,0.10592338623134365,0.3364809310598579,0.7347785334017161,1.2943608930605595,1.693505520820828,1.6949251882282539,1.5851399160863575,1.4193686004739596,0.7143404187709824,1.0993084355916358,1.021989862947961,0.7880272965355892,0.6426879428593009,0.48946424540763733,0.42506512768676985,0.33234800557568445,0.3337753906022369,0.3702577933766173,0.3352998544496212,0.31334140228952834,0.2936282155274716,0.2179684093544895,0.16671059801161378,0.13046970187665755,0.05219382345114464
vpsL,241014_115113_Plate_1,D4,0.0,0.00029290239819315867,0.00037359825848090123,0.00045519042593345177,0.0005423503339442581,0.0006917092028922876,0.0027019918241193725,0.002976961230799746,0.0007253405004794915,0.0026578510553428264,0.0018312216858576936,0.00037781320205950027,0.0001458612626855003,0.0001696761098802432,0.00013278961551099332,0.0,7.090966510232502e-05,0.00015989285728790684,0.00013840662444022375,0.00011418645511168649,0.0001249637624608176,0.00016602742152613145,0.0001226347067247956,0.00014725943578801072,0.0001847141582566546,0.00010840458071737286,0.0001044053024607762,9.97259842554133e-05,0.00012196260508963689,0.00016799330777424662,6.888154301054344e-05
WT,241014_115113_Plate_1,D5,0.0,2.8385308181695455e-05,3.568413077315568e-05,0.00017575901154675896,0.0010174145988465747,0.0055905088722211765,0.02203182103717336,0.0940399581430067,0.2625976485825071,0.565439189924188,0.7928216500672907,0.46236097019216604,0.053513589823465386,0.002001916762220248,0.0,0.0,0.0,0.0,0.0,0.0,0.0,0.0,0.0,0.0,0.0,0.0,0.0,0.0,0.0,0.0,0.0
vpvC_W240R,241014_115113_Plate_1,D9,0.0,4.953823351107622e-05,9.269390237659047e-05,0.00024947562956462003,0.0010470725263717192,0.006019916799155921,0.025246869480482756,0.09134336584343701,0.29082193807080187,0.7535936407554046,1.7269197352911811,3.239773982936485,4.189755650595522,4.6469610505798515,5.3127521611217965,6.027930015132829,6.668708415713806,7.457908536223582,8.70536068357496,9.303515623375423,9.504209165535148,9.64024591244806,9.71209199760906,9.690860519757377,9.767222816526793,9.709337329222405,9.649583295311487,9.659015643678897,9.634376108022314,9.648713224039081,9.644141504424816
vpsL,241014_115113_Plate_1,E10,0.0,0.00010552452442690475,0.00026934928127756135,0.0003010067409276195,0.012329034321412293,0.01458584939729194,0.014017378533968778,0.015944460004597386,0.019353438707377935,0.02420081910394404,0.02557894913494486,0.02657720109950715,0.02898180991920123,0.027329496421381168,0.029159362641862297,0.028790348094062466,0.028502444787002344,0.028563197965018546,0.028812005579139762,0.028412872922383165,0.02849981384127933,0.02863611341525608,0.028202860722952347,0.028742833241055685,0.028202987120700605,0.028635906764969247,0.028356743628131304,0.028162428156474982,0.0281497515992356,0.028510112248292214,0.02867094569208309
WT,241014_115113_Plate_1,E11,0.0,2.7586873669080095e-05,0.00015260200778615424,0.08571118918441555,0.08819183527809779,0.11095823655802547,0.1961542980727388,0.40984766807265816,0.866581223256425,1.1183047464897196,0.4835264737694264,0.1308414583861921,0.11144912796107746,0.14343003878015836,0.13688514999990142,0.14627471038882559,0.1504377238872538,0.1501563183607338,0.13317865306716808,0.1530151344793252,0.14553625327968683,0.15175789820997895,0.1564951520604829,0.13479941327313316,0.1495328230131065,0.14089249363662504,0.1406616003954277,0.13964914105645265,0.13415201604443305,0.14670832823017982,0.1394653226168422
potD1,241014_115113_Plate_1,E12,0.0,0.0,5.4299627325184075e-06,0.005938072585230547,0.006353019673484884,0.009370124561623122,0.02156124222040634,0.07442926056042425,0.274332636225323,0.8132224472675861,1.6782192179040405,2.4393317524372753,3.364604198485399,4.497874572123176,5.270419950179196,4.790627138826811,5.379416272989767,5.658583088069059,5.62920965579317,5.625597689663168,5.519888978972518,5.441288639533538,5.350486235989514,5.21577900613236,5.135374656503287,5.144498032597174,5.053820689259099,5.003365249484626,4.936684485214902,4.79305009672068,4.635334731561981
vpvC_W240R,241014_115113_Plate_1,E3,0.0,0.0015960127975212222,0.001633516280094763,0.0016854323829484505,0.003146113652739505,0.01428864348346844,0.0835514128030985,0.24787944669859413,0.9729648577965073,2.07757263601884,3.374820012260665,4.244596891603224,5.126371659217265,5.843090361968974,6.382708096974687,7.572618171009675,8.680713122664521,9.151285251719996,9.417186656558098,9.522954152233256,9.475366403170598,9.519130787541219,9.44109990674056,9.330404236425622,9.34838147383801,9.261595041078605,9.213585297417268,9.140867134670398,9.133815611614105,9.107965600167322,9.037476451679426
flaA,241014_115113_Plate_1,E5,0.0,0.002348732789078544,0.0031269449995148277,0.0031900384084330483,0.006487484808183998,0.03531265113487922,0.16365325048800614,0.5599322607270388,1.3645596611130355,1.9715560899656317,0.920101239970688,0.25422904092622406,0.06294081741014176,0.018503876639977518,0.009311163690301804,0.005422755653291506,0.004643859289963854,0.005732428130211778,0.00638731893970151,0.0032082640274523314,0.0028663708919416915,0.003013305599207774,0.0029760851405869473,0.003970425930804575,0.008010408141213203,0.007620770362926989,0.009482065483828309,0.008953441343450903,0.01789729250854186,0.009960008808552074,0.008736703981287338
hapR,241014_115113_Plate_1,E7,0.0,0.0006076202585858008,0.0006705172494158545,0.0012078281920772898,0.005527384566075604,0.03066827622235501,0.12328313386107412,0.4206108442872882,1.200533838214686,2.07124766594513,2.465230249792784,2.922450830882328,3.452294074197833,3.908426163355812,4.512463146094153,4.47226030250846,4.11368513868095,3.7193400139902746,3.3000469163864197,2.990823920559294,2.6275497030896413,2.2870502197885054,1.7769250920784676,1.3850506755421144,0.9715934087893431,0.628816692828971,0.402359210070083,0.2636098939147126,0.16615599278064325,0.1052103290506645,0.07519209437815573
luxO_D47E,241014_115113_Plate_1,E8,0.0,0.0005576449296233653,0.0006555503516026032,0.000991916227272988,0.003995271648608185,0.015297572379517236,0.04967729778500695,0.18210928123325526,0.422215714490615,0.8142260052624906,0.7675508613176849,0.4745104354458855,0.30834237803360953,0.25530024512343746,0.247369201058322,0.2596800274162735,0.2593320724721386,0.19195659541451066,0.004845174454911974,0.004704353319157567,0.004550310243287034,0.0043380569917164545,0.0051246823432802195,0.005458301508940694,0.007158911653247507,0.007408847484306884,0.005206533512425605,0.004474927027488257,0.0042154224187458894,0.0034884325948444112,0.003713633857866108
rbmB,241014_115113_Plate_1,E9,0.0,7.541121724702849e-05,0.0001577787044747708,0.00020911918930780382,0.0011684819774637914,0.007123407930181072,0.029387587486151997,0.0994317583858556,0.33398618727023227,0.7158310427979334,1.252931456299835,1.7769000131601622,2.0895254491144883,2.1617842998322336,2.1190825259494876,1.9300944184352453,1.9393052697961817,1.8944965323902137,1.718013241682798,1.5263573391549121,1.434016828831945,1.299267667023384,1.2477486804814215,1.2486893071106586,1.243971996015991,1.2013274020669806,1.190296623762466,1.1696313944475594,1.1467071899259436,1.0730094780686288,0.9826215788863542
vpsL,241014_115113_Plate_1,F10,0.0,2.9196214607576826e-05,3.075589260011753e-05,4.680038204388183e-05,6.21511330993159e-05,6.974326801893635e-05,0.00010813859036597116,0.0008578501148833899,0.0032324491999863375,0.0077509633874891905,0.007375747324770829,0.0045017547823633704,0.0009468823146191961,0.0002507451979740609,7.428982846235836e-05,0.0,0.0,0.0,0.0,0.0,0.0,0.0,0.0,0.0,0.0,0.0,0.0,0.0,0.0,0.0,0.0
WT,241014_115113_Plate_1,F11,0.0,0.00022520504157872183,0.000254482050429511,0.0002657853061656291,0.0003475630174873695,0.0007956988373295046,0.002743926784996016,0.012353852418967212,0.04794198042407907,0.1874348865072013,0.46682933122445636,0.8619846253552002,0.7177834533072792,0.1731967285582093,0.02521168476125716,0.001713095432995919,0.0006254873493889915,0.0004701444499019732,0.0005605645838539096,0.0002626977234981126,0.000351711879788162,0.0006991911136252573,0.000509892622730357,0.0005245651676075313,0.0006202751476397663,0.0004902572073658928,0.0007298002678024426,0.0005625628051873597,0.000720339429783839,0.00043764253291473927,0.00046410444321732684
potD1,241014_115113_Plate_1,F12,0.0,1.5203916998226801e-05,7.50562870197489e-05,0.00010943694937362651,0.00045878922395941495,0.00316547531331946,0.015901567697812632,0.07913968331219726,0.28288814535624013,0.8231377152858815,1.7762220129634183,2.4641134019642545,3.444291826067865,4.574939747376294,5.178923027790904,4.745916042009446,5.267326214817055,5.565354382775393,5.556488483576105,5.514781239277674,5.427257820705672,5.340483425827054,5.253344550669067,5.135774581653862,5.0416423665300485,5.022979638683983,5.010230185388728,4.9895507781253405,4.908124211786142,4.718521971720441,4.584146051093378
vpvC_W240R,241014_115113_Plate_1,F3,0.0,0.00016258760377908926,0.00018345453447428573,0.0014305662371815989,0.01079481644673512,0.0726557730858357,0.2689110756660851,0.788444375666285,2.1204741718455273,2.950119431730381,3.7759282858856804,4.322025878364557,4.906598076010872,5.501007897344408,5.891787602377456,6.810486228605167,8.060638539494082,8.72293063935407,9.090583569082712,9.32813509589736,9.43106098293574,9.507327645430017,9.514739636138751,9.544130790850245,9.641899114742746,9.593826506592853,9.595403468975892,9.573949290329658,9.56034247241394,9.523348727214593,9.501677866714202
flaA,241014_115113_Plate_1,F5,0.0,0.0006497929676079785,0.0013862454352101786,0.010074024927650629,0.1374842619512244,0.7573383245210775,1.9338793956629956,2.6064145282842515,1.3005240873919213,0.32995757671078574,0.037045104817722205,0.004560758187530134,0.003493355954331875,0.004179955478092969,0.0033784202080183417,0.0038170394544538317,0.0034996159198493375,0.0039584279087788625,0.004380360779884974,0.00436148538281168,0.003907341750928291,0.009052876913832341,0.006482741481891408,0.009122326123174509,0.008994819552341169,0.00880312833869631,0.014849017534420346,0.012181293410519092,0.011178460363546368,0.017025472399567133,0.02061858921457015
hapR,241014_115113_Plate_1,F7,0.0,0.0001826083316443959,0.0001933685117642524,0.00027314406269044085,0.0010335327862028277,0.005899521940782809,0.029502406130636323,0.12252347670632797,0.4128041114044284,1.0743576538396058,1.7801365311638546,2.1474094651223337,2.542157457556665,2.974083508520608,3.3555662244679803,3.8298370592722333,3.815188028388862,3.602474394755313,3.2721200361183795,2.9744841024423376,2.714582444265361,2.4493957551604004,2.166839273482964,1.8709471605930834,1.484722389018315,1.095618490744984,0.7180374191533174,0.4798355123906192,0.34709316562484777,0.2369538259704613,0.17593701167732256
luxO_D47E,241014_115113_Plate_1,F8,0.0,8.212367332783404e-05,0.0002750947343947841,0.0006367203640907202,0.002666272087969935,0.01174085075953002,0.05185806221147532,0.1708934338870705,0.38558953929337403,0.7950376232887462,0.8675597692101397,0.5569346277798439,0.3682253042091948,0.2876991312265616,0.2621440478590472,0.2821729414201541,0.28837773331734506,0.21512875352948332,0.013238563760722013,0.01094604165534487,0.006919503350198651,0.005780635428872249,0.005944783369383466,0.007871778234147524,0.008227825978026786,0.00867376057773914,0.009485282941854089,0.008156987062224928,0.009324224790955198,0.007172166697535796,0.007964746118690816
rbmB,241014_115113_Plate_1,F9,0.0,0.0002702639595859919,0.0003461789554562256,0.0012245731517598285,0.011476268840180352,0.05636308995987031,0.18349812497815607,0.5721493721830672,1.103124711309431,1.7941106381977938,2.138339590720831,2.0530857139397845,1.8054299912556082,1.5393482188370529,0.7955617726813268,1.055402204859081,0.7554469728181656,0.48618644416055884,0.4138696310468259,0.33398561212703914,0.31065567752122425,0.2713968980485056,0.24010656701159075,0.24912213719532328,0.27760212464694717,0.24938325220500643,0.21783443442904685,0.2044532264624024,0.12867211188964975,0.09148122632928908,0.029198379419804937
vpsL,241014_115113_Plate_1,G10,0.0,0.0006546669717842176,0.0007015973188016978,0.000693452221153063,0.0007699247982859062,0.0007886261142276041,0.00095243652593699,0.0014229731432441424,0.002713422193188885,0.007634924904418495,0.008369010925289409,0.008117010865183601,0.003726700174934511,0.0036079254146839197,0.00210857017904418,0.0016034788918163805,0.001418688058946827,0.0014228097624510228,0.001541078396691656,0.0015190286104549509,0.0014438305773889406,0.0015257535725563514,0.0016371614841511582,0.001532633221425859,0.0015484239115476025,0.0016694597201954836,0.0015483108223453247,0.0016334183719976991,0.0014670904381531547,0.0015772868039239118,0.0015111712181571145
WT,241014_115113_Plate_1,G11,0.0,9.641692464455911e-05,0.0001903475186406201,0.00041487171774518987,0.002468553641169485,0.013958651732551645,0.07410490655034248,0.28198628739084725,0.6051786419767131,1.0030038511256614,0.6843488413167043,0.04194631192945417,0.00350120759519778,0.00035736785132487153,0.0,0.0,0.0,0.0,0.0,0.0,0.0,0.0,0.0,0.0,0.0,0.0,0.0,0.0,0.0,0.0,0.0
potD1,241014_115113_Plate_1,G12,0.0,2.8924918894604043e-05,2.2044395941197212e-05,3.5907038886764645e-05,0.00036347157183743643,0.0010738991443358695,0.004383210815038303,0.02114288239294902,0.1023471726072784,0.399909902592715,1.0527287252906212,1.8070149788925027,2.6256426352645916,3.616501535341828,4.551681625417083,4.908447228253915,4.054046334040004,4.541976017155819,4.6163410288714015,4.567000096226416,4.529875271880728,4.486558964183829,4.430759374111288,4.397695996988746,4.3512946479547185,4.3136829582083305,4.271848313004908,4.128262142910948,4.063855334321801,3.837642956191149,3.613314372649361
vpvC_W240R,241014_115113_Plate_1,G3,0.0,0.0002725688526201907,0.00037780666816531784,0.0011594488185986875,0.009802031017592227,0.06893078463067193,0.3544075291204034,0.9505937270199172,2.325233374486677,3.057870837036276,3.6279869442773816,3.850447248721099,4.1611332483264825,4.500537351353159,4.714011110281262,4.836816487404765,5.4793086140699385,6.460147449688921,6.982097922712501,7.394742097495256,7.5517395368192695,7.701157993277191,7.734176562732361,7.829119997266956,7.919865555262821,7.891555469123076,7.9175348877883165,7.963371793967686,8.009701584488148,8.048024177972097,8.069018242063823
flaA,241014_115113_Plate_1,G5,0.0,0.00021087863258814136,0.00011242434343444124,0.0005261089589412896,0.0026288633702690302,0.012595790415786243,0.0694577696129489,0.28220753695199224,0.8141440139189111,1.817421392446889,2.988991286963774,3.322673985883955,2.4134101155998113,1.6733530383503128,1.074696988323555,0.6369521601729765,0.28115981999773576,0.21420399015203823,0.1928638771139691,0.1976018799881664,0.15811562469485138,0.13324246721075983,0.10482923649580886,0.10503172033835,0.08694119978004954,0.07548595242357825,0.06878766760354306,0.05032753729111499,0.04090006426542479,0.024862395618668386,0.017052900710939265
hapR,241014_115113_Plate_1,G7,0.0,0.0007487618694775917,0.0008097953963618891,0.0008154170866892032,0.0015432440114451545,0.00317320583972923,0.012580902901109067,0.05159966709407878,0.21535470455184666,0.5861705607063048,1.463574240052522,2.078156606991218,2.36241230241879,2.71239703388568,3.059383263002874,3.5586644001919345,4.3336227714516165,4.329784961302638,4.029986689851755,3.7792351586148585,3.4804262003332838,3.2416696816519033,3.028915386732142,2.7061324538472493,2.5039638031513625,2.129790020277768,1.7450301250404912,1.4264510876347203,1.0898754853301877,0.8208769343970538,0.5816679251523306
luxO_D47E,241014_115113_Plate_1,G8,0.0,9.618617853301578e-05,0.00033091084311484873,0.0006180114910349729,0.003166052395948944,0.014658399698478953,0.0713211533061667,0.21081216342306502,0.49289341631789496,0.7630377260565803,0.6268639479340479,0.36891670657988124,0.22265035583049078,0.17948282296469026,0.1722151263203171,0.17017898566238937,0.12006522107090868,0.007117665861045892,0.0011400576652108054,0.0013114524099555197,0.0003342219959794175,0.0013853122988178753,0.0006282818096593558,0.0011732119283332848,0.0015189862772408518,0.0008911491335223277,0.001580442668126334,0.0012713815149186718,0.0013422688497521378,0.0009268142979455329,0.0008080225509076093
rbmB,241014_115113_Plate_1,G9,0.0,0.00023119598721145146,0.00026038902515604297,0.00034861345634022603,0.0013439185075597019,0.007697220001209221,0.03706955509114198,0.11620483320774253,0.3261674231942975,0.7713375773504375,1.3921641268073426,1.7479188151665679,1.8910248075713756,1.9023214224099265,1.8108810111842153,1.3178003188798395,1.6011789209378813,1.498094401381581,1.3019474999178144,1.1338634398978602,1.0061510881801867,0.8514942141437701,0.8878209938704268,0.7805526419696492,0.7758444930398025,0.8055402061351937,0.7968985459041142,0.8451719860317949,0.8143589569680664,0.753041937991246,0.6647434136508217
vpsL,241014_115113_Plate_1,H10,0.0,0.0002722446323643399,0.00040845425662077,0.0004365842159376791,0.00044051919184774093,0.0005696636835548775,0.0007258313785071204,0.0019332653968657666,0.005812562965065464,0.004687328344992511,0.006610401602581892,0.003546946192017393,0.00195179156164202,0.0020000407253767814,0.0012745645981070948,0.001242384132663131,0.001474691423590238,0.0012373258151566267,0.0013886047260901094,0.0,0.001356140032905352,0.0014389960307108352,0.0012316313625276697,0.0013587766631831817,0.0016090167182408817,0.0018815653070950818,0.001935726340961228,0.0018392948906071865,0.001591310868163115,0.0014964907550294674,0.0015255132162033135
WT,241014_115113_Plate_1,H11,0.0,6.841717507149111e-05,0.00016225287044068485,0.00018133649610074023,0.0006350692349866153,0.003446588386213475,0.017886737962176685,0.07656729519149848,0.2789341027805547,0.6351648023846374,1.137338174186895,1.036860992731844,0.21225993928212752,0.014513442213132059,0.0008846226626996741,1.1136520386886063e-05,6.787271509893902e-05,7.873398666655622e-05,7.946762862338034e-05,1.0941720056142503e-05,0.00014609588098202998,9.98886494633972e-05,4.351144174444888e-05,0.00013430236248774538,6.396284485802862e-05,8.847386276179178e-05,0.00014415478608062352,0.0001328992538541125,9.963624854186118e-05,0.0001324232894232358,4.4593225901331276e-05
potD1,241014_115113_Plate_1,H12,0.0,6.831473939370922e-05,7.616263514114739e-05,0.00010949766041905995,0.0005299267059556251,0.003397745621201706,0.018371289414681108,0.08114309430980869,0.32133490958050276,0.8916668961503799,1.744141528807098,2.5572799115405247,3.705771650415957,4.868662701025556,5.539997924440856,4.823832964205327,5.494365929743319,5.690093578570137,5.585081794299912,5.459703520789633,5.337748151803892,5.249460996573098,5.1100676872342055,5.048872451484676,4.99564963667161,4.959405249551224,4.856618801298622,4.81586014200617,4.705516646581356,4.488705050819607,4.276725326651343
vpvC_W240R,241014_115113_Plate_1,H3,0.0,0.0004746597051676386,0.00041578027010984235,0.0005647210634581553,0.000780819548537533,0.0014868892744370078,0.005380146236705239,0.017028259837740374,0.05455397704586518,0.1730490839503624,0.46899507973218585,1.2336864294092784,2.1887528979125497,3.224932880977453,3.7246855018306535,4.039345473392135,4.456344552180768,4.870387461833805,5.221121818888119,5.479296643066267,6.287271443713422,7.160539174729847,7.661020354879094,8.01692966312931,8.234121120906991,8.343158907529158,8.4573676327203,8.413757065715286,8.588510312322331,8.638283605518899,8.62698872948535
flaA,241014_115113_Plate_1,H5,0.0,0.0004022968137213394,0.00046252259880486,0.001890861694286718,0.01788603307737952,0.1355503897782899,0.6350311819079067,1.6950421563032299,2.809170895070983,3.350620394269715,2.1651944977048294,0.7767425189464784,0.14228870723965187,0.019762846364157,0.004161850505390014,0.004402415515028225,0.004156358222281154,0.005307338458623627,0.008274153762233782,0.006471346691447331,0.007272556336846683,0.008977115842331096,0.015961949707837916,0.013466398711428459,0.02254338482539162,0.02240854183499004,0.021716682693604845,0.015560377373908581,0.019590955458092533,0.022511323936230135,0.022859938288723708
hapR,241014_115113_Plate_1,H7,0.0,0.0002138932857612261,0.0001790601529071402,0.00021039512441863847,0.0010997919571365618,0.006269595153320698,0.03434493659878776,0.14240848415347795,0.5731338033229441,1.3840715276943605,2.403612551304762,2.9739444041204077,3.527746440934017,4.090438920848293,4.60024738541653,5.5372358995715,5.7549570241037875,5.528505092145484,5.057242122487095,4.717126513828818,4.347950123409526,4.025533142100544,3.55362266821007,3.0412591634448907,2.3779161565922364,1.7457088608855056,1.2117227808973126,0.8196306793500695,0.5774053784429324,0.35856194890949233,0.23509822008577394
luxO_D47E,241014_115113_Plate_1,H8,0.0,2.7582844322872375e-06,7.874857256544258e-05,0.0009092816930354194,0.00624123658127223,0.03407841123046223,0.1429031273627084,0.4096827089796133,0.8463604926895615,1.0476005880755555,0.6141946134231385,0.32454079786530476,0.2287091616722988,0.2066109095900049,0.22052117572950622,0.21119668677394485,0.11628116005964073,0.006881446526371622,0.004428602587137033,0.0032418387469998386,0.0022606583699520955,0.0028851710522600697,0.0015425492919695402,0.0011700100526754117,0.0014880116061890061,0.0009297740115682501,0.0012690977951792342,0.0012753803651617294,0.000774393861527909,0.0003996427084532347,0.0004941349097142571
rbmB,241014_115113_Plate_1,H9,0.0,4.455984753299482e-05,0.0001381820510864393,0.00040699292477039954,0.0013519289146977586,0.00705425431768933,0.027621677188747442,0.10519980259268784,0.2825921271799876,0.6452912014565056,1.298985980612979,1.7147185405886376,1.9116277742917693,1.9267885488627996,1.822775440558049,1.3367842575115592,1.6228551984846258,1.5779432028123554,1.4480716565442695,1.3054719239036514,1.2319046892986394,1.2104406128393153,1.1816861282672007,1.1796350071354051,1.2187982459609479,1.146940256673394,1.1111302364180573,1.083951577318016,1.077693484359787,1.0123996177109023,0.9225127618778094
hapR,241014_121049_Plate_1,A1,0.0,0.00023130294378223988,0.00020246525070304394,0.0002828152292372315,0.0009800647998844086,0.003933082150782803,0.015215974273376832,0.062452130945587166,0.23757324181404427,0.6891288831456929,1.4838325889968436,2.279953086539454,2.652736026042395,3.0693412654979615,3.5124228874639063,3.967027436427189,4.863790703162781,4.861104918205073,4.747082512657661,4.460137822170838,4.203874078444669,3.888721490050556,3.6308882073011683,3.447911483066147,3.216844762631208,2.932038869174576,2.6645100097312477,2.345275910979342,2.0830820396692618,1.7325560717067858,1.4510016098505978
flaA,241014_121049_Plate_1,A11,0.0,5.761985140169662e-05,5.190246660984109e-05,0.00016647838729124144,0.0012797170117150802,0.011274600229676914,0.05270450044881163,0.211677024968174,0.7030187918912416,1.6468880249495668,2.6748087511297096,3.3691400050886515,3.276411540618781,2.604803859835012,2.0539753802070253,1.6556528059502464,1.343007507492623,1.2777552384095672,1.3180311118053636,1.3511388953325842,1.260834258159083,1.121580387605968,1.0383152356079735,0.9981957877852864,0.8782117555325714,0.7978399081816216,0.7666978437097276,0.683207182078332,0.6039455282829208,0.5185628394897468,0.4320910368078338
luxO_D47E,241014_121049_Plate_1,A2,0.0,0.00013212013545876142,0.0009059101166970137,0.005690981706663722,0.03361509593720757,0.1881474220463797,0.5303697668456854,1.1389030986891453,0.8036888469473394,0.26445739416064273,0.08104401586322393,0.04605639352852167,0.056039999927271135,0.06358943313988594,0.03432172355200439,0.012679223629975441,0.0005617242330363463,0.00046909953509885526,0.0006555456702045195,0.000988168567475676,0.000785464030453442,0.0005601560984325529,0.00061329203987261,0.0008102432389657062,0.000635753989772023,0.0004893583989969659,0.0006811807720407066,0.0003715110972715732,0.000386417330853372,0.00036232908332283213,0.00032839572855584775
rbmB,241014_121049_Plate_1,A3,0.0,0.0005345107309591395,0.00039245460895170675,0.0019834198227434595,0.010146786560522559,0.055366313304475535,0.1821889251900813,0.5206247010862884,0.9788257006887807,1.6799212404930264,2.0429342359496108,2.0308029278327444,1.9900690130730203,1.7916352486453886,1.3977623432671231,1.5193706869006351,1.2777685469555478,1.0012349514211947,0.9604070074371045,0.8655652261180411,0.8091894896956333,0.6895395755118602,0.6153772683333005,0.6149469809722973,0.5807592657842933,0.5464495667376523,0.47956594411353937,0.4033859744240594,0.3327891537802419,0.19586104860906714,0.09451128130206903
vpsL,241014_121049_Plate_1,A4,0.0,0.00014925103628702824,3.7262223379444014e-05,5.254216962640514e-05,3.0044941379804884e-05,6.708818634494557e-05,0.00026301253414381525,0.0007232185564824019,0.0021943483724105955,0.006009952777720441,0.0033103066684265566,0.0009409012266732883,0.0008905019636758202,0.0002383909483050277,0.0,0.0,0.0,0.0,0.0,0.0,0.0,5.084270976848459e-05,0.0,0.0,0.0,0.0,0.0,0.0,0.0,0.003747725203130705,0.00370956886615584
WT,241014_121049_Plate_1,A5,0.0,6.869930955856986e-05,8.784682292704401e-05,0.00019411870580715799,0.0014307730212226653,0.008919679769242744,0.040311702810415344,0.1515518364417596,0.3943856522226564,0.8852437504711441,1.0563832252660683,0.43313110970779084,0.04412963641190315,0.0016893265705057807,0.0003019503569639186,0.0,0.0,0.0,0.0,0.0,0.0,0.0,0.0,0.0,0.0011840907618314272,0.0009723273851317446,0.0006682174791687016,0.000846629639640814,0.0006816105578233439,0.0007990230981087075,0.00047516080201851293
potD1,241014_121049_Plate_1,A6,0.0,0.0002240065902938832,0.0003012352600312173,0.0009349986524609549,0.00545279952865009,0.03855872320328899,0.16462046745835843,0.6788095435956625,1.562081288562625,2.3488510278187134,3.231979053864508,4.412037125632444,5.211950291271085,5.136917110294735,4.8817853286251935,5.367121249694203,5.311482833469971,5.073559135507672,4.999007536639899,4.852716922873012,4.725397206700326,4.651903938185037,4.551589936891759,4.562217713698386,4.488613161662936,4.44579107584944,4.3069002811562695,4.003895452649432,3.758058988137679,3.2646565500307245,2.6182916364851754
vpvC_W240R,241014_121049_Plate_1,A9,0.0,4.5096141809746715e-05,3.549141500210165e-05,7.657148169892757e-05,0.00039562985414219544,0.0026111916943972746,0.013246958845028314,0.04814680830951782,0.158900594837807,0.4461987910693498,1.040780326084595,2.304675014802309,3.0577450411820566,3.5621952443808578,4.05850957897296,4.476396986486525,4.87064828258418,5.236320646537858,5.584770146941771,6.281344793739516,7.279301830222536,7.827617535990564,8.110159438456826,8.370520341785808,8.489090792448607,8.590891806404601,8.714098178712526,8.77428557633176,8.85338180958203,8.888601304907672,8.982014591040064
hapR,241014_121049_Plate_1,B1,0.0,2.4551866445898806e-05,2.907640224887955e-06,5.345567424145903e-05,0.00010372803791230239,0.0004272409746389369,0.001686476936615145,0.007598139481433871,0.029091850193784453,0.11090276867844572,0.4470460304945296,0.9643342991665976,1.884281186754756,2.2501416091571658,2.5007060851020633,2.923374938864041,3.2955733723776794,4.165572216866519,4.3588508257244305,4.335389263579926,4.0795330021183815,3.8253938774739216,3.6540726306791202,3.434415748039241,3.227298324552008,2.993038489361324,2.7519344501723375,2.5122368367219123,2.2974706106600267,1.9851633091440433,1.7686270464667284
flaA,241014_121049_Plate_1,B11,0.0,0.008423062347563282,0.008650187732074476,0.008237226225378763,0.009636504137836913,0.016236341162486307,0.03813158575442482,0.13729273926791058,0.48501785350778237,1.265639378906377,2.3439154298191167,3.1369717516846296,3.465992313130414,2.9733919991465365,2.239790502977282,1.5377626961832347,1.1016730097636898,1.00724907666215,1.2488747573518866,1.4801397015571103,1.5786991148486347,1.4651090698528058,1.346410081374054,1.314459673207344,1.1828871743841196,1.0798522776475064,1.0334977425943155,0.9306450191202718,0.85693587127621,0.7356455952039244,0.5922646709773751
luxO_D47E,241014_121049_Plate_1,B2,0.0,0.00012525285216790635,0.00024737367513734767,0.0021296866951343507,0.012709323013339874,0.06419426308458254,0.2571159253701828,0.5560123923573641,0.9824060339431595,0.570564986440212,0.1909185355157296,0.07495302206573504,0.06299706574565918,0.061739521841581754,0.06161297027595748,0.0495385919724152,0.020274376045046363,0.001508607216426697,0.002351412755727205,0.002793653732351556,0.002531554559036996,0.0025452269165258867,0.0023223416080132885,0.0027428144179342242,0.0025611268838543256,0.0013639056029236334,0.001791476616127468,0.0018119725794630925,0.002519222820205034,0.002240287065559727,0.00245420448727193
rbmB,241014_121049_Plate_1,B3,0.0,0.00021559728122511854,0.00035695105307806066,0.0005629364476315509,0.00263915341764248,0.013153882619557944,0.05173278197981634,0.16281037813846727,0.42973932979279844,0.8191187350310641,1.486862322959469,1.9086648505675092,2.143097563101711,2.187982005402403,2.0936609961815886,1.7517434505237979,2.0020023649280634,2.0115362996338875,1.9416938528526932,1.792787942607815,1.6770382349217656,1.558549909356778,1.5118460082523155,1.5293932258121619,1.5136236019817946,1.4849515100159523,1.4581960493026735,1.4367078970817762,1.3954303382503084,1.3419178786500947,1.240766508993882
vpsL,241014_121049_Plate_1,B4,0.0,1.822786408404988e-05,1.8529520669908625e-05,0.0004063194722175081,0.00039436946796071005,0.0007636800807507731,0.0015974352737674982,0.009961804459102731,0.006771095941972566,0.00771673300470151,0.004310005385628043,0.004168299800021403,0.004544578205719177,0.004567172639184357,0.004335477541372361,0.004095415113256987,0.003998901939067828,0.00410800479712336,0.004284530554799105,0.004145410104091374,0.004266673027423428,0.0042950449748949925,0.00422199777673996,0.004284808763599506,0.0043284079614948874,0.0043553253317047454,0.004313622768804398,0.0016773189850525538,0.003714217895715602,0.0036019641892413097,0.0044137903760918884
WT,241014_121049_Plate_1,B5,0.0,0.0003746697101234419,0.0003325847773153326,0.00047790896994954145,0.00213083624587235,0.012677318300955394,0.06493947143852906,0.22655476889877796,0.5384146825753299,0.9834632273846796,0.7605010101892788,0.07131207808159595,0.0019352796687069319,0.0010441090007534193,0.0010821459620771507,0.0010233459302185647,0.0010959249885652324,0.0010563656365846967,0.0009958188413468686,0.0010579975719566589,0.0010557998561877295,0.0010431255058931592,0.0010392958547522679,0.0010101945120207121,0.0010228022192697059,0.0010086736929761217,0.001088448327685828,0.0009851885232098527,0.0009644019788074642,0.0010501154351260943,0.0009795631546411871
potD1,241014_121049_Plate_1,B6,0.0,3.0822254093037955e-05,3.764497448676359e-05,0.00012982719336509908,0.0008698122573366477,0.008097820878159084,0.04669429755067929,0.19510641392569358,0.6888258629354495,1.4702590090075185,2.2522705083742656,3.1739104570179353,4.286246889090804,4.81715662176688,4.677055083775047,4.186270015336664,4.768670044272163,4.786636581346073,4.631980576712158,4.486338269702742,4.380391208972518,4.3387097123635465,4.270290410599784,4.265891233943458,4.140034320917683,4.071168948793662,3.9445938424247395,3.7360574871783507,3.4388139215388347,3.078138950039458,2.571817926412198
vpvC_W240R,241014_121049_Plate_1,B9,0.0,1.6309472625806844e-05,2.810755748953647e-05,0.00014160174550943334,0.002226457747480803,0.016448596420370346,0.07805725713500625,0.27598312999683083,0.7797229644749948,1.7056738788596708,2.8260189123884776,3.5734783500420817,3.888496716065425,4.151046908646787,4.475532265383358,4.764446085658396,4.922585050466552,5.089968438947613,5.842349096020985,6.603916528693721,7.03606400978702,7.361783784321135,7.520489465805874,7.671290673503478,7.72584969308385,7.791943008771192,7.827140702157187,7.818116972965365,7.865153387087998,7.849423488264226,7.81936764190197
hapR,241014_121049_Plate_1,C1,0.0,3.502780544953888e-05,0.00037203963380292936,0.003950175540236996,0.02585284971156562,0.14807819224970722,0.5514565226194671,1.4091812763498883,2.493861279209721,3.06839863255526,3.5817938505809614,4.145690987976393,4.696305661466188,5.344051319937954,5.122466035673187,4.429768924031017,3.7086878270364965,3.2218648264276566,2.8562430215732824,2.3856632016495296,1.8487470346007777,1.3636714661423353,0.9018675288204316,0.5944383109847314,0.3124978544811231,0.16979166684808247,0.08821055418272086,0.050143732226927626,0.034043655193546865,0.015273795558650355,0.00890996051804992
flaA,241014_121049_Plate_1,C11,0.0,0.00220954031171744,0.0009625913477829376,0.0019904990329255613,0.018119034285256855,0.13055913664319,0.5689399394111446,1.455732898262401,2.588824710001844,3.0656824185100082,1.900878147380736,0.8643048599996903,0.30650664802764305,0.13227674828779432,0.07610005822419204,0.04761697770597714,0.051136232090787416,0.06708901562117753,0.07192945417315673,0.06053631760014592,0.050487467225075716,0.04116665651086581,0.04593680387061895,0.042739037811492096,0.041139919040096604,0.05276881683954064,0.05318932944134529,0.04652428254770406,0.05522637294033201,0.06013543744436181,0.07746453194821167
luxO_D47E,241014_121049_Plate_1,C2,0.0,3.746588091536185e-05,0.00022748109051301375,0.0019513854837968209,0.013987230330310045,0.08284474907465933,0.2991837710752867,0.7143497815671497,1.1425782636932758,0.7172958522583089,0.26964092569046144,0.1182252778066669,0.0895902023242431,0.10123963407322435,0.10036041401142168,0.07339746035965217,0.030469936085889056,2.5648592956693077e-05,0.0006625953207015791,0.00046193361204882073,0.00015884903258177132,3.5944784330742e-05,0.0005141343439059946,0.0005210459600367019,0.0007782318723082353,0.0002942590874209363,0.0004905155871015529,0.0001458874918901919,0.0005280536785823551,0.000327353756345811,0.00019479865881567415
rbmB,241014_121049_Plate_1,C3,0.0,5.752146178940131e-05,0.0002747504844428469,0.0030689311750258337,0.025950303044244206,0.12988189215785081,0.42016098868229523,0.93478651825065,1.5741602318980699,1.9371938255062227,1.7583202798144084,1.322864120309813,1.0629706211409249,0.4120963442035838,0.6988072055438398,0.6092592829320037,0.4832135758092265,0.3265753334724609,0.3331917072014553,0.28417243341879833,0.2643161028787665,0.2597161811849024,0.2369508031248416,0.22993438386646434,0.21386109780554519,0.1825250361970646,0.15915691475831018,0.10706262451813559,0.08015494480231093,0.0392184993860646,0.0193229427427187
vpsL,241014_121049_Plate_1,C4,0.0,0.0005179316599615508,0.0006189463662322788,0.00040626712749922134,0.0005731154789933025,0.0005384374207945934,0.0008848706430438768,0.007181784295513087,0.013493184333720818,0.007444073667344074,0.004996127406784604,0.0027584759683459744,0.002655764756848288,0.0019253624612522876,0.0003759923722748629,0.0029333811597593907,0.0030178171294181068,0.0027592441188943866,0.0028384043535441715,0.003038327270702213,0.0029255659000443066,0.002913444690371878,0.002789594692704566,0.0028592546987147287,0.00268066992840756,0.00269717158914398,0.0029707767026685454,0.002742732694099107,0.0026927100830160264,0.0028135171719289634,0.0027867379698396887
WT,241014_121049_Plate_1,C5,0.0,0.00012506760255802458,0.0005675393319816307,0.0033203655884889048,0.02696860276171417,0.1545493824487043,0.41426859316693804,0.8280832779756849,0.33643658484458255,0.003655632205012132,0.0003873748305788449,0.0003628013494492227,0.00018107928671460118,0.00029428630640693703,0.00016017610193510258,0.00017114061170588749,0.00023579533376212247,0.0001614958482442887,0.0002311978263321272,0.00023942342396466616,0.00020742967273941295,0.00020756727909222622,0.0002876768210208372,0.00022367375626555848,0.0002131441216258989,0.00024340871821641575,0.0002681206282873716,0.00024337150778936225,0.00017619412074778844,0.0002722834879684342,0.00019987992854821117
potD1,241014_121049_Plate_1,C6,0.0,0.00010564806652233239,0.00014786096869091411,0.0003427314067146338,0.002498324791651139,0.017454563997745656,0.0836364871817016,0.3197920545263612,0.9722890645445741,1.7971985552508878,2.4842725052692027,3.598939604816576,4.790038620210581,5.34517044158841,5.135777256738481,5.4295777878417,5.6801351748123565,5.643531724458955,5.474119284294208,5.348551481038655,5.2237547709245975,5.132009400052294,5.055870472848585,5.020284490930108,4.985706079633466,4.87214499242864,4.8112864829555555,4.6029485521107985,4.34547901399251,4.020789080159684,3.486688105287095
vpvC_W240R,241014_121049_Plate_1,C9,0.0,3.5185140551418956e-05,0.00012386106582992434,0.001301482570210992,0.011716364372467888,0.06773353044620042,0.27473823255529073,0.7887504387852828,1.9978175963039693,3.054646356913371,3.7618663023219994,4.286897670301547,4.966501647152006,5.570738258080056,5.989965882987856,6.301203953181533,6.760522001243901,7.722442036541642,8.238432956050499,8.389596370205547,8.469215582498874,8.354039814217881,8.210738206250292,8.10707600217047,7.985670363073979,7.87909459058112,7.633783980828393,7.354374736205481,7.158875539605146,6.963651876720592,6.658442778487507
hapR,241014_121049_Plate_1,D1,0.0,1.9035918200955993e-05,6.325582935596203e-05,0.00039376449757407093,0.0035431034329618675,0.021392007004597615,0.09601768164056197,0.3925453745728372,1.0535760583437628,1.931350303786859,2.5862784975841446,3.0333072069057647,3.6121848181688905,4.210517316710952,5.044016504129617,5.209806545334349,5.041229065956378,4.647002514391451,4.350851252679082,3.9064405817971877,3.528854996000226,3.1608054180996685,2.730281780247358,2.2280710910146615,1.7591761731383315,1.3133527231919058,0.9116937165209067,0.605599566541549,0.4204950131232755,0.3248200766995525,0.24279496017680247
flaA,241014_121049_Plate_1,D11,0.0,3.486409695855349e-05,9.369168218871744e-05,0.0010156137987580238,0.009792438164147665,0.07538129642556239,0.36644466088324984,1.0352490536174106,2.1818224224352774,3.220992080070633,3.2331385024155983,2.0778349280657555,0.9864292943333676,0.38560660633324473,0.19137506545684757,0.11816468045232978,0.14025120897627988,0.15005428394564474,0.19741826217990235,0.15501373701233356,0.12123468112618638,0.11622517053856023,0.09845642253368396,0.0956228592138981,0.0785365119199646,0.07453182999243711,0.0645879251932928,0.05759830359508871,0.05047145015591808,0.048803073443730687,0.03899639379784139
luxO_D47E,241014_121049_Plate_1,D2,0.0,5.334015472480447e-05,0.00026260810816336835,0.002147012215056378,0.01288819120886245,0.06064692699898189,0.23046506046551588,0.5728559289081215,0.8140645304671622,0.4200577504791275,0.14094919205512965,0.05209815239359362,0.04761170712050611,0.052240608006050376,0.042632723261012306,0.02190645921543349,0.0003809659564760528,0.00010367551931351533,6.0923707972966404e-05,9.021107608894352e-05,0.00022935245933381992,0.0002562969482140052,2.4169885762949565e-05,0.0001171348932527337,7.66232044600404e-05,6.448785696539892e-05,0.0003391056638988434,0.00017089776752415365,0.00045626488704618906,0.00020152134709514825,4.224228997943745e-05
rbmB,241014_121049_Plate_1,D3,0.0,2.4827150041267708e-05,0.0001834457000073307,0.0008087200123449582,0.008347135420815647,0.04505037779962322,0.16960130113886643,0.4125626047650042,0.9583484629454907,1.561449366698447,1.9520714423703072,1.9945755943768078,1.9331804629291058,1.7986717243506982,1.1484501413096033,1.4871846037789709,1.3486452483276523,1.1031990786618455,1.019413154565602,0.8843166998963496,0.8062295085644542,0.7949314893064781,0.7279122599553048,0.6919183945095115,0.7342209120128373,0.6788043940577705,0.6876942352643991,0.5815494857808142,0.5329169824201171,0.40231984619991096,0.2656496124983186
vpsL,241014_121049_Plate_1,D4,0.0,0.00023670398644244823,0.00035052252379102875,0.0004487618297693044,0.0006141189754055298,0.0007259650324224088,0.001367661287974803,0.006820823758730608,0.00814281981408148,0.005186878729448497,0.0029570474327543813,0.0013302541753246698,0.0009181944730926579,0.0006383144470153199,0.00014613374011710365,0.0,0.0001835838012507985,0.00026797951757370715,0.0,0.00011451684143758462,0.00010394507421517216,0.00027921280647160926,0.00019529153646905592,0.0003360897133097184,0.000262464569810412,0.00041099030371691655,0.00022851533172850086,0.00028356470100728985,0.00019946603276821217,0.0003164708700944704,0.00026931576915499393
WT,241014_121049_Plate_1,D5,0.0,3.859831445565362e-05,9.18469438352957e-05,0.00029902513186965475,0.0015342416160531718,0.007569599739279565,0.0350783444857077,0.12614178947458837,0.3469919136720099,0.7287133809216491,0.9730937634365966,0.4927927194451156,0.058620056178030955,0.0035226112816218254,0.0,0.0,0.0,0.0,0.0,0.0,0.0,0.0,0.0,0.0,0.0,0.0,0.0,0.0,0.0,0.0,0.0
vpvC_W240R,241014_121049_Plate_1,D9,0.0,0.00013174999068771,0.00013380338564143176,0.0006183448734556446,0.0035657132481636085,0.024462231048019922,0.10099598067839323,0.36900117237673347,0.8840201667663078,2.276221209741396,3.1267048437931364,3.826405928862492,4.350192513091596,5.014509652008344,5.402885124739858,5.70331986569877,6.064884302834041,6.672313493500914,7.699456639459361,8.27749026152512,8.680449626829526,8.796478747104056,8.803445336223689,8.9032320114614,8.942763074422087,8.971676726529047,8.938221449509788,8.845670878167095,8.863685566764154,8.852900963121721,8.823880307629993
vpsL,241014_121049_Plate_1,E10,0.0,0.00013098604002215,3.718498967385989e-05,0.00010806592169228974,5.069089403494515e-05,0.0001346562694951581,0.00031090914847660796,0.000513955514499199,0.004101289264695242,0.015260069699469081,0.009953621375252504,0.009506236879676526,0.0044778669454847925,0.0008421278734893409,4.856845915982796e-05,0.0,0.0,0.0,0.0,0.0,0.0,0.0,0.0,0.0,0.0,0.0,0.0,0.0,0.0,0.0,0.0
WT,241014_121049_Plate_1,E11,0.0,0.0002436187123590254,0.00018396938126010294,0.0003241168638302721,0.0015599683729761254,0.008712285140111842,0.04068077152867871,0.1431504656866025,0.36009211737482716,0.7736622927616648,0.9154676590246024,0.30373519348500416,0.019048423552779744,0.0013030921686263833,0.0012669916341813982,0.0010953893697473467,0.00123131215805548,0.0012026576547710089,0.0011247327073212697,0.001077489576034686,0.0010366421039328753,0.0011535812211177505,0.0010766108107372685,0.0011548407847107155,0.0013284155896658722,0.001145831500975838,0.0012113786312610486,0.0012175854963488194,0.0011641175769075158,0.0011258040787112719,0.0011503171497424802
potD1,241014_121049_Plate_1,E12,0.0,0.0004123421109152641,0.000342267740985294,0.0004334017948326993,0.0010733365071633296,0.0065674172728862395,0.029132202507723245,0.11721715210477504,0.44885913597232896,1.1402138232754528,2.0256222252049105,2.786482031118744,3.9394326010375105,5.078270293907716,5.7291825837974955,5.223917951086371,5.874247072529158,6.079157885591103,6.150057258305355,6.006642761766836,5.976798180212383,5.837174011070852,5.704683490083423,5.6573124228749245,5.535697725915441,5.541365561452437,5.435882293518072,5.383427896761881,5.315668672127913,5.154255002483127,4.928913899412959
vpvC_W240R,241014_121049_Plate_1,E3,0.0,0.0001174622166067428,0.0002427789564830679,0.00034858151582987246,0.0011581446479696968,0.007835799683561176,0.040499838167830086,0.15128073667873518,0.4190514705856229,1.260775540051691,2.3335344964457287,3.441403069064673,4.152385788498712,4.875166500506061,5.503826098990768,6.0273856354128155,6.574126786373963,7.889137861398446,8.552380619454995,8.545912264845693,8.667503554814758,8.752505037361981,8.743641144476157,8.775891295874453,8.749072903795506,8.798729830811137,8.790404967476093,8.79870776136303,8.800368988911572,8.778534948249408,8.675281363345173
flaA,241014_121049_Plate_1,E5,0.0,0.000533389201732527,0.0005318941972545119,0.0005103386663397677,0.0027702201917184383,0.019138752466346165,0.09095640147784215,0.3706887495087754,1.0135767218204792,2.0962107530864085,3.144148669332449,3.2363172385915147,2.474211177630697,1.7987879567774039,1.3293470541302885,0.9356805984075124,0.5668725002631719,0.40713383485271754,0.5016952004265701,0.5021850752974668,0.418058011035156,0.3517162468638029,0.28895185329061285,0.26086702265123024,0.20570196933808257,0.1920323671863504,0.16330611144468007,0.14324849416247423,0.10859247197331608,0.09436846522195981,0.06787442715309532
hapR,241014_121049_Plate_1,E7,0.0,0.001160142869303147,0.00115673180202805,0.0018693996910179736,0.006007351257928239,0.024742722364371313,0.10773978206322463,0.37070633819014687,1.0245691126607082,1.8670410689091976,2.31798021692721,2.6616889992460373,3.1025283652841424,3.5213183463482354,4.008730668098692,3.969799492863867,3.6231265830327004,3.258382807827473,3.013618584108224,2.726000173560047,2.4479670593423846,2.155890954661837,1.8115536612117211,1.5119296046466666,1.0801325596384863,0.726452633471379,0.4794263247595501,0.30822609210521157,0.21207371326635976,0.1333934556743808,0.07953454586513041
luxO_D47E,241014_121049_Plate_1,E8,0.0,1.4874356604704857e-05,0.00015110489667900158,0.001284178384088803,0.009118072738629931,0.04049072281699005,0.16569574447190455,0.41260115273436737,0.8268491945637182,0.8978314280240514,0.4798097312626014,0.2390124373391906,0.17669139891536884,0.15256659635350717,0.15767210235269444,0.1471118580572793,0.07671694611280981,0.0014427804729216615,0.0017865830169563931,0.0019484503140754852,0.001316733026993882,0.0017332331356239132,0.0012048717554332309,0.0018097577431526002,0.0018021827729134392,0.001151606874914527,0.0019233883825575259,0.001955358519473303,0.0014194406940044478,0.0017293479764771728,0.0014353298941172947
rbmB,241014_121049_Plate_1,E9,0.0,0.00013331366458790066,0.00013740748033494094,0.0002465844850484052,0.0015465278115694915,0.009910396689203814,0.039297144198785376,0.13146770238326563,0.3501593476154104,0.6658945694395924,1.234817120800712,1.5068096264396893,1.6420998909896052,1.6017974673789628,1.5317939136265752,1.0748065999158283,1.3688185295810822,1.3299664699738716,1.2279536561931508,1.1123610428513655,1.0103375956092833,0.9744994869654448,0.9223509861354614,0.9634041053673754,0.92675129970275,0.9274324431239218,0.8852049617441653,0.8940840357352015,0.8432644500669366,0.7682509978396532,0.6807273786363047
vpsL,241014_121049_Plate_1,F10,0.0,1.3723898344248712e-05,1.1674181631878387e-05,1.3455629489522588e-05,2.9885660822635472e-05,3.545540435049987e-05,3.907536898351264e-05,7.928538179598367e-05,0.00043532168300078675,0.003181567752986253,0.011679131875966274,0.007283310043261762,0.011552038605706607,0.003179699875150875,0.0005095975608968559,0.00019992229520086823,0.0,0.0,0.0,0.0,0.0,0.0,0.0,0.0,0.0,0.0,0.0,0.0,0.0,3.7121901815742246e-05,0.0
WT,241014_121049_Plate_1,F11,0.0,0.00032281296070974343,0.0002804275623972021,0.0011904739149956056,0.0031812146418165148,0.017109692088634387,0.07848089022301923,0.2551167878202506,0.5893163264642897,1.0132154182040944,0.8269662295158096,0.11365035477856948,0.026634027922073478,0.02262958942724634,0.01359546886922174,0.015063929151331286,0.014837938002698645,0.013293479904099053,0.012641613946542517,0.011316223208809841,0.009535570520068705,0.010843270923214406,0.010358976278833433,0.010852789543060785,0.0104190152092563,0.010010368614051407,0.00982054995964001,0.00925658661390025,0.008344895037447038,0.008368025156607221,0.00630314405830163
potD1,241014_121049_Plate_1,F12,0.0,0.0002426682681692357,0.0002563725795439024,0.0002615690384201435,0.00031772141865226854,0.0008234019467691459,0.0034514884724647517,0.013945319110809396,0.06196731599724776,0.25143014670310343,0.7600268514405202,1.5999570760380473,2.360917732642026,3.2001656100303024,4.304004903318646,5.132573842906951,5.246040232116256,4.929353014553206,5.5712121493203535,5.578647547019506,5.577517992539036,5.446428145858237,5.31181521273391,5.171894242953874,5.016979423883048,4.94848990114803,4.856739180106487,4.779157312259166,4.7386308503116625,4.714413978024918,4.550819579398536
vpvC_W240R,241014_121049_Plate_1,F3,0.0,6.788068685110433e-05,0.00016693207495495146,0.0007337850069741337,0.0065099889575432794,0.04083706602264191,0.1855360044410863,0.5101770912287661,1.2377920824057589,2.7066270101162297,3.8008641540409585,3.983746447788921,4.4077513725639745,4.758868132964607,5.043800491046613,5.293232068655266,5.477789500391792,6.35729512747757,7.376490998294975,7.640689310510245,7.962944114814187,8.139060651420305,8.21696714078617,8.311806247020616,8.346037566087913,8.396704738809996,8.415087251542198,8.387231595402145,8.410292162362227,8.415447050423484,8.425921344250083
flaA,241014_121049_Plate_1,F5,0.0,0.00035519238557226275,0.000819728253061556,0.0023683208955715164,0.023922871793065542,0.17154103174711707,0.6761676300257099,1.6693406120528125,2.8855723149529546,3.0660933783846382,1.250282253124295,0.6401945633628311,0.45201413077225,0.2720508559222344,0.10890554381401624,0.020011521561589564,0.012096615613210796,0.00843671664823099,0.007277219276846466,0.00453931363918853,0.005203453553749253,0.006912722278197362,0.006391459636306503,0.005934110784909466,0.006565083662818653,0.005111875710051228,0.006016092096921576,0.005215258702173919,0.005345277846235871,0.005978121277065055,0.005577485891523605
hapR,241014_121049_Plate_1,F7,0.0,9.144143444557802e-05,0.00010108464635809766,0.00021856930023708427,0.0014873097977391508,0.008284353191115756,0.04036129286031549,0.15718171252800855,0.5207292300177849,1.3307013825958898,2.145269263672718,2.525861042687656,2.9609301174478486,3.4163882190360124,3.8974879429791223,4.508042836269335,4.567955101435482,4.366653311910457,4.104856490034986,3.8436418334497753,3.541998623014125,3.297739655902333,2.97671846687055,2.6455498793526386,2.197877477794516,1.7716208005412253,1.3898087816772253,1.0123547097278567,0.7758009560376246,0.6291080095440053,0.4722127116384663
luxO_D47E,241014_121049_Plate_1,F8,0.0,0.0009519282598593361,0.0008335706790551136,0.0010680690649167175,0.00329080296085332,0.013531942965997704,0.052178358786960866,0.1649071094630206,0.3990578881414899,0.8521664629085829,0.9384632214284365,0.5988323715417226,0.3892995138361124,0.2837920363859437,0.24729605755712067,0.27308253574419855,0.26321519855456815,0.20250749028918158,0.006757416228000974,0.006317793490447694,0.0035958944222402745,0.004743400124925058,0.004743579088086085,0.005401090811731508,0.006061621368369734,0.00727927173552057,0.006120752107564372,0.005791792538047906,0.00478728569062893,0.005280336823248263,0.004972275014777231
rbmB,241014_121049_Plate_1,F9,0.0,0.004738701071282918,0.004256673561116742,0.004380460426787041,0.005748194142677909,0.015890662046591182,0.05265206076502084,0.16504897588808998,0.3730686385402743,0.834419684036142,1.285473994447012,1.4662638370058125,1.502028782085315,1.365206295942619,1.2516335721196998,0.9094029746843437,1.0743616664665347,0.9856190446407602,0.8851838285756733,0.7929929892371523,0.7397331245021094,0.6983535111924182,0.6681907283225093,0.6932032376521281,0.7086032985423486,0.7195720817608126,0.6969367195009579,0.6760861068219388,0.6403049774804899,0.5737118891091599,0.4775387850522207
vpsL,241014_121049_Plate_1,G10,0.0,0.0003045700673315315,0.00035862224531680984,0.0003558591303504714,0.0003613239871542715,0.0004181932633135043,0.0005738054501937175,0.0007388395793621708,0.002914953438097124,0.010995015098240288,0.014049428054020631,0.011577620439920314,0.006632223605363269,0.005664395378175494,0.002314961116425945,0.0017460563543775435,0.0016337163764242814,0.0015815708850644948,0.001434681587359824,0.0013207863820860562,0.0012509145093740504,0.0014717906955833747,0.0014203690152444365,0.0012541806539399004,0.0015345852975496275,0.0015323019790728827,0.0013211390251159864,0.0015595209650735588,0.001669032576058908,0.0013024724852743383,0.0015192251622973489
WT,241014_121049_Plate_1,G11,0.0,1.0334223052080534e-05,1.4892169324413163e-05,9.771528365221445e-05,0.0008144361331593312,0.005858642635174029,0.02601734467742907,0.10726569687929295,0.320014996078528,0.7148143100112792,1.0679614596379088,0.6231639715200739,0.06758742401200957,0.0024324444126994876,3.7563868596193126e-05,0.0,0.0,0.0,0.0,0.0,0.0,0.0,0.0,0.0,0.0,0.0,0.0,0.0,0.0,0.0,0.0
potD1,241014_121049_Plate_1,G12,0.0,0.0006261957786732794,0.0005012915301575282,0.000492918247790873,0.001336726609438015,0.006820335555787598,0.033939427209070075,0.14884804147685265,0.5097152378692559,1.3159083652828885,2.0870750716032727,2.8154519268798226,3.946835228950078,4.838805145310701,5.017174705060252,4.388190752565463,4.988233298950369,5.140206193711196,5.178278332397669,5.063632230871284,4.974909036847556,4.87442349575307,4.760997232813053,4.674236213357532,4.598249097205963,4.497199782027975,4.536108219043536,4.393174435211091,4.31547459613206,4.1831512010562175,3.913574564336868
vpvC_W240R,241014_121049_Plate_1,G3,0.0,0.00024377910374508293,0.0003022374804838122,0.0011126761009423952,0.009729828477405717,0.06833228794881137,0.3017768309123806,0.8377387284003376,2.160753589728444,3.2286545924539585,3.8704811580658665,4.07463224709595,4.433849765617655,4.701686594177772,4.884796136364138,5.04238804636766,5.183447264653179,6.126082882439345,6.88743604083408,7.3386826898290725,7.585052633091016,7.730502066499385,7.85678104100096,7.938387172395222,8.015145381688285,8.040683745776928,8.05920536290933,8.053435874156802,8.068010002670835,8.121612411991372,8.220055124716382
flaA,241014_121049_Plate_1,G5,0.0,0.0002353482602451335,0.0002903868221820608,0.00048109775106820344,0.0020634012414942325,0.010740270802577842,0.05764815379696809,0.22561135349382527,0.731764314929882,1.7257232368181148,2.860639857530566,3.4558706623337447,2.9100819752512734,2.2188415809385065,1.5609856407797031,1.19628205872088,0.809980378463309,0.5470551724568885,0.5421124854830508,0.5985810807803035,0.5376827794235083,0.48321638464807676,0.4243599753811405,0.38053851139245737,0.34187237685399474,0.32249465239090114,0.2849209220952592,0.24668077471927444,0.2266752547100281,0.1671711539550837,0.12341880746524998
hapR,241014_121049_Plate_1,G7,0.0,0.0008756412667219522,0.0014226276560655687,0.0010442250994258941,0.0014929474716970648,0.004879913438162887,0.015779915549668483,0.0563645345055647,0.20421757825829434,0.6763209123743917,1.4838614130336156,2.3419327908535736,2.5652132762415474,2.791787392689834,3.088835810906377,3.419324592545427,4.194347433344432,4.183411687421016,3.9667201360815545,3.681788313016472,3.4231385944412955,3.2165723721398547,3.0119898588378047,2.839068643932242,2.616712935297136,2.3375594287638237,2.0576793023708126,1.727096491507397,1.357171478657412,1.052917853773201,0.7216178527233695
luxO_D47E,241014_121049_Plate_1,G8,0.0,0.00026358574458831255,0.0004494614714006181,0.0018673141281717056,0.01041399073157023,0.05500210722127877,0.20392465649248856,0.4640555092319295,0.9450185497264201,0.9564221345111824,0.4774746030844938,0.23218105368392555,0.16688647144990512,0.13886489987405576,0.13619285147586752,0.11163019775124167,0.04636454655737822,0.0015420524618786333,0.0019609142020876377,0.0014385164549157226,0.0014513861532646124,0.0016567519313431729,0.001404426714701898,0.0014753221416663371,0.001640461669168788,0.001489876942693996,0.00153833028226232,0.0017124254580530326,0.0014377657592944508,0.0015349820125986594,0.0014855465157123846
rbmB,241014_121049_Plate_1,G9,0.0,6.608689548425584e-06,6.805246072221669e-05,0.00040609449760103077,0.0030463609510764573,0.019630649701214992,0.07989457881632117,0.24444719944102436,0.5693737712592685,1.0950587961655254,1.7091229323363608,2.0880984921014747,2.2235253197212024,2.2027647905167362,2.1281042488278445,1.705443554073955,1.9464971010407535,1.8321170366797501,1.6616892681477724,1.5436788464500106,1.5018680763768146,1.3410725519104176,1.2776945139887106,1.357764611794611,1.3002629991330845,1.272057174416374,1.219019274827612,1.2053077273490502,1.1639204231710787,1.0291634367400064,0.8550405738234848
vpsL,241014_121049_Plate_1,H10,0.0,0.00034688835445868794,0.0003772661806934253,0.00023344527192412798,0.00011725183457686337,0.00040525933618290686,0.0008536599626514996,0.0009425044048855935,0.0037449447870545913,0.009299669520464123,0.006140744018080619,0.0068839390364655905,0.003907711581376899,0.0015670277875320451,0.0004723326691205041,0.0016690548461383633,0.0017864083339307571,0.0018179857684244313,0.001784890691549152,0.0019196223984305723,0.0018280494367619786,0.0004743984630914361,0.0005498272623321245,0.0,0.0012134940881779366,0.0018064607013593978,0.00214169882823143,0.002027912030761857,0.002091427634910108,0.0018061828269445752,0.001852679542745278
WT,241014_121049_Plate_1,H11,0.0,0.00018041925639878672,0.0001554654919274062,0.0002324691134834359,0.00045753915691684825,0.0026520296699486866,0.012575646359832278,0.04647302792639959,0.15636496237977646,0.45464932319209683,0.9882886118979641,1.4667181332512733,1.065650320281124,0.22000261057606826,0.023807711406521107,0.0029279633777571775,0.0,0.0,0.0,0.0,0.0,0.0,0.0,0.0,0.0,0.0,0.0,0.0,0.0,0.0,0.0
potD1,241014_121049_Plate_1,H12,0.0,2.454482428563868e-05,3.726685127583528e-05,6.57047195201294e-05,0.0005449174788991031,0.004608137547500952,0.032003525984451865,0.13631549073023616,0.48538898806014297,1.2821250560121966,1.9891240394312768,2.75651539882854,3.9676092673318717,4.756829718484753,4.972919442662003,4.237133405515569,4.966071627299464,5.035978543619982,4.9087144023302605,4.77414326740311,4.63839342331561,4.553422704241509,4.4051220318917315,4.31907459125839,4.232651970007202,4.183196343109167,4.212760709549755,4.104564504548796,4.005139567628721,3.8547755356350146,3.6280667955532655
vpvC_W240R,241014_121049_Plate_1,H3,0.0,0.00040292093102614065,0.00043798177377072706,0.0004261639655080998,0.0014455632296968167,0.007051494967904593,0.029733457201826238,0.10488534639569722,0.3578757629538134,0.9079282005337617,2.0665072153685062,3.043640925035623,3.927505736262669,4.277355710341865,4.638215262679969,4.964214717311025,5.275426705429664,5.523651151103889,5.747703532158742,6.234043947502273,7.148623946573099,7.6742807493366225,8.037620773887909,8.296842492431793,8.450136878994519,8.58256092412916,8.614046001326356,8.572968070684595,8.663309022131804,8.670904924908111,8.75473739547673
flaA,241014_121049_Plate_1,H5,0.0,5.606377942322264e-05,0.00020700708962211303,0.0012991984492088616,0.0104961472616249,0.07450302601879953,0.3443949749622181,1.0698370952186826,2.2302946213501667,3.2268333279680705,3.5619741486370784,2.6129337095013176,1.2395726856054343,0.4770803424256,0.13260984313686944,0.04073590769776568,0.030623318750244218,0.047333183997663314,0.048764201789128644,0.03831488054622107,0.041332649524116034,0.03842175218307282,0.034142856694024115,0.03479811399010669,0.030616858420888772,0.02892292127516463,0.02436988913327753,0.01661051996114356,0.01712357778412166,0.012527308918305082,0.00905773954889895
hapR,241014_121049_Plate_1,H7,0.0,9.344453112074669e-05,0.00010043002640092562,0.00019368958879567558,0.001313163126569518,0.007616440738470763,0.037495704765010504,0.15228719045274003,0.4702681324393433,1.2455697571819422,2.1773445982911466,2.6168638100696606,3.100698941790166,3.585417720837518,4.066017070202601,4.910571914212739,5.013691744886014,4.812654454352715,4.473052060678637,4.1667771418561355,3.834336885987357,3.5686832608621097,3.2459476769749775,2.965844247893376,2.554142037282167,2.1520477943436185,1.7880130503167186,1.3623130581726899,1.0213234993693106,0.7848801932352948,0.5863289257157633
luxO_D47E,241014_121049_Plate_1,H8,0.0,0.0009017910214003216,0.0006845859875681991,0.001615104876448674,0.007337488532055048,0.03881130870566372,0.17413074104072537,0.40813581454769676,0.9109444921961757,1.0257325404001694,0.6150012183129522,0.3554271911247157,0.2816727340349156,0.2573962073611627,0.27440545202865846,0.2646098338576697,0.17723099692162547,0.014659120633783834,0.019831436871336393,0.014036938752704595,0.007822486456182417,0.00845654103157296,0.006450795086351627,0.006000864846497758,0.005359547750751582,0.005365391138716715,0.005959561272468368,0.0049459271700828065,0.00485909726719834,0.004671658100555748,0.004179760531301343
rbmB,241014_121049_Plate_1,H9,0.0,0.0005794544932612633,0.0006713103116897834,0.0002331995386510054,0.0013083302518192997,0.008336227763280732,0.03079145918767252,0.10869299496559524,0.3181555715105467,0.7393647653500414,1.4015126112719385,1.978845093658997,2.346510930670926,2.376817365584887,2.3597115369872146,2.220834184594256,2.2313964218277125,2.201005454239783,2.1010897061691933,1.9751890555098937,1.872942974350376,1.8720993864157016,1.7605775830932313,1.7509008657458556,1.725670671405347,1.6593444227247853,1.6641284103035872,1.6142069174191138,1.5843452822002146,1.5321614033761422,1.4559130652115062
hapR,241016_105223_Plate_1,A1,0.0,6.067043564261569e-05,5.6643084379253686e-05,7.768208989258218e-05,0.000320078154826388,0.0024360604583335333,0.013185836505334659,0.06664351371640234,0.2788468415202754,0.8102354477817527,1.6851218056241577,2.1982631581194942,2.5720632985488967,3.087630484654067,3.4636748204476584,3.9264614501044366,3.9102383994311096,3.557602124089638,3.172622938790699,2.8383515206229415,2.5873122171581304,2.3396803027270656,2.098789133396654,1.91363856852293,1.67090306210179,1.2518657025875335,0.8770308394274118,0.5740286191280769,0.40870680467196,0.25674910439177073,0.179837913697047
flaA,241016_105223_Plate_1,A11,0.0,0.00031399069882830804,0.00027533625440963143,0.00030990476120547144,0.0006678848992734157,0.00392361937332785,0.02543689812903676,0.12594115812814605,0.5034855008079905,1.3936463911948587,2.509508584795874,3.3046609023376696,3.0561436017747545,2.1449958700246325,1.1449538057122683,0.8616106485254317,0.6841593784485472,0.5788717929540793,0.5151782956786495,0.5668733696656733,0.5393265520449103,0.5035657199080097,0.4351142836902578,0.44022590225779995,0.3634381132165614,0.34875753639781787,0.31327946070517004,0.25855618424146526,0.21916631893469268,0.19772988278719658,0.2249906669850482
luxO_D47E,241016_105223_Plate_1,A2,0.0,5.722483770648248e-06,3.8737191473660995e-05,0.000129838796544635,0.0024548676407490375,0.01474507110259973,0.06835468509478587,0.26177150888726153,0.5777754764000029,0.909695829573034,0.5260696351973869,0.2090917161887643,0.1049052624006874,0.11242949966004481,0.09821961735547809,0.08804600972779196,0.04922589731864635,0.0029878193992692046,5.1091222454526536e-05,2.5353983881263695e-05,0.00010032900183028036,0.00010046495631834123,9.288172006770668e-05,0.0004203283553514974,0.00021891996370439616,0.0004303195489589982,0.00011968758606292339,0.00018813171261195324,0.00012186529888661237,7.34959770384669e-05,1.8908192273183878e-05
rbmB,241016_105223_Plate_1,A3,0.0,0.00021853984755542652,0.00023448459580039163,0.0002077393338472236,0.0003786489319331058,0.0008972422406366657,0.0034196012631721707,0.013450731409584776,0.06470416029508301,0.20712917379642318,0.5199345560053731,0.9771480213698299,1.2282198939898796,1.3052518981937196,1.2304914420942996,1.0565780383034638,0.7445687412140626,0.9435750406273251,0.9266753272995639,0.8466965836334102,0.7583935785262487,0.7098545024958783,0.675603855942207,0.6612154451778642,0.6222291631998835,0.5903512498263546,0.5554005001892727,0.530419523419603,0.5340318239351817,0.4839781818705182,0.4471764074311594
vpsL,241016_105223_Plate_1,A4,0.0,0.00030523225777817604,0.00036705483430947335,0.0003728868665403976,0.0005599823516865339,0.0005395289221963551,0.0006065391231369385,0.0005844482743513284,0.001135093911945591,0.005354421954235558,0.00894262865141997,0.006296879010123391,0.0038481834583620742,0.0028236926588035946,0.0010940735625002626,0.0009953083683244038,0.0008978365106848279,0.0008306983069452143,0.0009081884193900973,0.000840353088598712,0.0009616359747497369,0.000885943418853304,0.001011830326265372,0.0009449733073577973,0.0009013719025176036,0.0009141200182705494,0.0009094599539867333,0.0008658351421561214,0.0010053351873713211,0.0008265406904300053,0.0008856607292861667
WT,241016_105223_Plate_1,A5,0.0,0.0003085984036948046,0.00037511241656478997,0.00032064297219289243,0.0005493638707989581,0.0013768150262791186,0.007584720253827076,0.03798097849036211,0.17877135745935957,0.4238348562703855,0.7118197534113965,0.39771053495903336,0.032993898487268206,0.0016062710782648183,0.0009410037492913203,0.00038922665790650765,0.00023375997556644587,0.00024298204890735995,0.00039323111913955403,0.00038114242512067196,0.0004448084359016391,0.00034336831092391496,0.0006360060496202701,0.0008024329615957258,0.0006328708838850889,0.0006213695916346091,0.0005643226096041209,0.0004171557518070702,0.0006276404581218952,0.000698089747848962,0.0004899765909893355
potD1,241016_105223_Plate_1,A6,0.0,6.70306720256321e-05,0.00013998357344783736,0.00015848413097657358,0.0002192302668325154,0.0007619633451963815,0.0035395973333056724,0.019322993569326468,0.08283382135398977,0.3592419955459702,0.9827618201975172,1.7402332301784014,2.5159540005545646,3.5497309551060123,4.2096997439742,4.170545600436363,3.262784993953995,3.708503714337578,3.5556987345059397,3.3642088209786767,3.2562670834021232,3.2109601114858237,3.235344979086655,3.3077234060868808,3.309603522434392,3.353406963040453,3.2778338831108265,3.2711400857452397,3.1198431179905777,2.9871377208311087,2.717239739571874
vpvC_W240R,241016_105223_Plate_1,A9,0.0,6.107567083615992e-05,0.00023196651189746323,0.0007801363988028968,0.0035936220047333533,0.022687942385587936,0.10340449311531792,0.4260012534861351,1.171550767661858,2.2524710059664765,3.202365599621158,3.736629487147058,4.451854422647389,5.078593310375488,5.606646320186687,5.977073981436627,7.2342915251905096,7.909759419956943,8.312107862811434,8.460655311717336,8.52167599819546,8.573454267314142,8.661419743619472,8.670378602009277,8.723847524607311,8.703049410463946,8.73281507702213,8.752307749871312,8.780878322375854,8.853498175762967,8.902927051814808
hapR,241016_105223_Plate_1,B1,0.0,9.772488051828594e-05,7.112523010865421e-05,0.00011180490752772365,0.0006057517119792678,0.004522736808574309,0.02898413791159111,0.12485620399598985,0.4385613509166181,1.1609246627831171,1.994834074428141,2.386757311258795,2.848097054522147,3.404430390156703,3.885609497235889,4.085577155184188,3.9714719557678104,3.5812401080647804,3.123956595609569,2.721563545719053,2.4173703108701203,2.115436184982129,1.7336841548907156,1.4712185618604365,1.1099764724217829,0.777403599233006,0.49947726101791945,0.30850344487853343,0.20575847381295229,0.16298393094085142,0.1109777579880343
flaA,241016_105223_Plate_1,B11,0.0,2.521848081373232e-05,2.3935555706787624e-05,3.5661506244988526e-05,0.00013901255785732578,0.0014706561921963587,0.005253746482133107,0.02545389093530927,0.10792700454801307,0.4242423786612791,1.1877680669032533,2.363591212210485,3.160110899255401,3.518598989078556,2.9655065184601983,2.299534839706457,1.5623080019841047,0.8913694936178368,0.6745027242358159,0.906060389575499,1.1153482429685453,1.117885961992579,0.991150751809195,0.9764558432246039,0.8737706469248394,0.7710417129915506,0.6367688499994437,0.5750604995813876,0.4850219330118267,0.4314562258522672,0.3694924784179015
luxO_D47E,241016_105223_Plate_1,B2,0.0,0.00014260425353362482,0.00017087212683807832,0.00018662788035469477,0.0007451148597390786,0.0060093742906715325,0.03211478542885031,0.1363991941279719,0.3873856245452835,0.7939447509061169,0.8426489799731671,0.42418164755271104,0.19339654665106193,0.13277639390526277,0.12907271249909114,0.14192713611480504,0.1142198000414652,0.07886033091312251,0.002362567657958052,0.0009646330392414503,0.0028478654590712365,0.00236607489452521,0.0036326371776252216,0.004823114703985063,0.008048461821815804,0.007420815812893324,0.006132785306952829,0.005064622948460016,0.00544222358160796,0.005895211041918917,0.003549792214543793
rbmB,241016_105223_Plate_1,B3,0.0,3.6591011209921196e-06,1.9380805491803826e-05,1.409627881727069e-05,0.00015047548939436578,0.0012511136694239521,0.007839514974834594,0.034148786019082646,0.13828227981941033,0.4046674937740366,0.9041553280639136,1.4038877520282385,1.5911174595451447,1.5559171579516464,1.3903835236076671,1.1951669496973536,0.8967064880645491,1.1211338491059029,1.033261733253784,0.8713347817476831,0.7889488631869143,0.7543280517990567,0.6882905785031412,0.6788223171247193,0.6597509032259508,0.655708281910811,0.6447726363030676,0.6272230780441796,0.6190392585456815,0.5945379578867978,0.576321032892527
vpsL,241016_105223_Plate_1,B4,0.0,1.0312433150314587e-06,4.725916507502034e-05,5.993996165475189e-05,5.0501391040518817e-05,9.085940290954883e-05,9.981929120693206e-05,0.00010915540340516398,0.00014034196122198728,0.00033768063963446755,0.0017032984037177936,0.008568110117016074,0.008075606039201372,0.007765229881272011,0.0021046418841579547,0.0007597420886828031,0.0,2.7800051831157772e-05,0.0,0.0,0.0,0.0,0.0,0.0,0.0,0.0,0.0,0.0,0.0,0.0,0.0
WT,241016_105223_Plate_1,B5,0.0,0.0005223622354235945,0.0006515373902881792,0.000635664976331318,0.000760681712155308,0.0017530976452351681,0.008540111343848892,0.04138260940446479,0.17184964288421464,0.4068763378949819,0.6966611189080616,0.4253387219662017,0.02740129301747671,0.0020662531492067946,0.0018012061663960734,0.001522699227815229,0.001483662119229483,0.0017772132655690745,0.0018060266020028123,0.0016373855893651343,0.0018894981367791803,0.0016558097665402799,0.0016957504518332867,0.001686038757754515,0.0017379913755132548,0.001472347715078214,0.0015535989964977361,0.0016126891412832777,0.0017734622619159884,0.0016329432769693238,0.001674898234103496
potD1,241016_105223_Plate_1,B6,0.0,0.00024407128986261845,0.00036381045824471214,0.00029502257663439955,0.00038415097910082476,0.0013598526490941518,0.007441480841576884,0.044544285228222444,0.23840085949354198,0.8293944707018011,1.686865893918781,2.4979425220590508,3.471365688727948,4.169482321177333,3.9748657018699975,2.5655730751228343,3.3409067607545944,3.17803690879733,2.783160044161467,2.757319596142197,2.760012737582607,2.751179608169906,2.738980152272365,2.7627313592040164,2.636945469674882,2.490216677047365,2.2440285726624145,1.94516470826903,1.5520588165282139,1.0648213115576244,0.5672487509148668
vpvC_W240R,241016_105223_Plate_1,B9,0.0,3.702075285366219e-05,8.378004559779263e-05,0.00013754863786258621,0.0005851700790587124,0.00707048204976074,0.039058402259315166,0.20865566402040656,0.5503695019844426,1.650622376200898,2.6955593825210853,3.6453520554517733,4.228747684005434,4.912093368589926,5.446653789245869,5.979497340593188,7.131757872434424,8.090624900533353,8.60611236911687,8.894399550819854,8.978171163213386,9.039178474268413,8.732993638920464,8.774608592799531,8.673388072205912,8.681975762604798,8.627210092737592,8.579210380643572,8.551740605459843,8.538670810781436,8.545079644757958
hapR,241016_105223_Plate_1,C1,0.0,0.0008378982303207591,0.0009371589839223304,0.0008329385565595893,0.00164863004005361,0.004827994727101696,0.023304736646244047,0.10069532791803786,0.3761409397869035,1.0317542561937318,1.8521797700612903,2.2488172416393,2.7198297565002134,3.229137110842152,3.5057801842145473,4.1478365395952475,4.170567268621777,3.918197311190246,3.5535733128988447,3.2298232031698695,2.9454890608858384,2.6972176005994304,2.353819663113358,2.1456596922728948,1.765896386964533,1.3703613177581082,1.0215367036134633,0.7185996550631644,0.5290885350673047,0.4418444421435311,0.34675864629321296
flaA,241016_105223_Plate_1,C11,0.0,4.175562320377037e-05,6.094899621664315e-05,6.276946285854345e-05,0.0011752354292163868,0.01203867328035825,0.07884195308178839,0.3414344588141151,1.0151284715309796,2.169088752139275,3.0122877295101564,2.183160967901625,1.2067007776645147,0.4756434875994955,0.14879172425790627,0.04655835309418574,0.028814096157769694,0.03647003518941456,0.053264552820838064,0.06139124187466559,0.0541542966655328,0.052325372743608795,0.047333491632394524,0.07797510528634966,0.05714114500908522,0.06673011958094996,0.06443541594406582,0.0731877270377929,0.10833668038202521,0.08863954412768385,0.05674779789158887
luxO_D47E,241016_105223_Plate_1,C2,0.0,4.8699748300312884e-05,4.903170155702673e-05,0.00010505446524532501,0.0005893817322832298,0.005315047651233558,0.023860387166529544,0.10327485182695845,0.2576484678407562,0.5750351197160627,0.6247111067096062,0.3255278372126855,0.1600050235859912,0.13294454972442762,0.1165931752419163,0.13149954926565757,0.13499335022031586,0.07178801576162644,0.0018945775874541766,0.0017442463252470564,0.0018559657504457726,0.0013957714115392604,0.0011679613391197736,0.0019783456553605864,0.0032922694422415828,0.0026241496705385987,0.0021471683062439105,0.0023464501393729536,0.001767607638595455,0.0013114901286486508,0.0012402712839537466
rbmB,241016_105223_Plate_1,C3,0.0,1.2284495500044408e-05,4.381476958942349e-05,6.555342342177723e-05,0.00010467238290916023,0.00038143845667234756,0.0016699792885056539,0.00539843980287385,0.019829449283464303,0.06998580456593892,0.25814347218641026,0.6018456202953822,1.1370860474615325,1.476422270215996,1.559149863959756,1.5341455136382258,1.2881294171942916,1.0964350603250042,1.0933837250540783,1.0830573634069225,0.9755403623907875,0.8670454841920925,0.7638208570788602,0.743594542272854,0.7062099003335225,0.6715490964306073,0.6408492903233879,0.6032973887182388,0.5994399835744231,0.5945520689581641,0.5724812833071983
vpsL,241016_105223_Plate_1,C4,0.0,6.12762272802329e-05,0.00011494264803185073,0.0001186713481669237,0.0001623288829701403,0.00013559319781990915,0.00023526664341340074,0.0005458031325394152,0.003537755069405523,0.0059847253922187815,0.0049983915984063215,0.0014045462909843777,0.000242089159163153,0.00018684892928449336,0.0,0.0,0.0,0.0,0.0,0.0,0.0,0.0,0.0,0.0,0.0,0.0,0.0,0.0,0.0,0.0,0.0
WT,241016_105223_Plate_1,C5,0.0,1.959649823342358e-05,4.656488364451244e-05,8.261130781536212e-05,0.0007292469265489547,0.001295347330513901,0.003301459026679796,0.015099978591660044,0.07135628385492873,0.23675341531850008,0.5562003170518651,0.6621793450432888,0.22395333604682585,0.012418115976775,0.0024848570112585046,0.002105220438083979,0.0017035166237456074,0.0019571691504978294,0.001867418657103202,0.001592301518874732,0.0016440747722097524,0.0015976132337717926,0.0016434764895346616,0.0016855927542713733,0.0015896664936476737,0.0016229952391644427,0.0016965333153471046,0.0017724856553986228,0.001616017347812294,0.0016292009004641348,0.0016572797924156628
potD1,241016_105223_Plate_1,C6,0.0,0.0003331440238181175,0.0004187104641737864,0.00046258943579407147,0.0005952021813977528,0.0012750756061464836,0.006460865709909184,0.035022241273530874,0.17158398691839036,0.6703702535160277,1.6412454689622227,2.3104663054944825,3.2634440679270584,4.348741948456818,4.611974287616084,4.266369405319145,4.05081309301497,4.277856887445279,3.9863723108511584,3.6466764898467545,3.5726871937659435,3.533673090907923,3.606292275523879,3.6104041480920994,3.574439507945771,3.4994253200702174,3.3157576883551636,3.0610755215329997,2.7373111001013113,2.2389595548174337,1.661092590523453
vpvC_W240R,241016_105223_Plate_1,C9,0.0,2.622836872761711e-05,5.5454296837602046e-05,0.00013664743529292502,0.0014983169015447854,0.015107514305032418,0.07558543882056745,0.2866729420157784,0.9127491042803089,1.9772027923341353,2.8657633133475486,3.428712802016618,4.13239233980881,4.826835077919259,5.3331971640954245,5.76020420258441,6.5443865331196625,7.507976757499421,8.114578276985103,8.39158195176417,8.495920283481503,8.536545456051456,8.505874942120817,8.50514932541785,8.46070747586741,8.35847711083003,8.235774323201676,8.115677067992452,8.051306908062587,7.9938858154481,7.924402498777037
hapR,241016_105223_Plate_1,D1,0.0,0.0002965084925124207,0.00047781431876800154,0.0004840047989624796,0.0015064391272199256,0.0067900348723055675,0.03374591626911299,0.14412138764915242,0.5034678452495036,1.2480113737910299,2.0414826681581006,2.427399203107618,2.858094514515368,3.2730034828138805,3.7563083458857385,3.9796397916357082,3.8164053256448427,3.48241619578153,3.106048375380358,2.8098721016267993,2.463249884649167,2.22062887184973,1.918266933054008,1.6108082224103808,1.1527267322132526,0.8292092210919192,0.4885005461735593,0.3576981373350964,0.26882842892677394,0.17183307742271006,0.13311468510621072
flaA,241016_105223_Plate_1,D11,0.0,0.00026688112114133937,0.0003250781554881928,0.0003858291265595839,0.0013371096146783733,0.009043452590718789,0.06245356880357001,0.28761734051432863,0.9164339664661842,2.0036867988356777,2.944089790998634,2.647647613833924,1.5517891679985953,0.7928239907663324,0.350451266224484,0.16073215839947905,0.07693419642244911,0.09916701863651341,0.10035186042835169,0.10249319878893066,0.09179335520266096,0.08026371374292887,0.07528267274336288,0.07611601510394575,0.06551727634085987,0.07302657325261888,0.06179284296575458,0.07551320484813667,0.07529168109081814,0.06169254735566806,0.13628235311951545
luxO_D47E,241016_105223_Plate_1,D2,0.0,0.00022080827918626516,0.00026093002758172465,0.00038351129949125114,0.002891562631940799,0.02036441805578737,0.10076595683969711,0.36317617561835785,0.7883117917848443,1.2789287980320239,0.7747265083003104,0.3195752656688188,0.15164456825008527,0.11767622337628128,0.11574374224734876,0.1492059878620404,0.0876584902821386,0.03386223095467062,0.0006410666075101426,0.0003474419765960609,0.0007300451717993331,0.0012330127762250405,0.0007295322243235957,0.001208702877870663,0.0016690964437041922,0.0014346647343267227,0.0012883743880682979,0.0012798173273883015,0.0007997791438992178,0.0004868006168382881,0.0006553728597381172
rbmB,241016_105223_Plate_1,D3,0.0,5.230830369742464e-05,6.412388495210633e-05,9.810173975173167e-05,0.0010420496537364198,0.008585135024304014,0.04376085994663443,0.1478794267747868,0.42222751830149735,0.9576131490607795,1.5468044821962355,1.7024417747456004,1.5384116048347445,1.3478911419734911,1.0781376821608104,0.4682425316148153,0.8287269033350719,0.6662355758514288,0.43379508577341863,0.3466919898722132,0.29112687765425954,0.28127355790803393,0.28649664056394797,0.308783746932648,0.34441257033130107,0.31735439704251006,0.3194044548281693,0.32147515089166595,0.29840263299104813,0.22083381286895573,0.22402613847473823
vpsL,241016_105223_Plate_1,D4,0.0,0.00029862822287698786,0.00041328806765060505,0.000365548306904461,0.00042373083560496666,0.000585481057645698,0.000597173852516357,0.000657102435698681,0.002713520703179988,0.009001746683962667,0.006323021274564827,0.006192591170628245,0.0025157781806179657,0.001702008544791516,0.0013466239543893615,0.001037410187604172,0.0011971893136694923,0.001206151248406609,0.0012676840129579707,0.0011891797090568216,0.0011919310335877006,0.0013153123564297237,0.001173523241305848,0.0011171036334956847,0.0012703177006427192,0.0012716513640796366,0.00123859280210941,0.0013738300999838653,0.0013135588384618178,0.0013017926125183609,0.0011862333708572005
WT,241016_105223_Plate_1,D5,0.0,3.1778890434950023e-05,4.2325777364090185e-05,3.5661278862795895e-05,4.8327682149733665e-05,0.0003178230584923762,0.0027214592174189026,0.011871790801472142,0.05782512736380909,0.21234405731797926,0.4921438107936056,0.7880931036172223,0.4029528113470903,0.03261662260939304,0.0018599516934055423,0.0002199800127987473,0.0,0.0,0.0,0.0,0.0,0.0,0.0,0.0,0.0,0.0,0.0,0.0,0.0,0.0,0.0
potD1,241016_105223_Plate_1,D6,0.0,0.00042492445836206757,0.0006627127234778056,0.0006712759034138685,0.0012386187504302168,0.0054992175969629875,0.03902717733409719,0.18905547952037768,0.6861022255303793,1.6220940031562239,2.386760454483223,3.426588651074718,4.172373285125336,4.297549255361286,3.25307142731599,3.8061929226024662,3.84731204954736,3.4804449259256183,3.1033248717295185,2.9967832734426705,3.027543469585169,3.019474344339721,2.9964671453177925,3.004222014997597,2.808000211164492,2.692130927195963,2.379318235318291,2.061660898318076,1.5555019848187417,0.9915550908493916,0.49291518481898394
vpvC_W240R,241016_105223_Plate_1,D9,0.0,0.0002135730714445926,0.0002453865554050673,0.0003490717652126158,0.005062241186869283,0.037182542640204444,0.20329198560461728,0.6511673926467817,1.5094851791987287,2.7552032029456917,3.2741932266982836,3.821985217774982,4.3961671861288565,4.907237019972174,5.358859250847708,5.805511442009172,7.017632409252056,7.602096533479754,7.801038296476577,7.924315558526912,7.929794131827097,7.8872653690421,7.837105793626515,7.740153370542878,7.740941182963241,7.650455442561018,7.488132979793964,7.396036504065386,7.326656512537743,7.21649351844761,7.196665456864292
vpsL,241016_105223_Plate_1,E10,0.0,8.661493308446502e-05,0.00011936724467977046,0.00011335445698112479,0.00013223692296552553,0.010980390410626952,0.012858971259566587,0.013604981470127725,0.016422210723228563,0.004164644965660378,0.0027725943293180058,0.0010394079407978138,0.003105994873687973,0.02691780491110844,0.03133552859787021,0.03087640181835812,0.031005054662950796,0.029665616387111387,0.029963685015724585,0.028542865315598926,0.030713504546783506,0.03072102621596163,0.031210882361265985,0.03108339050339805,0.0317610971096052,0.031388560144133,0.03110275878481244,0.031170112734126593,0.03063503027070721,0.030881808164373584,0.031109576906735704
WT,241016_105223_Plate_1,E11,0.0,0.00011826918932069159,0.00013171581648169933,0.00013102029448069924,0.00024538117179727115,0.0006867798913415459,0.004026846809279933,0.017415101818213916,0.07842681338744147,0.25734795552234335,0.6389477064218074,0.7809025095992869,0.31927917392773913,0.019452412825662554,9.565792288554467e-05,0.0,0.0,0.0,0.0,0.0,0.0,0.0,0.0,0.0,0.0,0.0008411470537136998,0.0007638978326387785,0.000553906231359528,0.0010433095517149622,0.0004695133974402965,0.0013047905798511332
potD1,241016_105223_Plate_1,E12,0.0,1.9942349223505484e-05,5.912718400717937e-05,8.876691828182854e-05,0.0004900938600113311,0.0037897366045503427,0.026381547416770054,0.13505673635036855,0.5004822167445375,1.3232977515265905,2.143106257126723,3.141062825469935,4.266814806908247,4.707486177632265,4.338517106270962,3.7839427725277814,4.023117941952071,3.8442092188975137,3.749656614225789,3.7346839649806065,3.8013474080774223,3.833824272897197,3.835498207097681,3.8682003140423946,3.8790385531314406,3.7400289846811767,3.593865838696396,3.4035347718261844,3.1486508367466146,2.7244076288091037,2.3004741956704997
vpvC_W240R,241016_105223_Plate_1,E3,0.0,4.2866797177821956e-05,4.6506208338474224e-05,7.478033197814057e-05,0.001013829049177188,0.007052359689007759,0.03963206078048617,0.16865060950374947,0.5844865949384989,1.5926040709451668,2.891436367946771,3.6462651287094325,4.36148538281168,5.131713134430714,5.658954924831132,6.1860854317113905,7.530411354658602,8.094404795100326,8.34919055457437,8.425607021807325,8.423000151845885,8.554124774626732,8.516174017904858,8.452816645011834,8.38414120389578,8.443736070271854,8.35275283100757,8.290815928047357,8.259547131441627,8.221608746986115,8.237301127748102
flaA,241016_105223_Plate_1,E5,0.0,0.00019587996814503662,0.00026388764795072745,0.00021584112856358454,0.0005161566410010178,0.0016588979511018358,0.009973615626467792,0.058378634472543434,0.26899784203570987,0.863305515263061,1.9331585941123435,2.985306826040592,2.874419084649994,2.1099967347945006,1.4066123257129253,0.8972020474902618,0.598944758534288,0.35883030002307054,0.4261803035874118,0.3890878210147695,0.35988813548489923,0.32655346465569873,0.28915589536994474,0.3038085309298404,0.2638986692993586,0.2063267554140386,0.21242703844286778,0.1688892604903426,0.1488522079211471,0.17351149907764268,0.14618877329543278
hapR,241016_105223_Plate_1,E7,0.0,0.0002444069661683511,0.00038173283635927087,0.00031123334866932405,0.0006496152082350307,0.0024279103449012375,0.013826184886063096,0.058851710480802504,0.2522931691275367,0.76829366543933,1.55145598620927,2.320099218331218,2.6238754743651276,3.0827852376374847,3.37092649347449,3.7843190231794757,4.007791312134648,3.8994206916165166,3.590850683944945,3.2083334458982002,2.8471672619856174,2.5999426960649457,2.3242141672467502,2.021399871641916,1.5740961636214392,1.0790946268062245,0.7705563857645066,0.5449900405693998,0.404035464906474,0.31303753273991825,0.2587884551512415
luxO_D47E,241016_105223_Plate_1,E8,0.0,4.910943750974812e-05,7.65275300586336e-05,0.00017485515395561317,0.0030164979114381332,0.015400246139830254,0.08336556129917742,0.2834637165629139,0.6581552821276948,1.036213756008221,0.5765764365965481,0.19864921574286465,0.07596225792774389,0.0660905068484918,0.0595701385626259,0.05664666899264346,0.030939335190338996,0.008410177802494754,0.00022014895776787486,0.00023971367733356428,0.00039503298257424107,0.0008149687425070201,0.000648433021464677,0.000572852785683694,0.0005649954937015307,0.0007561584115726501,0.0007721358894779315,0.0007484819218721891,0.0006581158915066767,0.0005824443684630625,0.00039938030271522275
rbmB,241016_105223_Plate_1,E9,0.0,5.1260911097178226e-05,0.00014197322782279442,0.00027766823267559994,0.0006054154538426306,0.0028848670957702096,0.013428663967789585,0.050440081444901815,0.19033240441252142,0.48213653992754324,0.9376480897063991,1.341139964042822,1.4810565868103518,1.466660351423498,1.3590855017024719,1.2336727196006048,0.9998771453455886,1.1330833852228925,1.0099788667618446,0.8684813358614648,0.774430577064308,0.6822353907132808,0.6444277510185332,0.5496262966001046,0.5766521080527146,0.5231739898513001,0.4879853917530109,0.46598233255689236,0.4181298370571823,0.403462575472131,0.3491960496440253
vpsL,241016_105223_Plate_1,F10,0.0,0.00036231548720525486,0.00047260608951943574,0.0003789320896400514,0.00047512004041662745,0.0005229977017748928,0.0006049566099533168,0.0010765254086607995,0.004264864001449673,0.0040516263187392165,0.005595070961530813,0.0020072890677839345,0.0013176778668813943,0.0009554370011615928,0.0016394908140833536,0.0007274724760439031,0.0004994886568783974,0.0006127302052254559,0.0007764109422079247,0.000757646360514982,0.0007688060110210282,0.0008000424391028656,0.0008026937823461009,0.0007029983943710201,0.0008470299660540818,0.0007258604700523546,0.0007562430111237333,0.0007829633613513848,0.0008513090314110038,0.0008304465146054291,0.0007567437869644534
WT,241016_105223_Plate_1,F11,0.0,0.00018431379840482893,0.00021073298760604736,0.00021351296898091,0.000241886835825689,0.0006325041632223501,0.0028495543068684727,0.01177156474358572,0.05397853089939738,0.21498706767262574,0.5081153566987439,0.8433784755488315,0.46458252765276425,0.061986141236484445,0.003531061539548399,0.0005527382225376562,0.0,0.0,0.0,0.0,0.0,0.0,0.0,0.0,0.0,0.0,0.0,0.0,0.0,0.0,0.0
potD1,241016_105223_Plate_1,F12,0.0,0.00033432234509119636,0.00036599772112049184,0.00044317185925786285,0.0005098372417910274,0.0015589836743277862,0.00630867345820958,0.03070294933164718,0.14554625140845123,0.5596499055454789,1.3356775081274679,2.1153265065127407,3.071281370618059,4.058901478869678,4.4263535097434135,4.061932082234804,3.7419667491022324,3.746426315793837,3.681873715092941,3.5230235790387643,3.5344401714224873,3.504643407005605,3.5099948469092612,3.6066665867392254,3.5884133474712487,3.4880125396820763,3.4419200291673393,3.333148079079207,3.131285658695107,2.961322151098797,2.644885588964568
vpvC_W240R,241016_105223_Plate_1,F3,0.0,0.00028452529714320955,0.00043863512306270493,0.0005780965534314261,0.003701172176798767,0.025231692387895546,0.1145623111884,0.4206069654145903,1.0837001862409237,2.451763405679766,3.152813602799716,3.4683447156674503,3.9139427897347057,4.354346250734107,4.717337845513738,5.057008052582913,5.556796118307317,6.636296822958741,7.226670476618782,7.593485168581987,7.773103725340257,7.884730659488263,7.919579989979718,7.94552697324395,7.975448463481204,7.916645422152421,7.894926811391578,7.855715019780196,7.895620862096037,7.868404283671518,7.976172742641861
flaA,241016_105223_Plate_1,F5,0.0,3.3333366725448634e-05,8.945499685987561e-05,9.823099984053292e-05,0.00015525387267089038,0.0010453382690130716,0.009116786691699236,0.04569881630501137,0.2095079326046705,0.7386820168780982,1.8031233995426763,2.9951370932451113,3.2593458382903964,2.7116989036771764,1.8586988175241255,1.3081958288171833,0.9081409031995482,0.5446284360059953,0.5091787028348882,0.44655979373871507,0.4365853795994884,0.38493210380964027,0.3768545252967949,0.40028598605162113,0.3604762528384372,0.29267741020125826,0.29731178029730654,0.27420268061452074,0.23143350128708143,0.2146622321473125,0.2046939974535563
hapR,241016_105223_Plate_1,F7,0.0,8.950067392974898e-05,0.00011387491475693084,0.00013681027438140913,0.0003992356140758801,0.003315480616465727,0.016466155675810983,0.07663875338938968,0.3070938023507181,0.9297211117699049,1.7455742372520426,2.2917307484696585,2.6240834621942724,3.166225473923808,3.434417754352706,3.7894469597631955,3.888525071962389,3.5894258669996275,3.2206924037161637,2.9250922094353564,2.6228204209913026,2.3557937418081196,2.0745981425536013,1.8064263265220408,1.4217578523016257,0.9995274114701819,0.7169414035462608,0.49499529049262875,0.36233963653165496,0.2633987962996976,0.2066526275346418
luxO_D47E,241016_105223_Plate_1,F8,0.0,5.1722196001206886e-05,6.71602865631454e-05,8.487672997600414e-05,0.0005135290056952203,0.004561586393728247,0.02265700235688191,0.09754052037404008,0.2824478732418956,0.6519295576933584,0.7237264547359208,0.38936193693570215,0.19279226509871228,0.14674885576216118,0.1096916040539542,0.13103487369187405,0.12779886395425952,0.06488800013537042,0.0012581949527966341,0.000191891818240456,0.00027949839181784687,6.984306539451253e-06,0.0001366941623335114,0.00038673997280929746,0.0008118787522633463,0.0010452267179844497,0.000567538395702014,0.0006801363186896856,0.0007851313836810405,0.0005078483163766291,0.0006136306387082892
rbmB,241016_105223_Plate_1,F9,0.0,4.652178803129663e-05,8.497326709220064e-05,7.434983729807928e-05,0.00028061000316823367,0.0017827159146308327,0.011213351492235001,0.05268620822018533,0.17999515517096537,0.5017773255243805,1.014142836603024,1.281403184427697,1.3002779127298367,1.2396310693272492,1.0534658448574503,0.8777127184968538,0.7946179693891042,0.7742326208024849,0.6237260067985744,0.49548733218206703,0.38929588240874174,0.3244427760771446,0.3456421596011075,0.35754637309693593,0.3496394582950859,0.35085736413281793,0.3531987118826653,0.3611805290538537,0.34650498139419433,0.31377966809040847,0.25201348234288456
vpsL,241016_105223_Plate_1,G10,0.0,5.093008672617369e-06,1.727187578138682e-05,3.308788089765335e-05,3.4220192721594936e-05,5.1822842716149677e-05,9.57138589049328e-05,0.000514351828285538,0.0034207096176070337,0.0027936140073449604,0.0016347408669563316,0.0001534220215376218,0.0,0.005467628860236798,0.024740854486535933,0.025838067193959747,0.024397647817600135,0.021503826879223784,0.02371255864661506,0.021663241190624155,0.022822029664584582,0.021703219661487406,0.02159839245805591,0.023488936285412747,0.02359435802640087,0.023095605887195263,0.02425711893484038,0.02565460989077288,0.02328097721342719,0.02398653011297823,0.024040806911131272
WT,241016_105223_Plate_1,G11,0.0,0.00010977322757339849,0.00010789870884045316,0.0001174374988248611,0.00014445445574738132,0.00043045863329606353,0.002184023013920172,0.009711259377521325,0.047080365762926714,0.1737806259657604,0.43893633090311884,0.9067174572350976,0.8546857907258592,0.2862867801755693,0.029970921119619603,0.0013939184473006345,0.00038155919661663656,0.0,2.9866202925886345e-05,0.0,0.0,0.0,0.0,0.0,0.0,0.0,0.0,0.0,0.0,0.0,0.0
potD1,241016_105223_Plate_1,G12,0.0,7.73536162521868e-05,0.00012539487241034131,0.00011761612091259872,0.00019293588370420723,0.00091734590281288,0.0045661491518090395,0.021334670578411326,0.09665869210473367,0.4006613739885263,1.1340173241405815,2.0095500493041087,2.855001581678613,3.943484952972953,4.737855075772085,4.898803548201586,4.0798611681240455,4.654441924717532,4.64759638317692,4.597244602931443,4.616891093146231,4.5873541463229905,4.512922591877505,4.514156474658126,4.44908637883764,4.361050681561054,4.272148256867839,4.185086959163809,4.085457712655939,3.903308659602107,3.597246276252603
vpvC_W240R,241016_105223_Plate_1,G3,0.0,0.0,7.990446325398923e-07,7.60585877248824e-05,0.0006913951479579899,0.0076183531564650514,0.04984747998077088,0.24272469907927838,0.598659327005416,1.8512490412451443,3.0424051696957695,3.818086950713607,4.575197625533588,5.361190921478945,5.993807973272227,6.482596091042353,7.681713137565579,8.705226929343999,9.21483924333253,9.455416959622683,9.559702458418787,9.581583981832944,9.560181298565631,9.541420930130963,9.591772041605285,9.517577900919756,9.498071183876323,9.49399368614546,9.452209533164226,9.457544989437283,9.459572034807506
flaA,241016_105223_Plate_1,G5,0.0,0.00012422355317125326,0.00014329162990195932,0.00013521065403164755,0.00019158786175059586,0.0008508447704753362,0.006256106707899381,0.031776811894200875,0.1431061595975965,0.5470893132243415,1.4125627170628274,2.5510553240171516,2.9218948145442205,2.3896785036629957,1.8704374232188887,1.3115384808031436,0.9100710770679966,0.4857125729833967,0.31118690920033426,0.25558627854634874,0.28945873501197633,0.2418070714900551,0.23035841152945868,0.22126842049161913,0.2242266494423727,0.1748598086028506,0.1759491164352246,0.16534591696853615,0.14572710719184587,0.11399137456582906,0.09467168606354966
hapR,241016_105223_Plate_1,G7,0.0,7.934749726084223e-05,7.98784881823365e-05,9.703289631669479e-05,0.0011949342173354803,0.002676754540804623,0.010650789890835718,0.04440829061389228,0.17845409242351876,0.5882162647917463,1.5200912209428252,2.306760644525693,2.645901184840259,3.0781824201645205,3.4646983078229763,3.9506050919497295,4.242619335298457,4.201414338137286,3.7935059325330704,3.415725533698713,3.1076738905492336,2.855941606413811,2.519135746200678,2.1949907271047886,1.7146248457498487,1.2269187328310858,0.8731483553652908,0.5944294832054878,0.40728718407851494,0.30263459679553706,0.24603821939373513
luxO_D47E,241016_105223_Plate_1,G8,0.0,8.182203747388108e-05,0.0001520724680980659,0.00026773791730632133,0.0015670291250743547,0.00835187500198977,0.04651048780509384,0.16882637593865601,0.381096045841086,0.6340338434847419,0.43229427636177986,0.2036156039664288,0.10347137691851026,0.09701659836365213,0.08056795780438557,0.07393348712794215,0.05665481462530902,0.032261188128662736,0.00553196130147353,0.00511579370586167,0.005211839275259387,0.005608053749081981,0.005433049378906308,0.005894274762302187,0.005600870143722614,0.005491455838940289,0.005786871117996791,0.00560922550302232,0.004857827939546515,0.00436986776046604,0.0037378336764884047
rbmB,241016_105223_Plate_1,G9,0.0,1.8460203877255108e-05,3.181176521860691e-05,3.9277471626495545e-05,0.00021080061374522153,0.0020012232465327125,0.012610716719190397,0.05932665837952389,0.2109404671691149,0.48753358333624586,0.9591890079714108,1.0312340859895224,1.0065178422814833,0.8952641493149752,0.6977003224055174,0.46184279292599784,0.4342296131435434,0.4157013952398444,0.290075121322228,0.2043821026500886,0.1677723992863905,0.16099985411732548,0.13752982533000147,0.13006792422998367,0.1339772661416818,0.12270554965322439,0.11488948741275505,0.11398233277981606,0.11117505216641414,0.0832172211693295,0.08307995588980521
vpsL,241016_105223_Plate_1,H10,0.0,0.00011094946896818594,0.00013551635601422173,0.00018019575976656153,0.00016223517475592866,0.012028939316200025,0.045672906104160645,0.04888646251902366,0.05598572246034694,0.06706614364768311,0.07725964052951322,0.003845328139916623,0.0026166328165127904,0.00021048852499811892,0.0352249859368224,0.09421881430064848,0.0931458378598749,0.08995707011663599,0.09122492647192056,0.09532293541410146,0.0929743515603591,0.09384753930634541,0.09477263038165634,0.09635080324048327,0.09737167572058578,0.0982880593954611,0.10038164749558683,0.09877677729225999,0.09981569990583075,0.10131604117766113,0.09851766190832971
WT,241016_105223_Plate_1,H11,0.0,1.777749753789461e-05,2.5928523842816736e-05,3.669063804885291e-05,0.0004408722027018062,0.0008032180989314702,0.0043760023982690925,0.021397159217574253,0.09756960523156269,0.29957202616921036,0.7062465489928059,0.7905181347016708,0.2577587615796071,0.018145281546769594,0.0004763286637107307,0.0,0.0,0.0,0.0,0.0,0.0,0.0,0.0,0.0,0.0,0.0,0.0,0.0,0.0,0.0,0.0
potD1,241016_105223_Plate_1,H12,0.0,8.863490954358103e-05,0.00012351621398394772,0.0001245393803491112,0.00035433694032501346,0.0027471440423904496,0.016778389546254168,0.07105539033695762,0.3073291696709411,0.8837166115391405,1.5671370647387406,2.3292689402661337,3.296036763910846,4.044556738861743,4.085472826884037,3.0758381097584575,3.688510733787484,3.7688952877903756,3.5547256055985788,3.3875940763344174,3.3000670463981794,3.256441766427759,3.1928687817144255,3.1658486882551897,3.079840972628444,2.936388222379868,2.893860930891411,2.8661689230529395,2.750122080342809,2.6309265961587274,2.4588912355248227
vpvC_W240R,241016_105223_Plate_1,H3,0.0,2.1509421149933748e-05,3.339692673600157e-05,4.995526248393547e-05,0.0002130721417865069,0.0015226920719638725,0.008672153520654136,0.03937699814975404,0.1757696450081204,0.6098912047961815,1.5860477729290088,2.9129186349815064,3.4897136259914454,4.081973147430928,4.869127496978147,5.609975462995321,6.2223682062960615,6.689409290531264,7.977295609410784,8.773495088826778,9.294071237127227,9.50871467680509,9.619974789974682,9.719972796897315,9.886566366644548,9.744328104813103,9.7852027290238,9.718149057958154,9.6578406127599,9.74677981986663,9.721644724784333
flaA,241016_105223_Plate_1,H5,0.0,0.00010961656793038477,0.00012707427715887148,0.000139209905537398,0.00023947602281599177,0.0007085950726571443,0.005469962470304384,0.029695017573390197,0.14921426056122536,0.577229090366525,1.5059920537029368,2.6130373690303124,3.3857740825137235,3.1118968460062666,2.261128315442579,1.3341207426333064,0.7966202033494832,0.4558181479147775,0.3380758766992474,0.31737710182321577,0.41672635391170276,0.38400855090798536,0.3458368121334259,0.36601561743659444,0.34513828066222924,0.28791469623289084,0.2578878879141774,0.22246639026122628,0.20526754897134256,0.17264774100493913,0.13216034198058849
hapR,241016_105223_Plate_1,H7,0.0,1.0807095753908546e-05,3.678205237800359e-05,0.00013071259956008371,0.0010400441427973824,0.011515347813840386,0.07015291041439074,0.2949852592039613,0.8668777563864668,1.8003312130942382,2.403130434179261,2.957528279214688,3.452718810758251,3.914949825339615,4.353564122868559,4.381303747213253,3.912371445029369,3.2712628721292627,2.7821226463461297,2.248546857461411,1.7690473691375252,1.3737929163076579,0.859863149497919,0.5862017254421189,0.27807350799541347,0.13238928241001383,0.054143512061890366,0.02211273632796471,0.010278936409483729,0.0032781363014270305,0.0016649313369520495
luxO_D47E,241016_105223_Plate_1,H8,0.0,0.0006426201294642032,0.0008882046010048244,0.0010435894993203647,0.002304848025900058,0.009643355698317918,0.045549515151014,0.16694741656524276,0.4100745955009075,0.7466669438351563,0.5111433986703479,0.23350957427066274,0.1251378904063949,0.09739477507627284,0.10738304615382709,0.10350827971083255,0.0667775889575182,0.03360457750448475,0.004783134226808345,0.005147734884986444,0.006013098409724194,0.004815377289232399,0.00535125906793601,0.005650622036242228,0.005762380785184846,0.005555509402605467,0.005223522038562725,0.004944146901268709,0.0050470554002570635,0.005152503223320223,0.005363732586252792
rbmB,241016_105223_Plate_1,H9,0.0,9.74432342341502e-05,9.537461136123346e-05,0.00014118195116784895,0.0004722474007982662,0.004151790849679394,0.023485611155231043,0.10228721727324988,0.3471649448328933,0.780558727787158,1.398322639740621,1.7494130505577548,1.788120521841296,1.7616662756561425,1.627321386010663,1.0450818621523184,1.3406646015059849,1.209750374130438,1.0329348379133139,0.9709212269016457,0.9356429465914967,0.9727749936656573,0.9272496679673128,0.9589622611113733,0.9748875079894642,0.9372173676441451,0.8787802778912734,0.8828410563432662,0.8576701820041889,0.8119643549711617,0.7183532463311754
hapR,241016_111201_Plate_1,A1,0.0,0.00061228353297116,0.0005743837366112798,0.0006697452868718598,0.0008066343826215747,0.0016914012323822254,0.0055594414426101595,0.01853433180959631,0.06938358951645762,0.25252747978933515,0.7706877992964263,1.5092981907838445,2.357818713987762,2.6733047516796624,3.025348295146628,3.6028592725549045,4.123611976440223,4.752957934761109,4.77214163533677,4.5429517542706845,4.293751905867172,4.015272921920599,3.7590734471024065,3.4857235366505157,3.278701078667265,2.9931063027564218,2.839935036963295,2.5721480318542107,2.392581237983323,1.7465976577502451,
flaA,241016_111201_Plate_1,A11,0.0,0.00010590950254216984,0.00014522720075362707,0.0001363835448829494,0.0004899510104926642,0.0039473341322315645,0.028001505766120517,0.13900475998566073,0.5746106506641061,1.5853711102745744,2.728222901370166,3.3566025522494707,3.235672008181356,2.1878814890978355,1.357266778546972,0.7714143522790095,0.4601672536747425,0.34438812005788133,0.39202830077907447,0.4505049617211762,0.45035163255851346,0.4113505506748768,0.383741490522736,0.3543045450502746,0.3234880183134064,0.31353088522081995,0.2848074650688461,0.22978359603418985,0.30864735105562496,0.2086112709911504,
luxO_D47E,241016_111201_Plate_1,A2,0.0,2.434766921165904e-05,2.9522298059864926e-05,7.178021120224983e-05,0.00033512668284679526,0.0032513710097777757,0.014741291208032756,0.056769629257166415,0.19777281789533524,0.46853566738739066,0.8885302256801003,0.8277090001988968,0.5558998381720098,0.4099203233709165,0.34949037582925624,0.3487249404917326,0.38787733184914436,0.3829372597705219,0.29097419051190543,0.021433904848675165,0.015832128520037788,0.014736348320427571,0.01677567433536565,0.02036541251849457,0.021846574771147383,0.02278384015656044,0.021682592083988518,0.01894196387895936,0.03131357083454441,0.022423625968386728,
rbmB,241016_111201_Plate_1,A3,0.0,7.445925494671737e-05,7.016675397729526e-05,0.00014742169973330172,0.0001458057747427859,0.00048742890727509537,0.001195803686713846,0.003409082362309546,0.01132284872464052,0.038503763589786896,0.11926156546188774,0.36567370149598744,0.8134030154793841,1.3960991094051163,1.7646477243413912,1.9198724519653552,1.8985320312925549,1.838757198598721,1.402520850664927,1.6422737046127398,1.6655213937419362,1.564507523435152,1.4561339603239392,1.3682885953180126,1.3580812080592972,1.2265408102515039,1.1950416888600581,1.150009983151077,1.1074592177950864,1.1646083880580294,
vpsL,241016_111201_Plate_1,A4,0.0,9.446657395037013e-05,0.00046258843263733925,0.0005461376853096077,0.000546608165817015,0.0007889132176843631,0.00027921797607263597,0.00027664233772412483,0.0011067076527713135,0.003367019064248295,0.0054387111955029105,0.0060865334282719005,0.0029414084868076636,0.0006373104877577225,0.0018244313848144685,0.0,0.0015213812805004493,0.0020214388610002416,0.0017708411471289505,0.0018945884215468844,0.001838028304917096,0.001932058465562685,0.0017820394526077447,0.0019231527076025716,0.0018615512602536115,0.0019505458416119597,0.002045079988199812,0.001879404106231205,0.002065656872845168,0.0021546122642138446,
WT,241016_111201_Plate_1,A5,0.0,0.00035010912290168436,0.0003939688740389802,0.0004539853136879113,0.002874584873019272,0.003704893888275272,0.004531238227494226,0.008696466695987174,0.027038481322137726,0.09993977033047069,0.3085764746886384,0.6969158538409279,1.0400882816935997,0.5559711960542278,0.09555003003513954,0.015935436275405564,0.006208567110359871,0.005314563862180171,0.005537041955936605,0.005479411671704894,0.00533118315976272,0.005493802556922509,0.005598375894823642,0.005184101055334118,0.0054395224149136915,0.005393579174120707,0.005533722510309717,0.005439520408600227,0.0053684146531076,0.0053474417221843675,
potD1,241016_111201_Plate_1,A6,0.0,0.0001316445923537123,0.00012688233314973012,0.0001492335412336185,0.00016266263321494716,0.00042910634458248446,0.0015486701530868028,0.006486503720899896,0.03420539749733713,0.15475228761707302,0.5247080840033137,1.209129420113199,1.9382778366710505,2.769383559003774,3.6607033629248082,4.1701561749929175,4.044504574711668,3.7269348467327337,4.011853026866258,3.923908416220958,3.8208344632489037,3.725945466686311,3.6781274597150544,3.6782607458062078,3.6328807440798023,3.5833242664916236,3.538938526841071,3.5051199064534058,3.4173062412002166,3.375704930252707,
vpvC_W240R,241016_111201_Plate_1,A9,0.0,5.257034161130142e-06,7.900948694377929e-06,5.906974057760832e-05,0.0012939992216200397,0.012896439832285849,0.058444951826567636,0.22487795229461688,0.6714212273858081,1.6632073786691859,2.617551173062572,3.2678760143699694,3.596044026347605,4.092436272779243,4.590632128138282,4.966697864608826,5.24884372079721,5.823368300613693,6.6346198124109454,7.13726085588176,7.440484372556221,7.630500314458287,7.664195680322122,7.8099857857567505,7.849243588823583,7.950548107074247,7.907541106036446,7.9764609830095825,8.014647815949106,8.037369717196395,
hapR,241016_111201_Plate_1,B1,0.0,4.2258726368109155e-05,3.396387480740523e-05,0.0001204125473701581,0.00025072924778201874,0.001909567357240922,0.009417600625902923,0.037498034763713856,0.1496529075616638,0.5084175543204669,1.2047409437953507,2.0896847504035634,2.5871236236924746,3.0051908637695672,3.509096219108546,3.964160280732297,4.623847650698541,4.819562191610724,4.699124197498127,4.410238131226011,4.13657657341598,3.8010036597038512,3.5537500022379453,3.3088168469249912,2.9772936100636853,2.689574215071133,2.364380228418927,1.997597771225384,1.6963259962891142,1.1521850944549739,
flaA,241016_111201_Plate_1,B11,0.0,0.0002457122268943241,0.00020239741724481177,0.00021647332462393587,0.00039096520208825743,0.0011809740207415612,0.005595649716088185,0.024821821272706202,0.10779850017061676,0.45845176872241045,1.241907833846677,2.354814393329019,3.1393034223158667,3.0827184942762353,2.4312544681837385,1.7544937050208294,1.2149681266802483,0.7840506494948712,0.6112433931940874,0.8095050159264716,0.9646140461406537,0.9851510720251835,0.9064068799108048,0.8623615447780498,0.7872317932469453,0.6939543345360928,0.6240672138417572,0.5382309377005464,0.4532540324932636,0.3257197277201346,
luxO_D47E,241016_111201_Plate_1,B2,0.0,3.081941984088388e-05,5.69641480352538e-05,6.271986010199136e-05,0.00017491401919265934,0.0018485966279680613,0.008871981672939542,0.027186856228085685,0.09948480531385497,0.2812961155590856,0.6412529605924299,0.7108211443230374,0.44800861288077903,0.24291650264647724,0.17843107332037028,0.1460674247693929,0.15770319352368145,0.15610529860349925,0.09569012421664866,0.0008283832552771739,0.0002380024323903537,0.00016821618244929786,0.0001601063156650984,0.0003245398615856881,0.0009685286312182055,0.0013219176084944136,0.0017081379661795602,0.0007485059307566468,0.0008014208433300398,0.0008839009583079632,
rbmB,241016_111201_Plate_1,B3,0.0,0.00019394077924142137,0.00030045061089841596,0.00028913916271565144,0.0003699421066407018,0.001232352097201206,0.003937807018991519,0.012396051210064428,0.04293866600120222,0.13532954147983772,0.3836005135633025,0.8486734042899065,1.4412899826489414,1.7586971323601428,1.911781257271798,1.8772168901694062,1.69977999867235,1.4206324442023153,1.5285481665809468,1.566641639067259,1.4532444676724767,1.3530024261554559,1.2052550950591667,1.1934644589685595,1.1045973453923177,1.056292606774592,1.0099119227692481,0.9756595374105743,0.9649898286525402,0.9227687674758698,
vpsL,241016_111201_Plate_1,B4,0.0,1.6768721121669112e-05,3.0266101325615194e-05,6.816837882647952e-05,8.724736990243208e-05,7.636680428699865e-05,8.38332062168883e-05,0.00011845423829922691,8.685026696613032e-05,0.0003810789119240998,0.0012457618282576029,0.006277231851137449,0.010179762328623821,0.0057753124117426715,0.004385113736482193,0.000991197231404454,0.00014591949927766096,0.0011335548020099163,0.0,0.0,0.0,0.0,0.0,0.0,0.0,0.0,0.0,0.0,0.0,0.0,
WT,241016_111201_Plate_1,B5,0.0,6.981314122919066e-05,9.557711526690925e-05,4.9061132169236354e-05,0.00013954761490744127,0.0011380706123556405,0.007783233602022131,0.03577616973456494,0.1552426774417589,0.4083860419629796,0.7577068843044921,0.5176869231574489,0.051928568748013236,0.0007225439670185473,0.0,0.0,0.0,0.0,0.0,0.0,0.0,0.0,0.0,0.0,0.0,0.0,0.0,0.0,0.0,0.0,
potD1,241016_111201_Plate_1,B6,0.0,0.00019866143419186295,0.0002586665448574316,0.00026344835224226883,0.00035459988107994927,0.0018828479432928876,0.0110713212182327,0.051492402888559156,0.23000532711056637,0.7167522081865656,1.5758241345312316,2.4140833006442404,3.36955778642906,4.430610238143766,5.025925241235335,4.83905820831568,4.885981867621613,5.161821211820159,5.132481953750281,4.996995471743545,4.8980959883198,4.810534115406397,4.753683551464076,4.692863897595085,4.716735282703256,4.661390457015985,4.5297020601516325,4.413247601422647,4.122382975689033,3.841979937130078,
vpvC_W240R,241016_111201_Plate_1,B9,0.0,4.429122891095473e-05,5.1278389431309126e-05,0.00013496367684417702,0.0005554228037072855,0.0054120920972280965,0.02739761811998104,0.11477267315514478,0.40162329429133253,1.0586276881387187,2.0956584149896527,3.210332536634152,3.8926915162568414,4.115566391939423,4.641856654740781,5.154136362480264,5.324440943365526,5.512232552406702,6.209246180590462,7.154279744229308,7.669632522302247,8.02650111589692,8.185355398332257,8.2499993531729,8.30245348242063,8.362260349252779,8.298307101260821,8.249905190194303,8.171629806659443,8.142136329961266,
hapR,241016_111201_Plate_1,C1,0.0,0.0017435534114535601,0.0025336943592239192,0.0017286372064938432,0.002213966907991113,0.006196971287306659,0.019435293621641786,0.06624491942042536,0.2437999627174014,0.7293052433936539,1.5544183749166067,2.247678324362662,2.5721337870286134,3.0197068760702472,3.464899139800765,3.9984225639040623,4.204699342049702,4.1645021830188265,3.8944909788030824,3.59571853542656,3.339113785288555,3.051934489880625,2.8117803732399276,2.5965564401996923,2.285291084142899,2.059668495293673,1.661066575325531,1.3115036378259781,1.130270266237309,0.708399724602825,
flaA,241016_111201_Plate_1,C11,0.0,0.00010410614106009605,5.257786194293723e-05,0.0001121459808166756,0.0020042436845762865,0.022482271848494134,0.13023038880662113,0.5257545771063569,1.4133120751417896,2.5320978018460467,3.1250991242504425,2.1916767654013696,1.3014159606039732,0.5562086098141846,0.18096013844566064,0.060271749724990505,0.04390470927817781,0.06412130148913531,0.08388533692840555,0.0947808161405912,0.08768419115761787,0.08381703533036505,0.06654158630469809,0.07249346232656387,0.06946259814068662,0.052019575126759476,0.0582729198097895,0.05671376680260532,0.062208317045678904,0.05827432021658767,
luxO_D47E,241016_111201_Plate_1,C2,0.0,8.368306709263396e-05,0.00016773711492026286,0.00017880996561812662,0.0007227138348918685,0.0056729844061166905,0.025530294027119132,0.08335906753126424,0.3023367528740319,0.6172804572856525,1.079311977431537,0.8504088988751903,0.5094988904006755,0.337591265057339,0.30552569449777106,0.28377718966630694,0.3153851602509093,0.27077761595915356,0.1622226620476222,0.004091987059194558,0.003674567323349551,0.001658607570666418,0.0021402980870476856,0.0033890491886130482,0.004375369339493951,0.005590471421036507,0.003992658425320774,0.003494242343620457,0.0054933544802487876,0.0036978643009128566,
rbmB,241016_111201_Plate_1,C3,0.0,0.00028309775161158,0.0005156831510234139,0.000455264178016404,0.0005774530618262701,0.00294854046303388,0.010535216203717614,0.034775003265309995,0.11789332655626653,0.3614409418538243,0.7513754940276959,1.3840775466347537,1.6718424849429485,1.6960601597550782,1.6494531635909475,1.5079999722181316,0.9595905716113151,1.1775419540522034,1.1999522079413496,1.0629236734058574,0.9618193852389431,0.8576567397039772,0.776893794981696,0.7545653318047826,0.7092746110275445,0.7510599677968577,0.7182516599927601,0.6839969339350445,0.7020611115975569,0.6302671905866336,
vpsL,241016_111201_Plate_1,C4,0.0,0.00016284062665779925,0.0002625816582641957,0.0003320118410670088,0.00024979056058913057,0.0003870926024638045,0.0003059019451494659,0.00022340883594800448,0.0006445721387108562,0.0021037830482409504,0.008541894956518765,0.007507499254894888,0.006592388920298299,0.0025667709111382104,0.003965847523478761,0.0007055403935304444,0.00020025681453250308,0.0,0.0,0.0,0.0,0.0,0.0,0.0,0.0,0.0,0.0,0.0,0.0,0.0,
WT,241016_111201_Plate_1,C5,0.0,2.7114885082718736e-05,0.00010028069648976859,7.747729878955696e-05,0.00010839925061126903,0.0007901844847725372,0.003875260330492354,0.015853777979861226,0.0739475313221931,0.2580711780245755,0.6197539742788245,0.8728557679850624,0.4282036707162827,0.04867276070913177,0.006407263300588649,0.0008507387033701837,0.0,0.0,0.0,0.0,0.0,0.0,0.0,0.0,0.0,0.0,0.0,0.0,0.0,0.0,
potD1,241016_111201_Plate_1,C6,0.0,7.324275352841049e-05,0.00011116064683573958,0.0001677992303851214,0.0005201143618180547,0.0052652540273938845,0.025627721946493834,0.11373726827784832,0.47820347670298413,1.3078889966113576,2.004207504056811,2.8335282761773524,3.7358910300379193,4.150523260832572,3.969193586197611,3.297976534645366,3.890841828996874,3.7508622079865614,3.398795190652062,3.2636271105921293,3.2447440226505546,3.232342999126954,3.224746962596417,3.1443930383124155,3.131833516025126,3.0290103522361247,2.847053370257954,2.6129909563121694,2.0095706474556763,1.0428207468779134,
vpvC_W240R,241016_111201_Plate_1,C9,0.0,0.0002169093032274666,0.00033172955276256446,0.0005455813011473655,0.0025842688402639468,0.02100441466288838,0.09561959561066265,0.3983427042685385,0.9939272221354949,2.558231572893816,3.4370010166923817,4.03458402340125,4.5498320719113465,5.160833436824508,5.646057004339509,5.962400072266297,6.2145753504146635,7.361164435354668,7.96679991490723,8.209701610960341,8.370684859489891,8.36972049148466,8.475473942965566,8.456397245774674,8.419156055248049,8.21418772786679,8.303257345348708,8.245819934718044,7.9122158832856675,7.9551730608724345,
hapR,241016_111201_Plate_1,D1,0.0,0.0010302926568348993,0.0013823729158382642,0.0012484744309386188,0.0013648128578722456,0.003778498707819184,0.012047529147990217,0.04171725780893252,0.165380532563509,0.5514981870624116,1.3136491894448323,2.2965654957791104,2.802042597086118,3.1740649431546957,3.725912897531072,4.247005805302841,5.0846945096208,5.263603500183818,5.207151189464184,5.012232486226223,4.800092256980806,4.536209872259066,4.287560756901539,4.035822587579954,3.7375252392318075,3.225660637748115,3.075735720894656,2.6102372242051324,2.1376167828567145,1.5820468494953714,
flaA,241016_111201_Plate_1,D11,0.0,6.553840014655562e-06,7.79156448429757e-06,2.0569928087804022e-05,6.555793762707217e-05,0.00033566257586085425,0.0015566358194346026,0.006975136014990951,0.03248072229179571,0.14494023105109907,0.5377774105419135,1.386317261232205,2.482186741791588,3.220678827661721,3.3175995509926195,2.8176960553668953,2.208612057354567,1.6862894131833368,1.2727748327425983,1.166669273248685,1.3239238550817214,1.460634455810218,1.4837227098961083,1.4257884691745368,1.386350766667061,1.3118314025689493,1.195537448917117,1.1009668543013282,1.0151039945067137,0.8543258580903417,
luxO_D47E,241016_111201_Plate_1,D2,0.0,3.7810553530668986e-05,8.733710561598419e-05,0.00023840551414077945,0.0022432976057902097,0.01382901780067486,0.05180229137856243,0.17159045393545735,0.4073736561888316,0.8410885362376541,0.6901311704754032,0.3337258346596656,0.1696173382711587,0.11772644809000735,0.11237306875000214,0.09987994206296158,0.07831280128096985,0.03925798363504445,0.0009786651287345112,0.0005987451303445778,0.0005890601202348827,0.0009317987831165462,0.0008597837663618434,0.001377973337919246,0.0015568398615139346,0.0010920950030387636,0.0009112798140531962,0.0008209009432815114,0.0007306514128511665,0.0009045484317487096,
rbmB,241016_111201_Plate_1,D3,0.0,0.0001206006125066016,0.0001687196266869256,0.00017793846986316199,0.00034224103026537096,0.0019516550654493238,0.008543126164214765,0.03161762897762007,0.11580874680359608,0.3492190085577699,0.7528391331385506,1.2145962230410599,1.3034601265157586,1.224477116221998,1.1052199044603281,0.9801869174972765,0.6229973137482958,0.853613282424894,0.786820699618085,0.6361625755090528,0.5746791328303585,0.5223459842845327,0.4943363101475273,0.4769209274454284,0.4895777559357428,0.48142875935127555,0.46041319426692306,0.4567360563878857,0.43267841851310146,0.40697151071802257,
vpsL,241016_111201_Plate_1,D4,0.0,0.04428096795512651,0.04488156658472664,0.04424175589600667,0.04404185083503846,0.050420092543855766,0.051603258395180096,0.05191783497097857,0.05391467395445171,0.0584798349300024,0.0652136074225963,0.08236892508572514,0.09151729315766786,0.1078997588111662,0.002728932400688302,0.0015137192362569322,0.0014038808636853439,0.10355098743677858,0.11921981407869309,0.13107368248198753,0.13191562523962122,0.1300907962034781,0.1309230150285209,0.1309362031956937,0.13145862715869489,0.12862585967658324,0.12569544491815812,0.12553830375991293,0.1288423944010869,0.12606159712541537,
WT,241016_111201_Plate_1,D5,0.0,0.00016594249427718242,0.0003207322598297708,0.000271236994865391,0.00025881878392311204,0.0005790784098023572,0.0016512929530378235,0.004998129774499214,0.019007345622137985,0.08021654531338028,0.26506746727119307,0.60135360535679,1.0851262069743204,0.9728795894742693,0.30684475866037925,0.04521997147677092,0.00299514391471089,0.0001150147950640314,0.00017589867102701744,6.266456610291186e-05,4.0315982277034955e-05,0.0,0.00016214038982015775,9.474346527159519e-05,0.00016367815552581117,6.190079132416556e-05,0.00020844938824541765,0.00018701262440005566,0.00023269775296584159,0.00017274136896661222,
potD1,241016_111201_Plate_1,D6,0.0,0.0008141949742809074,0.0011035257064938538,0.0010472110957549954,0.0016956469260585225,0.008115758658073338,0.03168775698968437,0.12027262038143767,0.4403730987889732,1.16394911345362,2.0301776268029994,2.874467637435834,4.137768457368079,4.972559643780717,5.206565345932574,4.50122946262127,4.969296040545255,4.8783786083626035,4.7051896174866545,4.645758600043507,4.580289247843601,4.576186336808856,4.497969270118697,4.407189872302397,4.3837701752321845,4.236236583396972,4.050718595650796,3.75461568609292,3.03958148412594,1.9793275451700751,
vpvC_W240R,241016_111201_Plate_1,D9,0.0,0.00014342626691084522,0.00028091946364469786,0.00025662280695918526,0.0013188004661418545,0.01569395705559873,0.07643544027061658,0.2770387852646949,0.7952708237904276,2.0813561419500495,3.032909956839809,3.6574044485723727,4.162830255131807,4.768760997149217,5.247714166316741,5.633034692413093,5.9158503897901324,7.099835084516408,7.737178676446294,8.153644276484735,8.463999836262529,8.58012525958335,8.614037976072495,8.69835798081297,8.68925934925181,8.784895630702787,8.62969591512001,8.610319608451766,8.331102301150285,8.469260390166248,
vpsL,241016_111201_Plate_1,E10,0.0,0.00224109915437301,0.000865331958739244,0.0005212027868725043,0.003694402875169803,0.005236957918571274,0.0014960995239039047,0.0015507692919875134,0.004434806108369029,0.011317325343672963,0.01117429726310769,0.016864216961177576,0.01035421997838044,0.011398761607193905,0.011811323188739042,0.011235753319607595,0.013969210960314903,0.007370477408070944,0.00818071974419559,0.005651438605822248,0.005687984943119028,0.0030051198402729264,0.011505206568048883,0.01252124784532906,0.008528056075012325,0.02061332063541257,0.01890258128319504,0.014272349543052704,0.017188565621090106,0.015257309012142036,
WT,241016_111201_Plate_1,E11,0.0,3.368926667090269e-05,3.754873162987521e-05,3.524135411083632e-05,4.96162122277268e-05,0.00018776193566503695,0.0012089673099852738,0.005416171333763962,0.021839406213138998,0.08619410214759067,0.28162006830647446,0.6337096901060065,1.1041695993617024,0.773004088191103,0.17520740909827348,0.0277318679368405,0.003673442584021395,0.0,0.0,0.0,0.0,0.0,0.0,0.0,0.0,0.0,0.0,0.0,0.0,0.0,
potD1,241016_111201_Plate_1,E12,0.0,0.00011040860029673516,6.644098305988036e-05,0.00011004814601971687,0.000252225121662535,0.0007275198250416636,0.003395712155628398,0.018952686955655548,0.07895117009908005,0.3266986548734075,0.8927738461658176,1.8447412960148253,2.6687081537784376,3.6738709319460496,4.731343251037722,5.090951866930758,4.011156969848334,4.621874374529165,4.90608445976398,4.90023672478634,4.93196322837042,4.851138890456127,4.811470395023128,4.749242910996152,4.624539160072612,4.388295749636769,4.3482691272503695,4.34617587353582,4.145567666575447,3.9898320646663255,
vpvC_W240R,241016_111201_Plate_1,E3,0.0,0.00028015318565551917,0.0004253226447076401,0.00040412045234482696,0.0008819711857022078,0.008431321002554002,0.038447847633533414,0.14842475614984016,0.4956670309913639,1.2456857221001858,3.020112218267176,4.111968336249443,5.268004683153608,5.5679706155329995,6.210617562720511,6.887625971842046,7.242321794831863,7.639578882884803,9.120060326502019,10.038774668851868,10.501586377426952,10.729189264542677,10.900180673403927,10.97381906525981,10.985967293286894,11.094316914390765,11.009185021468356,10.992998084437389,10.987203182380979,10.993086362229823,
flaA,241016_111201_Plate_1,E5,0.0,0.00024171555015751962,0.0004353734325127458,0.00027533318475003087,0.00042801534475908886,0.001001604714992688,0.003556160788496796,0.0189112833334614,0.08686346850872623,0.38308382096909804,1.0913841661783186,2.1253848246810496,2.8806599233124297,2.9261201775774115,2.188349628906201,1.5865950952421035,1.0985190849976163,0.7526559567192487,0.5089072084968824,0.4553729402693104,0.5036721949635666,0.5064582287173803,0.45163988643401964,0.39841929862889863,0.3578002720658587,0.29254368940885445,0.2821856748229416,0.242170461672443,0.23056479430783233,0.1755125158745199,
hapR,241016_111201_Plate_1,E7,0.0,9.569467854821292e-05,0.00011422446137641422,0.00020201356266508677,0.0008623384052960935,0.007074362260000935,0.026635553389077592,0.10568656767771467,0.36338710604058416,1.0643327742290374,1.9252221530640088,2.3518150215768214,2.6913297393525033,3.1374005008719767,3.5540304848602715,3.9099658751855255,3.9223519182352584,3.7014486467941645,3.4167796507929213,3.1075683584610045,2.815973568380572,2.557655493421065,2.2517609716314175,1.9886097544132295,1.6000639456685855,1.2296675160315766,0.8859837457539389,0.6040962358626567,0.4613134806201022,0.2309076197772099,
luxO_D47E,241016_111201_Plate_1,E8,0.0,0.000606363637585917,0.0006009484637912075,0.0006616246996860489,0.001384154522194672,0.00525032504890511,0.019561328895934548,0.06612706187981358,0.22495956912634962,0.5241121754658223,0.9317452145470461,0.7829312937745118,0.5032462813659158,0.34170109118582537,0.28074538251310144,0.2876961886334805,0.3127975977127079,0.30436156454859714,0.20327062505393276,0.011250725099450276,0.0074413925637844495,0.006882343348490218,0.006258908859038025,0.008764956887493347,0.011131879115071698,0.014786731532917324,0.013572002358170689,0.012715172085859823,0.01278084741957541,0.012217592971259747,
rbmB,241016_111201_Plate_1,E9,0.0,6.136198714926967e-05,0.0009450425920494354,0.0008605045679124951,0.0011430922143257456,0.0017659173195016782,0.0024359721805410984,0.006637234707626244,0.023098051583308396,0.0866031627121404,0.2816470398471479,0.6459762237503752,1.215715210937284,1.5288725205910283,1.6604779898321844,1.5865250080250797,1.4650403201780915,1.356013300771516,1.269022224038741,1.2999662653716964,1.192151126174748,1.0520437698738672,0.9065360864979138,0.8652133856134966,0.8805616167392195,0.8280146620552016,0.7660207129154848,0.7278913942952747,0.7076924991066158,0.6631479931839123,
vpsL,241016_111201_Plate_1,F10,0.0,3.299030718616689e-05,8.398497714276037e-05,0.00010199568655144608,3.368368243176004e-05,0.00022829802122945763,0.00015549430927646688,0.0003652710678222354,0.001874809180257867,0.0065911122361637705,0.004916001265955931,0.002095828149108743,0.0016669879420073144,0.00035049557231349,0.00014935499007533157,0.0,0.0,0.0,0.0,0.0,0.0,0.0,0.0,0.0,0.0,0.0,0.0,0.0,0.0,0.0,
WT,241016_111201_Plate_1,F11,0.0,1.7906615178439884e-05,0.00012126719677973314,0.00012757473198943723,0.00025613614218983165,0.000464628893556927,0.0009294289925294849,0.004291298853271337,0.020121836701117415,0.07853537500900143,0.2757197679160675,0.6303769359331375,1.1078904414357065,0.759662237406919,0.12448418666570493,0.00618598939617356,0.001081516849051823,0.0001762911995686203,0.0002507873372445253,0.00012447846198461977,0.00017724441915870247,0.00024540580932661427,0.0001580414847246294,0.0002328867677573249,0.00022539452451001348,0.00018310541586834142,0.00024118579646266176,0.00024262531299796238,0.00015726966931028886,0.00032997763984542996,
potD1,241016_111201_Plate_1,F12,0.0,0.00010808229321015943,6.687457415038842e-05,9.986158429476211e-05,0.00011455052744065229,0.00048762381394045254,0.0018150857091887226,0.007972148746603383,0.037022452869937716,0.15973278022429205,0.5459818950690952,1.3928528942196794,2.151044771365638,2.906524246461927,3.9976542127243033,4.499568168195611,4.311990699678205,3.631836123535993,4.1800437558854036,4.250194840554542,4.141166082342964,4.045768217808678,4.0363652953720806,4.064189653022089,3.953212229419632,3.883484075628794,3.760979378016493,3.6862617901480967,3.6190444039037537,3.5199004177458124,
vpvC_W240R,241016_111201_Plate_1,F3,0.0,7.668166174668215e-06,2.067580392440626e-05,0.00021628709192045656,0.002451832556617173,0.018922870462489597,0.08301114602568704,0.30373920611193306,0.7571968125447202,2.1537859974520797,2.956013980688857,3.351487389194808,3.7396776791935564,4.090472359406034,4.449832727446405,4.813253004536268,5.050987774647332,6.1070336048658005,6.802749549500772,7.210514704323629,7.448183934861522,7.598422037246778,7.714915953473898,7.793980085708736,7.804908742657911,7.879814857114849,7.87325220577272,7.86297118680986,7.9250599008222125,7.905899607236971,
flaA,241016_111201_Plate_1,F5,0.0,9.4560382480255e-05,0.00041509996934032577,0.0003203967239659807,0.00032686302544783616,0.0016202170300331402,0.006425547570838209,0.030414664825028814,0.1375953849663073,0.5290594435220706,1.4070949109782345,2.434159676957339,3.356722462917528,2.7453972121340917,1.9004039217548616,1.1555041388191694,0.9935071669731601,0.6381558144973996,0.3363172225688725,0.2608569175190811,0.3042377281938614,0.2693040990983425,0.22133105759797841,0.22017968780243827,0.18203013216708375,0.12232597520889016,0.1154059927510362,0.09407589121715451,0.09280012998682012,0.044171706130167486,
hapR,241016_111201_Plate_1,F7,0.0,0.0005624846258393626,0.0008599936936273375,0.0009018694013796652,0.0010965876739025314,0.0026880534294651003,0.007321286347041751,0.026081132738945786,0.09519233109527905,0.34864889452371933,0.8924343110505216,1.7837133868082284,2.1929258961643194,2.4778114402654894,2.9489714860431535,3.264934758831125,3.7190457546821594,3.7883158671090693,3.573091131543448,3.2815844855012193,2.9820586045416904,2.695892764941757,2.4529051986723696,2.2247872240132094,1.9811253357884295,1.517278837605512,1.2082524604978997,0.8638977789977588,0.6562518925439965,0.328146564486701,
luxO_D47E,241016_111201_Plate_1,F8,0.0,1.1220251873010305e-05,3.111062553990644e-05,0.00038908891779946344,0.006004610633735837,0.03607081692995015,0.1414439155168987,0.3433530629415853,0.8060875284482883,0.6414736550735164,0.22331499397956184,0.07265309800121648,0.0464841649724406,0.03573097484869418,0.05250062221841271,0.034989260155260375,0.008405872253800102,8.861813676301846e-05,2.6498643895807657e-05,0.0,0.00016741719486293747,2.630799730270661e-05,3.270942330114763e-05,9.078735619304138e-05,0.00026247241449605784,6.2406159616405685e-06,0.0,2.886324481870767e-05,1.3425132856092199e-05,0.0,
rbmB,241016_111201_Plate_1,F9,0.0,4.649011502940493e-05,8.346815748203648e-05,0.00019195031565336703,0.0015394566935183628,0.01450166448432474,0.057302807060336906,0.21503169477178605,0.5443960714682573,1.1965781237111135,1.651126763405854,1.7608289741703234,1.6630723537730303,1.4438192751564245,1.1549470524472145,0.9964379896819896,0.982380085622353,0.7533703046282566,0.5200340223392276,0.4060265303885677,0.34298414870945876,0.29198261047310536,0.24297211765571106,0.20665470741293326,0.17268804115472788,0.17227048719651208,0.1695531964297011,0.14153999786870994,0.16611682285410617,0.07246829646800845,
vpsL,241016_111201_Plate_1,G10,0.0,0.0,5.309031519679138e-06,1.3180070360437905e-05,1.9882983076864357e-05,3.2844635453226666e-05,2.850846038353984e-05,0.00012491581825672943,0.0005891015171693654,0.003128141765496356,0.004349719424376685,0.0018494497793302496,0.005604754366589737,0.0014338713042286587,0.0004187192250759144,0.005087572231899937,0.004858552887478326,0.004573658783106375,0.004536564320971115,0.004765330869896207,0.004667514661989021,0.004777867653964234,0.004712137882276646,0.004959792133664281,0.00484624147928947,0.0048819478400158114,0.004620673662797823,0.004861802446519538,0.004745604795913998,0.004891605831770853,
WT,241016_111201_Plate_1,G11,0.0,7.485106121547304e-05,5.845646405322649e-05,7.775910557876985e-05,0.0001590207061372105,0.0007536618219746373,0.003736204416201062,0.016007235546585726,0.06926022798924178,0.24614811186989316,0.5671456932799108,0.9751253898892293,0.7483929753085997,0.12696852437616174,0.013424423958668105,0.001530848137459446,0.0,0.0,0.0,0.0,0.0,0.0,0.0,0.0,0.0,0.0,0.0,0.0,0.0,0.0,
potD1,241016_111201_Plate_1,G12,0.0,0.00018345203995787828,0.00011936599407771097,0.00014533149561521934,0.0004335582337812319,0.002987667120077255,0.013423061671825762,0.058806542345777944,0.2265900532649056,0.724943852307575,1.5728157343684444,2.2966342454538244,3.326290165272231,4.521060868060362,5.222942213971506,5.326087457948662,5.294041950523738,5.5362802255912795,5.528080422462181,5.494931442631825,5.397187194500895,5.32175957229744,5.278983899202087,5.208810410699263,5.065444600700812,4.852021668380474,4.87095992994232,4.859301911171712,4.714722950298439,4.545202169206612,
vpvC_W240R,241016_111201_Plate_1,G3,0.0,1.6830492169382932e-05,1.2871419097071025e-05,0.0001126195510468181,0.0012493802145906903,0.008458101274677124,0.04834296958956142,0.19563337215712434,0.568989361599485,1.4318892002800396,2.6804782585945923,3.653681198922211,4.123311230051907,4.742470265511414,5.339475587696759,5.808098248835968,6.199348434376423,7.406215869812716,8.251279782425893,8.684217483515715,8.973879658712983,9.169646363775241,9.240974151291264,9.35963622360227,9.37143200923077,9.3499310166037,9.343782334606397,9.371230709113172,9.37282439077508,9.358027828974956,
flaA,241016_111201_Plate_1,G5,0.0,2.459100494019162e-05,2.586109967253133e-05,5.5650969058807913e-05,0.00027354604096846115,0.0018117472035839223,0.010336493530151106,0.05057122412450384,0.2122846838148554,0.6969583876863737,1.6830591816284997,2.8852477603115263,2.96424789114685,2.1037723479024737,1.4097204396548944,1.0949644994326975,0.7235465887338351,0.3543879876272599,0.2542824757414932,0.21428805468619755,0.2031004963598612,0.17335027841535314,0.14648359437131825,0.15296173979032535,0.12097695678625811,0.0936799051286813,0.08812913798233457,0.0720800413740848,0.05299366706458318,0.025235616068260802,
hapR,241016_111201_Plate_1,G7,0.0,6.753493216406872e-05,7.147876929193179e-05,7.112957712116046e-05,0.0002900822771735844,0.0021057970525736537,0.008300701301995034,0.03286326741759961,0.13562119258044938,0.4775857127241535,1.2406377036694658,1.8650867858406182,2.4081022126983327,2.7059019953073027,3.170407968725976,3.480606768545081,3.894560999142991,4.039380851386224,3.781898205353303,3.41519225557987,3.134154218809424,2.836207640931974,2.5874602162146894,2.3106444661301233,1.962122939072837,1.6528431645746682,1.3109716303723284,0.9687549433769924,0.7706250016849898,0.39914021387064674,
luxO_D47E,241016_111201_Plate_1,G8,0.0,5.022853240935725e-05,5.8733049746033805e-05,0.00022275298545190757,0.0030144766174998424,0.020813495879927323,0.08934168027540498,0.315096344739994,0.6773554344737639,1.0437550870582952,0.7963870697249172,0.40636361111372543,0.26297198654869924,0.21337542281750072,0.1779116722029888,0.20299893008458053,0.14403999819961233,0.05839360223975918,0.0004983980248791369,0.00026970206474943403,0.00032901404761473673,0.0013768660535182305,0.0013244021602116399,0.002237379917349777,0.0016571044406188723,0.0014660977811280737,0.0012791153183070996,0.0009873641695306733,0.0020381578054848586,0.0005640848948971444,
rbmB,241016_111201_Plate_1,G9,0.0,3.937222713633564e-05,4.7263087417843294e-05,0.00011160800792432514,0.00044762207652872325,0.00298515769007307,0.013057279963788271,0.053997813578103945,0.19801899255742,0.5128774219590911,1.0172462022697941,1.7203257185818923,2.1787644663299184,2.275647002827878,2.223893076979231,2.0805973541978044,1.5461340391135407,1.8309604638446255,1.7396975444834004,1.6131374185883454,1.3888937021061016,1.299175577235367,1.1373330915261184,1.122482158631111,1.0852042525680865,1.1086803270466499,1.0757665540314394,1.08995299590703,1.0232143829324138,1.0473332133678632,
vpsL,241016_111201_Plate_1,H10,0.0,0.0001692363594073994,0.0003565118376221407,0.00013394284449034382,0.0002519321129564791,0.0001809316220436196,0.0003023893316622228,0.0004888886541378289,0.0006960453144287147,0.001384653893615967,0.008168561484601185,0.0116550915592644,0.015114887507014174,0.00810316168460138,0.006155504800623958,0.002659040999858576,0.0013070962352844482,0.0,0.0,0.0,0.0,0.0,0.0,0.0,0.0,0.0,0.0,0.0,7.449090788547441e-05,0.0,
WT,241016_111201_Plate_1,H11,0.0,6.72794415197975e-05,0.00014174880828637557,0.00015518640703679338,0.0002442311662948868,0.0016072809227085782,0.006511452563215576,0.03369820145353092,0.13860950954545778,0.39672916010333376,0.9047302037485864,1.1170975476781762,0.5051057326847433,0.05696319838021397,0.004288368632456547,0.0007181430515572193,0.0,0.0,0.0,0.0,0.0,0.0,0.0,0.0,0.0,0.0,0.0,0.0,0.0,0.0,
potD1,241016_111201_Plate_1,H12,0.0,0.00021814960621117309,0.00016677040621598823,0.00021491605086369672,0.0007140702352244401,0.006192444709745342,0.031706471881680506,0.1308035256862914,0.48236521284850664,1.2332516612815378,1.974203286827707,2.7486030335417784,3.8617695443719944,4.606598036302584,4.916589115801006,4.352870941566601,4.875911511572517,4.9772738116509565,4.843835240674472,4.700773721551459,4.600722881707598,4.458404367337576,4.341788065989127,4.2450332647817355,4.169602633108083,4.0858279443672405,4.042397945574024,3.9852870958982516,3.788027894249809,3.7615022901824373,
vpvC_W240R,241016_111201_Plate_1,H3,0.0,7.54233220049305e-05,0.00013877093752680527,3.630592744204974e-05,8.949236779200626e-05,0.0008634651509377137,0.0036492531982291136,0.015662907348423315,0.06019809528262691,0.19447846456217527,0.5554722258956258,1.3321952836014994,2.472336879592233,3.448990612201545,3.9823534643505716,4.547053662148698,5.184185320499624,5.735209549444623,6.178330294523125,6.55693869892425,7.6219888639710485,8.245923995509731,8.648679653120386,8.90517813552189,9.062136719241808,9.077260978907788,9.106959768350489,9.045776570481747,9.122638439303802,8.97935689447086,
flaA,241016_111201_Plate_1,H5,0.0,0.00012468456387910843,0.00015970119416265047,0.0001377178235893295,0.00020472005946545917,0.0010724780056319031,0.005722956993117391,0.02603984481416142,0.12158914321365759,0.47347421466778017,1.2696413054967464,2.426584439209716,3.414205283109604,2.9556906967126224,1.8791158658634828,1.0054147711387433,0.44717332439613566,0.18184164570481273,0.11834664639584141,0.14895627540054673,0.218169762973779,0.23032758117922203,0.20126460584881756,0.16830089569147735,0.15112913963336336,0.1325532249709034,0.10046466874674466,0.09707513590283245,0.08581884796491648,0.05599687087549759,
hapR,241016_111201_Plate_1,H7,0.0,2.6324511268832277e-06,8.386536073401145e-06,2.5225961019098843e-05,0.0004434523886941701,0.005065905116518013,0.024972739515355894,0.10936670165152548,0.40855548851047324,1.0652340771143718,2.0538327313197047,2.5331386103942743,3.0931550694097028,3.597862883257336,4.014916667526432,4.515508729933147,4.600467076740884,4.292018384156795,3.9189140332368537,3.546029507395498,3.13691343483993,2.826805788529225,2.465025472065182,2.167154933468033,1.6119181150188997,1.0303309105449543,0.656719898598131,0.36813397682029425,0.29847152310770486,0.07298400596861537,
luxO_D47E,241016_111201_Plate_1,H8,0.0,3.8612479028712444e-05,4.736094870092631e-05,8.551206257307151e-05,0.0007828827744272305,0.007144668833963566,0.03078178741923169,0.11808924306606747,0.3560134359190202,0.7691504950428697,0.8999657442875049,0.5370219666454428,0.3273896961076704,0.24074363172594906,0.21139751206402208,0.2425030148168827,0.22494864140568008,0.15308773627589112,0.01211726994155588,0.010344512765068405,0.0076009549411184965,0.005855568294175377,0.004578434745431319,0.005274450299543645,0.004826496010943771,0.003738969784926192,0.0037308569220472192,0.0029971982459442285,0.004932087619805214,0.002615649856669454,
rbmB,241016_111201_Plate_1,H9,0.0,9.720936496131393e-05,0.00012142479270236358,0.00013223108459334406,0.00014909981375350312,0.00113235342150742,0.004925409939824459,0.01973414270619265,0.07801142624776727,0.23867945618121178,0.5797791482183647,1.1953183594868022,1.719137178485568,2.003071061233446,2.008542344928044,2.0072002549745758,1.8733468452507647,1.85668661887354,1.835447650784924,1.673102583552837,1.5519518800205598,1.523711747343608,1.4795329923654688,1.4775418600062595,1.4677816800187642,1.4809436982394202,1.4418372380849205,1.4223760643571302,1.2977439388242702,1.3618411732458573,
hapR,241016_113137_Plate_1,A1,0.0,7.615624837661899e-05,6.685683165165138e-05,8.247788796997797e-05,0.00028426746579989653,0.0017258102439453554,0.007423715604620571,0.03222807994387283,0.11043490306625375,0.3856374366834814,1.0181607468239937,1.8306872708278867,2.542651010668913,2.8162506402700096,3.244388102641966,3.7777098922420884,4.540086738643487,4.725214632175064,4.685271606183015,4.462136377889865,4.191426909711387,3.9342554428967973,3.767336582859865,3.5006997972599345,3.3248339160826372,3.1136979136032794,2.8601360722196496,2.6078510487247786,2.350451999086208,2.1002477232852903,1.8143076608272193
flaA,241016_113137_Plate_1,A11,0.0,0.0005062935170696627,0.0004963518058399062,0.00057460319386573,0.0016257678306180446,0.010873852490581455,0.053277473479548955,0.21678356087493966,0.7304063751000449,1.7580109731553097,2.8273103094884116,3.5589038202653556,3.5641245154082473,2.8222376802791946,2.39710587610829,2.0273253847048593,1.725573900219246,1.4855009055196269,1.384557389938328,1.4365924003033408,1.3968241242140433,1.2528768176964873,1.2185827678948689,1.1372309032936636,1.0059827584805217,0.8949771461738895,0.7739396321595635,0.7375384850804922,0.6861959203691679,0.5864694010968307,0.5383118255717204
luxO_D47E,241016_113137_Plate_1,A2,0.0,9.760254889864852e-06,2.9930809563296544e-05,9.923997488179139e-05,0.0007937444873838098,0.004367850479154678,0.017688132992333423,0.06395243877885982,0.21148056675373764,0.5412059996212666,0.9445497745854575,0.8781020770631829,0.5980565635635878,0.44767480913427987,0.3921254063507526,0.38005406694333776,0.4301891853977915,0.42421338074400666,0.3616005775284769,0.03723180097961181,0.030121524371055388,0.023944788092579744,0.02851893333982413,0.03168277063195412,0.03243294862435202,0.029484731177785908,0.027582594202460477,0.029962933985717737,0.032068955879153635,0.032279303132933014,0.02436125529766896
rbmB,241016_113137_Plate_1,A3,0.0,5.9069111932722795e-05,8.18053449458571e-05,3.9596783102070066e-05,0.00012951374032484068,0.0005091865408328226,0.001866332974010487,0.005706220994968326,0.017345177112580677,0.05544197138521894,0.16415321042791733,0.4635236154693762,0.956778054519771,1.4228554395208963,1.7320807091699484,1.8962204237959617,1.881256267944445,1.8284461518110104,1.5775167274469344,1.8038940914214767,1.755282052458117,1.673456697879308,1.6196362691623052,1.5530643139594673,1.5204956937372527,1.4976261946961,1.3813267571207986,1.4081034178796847,1.3803035372539425,1.345707202890351,1.3099881355120682
vpsL,241016_113137_Plate_1,A4,0.0,9.056600631622312e-06,2.2832701245901852e-05,3.344049048902574e-05,4.361951516306581e-05,5.251746856380231e-05,4.2108750424016585e-05,0.00014717187358071176,0.00032217744754446426,0.0035448288625412713,0.008285374404669147,0.005973163007723311,0.008228960882676495,0.0006115592538105031,0.00021905595831872633,4.195155710162133e-05,0.0,0.0,0.0,0.0,0.0,0.0,0.0,0.0,0.0,0.0,0.0,0.0,0.0,8.464859875967612e-05,0.00011937732974878496
WT,241016_113137_Plate_1,A5,0.0,8.032271942191757e-05,6.99317477934958e-05,0.02440330294648519,0.02068009944153359,0.021171917092635,0.025777739354398005,0.05594774963417696,0.16400998639740372,0.41687254728614376,0.8743835088111053,0.975888591531096,0.3314815055412462,0.06809544933204774,0.03931625767838978,0.03681476197518523,0.03279622979704168,0.031519337005913355,0.03336868453013403,0.02858507346949231,0.0264099935978398,0.027294037505982107,0.027114838268737902,0.03720658830707556,0.03279430774874276,0.03334234564697308,0.03576598635619068,0.0327170907624375,0.03622400297558579,0.03677593980964864,0.03946218621945345
potD1,241016_113137_Plate_1,A6,0.0,0.0004892199968064784,0.0004948160531354287,0.00048488296236585764,0.0007800613292407696,0.0025501449258441117,0.010060418778506067,0.04527301840477027,0.1795750665700729,0.6058785109902194,1.3912197550596388,2.0891898597490055,2.8772178919328653,3.9100102147130897,4.36628582216089,4.40703237669544,3.9608153549244105,4.422214485066309,4.423434323652678,4.288107142935017,4.189225983840915,4.125440129269006,4.083329080947301,4.076980570128942,4.042885011606071,3.991771969155076,3.9630023034777473,3.9173236954307207,3.880646412741829,3.868576029677166,3.6778608206556322
vpvC_W240R,241016_113137_Plate_1,A9,0.0,0.0005170671729282885,0.0005309878451469587,0.0007607323715702847,0.0035885250322541013,0.01850565757756277,0.07668744661717124,0.26749663804908974,0.7375049796456364,1.6333738987159043,2.8207730714501658,3.7029477642147812,3.9982491515436203,4.462662433280237,4.907255478056048,5.307144514988733,5.572101614956248,5.736843691761396,6.574296654247285,7.251591631808654,7.748241488889124,8.018609215007496,8.24450914325462,8.358719607250764,8.44278842154549,8.465622943855248,8.546384417280988,8.618465241117324,8.700049971834632,8.721672680811878,8.755386772268048
hapR,241016_113137_Plate_1,B1,0.0,9.135010036896592e-05,9.923130091991353e-05,0.0001777683679199366,0.0002602930230567703,0.0020418922904904204,0.008773493082513312,0.033893375627350016,0.1258816174322335,0.4260936843474411,1.1165210669427317,2.0128995896329633,2.498396617673165,2.7746592940127055,3.3044437523437034,3.677318447249083,4.354078742272184,4.520690368840598,4.427480389139265,4.207749941672358,3.941859304049846,3.7101721646145926,3.4818065439968064,3.2279990629680158,3.0328022846838847,2.7685115482950198,2.4971085644290056,2.179846471181282,1.898232421815201,1.6984699428571972,1.4712673821547375
flaA,241016_113137_Plate_1,B11,0.0,1.374015349593747e-05,1.2505043520248067e-05,4.267193063873407e-05,0.00014938422875021977,0.001755366250746507,0.01242600480131711,0.052294700892135844,0.2030995266416867,0.6809787697133969,1.588722723794009,2.6030930094667832,3.204376193220972,3.1312141670586584,2.6860829621345745,2.0287382306465065,1.4084091800516627,1.0788965367901706,1.0686353803306086,1.2368430961370864,1.370959132293391,1.3761524746960507,1.3342843240577724,1.2027605786517337,1.1200464940853008,1.0385424171692614,0.9262037098811934,0.8006103595675282,0.7300610216757022,0.6366294780907817,0.5301109524087747
luxO_D47E,241016_113137_Plate_1,B2,0.0,5.925047932605088e-05,7.865624870752137e-05,0.00014193977588963092,0.00046192384798996063,0.003876359255253934,0.015689876882783248,0.05895006063559968,0.19276924599556378,0.4809232151722217,0.8976755374678657,0.9974515123671008,0.6511951132111485,0.433209523125692,0.36554935687517404,0.343579676047392,0.3596497720699027,0.3953380090979489,0.33809685605037365,0.03854783560888873,0.021275802666280527,0.022388009222995133,0.023724169851404832,0.027332329335992934,0.03821826183994368,0.04525107602318103,0.04083939334626063,0.03678835220228187,0.03588434948779549,0.042064080523502356,0.03789304177121644
rbmB,241016_113137_Plate_1,B3,0.0,0.0002100863527764637,0.0002367764678602063,0.000317751526729658,0.0004134906919350887,0.002444885896877954,0.008921076832185135,0.033400785545564804,0.11102526749087184,0.36329769133718637,0.7004425516486913,1.3618339505173855,1.7553565535647624,1.8452885514508046,1.8053041285242735,1.726499211989038,1.5327576797377687,1.596742961868041,1.6406506638971368,1.519463980476731,1.3960700847369976,1.3448949134457213,1.2825895844563262,1.2570991712594815,1.1997848813984167,1.1963992274272024,1.1669361129394533,1.1396220276805635,1.1237349007582969,1.1355233299040932,1.1080882639432987
vpsL,241016_113137_Plate_1,B4,0.0,6.240066900522471e-05,7.09509483457113e-05,0.00011273637867985146,0.00011400928425735482,0.00017826315825882115,0.00012267921344514805,0.00021639606149242096,0.00028085171712671585,0.0004415682864705763,0.0017530630697664645,0.008768231859838441,0.01511435984657303,0.009639216673640812,0.004807267235192276,0.003191061895808366,0.0015992728562695634,0.00036141926698069697,0.0,0.0,0.0,0.0,0.0,0.0,0.0,0.0,0.0,0.0,0.0,0.0,0.0
WT,241016_113137_Plate_1,B5,0.0,1.6380388450291504e-05,1.0921327217318951e-05,2.129550399573001e-05,3.696805769929027e-05,0.0005912861919007759,0.0033075428378750824,0.01757995390787403,0.07377781057852599,0.265783901746204,0.5768601293204175,1.0978188815985326,0.943064099465052,0.14427915076457157,0.010139569850991029,0.000615969331436652,0.0,0.0,0.0,0.0,0.0,0.0,0.0,0.0,0.0,0.0,0.0,0.0,0.0,0.0,0.0
potD1,241016_113137_Plate_1,B6,0.0,0.0008114474617456108,0.0006053714487006441,0.0007202840555322209,0.0008942948992803124,0.004231777551722291,0.017931930841733976,0.08151018948439423,0.31928753356717426,0.8896700792363548,1.788726428507552,2.665755662884192,3.7053798173963552,4.734842261719677,5.409534047560956,5.373310726731948,5.328037594636082,5.925636785606897,5.925984546607396,5.811745726714289,5.710302170940541,5.644956207018696,5.646839065327942,5.543308341657155,5.494803038570102,5.411574802739852,5.234726630490374,5.300895851703786,5.178480970057576,4.937569871346752,4.690282307183296
vpvC_W240R,241016_113137_Plate_1,B9,0.0,0.00018810551684581944,0.00018429369514391542,0.0002805792597582472,0.0007950527375168448,0.0037616561744251587,0.01456112359015639,0.053636279235670645,0.19363095094082206,0.5522910152664362,1.2472982631086584,2.2247314484988983,3.1805706151944344,3.6339236258186096,4.296722587336828,4.7972272413536095,5.0620201580026185,5.331006269792273,5.887866329588356,6.829321165023594,7.257471802187301,7.545314251072338,7.759216023539519,7.84658361843245,7.86996385800453,7.803528800257082,7.76832869929493,7.829886676518827,7.891660131808803,7.917645569414438,7.926620812697535
hapR,241016_113137_Plate_1,C1,0.0,6.48596469134912e-05,6.146277965632422e-05,0.00011300405433456326,0.00045755369600175376,0.004563660253079306,0.018672674479451,0.0773042341901158,0.27499994945901324,0.7729665701293184,1.6724820976754065,2.4051816221881714,2.812128134240428,3.1918648224568282,3.6871491825934113,4.379500740179892,4.613064384598421,4.5668759723000845,4.330585747883404,3.969688878114862,3.684256279209059,3.4284613440624105,3.117193179166767,2.842423400676104,2.5462368278467613,2.269575898284533,1.842667771049344,1.592297506247803,1.259037604451692,1.1014012211663757,0.8610695457840767
flaA,241016_113137_Plate_1,C11,0.0,0.00013517538972865453,0.0001256593847774909,0.00021263632368805335,0.000931175020260457,0.008653811134191225,0.04988262658004065,0.20071557148156657,0.6470888583206289,1.5471449535911483,2.6222568475391466,2.7818579467230564,2.090107413773402,1.1723829864869004,0.623130198576756,0.37817619766690685,0.2573035223668179,0.2895404989733631,0.24451597586658477,0.2935832741058685,0.28037049615456233,0.23967380519731463,0.242045133958032,0.20215403804615414,0.19701516705405353,0.1651577180778617,0.12561759995573848,0.13029472459171365,0.10211908151721967,0.12836570100965147,0.08159639408624896
luxO_D47E,241016_113137_Plate_1,C2,0.0,3.0882686929671e-05,0.00021643674952947944,0.0003443751458974781,0.001480865184505846,0.009794761475139467,0.03960557944906925,0.1478172176819666,0.3929851317333926,0.7791944346313502,0.9075122917525867,0.5846309157537064,0.37682132749667024,0.2596092513649602,0.2532402627738408,0.26467905835990385,0.2832046747438106,0.21342594179053487,0.03244757531827882,0.0031630233976345885,0.0038260166371732783,0.0051788768825812214,0.0033462509779297787,0.005266156199681719,0.007196162206570299,0.006675889680374132,0.00499991037769889,0.006287110269865114,0.005736204680922978,0.009277026935475797,0.0048239326111073925
rbmB,241016_113137_Plate_1,C3,0.0,8.372122048701573e-06,6.901318392465579e-06,0.009047102743681732,0.009438937769597066,0.014073580724276514,0.019543227935858522,0.040529039391533614,0.10155647778323762,0.2717038439454277,0.5910822166985595,1.119635734842018,1.723495827609912,1.8336023105374626,1.8318691900897786,1.8001293779597174,1.7374696671353893,1.3718512730139045,1.6367651034877035,1.5998841799821732,1.4699349225058989,1.35713850823948,1.3087261643429458,1.215249211196614,1.180796796385537,1.1384772252177637,1.13747380097709,1.1056543382024913,1.0699344682988225,1.0894556307991996,1.0420483830712257
vpsL,241016_113137_Plate_1,C4,0.0,4.841585494509699e-05,5.4740366241794725e-05,7.695065488056894e-05,5.3637905687119135e-05,7.406086128208683e-05,8.524275511674198e-05,0.00014282551647019296,0.00025402904491237885,0.0024217529688789225,0.009893355062637001,0.004385635043597366,0.004838956220714572,0.0013226422220406478,0.0007625903850311293,9.500098229246546e-05,0.0,0.0,0.0,0.0,4.466882178635728e-05,0.00010656303909007108,0.0,0.0,9.194259817356787e-05,3.21292509489288e-05,3.168282613995997e-05,1.029783655108975e-05,0.0,3.120122597456172e-05,0.0
WT,241016_113137_Plate_1,C5,0.0,7.295433928018808e-05,8.523987271306477e-05,0.00010352855016453478,0.0003462949203744692,0.002045044409574376,0.012529104568855741,0.06236503955318117,0.21046861568084027,0.5048588223743883,0.96055313393443,0.8184405342029736,0.1599750760136789,0.0043015985978265316,0.00013919140063954448,0.0,0.0,0.0,0.0,0.0,0.0,0.0,0.0,0.0,0.0,0.0,0.0,0.0,0.0,0.0,0.0
potD1,241016_113137_Plate_1,C6,0.0,7.131058672192073e-05,8.179172207743364e-05,0.00021848260743228653,0.00028532395034399255,0.001181549030180465,0.004525800181726022,0.023137530482119008,0.09513844151562464,0.3516904322972273,1.1625065740726996,1.849794397106322,2.77065241851579,3.6519459384068313,4.333953411910554,4.392250193475147,3.711877196673775,4.2441053448044395,4.127225213235419,3.9087179482106547,3.8456619235999874,3.8379909847001112,3.835682787936408,3.7691164504112704,3.7054398061689415,3.5869294780329612,3.470294651723523,3.1807594761685523,2.877229595428074,2.412667177723935,1.9629011211885714
vpvC_W240R,241016_113137_Plate_1,C9,0.0,2.5982933057658432e-05,0.00014460209366751672,0.0019242894179343985,0.019248166771128488,0.14366495133599613,0.5328852826673793,1.5446596662256518,2.8558449021048258,3.8941912355714976,4.515952125208784,5.162833062577383,5.841794283470957,6.192805110520668,6.623797757583846,8.334125146770015,9.295250280673153,9.605826936194724,9.672402435884683,9.584788064435628,9.328504257574815,9.123420901554928,9.023178793160792,8.743267970171775,8.519939868277579,8.160252337388277,7.907612998935588,7.750922324940285,7.609119700639083,7.546745421343626,7.380000040544251
hapR,241016_113137_Plate_1,D1,0.0,5.191808442261931e-05,5.7539364793215504e-05,0.00011472283632868852,0.00045732234799617113,0.0030424913074205084,0.011705847946058534,0.04578241738076042,0.17381941469273926,0.551741820394108,1.31306882983669,2.2574420488372784,2.693494016563692,3.132389666117464,3.665404556634645,4.085868070636529,4.889961724763873,5.027717882315796,4.910476948708757,4.608894596448194,4.300357692948786,4.032354340371121,3.839193167727994,3.5393237390262406,3.221922742009663,2.9008878431692073,2.5755086069071202,2.1830569739870525,1.8865756068326704,1.6191703362987504,1.3616702353386885
flaA,241016_113137_Plate_1,D11,0.0,0.0017524426507661494,0.0009756950491588946,0.0013125878496221524,0.0028952264947124133,0.009932055511823417,0.04257922156862768,0.17238974246883743,0.6028763972762873,1.5067674938569364,2.606268535541157,3.339282449373797,3.07686226590493,2.087309141507455,1.2699850538703177,0.7832338792835045,0.5271254242194819,0.39562899811511726,0.5026331987851689,0.6099566106151217,0.6180477384315635,0.5583110256935538,0.5766321452337435,0.45912243249958634,0.4078310287816046,0.3405130593555787,0.30227798795265887,0.2437425152752034,0.20285677608791458,0.15447535616957866,0.11742695899146134
luxO_D47E,241016_113137_Plate_1,D2,0.0,1.0865700170204349e-05,3.998678368870776e-05,0.00040794833124215793,0.0048293583514863484,0.025417695702868767,0.11064495071055576,0.3421117969274159,0.7238837831500893,0.9558576247794092,0.5630778258536772,0.27098165803848545,0.17185507999370325,0.12299744819916333,0.15531491141418968,0.13967002009190574,0.10204126330564624,0.034945780667401706,0.013105942428096705,0.01126541198278101,0.011402045273564011,0.011312371755729302,0.012925304664098507,0.012607019752246621,0.01277460310330297,0.010733039380080906,0.01164355993824205,0.012082144742963067,0.01288298750050689,0.012654501166695661,0.010889819401902492
rbmB,241016_113137_Plate_1,D3,0.0,1.6053099872382442e-05,1.9044499872414487e-05,6.321523895949212e-05,0.0002788516232340323,0.0018318920620632728,0.007818214747308198,0.029105870312273845,0.09438813378162272,0.27850368835303196,0.6007890287479014,1.1285535975600332,1.5235901647476637,1.5727904548187928,1.4734560026359615,1.401700335335093,1.2659008684279065,1.2340757210984918,1.241846507531781,1.1536396717166808,1.0121732386749995,0.963423232222403,0.9232833868794944,0.8921638934340751,0.8638916263031345,0.8329283912380362,0.8029884429169093,0.8359995221351444,0.8233100576124754,0.8020456093428612,0.791251241641571
vpsL,241016_113137_Plate_1,D4,0.0,0.0002611286526147026,0.00021775887666397665,0.0003162067723654368,0.0005406081850859839,0.000689915692409324,0.0005523434469249732,0.00041153127270404053,0.0011511014176757233,0.0011730933552075375,0.009208899217935529,0.010115640550300852,0.008852341870436304,0.004372672586689304,0.0028588816581645764,0.0007367518764482074,0.00034565604329028137,0.0,0.0,0.0,0.0,0.0,0.0,0.0,0.0,3.968436537250369e-05,5.976667636082965e-05,8.015245697361505e-05,2.0115292106596466e-05,0.0,5.924826636229963e-05
WT,241016_113137_Plate_1,D5,0.0,7.13098042596696e-05,7.411649635445528e-05,0.00011961717114803367,0.0001686056613944348,0.0005923685980148323,0.002191507833807665,0.00851606567697778,0.032056522085843454,0.10943688918422256,0.3343872225809243,0.6989856336879425,1.1730108957241496,0.8296770933918228,0.21024201595045677,0.019849957150926485,0.0007833955212716216,0.0,0.0,4.302930054318638e-05,0.0,0.0,3.265467970072853e-05,0.0,1.0815504882409098e-05,0.0,0.0,0.0,2.114939823031031e-05,1.04387814095078e-05,2.104148999816861e-05
potD1,241016_113137_Plate_1,D6,0.0,0.0004760415736293948,0.0004507629936958357,0.0008674129739416593,0.006700121265626282,0.04288392975726582,0.20541747408882735,0.7319427430739848,1.541485410816472,2.345257252264123,3.4840890599481655,4.551812303300732,5.002807828727094,3.7393517870098183,4.3964861899697,4.588788660450053,4.144760058528901,3.917203517254202,3.71324951508344,3.6611966485285947,3.5912509434810977,3.594175881003765,3.713807938997705,3.6236430081184428,3.501740605808162,3.3013284156732623,2.9629885950623467,2.4468285433284396,1.7330271541082323,0.9043754875280763,0.44429504034922784
vpvC_W240R,241016_113137_Plate_1,D9,0.0,9.354558244223816e-06,7.220252012337629e-05,0.0006249515299397595,0.005763087275032785,0.04697731481568238,0.20267136597295568,0.6369607204437581,1.5296784567096875,2.7898317052018298,3.6744975705181044,4.105943243161549,4.861312237263063,5.372448413204939,5.89483853638569,6.195578236991195,7.236025648794925,8.009466177041656,8.504159544108736,8.832504780442395,8.921698789359107,8.918312801002315,9.027076391451011,9.00430072100288,8.933820935311152,8.779277953002401,8.807883970378146,8.651659697386208,8.611023824477778,8.436197013043707,8.475969502391278
vpsL,241016_113137_Plate_1,E10,0.0,0.00012786460415877712,0.00016839410901503445,7.838918832227199e-05,0.0001675496249270125,0.00019880923930478702,0.0002445917476384245,0.00028468073293501,0.0005177211642405751,0.0006532382090890862,0.003067184812909284,0.0074701784806008404,0.006670435851606675,0.003314105756725673,0.0015674127990858678,0.0012319984510145436,0.00013947839709291867,0.0,0.0,0.0,0.0,0.0,0.0,0.0,0.0,0.0,0.0,0.0,0.0,0.0,0.0
WT,241016_113137_Plate_1,E11,0.0,6.268257611011084e-05,6.110459251352073e-05,4.170275885029628e-05,0.00011383579833208613,0.0007288333584668215,0.0038331442663869886,0.017924554295896445,0.06766589761931471,0.2347788484207955,0.5401966901944307,0.967728312777247,0.7042344172193358,0.14621555758018281,0.0145405729213403,0.0007280957038830686,0.0,0.0,0.0,0.0,0.0,0.0,0.0,0.0,0.0,0.0,0.0,0.0,0.0,0.0,0.0
potD1,241016_113137_Plate_1,E12,0.0,0.003760797338508155,0.003702055623494268,0.003566003361090564,0.0036222301621767965,0.0050907080998448305,0.009471483517845786,0.03287058578034667,0.12801367993689533,0.44107072073139936,1.2859232080316962,2.0253795950299462,2.9740886580584998,4.062413798097612,5.165798393877801,5.489686939235821,4.705441075440863,5.262094752458571,5.3520264159590365,5.305093393856937,5.308500515382221,5.205147551084381,5.210961513118702,5.056523193495677,4.955681866146833,4.849906679603395,4.799337883118183,4.772944160722539,4.7286374029453695,4.659237415160197,4.508599655132828
vpvC_W240R,241016_113137_Plate_1,E3,0.0,0.00010453606059696422,0.00010533225940760907,0.00013191565867817895,0.0008409219453429916,0.007176116459976091,0.028226088482701132,0.11364878985406723,0.3533179537795675,0.9668878011898846,2.107222872675704,3.3942427316470543,4.069263151633807,4.555265168773005,5.009798159222723,5.537531830807502,5.835032338324695,6.034905967048628,6.645266247932792,7.653961809725676,8.200798260576384,8.531841319748539,8.75532992671989,8.820673549942692,8.853844599221157,8.891811406450747,8.928986388633048,8.928288191547429,8.927768556360142,8.976958012338564,8.94042371292257
flaA,241016_113137_Plate_1,E5,0.0,7.868931944112662e-05,7.078033813640829e-05,8.597120072169325e-05,0.0004073628421592584,0.002973007455732522,0.0166613887014917,0.09060152475225496,0.36009021137703595,1.024424858722616,2.1343573260024127,2.951332248219625,2.911092622220419,1.8891125233313182,1.2632629006077674,0.8478754265479898,0.5725905605138938,0.39042684130863714,0.40211510859857813,0.4095789691980795,0.3692035425281783,0.30900825340931704,0.29787499261303946,0.25291179582115697,0.22685215805589784,0.1940101374978865,0.1812449480173586,0.15322350350802863,0.15496208781604776,0.1457322567297379,0.1179257887081209
hapR,241016_113137_Plate_1,E7,0.0,0.0029866731255098642,0.0004345463230993258,0.00017425890434483271,0.005436500238065115,0.0082147247511041,0.015395640312887093,0.04809109298461079,0.18867442040407975,0.591600848729113,1.29627016783042,2.1578710522969917,2.570331783151984,2.9390552817452416,3.328720145263225,3.699751706865955,4.161406441343221,4.280157460217817,4.095118245741368,3.8553162371136764,3.605340212907895,3.348675139611726,3.1814690423638035,2.938199923438242,2.6484383688473687,2.3592036721722534,2.016983039427104,1.687634713238348,1.4589837948459214,1.228845596282318,1.0262364260267594
luxO_D47E,241016_113137_Plate_1,E8,0.0,7.196679166672966e-05,5.933129965133825e-05,0.00013682869233901256,0.0011014257650677573,0.007025172135251358,0.02900836615298749,0.1151789650071136,0.34016924410489197,0.7411142038139029,1.1658615983250238,0.9040810944657299,0.5793243503945377,0.38703534227752984,0.31709333553451924,0.32102337591345864,0.3612882346483355,0.32596628358177754,0.2159387156504941,0.02278344156895218,0.019046528924098173,0.01730654019665397,0.019725722877353618,0.02052008122978043,0.024205382798304448,0.029180430270781054,0.02537293284316402,0.028940994146852157,0.02882105672794893,0.0318266199634975,0.02146418078762447
rbmB,241016_113137_Plate_1,E9,0.0,0.00012894320496496263,0.00012208256257167477,0.0001342354452459953,0.00024244814883134225,0.0022125986022083757,0.010033263325765096,0.04131224330986938,0.14920172110207272,0.39205413540878475,0.8309023490245461,1.3503017944781113,1.5509993492647671,1.4918082200348497,1.4210491555088758,1.2826479013010252,0.9801816342051535,1.1933456852114657,1.1398231940439296,1.0022179781416467,0.9064520888408698,0.8733301608037253,0.8102548421452421,0.7586901116562904,0.741969562120902,0.6822410083909811,0.6736971225027345,0.6475475684557115,0.630497180986772,0.5923636491082868,0.506583650059753
vpsL,241016_113137_Plate_1,F10,0.0,3.3012289694025424e-06,8.255127891650657e-05,7.195696741846553e-05,7.632216381241524e-05,0.00010382720998684883,0.00011897285695435722,0.00039961758272094854,0.001446944175254379,0.006250103149242672,0.00483199866000553,0.0085085226071227,0.005315017957794285,0.005061986117550839,0.0016850110571209216,0.0,0.0,0.0,0.0,0.0002490903973163161,0.0,0.0,0.0,0.0,0.0,0.0,0.0,0.0,0.0,0.0,0.0
WT,241016_113137_Plate_1,F11,0.0,0.00020533636552317225,0.0001169772371406993,0.00013029998113299045,0.00028624544343049064,0.0007001341812692094,0.0020734774827294903,0.008681601250758106,0.03527238843627518,0.127351649995328,0.35577923226060654,0.7734395585285561,1.101341700533598,0.5364973825516115,0.11115545717157828,0.014213339851437086,0.001077605005936006,0.0,0.0,2.0954593218168662e-05,0.0,0.0,0.0,0.0,0.0,0.0,0.0,4.0267005490283764e-05,0.00015652031123132676,0.00022759904168158718,0.0
potD1,241016_113137_Plate_1,F12,0.0,5.130388031264578e-05,7.074250575218081e-05,0.0002219775921118888,0.0009360901538627167,0.00847924982490561,0.03788765348202216,0.1770727991049557,0.5833141722270054,1.430802714661939,2.2953626439800727,3.1148735464163164,4.264701088796362,5.050778114890301,5.201408117172273,4.618644611114136,5.118898141562287,5.177495201375389,5.0481923112202365,5.080547459689837,5.002569411810406,4.990256331693662,4.9424853393345884,4.891507522411096,4.747238603845194,4.6559443191168075,4.6398161670703475,4.585105068929372,4.453006715347122,4.340665867991359,4.09257082953559
vpvC_W240R,241016_113137_Plate_1,F3,0.0,7.075788080102985e-05,0.000129197465070309,0.0006600473026017616,0.0046859209829743335,0.031050636767320186,0.14763069740689072,0.48460662612469113,1.1583947015044795,2.3793881219039683,3.309229344973277,3.6463358846976113,4.091574026129349,4.408326382002878,4.767471606362747,5.0200615226270955,5.24538283007108,5.946070151962431,6.758329100627286,7.207590836834809,7.444934375820311,7.586228332781167,7.711307264322555,7.7008727623796664,7.706762964325636,7.70239990131167,7.80640518499391,7.698216470229886,7.691869430708066,7.73082000030638,7.70452759674069
flaA,241016_113137_Plate_1,F5,0.0,0.00014560095020120295,0.00014520530518601869,9.646771781376676e-05,0.001213329169211161,0.012421318053064219,0.06986087142650929,0.32275611516158476,0.9340471917390099,1.952538110882132,2.8843411072569536,2.6150246893939393,1.5106244977380592,1.0692974637738681,0.7156782285890599,0.47593723864153326,0.29703959043729977,0.2093416627201622,0.18269495757207818,0.16801632018968357,0.13227149843422908,0.12302147045904403,0.12719640145945094,0.11265478191125336,0.106184113353757,0.09887505990117054,0.07754735925573462,0.07857949384208408,0.0730251019560783,0.06296166768843521,0.0397439167687547
hapR,241016_113137_Plate_1,F7,0.0,0.00032612555812000656,0.00018680679001402894,9.78816003507036e-05,0.0007037691531269361,0.004014708813451518,0.01578662265558005,0.06694155826925398,0.2621955699888136,0.736250498713448,1.4770204191368559,2.1386856129163285,2.460639804586183,2.8252578508143067,3.182695969924414,3.594141372412177,3.7423300255935237,3.624281818325515,3.3143906532376213,3.028751270290752,2.7528585581540512,2.5180554801543167,2.3455250951116238,2.079891198735443,1.826372225582836,1.4769544114238764,1.1655658008432523,0.9395952503621796,0.728758456097483,0.6335125363695692,0.48457158251617916
luxO_D47E,241016_113137_Plate_1,F8,0.0,3.489950170348901e-05,6.647987879024397e-05,0.00028943693307232964,0.002095079326046705,0.011149338723610264,0.04350403176005361,0.15567476379716866,0.4378285181728913,0.8976301947835696,1.3184859430677485,0.8858846338687963,0.5477689853489726,0.38071486634598023,0.3411474824238755,0.33640386187197785,0.33369038978846083,0.2757234127188612,0.1317454162930111,0.005095468680433214,0.004893203258551227,0.0035806513219400877,0.007355089652569972,0.008567056133676096,0.011983898916466031,0.011157959183795738,0.01038641796562866,0.010562546874501144,0.012695567728227787,0.012198048803031644,0.007721897656821629
rbmB,241016_113137_Plate_1,F9,0.0,7.533232900160736e-05,7.075713177733647e-05,0.00254179230850614,0.002556252411538278,0.005220330662611981,0.014400484090000406,0.050172520818828635,0.1805523819848628,0.4556968796412762,0.89973658985131,1.4112196908297423,1.703241156906942,1.6985864427923645,1.6853601556637314,1.5883203910672767,1.2101977820330045,1.4480143428563024,1.3908372179590887,1.2741241454245384,1.1255537576680275,1.0575836694889482,1.003455739794965,0.9501540768627467,0.9752711151238619,0.9636927135592328,0.9992240234358034,0.908942458867143,0.9187611563306842,0.9191655622479965,0.8811035220059601
vpsL,241016_113137_Plate_1,G10,0.0,8.597869764633864e-05,8.203167716777868e-05,0.00019865048640805875,0.0001723772899499349,0.00014233457156544857,0.00030486588487643767,0.0013279573476705979,0.004012517116622982,0.002319696684973139,0.002742936602424208,0.0009293627173080434,0.0006279255552651897,0.0,0.0,0.0,0.0,0.0,0.0,0.0,0.0,0.0,0.0,0.0,0.0,0.0,0.0,0.0,0.0,0.0,0.0
WT,241016_113137_Plate_1,G11,0.0,5.009383521106742e-05,7.413562320948279e-05,9.792971174758046e-05,0.00018391300385175264,0.0005819484077746569,0.0020314547790773354,0.009103950298153855,0.03537393866104812,0.12983917774419323,0.3604623959001096,0.7925753082124172,1.2479081155247274,0.8430738502878165,0.2479504233812539,0.057148008607447016,0.006055730832038187,0.0,0.0,0.0,0.0,0.0,0.0,0.0,0.0,0.0,0.0,0.0,0.0,0.0,0.0
potD1,241016_113137_Plate_1,G12,0.0,2.5045780694570536e-05,3.6428673699803156e-05,4.827840240964935e-05,0.000115471552387342,0.0005910338645440669,0.0020682142537411527,0.009579459964645275,0.043138581762508905,0.15991377644962923,0.5239588596785826,1.376140303061033,2.076940179137738,2.931165922186205,4.045791959184673,5.0069873140590655,5.357895819122092,4.917551209984313,5.3917072836584,5.47561639540136,5.423059542904251,5.335033609686526,5.246486971247668,5.138992374065219,5.036302228858909,4.957462134960931,4.86915157273972,4.835365253998832,4.835759828980169,4.808765550087507,4.736806108215769
vpvC_W240R,241016_113137_Plate_1,G3,0.0,0.0001959785450132553,0.00016485314631853914,0.000560509008970945,0.0008478464018798712,0.003801247226158432,0.01567630216588296,0.06697121158225815,0.20947745001543433,0.6719445408144453,1.5066693182514106,2.583769468842652,3.470979540263162,4.18138631397868,4.887203445012985,5.457282301700767,5.930037299805532,6.420260600473876,7.643745728441948,8.212699712047343,8.667735618405477,8.861426457803212,9.024274240312367,9.018544877829129,9.061021877726745,9.095073698616092,8.827254258105999,9.110785808127146,9.13517789845645,9.17803542914115,9.068694689185854
flaA,241016_113137_Plate_1,G5,0.0,6.497035529045809e-05,7.949785039186611e-05,0.000106114561153657,0.00032876834778017196,0.0025099115194166456,0.012971119500829768,0.07094029482121521,0.25764445521382734,0.8180847479486159,1.7939951414193585,2.824041155452365,3.149545385043286,2.588890249575015,1.9205832219486847,1.4570398108531264,1.1704248914227389,0.8553916118026433,0.6444499207823151,0.5805350268160863,0.6108868712914594,0.5569181091323202,0.5338902450817089,0.47879350005431326,0.4575967916149695,0.40182640009104764,0.3873404156152185,0.3608821233645785,0.32435220439964896,0.26524665781441226,0.2408964526225342
hapR,241016_113137_Plate_1,G7,0.0,1.779539719785304e-05,2.650307651102172e-05,5.1268725688122154e-05,0.00022591574468493604,0.0013181324975124326,0.005095468412924752,0.022110268562403466,0.07343766019376767,0.2943499600454516,0.8174155755311152,1.6310550684908394,2.2786678421341446,2.5696095771819074,2.9665996249127313,3.1773239318691897,3.652119618275735,3.837785203815777,3.6626583147645424,3.3316695598101584,3.033959927552857,2.7717847149579957,2.5728199462334462,2.236986479279404,1.8684338517162002,1.4461255993608946,1.0233192462494878,0.6807380789747816,0.46881513347756176,0.35175322990866376,0.25679256114141014
luxO_D47E,241016_113137_Plate_1,G8,0.0,9.806438888273566e-06,3.0460101806057602e-05,0.0002796833070421512,0.003196433465723782,0.014233253181342644,0.051672583213087465,0.18381705525417236,0.43411538034259073,0.8988896914994192,0.8973207543702401,0.5535301813391795,0.3611245194696386,0.2794550554470153,0.2733371837368147,0.2754714531862874,0.2245512575854933,0.13626721882828216,0.009516918492561116,0.006572742430083511,0.003957334534817867,0.003726752940978626,0.006214346630679719,0.005129300876875322,0.004604051021359499,0.004390697574362145,0.0037650723243610323,0.004347594337155168,0.005151765301228009,0.0033897994829716273,0.0025205959411400856
rbmB,241016_113137_Plate_1,G9,0.0,0.00014855069244600202,0.0001586518253436416,0.0002801888980351859,0.0026246069093771407,0.018298287692964602,0.07637222802106415,0.2561531289771638,0.6138382252747415,1.2241651344782802,1.7642236565521277,1.9452701734801432,1.9057035318940203,1.6920874584641736,1.5873193744027605,1.3951222353792885,1.3477662155217731,1.2024221135702857,1.0121883529030984,0.9212709875975623,0.8453686047513084,0.8364976228912453,0.8298129876904797,0.7590276404581219,0.8063769726040892,0.7621175638246802,0.7198123043596195,0.7212818620951942,0.6678687818885848,0.6258794499170554,0.4748709030983269
vpsL,241016_113137_Plate_1,H10,0.0,5.057487962763603e-06,6.006923244389162e-06,2.6625381379812967e-06,8.398987923532511e-06,0.000489362926577684,0.007252816084915991,0.007854335344887827,0.00974957461452257,0.003086613618113182,0.02481225249502321,0.030982420103216328,0.03882719870830195,0.04223869332816689,0.043588434023646115,0.033413704197962225,0.00690776233692773,0.007447947189872721,0.008753730226117588,0.007244518373689829,0.009667826034872333,0.00997636962608329,0.011564929838486681,0.015319350243402398,0.013293990845261325,0.014927999407803143,0.020551718786800916,0.02146662180233952,0.022118676353361708,0.02285533848072094,0.02542255967547768
WT,241016_113137_Plate_1,H11,0.0,5.36335272423686e-06,5.64351567395124e-06,4.3316448138841575e-06,5.7592649803745974e-05,0.0005463257771968974,0.00345821109386711,0.014885044905300994,0.061189176682867344,0.22104302454931424,0.5328076048977484,1.044500098124751,1.093052883963795,0.401412765131799,0.09061951469631928,0.020830859854190753,0.010469984265277664,0.0,0.0,0.0,0.0,0.0,0.0,0.0,0.0,0.0,0.0,0.0,0.0,0.0,0.0
potD1,241016_113137_Plate_1,H12,0.0,0.00020442049680208612,0.00028777349857897624,0.0010034323996816622,0.002415529183880935,0.009559421574533768,0.03304236433285713,0.12161051713976526,0.4121836924041133,1.0818561835357723,2.1105633177168532,2.8790667097903313,3.9797355596650767,5.14928670157406,5.918004769188231,6.090481518784308,6.535376179350937,6.833220100856124,6.709731841506447,6.4813581956348045,6.269690118824681,6.09195348409604,5.969318911125475,5.838099991611798,5.7567011792755265,5.642862284532994,5.620202311494642,5.525983156120704,5.552590885285886,5.483916781712141,5.400854735513861
vpvC_W240R,241016_113137_Plate_1,H3,0.0,1.7774680005019405e-05,2.2054609414273432e-05,3.162212311978038e-05,0.00015721977229442863,0.0011146122603126795,0.006185536638101756,0.025469828420699496,0.09445039637613532,0.31520671873138345,0.8498018887365291,1.890355768908106,3.19526753009249,3.810481818895364,4.320856465123261,4.945545970524566,5.524770674017037,6.095373579781728,6.533461487534723,7.389990812825924,8.32533749379584,8.960668753320912,9.34247087437182,9.473857655445354,9.560892871074346,9.588431529687021,9.6357791899051,9.654104857089141,9.66204317069671,9.609131334470629,9.577744566633191
flaA,241016_113137_Plate_1,H5,0.0,4.8575667844105625e-06,1.9289573068407257e-05,3.475103785097746e-05,0.00029566430937141846,0.002551227866975092,0.013478013260074004,0.07221992823653595,0.30673360889445017,0.921849608400702,2.0114355826979735,3.075317872677132,3.2703308726479223,2.449968892040071,1.3898415514638107,0.6903231746739484,0.3446558559019971,0.16108384508665782,0.1549321335560239,0.19157102878062934,0.18351314557829307,0.15802207698571688,0.15840230682578285,0.13145179231749277,0.12550071882101274,0.11059295375326947,0.09388564588674636,0.08599911522969492,0.07380607953523972,0.051153293780488863,0.04039423719617248
hapR,241016_113137_Plate_1,H7,0.0,2.254019278066972e-05,2.1940747781311637e-05,3.363633343399965e-05,0.00023503893352290023,0.002233407817952912,0.009519085979873847,0.04282641945057928,0.16851448113518833,0.4903212756425235,1.306808663687881,2.1106706554872,2.569807332812384,2.933960716842147,3.4487548034923594,3.818687306579278,4.407184522133159,4.607830581540894,4.464597857002251,4.227810401231971,3.9593930793094807,3.630530414733346,3.42017560383992,3.1387600457525853,2.8808891111871824,2.5739068999913552,2.19531153662775,1.860436552492778,1.4480968023396903,1.180578108217915,0.8681668796644741
luxO_D47E,241016_113137_Plate_1,H8,0.0,0.00015003081676582256,0.00019889880113783888,0.0005464801964565425,0.0025712599037606265,0.013884858854559,0.058751903742430146,0.22314523979733697,0.5127753340423097,0.9651573558268195,0.8444297169270737,0.5196876657581526,0.3666291480940151,0.3034601747230126,0.3117903414133173,0.3367450488520261,0.30633617826028253,0.22742523474616416,0.05489049199062598,0.03318079661804656,0.025828514466784476,0.025641134152003506,0.023497463117636546,0.02065945380721352,0.01875278456977196,0.014360898187805027,0.015690127003195144,0.01745213435214024,0.013724573134343913,0.014779227251789227,0.010969591762790271
rbmB,241016_113137_Plate_1,H9,0.0,9.40470538049592e-05,0.00013187475663435094,0.000273972295639401,0.0007574554932273999,0.0042437589213462495,0.018409511023720678,0.07711346053049534,0.2426892007063812,0.58072054393443,1.1742414346489958,1.8280436853300472,2.235207614884731,2.169424073996296,2.1365557105424964,1.9847859884585006,1.7229842176764842,1.8400516051688516,1.69119739093424,1.5453228865798745,1.4704090812546573,1.4439354407060143,1.4414240712654802,1.4057304840681957,1.333676277323821,1.2723163232388621,1.338632874737679,1.2598526358580562,1.2515149321168366,1.2480413347387653,1.185427501615657
hapR,241017_175114_Plate_1,A1,0.0,0.00028115206225234,0.00021899724689904574,0.00016085512535171352,0.0006621576434193151,0.002737478694152706,0.010965057494360674,0.03564472276408747,0.1347720872837477,0.5050985968965215,1.2293818169942428,2.157835607425787,2.582247813834118,2.943282584214781,3.363045493554889,3.832775840357805,4.665723425327984,4.777613520925407,4.667300387711021,4.402547262945721,4.1494197884271395,3.910548040475786,3.725023498772293,3.5150922206512063,3.2863777689990727,3.0665256051819902,2.784870760775466,2.514323402724912,2.207232048076621,1.898814052088537,1.6335671067025284
flaA,241017_175114_Plate_1,A11,0.0,0.0003182374959770106,0.0003150243849637367,0.00030684541405611094,0.00038066842018927885,0.0006611216834619602,0.0032848905557050115,0.012835037277478329,0.05570275535318045,0.21885807562173026,0.7132289211116919,1.6681544795326455,2.9411189088976317,3.592207286232473,3.563441633182073,3.2170041307973984,2.373644380840902,1.6916758298183894,1.175964523529358,1.349483151707511,1.3902718388248143,1.4074733016976246,1.3512473031367784,1.3072513901923637,1.2547594084972713,1.213728826853274,1.1653336703754185,1.1108889437854026,1.0315988337773545,0.9865507431750806,0.8704053235967313
luxO_D47E,241017_175114_Plate_1,A2,0.0,0.00048009001325358136,0.0005264532423317847,0.0006626735669266916,0.003277943026563291,0.015083190429360904,0.05834010054737456,0.18953467411593208,0.5163866314011561,0.8935975047200788,0.8241836064948853,0.5677606952338721,0.4370108183696194,0.3747868788297642,0.3698882638750282,0.3877936217636971,0.3894263395979101,0.32982144834222465,0.06635119384463586,0.05291274374853798,0.04553945683284569,0.042736797428123495,0.040468343727836725,0.04578191981502124,0.04960111405013586,0.047835291361752595,0.04900482498185732,0.05099753229713606,0.04225507755268852,0.030019726032184012,0.02162665138320231
rbmB,241017_175114_Plate_1,A3,0.0,0.00017789322080682767,0.0002564192664582195,0.00021787050125742562,0.00021491968229106733,0.0008824580511029078,0.003451986372589506,0.014650826533921909,0.05984037026069139,0.1901156958075175,0.4977949939288467,1.041715000650554,1.6454817998423525,1.9404132898454673,2.0092359274926954,2.009599672123795,1.8402258200546788,1.519979937422665,1.8035121562149659,1.727000790355144,1.6230052038546494,1.4467268246290668,1.3508145413225023,1.3299138376839883,1.301934525757411,1.216434340560049,1.2228567505910144,1.1990448192385064,1.1601720277254965,1.1338617010928578,1.166351406318805
vpsL,241017_175114_Plate_1,A4,0.0,0.00017487294326833103,0.0001912683095174056,0.00018881036151671753,0.0002007141670621415,0.0002799990807183168,0.00032639580185595283,0.000443346522220364,0.0006603113334536796,0.002530315927981177,0.00907389104105871,0.012642128231560563,0.009868911476928779,0.006949422432859747,0.00685363701544125,0.0034154153576371133,0.0,0.0,0.0,0.0,0.0,0.0,0.0,0.0,0.0,0.0,5.7048754274048534e-05,3.852606710779973e-05,0.0,0.0,9.711748249235488e-06
WT,241017_175114_Plate_1,A5,0.0,2.3661023141425575e-07,1.481168739733013e-06,9.175210539783242e-06,0.0001959724926343043,0.0013359981170190827,0.008996762332545887,0.03851224695188563,0.16521342671505718,0.4671961053888876,0.9471800515373164,1.2767946823999168,0.5541843398442547,0.06340335559131453,0.006846372488772151,0.001380441437866064,0.0,0.0,0.0,0.0,0.0,0.0,0.0,0.0,0.0,0.0,0.0,0.0,0.0,0.0,0.0
potD1,241017_175114_Plate_1,A6,0.0,0.0004903395999721652,0.0005076146945491201,0.0010183908041012475,6.122739294173768e-05,0.0003426520302662696,0.0019214994384307714,0.008603507505468894,0.03283512285232068,0.14758705340132797,0.438194309243725,1.2477678742135643,2.266487513091631,3.068860753423232,4.042313479777172,5.117951161607079,5.536088288269849,5.002905134930119,5.555379995387012,5.824364368371664,5.604089608061858,5.480948106555949,5.384627003442451,5.336597865417621,5.297807800896461,5.299267728327407,5.259976085440141,5.2509499486721625,5.2625488480726865,5.110775247115993,4.934048122445534
vpvC_W240R,241017_175114_Plate_1,A9,0.0,4.725426833262484e-05,0.00013786559526369582,0.00023515081893709958,0.0010061257417534196,0.005402911206814896,0.022172050979226917,0.07620424608239953,0.2516770570134585,0.6648367741040327,1.5499630883603928,2.57501405063814,3.247838828046543,3.488756413837569,3.8995254880564754,4.548336699609196,5.114267570086398,5.5921808001081965,6.062106561842547,7.302019986351357,7.9924463524144915,8.446414498746858,8.71265497056045,8.91628374931863,9.09125635286445,9.258540763214599,9.354138924709751,9.465228501234868,9.545400118502068,9.601905930914088,9.618493461866784
hapR,241017_175114_Plate_1,B1,0.0,7.579919814477866e-05,7.108793942906212e-05,0.00020785612135398767,0.0009284356667332489,0.0044009773895369265,0.015937984962276535,0.05609179357812638,0.2008654297219359,0.6376012025787176,1.3441649497302486,2.2100824176155274,2.4927451670294625,2.867692383743592,3.2873643402066453,3.6928840958772344,4.372639148131563,4.482132100401694,4.306700987352137,4.052454926200023,3.7999291450894215,3.5899294516791977,3.3608447014386473,3.187012085203312,2.9798372811509966,2.703044603671271,2.4267770453023,2.1024138730557125,1.806962012217042,1.5751778340872256,1.377363552380292
flaA,241017_175114_Plate_1,B11,0.0,0.00025262902600148117,0.0007653643140270411,0.0009460221411598823,0.0016670757516599405,0.005850315765525518,0.026023534154466812,0.10024072403784573,0.3736288012595413,1.0516378926600143,2.1322660786013286,3.0378791271513768,3.3940528675162045,3.20699376352089,2.7761817515466256,2.3017041995784218,1.8659597997061044,1.4055652975929582,1.4228323669160554,1.7373181904688253,1.9573771383269747,1.9070968497179468,1.8227474190466624,1.7473049501235698,1.6649091337497097,1.5698039234727676,1.4483871158979924,1.3386997518531598,1.2491145786880007,1.1121505805689473,0.9356534462986272
luxO_D47E,241017_175114_Plate_1,B2,0.0,0.00023056102243851923,0.0003232883901236963,0.001242259808105452,0.005354855986715029,0.023648881601110037,0.08898385426902508,0.3141751124742463,0.6299273210857602,1.2339077926615196,1.075508073980106,0.7083799958537581,0.5009455480882998,0.43919432275150905,0.418058011035156,0.4542797936905078,0.46534584967343867,0.39960153221323313,0.10236748318724992,0.0928727384710976,0.08349932890556207,0.08201137996323025,0.09057765630973987,0.10477191612013029,0.11394948942840345,0.09630592200828411,0.1036300696258346,0.10626245320683118,0.11474265201800546,0.08596230606533431,0.07810106164564615
rbmB,241017_175114_Plate_1,B3,0.0,0.0002876987834655611,0.00024240128134881336,0.00021588846418592184,0.0007325614232692974,0.003677498079181265,0.018806772458786123,0.07470813813197907,0.2637967418876544,0.6610878436415268,1.2290632144160922,1.7117013126466067,1.930410814068585,1.8330245591368244,1.5936720984793948,1.093663672659481,1.3825034599676826,1.4228969033324943,1.2629975990906552,1.0765326313892714,0.9697299782821444,0.89714687386999,0.831786464491202,0.8032750113567444,0.7689985502364974,0.7208606365833384,0.7048391200975129,0.6467172221899022,0.6027423755368638,0.5383373726298342,0.47250340639632654
vpsL,241017_175114_Plate_1,B4,0.0,0.00010756589487526306,0.000281614718137236,0.00030464816642699,0.00024170762521933515,0.0003356623016646808,0.00043354877735710297,0.0004888536573432978,0.0007959684858591231,0.0022546352831776654,0.011465981802277099,0.015313366079109178,0.010228692301394178,0.0036355986300529415,0.0009563985937665331,0.00020789286364123282,0.0,0.0,0.0,0.0,0.0,0.0,0.0,0.0,0.0,0.0,0.0,0.0,0.0,0.0,0.0
WT,241017_175114_Plate_1,B5,0.0,0.0006184330843709638,0.0004894059954400536,0.0002206007260583706,0.0005737855876904198,0.0021758757093267266,0.011909856586832643,0.051511466879098106,0.20333303477809941,0.49888123210162016,0.9909806833045273,1.1245289327504,0.2694266313493264,0.024203506895215214,0.001404056148605019,0.0008682462628005499,0.0,0.0002019725736810086,0.0,0.0006315861410581455,0.0,2.4775224642494967e-05,0.0,0.0,8.348877569673919e-06,0.0,0.0,0.0,0.0,3.089712034873406e-05,0.00427736467187534
potD1,241017_175114_Plate_1,B6,0.0,5.533674693172149e-06,7.544565628641646e-06,9.96725160015864e-05,0.0006592511305419629,0.004739015393725676,0.02810342247748629,0.12362434090425704,0.4385531317191255,1.1657513179615957,1.9797002513346496,2.905178678898454,3.9178445344060853,4.916068878719682,5.246857470467432,4.470608772141664,5.2944422100598905,5.5927241097943625,5.3756908832719095,5.243999543814476,5.203250247318191,5.138212252513136,5.077780753422397,5.069745467997381,5.033201471399643,5.049997324567062,4.9401713911389535,4.92925972097711,4.882839980736326,4.466865659988204,3.8286031764916126
vpvC_W240R,241017_175114_Plate_1,B9,0.0,9.886680057740866e-05,0.0001452959504283413,0.0005071776525994532,0.003313806548511012,0.014197124826017617,0.05834207743490818,0.19484273083477596,0.5570211667672761,1.535449082373177,2.437194894843434,3.3268482548009186,3.8691012825421516,4.373821936795957,4.862442728023151,5.161467030616573,5.500050885821878,6.100906591053914,7.141053189592213,7.60931832567206,7.9421202529813595,8.073465570243295,8.096615083766965,8.169539228029516,8.200209741960153,8.179408016452552,8.094260340530887,8.064422446687985,8.140986043574996,8.147497199538206,8.066116444023113
hapR,241017_175114_Plate_1,C1,0.0,0.00011042935895338039,5.5280904540295035e-05,0.00021985643726476193,0.001308984644394279,0.0061531370832274765,0.026443128533475906,0.10324139989379497,0.3499479490533757,0.9712564150044355,1.8150500636861713,2.3404235081114035,2.5841421750072264,3.0317518458310277,3.399360235400759,4.073600266326967,4.244723289351483,4.1546083825546,3.871002130795462,3.605841991905347,3.306017370870966,3.0383958866226966,2.778133693916163,2.5671355920489267,2.3354732640235163,2.002552429202893,1.7379989326273042,1.5117652206968148,1.3148877536235364,1.098391082198586,0.9643430600687256
flaA,241017_175114_Plate_1,C11,0.0,0.0012743091275259583,0.0008813720001860577,0.0026486268954359097,0.01605787222334315,0.09982866737852247,0.43602959733128543,1.1790549819128404,2.253833694071513,3.0688802146638374,3.0470451039678257,2.4028163123678477,1.1367211659194694,0.4755164879571975,0.1791898209463459,0.07018504486837926,0.12591793170593957,0.17666352453363646,0.1908536847768479,0.17778284012772666,0.153282114612036,0.13083751932409027,0.09754278750825489,0.08933149489071725,0.08957835169937989,0.06779880251090965,0.05587643187822826,0.04114245368277332,0.04177185026707063,0.04799067498940294,0.0612843856195504
luxO_D47E,241017_175114_Plate_1,C2,0.0,0.00020921078420516628,0.01087564479727634,0.014275413183712879,0.026004397267871987,0.07682425044459873,0.25770155489502483,0.5599077168256573,0.9858755518171868,0.7593396890789552,0.41973736228199376,0.26961660917127267,0.20362220473772674,0.19918367758665237,0.20647009982336012,0.1890556935271472,0.1300763975605151,0.03214535696465003,0.030369121509386404,0.03228484992089099,0.02947095917339495,0.02922525131357627,0.03067635364036278,0.033484170608230855,0.0310843294580994,0.033373593310410316,0.03337748221467553,0.0319403230976956,0.03046917502431488,0.030397104900817023,0.034611829791248445
rbmB,241017_175114_Plate_1,C3,0.0,6.800796068957579e-06,7.159327628905798e-06,4.6946113297454833e-05,0.00022566227372955235,0.0013096011176447807,0.007750923929991057,0.03283063472910076,0.10620941965425493,0.33760653310280325,0.7220558978297686,1.3188613911940577,1.6417077904615414,1.7160746747363567,1.6458384554992114,1.5656037062349974,1.389277509871846,1.3775188410424384,1.4136691989384569,1.2174668563459567,1.0389955765037593,0.8981398652806487,0.8340622258538972,0.7519155936123187,0.7412324425540731,0.7128934655004403,0.6891934864392473,0.671296835951014,0.6643307149711898,0.623928911966943,0.5620421668433419
vpsL,241017_175114_Plate_1,C4,0.0,0.0007425608895759832,0.0036449037781467056,0.003341743794731952,0.0035182581832980658,0.004348654339435538,0.004072801820445241,0.0020964183396528606,0.0037815297124470034,0.0035541319374444557,0.003131798071153921,0.01775441623902873,0.00955687756906088,0.005460891392114802,0.004700966662029621,0.0016594760368880514,0.0009190806951884514,0.003105914621149396,0.0005480003132914206,0.002994592847279328,0.0015326289412904682,0.0011243175341883653,0.002814454120316849,0.0030553814701667356,0.001431953536065132,0.002833815446511227,0.0023909733783729343,0.001568019976417318,0.002707637523331144,0.003519732556185955,0.003389043102795539
WT,241017_175114_Plate_1,C5,0.0,1.1663102768927842e-05,2.5303052945198154e-05,0.00010492881652075972,0.00040325854008051073,0.0034482114938061935,0.022825603577635876,0.09476734708953335,0.32133604649146597,0.7090225511792975,1.201706595311757,0.9282536272249102,0.07473388582143917,0.004007646790688094,0.000304902165711586,0.0,0.0,0.0,0.0,0.0,0.0,0.0,0.0,0.0,0.0,0.0,0.0,0.0,0.0,0.0,0.0
potD1,241017_175114_Plate_1,C6,0.0,9.74590506719614e-05,0.00015613062496713182,0.0002282621215938675,0.0004245446699109638,0.0042492760158649515,0.02124840444961036,0.09505782115291257,0.3747670497650241,1.1463861797716357,1.9445862212201213,2.7548028096553083,3.7440572608550458,4.765300775194241,5.212644208221313,4.889533042453642,5.418788837186764,5.792820171804384,5.698870263697372,5.6398019877285925,5.485791614767528,5.459095674687028,5.388392853815174,5.369598378051611,5.33803465336661,5.264609332000648,5.181166755015284,5.146947340074542,4.997278763204721,4.857264834234168,4.246042774839918
vpvC_W240R,241017_175114_Plate_1,C9,0.0,6.1010380714629487e-05,0.0001094929656455532,0.00030972024724385997,0.0013823335920943615,0.006691019958980503,0.02774887344976495,0.08721689400090749,0.23439639826049558,0.5618460831407522,1.2089103975599995,1.9236810368148698,2.5147284774133793,3.047276498787389,3.375597859990822,3.501953475666737,3.455300668678502,3.439762239036352,3.4203813847242537,3.3016767116906864,3.1624729989741818,3.0064212689401826,2.8402387259446935,2.683526517518206,2.462113575580033,2.107940397247697,1.7011983285374663,1.2244928992212516,0.793630729410377,0.44205392133235155,0.2215340095803279
hapR,241017_175114_Plate_1,D1,0.0,0.00021482554606331656,0.0001450827461841886,0.0004035436505992283,0.001107748595073772,0.006003739224921122,0.02364939789244155,0.09050733502281182,0.33359499627093897,0.8155929735029177,1.8358905110436374,2.3200614327609714,2.5948592996401363,2.9200031284557317,3.2732970733508413,3.8276640211589164,3.95454736415309,3.884826968107648,3.606310599853521,3.346014366695208,3.146352470918887,2.845251633889786,2.629734578452398,2.383359485652563,2.128720120184307,1.877222574724222,1.6507329909499031,1.4125578350333974,1.2184497493121778,1.0636413317320814,0.8995107123937737
flaA,241017_175114_Plate_1,D11,0.0,0.0001023930904347675,0.00011648719507701391,0.001300901408077464,0.007960092808995662,0.050919533517350825,0.216201328707564,0.7330762433042685,1.6821722573229936,2.7035501946643055,3.128269902049617,2.708716251203849,1.92846756572406,1.1564825510186532,0.6019028671062336,0.3189496703797654,0.24562067881094246,0.4214061736954318,0.5254652667047871,0.563715031009978,0.5269800333704266,0.44509726478797745,0.3910065789596054,0.33820894209591945,0.3059318592832204,0.2505787341459177,0.21115570447757823,0.17673036152284793,0.15950828712304618,0.10941142906635905,0.0822050025879702
luxO_D47E,241017_175114_Plate_1,D2,0.0,0.0001130992204698924,0.00018189853137924068,0.0010586190609908218,0.004103452739381044,0.017369244180128744,0.0708669707518021,0.22285667173174897,0.48698723074132566,0.7984254842047712,0.6042035736330034,0.3826013293317504,0.24681852820174172,0.2072057213428025,0.1945456225615411,0.22000178798754783,0.18060512796584247,0.10408564322420119,0.001651006451475104,0.0016047331721172225,0.0014098915113162943,0.0018295164531671648,0.0020199014898695695,0.002930267428139721,0.0027178043830578783,0.0030372781693916665,0.0029979606450607093,0.003185595494143198,0.003811931179742064,0.002198111413944468,0.0013165663023449884
rbmB,241017_175114_Plate_1,D3,0.0,0.00038712630184229525,0.00044185743636706903,0.00015936961073638524,0.000574237008219915,0.001008188566380424,0.0025469205125983217,0.008774868076007598,0.03187030409532954,0.11541512816501087,0.3440491467103554,0.7999920471963508,1.3602040214588877,1.3380874918609333,1.0884152235136648,0.7983806765373992,0.6166052659277587,0.2757559484355426,0.3820471588020305,0.3815147500856881,0.29597673250409845,0.23233543950501295,0.20400473515056522,0.1738958151094645,0.18512753908286436,0.17464494580623396,0.1802346086829443,0.16454393328740224,0.15730383682858798,0.1475345615533871,0.1408046037314602
vpsL,241017_175114_Plate_1,D4,0.0,0.00032308816003994686,0.0003774236763003825,0.0006001678740993159,0.00026033736258433406,0.0003182773881763949,0.00013171972879295494,0.0005500801247057572,0.0007633295109114229,0.0013805648261441257,0.006959908095795979,0.013215659017441001,0.012402829874489558,0.005476413169355198,0.0014606127207476868,0.002239083678743766,0.0044970673653393235,0.0038706815887809623,0.0035715974980463,0.0035684845020749006,0.0035833674691082237,0.0033978920820846095,0.0034660185289596824,0.0036936561921754596,0.0014735168608110492,0.0014803369890477786,0.00145223087811025,0.0014652719156290014,0.0014263965827856033,0.001482613887321437,0.0014116278418655215
WT,241017_175114_Plate_1,D5,0.0,0.00022842125569015405,0.0003204367766704421,0.00015052947260198188,0.0003219995076033045,0.0005953504479627736,0.0016220778857713928,0.005855887966787375,0.02197974783997541,0.0798490956900827,0.26578447688939716,0.5912966247307909,1.1077429773960714,0.9432945245664411,0.2417201379276416,0.03918678625790361,0.007653362657648083,0.0018385700095524904,0.00021380564330138852,0.001184975011052314,0.0010825878860562476,0.0010967390168148644,0.001074525314768116,0.0010519164358459916,0.0006274559441602837,0.0010851177804577698,0.0,0.0004186134254792238,0.0007781180474576869,0.0009653448792586276,0.0011833391968076544
potD1,241017_175114_Plate_1,D6,0.0,0.000697945226402408,0.0007174323484510051,0.000864933973025018,0.0011865809981034695,0.0030863762043532254,0.015633786377258364,0.06497133570897103,0.25159137405310456,0.7861570111240538,1.6022312323499712,2.4787146825871726,3.2230888113951863,4.303174557052836,5.049697715089708,5.517969940143797,4.835000773719462,5.735239644146589,5.862874619041652,5.776559001175233,5.5377408217933795,5.425787861707404,5.410363992564073,5.345002312520091,5.31277356179875,5.255956770799746,5.186606940851183,5.15769690010846,5.030461850363973,4.765465961669479,4.245361564541631
vpvC_W240R,241017_175114_Plate_1,D9,0.0,2.1441023917618093e-05,8.428837855256201e-05,0.001009322936013209,0.007557792852049897,0.03959684329147399,0.15139292972766571,0.48355966488183955,1.1444709529384973,2.835643866848471,4.086192424646611,4.824887883824921,5.48099826439256,6.038954707619834,6.386606029650485,6.820382369768434,6.980009751658728,8.111164869010963,9.250680695832145,9.828481585536029,9.894703305285093,9.970418900347811,10.009859679202599,10.029389134465296,9.959852316101847,9.973152836828666,9.994499343318974,9.959263128714461,9.934739290467661,9.945035022395928,9.774335866529329
vpsL,241017_175114_Plate_1,E10,0.0,0.00010319296079905224,5.601278762898201e-05,0.00016781164277775466,0.000126033515424625,0.00017071370832692746,0.00016999187686869726,0.00036196476354853906,0.000809783559112449,0.004955435089590708,0.011844677481313924,0.010103744448999133,0.0023396898661545793,0.001099518095348668,0.00019327368670221217,0.0001639683085790361,2.2647828154180258e-05,7.777187242011514e-05,0.0,0.0,0.0,0.0,0.0,0.0,1.1182634164323523e-05,0.0,4.452626184560037e-05,7.607622990794623e-05,0.0,3.457229872828776e-05,0.0
WT,241017_175114_Plate_1,E11,0.0,0.00015340134313351512,0.00031083290856495985,0.0005623110128475746,0.00127047780445718,0.006346275116388648,0.028789819096079014,0.10602671806247299,0.32877815865301296,0.7214426346808099,1.277296728905831,1.0525487589728626,0.17005284204716953,0.009860808645617126,0.0012556425876843105,0.0008966033635524778,0.0006222926295824748,0.0008184220761191009,0.0005394987606172733,0.0007570439983358465,0.000651821283643395,0.0008052839330286714,0.0008262398102874573,0.0009062491167953858,0.0009025202494675241,0.0009327227573440285,0.0009446092283411199,0.0008683604220366756,0.0007935592377739281,0.000806020851964154,0.0007973580585645826
potD1,241017_175114_Plate_1,E12,0.0,1.4895267072402233e-05,2.0856210293584892e-05,4.8297953934360156e-05,0.0004046033385571559,0.0032709583806224784,0.019550517541445926,0.0904122290768866,0.31618711049348547,0.9152600724581501,1.8848543236344262,2.651335886752689,3.5624496449281464,4.69776224504136,5.607831382673007,5.895334764582557,6.002978832118106,6.5652933894528,6.588808988306613,6.5443042742676205,6.51818708874449,6.399103356220378,6.260778074415713,6.093062975441867,5.9250539515454825,5.859347519971196,5.722565761991828,5.847314989353896,5.783596480037275,5.821165368429756,5.63523628705472
vpvC_W240R,241017_175114_Plate_1,E3,0.0,0.001089821849883572,0.0010364215432060197,0.0012318793428718723,0.0017448180577073016,0.004904536588926176,0.011846465106610726,0.03253063535816363,0.08898929137851366,0.2425658926808577,0.5822637333741488,1.4983834442746888,2.17403725742216,3.244383287489651,3.557129302883189,3.911390625253728,3.755764434305533,3.860448186324325,4.0263503135746035,4.229225855381122,4.677126642288611,5.255417741248971,5.560603432491638,5.78411879030918,5.922924249802997,6.066373656195798,6.138375565035866,6.295299372655735,6.45204595591958,6.561241572534282,6.641954225665722
flaA,241017_175114_Plate_1,E5,0.0,4.8029418908714416e-05,6.9596118301744e-05,0.00018153181071650185,0.0012518679764094598,0.007486014981546689,0.03719834704013486,0.16463315404716514,0.5677710611867716,1.4096597152340378,2.507544069528626,3.266246486574165,3.0589194702070146,2.250498398568256,1.635521724156685,1.1635489876716982,0.8230481668282527,0.570434776696371,0.686421296248338,0.824744437985307,0.8049532925697344,0.7018335956506914,0.6481152882890279,0.592021372031256,0.5263608181581901,0.47399861150568806,0.40931824207566614,0.3467543327192644,0.3165380815955286,0.23245353111552888,0.16737898127915177
hapR,241017_175114_Plate_1,E7,0.0,0.0008532741151337332,0.0011795247936490928,0.006022274618739312,0.020877808926800565,0.10003163273629509,0.38457725383489927,1.044460975012195,2.0071553804300883,2.944521148393485,3.2609379149015316,3.7075278434684824,4.150639894521971,5.001324159920153,5.654136428660742,5.760240984997923,5.479745656019604,5.158711091564726,4.7520925448867875,4.443292145552386,4.054323874069249,3.5978176074501556,3.0800594601647195,2.5313598797538317,1.976117443626998,1.5366951367888149,1.1982887065708807,0.9525499495248454,0.754365636737957,0.6043898932767328,0.5030939152337159
luxO_D47E,241017_175114_Plate_1,E8,0.0,6.297935668547988e-05,9.486700736702282e-05,0.0005873221177577683,0.0031227663835853574,0.013964710130443049,0.05327779114584749,0.18605138624382736,0.41840391953955725,0.7539727671230652,0.6698666688364575,0.43289648472354963,0.300888301556103,0.24615796286900346,0.27906676691453397,0.3016136507506075,0.3269232750411728,0.26247388579259845,0.03646983255175465,0.021733351814638428,0.021220135492896638,0.0218508896826382,0.0223117418917297,0.03135311794801281,0.037979055773292046,0.03820760497159182,0.03253571935648248,0.034692517031076,0.034974393372489,0.03190290535158411,0.02322381199265653
rbmB,241017_175114_Plate_1,E9,0.0,9.978900924904237e-05,0.0001555740468612546,0.00026343727070423365,0.0013238374498485202,0.009036197761231435,0.04473552033993972,0.1659952001318928,0.43159788495827855,0.9151716609114845,1.5681974682818038,1.8959240912972664,1.7789357525553973,1.5698730744101748,1.3173341853849385,0.7207351416761388,1.081914567257587,1.0000476819900646,0.8962749300383517,0.742839900901769,0.6426881434906473,0.6002393657357649,0.5712432541454181,0.5700942384243429,0.5492246995216427,0.5364327123809416,0.49038271564851565,0.4226092662520848,0.3945242216059326,0.3443341903519576,0.23756249466158652
vpsL,241017_175114_Plate_1,F10,0.0,0.00010464950424795426,0.002044083652933379,0.0021636719732937943,0.0021417366806787924,0.002594851475017625,0.0030048125399272925,0.0032061116543676983,0.002899439953619049,0.0040794853187350434,0.009418252677778861,0.01045060795860942,0.014128325662237923,0.01017374606331517,0.010107428040519813,0.012787678248150617,8.918062011819262e-05,0.0,0.0,0.0,0.007007986054115109,0.003285736551215843,0.00295775318695405,0.004112092593930005,0.003659987710912049,0.004293307507434802,0.004669783200623244,0.004412534958880083,0.005578710143999597,0.0042200690407294935,0.003678484917897299
WT,241017_175114_Plate_1,F11,0.0,9.477820124537589e-05,0.00015266973424100163,0.0003371674313379796,0.0008021614405068739,0.0035060789242894,0.014502097848033054,0.05597962794881317,0.18368682544719667,0.455473530138705,0.9209349300922715,1.1406678520124518,0.5039838289462839,0.09268512809903938,0.01605905193566023,0.0031720041917182714,6.093338709788994e-05,0.0,0.0,0.0,0.0,6.151062153842569e-05,6.103766657774564e-05,0.00020740267444789337,0.00019713307140864614,0.0002647659651714711,0.00019595441574998983,7.889500000978774e-05,9.975914861698022e-05,0.00014864352457000086,8.967107013228244e-05
potD1,241017_175114_Plate_1,F12,0.0,2.195276091756545e-05,3.101440742755078e-05,7.251965140498613e-05,0.0003370952040532604,0.0021255651922615013,0.012886946625743353,0.053082780820961316,0.19186024555423753,0.6035570056805352,1.5775644108302724,2.407485204430907,3.1935539377625264,4.276374890566224,5.328363687451166,5.615512620648667,5.164648107491533,5.623219405682441,5.768555147994494,5.670356804249449,5.708205907755795,5.657764244667113,5.563187564233815,5.4494463100798844,5.383403821000307,5.349131305629873,5.174188462400442,5.305838404923393,5.295861342450393,5.163834212996131,5.233698060454279
vpvC_W240R,241017_175114_Plate_1,F3,0.0,0.00014882361126656752,0.00025330182984635243,0.0008802748476680379,0.0021952543566940135,0.008814254684398845,0.031181802853912633,0.10110511075543477,0.3125209070228293,0.856560021887208,1.8812497808642432,2.9549546471796413,3.8947575509853887,4.303923179483528,4.802583429532465,5.288457978889556,5.550463524242443,5.785419550205281,6.100577288137287,7.177701447612986,7.840154052550129,8.182326801280594,8.297784122217761,8.490782114699115,8.55291964900577,8.648644208249179,8.683568106724396,8.668707342893413,8.794016331712054,8.764807751525824,8.77361078623656
flaA,241017_175114_Plate_1,F5,0.0,5.013392804179814e-05,9.98274034010399e-05,0.0004399643792977124,0.002567180867856107,0.016123161676102414,0.07362379258157375,0.2897298548381354,0.8640301288092953,1.8538985788062619,2.81881651455966,3.215396003678548,2.6034191022818676,1.7446370882328108,1.209468821474264,0.7627089915954345,0.5080942703442327,0.5795248479867491,0.6742462504979472,0.7060057913770752,0.652101298125913,0.614977543814072,0.5241845699433302,0.5151082084616256,0.4633934257886698,0.4289719550189258,0.3646694412913703,0.33586911245659357,0.2810277176315266,0.22381801689136205,0.15064188634539352
hapR,241017_175114_Plate_1,F7,0.0,0.00025438796101574107,0.0006247216064167367,0.0014609648956378084,0.005341205698674247,0.025398813618083924,0.09651443147893007,0.36565343772999676,0.9267814612818318,1.780913643245741,2.5013271728735327,2.9518415174540107,3.331908177358194,3.7309180477307686,4.320453864888067,4.634191199764375,4.610682221744995,4.392815973872114,4.077448910568654,3.7978520756368193,3.5005909881930473,3.169430225297647,2.856643682372128,2.5310658879541785,2.1084194380258863,1.7962690302228204,1.4705105338388416,1.188140505559366,1.0542489758797304,0.8621892693285714,0.7079845514699203
luxO_D47E,241017_175114_Plate_1,F8,0.0,9.595069752169642e-05,0.0002943174443919049,0.0027374565578274818,0.01333325038713316,0.06449119413346141,0.23524787769479683,0.5736323722188533,1.0365649277416105,0.9572128895246271,0.5750567879014784,0.3739997017419977,0.2955984755389392,0.2747000925363321,0.2721474933541041,0.266235991046854,0.1916584906722551,0.01486766354298754,0.008031890341370822,0.010945778828281032,0.008702315768507123,0.012884238102566382,0.01729537305591099,0.023830616818573274,0.023070734956719116,0.026759179080899583,0.021791641908491474,0.02295688736795157,0.024325906729510443,0.014608247212037608,0.009565651846611957
rbmB,241017_175114_Plate_1,F9,0.0,0.0004950210916837812,0.0010227150115111189,0.0016211679557381613,0.004059737844075879,0.024338971174019612,0.11150462259150341,0.32583232871946954,0.7098755687872548,1.510720600153005,1.9984024366788486,2.308537034467093,2.1080711420084626,1.8601318603546475,1.5617628197387052,1.3414560921677,1.376029554557797,1.1140392571872402,0.8269778661339031,0.7822526582451705,0.7545059449262356,0.6360573778064015,0.5984135536060241,0.5653881626850761,0.5197314903319272,0.5265870968784194,0.4875207295546504,0.4101880458396091,0.36753239710341,0.2847814030569432,0.21316678628033534
vpsL,241017_175114_Plate_1,G10,0.0,0.00012539881816015468,0.00018688086310713546,0.000377120569149889,7.192397024968731e-05,0.00034985806621016955,0.00011667319371058905,0.0005045773633461758,0.000400926254179811,0.0009101983776573143,0.005749395523180406,0.007919988609155305,0.008200835711761053,0.007595617478531976,0.003128947099720976,0.001979535332367874,0.0015152556711079876,0.0016390706251667878,0.0016034691277575202,0.0014685882849085777,0.0006743901700504617,0.00038348605338015717,0.00015753000854543242,0.0011105874617488153,0.0006610724619049663,0.0012443469091253762,0.0015243537676522232,0.001454500620532552,0.0015074319848763533,0.00148364988071735,0.009268692040573427
WT,241017_175114_Plate_1,G11,0.0,0.00025227459066485614,0.0003185064757354743,0.0003053935988192734,0.0006443925402172326,0.0026371369388565034,0.012231097467188782,0.04210019684094659,0.15687419817560483,0.4058805042069154,0.8870180672219646,1.2790522531872013,0.700059011391409,0.11194500839694434,0.011894409310698894,0.0018681349110100012,0.0,0.0,0.0,0.0,0.0,0.0,0.0,0.0,0.0,0.0,0.0,0.0,0.0,0.0,0.0
potD1,241017_175114_Plate_1,G12,0.0,0.006828659081580335,0.005776348003875891,0.005013341977572049,0.004877195552189748,0.006718435563700693,0.01920938339431888,0.06057728451477598,0.20828137286819529,0.6184053303680392,1.6948379135925515,2.412882388281552,3.266979861022527,4.355208296752655,5.450683804224741,6.0329932815458776,5.537600379850869,6.18101641386641,6.343935086117975,6.340871445457801,6.274856375995571,6.172448786602168,6.034569976420452,5.950968165023128,5.805605069970844,5.719951535547684,5.736170573594082,5.765083824438348,5.803796712768244,5.697094275018665,5.633851930764267
vpvC_W240R,241017_175114_Plate_1,G3,0.0,4.76889842962153e-05,6.863709377803811e-05,0.0003035292387201696,0.0031286697603230764,0.016966218606480014,0.06719722279402544,0.2344327927867402,0.636471915606709,1.5333299472149378,2.5952350152749073,3.7050295150654673,4.174228590063004,4.658194399667158,5.129005012516435,5.495340730578567,5.770499533249981,5.986703617294704,7.042292409305976,7.908428230973299,8.249399197938574,8.416469601519186,8.501690441005186,8.620357194714275,8.697699909996638,8.779823670264722,8.81575206301446,8.873825475013348,9.002203454661402,9.016993328749976,9.063502349939926
flaA,241017_175114_Plate_1,G5,0.0,0.0003746506167069721,0.0008060743536565387,0.0005786055551573504,0.0011845179728451186,0.004651968808987053,0.023926174853799137,0.09411867919563911,0.35184039754098145,0.9605393572486409,1.9825054119434906,2.85375753357644,3.167953110448023,2.4296866679655222,1.693383804470653,1.114634731023481,0.6767311366007509,0.34842027510444834,0.47078986088034347,0.5530707021172688,0.5536346433935605,0.4902700477720652,0.45083194400189636,0.4352142315393438,0.3890077289812698,0.3402620160394869,0.3251153792906694,0.2729842263844418,0.26544359754408003,0.19058290602397776,0.13819330650497472
hapR,241017_175114_Plate_1,G7,0.0,3.6572506312067665e-05,4.5189425354275074e-05,0.00033648729776125164,0.0026860770100712965,0.014899208809588668,0.064684141299335,0.2283347702044143,0.7473466159597875,1.5225663429867686,2.2453464531000784,2.642808385757735,3.024057031800925,3.3425645775702475,3.683379052085298,4.184960895801129,4.2236590042885025,4.051512360134437,3.7526051593702214,3.553506837046057,3.2454133288222864,3.0285341871739013,2.7594758480995276,2.4942900952741835,2.1522356521610044,1.864802290591363,1.5768048874297573,1.303002954554332,1.0902251857670366,0.9102380692253522,0.7163813077041093
luxO_D47E,241017_175114_Plate_1,G8,0.0,0.0011308175885504038,0.001043162355183789,0.0034868467378050155,0.012422318534711811,0.0551485854922317,0.19013221445504128,0.43787127271281817,0.8614253989155499,0.7439075271733041,0.46095388237016205,0.3195939645103072,0.23642605183822166,0.22358546509770075,0.2350726596522372,0.22720949585933475,0.12800519991865236,0.00948623460320738,0.004746579864257708,0.008328065411336301,0.002299562259323804,0.0015783106256848068,0.004066100532842721,0.006032294415689104,0.007325629614429534,0.006408696878436095,0.008305707722859924,0.008601917167662761,0.01158070548125744,0.008904750121982814,0.008669829540891181
rbmB,241017_175114_Plate_1,G9,0.0,1.9168345589946407e-05,0.00020550496941901085,0.0004092164350427698,0.0017721107422892376,0.012179265027606561,0.057220137582806495,0.2015939355162911,0.5053413140117359,1.035793968354348,1.6047086950929565,1.8823725138789347,1.8788025465774554,1.7328730023570493,1.6266597707072117,0.9979326932129851,1.3827446188461063,1.2338549597402901,1.0427681145880299,0.8872691907905949,0.8350297370835577,0.795267814320231,0.7740210216091037,0.7774965584235242,0.7270838531258443,0.745918923298504,0.6824631072914928,0.6218060985673521,0.5564087061437032,0.4785115394477348,0.36071730471347613
vpsL,241017_175114_Plate_1,H10,0.0,8.691198116829598e-05,0.0001644706359688353,0.00015275272874131328,0.00012206364303570525,0.0001536473439150996,0.00021353069810422395,0.00033617918820252017,0.0008360729197693846,0.0036159122142002116,0.011272734358155,0.010046572540516926,0.005776749935339931,0.0011735945323109503,0.0003676579053860328,6.447670186253671e-05,0.0,0.0,0.0,0.0,0.0,0.0,0.0,0.0,0.0,0.0,0.0,0.0,0.0,0.0,0.0
WT,241017_175114_Plate_1,H11,0.0,5.9471879360705774e-05,8.193699923539255e-05,8.997700618476082e-05,0.00021289788008669867,0.003972352326115999,0.010157057547918097,0.03160949337652183,0.11703312634610659,0.38617936201335673,0.775576783946533,1.3869292537159694,1.288432704912997,0.34771304960823907,0.061362274720866236,0.014075140298609526,0.0059948846948314665,0.00585024380574926,0.0056271361308276886,0.005880671288242242,0.005942551345654295,0.005713287230990025,0.005934536123363924,0.005702038500166158,0.005939634165877024,0.005939554916495178,0.005735815456110879,0.0056922831353309776,0.005614662211248214,0.005618172992302493,0.005541433107339073
potD1,241017_175114_Plate_1,H12,0.0,3.86811484508881e-05,0.00011691692067024718,0.0012398599896935399,0.010341153527557805,0.07004727132277731,0.34473150060731733,1.025011036639805,1.88791856618864,2.868163265513692,4.016043480045168,5.1215732261815194,5.6362762262004455,4.279700689519083,5.035610050713683,5.46297755685511,5.345529304190078,5.210482338586282,5.207615985416776,5.172445979156591,5.122283795533502,4.990049012635671,4.934626609494443,4.893237031494544,4.682796484139072,4.527314547128968,4.234143998453578,4.255552031890129,4.023242065878404,3.316549179016879,2.2612899574306957
vpvC_W240R,241017_175114_Plate_1,H3,0.0,0.0022458415443859826,0.25506917131402823,0.0024869002408906735,0.0032132913139772522,0.006054418034261299,0.01405814682356586,0.04265008790404689,0.13275425089232706,0.38628179769113863,0.9805869764020825,1.8888476899540143,2.8131252051551305,3.13779601213293,3.4586590367866004,3.9250573650649176,4.309061749528609,4.618601140989075,4.855023782094406,5.572461815100227,6.27963775536687,6.680037733461828,6.8849702815863045,7.039336039539033,7.110483593228834,7.153392953678033,7.171974091443212,7.207831260064962,7.244761137619024,7.215818728352408,7.197910641877429
flaA,241017_175114_Plate_1,H5,0.0,1.427575693208645e-05,2.2809682811524523e-05,0.00013990167573221958,0.0007269158578117567,0.004188461578410969,0.02421608648063715,0.09263401391967743,0.3433314415701504,0.9963665649226562,2.059184839994516,3.034498288332477,3.7886270463274014,3.3312853507817217,2.489296113552772,1.7305579841275667,1.0821333223023248,0.6177215787393637,0.7899937512391859,0.8921612517880136,0.8703076161310138,0.816075425013996,0.7781642595444843,0.6889673080346912,0.6789401546021965,0.6489119953657503,0.5780919389104581,0.5524278458447099,0.5033908897527198,0.4175665110503531,0.3475573329325537
hapR,241017_175114_Plate_1,H7,-5.670170885868413e-07,0.00015072829157859467,0.00036554927662263545,0.0012406241276150232,0.004126566808033511,0.018959458263597975,0.08344136650957487,0.3010460981100799,0.9094913862310093,2.017530294863083,2.869647068074864,3.266979727268296,3.758531341204319,4.336207170702256,4.710912961029499,5.79350332153902,6.084989570061027,6.048024582021338,5.739062005681894,5.411861371179687,5.105086679673198,4.753486263973407,4.408312404685742,3.9753108359506375,3.580665232380108,3.0687416452805607,2.634796908585831,2.198797840657763,1.787679801650278,1.5032363821595514,1.048881084205666
luxO_D47E,241017_175114_Plate_1,H8,0.0,3.693153610652621e-05,0.00035432696225938374,0.0013447921901963429,0.004316996384894826,0.016715901575862394,0.05941514750364343,0.17820854640631953,0.4392326165878333,0.8865978783053988,0.728180269995594,0.49014839829900564,0.35130814932971616,0.29910105745886006,0.2797446066062009,0.29590584944940035,0.28408680396013675,0.23321094788690644,0.09588967884153175,0.08999834667231073,0.08580513815624292,0.07682692552921795,0.07292175006181431,0.05943619640696984,0.06402820185667453,0.05781422706275688,0.048866085061936675,0.043144803340562074,0.049144721875875784,0.04447751511612644,0.033296461926812876
rbmB,241017_175114_Plate_1,H9,0.0,5.230084021133698e-05,6.975067131562005e-05,0.00021727395069962553,0.0012486780717552578,0.005765918183331087,0.02503547493107495,0.0973620253528219,0.3124459712149331,0.7235782216094575,1.3531224037006286,2.0410941121171575,2.1506202354365658,1.9963922443417277,1.6942113418976121,1.5444238575164664,1.0180701952096327,1.2532306645144962,1.0755498053001662,0.9924788644455277,0.8618703992419591,0.8132072661623719,0.7722288152298921,0.7597592761014816,0.7483295089260086,0.7173724934326499,0.7058371272918326,0.742209784719709,0.7007359415543054,0.6842253192844112,0.6526897498650284
hapR,241017_181052_Plate_1,A1,0.0,7.053453798617025e-05,2.5956299246418213e-05,0.00028151975263325334,0.0010306917794600887,0.005153910986601093,0.01984128318904863,0.06569887446023637,0.22943445067739934,0.702379112281668,1.5685539901844319,2.348499989839555,2.658026942156541,3.0465997023787237,3.479950035271061,4.004257926615337,4.727778366397019,4.893169819993486,4.726483291055734,4.601723697740768,4.286205826541899,4.101815253208498,3.8770733022159227,3.705575366082021,3.507274285851503,3.2407120013582187,2.943381562345693,2.6412668682459035,2.3651680408392908,2.044250979476312,1.796079232969086
flaA,241017_181052_Plate_1,A11,0.0,9.150997011352272e-05,0.00016344642632067031,0.0004992369782297085,0.0017462968444848124,0.009577258370003647,0.04394421292152115,0.16751634018663775,0.5699858306201485,1.4871843362705088,2.6125617389850135,3.376741124279966,3.6234474594327772,3.392767355602433,2.614216412576239,1.9361760895628364,1.4559208229569018,1.273933211259841,1.5418474166425695,1.7497184783441555,1.687370414877968,1.6008717543464779,1.5499720498938672,1.5177149432755621,1.4072312734166996,1.313675004011408,1.2424129566999031,1.17142657685841,1.1068446839809336,0.9908446552516395,0.8422138105827336
luxO_D47E,241017_181052_Plate_1,A2,0.0,0.00021269417908065575,0.0005220396870956308,0.006844741021539998,0.018538764424810374,0.08388216026542022,0.30230633047419964,0.6497620703806264,0.966887868067,0.7141430644031986,0.4435064655297478,0.311114815669846,0.25616639070916364,0.26780880704873095,0.27819341866347047,0.25326877248817026,0.14617137855769624,0.00448603197251384,0.004951998274626152,0.008526865662356768,0.00693525384717399,0.00810856736184569,0.008278456635843817,0.014361155664699627,0.010334398270123092,0.011979566616925187,0.010747483499482445,0.01062313219095749,0.007418962648023351,0.005441151541446803,0.002969673832157152
rbmB,241017_181052_Plate_1,A3,0.0,0.00046493713018217793,0.0005522125015328617,0.0008416285689451615,0.0008268912937079133,0.002230643251753168,0.011812053486840092,0.04235224532008401,0.14516717185477154,0.37662509666442656,0.7838522250932397,1.3669711830201567,1.8160845857855437,1.9301935971975033,1.9081640078496735,1.866829804101394,1.4568936843558007,1.727835951773268,1.7265916361626326,1.605473167400017,1.5081234273733093,1.455287229164837,1.349725447496898,1.28361949203473,1.220556645958284,1.2142947410044724,1.2001626702237675,1.1375363310800644,1.121310939707696,1.082798548970012,1.020408286043956
vpsL,241017_181052_Plate_1,A4,0.0,0.00011746194909828088,0.00011054012083203965,0.00014178383851946437,0.00012359134373547884,0.0002877668777445436,0.0002137395954621397,0.0006439719834765317,0.001977655884791518,0.006966565043870936,0.004357855961754538,0.0024819360194856506,0.0007352589117222146,0.00023391422763330226,0.00013841730471556604,0.0,0.0,0.0,0.0,0.0,0.0,6.147166762497162e-05,0.0,0.0,0.0,1.0702015086209373e-05,0.0,9.269521985576544e-05,0.00017259315590328374,4.1718646846621055e-05,0.0
WT,241017_181052_Plate_1,A5,0.0,8.140780730830471e-05,8.961132211731192e-05,0.0001590399734341805,0.0004514108323134979,0.0022999929479475,0.011895441224590762,0.04881122977673472,0.18917589845451235,0.4655834640647419,0.960499030348006,1.0519750870762683,0.3642768659357867,0.036523298130496915,0.0024218653224329302,0.0,0.0,0.0,0.0,0.0,0.0,0.0,0.0,0.0,0.0,0.0,0.0,0.0,0.0,0.0,0.0
potD1,241017_181052_Plate_1,A6,0.0,9.668760976946755e-05,0.00013701595495007026,0.0001690930751874818,0.00016156613609265898,0.0006348514830986098,0.004111514775652252,0.02387335397045011,0.1220288736233668,0.5002334004363913,1.3410611828007857,2.244728374798805,3.0595151446746023,4.042773126191872,4.726889903917857,4.836368076345465,4.009404120651583,4.7621906549388076,4.7376584570525715,4.570018929219218,4.398725637058688,4.281093739834548,4.239608527559512,4.2248875368998835,4.125703758858231,4.087868833300368,3.9804284065814577,3.8501291811598723,3.646340298587233,3.2583979889326873,2.742688020185966
vpvC_W240R,241017_181052_Plate_1,A9,0.0,-4.851633781110686e-06,0.00014084208166697564,0.0002938244329842922,0.0006910853062819674,0.003934872116778646,0.013891030274775566,0.053014037833958624,0.16473201848698035,0.5031280426257457,1.2224245906707776,1.7780524396141273,2.6165653375032702,2.565956548503001,3.2356333532086086,3.9471417936474418,4.499450598226596,5.402850348639808,6.084950781334048,6.6006770012198315,6.715054256741984,6.790280311319381,6.8689277991247755,6.8752991819166285,6.958774528688579,6.910631699567433,6.906012162815598,6.9436492658658695,6.9340440401549435,6.931869865130663,6.864679430363859
hapR,241017_181052_Plate_1,B1,0.0,0.0001263462863183055,0.00013604530718369382,0.0006933597301023531,0.0024072599623059677,0.012052859254094035,0.0460898789002429,0.16427226506889622,0.5372766347011935,1.3279394246036493,2.1767828305211077,2.472042687161233,2.8411306660338607,3.314612885892364,3.6868295768585284,4.433907948708123,4.575492821121321,4.485086330100941,4.208793559059435,3.88950248100514,3.6620070654139907,3.36080959095302,3.1792041150938157,2.92615201108438,2.6246552615316334,2.3122152758185357,2.0277125363263777,1.684782270508862,1.5336219995782423,1.3108973298970292,1.0875553175628132
flaA,241017_181052_Plate_1,B11,0.0,9.868973672646175e-05,0.00012188374359506196,0.00041620859128365056,0.0015114527039361732,0.009255800139022196,0.03752624085593903,0.1471626311633523,0.5117760762459306,1.3135145658113696,2.335983402660404,3.1493264293672016,3.2570853917871463,2.9270404735635425,2.3286356139825304,1.7133175987735463,1.214759269448602,1.0089412683151602,1.3390382169346078,1.4646422675867499,1.4796684185243172,1.4151807555025533,1.3358654328219688,1.3151156039559793,1.2038014540770767,1.1457415512555165,1.0653095145006342,0.9791807512948681,0.9359524538819417,0.8370642058135984,0.6992580910564112
luxO_D47E,241017_181052_Plate_1,B2,0.0,0.002328952210247217,0.0022975283924878023,0.0038382399013239307,0.009051124733406744,0.038508732559467115,0.14647560924372985,0.3502791512800827,0.6804369647623294,0.893222925996271,0.6147700910018505,0.40892801410683577,0.3074204836844186,0.2693711902205928,0.293884294690359,0.3325110787340728,0.2961892479139617,0.212306325249425,0.019606182039745196,0.01960745671756626,0.021664420234170083,0.024831292409800587,0.028733216311849552,0.03796613578335231,0.035225574455438634,0.03622216385491007,0.03445263550555801,0.036356622970668794,0.04296419968389278,0.03589722132621207,0.026310939895787762
rbmB,241017_181052_Plate_1,B3,0.0,8.47184251559496e-05,4.878393321328009e-05,0.0003907684964284938,0.0015297237325168679,0.009677741236013514,0.04379646331660293,0.1438352070965871,0.4176295761702515,0.8184830680484194,1.4721742358406569,1.9095314442299092,1.9772110182193396,1.8433957284513522,1.7165169999781467,1.2443240371518818,1.467688185811322,1.5368522311330792,1.4339302898445128,1.2823819310127584,1.180107828341854,1.085851689923056,1.0523488632746905,1.0250161193005816,0.9726037213729111,0.9843034045864646,0.9762130124182932,0.9112606203210533,0.8846950237386243,0.8562048375268896,0.7572475053982546
vpsL,241017_181052_Plate_1,B4,0.0,0.00011032206130930303,0.00011577468628868172,0.00013549405249620888,0.00010334936630902713,0.0001635739141659113,0.0003493054271663941,0.0009815587677671335,0.0033791586651274806,0.010295070513593466,0.006868273740935373,0.004230939648342432,0.0022176769159724086,0.0015673166966709221,0.0004490253590428564,0.0,0.0,0.0,0.0,0.0,0.0,0.0,0.0,0.0,0.0,0.0,0.0,0.0,0.0,0.0,0.0
WT,241017_181052_Plate_1,B5,0.0,0.00013622733331660942,0.00024576386940289833,0.0019778070939496196,0.0003976067684266534,0.0017702722235075556,0.0057893158109531915,0.020036361059821435,0.07236533246101425,0.2259600307108074,0.5612697361595389,1.0760286454470085,1.2111398799587823,0.6166157656348891,0.12888525594439854,0.018536099371758468,0.0019016353969593246,0.001263547863996831,0.0018570703597621686,0.001362347165501585,0.001062557922461293,0.0013714814425652957,0.0011690912279858213,0.001233747421338597,0.0014462791492180383,0.0012655523717791362,0.0013670521043298886,0.0013704158894843406,0.0013956260206902053,0.001277106463512288,0.000953930627573946
potD1,241017_181052_Plate_1,B6,0.0,0.00011926344470883275,9.570311844018659e-05,0.0003017796397512308,0.0016784754910105627,0.016345874508534187,0.09130811491586709,0.34547728076060125,0.985302481814632,1.8437889658903792,2.553564419635759,3.5230389607753247,4.59366935233784,5.200496916473847,5.202743987554002,5.192556262167238,5.992557036827158,5.966962830347088,5.744291461726913,5.635621499239889,5.599033029360357,5.445996788463385,5.390699445528106,5.398413052027657,5.3408940513161065,5.314150561606499,5.2720868622825545,5.280753133292131,5.2095988918907805,4.842505054847559,4.219988119419763
vpvC_W240R,241017_181052_Plate_1,B9,0.0,5.3123567167379576e-05,0.00018816840808521753,0.0012327390481913776,0.005579346145367818,0.037230597191533155,0.12501618074393142,0.4168100171831692,1.2580056236827082,1.9148844891843368,3.970670232907427,4.627913110548618,5.5099058975591255,6.0983415861667645,6.431540362279327,7.016429557453018,8.333922509110108,9.230633611695627,9.631670259929962,9.908809026482299,9.912227115854524,9.907696860051855,9.919318765180105,9.928145206881256,9.87004838789195,9.8275453059193,9.767258930169152,9.770579378952773,9.775424625969356,9.725227331860639,9.659157423163716
hapR,241017_181052_Plate_1,C1,0.0,0.00019171803136816765,0.00022705008087916322,0.001316155208716128,0.0061991173739424366,0.02777753363760424,0.11310778074067394,0.38999882108184863,1.0037960774356467,1.887550207036572,2.53028095124978,2.9371242719128494,3.4575747581133105,3.9047067925783483,4.645671392284921,4.92665786679933,4.886859964147876,4.683271980430139,4.397785612323491,4.109013103393463,3.825765379850417,3.541915962899391,3.270008993091113,2.976021941712818,2.6105823101210137,2.256505033572277,1.9582633269842105,1.634634666096948,1.4491325951042566,1.2330958376024677,1.0033894645735235
flaA,241017_181052_Plate_1,C11,0.0,0.00012945789793341423,0.006552996961737812,0.00880507981292604,0.010894573027270864,0.041796662345685145,0.15210813366375178,0.507849279407092,1.2772746594577224,2.3573645514965316,3.1076734892865403,3.009573454901253,2.639488940130847,1.9829345623935308,1.2469749791324243,0.7121669125178572,0.5620769429433918,0.7973973488699276,0.9156363899869604,0.9682661385399435,0.937291066225405,0.8931538419359794,0.8026655936419258,0.7581058062983349,0.6690333131004516,0.6029461501077338,0.5264987187703116,0.43197915139363446,0.41117100568294557,0.3467082209481404,0.25398072619644396
luxO_D47E,241017_181052_Plate_1,C2,0.0,8.706123082691443e-05,0.0002836856148320791,0.0026449536029910124,0.010638029737201987,0.053054585429074624,0.16353641616726125,0.4150710115493225,0.9196176515486466,1.0517707774884748,0.6984329612056094,0.459804893399933,0.36056398223852487,0.33533101918543523,0.3472481533399745,0.39523726541118864,0.3478706789694273,0.18352581210396515,0.012621647114944576,0.013435126303458493,0.017272530508347376,0.016861799353452948,0.022904202913918127,0.03616131905524566,0.03281526636796328,0.03115787823462054,0.029642944376192245,0.03136538722361892,0.031179424703686138,0.022302841216430364,0.015720996810929918
rbmB,241017_181052_Plate_1,C3,0.0,0.00010013926476594984,9.931557946084242e-05,0.00043777860109389644,0.00033050019756266215,0.002584891466209073,0.011444490172446196,0.04806703728617236,0.13557505405847922,0.38587908376484803,0.7764108084536937,1.286938737030272,1.5992061797854291,1.59816998575817,1.5231990673763323,1.4657183203748356,1.0243963690714213,1.2633517134171257,1.2499322183018686,1.1443739142439344,1.0064743052793053,0.9144896480878115,0.8624524976551038,0.8302936335194401,0.8128718105511203,0.7827450075693401,0.7758479706498076,0.7296853729180467,0.7401569247829111,0.6577058010345486,0.645252747115104
vpsL,241017_181052_Plate_1,C4,0.0,0.00014386976918986754,0.00037009668640542413,0.0005506797449231579,0.0003442409770284005,0.0005496788620128726,0.0005934807644452775,0.0005190098193787742,0.0006072224066258055,0.000989460098329841,0.0034521157798079612,0.010865676094442776,0.01490292851475171,0.008964770326813346,0.005046079328756622,0.005241707531312719,0.0017631500782173148,0.001144689440474773,0.00025068881387799906,0.0,0.0,0.0,0.0005488076538295045,0.0,0.0,0.0,0.0,9.548906485666726e-05,9.989505629106024e-06,0.00038407191028719186,0.00027646439778296507
WT,241017_181052_Plate_1,C5,0.0,0.00034293014543870803,0.00036222701546918535,0.0006231552774950613,0.0005226918727257993,0.0018385351665753248,0.00673679667575594,0.030561955652934826,0.10775553831163191,0.300814649788824,0.7055054836761635,1.0042063016620058,0.5905772944766796,0.09810603995025707,0.010052057132757504,0.001617222406556142,0.0005383227934186594,0.0007366793147779107,0.0006586359279566553,0.00047633867521491814,0.00029576053216517217,0.0006999655840610824,0.0006241119880705715,0.0005249513829494328,0.0006451486863234161,0.0007664854419909607,0.0008017345638787601,0.0006222495607201052,0.0007859364503971983,0.0008055343209490315,0.0008008034337999213
potD1,241017_181052_Plate_1,C6,0.0,7.254545928385016e-05,0.0002474602007493567,0.0019357678047728262,0.0014049710944219116,0.010167182743201887,0.05582441953920539,0.1955368016023701,0.607461291682303,1.3643627080079446,2.3026484375718947,2.977165005370616,4.14280624360013,4.780482281671071,4.971792295757689,4.534074485961765,5.187578264076426,5.297485185691382,5.090696730735199,5.115258688937823,5.013471719176081,4.939235111522223,4.881739852186667,4.8957392387702585,4.825374481717159,4.752590110625965,4.694456843608723,4.753161241192171,4.679499442345869,4.384688398027736,3.8699330332273867
vpvC_W240R,241017_181052_Plate_1,C9,0.0,5.633285481596146e-06,8.678428600399699e-06,0.00013321863889451403,0.0006905012684324738,0.004315905953526911,0.015898190403480852,0.048709461532565314,0.12601495702507906,0.3448729457065592,0.6851510323168962,1.0469475330428855,1.3567756330108813,1.6068280308825424,1.738238018315148,1.6517711244135114,1.5784132151799544,1.5725129147895474,1.550137437000451,1.5016134751981793,1.44097612834599,1.3585801113407836,1.2823299674940298,1.194220437881954,1.0615240022559602,0.9185477514551851,0.7136323238722719,0.46794502876659905,0.26565259521766904,0.07977176568145228,0.02081177045034792
hapR,241017_181052_Plate_1,D1,0.0,8.814390444943272e-05,8.87065282465494e-05,0.00030820412297277613,0.0009700236691347783,0.00510473931993539,0.0178571528638303,0.05791281998148326,0.1937571547454458,0.5799602180085289,1.335701048872117,2.2520641255958918,2.659463930736876,3.0102065136763945,3.492258300235489,3.932258024088733,4.756536529210486,4.996557827899839,4.958650875688602,4.828952407395381,4.563459287347286,4.294041416900088,4.01885425833171,3.8136033082604293,3.5379903430977846,3.2358909638574405,2.9210974386963433,2.6029674811210257,2.3305006161019435,2.041362088718889,1.8066007420392147
flaA,241017_181052_Plate_1,D11,0.0,0.00014305745968210337,0.0001633669027426521,0.0011483741689064172,0.5092251623670127,0.5252796158322124,0.5487393054174832,0.6453945934770389,0.9606176034737535,1.6690953736703444,2.7139336693680822,3.4601938665868843,3.914737557375079,3.3559969799687925,2.675347914434716,2.0595013693820863,1.641830978108257,1.447626455586514,1.6379769168202152,1.7487299008231187,1.819012064638599,1.8192188486796657,1.8030727066891419,1.7740555288074187,1.7052807082977592,1.662043649982705,1.6091655198228263,1.561104682045259,1.5285386700305486,1.4602698417766167,1.3573600052459525
luxO_D47E,241017_181052_Plate_1,D2,0.0,0.00012150048422166473,0.00041337286783303467,0.003424144827520819,0.017738051408870584,0.08299812505130293,0.28182667177932924,0.5797371828284006,1.0975113137444363,0.9605170202920704,0.6146839532771115,0.4286497945782318,0.34425060064531815,0.33707691316217636,0.3669636473625153,0.39382181126203797,0.32585241860495995,0.023825696669187355,0.017942727483257193,0.020430355547795643,0.02028332554064,0.024759279131850886,0.029123659624991728,0.03347394442850269,0.0351760151690116,0.029148686379146947,0.02715808769931932,0.027485294687147496,0.024567380599148037,0.018558457060234845,0.013132370257821241
rbmB,241017_181052_Plate_1,D3,0.0,0.0013763187980822512,0.00027946849774722695,0.0006677476674324492,0.0034024137776164955,0.021701777790877643,0.0950032694898149,0.25979470829389995,0.5679534350806877,1.1585352103241047,1.704374122120302,1.9094376156368895,1.8177265527248276,1.6426876070804504,1.4507727563614228,1.010376250582031,1.3082465216707178,1.164028563466811,0.9859581450548055,0.8997061273252085,0.8324480797946533,0.7511438316996705,0.7433417467763367,0.7950027134344652,0.7522860928320823,0.7332823585741801,0.6836144637116098,0.6362557018923597,0.6136954426331901,0.5372460049823032,0.4632109649545036
vpsL,241017_181052_Plate_1,D4,0.0,8.558073199524719e-05,7.61417026040019e-05,0.0006332120574897141,7.266312288082705e-05,0.0006055370364385747,0.0010347356380018648,0.0003022082217457893,0.000755880604034943,0.0017877277525420775,0.009563295097062415,0.009108807583051224,0.009387987439168036,0.00417067895340463,0.002362811960060903,0.009744674528271295,0.003982109296001951,0.0006408402619127979,0.0015832462905615192,0.0019827093202685916,0.0006577906012169782,0.0014593758284968698,0.0016798878019352859,0.0010976328963403805,0.0018954235160878927,0.001317815098722361,0.0018341102422295393,0.0018719050415181146,0.00027735999605034905,0.00102916530929924,0.000808076922002495
WT,241017_181052_Plate_1,D5,0.0,6.185831298672564e-05,5.202059165891479e-05,0.00012133442834392596,0.00025290609120320645,0.0011548605134597825,0.003697361518758672,0.014591374115801808,0.05328266314371027,0.18198733081317606,0.4529240608054815,0.9124940684004229,1.2184892068103113,0.6421246369156063,0.17763148383997054,0.062325134647144946,0.017884013388492,0.0,0.0,0.0,0.0,0.0,0.0,0.0,0.0,0.0,0.0,0.0,0.0,0.0,0.0
potD1,241017_181052_Plate_1,D6,0.0,0.0025833818490813257,0.0010360605405366546,0.0030946613426816767,0.00405675271714928,0.017557927929890436,0.06589291172309229,0.2676133252401806,0.8068324726376288,1.721877936432201,2.2225255737218803,3.0490540925168683,4.089914537385809,4.7174823000831765,4.792953526165926,4.501657141774769,5.018872715022309,5.074069742284368,4.991646038153353,4.969146904577732,4.871800575283913,4.789333066642259,4.706646602324519,4.6988938058352945,4.526911946893774,4.391615797157696,4.252370687506709,4.13202799328367,3.8922644389973806,3.433630476949266,2.8933071214981148
vpvC_W240R,241017_181052_Plate_1,D9,0.0,8.428109563468617e-05,0.00010438525938926663,0.0004887952067443676,0.0022568828892747432,0.012456776299692126,0.048502420683375305,0.15686656080901693,0.39404839092928684,1.102040833898834,2.397047693017822,3.681671211187265,4.453906212550339,4.909946613182994,5.628495742585413,6.334011859722938,6.635033112984616,7.081760875286573,8.470839358862747,9.19773341473486,9.58935109002488,9.682568426208917,9.75004609818671,9.89334503106968,9.85731899773134,9.847172401770596,9.841291228235217,9.813073766900413,9.872455295278105,9.851885232098528,9.823882446304417
vpsL,241017_181052_Plate_1,E10,0.0,3.115396525459376e-05,0.00015768036836416786,0.00020067816042316662,0.00016001491471137082,0.00022646820984821117,0.0004033555854627849,0.0010514686935578482,0.004281292030481948,0.006663662537350782,0.015259152145444684,0.008143831664838704,0.006620305768999017,0.004242222754003656,0.0004426901032687855,9.144175545573233e-05,0.00010159824922956691,0.00013287689683440725,5.012677620306863e-05,3.901712570364043e-05,9.981093825520852e-05,5.9654444523172126e-05,0.00015307086986736685,0.00013264838441852102,0.00015142284386142026,0.00026080031941624974,0.00019582852626780881,0.00015631602839437917,0.00015615092217168025,0.00021189858216405025,0.00019664272839794108
WT,241017_181052_Plate_1,E11,0.0,7.426699661513323e-05,0.00016573286127099637,0.0005061647986854969,0.0029963917079315304,0.019038794585692822,0.08566475640313723,0.2799720690513741,0.6196045708028405,1.1459056008197908,0.986467748674769,0.17063122878040504,0.027788207894006125,0.020966830392759338,0.01720133580629116,0.016468944451526527,0.016698100894034874,0.01596295420211244,0.015891857140644824,0.013909065695278422,0.013631274876850147,0.01246125439134472,0.011619167847912745,0.012172299776029237,0.011315256834491142,0.01121278704938034,0.011176365103518354,0.009982177234791641,0.008672239123361953,0.008052468429804257,0.0056853660352768004
potD1,241017_181052_Plate_1,E12,0.0,8.206179193287968e-05,0.000163833852138362,0.000316567005947974,0.0007279031646675993,0.0035816451827532475,0.019440760825832338,0.07214977414239661,0.2680990537299175,0.8546848544462425,1.5956066527989072,2.3685259408075803,3.28413156732142,4.307519563245622,5.145199907924145,5.432112430518421,5.224157371159792,5.728351970023224,5.786836943790781,5.791775551260574,5.753839775012565,5.671444226147167,5.552812917309282,5.379322310642515,5.300533043352303,5.266196994722163,5.204074842152069,5.304654345593806,5.252328687284915,5.209052505857303,5.1507630807754134
vpvC_W240R,241017_181052_Plate_1,E3,0.0,0.0004102535185356648,2.476796245652491e-05,0.0005885530579453074,0.001364720701207113,0.007704604171037917,0.02929272831678291,0.09047702631407593,0.2658837292164822,0.6480825185024423,1.4346858006180991,2.8517819835851372,3.670233820020627,4.451738056466453,4.864564471388893,5.203664885434172,5.712592712145757,6.0873744079990715,6.395601402945343,6.7250182781774654,7.809848687670015,8.578229962130624,9.049083643842271,9.34172653207652,9.553831985221885,9.65581691124545,9.767674905827443,9.820719158742175,9.902857631975666,9.935115139856665,9.97246065868344
flaA,241017_181052_Plate_1,E5,0.0,0.000307612501258387,0.00044782728895757605,0.0035241397580961383,0.019409244985162024,0.1407824272799668,0.5686387917601347,1.3891252975570119,2.4894650451464764,3.134872813415265,2.7168670334072997,1.802569322640918,1.033091062855077,0.5842191533536912,0.3197030745242141,0.15899534633502016,0.15208280061240767,0.16992909932039546,0.1584053363591141,0.13737115937352332,0.12289009705339358,0.0883664781774643,0.06809100200386826,0.05783758322656739,0.050424475670004375,0.042235927959441755,0.03656000430409969,0.030975276958511825,0.029414910800452825,0.021555797085663894,0.02912312661438135
hapR,241017_181052_Plate_1,E7,0.0,0.0004055864054038772,0.0007384189223057967,0.0022782096001388707,0.008434759155060869,0.04247322134059066,0.1798322960193466,0.5227790804843861,1.2724502112240546,2.02681912494067,2.178045671092731,2.4838829460715273,2.8476366055820614,3.1824957398406646,3.6734434534238964,3.6807885001400344,3.5066643665583186,3.209737597814835,2.9878437425392392,2.7461428919717026,2.531511356420396,2.326540086446056,2.09235087348932,1.8584428119260652,1.5024083765927838,1.15296561726975,0.8391358582198465,0.6592372201019429,0.5157694626286534,0.37350287165109103,0.29268193109426477
luxO_D47E,241017_181052_Plate_1,E8,0.0,7.231853854331234e-05,0.0009892054302740902,0.006374836593605485,0.025919920101910136,0.12502542316129087,0.35459413633572945,0.7372505122212321,0.986946120681803,0.6257505108384084,0.36041577586290796,0.23553110227885793,0.18901933912717186,0.19857817887080095,0.20769517488787165,0.16044484093595054,0.07462097049966145,0.002746962671653266,0.002553925087919547,0.0019968809154245456,0.003672365528076577,0.003232765060602753,0.0033523890933428355,0.005632893982962121,0.0044704542860049025,0.005234758731505804,0.004993276435351659,0.005212128184398264,0.004633942082509209,0.003156505420205601,0.0017262180605955569
rbmB,241017_181052_Plate_1,E9,0.0,3.830963671159622e-05,0.0001463009930952095,0.00044833328121330354,0.0013695023480868732,0.007109153073016344,0.0318921515114148,0.10178738439985811,0.33209668806341924,0.7167966145912449,1.3208168780507155,1.7729433623769733,1.9855426361430502,1.9545394754400098,1.8595854743211697,1.7128750060232945,1.3379416328720697,1.5235535829654958,1.3449164478769062,1.2532208335785204,1.116809307310454,1.0137731064700886,0.9368555624493942,0.9459629549126818,0.933514983654014,0.9374840735806824,0.876410754812674,0.8656211353865829,0.8204872414451473,0.771640062543757,0.7061819456992515
vpsL,241017_181052_Plate_1,F10,0.0,0.00010155563513158258,9.953466889115744e-05,0.00014671275549522466,2.291496076671436e-05,0.0002034365271143059,0.00029751485934617546,0.00042700787445292866,0.0011498764295514619,0.004821151191874548,0.00588469662182303,0.00807966273814932,0.008374492842445368,0.008571865267050319,0.0029814363129821416,0.0030303729065869296,0.0,0.0,0.0,0.0,0.0,0.0,0.0,0.0,0.0,0.0,0.0,0.0,0.0,0.0,0.0
WT,241017_181052_Plate_1,F11,0.0,0.00017337797222887375,0.0003962494706171248,0.0008081272135933367,0.001137958860695672,0.0069008937227822776,0.031489989321326926,0.11583990485169857,0.30438283147132,0.6971725950872586,1.042508965765542,0.6564740583216236,0.12799161048878666,0.01361747077144376,0.001138300602755779,0.00016059414409626136,0.00015178478281040224,0.00015435023577422568,8.909010194238939e-05,0.0001501870082690279,0.00010743622683605739,0.0001302318601031617,0.00018025930640169137,0.00014981118563087213,9.588754546154792e-05,4.188407608578776e-05,0.0001026816852512017,0.00015543735003721189,0.00011510307285646602,0.00018752225477086537,0.0001459637384895515
potD1,241017_181052_Plate_1,F12,0.0,3.84660957232635e-05,6.387312920761115e-05,0.00027339042460844897,0.0016536353908846533,0.01166855526015299,0.06168933056641343,0.24093109496835324,0.6726856395696454,1.7196277221276193,2.406246907760665,3.398068370161017,4.587299975859452,5.538406917863568,5.7550356715915925,5.408797463011052,5.916288702404994,5.952554155816755,5.866872533005093,5.904043770068926,5.902336798573394,5.78848653472123,5.735239644146589,5.652662457035546,5.582335151167117,5.56501464702875,5.525097435603277,5.638898076635754,5.538006323941838,5.230877518108877,5.2492008445938785
vpvC_W240R,241017_181052_Plate_1,F3,0.0,6.630369102950986e-05,0.00016857727874662476,0.0011253954595356842,0.005491727360029141,0.03016744420485795,0.10998936103520927,0.35383582341100445,0.9669063930279882,2.0991363593802306,3.3737993337241976,4.058159076010726,4.533641791024605,5.060967177819374,5.605300752623215,6.045808274414305,6.364136923899715,6.989936589418002,8.143774150519391,8.839623180614169,9.11008961735499,9.286938123990048,9.37870021414122,9.470861560671814,9.484211570464089,9.502183457707236,9.460050206183192,9.47602714907155,9.476237811985316,9.447950129679255,9.392443461372519
flaA,241017_181052_Plate_1,F5,0.0,9.247922014818562e-05,0.00028101265690512033,0.001365534729456745,0.00561123275276636,0.036460968658868824,0.16023748175169084,0.5466273261106003,1.3576362746100035,2.411225641499747,3.1996971358363595,2.749822805251032,2.0381713815393008,1.5054515528556212,1.0211095594768875,0.7012077596040223,0.43385371694056063,0.451913828474452,0.4841372022757084,0.49081877450458494,0.3930941882456071,0.348764993196194,0.3429473863590789,0.367496571032647,0.3164393040959635,0.3080233273787854,0.2780713411768719,0.22458044944640065,0.20704235392510606,0.1724891954272689,0.1244806622417191
hapR,241017_181052_Plate_1,F7,0.0,5.359924603297316e-05,0.00025296749777064094,0.002232561153670926,0.00896542572254506,0.05004801769925154,0.18664247962900424,0.523585016603045,1.2665120583862854,2.136805429691702,2.4528753714788647,2.784227603555887,3.176288272858854,3.4344582150075715,3.8874904829859007,3.9410777780783377,3.7503888517631885,3.39418789241236,3.1568802664378706,2.900805383685819,2.6210654986039716,2.3345276216106186,2.0647645983704237,1.7466639329716864,1.3759806005092652,1.0891596326860815,0.8352890865373922,0.640410442691603,0.5350929631265152,0.4103644676702474,0.30454516229372647
luxO_D47E,241017_181052_Plate_1,F8,0.0,0.00039519523314410893,0.0017204879624640485,0.012085412358825457,0.04850356160696541,0.2527757276419998,0.5218946105690183,1.0339582584115163,0.8421133945938393,0.4304758675287229,0.25945746037595346,0.19793025331288855,0.18767920198547566,0.18127143804280055,0.1704875700486408,0.10061511550573021,0.012900758087632441,0.009708128190974516,0.0092283417329481,0.0100592062964024,0.010179548990625438,0.013213148450525854,0.010949225006041756,0.010544242607994055,0.012745643974757484,0.011896311295863167,0.01049390219685821,0.008517502197418305,0.00894308475334755,0.006320110782499103,0.004759388838185741
rbmB,241017_181052_Plate_1,F9,0.0,1.852644900399459e-05,0.0007055884781764751,0.0016965291020888294,0.004726821689260067,0.02229982639606449,0.09558605004953749,0.2325078085824531,0.5357961759957955,1.0716462549466688,1.4556791290615543,1.4936665344427142,1.3283811479513998,1.0682499675140928,0.8946372432344585,0.499303741654093,0.6700032319062693,0.5719203849396609,0.5345909834977164,0.45136831853118686,0.3851100169999538,0.33511012407300217,0.3294451308134143,0.3485978806600306,0.3474415953965026,0.3314080075913328,0.31407277042442605,0.2992288796896785,0.29073825473620074,0.246639819173754,0.22383852141496846
vpsL,241017_181052_Plate_1,G10,0.0,0.0003419451257802147,0.000639930265002451,0.0006446148063105329,0.0005344001830872498,0.0008903298219805726,0.0009322136887409889,0.0009279263306217472,0.0019522478642009455,0.005692320586515647,0.009767115813142024,0.006272993179558277,0.0037506275361883393,0.0014048168089164973,0.010489106438907084,0.01067807642272303,0.0082812434052459,0.010891253916029554,0.010297730216476137,0.00984248765983117,0.009957466140621494,0.009097198384574916,0.009667149907234824,0.009955304672249156,0.009986312246841817,0.009987889209224854,0.01039015439007057,0.009988892365957066,0.00974616789425998,0.009694135492102471,0.009315305390063528
WT,241017_181052_Plate_1,G11,0.0,0.0001565068689311151,0.00048417239301387443,0.0007724668643224458,0.001509945226876121,0.009989178600011323,0.0461314222956084,0.1676626004381942,0.42905842712924247,0.8889407174149214,1.0795467829839902,0.38828284792657364,0.04995102247481399,0.005164255271315198,0.002064038914790342,0.001922764954087014,0.0011897483651697547,0.002062820480623397,0.00021402776895274638,0.0019779855220937222,0.001052468840819863,0.0,0.00010163125308605669,0.0015322336306608615,0.0008625666568912294,0.0,0.0021064449580684317,0.0021881322782808885,0.0020566669834737802,0.0019021157752798232,0.0011069682060132267
potD1,241017_181052_Plate_1,G12,0.0,0.00013531059519302202,0.00013752666204243922,0.00019950500206340286,0.0005281368068368978,0.003284027506529732,0.01842980889704025,0.07361887042587438,0.3049852939661286,0.8826277517834403,1.6638753472986079,2.4608776196088327,3.408143073222618,4.48937950652923,5.245334411039472,5.4358287918256885,5.251261997292996,5.641681903444757,5.694995671134878,5.729213347270617,5.663240744776719,5.513273160323583,5.397484797664785,5.327773430029933,5.265970281300683,5.214565520871961,5.108592779329393,5.200363831014041,5.204096911600177,5.1272403929473604,4.935544899167109
vpvC_W240R,241017_181052_Plate_1,G3,0.0,0.00047942792981032166,0.0006389778345623315,0.001114222032343849,0.00246463437469385,0.012121800197358546,0.04757094618739172,0.1338869352218019,0.38262749165932647,0.8587459004066972,1.6059582939957149,2.501562379688679,2.991282296308799,3.356869391940239,3.7977696161534316,4.211364984149671,4.5310790599593815,4.818231337012657,5.778947851740207,6.505732229142928,6.812609911407258,7.006607716765051,7.156338221843806,7.309106954278854,7.489369537659204,7.4855949932614685,7.565026949631451,7.688823846869072,7.770121273498276,7.791019435806402,7.761187560903892
flaA,241017_181052_Plate_1,G5,0.0,0.029144632288406504,0.02946678938524473,0.02398638432086648,0.017448156501311443,0.02308831628160786,0.036392620246847474,0.09261358964860959,0.3020554811017428,0.8585495491956456,1.883674410685999,3.0370856301761973,3.3906423352580313,2.980235400619453,2.5562015180533972,2.030869604316879,1.3096711379846893,0.7941782523548182,0.7926123246958358,0.92807693788581,0.9948098663056101,0.8978993082962643,0.8367857963818519,0.7904434998407942,0.7015397376052689,0.6367756714652227,0.5559856415111718,0.5029835211791918,0.46218324425777585,0.39099799193797763,0.3324131706370089
hapR,241017_181052_Plate_1,G7,0.0,2.135244852201958e-05,0.0008512493101468795,0.0021748356364267693,0.006858549139573313,0.0359299844250861,0.1437127283472956,0.5028737089555724,1.2660406415992613,2.1755371104910473,2.5533321554136945,2.875246688954069,3.2943087930010537,3.6813353543133207,4.277741858806651,4.310836668173468,4.103088125347443,3.802410754213567,3.5185421435303974,3.240428709897042,3.008851182054061,2.684435645026052,2.3347863022932978,2.0094640453336,1.6027804272222994,1.2109766997970093,0.8799463472767962,0.6144064801249817,0.47878042557823675,0.33075889830847643,0.2234800600759915
luxO_D47E,241017_181052_Plate_1,G8,0.0,8.13795116007448e-05,0.00020557892882102103,0.002627226218482061,0.0029451658437867198,0.013687186820476694,0.056103506436131684,0.16020163561779313,0.3580323490320001,0.7665983974390077,0.7788811153453227,0.5186419149910914,0.38654273882032153,0.3377381940800503,0.3215240380630824,0.33650384315962156,0.3429213979120031,0.2955818699511653,0.08987828887459963,0.053636650403661564,0.048710493446457184,0.0553975783559628,0.051676214640458074,0.0595804677331119,0.06271146368014276,0.057298426609272916,0.05050449413867713,0.046399436348524545,0.04697231240744443,0.04213183707305171,0.03381000661519168
rbmB,241017_181052_Plate_1,G9,0.0,4.847279010859039e-05,0.00014271706853972933,0.0010161353065045427,0.0056232545830451845,0.03885259462413462,0.15149654913039165,0.38905624832855107,0.8766184751333573,1.531396864191966,1.9763294440830719,2.053639523333081,1.8923117239045724,1.6817194992511888,1.6162130971293063,1.3682121547750181,1.273354857965163,1.0292559277907163,0.8184656799983944,0.8799563788441185,0.7854326650862815,0.7593760033526613,0.7550030090870464,0.7823330445379785,0.7987802004252813,0.7889395338293047,0.7453563530030796,0.7369470238711803,0.6638907973055573,0.5662567626609404,0.4407080394464356
vpsL,241017_181052_Plate_1,H10,0.0,2.161121480740704e-05,1.7135328093311635e-05,4.2125301841326924e-05,3.2267820332204964e-05,0.00012335631748854473,0.0009725652001543941,0.003915099763832523,0.00619671407792052,0.005881121705615004,0.004855890242002575,0.0022377082839867882,0.00041697985161793263,6.917255877855803e-05,0.0,0.0,0.0,0.0,0.0,0.0,4.8845065584541064e-05,0.0,2.8228857195282036e-05,0.00017249154281402223,3.7459143045977165e-05,0.0,0.0,0.0,0.0,7.76780304516725e-05,0.0
WT,241017_181052_Plate_1,H11,0.0,0.0022415906342946783,2.473965203599959e-05,0.0001915802444471426,0.0011894250811935205,0.007146456191751905,0.04077038686342295,0.1536219707374862,0.43377583853958324,0.897164796936939,1.2784788487990693,0.6533547090242537,0.11235768701344155,0.017616331046068644,0.0034803502279300976,0.0,0.0,0.0,0.0,0.0,0.0,0.0,0.0,0.0,0.0,0.0,0.0,0.0,0.0,0.0,0.0
potD1,241017_181052_Plate_1,H12,0.0,6.0721204067290616e-05,0.00040977946010257934,0.002953964330853602,0.023158422892995204,0.17035705267006848,0.6036048896952195,1.3856819286351374,2.215445092874584,3.2387535050313643,4.5874297174634835,5.29368188413399,5.117327866890799,4.093957994664892,4.7825089257785995,4.794368913437961,4.527165076775869,4.408112107724877,4.316985350170771,4.335674828863029,4.194685831548765,4.033347264904664,4.008291285449983,4.027091780153938,3.90973762359039,3.7847522531335605,3.7065260911556956,3.8028973521058047,3.34562246679849,2.9821609265283757,2.3419163390831654
vpvC_W240R,241017_181052_Plate_1,H3,0.0,6.0969338228858934e-05,9.030449004384708e-05,0.0002397159779063368,0.0009850112319767133,0.004291038032520962,0.015200090289678992,0.04589400586056702,0.13897556812475334,0.42383289008319036,1.0344973548394067,2.2828035229554757,2.671967878141202,3.471810154037433,3.9086648477809627,4.4638361266569255,4.998826299656946,5.436706888351951,5.784776593617049,6.773135025223575,7.644651512094019,8.076658551244808,8.316696970475725,8.459782565360312,8.522907874662616,8.520957737975197,8.482350247979298,8.495466856638544,8.482111496677033,8.401067801823965,8.369486421580476
flaA,241017_181052_Plate_1,H5,0.0,1.351040652849943e-05,9.55065264715193e-05,0.00025102749965392833,0.0007464598922856279,0.006197176867559647,0.027860827078622082,0.10487543520718297,0.3958158862143283,1.0937094834835852,2.29158348506137,3.3274359708917634,3.6310927175203087,3.1210426259338404,2.137032143113182,1.3160716791988922,0.6388152897331555,0.4101837188902375,0.46345787526485865,0.6485107995499811,0.6218711700007149,0.5525941023537951,0.5065141246104992,0.4998539396831534,0.45790342318944893,0.42477413198188985,0.34857486824459366,0.33987685735601003,0.2780250622129592,0.22255174552371437,0.1522113584914964
hapR,241017_181052_Plate_1,H7,0.0,0.0001054401388825911,0.0005914604067866032,0.0027969447552043647,0.011825703106109718,0.0674897098585806,0.26952881958178104,0.7121071243766173,1.4938430231504678,2.2761938570011644,2.6551028071592593,3.1462994373663107,3.623912589770946,3.9884170117798674,4.731153654415333,4.772985223271444,4.412534022600466,4.043469985735181,3.765793527174377,3.423697887758061,3.11822295299094,2.78576303525021,2.3743148239235965,2.0415986330763443,1.5252627614058383,1.137581339378783,0.6995022594050315,0.48341710293476914,0.31328282462407864,0.20448091358821147,0.13866635509361644
luxO_D47E,241017_181052_Plate_1,H8,0.0,2.5751340950604275e-05,0.00017396532049558368,0.0022580548438464287,0.008164706687664874,0.04200521528645618,0.14307870654169164,0.38425641087338025,0.8716435533898579,1.0229885389134354,0.7006436511349419,0.4904207887903589,0.40758124275528396,0.38284547092952453,0.4007411182610256,0.44809416208690206,0.4267031956902213,0.15227655030366705,0.10530620408341776,0.09836928833992406,0.07846361586409055,0.06585188930045639,0.0562374372226781,0.05382310045776619,0.05226673288244179,0.04619782190848465,0.04249340485404275,0.03932568601413025,0.02946427681201611,0.02414568962256862,0.015989477666112115
rbmB,241017_181052_Plate_1,H9,0.0,4.3583909786783845e-05,0.00010401712093167959,0.0004863792241336437,0.002117750801948919,0.017142182997648414,0.07483776604491547,0.2544484981806743,0.534603021378503,1.1937551737895544,1.9381922339632351,2.385701120974007,2.459131056860937,2.377848610705601,2.255653019121052,1.7252973633467332,2.165406498160904,2.0305024489528893,1.8642038741620413,1.7089437685439879,1.6795796321871506,1.6337464042491323,1.5253053621283992,1.5586361139586329,1.5151096114877776,1.4852186840922978,1.5172491441662386,1.5228997254074403,1.4815538850410668,1.3978449365047418,1.3578163746819933
hapR,241017_183030_Plate_1,A1,0.0,0.00040711647355353873,0.00042666446046493484,0.0006739353722266348,0.002126891164830139,0.010292164702925828,0.04006960430851915,0.14281563203252493,0.520632418705415,1.3292993707469507,2.2526982544048804,2.810591498758026,3.0896337886482934,3.5821750501392016,4.100760667974481,5.0570936552907275,5.155253210308792,4.9794299298540565,4.749769233894986,4.505639005230494,4.214242037657654,3.9660106367634187,3.7484811820440993,3.490870600089263,3.273079053954374,3.024455619409191,2.688432622709876,2.4100539544365236,2.086894436514359,1.7986983414426596,1.5558800411525544
flaA,241017_183030_Plate_1,A11,0.0,0.00014151796185915902,0.00016946416292586155,0.0003429519808169125,0.0010998380354691282,0.005973796334006914,0.029699097077434525,0.1217444653143617,0.44974331831610026,1.2536036381875324,2.3970965133121234,3.5441758743857172,3.933090978562046,3.7276633391516656,2.9065031132934354,2.201029530001356,1.7001652108575191,1.454034620791882,1.560256412712501,1.6152100741513253,1.5626912078558097,1.5186488821932511,1.4542831361530086,1.3719261085061274,1.31308762230614,1.2208686945791172,1.139346962104591,1.055638147322497,1.0077600847015387,0.91892400210688,0.7851618127685843
luxO_D47E,241017_183030_Plate_1,A2,0.0,5.3718434428183005e-05,0.000294829007511352,0.0019417927641064891,0.015776720829861965,0.09271750331064361,0.3334947742256795,0.7040724408456414,0.9690550878712701,0.6110603505290164,0.38551065773566445,0.31778369462220424,0.2755040223415265,0.28167659953219043,0.29122192341078085,0.24412035091453516,0.07670264778552002,0.014094661728618365,0.02016661895518565,0.02947121999414533,0.029357749592309093,0.03319556910408511,0.032769689613763135,0.03229333261421857,0.039746952989797524,0.041861957817384804,0.03571844809619348,0.03015184511767206,0.022574228551051356,0.014818767677546082,0.009665325499524507
rbmB,241017_183030_Plate_1,A3,0.0,0.0008622216378524641,0.0008650183719447548,0.001367203514119337,0.00573705836730209,0.029181127130324364,0.13998003564842842,0.4273734983309736,0.9349131835073704,1.662729407924845,2.4738122556368545,2.8511992832779534,2.8481789789886105,2.7044309662751873,1.9823959341054487,2.5132598559574215,2.5733404508232334,2.360692624271317,2.0854761066492427,1.958779618315722,1.791913390568673,1.7349383014373265,1.66921782566879,1.6523181123410287,1.6483969733061594,1.6076286168319627,1.5626006562414485,1.5437839772755462,1.4658907964556604,1.303747029341171,1.1444300910209384
vpsL,241017_183030_Plate_1,A4,0.0,0.0012676509087858076,0.0014008817594416084,0.0010795065229604708,0.0012227213244321658,0.0005720313340742436,0.001153960614993873,0.002778629119587645,0.008844619569911737,0.004792931724226279,0.0038152950317736313,0.0012943956691606096,0.0010689094427498488,0.0008444959252713997,0.0005946989311037599,0.0006300049654168335,0.0006061198370614319,0.0004980959409485102,0.000689195559629827,0.0007553074671552727,0.0005229911478175758,0.0005819890021837538,0.0006436515752162634,0.0005619336587234742,0.0005904757081382643,0.000498974552428562,0.0005205489961915643,0.000746746326971232,0.0006065872746600847,0.0005673475952915473,0.0005951585775184593
WT,241017_183030_Plate_1,A5,0.0,1.397379672412342e-05,2.0401455939882935e-05,2.1504677556132697e-05,0.0001475194138867307,0.002807666494358243,0.017741436728456225,0.0790085974781434,0.276595483617019,0.6777677987678185,1.2274419125054918,0.9972994338064975,0.22683858200145526,0.021845027234695155,0.003723812220456705,0.0,0.0001198239217505425,0.0,0.0,0.0,0.0,0.0,0.0,0.0,0.0,0.0,0.0,0.0,0.0,0.0,0.0
potD1,241017_183030_Plate_1,A6,0.0,0.000603888314910627,0.0005042598709281424,0.0004114105862614439,0.0007395496805743457,0.0036987201942367794,0.015565852603352992,0.07294309723707577,0.2683792354052242,0.8801859679815639,1.8233041041559244,2.5008787618142345,3.381412156410721,4.438096729959145,5.010569252364216,5.022847221995331,4.903843742009796,5.017076395700495,4.8704583515762145,4.841060843538752,4.719860851572366,4.6380296118073945,4.5993920271095305,4.579497422796309,4.5422482070158265,4.527953892352965,4.541917432802658,4.6119776314718575,4.497171693639473,4.391328626823822,4.203145117885929
vpvC_W240R,241017_183030_Plate_1,A9,0.0,7.567047307290126e-05,0.00017326583936934711,0.0006096629532010456,0.0038007156199674754,0.02086247868561891,0.08830204207669856,0.2687725731599244,0.8544038368069923,1.8925819074511145,2.389562003727828,3.5400658743767304,4.334853979147618,4.982915565112915,5.598119889225583,6.106526676330456,6.7796154177136625,7.748154883024576,8.198740451733041,8.454661115856794,8.572415665710727,8.601137380496255,8.64350871455141,8.674505588805596,8.67084206041956,8.662401499674731,8.696664652248996,8.791401436496754,8.816600733609912,8.74656233688036,8.8036834187548
hapR,241017_183030_Plate_1,B1,0.0,0.00023812871644751605,0.00023368143508202525,0.00041869819891080727,0.0010747326338261065,0.0055308180371843865,0.020550481560164525,0.06893572684950597,0.25929852022330185,0.737898016453317,1.6839679078736527,2.2711822865983815,2.5067757852259827,2.9297582926595656,3.4370159971662493,4.101957032693317,4.387586183441517,4.4124167201399125,4.185705304973545,3.900401979531966,3.6686745800731932,3.4247467884372615,3.1934602429237375,2.992208544358208,2.6885167541211508,2.4128191225303075,2.1416757556265895,1.9410286930621214,1.6436711019407106,1.419776216492815,1.2818858365701218
flaA,241017_183030_Plate_1,B11,0.0,0.00011751738353930289,0.0003850322857286304,0.0011095471882175117,0.007700909210407603,0.0478680578044824,0.19980885154987818,0.6960925965493596,1.5910618846621802,2.632714154578413,3.3963469532085413,3.3820636732697347,2.853312466372915,2.2450851642098955,1.5772401905744216,0.9777729211368823,0.6435214323495377,0.919172450590891,1.0686365841186871,1.084880232943582,1.0390342983536227,0.9387656397446407,0.8412749227584991,0.7841589235448346,0.6945225225092174,0.6192775417081395,0.5690324973389701,0.5312292046567288,0.43431307578366346,0.3624661680341446,0.30154088844896443
luxO_D47E,241017_183030_Plate_1,B2,0.0,5.956093961539152e-05,0.0008346683331514996,0.005119946373470333,0.03692315640395648,0.19037294531992588,0.42383646132115704,0.9460296313968162,0.7861087258466767,0.4415038771206568,0.28451582065594594,0.21841763631459696,0.19440258578695077,0.19857854000722455,0.20898298737441567,0.1551817925158252,0.007031068690523299,0.005671343910473946,0.004831751883449406,0.0068147827488892285,0.009826878541077954,0.010819573686114947,0.014603588552173216,0.013473612077104215,0.012389150160517967,0.011008041422793635,0.012003014402383903,0.011344566399121746,0.007410497744008488,0.0049899851449903875,0.0029312391526276566
rbmB,241017_183030_Plate_1,B3,0.0,0.0001511465343710999,0.0004340040165698921,0.0019582532954168885,0.019732320304795797,0.11207654230767193,0.43180557852811563,0.9263333846081107,1.5233072076720646,1.8064466571651467,1.7999316223292408,1.3953153096116815,1.083587431424223,0.48150750046704266,0.7869466961036508,0.7480770478150686,0.5652186960744477,0.46851321673972374,0.38615782758217193,0.33907292755081564,0.30945455783947795,0.280310213122668,0.27857435071324893,0.2668291442471877,0.2628478626223669,0.26117075175889776,0.23308509184328316,0.21174978726981708,0.1811340858230261,0.14248671031545582,0.09013314418627379
vpsL,241017_183030_Plate_1,B4,0.0,5.145095713378226e-05,6.175449362142443e-05,5.715327651783344e-05,4.797596403031063e-05,0.0002338195831394739,0.0008398133902767822,0.003859821614629386,0.012351279656334667,0.009628247489159655,0.005384120074907107,0.0019621828609683077,0.0013432608380060643,0.0005031196428600414,0.0,0.0,0.0,0.0,0.0,0.0,0.0,0.0,0.0,0.0,0.0,0.0,0.0,0.0,0.0,0.0,0.0
WT,241017_183030_Plate_1,B5,0.0,0.0004413046301305049,0.0007718782788290995,0.0010728644884822666,0.0056148160286138196,0.045024449541951325,0.17207727920988813,0.4301206029158659,0.9114100906741528,0.9275414862607132,0.21005696697192144,0.01150151695758781,0.002111962587604058,0.0012755770507583582,0.0009402243633875073,0.0006340222068666482,0.0006219595815473805,0.0005092235573162412,0.0006192278520113372,0.0006501282894649992,0.0006113169580211162,0.0006161875514644656,0.0006955220010000776,0.0007553748792876773,0.0005565892074783857,0.0006672546493371249,0.0005268230059032778,0.0005848734790515551,0.0006395733083985724,0.0005287073355090642,0.0002931199895760869
potD1,241017_183030_Plate_1,B6,0.0,0.00019667301035583077,0.0002889976841778519,0.001073770673397031,0.011523615831627277,0.09350145692144393,0.42633416107928684,1.1210786086085158,1.980111211209279,2.9201846998242615,4.203506655572218,4.902454369935683,4.743387150764655,3.0420618894620066,4.09346865481092,3.9585302976426635,3.5417757215882277,3.2818613567593093,3.2893796820816585,3.3985485478501687,3.3481001301728224,3.28474643552115,3.2161428873042373,3.136459138594469,2.972231681192945,2.638161763774131,2.1525215518296843,1.7384890081295474,0.9458063955853413,0.46741944151603565,0.14011778913089573
vpvC_W240R,241017_183030_Plate_1,B9,0.0,0.00022450152776242176,0.0006081347442351944,0.0028962919140391374,0.015512954142550007,0.08088278851322286,0.25837324189206756,0.8592445361797219,1.704271064485346,2.726691482302772,3.350446513769465,3.908767236644764,4.679462325546778,5.103013489093294,5.359035806432576,6.475814082761447,7.243031026641537,7.601503065956977,7.781709138174746,7.934975770734548,7.92366150033751,7.9017048070455544,7.89522200697931,7.876363997956041,7.85583379353729,7.852023403005656,7.837375308401902,7.823284300170103,7.886418972268575,7.79749447812725,7.746320109361361
hapR,241017_183030_Plate_1,C1,0.0,0.0003460914801891767,0.0006416290106127781,0.003246496738093075,0.01561360620766204,0.07937281693676325,0.3136673613503816,0.7969869574507799,1.8464899988304166,2.541464610640284,2.973286199549846,3.5118260092082405,3.8934813349906694,4.500122311974485,4.780865755051237,4.730496586755736,4.426027550682561,4.06764017779532,3.7388104167600016,3.4695327876239666,3.1318736422944142,2.7172501724018887,2.3849222032100026,1.9982509600122846,1.6153660315846265,1.2285712663546156,0.9656121870892044,0.8447660419408266,0.6976236812311766,0.5318081598454459,0.4508950759989102
flaA,241017_183030_Plate_1,C11,0.0,5.7090412029281506e-05,0.00043138889397240115,0.003616649534398387,0.02860639389390758,0.1736832127593511,0.6215094985601949,1.5204207913679142,2.637058826385622,3.175169886856669,2.9639335687040904,2.05883554082036,1.2523165881001048,0.7551343891804084,0.3739617155404046,0.22023131693558942,0.3281663066111909,0.43150863744766943,0.4154244571046385,0.39831862850696537,0.3620515432935869,0.29205711157975095,0.2447018206827943,0.22643146756096605,0.18924617292745957,0.16567910544557293,0.17629844236022688,0.12638433939701404,0.1255757883831399,0.08575153614818509,0.07916087667009312
luxO_D47E,241017_183030_Plate_1,C2,0.0,0.00019907458094816857,0.000578775356153556,0.0029151070548313835,0.01751046189717795,0.0860527908025798,0.2787040923172817,0.6107343245910477,0.6758295662069546,0.4005381127769837,0.24643182465689725,0.17810207803847414,0.16194037374317785,0.166687050579253,0.1789209682544016,0.1434002048989424,0.01723991320158509,0.004278694188931097,0.004349662511951411,0.005741313423774554,0.00739406590298063,0.00689658616777416,0.012080294253177713,0.01057611423491873,0.013060199818650161,0.009846680186200659,0.011024949963900639,0.010088845565212326,0.00915618533797127,0.007281662592399008,0.004145759871405339
rbmB,241017_183030_Plate_1,C3,0.0,8.050706619074033e-05,0.00012653045251891646,0.000433771698846135,0.0018870387977344904,0.010614623415554868,0.042965550601625484,0.14193579001354825,0.36391358944449503,0.80085613296692,1.4007797718405002,1.7377185837592088,1.864821350569275,1.7654986687587686,1.6973915493700695,1.327548795372126,1.5349598093963197,1.507473783073529,1.3635200563528869,1.183659805699269,1.060662357500106,0.9832044798248845,0.9560775836122255,0.9488524475641442,0.9398995412376172,0.9095200096364351,0.889031068397936,0.8765719955380983,0.8278358995255215,0.7695458725495921,0.6989347402030617
vpsL,241017_183030_Plate_1,C4,0.0,4.417618020919315e-05,0.00036440069560281083,0.0003867138439202791,0.0003955875677420769,0.0005255671205516644,0.0006486466269715227,0.0007240700359167033,0.001379861680151961,0.006415315037784072,0.021204566500412712,0.00865495807672172,0.005296772543148819,0.0014340249209629182,0.0006690740412637794,0.0006516071431196256,0.0011368507737692711,0.0,0.0,0.0,0.0,0.0,0.0,0.0,0.0,0.0,0.0,0.0,0.0,0.0,0.0
WT,241017_183030_Plate_1,C5,0.0,0.0002191210832537815,0.00027619238849117014,0.0003838181851987693,0.0014305421614200257,0.009897361001854302,0.04605167936065143,0.17658978582610735,0.46122946289992367,0.9285583193630407,1.048864164295449,0.2790266205821108,0.018345139793756966,0.0027271163526174217,4.231905621398437e-05,1.163741861272745e-05,0.0,0.0,0.0,0.0,0.0,0.0,0.0,0.0,4.300330942102593e-05,0.0,5.7136193427455025e-05,2.1242065836605093e-05,4.39461670708355e-05,6.541807082775569e-05,6.626977764424957e-05
potD1,241017_183030_Plate_1,C6,0.0,0.00018024131645762704,0.0006134641815678575,0.007928903328648894,0.07470938204632703,0.4475657726852,1.1849346172745638,1.947750511939094,2.845327004398933,4.083427524061289,4.821674505303184,4.664033440619785,3.006647112959161,3.843099326288995,3.606591885001233,3.172588831461804,2.8426294490689004,2.7728783564274524,2.7884591861608174,2.8369245636099283,2.750611353319666,2.623042854277392,2.4621720930560786,2.2604294495858044,1.857521646537433,1.4035952315251254,1.0394794993113783,0.537807237735418,0.15861703586816853,0.04065793566882664,0.008094836821266332
vpvC_W240R,241017_183030_Plate_1,C9,0.0,0.00017739203032799162,0.0003683379520225106,0.0014103019361739995,0.006547015806914789,0.030921581991263467,0.1056755128905257,0.2555150544183617,0.658335716585262,1.2122953158829437,1.6817670488802956,2.1245622361606364,2.3988216085059495,2.2999390449924224,2.072948618500268,2.0361576447150593,1.9838485050536911,1.8592007302758087,1.7450544014334106,1.5981130733328959,1.4777247689170996,1.343923790851825,1.1839547337785394,1.0043262792071783,0.8131847954515704,0.5694397120951324,0.30909128134818636,0.15192142613275259,0.0635198709082186,0.011531821653696768,0.0030721322481583207
hapR,241017_183030_Plate_1,D1,0.0,0.00014879990332912957,0.00015846322519027427,0.0003188821244931298,0.00112859700080798,0.0067671154160591504,0.022226866138159582,0.08657405779148315,0.29100336899738966,0.7997490491972514,1.781704264504955,2.48401268767556,2.740739221040856,3.229597559782237,3.7426995216565553,4.431140573669528,4.993581796260944,5.0577972025455855,4.8711251164175575,4.585069891566629,4.363852163928544,4.06116633926255,3.745812450750839,3.5175177867525784,3.2074303373307482,2.927037196584884,2.581597500763183,2.3257976835871044,2.046539046228256,1.827528597786614,1.6057590670686976
flaA,241017_183030_Plate_1,D11,0.0,6.4076890403058e-05,0.00012638462028089907,0.00038214506689909436,0.001572017355363835,0.009476996198474866,0.038402662110458834,0.13323638808096264,0.45186058091510617,1.1675351312628146,2.205273819258228,2.981991058655055,3.3579220377379064,3.139880170559773,2.5049107831065704,1.8579656437071097,1.3694703808256734,1.0980076088184192,1.4068130908135985,1.5480031207369975,1.541668319727312,1.4939146485411479,1.4013864141550263,1.3372505247606912,1.2446156882524932,1.159244977150702,1.0743648765680778,0.9692381305363411,0.919112695888209,0.7996163650001376,0.651431657568604
luxO_D47E,241017_183030_Plate_1,D2,0.0,0.0008546643231717899,0.0027869812019086925,0.02348809229621538,0.11344638626406467,0.4573213649025735,1.0019815675384223,1.077030932776719,0.5300170569386397,0.22231655877170314,0.13187770591514364,0.11387061455840543,0.12025175472140767,0.10709489272635506,0.08026848876897419,0.009086216493441818,0.007230337750123285,0.007259077521729995,0.005827936341986607,0.0071859781594248865,0.007585817707292115,0.009574466250432324,0.008351945891732179,0.008139008888532924,0.008197453067260036,0.007723937943860716,0.00763101821084057,0.006965090002211891,0.006435191919661691,0.0068039198990216855,0.006159021466864399
rbmB,241017_183030_Plate_1,D3,0.0,0.00010545748011863527,0.00017871721374666634,0.001021669120302115,0.00798641029147966,0.06237219941716455,0.23947362192754604,0.5603170716495152,1.1442404943985505,1.5677455796125002,1.754919043475287,1.4469077941035575,1.1512389839022674,0.9253021394873971,0.5888252478053143,0.7979233039446262,0.6425311829006138,0.41064448215276544,0.34824385327381,0.3125627052200048,0.3165526608067034,0.2873796793090446,0.2914459617476414,0.29675721519260534,0.31823040700276967,0.2890752415686749,0.22910648530308161,0.2274738142828494,0.15824071165164666,0.1326037573193607,0.08417072164329668
vpsL,241017_183030_Plate_1,D4,0.0,0.0006709609790770695,0.000922413248729974,0.000588899213895036,0.0005217642871340809,0.0014907507590848678,0.0007515190791946332,0.0014446797830013156,0.004535648104489028,0.011375339235039073,0.021773300859570868,0.024301618967481287,0.020899834236013007,0.01874428181330973,0.013827846782382794,0.009180054449257515,0.0012667443894854658,0.0012533034268161392,0.0012982616345752068,0.0017268308556047075,0.0012782530047800906,0.0017783926435005779,0.0012880651482863146,0.002142687004489774,0.0012482767421852577,0.001337854625744829,0.0012916468859601187,0.004147403710903856,0.0012669452214632544,0.0012566760397498347,0.0013075911259390063
WT,241017_183030_Plate_1,D5,0.0,0.0003682734824831871,0.0003756160146197833,0.00040836012039301926,0.0007783360668541544,0.005157320381948303,0.022371396278738548,0.08266121820664543,0.27379357323599013,0.6311774550054424,1.1654834082369798,0.7957337471837855,0.12329547937659188,0.01449336704060704,0.0023075629692801154,0.0016051335654076058,0.0015119918672411791,0.0016144724195675724,0.001514843306813933,0.001424400568396964,0.0014735358539118457,0.0016075841435501679,0.001622065245996567,0.0016161589266657666,0.0016261888889371118,0.0016513435121371272,0.0015786237443394878,0.0017563744901394954,0.0016363837701752321,0.001685506884055096,0.001654340743821629
potD1,241017_183030_Plate_1,D6,0.0,0.004214112697316314,0.004343987386808828,0.0036386610000479214,0.007535347554552238,0.04268714785759056,0.18331278174031265,0.6180299491188457,1.3673228228933545,2.0794841177335113,2.9046659989311783,4.031264243388785,4.713586039335266,4.7263542182228555,4.183834350790854,4.667679580955796,4.684514557235773,4.353334399976883,4.28273958564653,4.237970038230234,4.137510311702322,4.0292753179743865,3.84964204825071,3.718611187185765,3.6762178505596164,3.5259140079698437,3.2490394060236536,2.8836810301271583,2.2752623256596323,1.665457927359345,1.0000181891821376
vpvC_W240R,241017_183030_Plate_1,D9,0.0,0.00014218974917187496,0.00025009141398083234,0.0006398867948773885,0.0034240534733810724,0.01819399550645695,0.0752949580694767,0.241930372827867,0.5563071866824033,1.3128292760090379,2.4305287846036565,3.086803080981339,3.730916308925766,4.338358607507272,4.837400324622912,5.097437943975661,6.039765258259462,6.709546926282143,7.055372101797475,7.266950964535546,7.4141966503886145,7.424242863799021,7.460241611274245,7.512683568886958,7.529728539309543,7.518184880406406,7.520746942700475,7.625396921775949,7.499691351662507,7.515416836596657,7.557401888432795
vpsL,241017_183030_Plate_1,E10,0.0,0.09463841469859798,0.08233270443998075,0.09954833857356171,0.09929847229470243,0.00018535292164974614,0.1229154969818532,0.12143512521670537,0.14006748416463108,0.16119849252572652,0.19570655578459498,0.22613156382430405,0.25821615423551475,0.28108882325194146,0.287932599236705,0.0,0.2678369957529061,0.0,0.25636151806900187,0.0,0.25675542427918363,0.2329028784544442,0.2688654922241734,0.0,0.2636471110294777,0.2706942201961491,0.25766596958187754,0.26422640060377217,0.2591591215637937,0.266193343510312,0.11401358445588022
WT,241017_183030_Plate_1,E11,0.0,0.003508691010665848,0.00538151387371682,0.004507422952285944,0.0059635607914825806,0.03382281358280624,0.07916120436795898,0.2650885469379926,0.6081445417326123,1.1465492930562933,1.165763288965267,0.2700097128560687,0.06341088127311958,0.04129134889267972,0.04747247097238859,0.03720681568926819,0.04566444347396771,0.029065661784133338,0.04704341615662359,0.02906507527183057,0.034736304153665895,0.03502895841100977,0.03404832522252089,0.03288356863477495,0.03557773597013731,0.03365781904489016,0.0324041379630029,0.0450869729572143,0.02748010569175734,0.0377519945908117,0.04880934986101856
potD1,241017_183030_Plate_1,E12,0.0,2.858944522653129e-05,0.00018596341608612395,0.0012810500732579587,0.010877320737790288,0.07922478444164655,0.37751620078965015,0.9174036846406555,1.843064486098376,2.7049947403586905,3.8792106948266882,4.745997765844563,5.025202232739872,3.7176856747846267,4.340598990875879,4.541482464043571,4.281520817094009,4.1852474642409625,4.22935359067169,4.30550020874368,4.271936256411765,4.244075918873629,4.190611343288099,4.114990847483596,4.08042092958062,3.9079986848336588,3.6964953263589653,3.435041383454564,2.9192312996659675,2.1301820539287166,1.265601258950553
vpvC_W240R,241017_183030_Plate_1,E3,0.0,6.799257226530368e-05,0.0001305206221123846,0.0006627451923173715,0.0023274337653402255,0.013376069797862038,0.043656288882555225,0.14699997933079148,0.35374432882931517,1.0666491300008296,1.7513864604813616,2.7008898230104803,3.174990254924488,3.7641526302689403,4.249904928258933,4.72580248202014,5.00191067222292,5.814834446292768,6.642318705945092,7.189418318245218,7.491102992492466,7.671571289880035,7.779786755490251,7.859430712316308,7.94279905570349,7.921992515043572,7.91731920909089,7.928258633255659,7.933804752442479,7.8666049548795085,7.808393174128691
flaA,241017_183030_Plate_1,E5,0.0,0.0007072038280237977,0.0008518602994739119,0.0025131160032820224,0.012889671199428038,0.08201586072996747,0.33013593797777296,0.9200748903871887,1.9648462420923296,2.8902570568923833,3.3806816576783243,2.6430894033969854,1.7843846992934247,1.0571809354995232,0.4984350881765363,0.27514118055148556,0.2877380938340407,0.31290843315619415,0.2937397598683819,0.2612072800393734,0.2095380339943484,0.1633430744264063,0.13926584155678612,0.12275808162743455,0.08870923008201483,0.08059034157493698,0.06723478766979098,0.05101160324223321,0.036595409049035216,0.033908606221629604,0.016710053840884753
hapR,241017_183030_Plate_1,E7,0.0,0.00038171186369585606,0.0009691778742552928,0.007968156851580336,0.04010616870263711,0.19625923495463965,0.6519980398596108,1.4243244622395472,2.2227752928710856,2.5836491569119024,3.078754754518805,3.500400120905465,3.8538821911264227,4.497174368724092,4.529126248187343,4.2241535605574825,3.8259778484462994,3.4880274532788285,3.1629558517479532,2.9248911768262214,2.549855882951004,2.146502277050837,1.7030222681079736,1.325465506347784,0.9085397248777178,0.6145372248857466,0.44815110795073393,0.36445957421528014,0.2730678027156581,0.2067946344016537,0.15289674860950112
luxO_D47E,241017_183030_Plate_1,E8,0.0,7.42065798290079e-05,0.0011008869361483287,0.0041716205831906,0.020617398801914592,0.10785773991950964,0.32000137989781613,0.6535515283751137,0.687687547552851,0.3680187475503209,0.22623895509634306,0.15716956764383724,0.13951760714572503,0.13948838184625995,0.1595579768198484,0.11862890794943959,0.006411927310622278,0.0027478310041206683,0.0024000671947817793,0.0022116090884077223,0.0022567833761269083,0.003026777726612914,0.003769307250821737,0.004043650888332557,0.004411739522468555,0.003739940840642973,0.0031324679123425764,0.002280907021714672,0.0031058148404930984,0.002065667038166721,0.0011936606095482645
rbmB,241017_183030_Plate_1,E9,0.0,1.0344437862699067e-05,0.0001051584992861669,0.0011576422002010898,0.008784433509834813,0.05582531502378168,0.20036216605251997,0.5041453104293239,1.039760717581975,1.615746227986135,1.9296185877585996,1.6552497375752437,1.4260278892479579,1.1553850975536137,0.6156873775177849,0.9669645761184565,0.8540596871707282,0.6822726412666036,0.578225492510073,0.523054747954398,0.4681268676435913,0.4871606899157481,0.4596001022969078,0.45766923290645833,0.44999190055434235,0.4346345072637987,0.39007773607811597,0.39312234351122455,0.328815583086836,0.2645940441707047,0.1853557973657118
vpsL,241017_183030_Plate_1,F10,0.0,0.00029547094756742886,0.0003293472561549082,0.000624285433869571,0.00020710182105619152,0.0004759829558376759,0.0019584447645985097,0.002009977594703377,0.008517493503393293,0.017670436638806058,0.02436102122776478,0.011248063390254142,0.009401699922926214,0.0028482361589223467,0.002590923113254284,0.00021811559919795114,0.00040226001124469033,0.0003636842811909346,0.00023089362908465131,0.00027410481933143766,0.00021068121134324214,0.00041486014800421167,0.00032862832716348985,0.00023619950560953054,0.00029763974567162426,0.00032291274136604073,0.0003836544432692262,0.0004275782827462873,0.00031432545222984706,0.0002729206463107542,0.00032188885272803005
WT,241017_183030_Plate_1,F11,0.0,3.768743744246696e-05,0.0001574111277849538,0.0015410767916408845,0.010360747184851363,0.06998694147690208,0.2617910704435397,0.5915042112972432,1.0201385037601065,0.6924401697644925,0.07649686021347413,0.003916218751728748,0.00016137565000463508,0.0,0.0,0.0,0.0,0.0,0.0,0.0,0.0,0.0,0.0,0.0,0.0,0.0,0.0,0.0,0.0,0.0,0.0
potD1,241017_183030_Plate_1,F12,0.0,0.00048555228191301235,0.000480536618630762,0.002061360419438221,0.009727826176568222,0.06398899782280854,0.29759520551271407,0.8115327969449643,1.6796222329097115,2.450016374792062,3.6442693149521395,4.647690679909747,5.0394701978192336,4.69468389141578,4.4922659897104955,4.5694243916625945,4.3411801530094065,4.170449966161224,4.176307130812146,4.209336935622717,4.159128406158599,4.160230607898838,4.108608296213458,4.072450514957621,4.014818224412445,3.879290412348341,3.612446842707344,3.4877559321899763,2.9773096605714007,2.1759352299595043,1.338613413497074
vpvC_W240R,241017_183030_Plate_1,F3,0.0,0.0003967738340164749,0.0005112047249852437,0.005640814507256972,0.03571665712704091,0.1751375693265769,0.47913135655401057,1.1935239796013373,2.229199909846862,3.8609656814439153,4.1289554579671375,4.6498053343012495,5.220090908152983,5.712782308768145,6.085285166911452,6.733362535876003,8.024430600401635,8.735553694901068,9.056704959922461,9.30432082384581,9.373279155160349,9.389229347202514,9.409710463818502,9.415536129348032,9.423424285118989,9.365107440419752,9.334423551066017,9.347141572116996,9.357363070447079,9.301897197180788,9.247435818189016
flaA,241017_183030_Plate_1,F5,0.0,7.920228697999882e-05,0.0002058124637082799,0.0013765065890225213,0.010742792738602623,0.0715807903315977,0.28528303492474144,0.8460605153880725,1.8737577382482784,2.900782846097903,3.2813698099605255,2.541174832098906,1.8028788968084786,1.1632612154437847,0.6694049492311782,0.33569222248614683,0.2835108314907701,0.2419354822394897,0.23519523202949036,0.22650404929439732,0.17498556433080067,0.14705337401979138,0.1304944263462508,0.126748010463287,0.10069243882664909,0.0893368450599557,0.08154812887200648,0.0751608761406493,0.06502776929409831,0.029081240808184583,0.02066720620244005
hapR,241017_183030_Plate_1,F7,0.0,-7.737221143414623e-06,0.0014958718073256928,0.011516952864611928,0.08630969255398765,0.41685589488438907,1.0261941262512178,1.9624447517525303,2.6923857290059448,3.118932652940422,3.653641607669847,4.111574697547723,4.66327538851581,4.721511646290893,4.428234763001888,3.938623387940193,3.5188838855905042,2.965218411846707,2.5844741530084727,2.1292576784385417,1.6186151893631446,1.1666114914209096,0.7856479425210141,0.5615401203374276,0.3427283638058794,0.24050301455216078,0.1787220355866925,0.14839789830026306,0.11810767439909398,0.09512547404293292,0.07867400458168153
luxO_D47E,241017_183030_Plate_1,F8,0.0,0.0003634372638771948,0.00031918019579682766,0.009548015013717367,0.08698923092438782,0.3108919476825063,0.7806120288481961,1.0401025265191972,0.578390745862426,0.2762083253077892,0.188847010176001,0.12423500922113512,0.1302536821059431,0.1193144050708291,0.08285068107480247,0.03719167872295027,0.0010324852230659367,0.000770142750805258,0.0009697226552379993,0.0012353104732816134,0.001120935491581387,0.0018416818686129263,0.001585527803356146,0.002251731278192144,0.002335216857162763,0.001943862276445042,0.001806845311650528,0.0018052333725360947,0.0014298081182005087,0.001033776687042986,0.0008123486308767142
rbmB,241017_183030_Plate_1,F9,0.0,0.0010445153461070807,0.0011300270341683056,0.006199296604611926,0.04108864703074211,0.19200243967717273,0.5024107186850989,1.0641190349679608,1.6530813139828953,1.8633582799139021,1.768914216800603,1.3628980991789155,1.074481644011707,0.3653119631783519,0.7422230263885742,0.6883655477495951,0.4838538974391088,0.32247431506008345,0.3145429366093906,0.25933070149127124,0.24825075513145495,0.22413599082462696,0.235311123382907,0.23222013667021252,0.23704310691962813,0.22534938245706396,0.16838680603402398,0.16389862262470511,0.11017757330130681,0.08103525496109594,0.038273933694725655
vpsL,241017_183030_Plate_1,G10,0.0,0.0005838716598616531,0.0006514321925855279,0.0007388389774681315,0.000707692231598154,0.0011137305524221808,0.002189248122952685,0.005311024457720466,0.006333324362975795,0.006592707924139142,0.005337712706932686,0.004271469454145709,0.003291951775943049,0.0026143465554429642,0.002438066303658148,0.002444024854016139,0.0021962872737426144,0.001973463960316067,0.0020810291128553486,0.0019874748497635208,0.0021353846922504286,0.002296589237155106,0.0025190295453412946,0.002177000248023536,0.0023932965556105056,0.00227052555332436,0.0023486239800116562,0.0021002873145376548,0.0020995615640804575,0.002181878866720743,0.00212363150734449
WT,241017_183030_Plate_1,G11,0.0,0.00011139981277612194,0.0007176181999549263,0.0013502266914774265,0.005499406190428643,0.04085109015375822,0.13984172039819107,0.37959584501119814,0.8554507980498438,0.9490593653594418,0.33062958471798276,0.030002915800436767,0.003198637936081375,0.001556170956604896,0.000657668015464302,0.0008482408431069768,0.0008451930523231712,0.0008071242240539137,0.0009841220338492808,0.0009581532486454023,0.0008202739703238791,0.0008804472234331896,0.0009369266193845925,0.0008529256519235206,0.001164085743400547,0.0010331689078174966,0.0009148234652097338,0.0008641275687665508,0.0010339491631238108,0.0010400860078716733,0.0010694716786596957
potD1,241017_183030_Plate_1,G12,0.0,5.369177319732544e-05,0.00012653821026431224,0.0005737229238332143,0.006029371618234132,0.041992787512086384,0.21807258383727388,0.6857558020721889,1.533339310011105,2.2973448148058075,3.4524627382830757,4.431075034096357,4.895750607879889,4.568164426806936,4.234510485046413,4.375810059684969,4.273579828401821,4.101558779470629,4.1209090040638365,4.1038310632233195,4.0499646899279815,4.0110134515585125,4.000365009723201,3.985409280388235,3.946405543483114,3.813343825052364,3.7406560245159244,3.5604621908102887,3.378932018583116,2.5761449426609198,2.1327841087378427
vpvC_W240R,241017_183030_Plate_1,G3,0.0,0.0010379199249783665,0.0011266373006930468,0.005060787278378731,0.022788748936836734,0.11354533095641847,0.41666024588305,1.0672135728554872,1.9815207132951518,3.081220915029274,3.5723863805005114,4.094906245285294,4.6458228020743695,5.127363714348306,5.52443294458386,6.280278772518753,7.30611152827647,7.792916739572592,8.007774186019992,8.218180626046571,8.28956291841171,8.34728422239759,8.41739651833975,8.475379646232739,8.47709370670251,8.497816918476538,8.551778725415668,8.635735587419079,8.638464173730696,8.641251611903934,8.650011176489606
flaA,241017_183030_Plate_1,G5,0.0,0.0001902504531952113,0.00022539928616063573,0.0009689409286351444,0.005075981759015963,0.034649071650546225,0.13908275876544596,0.5037583928777098,1.3085534876307745,2.3862061100730023,3.0753931094320484,2.5250320339641563,1.831887915682113,1.3544646274083276,0.9555550392704164,0.5600511682383637,0.31358415284330043,0.21668210160304374,0.2403260108906178,0.22705977806090794,0.20160889592702413,0.169087818646205,0.1668088471819666,0.14559632899252323,0.12725176902335747,0.10745746700793408,0.08985575797439416,0.08099555670534656,0.07832280609744577,0.05716554178081261,0.04090105404673391
hapR,241017_183030_Plate_1,G7,0.0,0.0008880259053522598,0.0013791830111840621,0.004592204743508812,0.026661266971208797,0.13546427880439685,0.4749943783166391,1.1794052842437286,1.911110680434872,2.220843614267539,2.5181380733919356,2.8586579542132933,3.184919366505688,3.7355944969078774,3.693239213360437,3.3298398688077198,2.923961785552385,2.6227583590281363,2.414254171674294,2.1485637641355324,1.9045036226880643,1.5698781570709512,1.2654918479896262,0.919939731736802,0.6201462085611192,0.39244786773846624,0.21553513900941382,0.14367531728889565,0.07791874125342246,0.04744453171985419,0.02542734005169225
luxO_D47E,241017_183030_Plate_1,G8,0.0,6.030618207666694e-06,0.0005540215609451745,0.003137459820873408,0.014485815945498106,0.07859574498114591,0.2304083821101459,0.48396470613174886,0.9685297681291687,0.786848654252356,0.5327817568926151,0.38075643047325153,0.3144450285123267,0.30653861528884285,0.3312798041609562,0.3018966546401875,0.23354113358145812,0.03792121709996849,0.025228379295594627,0.026936717759366402,0.02953962658925715,0.027624702709451793,0.03404994164240206,0.03429970091787656,0.0342905521284788,0.03445988498487612,0.03331054156593504,0.03510865118813012,0.028915879114904505,0.01979110930193033,0.011116892622263612
rbmB,241017_183030_Plate_1,G9,0.0,0.09134075763593326,0.09361647218464778,0.09540643818049076,0.11290595898157606,0.20321935705720517,0.4538045314693437,0.812202972519197,1.397477313000944,1.5839832763741173,1.5376209166984152,1.2312056896876347,1.005587915990723,0.8112756544359406,0.5706003309957436,0.5843784546427665,0.46838243854040107,0.38249199193565087,0.34405590129901903,0.32856016600739185,0.3424677838131201,0.3443513777706362,0.33657767549511236,0.3431467470403271,0.33121098760912643,0.33256244035876203,0.3220893503202414,0.32213623117819346,0.2908817930891572,0.2856399580900623,0.2761410937435964
vpsL,241017_183030_Plate_1,H10,0.0,3.766377631900986e-05,0.0002661012002206025,4.9787239081459264e-05,0.00011233793820124009,0.001434441364761017,0.004052732466229269,0.005389393067954304,0.005203984290537708,0.0024457486785447718,0.0018194516479186544,0.0007058866163572884,3.4138386627625386e-05,0.0,0.0,0.0,0.0,0.0,0.0,0.0,0.0,0.0,0.0,0.0,0.0,0.0,0.0,1.0294120189782485e-05,0.0,0.0,0.0
WT,241017_183030_Plate_1,H11,0.0,0.0009311335564488589,0.0006910976116712158,0.0008273448877436616,0.0028403295450675167,0.024289840569902816,0.09960971839014995,0.3153859694640066,0.7520678728042685,1.2425891778991949,0.9878809958791088,0.14882001327775463,0.017108062962101277,0.009746295629550547,0.0054790962792282865,0.004799937770844045,0.0056491754842343785,0.004626471908710007,0.0036159710660618348,0.004565383676345246,0.003909338567842316,0.004858177038089325,0.005228649507006636,0.004784750646689515,0.005189734382279525,0.0050318983708045,0.005927719338982968,0.005710046031588249,0.005572409249687459,0.005521726427720352,0.005572735610011006
potD1,241017_183030_Plate_1,H12,0.0,2.0170079845911785e-05,0.0015679766400464863,0.009252026263395616,0.1090196294853149,0.624909731742584,1.454226424359081,2.2538871957638977,3.3627980482276096,4.485454823007241,4.98902706343401,4.338676273805806,3.422365026846529,3.6142720529430457,3.441341207732853,3.1025972487130873,2.890117952492183,2.829035605313585,2.846181426426315,2.7931952897249355,2.6253788719211353,2.5726031975021733,2.4757058811616925,2.468740830215716,2.158737579082276,1.8848709091590654,1.5105300672510003,1.2310566874743434,0.8187153991475996,0.33129387510605335,0.14730901848142816
vpvC_W240R,241017_183030_Plate_1,H3,0.0,0.00017791827966199834,0.0001543221808242815,0.00036979949787965057,0.002271314703287033,0.010887016581992691,0.042977177188151826,0.13902410084745775,0.41015251402815417,1.0660481053640036,2.0843411351224184,3.053759566362096,3.852904848960786,4.349941055137388,4.94179483311725,5.473566478057643,5.905302798644967,6.215363162835027,6.6537319544730416,7.776609824996452,8.49527425054596,8.885026723085224,9.157665997308015,9.32764288032742,9.390977515001182,9.456368620975974,9.465492665841019,9.53845760514401,9.46040331735293,9.471157826293394,9.50983486848939
flaA,241017_183030_Plate_1,H5,0.0,2.176177592626007e-05,3.449819219662351e-05,0.0001875510119305221,0.0013410339638147853,0.010111934889332062,0.0444146773784207,0.18298923025561667,0.6319922189033448,1.561483875290035,2.71027361859205,3.5840861305911806,3.773957417292462,3.3203350925242456,2.62122667245228,1.735334414592319,1.1518933764772465,0.8872166253778271,1.035218357021405,1.1921329355993373,1.1361602675519322,1.0645100654621769,1.0231293152415224,0.9412557757010096,0.8741946478369875,0.7645538302645295,0.6734281427442709,0.677035093090611,0.5658310898209052,0.4823124735552385,0.37985375660704973
hapR,241017_183030_Plate_1,H7,0.0,0.00019539934906692247,0.0004950264418530196,0.0017422466994941814,0.008428205197743753,0.04942971870349711,0.196810335824759,0.590203718909604,1.2621778194090918,2.0575387935511875,2.3312998645090537,2.7550776745999346,3.19332006848969,3.5035616696627034,4.2257328636395615,4.325721106503332,4.086685308987704,3.7966076262719533,3.5052315912362584,3.307172673040897,3.032593962469162,2.7792540862318127,2.5165497418992677,2.195255359850746,1.8777012142397178,1.4892323141778767,1.1028463018776844,0.8378677343561,0.574461514696584,0.39708784882450343,0.2533965345295847
luxO_D47E,241017_183030_Plate_1,H8,0.0,-1.795028058467959e-05,0.0021662336343251697,0.009959574776072603,0.05474989355566612,0.22637290995865106,0.5261599861804014,1.0588027055499318,0.9680363487711515,0.5972200646031541,0.42316981017091,0.3400715366391746,0.31676310302598676,0.33391175304070214,0.32084336278171904,0.27796061942448186,0.08566390706377063,0.0736704527450447,0.06313738262796287,0.05705311466197788,0.04653489928978663,0.04870123631613234,0.042561579385563854,0.04399584606729924,0.041057517071028116,0.04201848771879449,0.03859043298759421,0.03258056447503927,0.029833683928483817,0.02351821575534139,0.01667874799435705
rbmB,241017_183030_Plate_1,H9,0.0,7.646437799848511e-05,0.00029133929943616114,0.0015316943336016245,0.015334768762376489,0.10697584477308772,0.35154274087539955,0.8732165700230812,1.6100240213542532,2.350424846977323,2.7410508683989963,2.5671672918016646,2.335646074489919,2.0562473964512535,1.6657702434886403,1.897254277124179,1.583863298828945,1.250195446628401,1.2880042232341118,1.2523964393759888,1.2254285100668276,1.17183900802958,1.2064574118412803,1.1698084181722372,1.154649315529094,1.169872820834445,1.1252717368720448,1.172213051736464,1.123900087233534,0.9928987189765159,0.8734876229721248
hapR,241023_161758_Plate_1,A1,0.0,0.0006696192235091786,0.0006630944246144122,0.0007035065935715585,0.0007174796974487655,0.0014326439754053556,0.003687309553916334,0.012060947372440279,0.04914759090412991,0.19361118875319747,0.6210525606686725,1.3031005282658183,1.98156705913618,2.435065527486526,2.9186554877016784,3.2747734525521945,3.6927583669001303,4.3163928189276115,4.173472209886916,3.9133170874422674,3.5326973537930586,3.3321489349739246,3.167601604329056,2.8657991594814463,2.6955001962738843,2.4848901154306673,2.2445190494273506,2.0159705198987248,1.681822757517491,1.4602618833998746,1.1872287698440163
flaA,241023_161758_Plate_1,A11,0.0,0.00563227764346585,0.004936151742112982,0.005302065198067967,0.0032163154971392932,0.0042236028275114985,0.005898901989922302,0.013363320344566783,0.04828559838727508,0.20329767015943317,0.7034212583722049,1.7682766772587246,3.011864798631856,3.5616600937027805,3.5855378321369216,2.990127997295601,2.2664361514669413,1.521496977910231,1.0007489888615537,1.145916635543845,1.2224488001865816,1.2137746376773784,1.1756486629129426,1.1114069070448012,1.0294351584602048,0.9890861215000725,0.943410589800358,0.8393807622167371,0.7782106053855125,0.7026448819385887,0.5948639838247665
luxO_D47E,241023_161758_Plate_1,A2,0.0,0.0002583501960380729,0.0003020505990723127,0.0004038856401046624,0.0004941428346524415,0.0033265715841741747,0.013284621361382469,0.052231401702333285,0.2081405898523967,0.47377734856911985,0.9078726925279126,0.6825917788616778,0.4349473784731524,0.2920972044104817,0.26106382193895555,0.2496745421691945,0.25433096833792834,0.21472986497419821,0.1272144382174961,0.004874253360371287,0.002320554785241873,0.0026301272808745015,0.005219329512193234,0.0038021061289525517,0.004940726136811867,0.0052199421065710384,0.007296674498510978,0.007038202873694326,0.005059528651065383,0.004669370903206306,0.002594061388775335
rbmB,241023_161758_Plate_1,A3,0.0,0.0007794408768018969,0.0006508449780730489,0.0008382894614463217,0.0008091056257928204,0.004696423766452128,0.027196804199013453,0.15115886651119456,0.4834421617899398,1.0410986611542832,1.878885139815074,2.102864624814053,1.9910727048221555,1.8595854074440543,1.457164536673498,0.5967921179411928,1.1612680098939956,1.188179494917691,1.0608068120695442,0.8230665580350099,0.6683243153606822,0.5964735153630423,0.5766773541638086,0.5010091080988528,0.4437326506220154,0.4706517797000103,0.47614733978752766,0.4123465381803089,0.42448827243947884,0.3965947170380828,0.32717829754563565
vpsL,241023_161758_Plate_1,A4,0.0,0.0001133801511688925,0.00011989009665631073,3.768664561741967e-05,0.00012973131833234584,8.172092596298571e-05,0.00014016472349054015,0.000872942240095379,0.004514727605224332,0.0034413175332339728,0.004147306739086408,0.0009434216245244123,0.00038900458575684215,0.0,0.0019534139335864683,0.0018053383696073995,0.0020960794733087197,0.0017047233544173425,0.001140358478476238,0.0015803636862529512,0.0018563440742880473,0.0018151670986382628,0.002287141038911328,0.0020141521311288027,0.0018943476639311535,0.0015795929274970352,0.0015974358756615376,0.002315661119193683,0.00126952493931581,0.001909520877645663,0.0018674938269810026
WT,241023_161758_Plate_1,A5,0.0,9.188020182482429e-05,0.00011320069980492294,0.00011161717677685757,0.00016720498040009388,0.0014202228218699955,0.009165562847103986,0.06100742474612524,0.2407451832750282,0.5925654173656921,0.7959354151255178,0.269922826107636,0.017427596469699186,0.0007196703242434539,9.857432688827657e-05,0.0,0.0,0.0,0.0,0.0,0.0,0.00019936970965878524,0.00022318821503174494,0.0,2.9219568096302713e-05,0.0008446132277319529,0.0,0.00013316228823700993,2.8806835978113097e-05,0.0,6.65771983686916e-05
potD1,241023_161758_Plate_1,A6,0.0,6.732422243632342e-05,9.902726552829323e-05,0.00011200179375569905,0.00020350591212161723,0.0016051566380124469,0.011274326033503443,0.0737372763588331,0.34897642519678646,1.061924328669228,1.941404074311315,2.781912117186596,3.758123524554118,4.295368325748342,4.324474249562309,3.21080241524752,3.8612895004370733,3.6896039739942483,3.331821772124993,3.302591256244886,3.189349574143596,3.1650641528134846,3.172729072772967,3.1252991537028456,3.059371425753434,3.0330293993680573,2.949798087190496,2.7799728145918845,2.5459689849992606,2.390550313740403,1.976735187542694
vpvC_W240R,241023_161758_Plate_1,A9,0.0,0.00016129630030711715,0.0002449765986871702,0.0003758648376156411,0.0011736074395942383,0.009890388393794275,0.044849267613034045,0.18347601540377814,0.5570366153809522,1.8097371450010322,3.0064819264839238,3.7750312631357366,4.676168293223772,5.475040182174378,6.09494556624265,6.549726336405224,7.347573333561087,8.810488834026124,9.508711332949314,9.744545455438416,9.763798708214178,9.75215473363782,9.695517173308303,9.65270378151982,9.527291133172183,9.513421488192625,9.445549910004651,9.401968768930447,9.380184217333738,9.397762198366706,9.32196300690964
hapR,241023_161758_Plate_1,B1,0.0,2.5506668348533238e-05,2.481865531005934e-05,7.200395527980232e-05,4.580892479425238e-05,0.00023335859918246487,0.001153937809897494,0.004718455362113422,0.01960627031753763,0.07324645852060813,0.27931605805020004,0.9030026341014868,1.8788360520123113,2.284831237096853,2.6387088185787637,3.0416166885042513,3.4069070503743024,4.020496827165033,4.414393875181987,4.348233013608009,4.066019611532989,3.6902009860041454,3.4265417702167658,3.212416293798302,2.9535555779237836,2.799143674761373,2.5214788528186625,2.309573763511276,2.0061680735742455,1.8038147751625164,1.589326289761223
flaA,241023_161758_Plate_1,B11,0.0,3.5349036298327696e-05,4.725513572881263e-05,7.020484049456156e-05,9.536859242084018e-05,0.00017975104032403745,0.001094316928323497,0.002923986195699535,0.010243172534438075,0.04605831290173597,0.1826812210125584,0.6455247363437644,1.601100340327191,2.7398656052813304,3.2858545893246665,3.306936529946134,2.9205149390205056,2.3238841286818523,1.8287721108718638,1.2701200118893579,1.1172446773322335,1.3440703854889589,1.454809994068766,1.4418486740716676,1.3936102106753836,1.3566370636276053,1.2958685038748425,1.2619333835520097,1.17773141692036,1.0931376841462246,1.0207335763336545
luxO_D47E,241023_161758_Plate_1,B2,0.0,0.00015702220391987536,0.00015886904221472319,0.0001690245127686909,0.00023200235134364938,0.0016521702470387006,0.006291171717088262,0.02706842555059424,0.11055078773195884,0.31913738106749684,0.6959493457679997,0.6569613918621321,0.42133193340953656,0.2570875360346612,0.22089564744992926,0.21160848261251772,0.22179222212319918,0.23592411233569224,0.1742833412428294,0.020810420870157515,0.014202145959847914,0.015869054050579343,0.014288824051680239,0.019232400491153896,0.022150237001699397,0.028364071353674532,0.01834973492036165,0.025900396665587834,0.02008192176351387,0.021692576837329797,0.016031770753942156
rbmB,241023_161758_Plate_1,B3,0.0,8.811271965048405e-05,0.00011849075989199095,0.00013668806314057956,0.0001458080552524238,0.0005799505208267841,0.001997869760454044,0.010798282018859332,0.05452855437918632,0.17293192861946316,0.48136406242975943,1.0436625960075854,1.648894605922452,1.9917548514000596,1.9671615947073897,1.8736145543440341,1.7480611965454265,1.719483000049719,1.568300994056568,1.6372313707368356,1.474947629819645,1.3234529733116212,1.2262714961074628,1.1326033412879715,1.0379150429489363,1.0136429301648053,0.9763905711598946,0.9306383314087238,0.9037996086866713,0.9304855840769657,0.8928901454696386
vpsL,241023_161758_Plate_1,B4,0.0,0.0012656579707444804,0.001252687756091023,0.0016108801153095224,0.0014105212931127765,0.0017213625145031909,0.001619103191674808,0.0022109052736444023,0.006148576732722843,0.01315354823398054,0.017786145417697432,0.019493891350226042,0.017790561313632627,0.016117606862890578,0.014842345873379983,0.013934774596011543,0.01442279228941133,0.013451931853807657,0.01567906084689654,0.01283659685181134,0.0160219351365684,0.013657117531814228,0.01542275363304531,0.014121925522286412,0.01573446786830121,0.00899817343968253,0.00934813937867997,0.008961858497205313,0.009130294531484043,0.0090283477254163,0.008205543191919745
WT,241023_161758_Plate_1,B5,0.0,0.0003430908778980545,0.00045505369567085135,0.0007460772883079624,0.000664613939555251,0.0022036596063218688,0.009510046200174312,0.04563467914495183,0.1987731122870043,0.5119969713583636,0.6731901939673902,0.23920930350403133,0.023764924765578815,0.0065510852125146785,0.002297886318809855,0.0,0.0004571224188594413,0.0,0.0,0.0,0.0,0.0,0.0,0.0,0.0,0.0,0.0,0.0,0.0,0.0,0.0
potD1,241023_161758_Plate_1,B6,0.0,0.00045772266772172744,0.00042283273613346375,0.0003330108514180606,0.00048443642386579254,0.0015634053216949132,0.00776874601249553,0.05031749903608133,0.26426037417843645,0.7608935119800356,1.7061900364369516,2.565966580070323,3.353809362644301,4.078596254361843,3.7260411009614485,3.0698757474048843,3.338577163313937,3.303459989974981,3.1189559261766093,2.733917420876239,2.6240773094996483,2.6515461484037606,2.589856155753904,2.4762231756499364,2.475753363913684,2.4195270978443757,2.435672169801052,2.0365934828766474,1.8197164144188427,1.3630319202869925,0.9363749166204338
vpvC_W240R,241023_161758_Plate_1,B9,0.0,4.430337780775297e-05,0.0002546175100269173,0.00040482725651520867,0.0012488726172841913,0.00901010966725354,0.04230015005343795,0.1625217030694945,0.5396455558857536,1.524970775919649,2.2264624288788872,3.0991294027669474,3.6699900529347,4.321537006650392,4.615288717459311,5.043449386190339,5.340818480175614,6.601896505420624,7.537121135654788,7.982233146846729,8.172932572869009,8.308957549409596,8.354374199795284,8.296108181703813,8.136055193850598,8.114975259542597,8.090196886994276,7.993572496162073,7.9655784712700894,7.939057949863495,7.890051737181491
hapR,241023_161758_Plate_1,C1,0.0,0.0002281233515792449,0.0002529947167566416,0.00025756878375766083,0.00023032187656127153,0.0004388093111976862,0.0011256346121006435,0.0038090313211377015,0.014912170932111153,0.061340328995421224,0.21410906477432481,0.7959234775604045,1.7024298706190448,2.392821728090592,2.84268154634186,3.269779337076552,3.69609821004724,3.989017969539578,4.685909613864702,4.843241773151696,4.536185796497493,4.136482410437383,3.780202536090288,3.4976537452811316,3.2034571010229196,2.9507310898285684,2.490404267356289,2.341398843963575,1.863209812717535,1.738906923224187,1.44178500705773
flaA,241023_161758_Plate_1,C11,0.0,0.00018768542824492692,0.0004238932667430464,0.0006172789859891119,0.0005085642158347162,0.0009362059850267293,0.0024123237637359413,0.00917760139666168,0.040197302147902764,0.18046453220596723,0.6359806363163872,1.5493638694056848,2.6903269838829846,3.2276648111448427,3.017461878180673,2.558874730113395,2.054148257550543,1.3854709313357958,0.8323777919462829,0.5688071883369152,0.8239956818003843,0.9148738236776909,0.8576568065810928,0.8294750576259553,0.782687693881373,0.7596753453215532,0.6297285622985513,0.5461976406436362,0.5287429141345,0.44989308292850794,0.3908594225547015
luxO_D47E,241023_161758_Plate_1,C2,0.0,8.690069231120282e-05,9.21595742870337e-05,8.565608912897092e-05,0.00029180348011929007,0.0022094018760883943,0.011643474335534233,0.047793479120382856,0.1825973437343224,0.3864668399819624,0.8597713272183639,0.6873489487171719,0.44081241456056636,0.28920149218727953,0.24822742839357526,0.24185185909429258,0.26512415900198616,0.2582522010007589,0.17674800370591176,0.01844357020109273,0.010145990722848339,0.011621798124864604,0.014363676931953253,0.017448137106947953,0.021255974939082784,0.024399816642455177,0.021239349288174263,0.023240994729937008,0.020224983951408034,0.01723807140582475,0.012394658159748962
rbmB,241023_161758_Plate_1,C3,0.0,0.0005317170732141611,0.0006193644819582645,0.0010015729483628347,0.0006323533887654986,0.001730474989627255,0.003656002035460741,0.015249925778592958,0.07573141818823889,0.25519749512321277,0.6117295229465171,1.1511052296713058,1.45161881874937,1.4611626512682852,1.3578462687526132,1.1803937280105345,1.0876235990977192,0.6692271898582304,0.9836706801969011,0.9163012822690704,0.7824898044966654,0.6988225872804004,0.6238877156638067,0.5721062364435819,0.5442972270915768,0.5460975256017615,0.5315922136395584,0.5112252094457155,0.4971104397747855,0.5066360482797322,0.4619748417905147
vpsL,241023_161758_Plate_1,C4,0.0,0.00021614941869052784,0.00024238686933042723,0.00022439517977338426,0.00021952266026910894,0.00032467789595204036,0.000360512259477412,0.0003802285025236463,0.0005500613322363072,0.0031117666362624257,0.011667861744465453,0.010151032588584434,0.012938066155274548,0.00430159625712749,0.0016659095485201869,0.0014825641307475196,0.0007828627112925862,0.0009248742597025511,0.0007104737177081149,0.0006731311414744207,0.0005729075580412726,0.0006709293462014471,0.000622706063910377,0.0008083574380633792,0.0007089221017518453,0.0006753125392271726,0.0006723882704756602,0.0007575777780330563,0.0007372251657944648,0.0007182122024946265,0.0006604610044381256
WT,241023_161758_Plate_1,C5,0.0,0.0001287418780965193,0.0001285739964735279,0.00015673748797613902,0.00022415824752865894,0.0017072234885024758,0.009902797442571732,0.053356798432534165,0.20044419752236867,0.5092777277797806,0.5406187516702299,0.1381856423875406,0.008377430754128438,0.00042588283417775333,0.0,0.0,0.0,0.0,0.0,0.0,0.0,0.0,0.0,0.0,0.0,0.0,0.0,0.0,0.0,0.0,0.0
potD1,241023_161758_Plate_1,C6,0.0,0.00014265680557096962,0.00026902811061817644,0.00042074332785305564,0.00046636754474206166,0.003561685908269356,0.025865219302844945,0.15423338139034612,0.6296445646415075,1.6258466118600812,2.472382957924799,3.277915339437482,3.7630965068612685,3.7026893510405636,3.045339737523066,2.2166085540526033,2.9192589867917764,2.523548164525869,2.0130760114636015,1.8761457194107505,1.803262905205569,1.9246083548981263,1.8782073402496764,1.8713282932742081,1.7510103435838975,1.7860753527727786,1.5521826060689687,1.2153039835541928,0.8920597992038293,0.652661193336718,0.3039385667931812
vpvC_W240R,241023_161758_Plate_1,C9,0.0,0.00015896066386293184,0.00030523131481084774,0.0004005471411875736,0.001123802246013586,0.012948185331617944,0.06526046821741369,0.31099717882371525,0.8172532647718435,2.1176200571881543,3.3980797392706488,4.122801827063289,4.898639030497504,5.57072194006388,5.959111456989645,6.389963929618774,7.2266411175650855,8.55361249592215,9.229744146059732,9.42301232208763,9.441419579352557,9.49312562118652,9.431232188351371,9.360609285632515,9.212262468073058,9.208117424455558,9.186306122012658,9.052935765693963,9.02675069989862,9.008048514554423,8.926035101526882
hapR,241023_161758_Plate_1,D1,0.0,4.285968814044635e-05,9.216883007981623e-05,0.0003955254188386606,0.000416844485648488,0.0020920631681385217,0.0008231369796376112,0.003088629495005119,0.011894149827490829,0.048161233703327026,0.1680403625126989,0.6195020481848084,1.3984017553682346,2.1481531386464803,2.453959048258116,2.8496167700943316,3.3057982145635356,3.6785340725771776,4.554728546798387,4.662591302501558,4.51364085209777,4.176554776770772,3.870385724422076,3.6465222043413403,3.34418969147643,3.173915673432943,2.8773287073132168,2.595907665302413,2.3391858133352006,2.042268340510769,1.7938091561612064
flaA,241023_161758_Plate_1,D11,0.0,0.00011230355667617143,0.00014031477567454434,0.0003191905416865925,0.0004762796695359295,0.0009707951635389645,0.002423735674721581,0.00816251378704826,0.03495544441058868,0.1433550427828582,0.5507940379135146,1.4058312010041096,2.592454866707256,3.1856673201652246,3.081527345972407,2.5358921418699643,2.035810686239945,1.5769350971735983,1.0907111148881201,0.8466656864060581,1.0225825948224672,1.1468157983614842,1.1128751941151815,1.0569299456851238,1.0086008637973631,0.9720389775712337,0.8674167859372418,0.7593192915587337,0.6855577120561348,0.6321295510599846,0.5464935050025231
luxO_D47E,241023_161758_Plate_1,D2,0.0,8.659954466019289e-05,9.40051820429567e-05,0.00010171216102036533,0.0002013709939641244,0.0020492997335553025,0.00895059906604297,0.0401413594408031,0.15031598747394412,0.35638520580397787,0.6939126700931483,0.5731749996260803,0.34943585091700474,0.24266869618277478,0.19810876170952982,0.19263390677696535,0.21330846544948134,0.22368013634237532,0.17194645419658464,0.00826095221963788,0.0060460918333839426,0.005486000003859367,0.00752445327244042,0.007262585895208116,0.012578624397784637,0.013837208241007792,0.011648464037120254,0.010917917153200583,0.010141309324764685,0.009267275583267544,0.00577300180740281
rbmB,241023_161758_Plate_1,D3,0.0,0.00010874298560941712,0.00010814125876287885,0.00012362239478019656,0.0004701148902169306,0.005600694925680053,0.033706387212465765,0.1483776880359648,0.429346440114772,0.9867592660211498,1.4523990740556842,1.427989127536547,1.2412927650156,1.0907451553399,0.8419297834732868,0.26790939023041405,0.5329786431205904,0.5601404491875305,0.4834951150899775,0.31405116242841424,0.263188668402857,0.22267354212642795,0.20405084023397765,0.21054927616982164,0.20651151682097738,0.22154823434279067,0.2474232310799189,0.21555696769990673,0.2056368444030274,0.21362471395316684,0.1904154858530832
vpsL,241023_161758_Plate_1,D4,0.0,8.16085189072856e-06,6.550835827751051e-06,1.1340148496873087e-05,9.09109785410076e-05,0.0002347832154964364,0.0007365678975035198,0.0004191448644773918,0.0013482593673713283,0.009626909278078884,0.01314439543195584,0.019278429334654696,0.010344722759211016,0.0032127003877848643,0.0009694715985464844,0.0004942048966156076,0.0003876976062890013,0.0005667812130005406,0.0006488691271347272,0.0005554172529067007,0.0005290842549319138,0.0005734035856067936,0.00044726572181888393,0.0005206878999604177,0.0006170180983616215,0.0005971470347930493,0.0006855511246602598,0.0006485966028891429,0.0007570143048965731,0.0006718079777446335,0.0006709307506208722
WT,241023_161758_Plate_1,D5,0.0,0.00045623417038704873,0.00044133017718861857,0.0009163327145133463,0.0009036924046705557,0.0015402946637753368,0.004008878332769673,0.019362185565311666,0.09839732991444516,0.2890982673595349,0.6431967439538786,0.5665502863207855,0.13910966342900388,0.02180272679038241,0.010119364268090823,0.0054041067021312296,0.0022654596118266914,0.0025924015656462176,0.0023769969306399533,0.00241697239203301,0.002493558325876593,0.002384239120352482,0.0022334357725871832,0.002362586851690195,0.002426808878809269,0.0023621665958965137,0.0023697556103299254,0.0024414393847316525,0.0024049374538395517,0.0024215795565184807,0.0024647964179446602
potD1,241023_161758_Plate_1,D6,0.0,0.011761956508404597,0.010433040009143774,0.01171306398681891,0.009213073018712685,0.013735169144520687,0.01993437479625556,0.05616070308914662,0.21944815916246335,0.7275282515582142,1.5151109490300871,2.2978595679636635,3.366235531963322,4.448099540121605,4.86663231179956,3.057327460472995,3.930428266209179,3.8984707021911125,3.5273536716347977,3.387866533702886,3.1693878920835474,3.198990846619767,3.143411416011389,2.9985625391000363,2.934651824953525,2.732634851555549,2.3717219981564073,1.8760773709987293,1.2447643560802073,0.6628925894798913,0.2328787425034672
vpvC_W240R,241023_161758_Plate_1,D9,0.0,0.00018983022415237628,0.00017740387426514327,0.0002653383396520249,0.0008462918433305205,0.007467997617865012,0.03637768324310484,0.16280554961072957,0.5202411608290063,1.4785389309209624,2.4022288637854645,3.1952510114449666,4.051934622241583,4.825755681275399,5.475916272387176,6.177718034530899,7.0713527898043,8.325599652088526,8.873762610524796,9.057989669310846,9.059334568103166,9.00019847873929,8.913894898753655,8.800528825217572,8.60357371381322,8.551041070831916,8.42889737588898,8.36854947319259,8.24499467111301,8.21678189117629,8.115943907683219
vpsL,241023_161758_Plate_1,E10,0.0,5.5778483654895105e-05,4.546962374886066e-05,5.6030382998065e-05,0.00010987669984647034,0.00023625239203245275,0.0004413974956930615,0.0011448712124746496,0.00697502031758117,0.013483088564367841,0.02118683068938721,0.0030969481387684264,0.0010052556704810145,0.0006428425627502925,0.0002216747925961265,0.00017504621518683018,0.0,0.0,0.0,0.0,0.0,0.0,0.0,0.0,0.0,0.0,9.26682015011112e-06,0.0,0.0,0.0,0.0
WT,241023_161758_Plate_1,E11,0.0,2.9150849185061598e-05,0.00017822118618114542,0.00026467394226056953,0.00029245390688132153,0.0009998785497650137,0.004257373095744671,0.023290564047931357,0.11706376275270833,0.32918671095148505,0.7492221177863304,0.7494119150400648,0.23238833261564668,0.022503744752732698,0.006856707343812973,0.002816236997338451,0.0008275849765882377,0.0009062517250028895,0.0008545994523697735,0.0008496900033223297,0.0008642836599540829,0.0008082334144527201,0.0008310107568287404,0.0007511478443265995,0.0008965070605061855,0.0008384264926559418,0.000814475055640541,0.0008108342654737675,0.0008219967248186639,0.0007894927747671194,0.0008168999195322008
potD1,241023_161758_Plate_1,E12,0.0,0.0005342206849092994,0.0004728653453453085,0.0007704633596968728,0.0008154053163168786,0.0023451040367925566,0.007612567550327695,0.03376971649697028,0.15729611252174996,0.5210084954766095,1.2837083048440887,2.116722432544171,3.0063568662779745,4.134015179893066,5.062628405367916,5.185905667418251,4.492318822631725,5.180250538533198,5.136860666009269,5.014740378056752,5.001527733859676,5.013312551641238,4.993267875080877,4.874847496665217,4.756318509814018,4.769703295706341,4.671983123336985,4.578932979941651,4.554327551613964,4.405595856254913,4.345658913433154
vpvC_W240R,241023_161758_Plate_1,E3,0.0,0.004682382113531553,0.004528712011334055,0.0056764406154447365,0.004281090061593196,0.006217958329301258,0.011125793297562948,0.03534527981075114,0.1304994354422003,0.3395005665780459,1.0663382182909593,1.8718566224865063,3.2346093308163666,3.960870060404874,4.584318594051318,5.237833072504456,5.584102713329273,5.974234379113312,6.930271100807979,7.847699463104247,8.295496256097165,8.53599505739105,8.687897731180621,8.674472150247855,8.624086262673485,8.737269092913149,8.668726068485746,8.638952376673705,8.620462860556735,8.612103889892794,8.620711643426324
flaA,241023_161758_Plate_1,E5,0.0,0.0005349380088499463,0.0005915698846246454,0.000610960971135412,0.001002691033418,0.006115574481283851,0.032950187604589974,0.1445558682052964,0.5543442095888115,1.459103504882632,2.554635456640184,3.07928963768842,2.374811587137388,1.663413092676405,1.046118123056693,0.6392156161464235,0.3332788948969076,0.19256117122616845,0.1339808574427831,0.13110795700367142,0.09782525638091104,0.09367127129307273,0.07769052309684431,0.06513809647150696,0.05463986732527714,0.060503081680065435,0.05575277341661968,0.050018498140478325,0.03592164217370103,0.03400658520843587,0.0542180198562475
hapR,241023_161758_Plate_1,E7,0.0,0.0006816571042957184,0.0007328574213824154,0.0008619666354111359,0.00119383663011621,0.00696051895136878,0.028216959756438002,0.10982605380691676,0.3837948852117359,1.0761067579178898,1.9711962910843448,2.4391180800533143,2.9099312342329795,3.4285021391028536,3.770656162240984,4.150682428367417,4.143096490281317,3.8056148368162503,3.3787217569320447,2.9609917781483217,2.5494356940344383,2.250942328860817,1.9158984800092564,1.4098449648439195,0.9491231661276104,0.659402205945834,0.40435395379352806,0.24009922390431093,0.1522940854833461,0.10534192983850758,0.07066458053722262
luxO_D47E,241023_161758_Plate_1,E8,0.0,2.1007432827110027e-05,1.9941781436795054e-05,8.276903749222353e-05,0.0007972035055507066,0.009212275174724999,0.04416165851233766,0.17972772027386932,0.41311318399362285,0.8737965952456459,0.6607642587182732,0.3144985770186922,0.15418290254358122,0.11715970466257705,0.10741259915115803,0.09913701087479719,0.0777222094741591,0.04656892970999903,0.0028979990861660154,0.0009196879393970169,0.0008182155595864962,0.0010345554710527595,0.0010978174771791075,0.0008872447806434443,0.0009077085760865227,0.0015155802257494156,0.001724605185201507,0.0013072913827074212,0.001285186890990253,0.0010532174632505548,0.0009513569955388994
rbmB,241023_161758_Plate_1,E9,0.0,8.783233734383088e-05,0.00033620400630007504,0.00022643726580687823,0.0002471225114424481,0.00042756619805151995,0.0013806426711065454,0.007860354285281097,0.04162064712790898,0.16663707331085423,0.44348525879642886,0.9272941412491075,1.4083818941885466,1.639739596952942,1.5135772561407665,1.3458331993759167,1.262441181489855,1.1334306780835843,0.9953745097916143,1.0144806329133174,0.8725817055658222,0.7304343297343159,0.6263063934222846,0.5678329893957068,0.5470988766518552,0.5245647329062807,0.5954281591709623,0.5561860722262676,0.5769759604844302,0.5689342548563288,0.5148670897094713
vpsL,241023_161758_Plate_1,F10,0.0,0.0002474074146421077,0.0002442267992192459,0.0002750467634398498,0.00027899395779891,0.000352392989770776,0.0004668539888169342,0.0008518439814577347,0.004747288092910649,0.010834606324132717,0.02003934311040072,0.006482948265932475,0.004045370633357145,0.0009004232506345088,0.00024746825944177214,0.0,2.00934714413574e-05,0.0,0.0,5.815476132215807e-05,3.981032574442711e-05,4.568444641920801e-05,0.00013776821549584426,0.00014431363260531346,5.3766746456406316e-05,0.00013137862206544522,0.00021492497895861338,0.0001945608437930245,0.00015765535632297805,0.0003525135558345647,0.0001586808968257411
WT,241023_161758_Plate_1,F11,0.0,9.673571447863288e-06,6.3458430902226415e-06,2.663043394588754e-05,0.0009751750127089161,0.00047927110297451924,0.001779159790892258,0.010757277653044604,0.05087192102375544,0.21242387515530556,0.4853200043155245,0.7583649216822651,0.46754533768592826,0.10472785078874,0.022031091407843467,0.011395855796526265,0.00530755580924894,0.0002873918576317736,0.0007405101697068806,0.0,0.0,0.0,0.0,0.0,0.0,0.0,0.0,0.0,0.00012163509447970444,7.401190054584335e-05,0.0
potD1,241023_161758_Plate_1,F12,0.0,2.5416089983326073e-05,2.8862834193218617e-05,0.00039548594127739235,0.0005537768910181881,0.0010511369161879478,0.002925523834338669,0.013384470232337579,0.06677280724376133,0.2961622295593075,0.9964456805502699,1.7945480145330381,2.6453481110952333,3.539198478188945,4.150960503413586,4.056356336485826,3.7272218164352613,3.9967720366939967,3.889179598291599,3.6048192401782995,3.5979505591557315,3.6616306141309494,3.588850590052262,3.502057870844003,3.446803596771092,3.433717417199391,3.4479710036989246,3.3264394349939845,3.2918532659519455,3.0415197166868038,2.6593428831578563
vpvC_W240R,241023_161758_Plate_1,F3,0.0,0.00045027614835827027,0.000578262208046472,0.0006778502582512063,0.0016622982511613404,0.012162511641407471,0.056211048181680545,0.25926423232619483,0.7677828580312878,1.5823776237085392,2.7243335958422668,3.735473449328857,4.924208826830424,5.984026526362008,6.742787527760709,7.322524509957762,8.147449716786214,9.199852081753289,9.878987183147112,9.862495286469551,9.836735559128668,9.771688201527445,9.745265721972144,9.517018808234338,9.39407793807487,9.340917987750357,9.370141949673146,9.119406937083772,9.199926315351473,8.98051587488214,8.888761809984825
flaA,241023_161758_Plate_1,F5,0.0,5.117467640062154e-06,6.850412869703922e-05,2.9175050006840626e-05,0.0012816400631707298,0.0011059207766305668,0.0031414384742275902,0.01332406548409303,0.06085395514151995,0.25685620809221316,0.8492119657008731,1.9250462662502943,2.983598115740058,3.1404677528963867,2.444782103594728,1.8145017382163446,1.2173230036705576,0.7744519777412618,0.4716571433770328,0.3950853874819318,0.3726312889558762,0.3400747333652946,0.27929996741621543,0.2722338183347666,0.24076527316051863,0.21403940557084003,0.2041228601996389,0.18014691272141437,0.16578732599384394,0.1584940555405109,0.13666434182771853
hapR,241023_161758_Plate_1,F7,0.0,9.79202151971822e-05,8.067794390850525e-05,0.00013239705353083268,0.00019142341092362862,0.0015513329323167855,0.007433385366747936,0.03741929097286216,0.13556564444833105,0.5009248094947893,1.3124497483786846,2.131494985459835,2.486283165746132,2.94130435913886,3.2698492905393453,3.467184932730783,3.769904664094327,3.820482422113013,3.516070766604921,3.0894085465233547,2.7978112819896497,2.5158545542838446,2.2135571519045616,1.9125650570652326,1.5516819639824797,1.2239582166829828,0.8794613544353297,0.5785268407924294,0.45239506282202857,0.35116669754276275,0.2784433651948683
luxO_D47E,241023_161758_Plate_1,F8,0.0,0.00017194012762146015,0.00016913861850312422,0.00031088664432724864,0.0012202754276876874,0.009474209429072783,0.04839932960986169,0.17512829347065972,0.45405378916645206,0.8950770940229755,0.8595907590065658,0.44154221108325037,0.25172827150849364,0.16589188836389812,0.1457273880757309,0.1329981717956201,0.11328015650582565,0.07313893349433814,0.004503194646659672,0.00116007652720459,0.001713567719185444,0.0011201417270977456,0.002690968469174676,0.0036530587736084315,0.0034734776680348306,0.0037309652629742983,0.0052826353897073375,0.0032263381029279353,0.003035656599972604,0.00239020348901952,0.0017959046168205658
rbmB,241023_161758_Plate_1,F9,0.0,0.0,6.2897846857131905e-06,3.401485790762084e-05,0.0001751256183860405,0.002187802440347337,0.013344691055278458,0.06410626283217716,0.2747236600318275,0.6442776118942789,1.2892756909536323,1.5723807656093574,1.6534013878575862,1.5443664769513838,1.4075906710352937,1.2291568423777655,0.6726014078426975,0.9933843805891374,0.9921093015053809,0.8393180983595316,0.6927092164000717,0.570690314154623,0.5282585566256305,0.49971605913416667,0.476476642704155,0.5109302613033105,0.5293967716925555,0.5002895103362797,0.5077561062098043,0.5236874723439616,0.42241147049533884
vpsL,241023_161758_Plate_1,G10,0.0,0.0019356101754116378,0.0018147459734420804,0.0020065067392870404,0.0017313647896487266,0.002653288698524728,0.0026356819603321037,0.0031914538625821987,0.0037417247876984226,0.015341886493777109,0.023619086508621042,0.03089945168497972,0.027279068401224044,0.014414802480424843,0.008011151480351772,0.010742985344695206,0.0049436510743345345,0.006400732482753489,0.005124283421286378,0.003735186145240752,0.005056229602958717,0.004307867993017277,0.005306837549028676,0.005789913023594434,0.006325225544291073,0.008560839905792159,0.00882142591749185,0.007831569037235862,0.011115274196068977,0.015672835256216437,0.02425369014512968
WT,241023_161758_Plate_1,G11,0.0,3.9058689830911734e-07,1.3764866596421082e-06,2.474549709589261e-05,5.0056527812196466e-05,0.00036254683521083755,0.0018460263397887886,0.008329826285786912,0.034900906122914105,0.15147400485476306,0.34615017823343414,0.5417362682699136,0.3352033307088478,0.09249920303029127,0.03154380466738315,0.019118812385594413,0.010272747601217139,0.00052478893843593,0.0038721254657041924,0.00028273681581933023,0.0,0.0,0.0,0.0,0.0,0.0,0.0,0.0,0.0,0.0,0.0
potD1,241023_161758_Plate_1,G12,0.0,3.15141272786174e-05,7.993576174403424e-05,5.501274937666523e-05,8.613999187345518e-05,0.0004222683935944792,0.002370207231490767,0.01199317276606975,0.05771678777427254,0.2868292405223685,0.8934816735560661,1.5668276243254111,2.352839712740218,3.345242805413906,3.932821798172236,3.927128348700011,3.490699729059209,3.629940692329037,3.607913778065826,3.426594134998187,3.3808200933073698,3.4002414082743333,3.324550223358768,3.2151291639877795,3.127195989329227,3.106783087371029,3.154294930907615,3.0410181383206982,3.147736158438184,2.9752648258884604,2.8386049180134982
vpvC_W240R,241023_161758_Plate_1,G3,0.0,0.00022269198014716603,0.00032805089008529413,0.00047946143524517755,0.0012505204694096377,0.015500254178320207,0.0805641658719378,0.26862109649336047,0.7771814334553788,1.8772895187168184,3.577742836187829,4.214776051424768,5.0845620929321464,5.726637575167875,6.3888976408895495,6.785943999151608,8.010336248314061,9.144949313799346,9.630554080872587,9.815598378009811,9.814327712815679,9.876029877100551,9.857019388253986,9.761326261254851,9.62748308372971,9.711165749559651,9.654135620562263,9.63135861257182,9.660802600204542,9.64677111260552,9.58585809828332
flaA,241023_161758_Plate_1,G5,0.0,0.0022036245627133568,0.0019052862855705357,0.0023025396285050077,0.0026598268728425904,0.01012884075535445,0.05523835731942616,0.24948517961671068,0.8464982261088941,1.9747489372129148,3.0239103034095605,2.6247811242629684,1.7943976747774373,0.9496036113252243,0.4395999725831692,0.1728893278969019,0.048095513561944074,0.02356493811452972,0.015406355364329424,0.011198362324342293,0.01011867142117444,0.01054477896246021,0.013374738274492814,0.011144307558212645,0.01737719720670172,0.026231420999167653,0.03957272472854701,0.018241672202083194,0.01971275406711959,0.016029090987924842,0.015952693915055376
hapR,241023_161758_Plate_1,G7,0.0,0.0006913595024554386,0.0006663146914790425,0.0007880360574377171,0.0007428267261100193,0.0015247308877064194,0.003166709530485658,0.010456259074867543,0.04215033862704946,0.16211256225240622,0.5681691137781132,1.2891476212774866,1.971107812660564,2.3075460493698987,2.634641218660992,2.9692748432861933,3.3333640921622103,3.8010160988473305,3.8617842573374004,3.5871584652763673,3.2874266028011574,3.0391335412064495,2.785249820266011,2.5773213111222266,2.320793068404331,2.092296836780011,1.8219172734121996,1.472614354137636,1.1890864823578415,0.9572856518262702,0.7164043134318346
luxO_D47E,241023_161758_Plate_1,G8,0.0,0.0001236396624514137,0.00011531699268575438,0.00032558765879248314,0.0027099746110087353,0.031712009306842315,0.12196686516189302,0.3935694170282136,0.8607576643560321,0.9267611306387257,0.3357476903657266,0.09251436407237076,0.0597659875265402,0.04404557254651497,0.04627839545721589,0.03240974560913596,0.017449767571023372,0.004038268952464241,8.815486560866002e-05,0.00013682663252385574,0.00019927921154611663,0.00022307564078325612,0.00022655616663049149,0.0003033995573055408,0.00016239949182866493,0.0003690158385281584,0.0001668772156571226,0.00023150988832838359,0.00017520018636980157,0.00027907828984153124,0.00019322992231784157
rbmB,241023_161758_Plate_1,G9,0.0,0.0002565420862808,0.00021330841863550048,0.0002596609273120922,0.0007412985840212834,0.007498039486910132,0.043749325650527464,0.2016999758705974,0.5496142587193181,1.2103556120255392,1.59858729895877,1.4319938629657671,1.2803888592172001,1.0871124573040996,0.8248375309300564,0.22672229607305727,0.49293561577776335,0.46105500056876897,0.3614169062185205,0.24842440824951234,0.18130877553637348,0.187669859252443,0.19541142038626674,0.1771674837250534,0.16511486322226163,0.19604570970033264,0.18662362028243862,0.16619907501843595,0.14406113136810425,0.1563889110748301,0.1259204395977701
vpsL,241023_161758_Plate_1,H10,0.0,2.0085016836418317e-07,0.00014638265005321153,0.0001781535801051059,0.00017596481918193948,6.60426562723653e-05,4.565126199450645e-05,0.00015844528206019077,0.0007839089368871675,0.005535899026033039,0.014375793058964905,0.008299736265218646,0.020123449777142813,0.014302847514025403,0.005249736530288878,0.0015742987344042306,0.0,0.0,0.0,0.0,0.0,0.0,0.0024636363674995303,0.002282684347935689,0.002157970498567712,0.0021843122574446263,0.003272290238377278,0.0032176781852443293,0.00036579414718096833,0.0010312761516951597,0.002834208416441792
WT,241023_161758_Plate_1,H11,0.0,0.0019324686229119285,0.001854800149200058,0.0013089235855878452,0.0002484051075139846,0.0005856919211908089,0.0017650921896508764,0.008811685934393229,0.04171449377774969,0.1737159825459367,0.4480812213650565,0.9544807587258909,1.1018764499489822,0.4800321645486905,0.08597233094494487,0.021933283626452825,0.005927678142679832,0.0,0.0002109852614610639,0.00016219451346971634,0.0,0.0,0.0,4.1449305951733765e-05,0.0,0.0,0.0,0.0,0.00013572544062806085,7.76131797127908e-05,0.0002435769542881192
potD1,241023_161758_Plate_1,H12,0.0,0.0010545527986153597,0.0008792170523324784,0.0011460156136747566,0.0008664769618333904,0.001796288290832079,0.004636960915502012,0.021983327103195942,0.09780253153707066,0.3833569002947407,1.079277335085718,2.1062006559655804,2.8806501592535696,3.8939558281250055,4.840728798660391,5.036457383766825,4.314755667140642,4.964230099047586,5.0154315530452465,4.816050474276829,4.676397681729871,4.629781991540728,4.5350622609574165,4.3807269989693465,4.246920202595026,4.303805542637397,4.238097104749647,4.166679501267534,4.02844269788665,3.8940651722088164,3.8665089249147706
vpvC_W240R,241023_161758_Plate_1,H3,0.0,0.0001893065362118925,0.00023232610345969183,0.00027537026811056493,0.00030442037628395095,0.00037508115820101423,0.0006925169781316221,0.002207761112937189,0.008936864512836682,0.03491091093939003,0.10924134049855677,0.36982647610803554,0.8790744034451579,1.4555423653603963,2.155333734535651,2.6259762183166093,3.2771505327448436,3.9499644091834236,4.492646788006043,4.965947503373132,5.778693049930225,6.478745975504125,6.858506338219406,7.0475893443605155,7.089683138386426,7.1479371185971114,7.1557089081871315,7.170266049913833,7.1753373415807395,7.157883083211412,7.131799001860444
flaA,241023_161758_Plate_1,H5,0.0,2.5972499558872277e-05,2.793141453646973e-05,4.4580151425254785e-05,5.519054285694203e-05,0.00027900499921067586,0.0017114955317622724,0.008366422112149146,0.03799167615375442,0.16765345164879644,0.6337163778175546,1.59449421886,2.893423688310398,3.5658550276484275,3.691564409757452,3.192031680859953,2.501905927430904,1.908684713070807,1.124316798540095,0.8256511579169955,0.6027854443992335,0.6374917247406754,0.6306911246216663,0.4868511358113223,0.45571494315016753,0.45672254721055866,0.3843297817567742,0.3564232321318402,0.3011075448037836,0.2725421887142485,0.22711804809162633
hapR,241023_161758_Plate_1,H7,0.0,0.000506663501335637,0.00042741512264764887,0.00024150711425170073,0.00019003056123951048,0.0013091494296068238,0.005334820940459297,0.019339805138616023,0.07697849582374357,0.27806585725340244,0.8063106973826478,1.436723479449683,2.037550828784755,2.5752460473517425,2.9577196146420786,3.3165113265695165,3.7956447964403766,4.447110828846337,4.559144710242045,4.217582883961496,3.937126477464387,3.778103263435346,3.5542776626790884,3.330710140711471,3.1303703784926373,2.9260274858953554,2.707460833992044,2.2795347701821216,1.929907563774592,1.601160262222662,1.2583337228112568
luxO_D47E,241023_161758_Plate_1,H8,0.0,7.699883984227284e-05,7.234658011783344e-05,0.00013947166256738974,0.0006550878963490535,0.008471939487412407,0.044573283145494906,0.17149149586768045,0.4463824356284601,1.072341108176514,0.8658326008257332,0.4303972066654944,0.2531057394560512,0.19306935036357223,0.17388732171579843,0.16221447628868735,0.1440376307497243,0.09816311288060837,0.014589169177304406,0.0065264166521899775,0.004580003950068961,0.0031498666627060553,0.0025182531020305626,0.002237582086869876,0.0016503881056653688,0.0016119182487731305,0.003946451086798757,0.004031033985480184,0.002483831450692607,0.002381532202226282,0.0008748396776157997
rbmB,241023_161758_Plate_1,H9,0.0,2.9773608884418587e-05,2.4171044743360844e-05,7.321900546470327e-05,0.000286203692047296,0.004254611070875315,0.023497852342448645,0.10217428857604906,0.36438999526433397,0.852341747828258,1.5882313107494563,2.129823057572816,2.3465360764663465,2.2621833019392876,2.13948011304824,1.9790328177221514,1.4065663142574745,1.7546033166131023,1.6703267151205765,1.4818720194794088,1.3125711972203977,1.285428518008485,1.2544525762914454,1.1907277805259706,1.178844920893115,1.1773760319286954,1.1261438144579141,1.098363127564315,1.0287302736630375,1.093464913872272,1.0842588776636504
hapR,241023_163737_Plate_1,A1,0.0,0.0008401778036790368,0.0008525159627140854,0.0009668470730265568,0.0008685389170578938,0.002000808675293847,0.005383379745238734,0.019908989580761365,0.06850214244670944,0.26006259126766973,0.7636432314601431,1.531441003088183,2.4198053066447756,2.859866089304454,3.3066132459698996,3.7580181262201195,4.232186237774995,5.004702791794243,5.009794146595794,4.801583616656027,4.4763836110634285,4.202301128688561,3.9594882454448097,3.6916334938177435,3.5334191585004424,3.2221543374605734,2.965966633014706,2.6186938354576768,2.2423531002882746,1.9822996310591565,1.5703992635547774
flaA,241023_163737_Plate_1,A11,0.0,4.426670039130984e-05,4.7598857351537625e-05,7.47503175287128e-05,0.00012160937354109054,0.0004924171643154217,0.0025509330057729373,0.012503390986724539,0.05981204312088719,0.28034623982477747,0.9646685844283283,2.153154476850595,3.1829636121405676,3.9611051334657885,3.6749770794361014,2.9348459023426505,2.02886529716592,1.3010497415196003,0.7833102529493835,0.9369943324640169,0.9267175936365478,0.8781442765230513,0.8204844994834126,0.7479182815429173,0.7394350197598539,0.6957443005319357,0.6787809870673522,0.6115441395824044,0.5827346151442491,0.5520939952842299,0.4877671048480816
luxO_D47E,241023_163737_Plate_1,A2,0.0,4.0603203437517175e-05,4.3497350736217075e-05,0.00014845172769051355,0.0012215892286213071,0.006989638317482958,0.026920235225485006,0.1032181600961654,0.3384843688083155,0.7767779638176832,1.1663201747058753,0.9167422699685506,0.5976456036889584,0.4068444575740322,0.3404479344205235,0.36987119683515757,0.3805086507603952,0.335473708199025,0.17850657758374808,0.007672145764302015,0.004848512626131197,0.0026787887420262014,0.003631304182959459,0.004620171415660563,0.003673550858071358,0.0042726464913781705,0.006945933453745115,0.0073173408647368475,0.005201130911528605,0.00334993323190815,0.002475244830327568
rbmB,241023_163737_Plate_1,A3,0.0,0.0002883247867050189,0.0003054481571700826,0.00029558561506963217,0.0003196031266751281,0.000785703985543787,0.0022069248814852176,0.009922489409225048,0.04266295171720962,0.14523388846517515,0.41964838896755813,0.8520142505937486,1.309099940541368,1.6359544190938455,1.642020307222183,1.5787184423350087,1.4988353329439925,1.1046972598028457,1.3868768220574326,1.3009843357006603,1.195080076324344,1.0468529019244803,1.0238521231056388,0.9544417024904501,0.9407115631737848,0.8468120804118454,0.8187133928341351,0.7977550411220765,0.7418237031320385,0.735444830103251,0.6779113839347556
vpsL,241023_163737_Plate_1,A4,0.0,0.00023843899951250065,0.0007059320927958153,0.0006272105051464693,0.0006133457087577833,0.00071958425339583,0.0006787264153411198,0.0008672433066996846,0.0014886207898339207,0.00654403302068723,0.01011474439695341,0.00828168546297923,0.004305980052047254,0.00013884974551968784,0.00017527595145392974,0.0,0.0,2.020473088575584e-05,0.0,0.0,0.0,0.0,0.0,0.0,0.0,0.0,0.0,0.0,0.0,0.00015559617649876719,0.0
WT,241023_163737_Plate_1,A5,0.0,0.0018116923643492283,0.00179412608681147,0.0020307257516414797,0.00198865222138156,0.002420907441507899,0.003988046713191451,0.012543001633452648,0.049669424342201396,0.19973849013668088,0.48047275098547787,0.8264942777118616,0.5399723843491081,0.09887804930823253,0.01701662990735827,0.013252738365348163,0.004686910363020756,0.0026733549763933886,0.0018366536458083887,0.001808212279890955,0.004120087084314578,0.001752334777978879,0.003160015264980263,0.0026605297513262937,0.0030966189027289144,0.0036970918033519384,0.005259069231754222,0.003456058653905361,0.003517147287532815,0.006820329938109898,0.005398675879091498
potD1,241023_163737_Plate_1,A6,0.0,0.00010361565760744849,0.00018912658995726839,0.0002161707391149431,0.00041388655095704255,0.0013204905177271694,0.005489268957264067,0.028470238774500264,0.1204337474157655,0.4548543349896032,1.2673856741458107,1.997382025650843,2.8025787509209277,3.9065247800855776,4.516431232864089,4.6889494462717645,3.975027945752154,4.511669983504551,4.565071694601528,4.288529538796393,4.247581884775593,4.234709511342084,4.261674631812395,4.302208851505293,4.250425900988528,4.238952463056646,4.335593907553298,4.310708264111746,4.263331177962854,4.268291453618063,4.211801022942606
vpvC_W240R,241023_163737_Plate_1,A9,0.0,0.00019050102168378312,0.00021232004843352165,0.00023231962306720174,0.0008140240363737387,0.004505632317518947,0.018735478778598998,0.07495478093387219,0.25298813604847825,0.6888250604100636,1.742124113741505,2.5749394826543788,3.3717137708779297,4.223755307334795,4.9443823087152,5.403253617646157,5.797371427021313,6.046758598225287,7.052421884725156,8.043906553971947,8.567230014176346,8.819380146529292,8.90293173321289,8.916725138280801,9.007214556924376,8.92972270567449,8.96063263967855,8.875726791406466,8.883310656301987,8.974324391530931,8.888383285511203
hapR,241023_163737_Plate_1,B1,0.0,6.21621611356587e-05,6.124749553388005e-05,7.038205816287409e-05,0.00010228515077038153,0.0004748802190805134,0.002112834665189927,0.008886939408587972,0.03083743252316747,0.11764804135981768,0.40797628587642887,1.037076203289461,1.9438473628482897,2.4708385646970017,2.8509605988528026,3.2796590933465275,3.7824740173175924,4.3748755188732416,4.630986114004958,4.666520600544515,4.425501829677766,4.110154628877604,3.9101614238711915,3.6840561828795404,3.5051496667697943,3.313515967444248,3.0698954092768354,2.8553492089248818,2.5426064036328873,2.3688148499464576,2.0658780354660626
flaA,241023_163737_Plate_1,B11,0.0,8.666884941496562e-06,8.134343808465445e-06,2.3606997801226735e-05,4.7964956057102494e-05,0.00025549303178423386,0.0008948903396779954,0.003034217404447458,0.011708188645100362,0.0563786522646427,0.23431676099138105,0.7903727438526155,1.8227458139958908,2.6860183588410202,3.131340029789993,2.979194725825457,2.4451588223862313,1.8364962839556622,1.3372435695406812,0.9239723549231773,0.9683216131072347,1.0097030655376016,1.0074036965531417,0.9983357615879876,0.9665150281481948,0.9831800696777341,0.9595697059512852,0.891353108724544,0.8430206161038938,0.8212547232224047,0.746449961033979
luxO_D47E,241023_163737_Plate_1,B2,0.0,0.0001581722428608174,0.00015994280780545943,0.00016104089660309604,0.00027541511590420636,0.0011219525587536185,0.004799370251642075,0.019442771820694846,0.06990193397541447,0.2297433761369397,0.5684053237499913,0.9196047442653588,0.8099080843014742,0.5517228272933116,0.4213000397131638,0.369719566351228,0.36992077284086344,0.405497218082672,0.4170471233083947,0.3476499176112252,0.07759784479021105,0.027473161172085817,0.02643451409223083,0.028708486492087067,0.03026810630153731,0.039790275316434816,0.034331286979518136,0.03680251008762916,0.036236605299226995,0.04092388990658598,0.03414381437431781
rbmB,241023_163737_Plate_1,B3,0.0,0.00031771819517530233,0.00031453507854832156,0.0002813312594832708,0.00034623723217465553,0.0007324970874842049,0.0027861744632646478,0.01388120736405375,0.05558828513846778,0.20640555671920963,0.49943976970698095,1.0646165338300224,1.5885047043975418,1.77247829891592,1.6755864664989086,1.5317231576383965,1.4327462305149257,0.9957380537913679,1.2377639271401413,1.2371889177012378,1.1500454948993974,1.00213638806076,0.9262812204580357,0.8081141056787023,0.7520091546968763,0.7488425232788616,0.7153667818622659,0.6833181312129145,0.6410098622776572,0.6463552832409202,0.6181998169921668
vpsL,241023_163737_Plate_1,B4,0.0,4.1219556309211106e-05,4.1610653680542695e-05,4.4369170845191796e-05,4.086529485308634e-05,0.0001161662852383794,0.00017829171478713144,0.00038768433118157843,0.0030804479493285472,0.011377780918525275,0.014427634861343294,0.007583088117823768,0.008586435784200114,0.001735402829881456,0.0044906538499647165,0.0,0.0,0.0,0.0,0.0,0.0,0.0,0.0,2.1388504650059885e-05,0.0,0.0,1.9592331789129128e-05,0.0,0.0,0.0,0.0
WT,241023_163737_Plate_1,B5,0.0,0.00028601291169996394,0.00032961365445671433,0.0002459474938988739,0.00037608034912027787,0.0009275837191591392,0.0049010764338483165,0.02766630763176354,0.1208924374877135,0.32735819698627894,0.7581910746205729,0.7138072075292542,0.1700209684139314,0.017416974377447377,0.0028546657248046683,0.0012816160542862725,0.0,0.00033882912702633044,0.0007144608644559633,0.0005297247370668732,0.0002576845012305773,0.0,0.0,0.0,0.0,0.0,0.0,0.0,0.0,0.0,1.0834070638437714e-05
potD1,241023_163737_Plate_1,B6,0.0,0.0008724067550317245,0.0009988810107105024,0.0007884425031070516,0.0007911033094621275,0.001076139995844284,0.001651846896185351,0.005430790938716522,0.022922002258203334,0.11800249675957734,0.44319297236322014,1.0855698028813043,1.9536912061072518,2.7682524663496473,3.689848543605562,4.412570805013981,4.642287677750056,3.775752666580428,4.344155515877147,4.23639641970297,3.9381077653798364,3.892836438966088,3.8701695107077265,3.7974432558298856,3.865798623071249,3.828977688338305,3.767474817857564,3.7355356450462542,3.5673859785760134,3.417229332517414,3.1059190350390176
vpvC_W240R,241023_163737_Plate_1,B9,0.0,0.0009576255213271435,0.0017137365839020333,0.0010479621257618445,0.0011678013690595436,0.002338413182020051,0.010957874223386885,0.0467600243797738,0.15591077313770033,0.5536292932243221,1.2750126079037005,2.5256100528732564,3.211509975129306,3.6076145698511652,4.544066997048441,5.061017335655985,5.38838549733247,5.645784814479503,5.792864979471756,6.521412906409705,7.4811777597839635,7.982679885978141,8.340465097317594,8.544522558386003,8.582419144644339,8.422236415187093,8.41619473657456,8.431973723201095,8.289630464298344,8.189453226706226,8.098227825406784
hapR,241023_163737_Plate_1,C1,0.0,1.151406711707893e-05,1.8406252770654457e-05,1.4571441391532763e-05,2.1344022674240155e-05,0.00016590957067323125,0.0006280058746808821,0.003140740477773318,0.011115658070711834,0.044226862362389104,0.15424878319004134,0.5589102446482617,1.4023245663309907,2.3839394439980124,2.7153887816467126,3.192342993832516,3.7029798652302124,4.130427155770407,4.975654047914013,5.37927549666168,5.466045210142212,5.213402862219328,4.886850601351708,4.640935422475034,4.351479228793446,4.15180823772942,3.9099132428956427,3.6157032232143345,3.2389147457567877,2.9080961261841876,2.5218872044857883
flaA,241023_163737_Plate_1,C11,0.0,0.00017156360946130338,0.00031303907091357437,0.00024589625265299255,0.0002518887431470898,0.0008505538550229949,0.002596660300360034,0.013505701723425355,0.06737182556712265,0.2857546523431118,0.8882451285368058,1.8887366070652007,2.769349652306225,3.243029494040974,2.785760560796937,2.1752323514758016,1.5458197835478966,0.971408961704847,0.6015592524868935,0.5730711394657386,0.6116106823123078,0.7019973108293883,0.8186439075111507,0.7584796493738725,0.6819957700085131,0.7047357615155374,0.6292455757705492,0.5306927833134575,0.4885223146746483,0.4366804922331252,0.35616698577616407
luxO_D47E,241023_163737_Plate_1,C2,0.0,4.532281510495726e-05,0.0001156559459701456,0.00014561235274939243,0.0005896508457959244,0.003673719789665063,0.017351742439007427,0.06984503492556343,0.20513481796024782,0.5312780918281452,0.9595010900308019,0.8223927710965411,0.5404401897718961,0.36830805795189075,0.30036752945785417,0.2972994080309426,0.326168185593414,0.31541207160217877,0.20477265162907327,0.016125504381457705,0.007527619903858434,0.007231309474611221,0.007029662264784738,0.008752639460364097,0.010593040832846913,0.014494810248759114,0.014642988535987563,0.014031665492148937,0.012122715745069481,0.012264910536775862,0.0076962429265520485
rbmB,241023_163737_Plate_1,C3,0.0,0.0001220403363609602,0.000196264083545512,0.0001953223735070041,0.0002058287683490341,0.00041214129900061,0.0012778098101357993,0.0066796742563391895,0.033472598192168065,0.12703967493932172,0.3491580634424322,0.761130323845953,1.2558084429307026,1.5610127928885884,1.49840310614664,1.3838843386481297,1.3286152178555826,1.215819806745896,0.901977742306744,1.1095615667973402,0.9680739671486095,0.846794625484705,0.7200075186597079,0.6323936822275759,0.5682398697662918,0.519515009109116,0.49074785132361765,0.44340403653967747,0.43239231821307467,0.4419388659428784,0.41756255861282815
vpsL,241023_163737_Plate_1,C4,0.0,2.855003454237846e-05,4.538130583015674e-05,6.793234273510168e-05,5.989496673145643e-05,0.00010312051950756346,0.00032395972267202695,0.0003560975940811412,0.00040393831252081506,0.0001896735310708048,0.0008698802044859762,0.005256220935405896,0.01276061642337132,0.013039623736530193,0.004076789034070205,0.0019523406227601175,0.0010501424534807488,2.395911584580035e-05,0.0,0.0,0.0,0.0,0.0,0.0,0.0,0.0,0.0,0.0,0.0,0.0,0.0
WT,241023_163737_Plate_1,C5,0.0,0.00047576280974893627,0.0007985492068684107,0.0006560056510047963,0.0006494890779952339,0.07628641130647922,0.10072911423677876,0.11630678068258142,0.178054902921214,0.3567935775342381,0.7025194204699468,0.9736342308453544,0.5783040062436475,0.2321501765197081,0.1929972233945262,0.1913196644543833,0.19263101099786503,0.1960156885631933,0.19707522270375527,0.1986284303353732,0.19754617135097088,0.19649865502806085,0.19704718781694575,0.19739366477682854,0.1940131135295254,0.194975368217909,0.19455219658199283,0.1948848567298173,0.19430918520747034,0.19036121507387055,0.19362567433641062
potD1,241023_163737_Plate_1,C6,0.0,5.130524059317465e-05,7.140982567358265e-05,5.04443983627061e-05,8.072691133246027e-05,0.00042569355187780804,0.0021602565590061913,0.015393349771681877,0.08261301318180689,0.33728499461928324,0.9738241618533199,1.7095636525273792,2.6023738129669027,3.4826127476239277,4.0517866231850235,4.324936370430281,4.022683508209908,4.599081048522545,4.558311421383154,4.056157912084194,3.8293437067913314,3.804210551145385,3.758038323108995,3.6058227981732043,3.4341143328797696,3.653763658405599,3.4651921284436864,3.331149590237296,3.0173881127222977,2.446151546288428,1.938295425352422
vpvC_W240R,241023_163737_Plate_1,C9,0.0,0.00022048992405344204,0.0005070033440856642,0.0004849921191937454,0.002700292877877699,0.016934121603676168,0.08229235747621119,0.28755781988155077,0.8280780949992351,2.0275287580130366,2.955430344102056,3.7022073007921783,3.885082037426092,4.387579763238431,4.9478599187202015,5.321979865515833,5.573122828509639,6.599790879439711,7.4503333653530746,7.926760585868889,8.198148589261036,8.310882406547364,8.343915956476401,8.40555458750157,8.515346079215206,8.318480583145599,8.279018403613856,8.279284574533468,8.228512137231618,8.350804566879383,8.179696524328735
hapR,241023_163737_Plate_1,D1,0.0,0.00039602840162419157,0.00041020576827521154,0.0004169415644693199,0.0004077844154321145,0.0005578554587828987,0.0010678781976291352,0.0034524347836488046,0.012522028301266721,0.04533257916381745,0.1695402891464133,0.5267820102314881,1.2354937834551463,2.138967098695387,2.418998969263424,2.776190445571638,3.1991637908404003,3.454294903738787,4.132773271858588,4.249804612585711,4.126480068414732,3.8074892017318303,3.5465011248138687,3.2911907143688777,3.1380397792188575,2.8602285632703595,2.676541202806239,2.396332509144871,2.194063208390186,1.9019188221747323,1.7122382021296865
flaA,241023_163737_Plate_1,D11,0.0,0.000144723361941018,0.00016515444109920315,0.00018441221476797045,0.0001716276108608185,0.0003926523445190487,0.0015024408119937922,0.006375430194882493,0.030935672330724112,0.12598830649456,0.4808823733177976,1.3009058888442013,2.436886390709721,3.3143937295849333,3.605074844513667,3.104183105752483,2.4486763580291737,1.75645373952134,1.2557576163229371,0.902214086032853,1.1683904226926982,1.2452107608260412,1.2992696733368485,1.2334745627074355,1.182286551009987,1.1498631210054813,1.0610081121871415,0.945292244321525,0.9417799919707056,0.8486068615600031,0.7665618825339552
luxO_D47E,241023_163737_Plate_1,D2,0.0,0.0006192666407383161,0.0005706077877941196,0.0006158532327641773,0.0010297525572502766,0.004668193197202689,0.02013622464374195,0.07167546157627229,0.2765514182856287,0.582161946404387,1.0193689487922695,0.8942498909815939,0.5946599417454346,0.43203927392045166,0.3645663301547221,0.35218849961477044,0.391224772236573,0.38362911690559365,0.29197886535463846,0.043119608724847006,0.021636820048611165,0.018494921794214646,0.01680918846424653,0.014259675660897942,0.021951246819670964,0.019445872243768536,0.022717048643787482,0.021173590358064327,0.025338643608514715,0.023516646818212205,0.017818805525813625
rbmB,241023_163737_Plate_1,D3,0.0,0.00034650640587675403,0.0004682761507407675,0.00041369852594686836,0.0003412536565324128,0.0007121128089314332,0.0014675843256509804,0.004514387200706535,0.017213790331507148,0.057986547988673885,0.1810260391552554,0.48257165581628425,0.9737611970490947,1.591922058121494,1.9099336432024103,1.8445072261106426,1.9128385844675488,1.7912409411725136,1.77059905197091,1.597781496594342,1.7665342608919885,1.6376754347836278,1.5452761394761534,1.3813214069515598,1.3650817038764782,1.2111532553818782,1.1950258389836892,1.1899623050621775,1.1575913735933243,1.0893757795233152,1.0009333356303765
vpsL,241023_163737_Plate_1,D4,0.0,0.0005333062072322153,0.0005851268095649964,0.000554106896144528,0.0005022855581634767,0.0006425352624046582,0.0006861102842227947,0.0005522322302819287,0.0007730593955656055,0.0009612861071200992,0.0026590157203089243,0.011892271249316973,0.021876673485740662,0.03131855451719003,0.011945092132666,0.006957421270256826,0.002563664469124128,0.000389068694159742,0.00027626817363843293,0.00029019324637130173,0.00040589466877997423,0.0002654915551235913,0.00023498461592970675,0.0002121026643696514,0.00019062233677126522,0.00023920494311610197,0.00023009361827842407,0.00025739657518529784,0.00030646106458573135,0.0002946049290482221,0.000306320101001721
WT,241023_163737_Plate_1,D5,0.0,0.00012991528390161037,0.00013806871443883403,0.00015769814430146266,0.0002445558011888536,0.0007246464832135897,0.0027033494295636324,0.01481193618019972,0.06180664238976288,0.23528661960779484,0.5876365070776435,0.926071092561195,0.579210726175336,0.0954793342363648,0.01952499255278038,0.007246069253997829,0.002651675421867985,0.0,0.0,2.2138084092274228e-05,0.0,0.0,0.0,0.0,0.0,0.0,0.0,0.0,7.606535568896905e-05,6.46296431379297e-05,7.544062311470538e-05
potD1,241023_163737_Plate_1,D6,0.0,0.0003602509705872287,0.00042623056842740713,0.0004156006582407957,0.0004591619234362777,0.0012092371591462387,0.006244152423507192,0.036499041800712034,0.15612052652269423,0.6012192492317893,1.3507265979156453,2.1230853888194745,3.013029262966607,4.170464612249515,4.810409055200448,4.907543450915307,4.168652911191141,5.008773601813557,5.032603924372822,4.58994697209018,4.37901922494843,4.26080188545537,4.344402961204425,4.349838064379548,4.339516250376245,4.39510919016195,4.291038366906539,4.1926286914765765,4.046782008002251,3.7676430138029975,3.4344867715358816
vpvC_W240R,241023_163737_Plate_1,D9,0.0,0.0005783413236740857,0.0006427512754876611,0.0006173916070515815,0.0016826765107737188,0.009766769389683834,0.05423801611377625,0.20873434494676968,0.8127314354857261,1.9156202043317407,2.966317604116749,4.188040921354594,4.794861396516361,6.023289077704041,6.671530228724403,7.124969912090241,7.6428612117125985,9.119960679599954,9.930635710661761,10.268865384663478,10.351638521722881,10.387954801742408,10.352331368639263,10.275505613459565,10.221269610346965,10.015946165482505,9.938427563386426,9.841092603202238,9.735503669425414,9.745132636512338,9.604999666276228
vpsL,241023_163737_Plate_1,E10,0.0,6.629040254666384e-05,0.00013742142421351868,0.00013726494513871675,0.00016120439777502345,0.00031630056083218705,0.00028720026138363277,0.0005614404065582459,0.007393163463184333,0.013952283024844409,0.02307475159627489,0.009372310105757032,0.005297190525120574,0.0036147591858522077,0.0023225877826753734,0.0,0.0,0.0,0.0,0.0,0.0,0.0,0.0,0.0,0.0,0.0,0.0,1.0129921489540617e-05,0.0,0.0,0.0
WT,241023_163737_Plate_1,E11,0.0,0.00020496793280627712,0.0004996172214451976,0.00046965878828935173,0.0004752747004338883,0.0008474149107307892,0.002509351958591418,0.009569692561929306,0.04638435823406825,0.18073191360137092,0.42437896848193707,0.7788991721665025,0.6238393635093142,0.14381796617621614,0.02440517684326096,0.008808747353939004,0.004303913549178899,0.002548247488323691,0.0026089779281206296,0.002465493745627778,0.002654241964928791,0.002460680064609703,0.002541230741367448,0.002633652239877262,0.0025426944139168603,0.0027526400037406603,0.002662077889672558,0.0027031912651855204,0.002986571472294333,0.0028689257983844038,0.0025904362478535842
potD1,241023_163737_Plate_1,E12,0.0,0.0004774050107581245,0.0004735438471204188,0.0004445442712954901,0.0006785306660241076,0.0010780173033529447,0.0016617013060285589,0.0038532148912681554,0.014890312815687416,0.05958547014134987,0.234037368466037,0.7156767572925192,1.5660797375429893,2.5231325901302712,3.368424954969931,4.228932933615317,5.196267942076421,5.308644568688966,5.134256471132448,5.483448641903775,5.497516911916311,5.448073322899064,5.423542128169561,5.382076979029169,5.451394841716532,5.229164460795838,5.172118950061889,5.041167539010136,5.103532789895001,5.125041473390351,5.010784596676064
vpvC_W240R,241023_163737_Plate_1,E3,0.0,0.0009629620476340475,0.0012992820456032125,0.0011660149475508212,0.0011688233851383208,0.0016399715936665448,0.0036678168141900365,0.011961730490226462,0.041908330409259176,0.12802979063401462,0.3719955283452698,1.108511061067368,1.886577211883442,3.723607843991796,4.122559531273902,4.78017892707525,5.789588669584353,6.331564157296341,6.566696738844049,6.6964584060114,7.210622108971091,8.344388108911696,9.015135482481918,9.403000682822315,9.493129633813448,9.579709416286017,9.660311053405758,9.595448276643262,9.497861189733714,9.44420902383926,9.370067047303806
flaA,241023_163737_Plate_1,E5,0.0,0.0003760925541938531,0.00010286712880471835,0.00011857312574741708,0.0004955575330901872,0.0028827771859114355,0.01592924011065627,0.07601452239349211,0.31472979127004386,0.9711466696579315,2.0717781352251237,3.028619990513063,3.1670580940115434,2.4599032200362783,1.6246553298020219,0.9084124577269579,0.5177942274892379,0.2848012989987987,0.30431075800396634,0.26690052219254035,0.26125897604963993,0.238847591937242,0.22612418059075495,0.19262560732693415,0.16841514186785317,0.17060804248446784,0.1565466206885569,0.1275717492700868,0.1264098597042815,0.11632951221413333,0.12394876847916585
hapR,241023_163737_Plate_1,E7,0.0,0.00023444777994831946,0.00045896640818916964,0.00044463317104509865,0.0006263967444052991,0.002284650133868131,0.006828113364318012,0.02664225915744685,0.09364222656181942,0.32674506759155114,0.8839526877567877,1.816511529290773,2.5494274681492337,2.9098313198224517,3.3006154387451216,3.672473601495194,4.120768829629789,4.712124105590856,4.814601247184361,4.549881828485264,4.23384372020507,3.930659861660089,3.6145879135594616,3.37959049066214,3.0950445485533815,2.843171086827179,2.4877290489828265,2.116073189507084,1.8232059285503985,1.6252239859149549,1.3537755256104138
luxO_D47E,241023_163737_Plate_1,E8,0.0,8.581987787249488e-05,0.00024063415388790704,0.00023037683617477362,0.0008046378332160116,0.004440796960373797,0.014604568970686165,0.05476455703200644,0.19719788870897012,0.4455860094356226,0.8110206519946124,0.7468097933538234,0.4901007550419371,0.35015138923866823,0.2832345487512959,0.27003106671904165,0.3068997851509968,0.28840301286699677,0.18528308187804957,0.021546214932557806,0.016047587860524515,0.013473010183064888,0.01423674149168612,0.012129858221002826,0.009626253882347174,0.01056813579504187,0.014442865455622886,0.012000983344386752,0.015509467838519994,0.012647846893705324,0.01102685729923415
rbmB,241023_163737_Plate_1,E9,0.0,0.00012057713863906784,0.0003605812766605882,0.0003000266568002487,0.00027940057066103315,0.0005599755970978704,0.001323726968853746,0.0045918365181109744,0.019096278810304325,0.07405382580953826,0.23434638755353904,0.5732707676554488,1.1592944662161577,1.5307476211548785,1.5875898254577645,1.5702128770339325,1.4507061467544038,1.4207882678813855,0.8945813339659165,1.133055631219968,1.1061941034015366,0.9981703744814037,0.8825130909689484,0.7613073475706306,0.7021559433473088,0.7065268978609014,0.6818748561837239,0.6120560839014098,0.6254287650358303,0.7129174075077824,0.7068027659622594
vpsL,241023_163737_Plate_1,F10,0.0,7.365507769619567e-05,0.0002434212443001453,0.0002106165545479953,0.00018080107791420112,0.00024429860517813764,0.0002552185212883199,0.00021830679418339912,0.00041731283277591147,0.0015796642185021378,0.008660704827254983,0.011701319027798177,0.014105798105888223,0.016093835392192935,0.010903124604027392,0.007318515226884689,0.006262878684612965,0.0,0.0,0.0,0.0,0.0,0.0,0.0,0.0,0.0,0.00011253421584746462,1.0402581495669209e-05,4.095967518230859e-05,0.00011148855870836493,9.098149377157052e-05
WT,241023_163737_Plate_1,F11,0.0,7.84651406623235e-05,0.00020718604609542803,0.0002527141605694882,0.0003708675120384555,0.0006214973938022929,0.0017182463084302485,0.006484022579915558,0.026589669668917387,0.10864775928468404,0.3156243663175609,0.7106740146689797,0.8990047535766038,0.4697369007602333,0.10268719592551732,0.02175869155369409,0.011000940410671886,4.3825697310093044e-05,0.00024978926986080177,0.0,0.0,0.0,0.0,0.0,0.0,0.0,1.1421984685544604e-05,0.0003448086767985822,0.00010280843744817241,0.0,0.0
potD1,241023_163737_Plate_1,F12,0.0,3.9393175723988834e-05,4.31975606906514e-05,4.319256095749805e-05,9.215009779977006e-05,0.0007463013935219384,0.003568335098598917,0.018475431796450083,0.092799835727512,0.42938882683056373,1.0741160268213736,1.7780622705501028,2.717520155317085,3.6049005627507245,4.232129659735297,4.456489943029824,3.8396106146828246,4.312091951631042,4.191117937437866,3.9986512836390062,4.08361337556521,4.106368982878699,4.109630178538004,4.05300666240274,3.9769776142997655,3.979881552408172,3.942863062676097,3.8516198051868233,3.830873654562185,3.5902725312816144,3.5329769001357683
vpvC_W240R,241023_163737_Plate_1,F3,0.0,0.0004950164504119669,0.0005435434885615507,0.0005988861073040114,0.0009723237737675085,0.0029045901602822236,0.010937030632804991,0.049402994608150994,0.17506600412530093,0.5394818407070566,1.2161822138346865,2.161032667931346,3.088613912637212,4.008891173175845,4.989199004497911,5.576165469755553,6.326194928079967,6.7444587868765735,7.62924034960263,8.297470468546157,8.678336978751489,8.745213425461111,8.723648899574334,8.696855920799273,8.91194944346432,8.459559195794606,8.364194435432482,8.343393646204497,8.229681149210222,8.387774637579849,8.092057408346951
flaA,241023_163737_Plate_1,F5,0.0,7.570637270849134e-05,9.203161830198432e-05,5.049875140077079e-05,8.552671534907336e-05,0.0007710238568017173,0.003688010492963688,0.02145183125947979,0.09929458673429299,0.3851752221875475,1.0976404534544297,2.1612686103947616,3.164006491232156,2.855738032474287,2.140514033253573,1.4428904857766274,0.8866733825687767,0.5478283722275196,0.3175616224725388,0.3360473132185036,0.29388341860014616,0.30546510383114545,0.25463598817392463,0.22044860068378647,0.18478144332253982,0.2258311116952951,0.21799853080730203,0.17533022892085393,0.15283776299364707,0.1562815465536373,0.13065321936924834
hapR,241023_163737_Plate_1,F7,0.0,0.00011056440391267072,0.00019383209724105357,0.00015351688672593126,0.0001625215492521289,0.0006426016045032152,0.0022581769614592965,0.00966776985809533,0.04018422499674166,0.16281643720512984,0.45836681472261526,1.4326104699704996,2.319013936501196,2.711264469935013,3.0845875090225765,3.4569737334764845,3.755432924444095,4.249934755452437,4.4192785796967025,4.317408414803303,4.049364534693656,3.7513243288545337,3.4396050778149725,3.1785194940626393,2.8489513427952984,2.6179448117642923,2.2886386850354046,1.8406595181485719,1.5363119977942257,1.3063722236322535,1.1259409092895456
luxO_D47E,241023_163737_Plate_1,F8,0.0,4.6847232138360726e-05,6.58048479374272e-05,8.023059619534279e-05,0.0003371936806058058,0.002977226264808396,0.014756682307389501,0.06464379166048083,0.218474535364448,0.4707670089699837,0.8231581462446608,0.66519908087715,0.4293689576395544,0.29899554543376605,0.24054316757229544,0.22999886009349937,0.2562366785575339,0.20469399076584474,0.126867921131344,0.026204356499303735,0.02143080643191494,0.023084883479270228,0.02211417084209177,0.023487063726179286,0.02428388315645579,0.025176385013392942,0.024642364558567394,0.024970881000316685,0.02594622354019988,0.02370336504954992,0.021967433756701932
rbmB,241023_163737_Plate_1,F9,0.0,8.150134832972767e-05,0.0002922011849496312,0.00030530941390630623,0.0021584522144305197,0.017773686211083363,0.09709007625043087,0.35981523274131366,0.842830350710351,1.3856398629295001,1.4272245214752552,1.1588952098367375,0.9647330874062094,0.717298293273024,0.4933387710930161,0.3479614312151347,0.38354139419321753,0.24294135418258989,0.11092879725179083,0.07597204873745028,0.04582346655424252,0.03638265555664084,0.02694975010286014,0.025177327980721222,0.024231460860715027,0.018382648492745516,0.02348103542298985,0.021977966902390154,0.01343258430429907,0.016024124024558085,0.007191849970164099
vpsL,241023_163737_Plate_1,G10,0.0,4.1560627591849605e-05,5.3016799858827984e-05,6.303533283113728e-05,7.82580021725449e-05,0.0001107152853729069,0.00011389067769304966,0.00010927437779360429,0.00024120533795580525,0.000902070367111685,0.006255625192667919,0.009205183525399415,0.025764206101309313,0.015559983467698399,0.008851019041092093,0.0011332783988916345,0.00024303773079370922,0.0,2.0144031878203174e-05,0.0,0.0,0.0,0.0,0.0,0.0,0.0,0.0,0.0,0.0004072489972455755,0.0,0.00042713671321590235
WT,241023_163737_Plate_1,G11,0.0,0.00011294793774696335,0.00014568683379290336,0.00015315035331911578,0.00020670474487073597,0.00030475854710609103,0.0011873383814362895,0.005881444788959893,0.02522851572491021,0.10302600876796601,0.31385312591405257,0.7057760016082831,1.0807067665520043,0.6852029289585092,0.15765865336477125,0.0353688586753562,0.017074940064345956,0.006677292427871341,0.0031318963136365624,0.00039752406149793826,0.0,0.0,0.0,0.0,0.0,0.0,0.0,0.0,0.0001372588726966311,0.00029402472994515704,0.00018702184006656893
potD1,241023_163737_Plate_1,G12,0.0,0.00018795383286019748,0.0003558161484283519,0.00031782242315977913,0.0004095756989071325,0.0025027994725708423,0.0026687921514354815,0.005401375039472301,0.019177003501316552,0.07316314969785372,0.2897604578061794,0.8194666966629106,1.673501104283987,2.359803827406578,3.1567068540774295,4.035522509962792,4.618072544268315,4.5719837788720445,4.618446253589621,4.593085515119693,4.53117335669221,4.510943029259275,4.452155369667052,4.35743062330008,4.255703842942271,4.212172859704678,4.141153375691022,4.0843136458414095,4.105585183085265,4.0244842414213435,3.964908100637603
vpvC_W240R,241023_163737_Plate_1,G3,0.0,0.00016752445906845708,0.00021672811305849455,0.00022125281137286588,0.0006180642570790872,0.0033059906200247737,0.015459051856243656,0.06825722507439574,0.22403135488974574,0.7156195104816677,1.7628335488297442,2.4416776010169947,3.8512754549192127,4.693976331533993,5.397193882212443,6.077849501703837,6.672301054357434,7.031660285486842,8.388548405805963,9.265853107021268,9.72745166472153,9.927307905395438,9.949134589574898,9.874338554850043,9.880843023101702,9.824988593794469,9.799178039845817,9.748707887105938,9.657132384106959,9.670600766393632,9.61617817612884
flaA,241023_163737_Plate_1,G5,0.0,0.0003213741998858477,0.000407470106364778,0.00036361308381379373,0.0013823951190406038,0.00892560240658972,0.05345825569811659,0.2576854174470593,0.8602521736786707,1.944482294182664,3.2188928742928065,3.094128465825526,2.256725059282209,1.4540560214688358,0.8340616908369735,0.5666722033023069,0.223520467229165,0.06714258419067763,0.0244531865869223,0.015923623101727038,0.010789940436245416,0.010484832322456707,0.009226792858953566,0.007282491601122507,0.006619825256924288,0.012534177866836112,0.01331982146234462,0.011169084860727117,0.010959318769081268,0.010975942413676327,0.010541187661358893
hapR,241023_163737_Plate_1,G7,0.0,4.7102192447106174e-05,0.00018971430604811345,0.00020554529631964575,0.00020622523595273883,0.0004317792088814816,0.001387203918029249,0.007392511411308395,0.03057693278294675,0.10857456896950188,0.5461605238445444,1.4987722009469786,2.5128382626214307,3.0138775322993654,3.2753691270197822,3.5201712700635093,3.7371175563358365,3.944526296538104,3.8882022561259633,3.4087267766865343,2.935886309628185,2.623231247111701,2.410007809226842,2.057226143036315,1.7258622743411993,1.4481462245280308,1.1174659068302442,0.8041024150294726,0.5656714541462526,0.3990658732690783,0.31664130642327315
luxO_D47E,241023_163737_Plate_1,G8,0.0,0.0018185713444475809,0.0020201057325802477,0.0020616271253747582,0.005087548156138363,0.036990648788899676,0.06992378272904205,0.17129533191255222,0.4524200079861029,0.9119038444177473,0.9851478619236405,0.6005825122152967,0.37766958345400536,0.2951918426136814,0.25831313274067347,0.25255764136841696,0.2482089301834333,0.18043041150164893,0.07667884622012042,0.0762720260389393,0.07702717567610204,0.07754602840113654,0.07589289298356722,0.07451083726588768,0.07571488616529204,0.0725810312215744,0.07030674784313116,0.07112505622815396,0.07011814768976384,0.0722930918008719,0.07056574284825358
rbmB,241023_163737_Plate_1,G9,0.0,5.869546948853169e-05,0.00020051975528743887,0.00021531011757895563,0.0005053757824770547,0.00349661581244887,0.01543409331674623,0.08173691628129716,0.2660596227179081,0.6501756384627595,1.3217289481516423,1.833760341161344,2.017151369126769,1.9083895174830747,1.7160989511292761,1.604069015483383,0.9924337223925782,1.3278344275323442,1.2701327185412992,1.0655542847432937,0.9103694827572719,0.8434339835546805,0.7330567820636635,0.7098818552361099,0.6729640155628343,0.6718428875989144,0.6833436782710282,0.6415733688526982,0.610248061084387,0.6306663800889383,0.5592276768768911
vpsL,241023_163737_Plate_1,H10,0.0,3.4689821883322134e-05,0.00020867615516858987,0.00023022622891071093,0.00031510445024639027,0.0003119141510172069,0.0003738370565971485,0.0003551200245333125,0.0004830282860730755,0.0009402225577053894,0.004482131030367847,0.016687213299634605,0.01657473067279402,0.022677966995042827,0.01883751118737455,0.00656711405204465,0.004351986826099945,0.0006591380413396849,0.0,0.0,0.0,8.027475515469475e-05,0.0,0.0,0.0,0.00011482333925783303,8.579996855521626e-05,0.0,0.0,0.0,0.0
WT,241023_163737_Plate_1,H11,0.0,0.00010253880898168856,0.0001333391915828797,0.00030218294888384917,0.00031555534244667326,0.0004417040871412716,0.0014843974999913096,0.005953032327192443,0.025005189629329478,0.0953293957434569,0.32352128299064653,0.7365973903114469,1.3243550787223413,1.091655887898517,0.2953007586839534,0.07973453519126412,0.03936228518434827,0.024166961895460744,0.001111113517139187,0.0,0.0,6.434015216814807e-05,0.0,0.0,1.0658760305458718e-05,0.0,7.140739134657916e-05,4.136388381213017e-05,4.0698851088077776e-05,8.090083864669113e-05,0.0
potD1,241023_163737_Plate_1,H12,0.0,0.0003215370122234857,0.00037143646909840823,0.0003790643324482031,0.0003300965072304855,0.00040898532779480286,0.0009949153983938388,0.004052913235072413,0.017205757721166746,0.07369496989557994,0.2703706018343376,0.766649892817928,1.695922994791227,2.4119329338730715,3.201863619992359,4.266787387290901,5.197141691590177,5.363926529887686,5.383603783575595,5.630177033268599,5.569324877121486,5.313533954601766,5.044756432535295,4.890661928162957,4.901543503622834,4.775338361456751,4.69722254671943,4.669381269159205,4.60461512982858,4.677294838234045,4.61938092815558
vpvC_W240R,241023_163737_Plate_1,H3,0.0,0.07993580855801506,0.0476252403735948,0.010647886086481543,0.00011521638944093664,0.00019488530480649103,0.0003172705598905433,0.0012235307381608296,0.004607552038354918,0.014671212685033914,0.04692099759673602,0.146301474610441,0.3946819178442363,1.0115702411632672,1.662479889406986,2.200183735121871,2.7624199124772226,3.454098686281966,4.059260341471347,4.560187324472389,5.054513536175479,6.005663613919082,6.445710686770085,6.598709476482387,6.640053310535296,6.59852489564366,6.621359083567839,6.593787588291464,6.557140667813001,6.606217101466259,6.5441919207136126
flaA,241023_163737_Plate_1,H5,0.0,0.00013978610538895728,0.00019593997029304598,0.00012611571408726243,0.0001490472884670045,0.0003684121588698481,0.0012337150528147042,0.005190565664824952,0.02611161465941077,0.11748817830297244,0.4543086846043955,1.275930763822136,2.48303895687416,3.4553071557587036,3.8443297983367257,3.7027581007152777,2.765674621056325,1.6661753181771075,0.8198016841343538,0.4488349933336404,0.521861258951528,0.6292693840236604,0.6448350326518112,0.5825981189515527,0.5900555860988141,0.5388386166103625,0.5103350750386663,0.4870189037432173,0.4207640597588546,0.40949202226024295,0.33526919797988475
hapR,241023_163737_Plate_1,H7,0.0,6.384211828916273e-05,9.061528137490935e-05,0.00011401751683027049,0.00018235029966973641,0.000689700481851707,0.0025902342789648324,0.010896951846268516,0.039766486457687156,0.1557441421167684,0.5206413534880432,1.2299510081240996,2.1927033291239995,2.648599074555869,3.0958520228456963,3.496412171632231,3.939215919183353,4.52763194591904,4.907032108490342,4.901372298207203,4.741981661305711,4.570843524053097,4.345404111623172,4.044811808180187,3.800519603142001,3.489491393336703,3.141079678503036,2.790276906159585,2.4029101409608673,1.985758782980284,1.7021507924161436
luxO_D47E,241023_163737_Plate_1,H8,0.0,0.00020000294900213806,0.00020505289349378387,0.00014910157262164024,0.0003162005527936971,0.0015874400207190878,0.007544208103582285,0.027359347690647167,0.0976688441832246,0.2853419603511915,0.7334339021178596,1.0898475975730324,0.8739310851248778,0.5957314468896677,0.47171459081923084,0.4296832132051986,0.45814878863843633,0.4902584111539715,0.5005419446963734,0.4221857535428796,0.15877160894517925,0.1016028369996889,0.07985544901605338,0.06351356707131339,0.06295434130043429,0.061429048845589175,0.05928856249946141,0.059644712565327364,0.05221632091279238,0.04675857983407941,0.03615814907997187
rbmB,241023_163737_Plate_1,H9,0.0,0.0004771641394512974,0.0005055158231568714,0.000425940315058509,0.0005681045773616743,0.0017737636770754606,0.007048897460739319,0.035391068565407365,0.1429213915029462,0.3762566906983776,0.87142894472628,1.4952283825976522,2.033089723919494,2.1827356963242823,2.1692778137447397,2.1437405865670587,2.126770852899389,2.01339300899098,2.064912263041405,1.9007282757649435,1.7577246053468212,1.7091706157196986,1.6528130698727017,1.6171726499822243,1.60472240490163,1.5906368805932998,1.561169753478622,1.560188131177595,1.5678608088824737,1.5644043989230807,1.4756004842209682
hapR,241023_165712_Plate_1,A1,0.0,0.0002767031624606546,0.00026051989029561573,0.0003677629158327607,0.0006923908813303832,0.0021656542109966446,0.007321247157052079,0.026466857202819643,0.09255964656726279,0.30094825020241994,0.8614312841017123,1.6854477646850112,2.447771310025372,2.8551697776240474,3.240565406721085,3.7550307254715936,4.343041343133237,4.841584825738544,4.875394818978313,4.681397414883214,4.382571068551614,4.132906557949742,3.8448584619346016,3.6075961117672923,3.420304141655874,3.2196691838493074,2.997546408207422,2.7347767249330515,2.541548541420213,2.1552558895732314,1.8252688869316342
flaA,241023_165712_Plate_1,A11,0.0,0.00023455747848084258,0.0002456686698290114,0.0002511521585971845,0.0004212668151621929,0.0011509604407162898,0.0033747907200840847,0.013141622706748008,0.05884639107503716,0.2369840076126778,0.8268065269640413,1.947737537778691,3.016878174716757,3.823557030620126,3.898794320552924,3.29017284467126,2.337826669717285,1.631645392789188,1.4036565578400213,1.254081675808989,1.4119860356960368,1.4984172172180066,1.474358308678028,1.4114565026956598,1.3523905674259222,1.3039204417016126,1.2585201093321017,1.2023820541781127,1.1130143653924973,1.06474487101463,1.0001977542372034
luxO_D47E,241023_165712_Plate_1,A2,0.0,0.00015188010945080854,0.0001840373819111238,0.000270064211017474,0.0014999226210874789,0.006960261206965717,0.024400110901763295,0.08386076627617792,0.28395165199746164,0.613096758695406,0.9611035325948368,0.7929507897772841,0.5480299398535785,0.421314257787915,0.35884094685985507,0.3748987107422711,0.3905424250273226,0.37325923831939456,0.26244832535906165,0.018984492374235898,0.010261539665433715,0.00965865183217068,0.007785495118559228,0.010107960382359041,0.011663887237492431,0.01152527572163351,0.013623858204743327,0.014040900553025678,0.01054928313618784,0.009953239506923109,0.0051636737079189775
rbmB,241023_165712_Plate_1,A3,0.0,0.001222508387696475,0.0012957365553259992,0.0012823113087788106,0.001330636043654065,0.001963908691810405,0.003704493294353542,0.014259311849389725,0.057434474725295455,0.18546379721950174,0.5074424391627762,1.0182895521484094,1.5100113683433316,1.8218869112017713,1.8641413440590666,1.8451591442323492,1.8229390888596304,1.3320489564728273,1.6630773695566914,1.5455813666312077,1.47710515244217,1.4188831394926846,1.3808477163426096,1.2566464131876767,1.2651181386683197,1.2102109568247543,1.1294305571753325,1.0725095716304098,0.9515499360170614,0.9776340173680287,0.9307252716588488
vpsL,241023_165712_Plate_1,A4,0.0,3.6543555208776034e-05,4.3204455721257465e-05,0.00019467139835262575,0.00011354165271506703,7.398515638736259e-05,0.0001396211596713355,0.00028049519522408784,0.0017071925912751237,0.0038400804932961926,0.015513965324536076,0.010226823754787645,0.004859860335085976,0.0003689174422281515,0.00013424912161611114,0.0,0.0,0.0,0.0,0.0,0.0,3.919401567408709e-05,0.0,0.0,0.0,0.0,0.0,0.0,0.0,0.0,0.0
WT,241023_165712_Plate_1,A5,0.0,0.0009159874614046768,0.0009522454580180614,0.0010093136400941571,0.0010664904306057934,0.001536978495127107,0.003903296220458628,0.014682313617432568,0.06188116556585658,0.20787112189099,0.5009828922695844,0.9315282651844264,0.7532879120219843,0.1942625250439994,0.024949297080066418,0.0054821291564153395,0.0023838082310974396,0.002355204286912272,0.0023701164792450597,0.0023640418302145944,0.0025277844285288833,0.0024207088164749212,0.002427093307181409,0.002344398951364043,0.0024233608953664267,0.002406799379611652,0.002662692423486711,0.0024162019676626715,0.0024103462074311745,0.0024537558087041693,0.0023395877447992403
potD1,241023_165712_Plate_1,A6,0.0,0.00019571694848834068,0.0002019793617082299,0.00020893842715237083,0.00028621853876693274,0.0007673277592604411,0.003076245190760389,0.015425256843477755,0.06904218184192826,0.24976692621651964,0.7896790275337334,1.557773867308739,2.2772028320424225,3.0529857981359827,3.8671865907259373,4.17203923393351,4.112998511336309,4.100733248357134,4.143032422004686,3.94710541249662,3.787148928321045,3.7744417413627738,3.7751717050782463,3.7395842518632296,3.7554373383337167,3.724082939020171,3.7187713578773414,3.6927543542732013,3.7012544356508084,3.5768618639456005,3.550523181415998
vpvC_W240R,241023_165712_Plate_1,A9,0.0,0.0002803761338953974,0.0002730510499982302,0.0004512058807053956,0.0025897243409592915,0.014768821841391572,0.06758559826675695,0.2211295501613233,0.6454103764762923,1.7831113590146705,3.1433441376332154,3.4628379871016475,3.8933709877501257,4.472530151669426,5.113523896562252,5.613052144693014,5.9761494053151045,6.42635377446533,7.551475974107159,8.572282580250919,9.077246934713536,9.084111870617638,9.080725882260845,9.072103415761909,9.045276998429104,8.967351783470905,8.873805411878703,8.810595837410892,8.945975851049784,8.700587663843098,8.551966650110169
hapR,241023_165712_Plate_1,B1,0.0,0.00012392907316865676,0.0001276506910172003,0.00012062248801107536,0.00016323747546106217,0.0006474316704145833,0.0025099817403879004,0.010651980303491276,0.03795082159267836,0.13533661039094405,0.45419209104126634,1.132735824853739,2.015194745359148,2.507548617172479,2.886347688229839,3.363791173392499,3.797813487541187,4.538687000616474,4.860021508934285,4.835558863248149,4.577152042356398,4.311580341697614,4.103933920226929,3.8478718110039343,3.6389537211823813,3.434407054014229,3.2193388108988326,2.9279789601250843,2.6534475316739945,2.40183321877028,2.1498723486541444
flaA,241023_165712_Plate_1,B11,0.0,0.0001483519938481971,0.00012634462776584156,0.00013286143484530813,0.0002861911860267011,0.0007033434134097854,0.0022299267303379066,0.009087677089643918,0.04119985163590585,0.16025328481407894,0.5776037359674483,1.4688045655000426,2.456016188330304,3.041748436421748,3.1940697609542297,2.9124577179016127,2.3407035225939214,1.7398967714104177,1.2523850033892416,1.001180580326309,1.2161975286941313,1.340486708378806,1.3614610437214647,1.3138539671724345,1.276655042982793,1.221500482689064,1.2072925063822886,1.102166161613245,1.0292446255582002,0.9706761891505241,0.9073655299226641
luxO_D47E,241023_165712_Plate_1,B2,0.0,3.232874538440796e-05,8.04580853913622e-05,0.00017809280218255695,0.0016860828966507322,0.009834471768769643,0.04047120807469277,0.14691941246977183,0.40658276742115596,0.8585960287909047,1.0951155748365684,0.7032908479970176,0.41467590155106215,0.27455864743709024,0.23932197806819336,0.2511249329234723,0.2567717289199379,0.19809414237208572,0.09428107020744954,0.0037262342420709567,0.003275613897262442,0.005204902112070566,0.0047437623313825025,0.005404681845324364,0.01042891369111861,0.009354968200941713,0.011520877882519494,0.010733086862832898,0.011689130004730649,0.010204781057525179,0.006382273730109639
rbmB,241023_165712_Plate_1,B3,0.0,0.0025224420839129323,0.0020265488076398968,0.0021201929535749303,0.0029780897152463684,0.0036399100639337564,0.0073233551237320334,0.02622726324889821,0.09254549536962707,0.32580678166135585,0.7345114930796014,1.3574182552135363,1.858708180320293,2.012857992067134,1.9153838606056317,1.8110073420553585,1.6239977271254995,1.2551448213137868,1.5777433071141833,1.4081020134602595,1.3017459322917553,1.1491126928926714,1.1135826202427372,0.9674554541460855,0.9785414060708719,0.9340160938803114,0.9020374635708683,0.8889486757916636,0.8464780960971345,0.8749438052846031,0.7830083362115455
vpsL,241023_165712_Plate_1,B4,0.0,0.0004563101427902349,0.0005160846812247604,0.0005968918317203746,0.0006218454891883704,0.0009619128794463851,0.0008514306474455057,0.000868715873905456,0.0031224439690116248,0.009868838580872905,0.010121593951120953,0.013672771458234813,0.004244372585757901,0.0015006776637212567,0.0011533280912356559,0.0006536416118496664,0.0,0.0,0.0,0.00013912213601104104,7.64689122669147e-05,0.0001307198557271134,0.0002896565575195685,0.0002849360162602232,0.000452417934795523,0.00022117393650286787,0.00036561448181022925,2.8565168833611766e-05,0.0,0.0,0.0
WT,241023_165712_Plate_1,B5,0.0,0.00011962367829136995,0.00010818624031075121,0.00013837461705275465,0.00027687684232955816,0.0008199960290319409,0.0032843127374272574,0.01700697418942515,0.0715975096104679,0.2538485435776962,0.5584701263512827,0.941551071604415,0.6120693924473903,0.09854502133627291,0.02082520405653454,0.008148455147340352,0.002354814259574788,0.00014686647923286875,0.00017932545442425244,0.00014907179892982824,0.00016865258237865613,7.416904170408853e-05,9.329104814071833e-05,0.00015628336561117836,8.453246664864375e-05,0.0001266487514484904,9.371865372939085e-05,5.133021718949326e-05,4.1533541691308735e-05,0.0001420927840421394,7.212694898288303e-05
potD1,241023_165712_Plate_1,B6,0.0,0.0004223010296268339,0.0004485603958974763,0.00045818626657395174,0.000662173125471549,0.0011588342847845348,0.003408308393452087,0.013288745673094168,0.056495426395983685,0.22636612861914132,0.6638605688493598,1.5594167036505242,2.379174783905585,3.305848506154377,4.45142600784562,5.29289032659516,5.644069416467421,5.188017646725134,5.940393221137731,5.901968305667095,5.703077770540729,5.6768182036387405,5.576665978087811,5.5451035909451205,5.593105041844141,5.580799920104139,5.501687034452115,5.459660184418801,5.299241646252369,5.067935104481316,4.979010275954415
vpvC_W240R,241023_165712_Plate_1,B9,0.0,0.000798873627755608,0.0010844688049291443,0.001931473290802228,0.002719022616593476,0.0037873720972554045,0.006885308679790636,0.02074830808038359,0.06088643735650897,0.1915505041938883,0.5161902133129891,1.3537723823859862,2.2786797462607002,3.2678554162184015,3.705984185888955,4.054514406971254,4.506780196329059,4.930308019762272,5.376725472248397,5.626436261814182,6.556526067121733,7.485349554247654,7.909043500435722,8.131295549541832,8.297613853081748,8.323202776269696,8.393239166685785,8.374629271760949,8.317872670165878,8.320651414314103,8.220298958679424
hapR,241023_165712_Plate_1,C1,0.0,0.00012399499394138614,0.00013102393259578138,0.00012686267127777877,0.00019874264976090284,0.0006161110440443556,0.0026065089587713106,0.009357315587695087,0.03261129317206038,0.11343688302595485,0.3658677788851126,1.0108220199952682,1.8577537101281512,2.937162391868674,3.2397548560814573,3.773954407822265,4.275547620647727,4.5689455515157515,5.4854398411401,5.781083238037508,5.592755943301331,5.1644481449162445,4.853916965833199,4.588376964927154,4.341518551213739,4.052542535221304,3.8011969345675904,3.4324281601671527,3.1507955858400836,2.7595145030722756,2.4340998888160987
flaA,241023_165712_Plate_1,C11,0.0,4.465457227936179e-05,0.00010117707721940364,0.0001045424139229349,0.0003381909521518551,0.0012464717288384313,0.00442302971710402,0.01804961182676088,0.07082048446883141,0.2708653587346644,0.8156361761195182,1.8159939004169519,2.7865597423269324,3.3911522063864568,3.2629565337552036,2.6412427924843307,2.1179830661709835,1.6392731290724638,1.1575345280451659,0.9696688860371527,1.1424202999465103,1.2396800233757812,1.2438066089094069,1.135421074794523,1.1444904141791021,1.0743960413038918,1.032026245422392,0.9352725811259642,0.8833080592406685,0.7755478930326453,0.7035266567062027
luxO_D47E,241023_165712_Plate_1,C2,0.0,0.0002930009014965503,0.0004500320000727846,0.0005021066284410079,0.0022833925765886305,0.00799830371769676,0.03351895740861934,0.1178140905498449,0.3457336541827968,0.6880530309889534,0.919194988178808,0.6179191671770518,0.4297926442292598,0.29263456203336974,0.25781206264064527,0.2762719722585923,0.2798129617059338,0.2359930158277721,0.13752840753515327,0.003378996153736862,0.0023258396155385105,0.003976745550709046,0.003811291098869797,0.004917539172103526,0.007657724650628202,0.00699625982068671,0.008808477170392463,0.008576925189607594,0.007525536012940054,0.006769129754777432,0.00355824922705903
rbmB,241023_165712_Plate_1,C3,0.0,0.0005887371706442261,0.0005770580855822406,0.0008091148548347567,0.0009076445078098921,0.001369635166038218,0.002551716404303679,0.008111823274212872,0.029971676831024537,0.10285934430847639,0.2499090133360701,0.5649451017950159,1.178095027797229,1.5703915058093818,1.6539264400912257,1.60833350162913,1.5409931952465334,1.5410858200514743,1.1426802512943839,1.3335240650089868,1.3951273849171804,1.2747358035227254,1.1110444330788953,1.0475987823934374,1.0082294282979827,0.9464765042824587,0.9203566436747092,0.8866511124893216,0.8934988609747446,0.8651492504597506,0.8004756021798345
vpsL,241023_165712_Plate_1,C4,0.0,0.00023285009234719526,0.00026955982381251793,0.0002784356810142996,0.00012558107836297444,0.0003022187749546122,0.00039660791189296716,0.00037170521478696773,0.0004909709868194192,0.001063138817086359,0.004211633495768326,0.016039401432818515,0.021370299361683706,0.013880160737196477,0.0027066852600838133,0.0007444589958675586,0.0002962894632715097,0.0009025926773835898,0.0007346738707159887,0.0011641776994343333,0.0008460887375308055,0.0,0.0,0.0,0.0,0.0,0.0,0.0,0.0,4.639018724345355e-05,0.0
WT,241023_165712_Plate_1,C5,0.0,0.002545679206457883,0.002958246606312067,0.0022860172358627894,0.0024833437158894058,0.003323658617655178,0.003906805530216366,0.00774068638115326,0.024861171098683937,0.09362305958052262,0.272054901987721,0.6663706676247,0.9434623192491823,0.567653156832179,0.11596773377022852,0.032724149641976494,0.018397214997268384,0.016126667374495914,0.016348316860791544,0.020528328515661515,0.01649208393348288,0.01604635197143043,0.016267209632678768,0.015306593433624439,0.018472726617128885,0.017133916986174988,0.01784545137493463,0.017137646054134197,0.01723627508650294,0.017500165496478533,0.018108283120172163
potD1,241023_165712_Plate_1,C6,0.0,0.0001499628161148017,0.00028764195129282554,0.0002890080501307514,0.0003937303099926372,0.0010028328463413771,0.004890889310355592,0.02936165387831086,0.1369830045952729,0.5044647556591293,1.2257124034220435,2.065505529932835,2.908334275592414,4.121431046827279,4.876458165114458,5.176764234503184,4.466216283196886,5.246995237325322,5.37756317499691,4.974226890269652,4.790082491598336,4.755550091757144,4.717654174269962,4.707716903680674,4.764690454638364,4.686662650185015,4.634235004275015,4.587824961215976,4.439509575900793,4.2150953896511885,3.870141622950571
vpvC_W240R,241023_165712_Plate_1,C9,0.0,0.0010809381613715678,0.0011777845842271674,0.001804162870548594,0.006094846588111739,0.042248942246114314,0.16526466796093855,0.5965259470215792,1.9323562024808052,2.563051540360747,3.3967445376600747,4.006899907062405,4.326083312960776,4.843029371432928,5.183000525521767,5.42997704422112,6.214996007471037,7.269588263584531,7.793796173641164,8.104687151605496,8.328840182719148,8.431801180243156,8.494840886837643,8.562289132884626,8.473060347867865,8.487368037953821,8.557154976729167,8.326152993342014,8.615379531009042,8.501747955324499,8.517994412988244
hapR,241023_165712_Plate_1,D1,0.0,0.000523157538080892,0.0005265752261904216,0.0005240494781700591,0.000755870037450697,0.0016200206788220888,0.005182605950540431,0.017863960954186242,0.06099915539079605,0.21703533315159013,0.6198460640668415,1.3855703776065156,2.3016025463628913,2.6226036722600297,3.030926715980226,3.457881924704714,3.8413583143416843,4.613605019199967,4.729661960354535,4.523509908029268,4.27583586101545,4.068382112514463,3.8581655366187353,3.629175083111013,3.4105601459303245,3.1684339569083297,2.8922462498152433,2.610939567671912,2.3162029575833083,2.0402952649727397,1.7539758755156618
flaA,241023_165712_Plate_1,D11,0.0,0.00024558835041331906,0.0003368126415526425,0.0004232453679359802,0.001371520966940545,0.006363358206767057,0.028467542957975236,0.1268102329315303,0.49658608975085844,1.3113827908783042,2.421821651676521,3.2528115428452318,3.255064365357317,2.7298797150290874,1.9540253910533092,1.2262403313716488,0.6736426176536177,0.35489304360337076,0.5447950269006578,0.5799231012094371,0.6037198514567309,0.5674140711443353,0.5609776169191188,0.5045520837965242,0.5256151383205796,0.46649738666176754,0.40285497012714194,0.33641036901531407,0.3247597669168119,0.2549905840156268,0.2178148862481918
luxO_D47E,241023_165712_Plate_1,D2,0.0,0.00033216048883158786,0.0003166551366107546,0.0004331454882876192,0.0012750604250412693,0.006268986571569823,0.026102815637326963,0.08198646823771367,0.3005326490559762,0.5723888591336038,1.0275806560479228,0.8235597098845652,0.5551734858207732,0.4085893684571758,0.35196477560035255,0.35090743502917837,0.37209554975918285,0.3568916394486676,0.2451414374014072,0.023992189923261367,0.015470638985271856,0.013142690065511081,0.014437589519982608,0.01579847461798555,0.022323737639933484,0.01838543927477453,0.01707346007378037,0.024114163750330982,0.02466994468099167,0.01825391272052964,0.012242275977041394
rbmB,241023_165712_Plate_1,D3,0.0,0.0004146157121471295,0.000368404982955357,0.000469786242696035,0.0005522801142966129,0.0005903198510206364,0.0007835286736085438,0.002304232422052057,0.009871427394013166,0.04228041461665957,0.1452215964513498,0.36394956264491213,0.7387603968574415,1.1895758890889296,1.3852656854683851,1.4181793916064802,1.400255589009362,1.337223105143344,1.2383102462965037,0.9971431754261767,1.2117960113387642,1.1269843260452765,0.9651655817120236,0.9369929949217071,0.8948517181438053,0.8506530337852528,0.7948462209842401,0.7584311634651488,0.8013187219747007,0.8213063523555559,0.8170136440670759
vpsL,241023_165712_Plate_1,D4,0.0,0.00033649711532180424,0.0003568371881012431,0.0003417815376680372,0.0004253134892305308,0.0004273792765137511,0.0009015976796594667,0.0008580483052151172,0.0008700267322459946,0.0010907619414958854,0.001334519664627149,0.006601676479710692,0.019827140685437904,0.03885655374937109,0.02803952607504249,0.01760244000041213,0.011891734894850818,0.003357777449414237,0.0001647379906133928,3.057244465972683e-05,0.00019750937556203336,0.0001417512091748213,0.00010742105910626635,0.0001578593449006175,0.0002008542478682275,7.647426912386473e-05,0.00010258152339534615,0.00023373856820178046,0.00027303314030670446,0.0002802946575056072,0.0002823738804013276
WT,241023_165712_Plate_1,D5,0.0,0.00018905638904914823,0.00013392754969403337,0.00023277533710751086,0.0007240958504832788,0.0028546639191225505,0.013976469133658033,0.06329630071116638,0.2278013115173588,0.529148122577198,0.9550537618513303,0.666349400701977,0.09454113524641963,0.016133962330252556,0.010753014236932704,0.006945732153627518,1.0246937047268487e-05,0.0,0.0,4.425756564610633e-05,0.00012025513201573945,0.0,0.0,0.0,0.0,0.0,0.0,0.0,0.00013867908849640398,0.0,0.0
potD1,241023_165712_Plate_1,D6,0.0,0.0010146363897152722,0.0008647075939891155,0.0008656379884196841,0.0011283241421768185,0.0015036095564639341,0.002746768059247217,0.009108536061962373,0.037656276719279846,0.16425575979679555,0.5047495451676927,1.1588300715262592,2.042949216423479,2.9004047897640897,3.899256441420896,4.741592168985151,5.08947555460652,4.423274487346679,5.061167809165817,5.09034361956546,4.917249594193495,4.743126664399858,4.64991467838506,4.65332735071093,4.68329505303498,4.649550532491268,4.612354818403169,4.595514491953955,4.650683029564819,4.442020811587096,4.307311575416477
vpvC_W240R,241023_165712_Plate_1,D9,0.0,0.0006187288149756198,0.0007090563909997308,0.0008225780207064228,0.0017372557941200818,0.006685425688270536,0.026088937967093547,0.0876179560624457,0.28487691695327283,0.9622363640539656,2.0325152494975143,3.695991875433626,4.410491863002146,4.654360334636646,6.305416542685667,6.442342755234474,6.8290553284895585,7.269953078249479,8.571831828492579,9.542444818768972,10.090082791848719,10.271428784499857,10.442113896172206,10.412825732218556,10.4230004165678,10.379736273020976,10.338862986352588,10.13401303146573,10.218991107022536,10.057336412253557,10.000650700400895
vpsL,241023_165712_Plate_1,E10,0.0,0.0002097331279156289,0.0004994820092931186,0.0005866676583056735,0.0005128139890150576,0.0006310891772130078,0.0008226936846776469,0.0006600974604383721,0.004667436817026601,0.0071353006876270185,0.025798397695370016,0.01319369724148827,0.003449629756794194,0.00010807470934526392,8.999780496767534e-06,0.0,0.00016963526133810758,0.0,0.0,0.0,0.0,0.0,0.0,0.0,0.0,0.0,0.0,0.0,0.0,0.0015582243515586175,7.405904891225729e-05
WT,241023_165712_Plate_1,E11,0.0,0.0014535050877915053,0.001370686206785114,0.0013431681463240077,0.0014158433739627368,0.0022132000281078943,0.005509378638380675,0.024997623821255137,0.10427342747675966,0.3260735277241625,0.7550739991451293,1.2316577789882845,0.7637666197382053,0.12331813734331676,0.03175099398376952,0.01994500959515931,0.011602020555503476,0.0036868438885612415,0.003049962952516252,0.0019765163656208407,0.0020137670526978644,0.002045248786039285,0.002331692031914233,0.0018783912523172486,0.0022411685059417637,0.0018356654026729293,0.001850457349952083,0.0020291809571509893,0.0019106950391621592,0.0017693065848371284,0.0018606896154977574
potD1,241023_165712_Plate_1,E12,0.0,3.241179338641198e-05,7.841006735772509e-05,0.0001037719561140386,0.0002416479240183455,0.0006170172289591202,0.001601782353150864,0.008850764908053267,0.040651618456498326,0.16061864118366195,0.5869205206793062,1.377638952341842,2.173743666885199,3.0249185428025487,3.9894778165856235,4.628865440673064,4.740049982702165,4.1688960095059135,4.613591041882832,4.4474940347180425,4.516949263000603,4.577515586356152,4.537609610286079,4.479419497720679,4.433434458730519,4.363194093112214,4.230446362738646,4.2052651224466695,4.200370386364631,4.014595256109432,3.977219308195113
vpvC_W240R,241023_165712_Plate_1,E3,0.0,3.8089771506741624e-05,5.659659140857145e-05,0.00015724140035357513,0.0004953214769356747,0.002518869508403949,0.010007954350182553,0.04244035123833185,0.1531270399566592,0.4941599083800237,1.0417950525577846,2.289029381144043,3.59505156995387,4.48044840214235,5.107351807574531,5.573150916898141,6.006473830173131,6.402873887991183,6.698893401786055,6.841420572756377,7.838775380814493,8.88547413098779,9.51464065800784,9.787223755453628,9.877931862264825,9.908648521405146,9.90814828058135,9.810829370904878,9.67156045300078,9.713373363141672,9.539615248012982
flaA,241023_165712_Plate_1,E5,0.0,8.96432024382616e-05,0.000135571268813743,0.00024723884418482685,0.0005500212728441342,0.0021736571278977673,0.009701688593524872,0.05074830135087384,0.2064525847068157,0.6950343999511073,1.6178477075858873,2.6515044170837005,3.2269339780268687,2.9695057699659486,2.382456109576649,1.7731881326196328,1.327856496980453,1.0108193783492068,0.711784642925769,0.7667878603071648,0.8662309878026522,0.7869384033413311,0.7266024716486137,0.6454847103901492,0.6417273534110927,0.5801557666941947,0.5162094337959783,0.4626409378607032,0.4147905690532655,0.39220327806401845,0.3211633296530253
hapR,241023_165712_Plate_1,E7,0.0,0.0002858276420269476,0.0004885723721955856,0.000583922419592303,0.0007231084098732051,0.00339005649172642,0.004872860243178706,0.012850887822618428,0.03769388172131469,0.12378570200848905,0.4229366297323631,1.087304060239952,1.8587921111002212,2.3807838473040523,2.682953781901229,3.139511677653474,3.506660086422928,4.0310965824602745,4.219308647926478,4.268181775148674,3.9996902196280004,3.6417741966506676,3.4529530812937805,3.2074364900253722,3.029000989439957,2.8454990123399497,2.5860190143760793,2.361833079721611,2.127377093951222,1.8987178827964757,1.7152448634874713
luxO_D47E,241023_165712_Plate_1,E8,0.0,0.000173912159876488,0.00016687468770215742,0.0003541705032477164,0.001617960194894126,0.007308949124286319,0.02464925958917346,0.0853096255445112,0.25015316162155576,0.5855980257206739,0.7595673387800518,0.48476795379036536,0.28169129243446156,0.1854246272929646,0.1474285546376385,0.15561625969654608,0.15279897426666822,0.12213126917487942,0.07021824935621546,0.002392546194374811,0.004871276258698544,0.0028543440458792062,0.0023215985363831816,0.003471129746264532,0.003719141121448835,0.002155802944377864,0.0038055414726205685,0.0028639128235621956,0.002401712037437029,0.00251144367413231,0.0027351750450328553
rbmB,241023_165712_Plate_1,E9,0.0,0.00034192583842011006,0.0003093737368454194,0.0004138281672352278,0.0005220989402199467,0.001067138269223456,0.0030307407975991895,0.011516443929763118,0.04637456073665032,0.1781947697205305,0.43396566923187546,0.8375800958824171,1.4332429937287168,1.7225881045214915,1.718066810252298,1.6934629869753821,1.646981117894316,1.5283988968591937,1.2533981248116601,1.421552272048638,1.316468059862347,1.234857180192885,1.1049353423339574,1.0476249313455903,1.0582083686246544,0.9874661571317815,0.971456110071261,0.9359621845022442,0.9231944403159049,0.9161062686003284,0.847915853764298
vpsL,241023_165712_Plate_1,F10,0.0,4.059040048252953e-06,1.4265060606236453e-05,0.0001884972094234788,0.0002990183772809912,0.0005535629511257651,0.0006274213686915802,0.0006290387248523673,0.0010736355147466443,0.004004495072866832,0.011474675158518445,0.018328897348720154,0.012299639154073875,0.006609448871194752,0.0017538100871463851,0.003504502363169056,0.0008296196459496248,0.0009103419962628093,0.0007100984702131522,0.00036804225485641235,0.0006534606089366176,0.0006906532801159616,0.00079502424786565,0.0007875497939310564,0.0009976556882006636,0.0008311384921193088,0.0010686700226764277,0.0007932872485452678,0.000833235089689631,0.0009936283483064114,0.0007563451993561879
WT,241023_165712_Plate_1,F11,0.0,0.0003341737107020404,0.0003234212080750411,0.00035222627180959396,0.00039870143311597733,0.0008379901863545452,0.0017580864105415722,0.005131699090236463,0.019061421120173432,0.08115791427859924,0.2578019374453615,0.5651195841893053,0.8511507332786609,0.6036686904633881,0.19301147490783516,0.055798707294616494,0.022836887084559797,0.01498092461945232,0.0037506378352641233,0.006236553578137804,0.003974582544163052,0.003872062400584294,0.0032917219192971415,0.0027674379030830916,0.0020655232523684374,0.0022845211947894843,0.00217630880552658,0.0022280355792663417,0.0019930055203366656,0.0020702152170363375,0.0023733868370691856
potD1,241023_165712_Plate_1,F12,0.0,2.7482301267458577e-05,0.00019827086514974369,0.00028238537657747874,0.0005594804389348507,0.0015543488227165066,0.0052238236543535425,0.02339881134704854,0.10083888633412891,0.37013072685720383,0.9778464859639111,2.0171678208971775,2.913258437605264,3.7111029603078536,4.523451457430337,5.176308132575605,5.148392955802775,5.373598298328516,5.242484375886144,5.034040110427772,5.03640388207444,5.004484504889312,4.983148966245943,4.8934517739123535,4.899378691394722,4.783516763908895,4.766351414678445,4.6927551554053135,4.665783614731916,4.464520948319448,4.256952438688297
vpvC_W240R,241023_165712_Plate_1,F3,0.0,0.0001388565134837745,0.0003716538531622785,0.00036556509306044665,0.0009511795705515288,0.004350136336314592,0.017737207419673218,0.07218455024244662,0.24395736469639695,0.7223984424152611,1.4074511653724007,2.4917525768814963,3.5396753120223226,4.476423737332717,5.453274356170004,6.263124458012356,6.843747896375108,7.280517656181977,8.396108863711063,8.829270603137745,9.049300325696429,9.249573210799783,9.184334584648283,9.107104891691085,9.041802732279878,8.964979652184802,8.88091712433893,8.780779344244943,8.6587112204425,8.676026374411629,8.594521227461742
flaA,241023_165712_Plate_1,F5,0.0,0.0018455188093594048,0.0017509654690394101,0.0018776247068196079,0.0021476890114650437,0.006174592198153327,0.02635478453269696,0.1278458785664425,0.4893595158447944,1.3660455368647875,2.644888464680534,3.118282607377949,2.780292487203883,2.173404599909712,1.3545585228784627,0.8077496922764477,0.4395757229410959,0.20356666329331996,0.165482774297656,0.12210674533663261,0.11650442930967331,0.11054346468781369,0.10274314532032854,0.08787967296616818,0.07773713644633441,0.07920994440972137,0.08368788224494858,0.07790238311097586,0.09678200681796867,0.0720242324212161,0.0687548443152651
hapR,241023_165712_Plate_1,F7,0.0,0.00021639463032214963,0.00021863199084513595,0.0004900298251732582,0.0006833179974586836,0.0011772958462672339,0.0030604121005474304,0.011531099380849575,0.04293474031452349,0.15589859481497126,0.453899797920346,1.2355026112343899,2.3298783245423946,2.7649451923577764,3.1620762170480345,3.6255344935755858,3.995735642035391,4.538085775348303,4.740421551955775,4.626611013110207,4.37366236799842,4.205682101261692,3.9512618252237504,3.7011307129871684,3.4769659783783085,3.236720641352095,2.8732702695602654,2.480007082843839,2.0621662218026486,1.8255833431286246,1.5525888176683988
luxO_D47E,241023_165712_Plate_1,F8,0.0,0.00013527507006927863,0.00017976682332329093,0.0003895090064003559,0.0027945635955076717,0.014469361500005214,0.05768333115971098,0.1909453532390374,0.42978915324383166,0.9838858238774028,1.0068486164946513,0.6247449465300394,0.37385571531236755,0.2860327808909733,0.2504579808262056,0.2563457216943253,0.26320756787569183,0.16129714964648376,0.007191707521908125,0.0011880397217463364,0.0009282690089614708,0.0008656048173704056,0.001923390455748106,0.002767776501918771,0.004510375643811535,0.004768005285744284,0.006078673695275022,0.005447050771803363,0.005177518340857346,0.0025742760616688093,0.001803769900618029
rbmB,241023_165712_Plate_1,F9,0.0,0.00017765701083494957,0.0001818013121164663,0.0005070810419184297,0.005642617514290333,0.03736179671668334,0.1579619611466112,0.47295594377365036,1.0838961361892825,1.4705508607394766,1.4673976716216734,1.284517651695637,1.0214440119314068,0.7989781566871045,0.14611849882248557,0.37845405201859483,0.3444045383897319,0.24287069851008447,0.14219791486767516,0.0999672702003564,0.07277378444381309,0.06322667093361241,0.05350238121891081,0.04375686069512868,0.06473244663984676,0.0472954291908898,0.03456202974720569,0.03396219217917973,0.034053553006638024,0.02393628399857521,0.011267332693537618
vpsL,241023_165712_Plate_1,G10,0.0,0.00028085198463517774,0.00023565564753101777,0.0002953800348166443,0.00035947790457082864,0.0006220823679314033,0.0005430492666781478,0.0011817272576932212,0.0004307409416636425,0.0006896279201814103,0.0024412941276368283,0.017836850309112647,0.02839090245240542,0.05041847278011882,0.031626825918540984,0.014173940536393896,0.004316544629979753,0.0013346150982709401,0.0,0.0,0.0,0.0,0.0,0.0,0.0,0.0,0.001072508033456754,0.001253473227812345,0.0014057171755222152,0.0011473263382610645,0.0013824482194702953
WT,241023_165712_Plate_1,G11,0.0,0.0005584376909502744,0.0003985256800564939,0.000456159996978269,0.0010998563597987697,0.0014059808051114402,0.0020543021417932647,0.006397065610511679,0.023086394902080094,0.08291543149801096,0.24745965235700973,0.612862354405646,1.0450460828955361,0.8411564165098672,0.2667885632135139,0.08679887859059489,0.03518894318420519,0.019275451296702335,0.002604247509111328,0.002608555064119445,0.002069357384276066,0.001909567624749384,0.0020205470546653054,0.0021055861221514274,0.0019919223785743387,0.0019336501409111272,0.0020713013013917455,0.002027001498834586,0.0019610306351456894,0.002113307620150607,0.00210394509149176
potD1,241023_165712_Plate_1,G12,0.0,0.00011802035294941072,0.00017673765112843535,0.00022022573269644678,0.0007867000533017576,0.0008124011294123666,0.0019102381347091944,0.008034045523294306,0.03242975791717243,0.13013477459461828,0.4254109826894787,1.2114873734508202,2.028871249229198,2.7122460253589242,3.6122230718789456,4.600461392186068,5.219432168565497,5.0018511515901425,5.474740973959716,5.423469633376379,5.444339573541773,5.422865331760895,5.297534942265299,5.185967194364494,5.130191412545064,5.070852284258588,5.03617716865296,4.977491563538962,4.984802837311782,4.902921439710201,4.8864794333607895
vpvC_W240R,241023_165712_Plate_1,G3,0.0,9.610783199223005e-05,0.00010130110751777428,0.00025191241764596997,0.0013707514788498232,0.006666380423323921,0.024279750150719072,0.09259820122433747,0.3030956476296615,0.6449742708062421,1.8727065637471516,2.7350426283442033,3.472204795895885,4.0668873421063525,4.659677734088522,5.207670824651471,5.651175778758408,5.930310158436693,6.878209673982353,7.948708986398525,8.537855578743725,8.844640970588692,8.987416255657447,8.97814842499412,9.042066896886029,8.955722521859952,8.965275917806382,8.900429191551602,8.916009553145157,8.847776838533585,8.864608470957787
flaA,241023_165712_Plate_1,G5,0.0,0.0008062079741332692,0.0008324043421611288,0.0008558836936183509,0.0014171371786388279,0.004180191219925039,0.022158309069537925,0.10698858486358682,0.41221796692579715,1.1159137558570507,2.2778269292840894,3.2046557395636817,2.522588745427181,2.173524978717577,1.4317848719798896,1.026279361134898,0.6059752152992046,0.2290516928823682,0.16853181568352094,0.1411936947893274,0.12597399479184712,0.10936652777102523,0.10014655437153726,0.09783235204286356,0.10602713270058897,0.09514542348648083,0.09712671822200278,0.08151505145068969,0.07407166862394853,0.0694833768604665,0.059698338649146775
hapR,241023_165712_Plate_1,G7,0.0,0.0003074456027289931,0.00030633243314181563,0.0004099955400626977,0.0007499318177358125,0.0025222661970992176,0.008040742932024128,0.034040348788957495,0.14197380296598752,0.47600867677628983,1.3333097907309863,2.044355976547617,2.4946354486985265,2.9591632240568466,3.3516643460423703,3.649679339208957,4.146599847975777,4.271788457986553,4.057056406130679,3.6750541218731354,3.307714578307637,3.0176133548472373,2.6817552102375823,2.3887714493457297,2.0189151192933434,1.6311931697343072,1.1955483498869404,0.8622686524646471,0.6405764316922263,0.5030940690510816,0.3407413109507145
luxO_D47E,241023_165712_Plate_1,G8,0.0,6.471881708371178e-05,0.00010230915965483913,0.0003689092832200629,0.0029376697216667107,0.012455391943401674,0.05114826662771818,0.18638050190453137,0.4466526593012717,0.9603736357564796,0.9500937537045829,0.5843427422630998,0.36833265535496457,0.2799037340147758,0.24310613939513454,0.27121699860786225,0.2550239423208286,0.17743362789382067,0.014474418078706716,0.0026518153956706864,0.001154594944434208,0.001293237825660291,0.0021128176115254795,0.002615736529411117,0.0046644902113185185,0.0037652991046596275,0.00431631056007557,0.004353628659284998,0.003806857948638807,0.0018650671239686671,0.0012157923202514335
rbmB,241023_165712_Plate_1,G9,0.0,0.00012812456888207398,0.0001493792397174049,0.00018159838688496294,0.0006300339900849522,0.0017820565731493077,0.008083290821664153,0.04625953611065031,0.18221564928542744,0.4933086964541844,0.9943393857982029,1.679462062218135,2.0222999038620566,2.0821870232327826,1.9466628894100304,1.8529159533485027,1.7632217036079947,1.521662097508353,1.564764866575522,1.3508996758905094,1.1559551580859717,1.0541688570953844,1.0135533817071765,0.9804842531527039,1.0457644768700305,1.034735236739172,0.9640256612786537,0.9522445886155602,0.9473055130059584,0.9179250586329436,0.8331213317161983
vpsL,241023_165712_Plate_1,H10,0.0,0.0002190367311480256,0.04292624023314588,0.04615734787819568,0.049131036142963797,0.05440265085281106,0.00030096467522198203,0.00036688780871356013,0.00042221442376228624,0.0006092568753558464,0.0015142281042286254,0.07902393240072314,0.08574240742192195,0.10168483503097989,0.11098104834211596,0.1166658572910208,0.11322117757768316,0.11650697064006157,0.11535461775092387,0.11776143150911535,0.11537841262861191,0.11435921876410798,0.11506655795141352,0.11591789694377225,0.11456035168891641,0.11621724560037576,0.1160485079503062,0.11467439054623424,0.11426408606733658,0.11660913212167001,0.11609944824916792
WT,241023_165712_Plate_1,H11,0.0,8.675288719827875e-05,9.622712739082465e-05,0.00011058507562906583,0.00012238060043681486,0.00013040887714012777,0.0005779356470915793,0.002412516637336988,0.00973943537504453,0.04041871890183652,0.16070413020038105,0.4550780857548672,0.9317108397096889,1.1330983656967601,0.6462519580975025,0.20728972568755788,0.06907099919098893,0.023426996707367916,0.0003573998654000522,0.012524335561750807,0.0007809333733880813,6.44761133439205e-05,0.00017012200635999975,0.0,0.0,0.0,0.0,0.0,0.0,4.019530653477682e-05,0.0
potD1,241023_165712_Plate_1,H12,0.0,0.0003943691335751326,0.00034531282993363404,0.0004311034825066638,0.0004313771035369418,0.000405026851266361,0.0007467341887747723,0.0031474865061660944,0.009894316755557615,0.05006521180564164,0.20893630046009853,0.7125592136772675,1.2826310482679242,2.223248314708881,3.101885676204372,4.0627553395263725,4.734679081557903,4.957646715799658,4.829333606953621,5.385588696363064,5.332444796546265,5.108845173563217,4.753844056541229,4.559232988034479,4.488052330172515,4.389799815963931,4.347673252151435,4.2968165496840784,4.296938934805409,4.241845299563882,4.192852729813437
vpvC_W240R,241023_165712_Plate_1,H3,0.0,9.876124842604536e-05,0.000133791942966973,0.00017849547598257825,0.0003058325668298661,0.00041768961175681855,0.0006775192834066918,0.0013392319599381556,0.003353546468703346,0.00948360432625552,0.027501484299263083,0.07941104389597206,0.25163917112753864,0.6707957257247165,1.3456155812421422,2.4852646272773598,3.34332517100461,3.984661995499853,4.743128670713323,5.4582500135617735,5.973494718216096,6.383642303400839,7.559879418052897,7.960815750614011,8.165717200879788,8.210768969723413,8.204383944000002,8.10577122964744,8.12780389534258,8.055769885487083,8.00045214503158
flaA,241023_165712_Plate_1,H5,0.0,0.0003343959099182252,0.000459269562153644,0.0005160353259135357,0.0008502829358281823,0.00124018688503401,0.002494510589123924,0.008853905457396243,0.03511890545624679,0.14958279359379373,0.5632587284510526,1.468778483425005,2.545475164378551,3.3280406737699404,2.9176245100894267,2.004148518440957,1.0211543671442596,0.5353596356244948,0.2904854324888372,0.27260035174158215,0.2821967028592844,0.36429850737035624,0.36801119043627156,0.33055264928433375,0.3255156789530912,0.3286820963643364,0.3040513216098818,0.3138775427489146,0.28309287626986146,0.25755322145288845,0.2320165560429775
hapR,241023_165712_Plate_1,H7,0.0,0.00037043216876752184,0.00036182515088226136,0.0003945511730834713,0.0005865201273889229,0.0010003929016601763,0.002696330475662578,0.009881452273623734,0.03627360974476481,0.1413511636454384,0.48028025189627793,1.208525987900216,2.1131702545554094,2.5636506255612237,2.988716221387802,3.49216179655785,3.9029865794139518,4.576677482344946,4.9965066669064955,5.151325182931029,5.0238390096179115,4.766756689998258,4.599271648301665,4.294926334892129,4.0859556796578085,3.801527641903643,3.48688766659969,3.153471339230469,2.8149005919397987,2.377398527718415,2.0332993836765265
luxO_D47E,241023_165712_Plate_1,H8,0.0,0.001465665219945144,0.001477762688241577,0.0014526329433285205,0.0016318809339899115,0.003564706078804468,0.008979415077561328,0.028453823117734357,0.0923827632845277,0.29777260374923836,0.6481265236444286,1.106627065847159,1.0098791529826625,0.7483777942033857,0.5993874850387707,0.5550245504845975,0.5609440446071475,0.6287459368407924,0.6713005141923655,0.6273222568064376,0.2549791279657449,0.17265935755989817,0.11581854430101401,0.10225540382941567,0.10795812915755783,0.10801370404052235,0.09251697896758607,0.09256619383686836,0.08921760985076503,0.07464554115188907,0.04599023199817654
rbmB,241023_165712_Plate_1,H9,0.0,3.453538456685584e-05,7.547781347862425e-05,0.00013188175198063022,0.0002957325440923435,0.0013961744130371477,0.006260299234268871,0.02889522746164404,0.1220841943732925,0.38430800656797365,0.8582689996962037,1.4922262688837202,1.9895840202315536,2.2620662669871967,2.2751940441247265,2.256395956996928,2.237306820662557,2.0420620246095105,2.180372392817423,2.0129144363526,1.9192971750179895,1.8821488099276515,1.81596166564729,1.8063063489768683,1.7666094307697888,1.7244811950294059,1.7385850436673778,1.6803266495670706,1.6960468512090976,1.6176928201864338,1.5757537798057457
