plateID,plateLabel,wellId,geneLocus
241025_172133_Plate 1,TN-Plate02,A1,VC_A0494
241025_172133_Plate 1,TN-Plate02,A11,VC_1843
241025_172133_Plate 1,TN-Plate02,A12,VC_0566
241025_172133_Plate 1,TN-Plate02,A2,VC_A0310
241025_172133_Plate 1,TN-Plate02,A3,VC_2536
241025_172133_Plate 1,TN-Plate02,A4,VC_A0107
241025_172133_Plate 1,TN-Plate02,A5,VC_2327
241025_172133_Plate 1,TN-Plate02,A6,VC_2516
241025_172133_Plate 1,TN-Plate02,A7,VC_A0766
241025_172133_Plate 1,TN-Plate02,A8,VC_2269
241025_172133_Plate 1,TN-Plate02,A9,VC_1426
241025_172133_Plate 1,TN-Plate02,B1,VC_2075
241025_172133_Plate 1,TN-Plate02,B10,VC_A0112
241025_172133_Plate 1,TN-Plate02,B11,VC_A0589
241025_172133_Plate 1,TN-Plate02,B2,VC_0054
241025_172133_Plate 1,TN-Plate02,B3,VC_A0355
241025_172133_Plate 1,TN-Plate02,B4,VC_0470
241025_172133_Plate 1,TN-Plate02,B5,VC_A0773
241025_172133_Plate 1,TN-Plate02,B6,VC_1323
241025_172133_Plate 1,TN-Plate02,B7,VC_1329
241025_172133_Plate 1,TN-Plate02,B8,VC_A0257
241025_172133_Plate 1,TN-Plate02,B9,VC_A0080
241025_172133_Plate 1,TN-Plate02,C1,VC_2643
241025_172133_Plate 1,TN-Plate02,C10,VC_2674
241025_172133_Plate 1,TN-Plate02,C11,VC_1480
241025_172133_Plate 1,TN-Plate02,C12,VC_1198
241025_172133_Plate 1,TN-Plate02,C2,VC_0287
241025_172133_Plate 1,TN-Plate02,C3,VC_2307
241025_172133_Plate 1,TN-Plate02,C4,VC_1822
241025_172133_Plate 1,TN-Plate02,C5,VC_1101
241025_172133_Plate 1,TN-Plate02,C6,VC_A0166
241025_172133_Plate 1,TN-Plate02,C7,VC_2370
241025_172133_Plate 1,TN-Plate02,C8,VC_1229
241025_172133_Plate 1,TN-Plate02,C9,VC_A1032
241025_172133_Plate 1,TN-Plate02,D1,VC_A0096
241025_172133_Plate 1,TN-Plate02,D10,VC_1401
241025_172133_Plate 1,TN-Plate02,D11,VC_1204
241025_172133_Plate 1,TN-Plate02,D12,VC_2098
241025_172133_Plate 1,TN-Plate02,D2,VC_A0834
241025_172133_Plate 1,TN-Plate02,D3,VC_A0809
241025_172133_Plate 1,TN-Plate02,D4,VC_0099
241025_172133_Plate 1,TN-Plate02,D5,VC_0283
241025_172133_Plate 1,TN-Plate02,D6,VC_A1097
241025_172133_Plate 1,TN-Plate02,D7,VC_1321
241025_172133_Plate 1,TN-Plate02,D8,VC_2738
241025_172133_Plate 1,TN-Plate02,D9,VC_2682
241025_172133_Plate 1,TN-Plate02,E1,VC_A1075
241025_172133_Plate 1,TN-Plate02,E10,VC_1695
241025_172133_Plate 1,TN-Plate02,E11,VC_2727
241025_172133_Plate 1,TN-Plate02,E12,VC_1543
241025_172133_Plate 1,TN-Plate02,E2,VC_0175
241025_172133_Plate 1,TN-Plate02,E3,VC_2187
241025_172133_Plate 1,TN-Plate02,E4,VC_A0217
241025_172133_Plate 1,TN-Plate02,E5,VC_A0432
241025_172133_Plate 1,TN-Plate02,E6,VC_1824
241025_172133_Plate 1,TN-Plate02,E7,VC_1788
241025_172133_Plate 1,TN-Plate02,E8,VC_1668
241025_172133_Plate 1,TN-Plate02,E9,VC_1091
241025_172133_Plate 1,TN-Plate02,F1,VC_A0676
241025_172133_Plate 1,TN-Plate02,F10,VC_0654
241025_172133_Plate 1,TN-Plate02,F11,VC_A0265
241025_172133_Plate 1,TN-Plate02,F12,VC_0494
241025_172133_Plate 1,TN-Plate02,F2,VC_2368
241025_172133_Plate 1,TN-Plate02,F3,VC_2495
241025_172133_Plate 1,TN-Plate02,F4,VC_0276
241025_172133_Plate 1,TN-Plate02,F5,VC_A0782
241025_172133_Plate 1,TN-Plate02,F6,VC_1259
241025_172133_Plate 1,TN-Plate02,F7,VC_2601
241025_172133_Plate 1,TN-Plate02,F8,VC_1243
241025_172133_Plate 1,TN-Plate02,F9,VC_2609
241025_172133_Plate 1,TN-Plate02,G1,VC_0709
241025_172133_Plate 1,TN-Plate02,G10,VC_2077
241025_172133_Plate 1,TN-Plate02,G11,VC_0771
241025_172133_Plate 1,TN-Plate02,G12,VC_1458
241025_172133_Plate 1,TN-Plate02,G2,VC_1639
241025_172133_Plate 1,TN-Plate02,G3,VC_A0313
241025_172133_Plate 1,TN-Plate02,G4,VC_0221
241025_172133_Plate 1,TN-Plate02,G5,VC_A0512
241025_172133_Plate 1,TN-Plate02,G6,VC_A0417
241025_172133_Plate 1,TN-Plate02,G7,VC_1674
241025_172133_Plate 1,TN-Plate02,G8,VC_A0843
241025_172133_Plate 1,TN-Plate02,G9,VC_0271
241025_172133_Plate 1,TN-Plate02,H1,VC_1573
241025_172133_Plate 1,TN-Plate02,H10,VC_0856
241025_172133_Plate 1,TN-Plate02,H11,VC_1800
241025_172133_Plate 1,TN-Plate02,H12,VC_1608
241025_172133_Plate 1,TN-Plate02,H2,VC_1733
241025_172133_Plate 1,TN-Plate02,H3,VC_0055
241025_172133_Plate 1,TN-Plate02,H4,VC_1338
241025_172133_Plate 1,TN-Plate02,H5,VC_A0880
241025_172133_Plate 1,TN-Plate02,H6,VC_1275
241025_172133_Plate 1,TN-Plate02,H7,VC_1893
241025_172133_Plate 1,TN-Plate02,H8,VC_1085
241025_172133_Plate 1,TN-Plate02,H9,VC_A0220
241029_150913_Plate 1,TN-Plate03,A1,VC_1776
241029_150913_Plate 1,TN-Plate03,A10,VC_A0049
241029_150913_Plate 1,TN-Plate03,A11,VC_2286
241029_150913_Plate 1,TN-Plate03,A12,VC_1746
241029_150913_Plate 1,TN-Plate03,A2,VC_0481
241029_150913_Plate 1,TN-Plate03,A3,VC_A0977
241029_150913_Plate 1,TN-Plate03,A4,VC_A0920
241029_150913_Plate 1,TN-Plate03,A5,VC_A0349
241029_150913_Plate 1,TN-Plate03,A6,VC_A0931
241029_150913_Plate 1,TN-Plate03,A7,VC_1534
241029_150913_Plate 1,TN-Plate03,A8,VC_0278
241029_150913_Plate 1,TN-Plate03,A9,VC_A0737
241029_150913_Plate 1,TN-Plate03,B1,VC_0469
241029_150913_Plate 1,TN-Plate03,B10,VC_1950
241029_150913_Plate 1,TN-Plate03,B11,VC_A0221
241029_150913_Plate 1,TN-Plate03,B12,VC_1462
241029_150913_Plate 1,TN-Plate03,B2,VC_2131
241029_150913_Plate 1,TN-Plate03,B3,VC_A0524
241029_150913_Plate 1,TN-Plate03,B4,VC_2563
241029_150913_Plate 1,TN-Plate03,B5,VC_1293
241029_150913_Plate 1,TN-Plate03,B6,VC_0936
241029_150913_Plate 1,TN-Plate03,B7,VC_1795
241029_150913_Plate 1,TN-Plate03,B8,VC_0352
241029_150913_Plate 1,TN-Plate03,B9,VC_1828
241029_150913_Plate 1,TN-Plate03,C1,VC_0157
241029_150913_Plate 1,TN-Plate03,C10,VC_A0449
241029_150913_Plate 1,TN-Plate03,C11,VC_A0408
241029_150913_Plate 1,TN-Plate03,C12,VC_0447
241029_150913_Plate 1,TN-Plate03,C2,VC_1793
241029_150913_Plate 1,TN-Plate03,C3,VC_0108
241029_150913_Plate 1,TN-Plate03,C4,VC_A1040
241029_150913_Plate 1,TN-Plate03,C5,VC_2274
241029_150913_Plate 1,TN-Plate03,C6,VC_A0642
241029_150913_Plate 1,TN-Plate03,C7,VC_A0397
241029_150913_Plate 1,TN-Plate03,C8,VC_0849
241029_150913_Plate 1,TN-Plate03,C9,VC_0805
241029_150913_Plate 1,TN-Plate03,D1,VC_1507
241029_150913_Plate 1,TN-Plate03,D10,VC_1478
241029_150913_Plate 1,TN-Plate03,D11,VC_A0182
241029_150913_Plate 1,TN-Plate03,D12,VC_1576
241029_150913_Plate 1,TN-Plate03,D2,VC_2490
241029_150913_Plate 1,TN-Plate03,D3,VC_0942
241029_150913_Plate 1,TN-Plate03,D4,VC_A0259
241029_150913_Plate 1,TN-Plate03,D5,VC_0211
241029_150913_Plate 1,TN-Plate03,D6,VC_1906
241029_150913_Plate 1,TN-Plate03,D7,VC_1210
241029_150913_Plate 1,TN-Plate03,D8,VC_1126
241029_150913_Plate 1,TN-Plate03,D9,VC_0678
241029_150913_Plate 1,TN-Plate03,E1,VC_A0087
241029_150913_Plate 1,TN-Plate03,E10,VC_0124
241029_150913_Plate 1,TN-Plate03,E11,VC_A0747
241029_150913_Plate 1,TN-Plate03,E12,VC_0043
241029_150913_Plate 1,TN-Plate03,E2,VC_0503
241029_150913_Plate 1,TN-Plate03,E3,VC_A1041
241029_150913_Plate 1,TN-Plate03,E4,VC_A0039
241029_150913_Plate 1,TN-Plate03,E5,VC_A0614
241029_150913_Plate 1,TN-Plate03,E6,VC_0493
241029_150913_Plate 1,TN-Plate03,E7,VC_A0224
241029_150913_Plate 1,TN-Plate03,E8,VC_A0532
241029_150913_Plate 1,TN-Plate03,E9,VC_1783
241029_150913_Plate 1,TN-Plate03,F1,VC_0034
241029_150913_Plate 1,TN-Plate03,F10,VC_A0472
241029_150913_Plate 1,TN-Plate03,F12,VC_1958
241029_150913_Plate 1,TN-Plate03,F2,VC_A0311/VC_A0385
241029_150913_Plate 1,TN-Plate03,F3,VC_A0070
241029_150913_Plate 1,TN-Plate03,F4,VC_A0700
241029_150913_Plate 1,TN-Plate03,F5,VC_2380
241029_150913_Plate 1,TN-Plate03,F6,VC_A0721
241029_150913_Plate 1,TN-Plate03,F7,VC_0602
241029_150913_Plate 1,TN-Plate03,F8,VC_1285
241029_150913_Plate 1,TN-Plate03,F9,VC_A0277
241029_150913_Plate 1,TN-Plate03,G1,VC_0610
241029_150913_Plate 1,TN-Plate03,G10,VC_2176
241029_150913_Plate 1,TN-Plate03,G11,VC_A0608
241029_150913_Plate 1,TN-Plate03,G12,VC_1981
241029_150913_Plate 1,TN-Plate03,G2,VC_0934
241029_150913_Plate 1,TN-Plate03,G3,VC_A0894
241029_150913_Plate 1,TN-Plate03,G4,VC_2558
241029_150913_Plate 1,TN-Plate03,G5,VC_0095
241029_150913_Plate 1,TN-Plate03,G6,VC_A0706
241029_150913_Plate 1,TN-Plate03,G7,VC_2737
241029_150913_Plate 1,TN-Plate03,G8,VC_0786
241029_150913_Plate 1,TN-Plate03,G9,VC_1629
241029_150913_Plate 1,TN-Plate03,H1,VC_1556
241029_150913_Plate 1,TN-Plate03,H10,VC_A0442
241029_150913_Plate 1,TN-Plate03,H11,VC_1526
241029_150913_Plate 1,TN-Plate03,H2,VC_1972
241029_150913_Plate 1,TN-Plate03,H3,VC_0944
241029_150913_Plate 1,TN-Plate03,H4,VC_0223
241029_150913_Plate 1,TN-Plate03,H5,VC_1062
241029_150913_Plate 1,TN-Plate03,H6,VC_0253
241029_150913_Plate 1,TN-Plate03,H7,VC_2200
241029_150913_Plate 1,TN-Plate03,H8,VC_0626
241029_150913_Plate 1,TN-Plate03,H9,VC_1869
241029_152903_Plate 1,TN-Plate04,A1,VC_1750
241029_152903_Plate 1,TN-Plate04,A10,VC_2074
241029_152903_Plate 1,TN-Plate04,A11,VC_2138
241029_152903_Plate 1,TN-Plate04,A12,VC_1687
241029_152903_Plate 1,TN-Plate04,A2,VC_2221
241029_152903_Plate 1,TN-Plate04,A3,VC_A0729
241029_152903_Plate 1,TN-Plate04,A4,VC_1612
241029_152903_Plate 1,TN-Plate04,A5,VC_0773
241029_152903_Plate 1,TN-Plate04,A6,VC_1277
241029_152903_Plate 1,TN-Plate04,A7,VC_A1081
241029_152903_Plate 1,TN-Plate04,A8,VC_2566
241029_152903_Plate 1,TN-Plate04,A9,VC_0200
241029_152903_Plate 1,TN-Plate04,B1,VC_2415
241029_152903_Plate 1,TN-Plate04,B10,VC_1714
241029_152903_Plate 1,TN-Plate04,B11,VC_A1008
241029_152903_Plate 1,TN-Plate04,B12,VC_1272
241029_152903_Plate 1,TN-Plate04,B2,VC_2366
241029_152903_Plate 1,TN-Plate04,B3,VC_2031
241029_152903_Plate 1,TN-Plate04,B4,VC_A0646
241029_152903_Plate 1,TN-Plate04,B6,VC_A0632
241029_152903_Plate 1,TN-Plate04,B7,VC_A0211
241029_152903_Plate 1,TN-Plate04,B8,VC_A0479
241029_152903_Plate 1,TN-Plate04,B9,VC_A0730
241029_152903_Plate 1,TN-Plate04,C10,VC_1693
241029_152903_Plate 1,TN-Plate04,C11,VC_A0908
241029_152903_Plate 1,TN-Plate04,C12,VC_1122
241029_152903_Plate 1,TN-Plate04,C2,VC_A0312/VC_A0386
241029_152903_Plate 1,TN-Plate04,C3,VC_1372
241029_152903_Plate 1,TN-Plate04,C4,VC_0655
241029_152903_Plate 1,TN-Plate04,C5,VC_1500
241029_152903_Plate 1,TN-Plate04,C6,VC_A0138
241029_152903_Plate 1,TN-Plate04,C7,VC_A0936
241029_152903_Plate 1,TN-Plate04,C8,VC_1409
241029_152903_Plate 1,TN-Plate04,C9,VC_A0648
241029_152903_Plate 1,TN-Plate04,D1,VC_0882
241029_152903_Plate 1,TN-Plate04,D10,VC_0040
241029_152903_Plate 1,TN-Plate04,D11,VC_0817
241029_152903_Plate 1,TN-Plate04,D12,VC_0662
241029_152903_Plate 1,TN-Plate04,D2,VC_0052
241029_152903_Plate 1,TN-Plate04,D3,VC_0410
241029_152903_Plate 1,TN-Plate04,D4,VC_1189
241029_152903_Plate 1,TN-Plate04,D5,VC_A0533
241029_152903_Plate 1,TN-Plate04,D6,VC_1303
241029_152903_Plate 1,TN-Plate04,D7,VC_A0330
241029_152903_Plate 1,TN-Plate04,D8,VC_2157
241029_152903_Plate 1,TN-Plate04,D9,VC_1167
241029_152903_Plate 1,TN-Plate04,E1,VC_0085
241029_152903_Plate 1,TN-Plate04,E11,VC_2652
241029_152903_Plate 1,TN-Plate04,E12,VC_2605
241029_152903_Plate 1,TN-Plate04,E2,VC_2350
241029_152903_Plate 1,TN-Plate04,E3,VC_2156
241029_152903_Plate 1,TN-Plate04,E4,VC_A0173
241029_152903_Plate 1,TN-Plate04,E5,VC_0991
241029_152903_Plate 1,TN-Plate04,E6,VC_A0559
241029_152903_Plate 1,TN-Plate04,E7,VC_0921
241029_152903_Plate 1,TN-Plate04,E8,VC_A0694
241029_152903_Plate 1,TN-Plate04,E9,VC_1312
241029_152903_Plate 1,TN-Plate04,F1,VC_1904
241029_152903_Plate 1,TN-Plate04,F10,VC_1196
241029_152903_Plate 1,TN-Plate04,F11,VC_2556
241029_152903_Plate 1,TN-Plate04,F12,VC_2302
241029_152903_Plate 1,TN-Plate04,F2,VC_0728
241029_152903_Plate 1,TN-Plate04,F3,VC_2742
241029_152903_Plate 1,TN-Plate04,F4,VC_1155
241029_152903_Plate 1,TN-Plate04,F5,VC_1589
241029_152903_Plate 1,TN-Plate04,F6,VC_A0680
241029_152903_Plate 1,TN-Plate04,F7,VC_A0685
241029_152903_Plate 1,TN-Plate04,F8,VC_1845
241029_152903_Plate 1,TN-Plate04,F9,VC_2390
241029_152903_Plate 1,TN-Plate04,G1,VC_1886
241029_152903_Plate 1,TN-Plate04,G10,VC_1095
241029_152903_Plate 1,TN-Plate04,G11,VC_1673
241029_152903_Plate 1,TN-Plate04,G12,VC_1603
241029_152903_Plate 1,TN-Plate04,G2,VC_A0064
241029_152903_Plate 1,TN-Plate04,G3,VC_1444
241029_152903_Plate 1,TN-Plate04,G4,VC_1579
241029_152903_Plate 1,TN-Plate04,G5,VC_1364
241029_152903_Plate 1,TN-Plate04,G6,VC_2476
241029_152903_Plate 1,TN-Plate04,G7,VC_A0865
241029_152903_Plate 1,TN-Plate04,G8,VC_0395
241029_152903_Plate 1,TN-Plate04,G9,VC_A0206
241029_152903_Plate 1,TN-Plate04,H1,VC_0812
241029_152903_Plate 1,TN-Plate04,H10,VC_1909
241029_152903_Plate 1,TN-Plate04,H11,VC_2030
241029_152903_Plate 1,TN-Plate04,H2,VC_1553
241029_152903_Plate 1,TN-Plate04,H3,VC_1508
241029_152903_Plate 1,TN-Plate04,H4,VC_0604
241029_152903_Plate 1,TN-Plate04,H5,VC_A0584
241029_152903_Plate 1,TN-Plate04,H6,VC_2215
241029_152903_Plate 1,TN-Plate04,H7,VC_1151
241029_152903_Plate 1,TN-Plate04,H8,VC_0744
241029_152903_Plate 1,TN-Plate04,H9,VC_1273
241031_141747_Plate 1,TN-Plate07,A1,VC_A0381
241031_141747_Plate 1,TN-Plate07,A10,VC_1156
241031_141747_Plate 1,TN-Plate07,A11,VC_0972
241031_141747_Plate 1,TN-Plate07,A12,VC_0449
241031_141747_Plate 1,TN-Plate07,A2,VC_A0108
241031_141747_Plate 1,TN-Plate07,A3,VC_0913
241031_141747_Plate 1,TN-Plate07,A4,VC_A0992
241031_141747_Plate 1,TN-Plate07,A5,VC_A0656
241031_141747_Plate 1,TN-Plate07,A6,VC_1566
241031_141747_Plate 1,TN-Plate07,A7,VC_A0521
241031_141747_Plate 1,TN-Plate07,A8,VC_1498
241031_141747_Plate 1,TN-Plate07,A9,VC_1979
241031_141747_Plate 1,TN-Plate07,B1,VC_0760
241031_141747_Plate 1,TN-Plate07,B10,VC_2275
241031_141747_Plate 1,TN-Plate07,B11,VC_A0133
241031_141747_Plate 1,TN-Plate07,B12,VC_A0136
241031_141747_Plate 1,TN-Plate07,B2,VC_0775
241031_141747_Plate 1,TN-Plate07,B3,VC_0724
241031_141747_Plate 1,TN-Plate07,B4,VC_A0534
241031_141747_Plate 1,TN-Plate07,B5,VC_2116
241031_141747_Plate 1,TN-Plate07,B6,VC_A0031
241031_141747_Plate 1,TN-Plate07,B7,VC_1546
241031_141747_Plate 1,TN-Plate07,B8,VC_1601
241031_141747_Plate 1,TN-Plate07,B9,VC_2756
241031_141747_Plate 1,TN-Plate07,C1,VC_2073
241031_141747_Plate 1,TN-Plate07,C10,VC_0113
241031_141747_Plate 1,TN-Plate07,C11,VC_2634
241031_141747_Plate 1,TN-Plate07,C12,VC_1104
241031_141747_Plate 1,TN-Plate07,C2,VC_A0314
241031_141747_Plate 1,TN-Plate07,C3,VC_1964
241031_141747_Plate 1,TN-Plate07,C4,VC_A0178
241031_141747_Plate 1,TN-Plate07,C5,VC_1423
241031_141747_Plate 1,TN-Plate07,C6,VC_A0219
241031_141747_Plate 1,TN-Plate07,C7,VC_2206
241031_141747_Plate 1,TN-Plate07,C8,VC_A0365
241031_141747_Plate 1,TN-Plate07,C9,VC_A1091
241031_141747_Plate 1,TN-Plate07,D1,VC_1060
241031_141747_Plate 1,TN-Plate07,D10,VC_0974
241031_141747_Plate 1,TN-Plate07,D11,VC_1073
241031_141747_Plate 1,TN-Plate07,D12,VC_2290
241031_141747_Plate 1,TN-Plate07,D2,VC_2393
241031_141747_Plate 1,TN-Plate07,D3,VC_1999
241031_141747_Plate 1,TN-Plate07,D4,VC_1429
241031_141747_Plate 1,TN-Plate07,D5,VC_2122
241031_141747_Plate 1,TN-Plate07,D6,VC_2512
241031_141747_Plate 1,TN-Plate07,D7,VC_1302
241031_141747_Plate 1,TN-Plate07,D8,VC_2418
241031_141747_Plate 1,TN-Plate07,D9,VC_1650
241031_141747_Plate 1,TN-Plate07,E1,VC_1491
241031_141747_Plate 1,TN-Plate07,E10,VC_0097
241031_141747_Plate 1,TN-Plate07,E11,VC_1978
241031_141747_Plate 1,TN-Plate07,E12,VC_0736
241031_141747_Plate 1,TN-Plate07,E2,VC_0547
241031_141747_Plate 1,TN-Plate07,E3,VC_A0707
241031_141747_Plate 1,TN-Plate07,E4,VC_A0760
241031_141747_Plate 1,TN-Plate07,E5,VC_2616
241031_141747_Plate 1,TN-Plate07,E6,VC_0068
241031_141747_Plate 1,TN-Plate07,E7,VC_2168
241031_141747_Plate 1,TN-Plate07,E8,VC_A0623
241031_141747_Plate 1,TN-Plate07,E9,VC_1672
241031_141747_Plate 1,TN-Plate07,F1,VC_2771
241031_141747_Plate 1,TN-Plate07,F10,VC_1689
241031_141747_Plate 1,TN-Plate07,F11,VC_0523
241031_141747_Plate 1,TN-Plate07,F12,VC_0074
241031_141747_Plate 1,TN-Plate07,F2,VC_A0568
241031_141747_Plate 1,TN-Plate07,F3,VC_0554
241031_141747_Plate 1,TN-Plate07,F4,VC_2428
241031_141747_Plate 1,TN-Plate07,F5,VC_A0121
241031_141747_Plate 1,TN-Plate07,F6,VC_1465
241031_141747_Plate 1,TN-Plate07,F7,VC_1324
241031_141747_Plate 1,TN-Plate07,F8,VC_A0246
241031_141747_Plate 1,TN-Plate07,F9,VC_2508
241031_141747_Plate 1,TN-Plate07,G1,VC_A0588
241031_141747_Plate 1,TN-Plate07,G10,VC_2564
241031_141747_Plate 1,TN-Plate07,G11,VC_A0129
241031_141747_Plate 1,TN-Plate07,G12,VC_1771
241031_141747_Plate 1,TN-Plate07,G2,VC_0994
241031_141747_Plate 1,TN-Plate07,G3,VC_1570
241031_141747_Plate 1,TN-Plate07,G4,VC_A0552
241031_141747_Plate 1,TN-Plate07,G5,VC_0468
241031_141747_Plate 1,TN-Plate07,G6,VC_A0309
241031_141747_Plate 1,TN-Plate07,G7,VC_A0451
241031_141747_Plate 1,TN-Plate07,G8,VC_A0465
241031_141747_Plate 1,TN-Plate07,G9,VC_A0253
241031_141747_Plate 1,TN-Plate07,H1,VC_1427
241031_141747_Plate 1,TN-Plate07,H10,VC_2033
241031_141747_Plate 1,TN-Plate07,H11,VC_1240
241031_141747_Plate 1,TN-Plate07,H12,VC_0910
241031_141747_Plate 1,TN-Plate07,H2,VC_0940
241031_141747_Plate 1,TN-Plate07,H3,VC_1619
241031_141747_Plate 1,TN-Plate07,H4,VC_1520
241031_141747_Plate 1,TN-Plate07,H5,VC_1415
241031_141747_Plate 1,TN-Plate07,H6,VC_0582
241031_141747_Plate 1,TN-Plate07,H7,VC_0583
241031_141747_Plate 1,TN-Plate07,H8,VC_A0758
241031_141747_Plate 1,TN-Plate07,H9,VC_2661
241104_155937_Plate 1,TN-Plate08,A1,VC_1266
241104_155937_Plate 1,TN-Plate08,A10,VC_0199
241104_155937_Plate 1,TN-Plate08,A11,VC_0581
241104_155937_Plate 1,TN-Plate08,A12,VC_A0794
241104_155937_Plate 1,TN-Plate08,A2,VC_1138
241104_155937_Plate 1,TN-Plate08,A3,VC_A0258
241104_155937_Plate 1,TN-Plate08,A4,VC_1719
241104_155937_Plate 1,TN-Plate08,A5,VC_2197
241104_155937_Plate 1,TN-Plate08,A6,VC_0907
241104_155937_Plate 1,TN-Plate08,A7,VC_1567
241104_155937_Plate 1,TN-Plate08,A8,VC_2344
241104_155937_Plate 1,TN-Plate08,A9,VC_0044
241104_155937_Plate 1,TN-Plate08,B1,VC_2178
241104_155937_Plate 1,TN-Plate08,B10,VC_0021
241104_155937_Plate 1,TN-Plate08,B11,VC_A0855
241104_155937_Plate 1,TN-Plate08,B12,VC_0409
241104_155937_Plate 1,TN-Plate08,B2,VC_1010
241104_155937_Plate 1,TN-Plate08,B3,VC_A0765
241104_155937_Plate 1,TN-Plate08,B4,VC_0039
241104_155937_Plate 1,TN-Plate08,B5,VC_A1062
241104_155937_Plate 1,TN-Plate08,B6,VC_0774
241104_155937_Plate 1,TN-Plate08,B7,VC_A0388
241104_155937_Plate 1,TN-Plate08,B8,VC_A0101
241104_155937_Plate 1,TN-Plate08,B9,VC_1636
241104_155937_Plate 1,TN-Plate08,C1,VC_2494
241104_155937_Plate 1,TN-Plate08,C11,VC_2357
241104_155937_Plate 1,TN-Plate08,C12,VC_1861
241104_155937_Plate 1,TN-Plate08,C2,VC_A1003
241104_155937_Plate 1,TN-Plate08,C3,VC_1998
241104_155937_Plate 1,TN-Plate08,C4,VC_2607
241104_155937_Plate 1,TN-Plate08,C5,VC_0782
241104_155937_Plate 1,TN-Plate08,C6,VC_A0230
241104_155937_Plate 1,TN-Plate08,C7,VC_A0213
241104_155937_Plate 1,TN-Plate08,C8,VC_1208
241104_155937_Plate 1,TN-Plate08,C9,VC_1502
241104_155937_Plate 1,TN-Plate08,D1,VC_A0964
241104_155937_Plate 1,TN-Plate08,D10,VC_A0670
241104_155937_Plate 1,TN-Plate08,D11,VC_A0655
241104_155937_Plate 1,TN-Plate08,D12,VC_A0391
241104_155937_Plate 1,TN-Plate08,D2,VC_A0673
241104_155937_Plate 1,TN-Plate08,D3,VC_A0019
241104_155937_Plate 1,TN-Plate08,D4,VC_0462
241104_155937_Plate 1,TN-Plate08,D5,VC_0486
241104_155937_Plate 1,TN-Plate08,D6,VC_1748
241104_155937_Plate 1,TN-Plate08,D8,VC_2497
241104_155937_Plate 1,TN-Plate08,D9,VC_1492
241104_155937_Plate 1,TN-Plate08,E1,VC_1268
241104_155937_Plate 1,TN-Plate08,E10,VC_1335
241104_155937_Plate 1,TN-Plate08,E11,VC_1305
241104_155937_Plate 1,TN-Plate08,E12,VC_1550
241104_155937_Plate 1,TN-Plate08,E2,VC_0005/VC_0006
241104_155937_Plate 1,TN-Plate08,E3,VC_1598
241104_155937_Plate 1,TN-Plate08,E4,VC_A1088
241104_155937_Plate 1,TN-Plate08,E5,VC_A1112
241104_155937_Plate 1,TN-Plate08,E6,VC_0790
241104_155937_Plate 1,TN-Plate08,E9,VC_A1066
241104_155937_Plate 1,TN-Plate08,F1,VC_0306
241104_155937_Plate 1,TN-Plate08,F10,VC_A0763
241104_155937_Plate 1,TN-Plate08,F11,VC_A0426
241104_155937_Plate 1,TN-Plate08,F12,VC_2058
241104_155937_Plate 1,TN-Plate08,F2,VC_A1060
241104_155937_Plate 1,TN-Plate08,F3,VC_0136
241104_155937_Plate 1,TN-Plate08,F4,VC_0982
241104_155937_Plate 1,TN-Plate08,F5,VC_2069
241104_155937_Plate 1,TN-Plate08,F6,VC_1067
241104_155937_Plate 1,TN-Plate08,F7,VC_0696
241104_155937_Plate 1,TN-Plate08,F8,VC_0399
241104_155937_Plate 1,TN-Plate08,F9,VC_A0911
241104_155937_Plate 1,TN-Plate08,G1,VC_1380
241104_155937_Plate 1,TN-Plate08,G10,VC_1051
241104_155937_Plate 1,TN-Plate08,G11,VC_1069
241104_155937_Plate 1,TN-Plate08,G12,VC_1086
241104_155937_Plate 1,TN-Plate08,G2,VC_A0366
241104_155937_Plate 1,TN-Plate08,G4,VC_A0196
241104_155937_Plate 1,TN-Plate08,G5,VC_2140
241104_155937_Plate 1,TN-Plate08,G6,VC_0381
241104_155937_Plate 1,TN-Plate08,G7,VC_2706
241104_155937_Plate 1,TN-Plate08,G8,VC_A0345
241104_155937_Plate 1,TN-Plate08,G9,VC_0969
241104_155937_Plate 1,TN-Plate08,H1,VC_1923
241104_155937_Plate 1,TN-Plate08,H10,VC_A1086
241104_155937_Plate 1,TN-Plate08,H11,VC_2133
241104_155937_Plate 1,TN-Plate08,H2,VC_A0150
241104_155937_Plate 1,TN-Plate08,H3,VC_1854
241104_155937_Plate 1,TN-Plate08,H4,VC_0232
241104_155937_Plate 1,TN-Plate08,H5,VC_2471
241104_155937_Plate 1,TN-Plate08,H6,VC_A0595
241104_155937_Plate 1,TN-Plate08,H7,VC_1670
241104_155937_Plate 1,TN-Plate08,H8,VC_1743
241104_155937_Plate 1,TN-Plate08,H9,VC_1443
241104_161921_Plate 1,TN-Plate09,A1,VC_2561
241104_161921_Plate 1,TN-Plate09,A10,VC_0800
241104_161921_Plate 1,TN-Plate09,A11,VC_0231
241104_161921_Plate 1,TN-Plate09,A12,VC_A0788
241104_161921_Plate 1,TN-Plate09,A2,VC_1986
241104_161921_Plate 1,TN-Plate09,A3,VC_2316
241104_161921_Plate 1,TN-Plate09,A4,VC_0116
241104_161921_Plate 1,TN-Plate09,A5,VC_2484
241104_161921_Plate 1,TN-Plate09,A6,VC_A1047
241104_161921_Plate 1,TN-Plate09,A7,VC_1711
241104_161921_Plate 1,TN-Plate09,A8,VC_2341
241104_161921_Plate 1,TN-Plate09,A9,VC_2456
241104_161921_Plate 1,TN-Plate09,B1,VC_2734
241104_161921_Plate 1,TN-Plate09,B10,VC_1158
241104_161921_Plate 1,TN-Plate09,B11,VC_2569
241104_161921_Plate 1,TN-Plate09,B12,VC_0981
241104_161921_Plate 1,TN-Plate09,B2,VC_0946
241104_161921_Plate 1,TN-Plate09,B3,VC_2232
241104_161921_Plate 1,TN-Plate09,B4,VC_0498
241104_161921_Plate 1,TN-Plate09,B5,VC_2369
241104_161921_Plate 1,TN-Plate09,B6,VC_A1017
241104_161921_Plate 1,TN-Plate09,B7,VC_2164
241104_161921_Plate 1,TN-Plate09,B8,VC_2019
241104_161921_Plate 1,TN-Plate09,B9,VC_A0702
241104_161921_Plate 1,TN-Plate09,C1,VC_0613
241104_161921_Plate 1,TN-Plate09,C10,VC_A0130
241104_161921_Plate 1,TN-Plate09,C11,VC_0989
241104_161921_Plate 1,TN-Plate09,C12,VC_0924
241104_161921_Plate 1,TN-Plate09,C2,VC_0019
241104_161921_Plate 1,TN-Plate09,C3,VC_2180
241104_161921_Plate 1,TN-Plate09,C4,VC_0618
241104_161921_Plate 1,TN-Plate09,C5,VC_0650
241104_161921_Plate 1,TN-Plate09,C6,VC_A0282
241104_161921_Plate 1,TN-Plate09,C7,VC_A0074
241104_161921_Plate 1,TN-Plate09,C8,VC_1031
241104_161921_Plate 1,TN-Plate09,C9,VC_2298
241104_161921_Plate 1,TN-Plate09,D1,VC_2235
241104_161921_Plate 1,TN-Plate09,D10,VC_2475
241104_161921_Plate 1,TN-Plate09,D11,VC_A0088
241104_161921_Plate 1,TN-Plate09,D12,VC_A0978
241104_161921_Plate 1,TN-Plate09,D2,VC_2701
241104_161921_Plate 1,TN-Plate09,D3,VC_1177
241104_161921_Plate 1,TN-Plate09,D4,VC_0385
241104_161921_Plate 1,TN-Plate09,D5,VC_2699
241104_161921_Plate 1,TN-Plate09,D6,VC_A0554
241104_161921_Plate 1,TN-Plate09,D7,VC_1770
241104_161921_Plate 1,TN-Plate09,D8,VC_2334
241104_161921_Plate 1,TN-Plate09,D9,VC_0672
241104_161921_Plate 1,TN-Plate09,E1,VC_2482
241104_161921_Plate 1,TN-Plate09,E10,VC_A0406
241104_161921_Plate 1,TN-Plate09,E11,VC_2695
241104_161921_Plate 1,TN-Plate09,E12,VC_0062
241104_161921_Plate 1,TN-Plate09,E2,VC_1868
241104_161921_Plate 1,TN-Plate09,E3,VC_A0507
241104_161921_Plate 1,TN-Plate09,E4,VC_2445
241104_161921_Plate 1,TN-Plate09,E5,VC_1290
241104_161921_Plate 1,TN-Plate09,E6,VC_0203
241104_161921_Plate 1,TN-Plate09,E7,VC_0518
241104_161921_Plate 1,TN-Plate09,E8,VC_A0988
241104_161921_Plate 1,TN-Plate09,E9,VC_A0723
241104_161921_Plate 1,TN-Plate09,F1,VC_1997
241104_161921_Plate 1,TN-Plate09,F10,VC_1697
241104_161921_Plate 1,TN-Plate09,F11,VC_2537
241104_161921_Plate 1,TN-Plate09,F12,VC_2118
241104_161921_Plate 1,TN-Plate09,F2,VC_2079
241104_161921_Plate 1,TN-Plate09,F3,VC_2640
241104_161921_Plate 1,TN-Plate09,F4,VC_2201
241104_161921_Plate 1,TN-Plate09,F5,VC_1438
241104_161921_Plate 1,TN-Plate09,F6,VC_A0897
241104_161921_Plate 1,TN-Plate09,F7,VC_0217
241104_161921_Plate 1,TN-Plate09,F8,VC_1698
241104_161921_Plate 1,TN-Plate09,F9,VC_A0603
241104_161921_Plate 1,TN-Plate09,G1,VC_2678
241104_161921_Plate 1,TN-Plate09,G10,VC_A0996
241104_161921_Plate 1,TN-Plate09,G11,VC_A0681
241104_161921_Plate 1,TN-Plate09,G12,VC_A0370
241104_161921_Plate 1,TN-Plate09,G2,VC_1897
241104_161921_Plate 1,TN-Plate09,G3,VC_0078
241104_161921_Plate 1,TN-Plate09,G4,VC_A0957
241104_161921_Plate 1,TN-Plate09,G5,VC_1761
241104_161921_Plate 1,TN-Plate09,G6,VC_A0868
241104_161921_Plate 1,TN-Plate09,G7,VC_2663
241104_161921_Plate 1,TN-Plate09,G8,VC_2688
241104_161921_Plate 1,TN-Plate09,G9,VC_1605
241104_161921_Plate 1,TN-Plate09,H1,VC_0620
241104_161921_Plate 1,TN-Plate09,H10,VC_1108
241104_161921_Plate 1,TN-Plate09,H11,VC_A0279
241104_161921_Plate 1,TN-Plate09,H12,VC_0616
241104_161921_Plate 1,TN-Plate09,H2,VC_A0164
241104_161921_Plate 1,TN-Plate09,H3,VC_0089
241104_161921_Plate 1,TN-Plate09,H4,VC_2517
241104_161921_Plate 1,TN-Plate09,H5,VC_2510
241104_161921_Plate 1,TN-Plate09,H6,VC_1047
241104_161921_Plate 1,TN-Plate09,H7,VC_2241
241104_161921_Plate 1,TN-Plate09,H8,VC_0483
241104_161921_Plate 1,TN-Plate09,H9,VC_0282
241104_163851_Plate 1,TN-Plate10,A1,VC_0302
241104_163851_Plate 1,TN-Plate10,A10,VC_A0113
241104_163851_Plate 1,TN-Plate10,A11,VC_0309
241104_163851_Plate 1,TN-Plate10,A12,VC_1497
241104_163851_Plate 1,TN-Plate10,A2,VC_2325
241104_163851_Plate 1,TN-Plate10,A3,VC_1766
241104_163851_Plate 1,TN-Plate10,A4,VC_0990
241104_163851_Plate 1,TN-Plate10,A5,VC_0195
241104_163851_Plate 1,TN-Plate10,A6,VC_0365
241104_163851_Plate 1,TN-Plate10,A7,VC_1509
241104_163851_Plate 1,TN-Plate10,A8,VC_1263
241104_163851_Plate 1,TN-Plate10,A9,VC_A0815
241104_163851_Plate 1,TN-Plate10,B1,VC_2515
241104_163851_Plate 1,TN-Plate10,B10,VC_1780/VC_1781
241104_163851_Plate 1,TN-Plate10,B11,VC_A0109
241104_163851_Plate 1,TN-Plate10,B12,VC_A0319
241104_163851_Plate 1,TN-Plate10,B2,VC_1600
241104_163851_Plate 1,TN-Plate10,B3,VC_1163
241104_163851_Plate 1,TN-Plate10,B4,VC_0881
241104_163851_Plate 1,TN-Plate10,B5,VC_0317
241104_163851_Plate 1,TN-Plate10,B6,VC_1223
241104_163851_Plate 1,TN-Plate10,B7,VC_A1049
241104_163851_Plate 1,TN-Plate10,B8,VC_0170
241104_163851_Plate 1,TN-Plate10,B9,VC_A0675
241104_163851_Plate 1,TN-Plate10,C1,VC_0167
241104_163851_Plate 1,TN-Plate10,C10,VC_2395
241104_163851_Plate 1,TN-Plate10,C11,VC_2007
241104_163851_Plate 1,TN-Plate10,C12,VC_2282
241104_163851_Plate 1,TN-Plate10,C2,VC_0553
241104_163851_Plate 1,TN-Plate10,C3,VC_A0341
241104_163851_Plate 1,TN-Plate10,C4,VC_0400
241104_163851_Plate 1,TN-Plate10,C5,VC_0904
241104_163851_Plate 1,TN-Plate10,C6,VC_A0192
241104_163851_Plate 1,TN-Plate10,C7,VC_0988
241104_163851_Plate 1,TN-Plate10,C8,VC_A0285
241104_163851_Plate 1,TN-Plate10,C9,VC_A0271
241104_163851_Plate 1,TN-Plate10,D1,VC_0029
241104_163851_Plate 1,TN-Plate10,D10,VC_1394
241104_163851_Plate 1,TN-Plate10,D11,VC_2346
241104_163851_Plate 1,TN-Plate10,D12,VC_2684
241104_163851_Plate 1,TN-Plate10,D2,VC_1434
241104_163851_Plate 1,TN-Plate10,D3,VC_0832
241104_163851_Plate 1,TN-Plate10,D4,VC_A1074
241104_163851_Plate 1,TN-Plate10,D5,VC_A0822
241104_163851_Plate 1,TN-Plate10,D6,VC_0458
241104_163851_Plate 1,TN-Plate10,D7,VC_1955
241104_163851_Plate 1,TN-Plate10,D8,VC_2487
241104_163851_Plate 1,TN-Plate10,D9,VC_0717
241104_163851_Plate 1,TN-Plate10,E1,VC_1984
241104_163851_Plate 1,TN-Plate10,E10,VC_A0979
241104_163851_Plate 1,TN-Plate10,E11,VC_2062
241104_163851_Plate 1,TN-Plate10,E12,VC_1300
241104_163851_Plate 1,TN-Plate10,E2,VC_1699
241104_163851_Plate 1,TN-Plate10,E3,VC_A0177
241104_163851_Plate 1,TN-Plate10,E4,VC_2708
241104_163851_Plate 1,TN-Plate10,E5,VC_1957
241104_163851_Plate 1,TN-Plate10,E6,VC_A0590
241104_163851_Plate 1,TN-Plate10,E7,VC_A1072
241104_163851_Plate 1,TN-Plate10,E8,VC_1370
241104_163851_Plate 1,TN-Plate10,E9,VC_2666
241104_163851_Plate 1,TN-Plate10,F1,VC_1169
241104_163851_Plate 1,TN-Plate10,F10,VC_0075
241104_163851_Plate 1,TN-Plate10,F11,VC_1956
241104_163851_Plate 1,TN-Plate10,F12,VC_2530
241104_163851_Plate 1,TN-Plate10,F2,VC_1193
241104_163851_Plate 1,TN-Plate10,F3,VC_1991
241104_163851_Plate 1,TN-Plate10,F4,VC_A0558
241104_163851_Plate 1,TN-Plate10,F5,VC_A0460
241104_163851_Plate 1,TN-Plate10,F6,VC_1555
241104_163851_Plate 1,TN-Plate10,F7,VC_A0544
241104_163851_Plate 1,TN-Plate10,F8,VC_A0482
241104_163851_Plate 1,TN-Plate10,F9,VC_1940
241104_163851_Plate 1,TN-Plate10,G1,VC_A0687
241104_163851_Plate 1,TN-Plate10,G10,VC_2239
241104_163851_Plate 1,TN-Plate10,G11,VC_2291
241104_163851_Plate 1,TN-Plate10,G12,VC_1686
241104_163851_Plate 1,TN-Plate10,G2,VC_A0776
241104_163851_Plate 1,TN-Plate10,G3,VC_A0032
241104_163851_Plate 1,TN-Plate10,G4,VC_1103
241104_163851_Plate 1,TN-Plate10,G5,VC_1191
241104_163851_Plate 1,TN-Plate10,G6,VC_A0870
241104_163851_Plate 1,TN-Plate10,G7,VC_0573
241104_163851_Plate 1,TN-Plate10,G8,VC_1774
241104_163851_Plate 1,TN-Plate10,G9,VC_2036
241104_163851_Plate 1,TN-Plate10,H1,VC_A0018
241104_163851_Plate 1,TN-Plate10,H10,VC_1264
241104_163851_Plate 1,TN-Plate10,H11,VC_0747
241104_163851_Plate 1,TN-Plate10,H2,VC_0125
241104_163851_Plate 1,TN-Plate10,H3,VC_1640
241104_163851_Plate 1,TN-Plate10,H4,VC_A1095
241104_163851_Plate 1,TN-Plate10,H5,VC_0002
241104_163851_Plate 1,TN-Plate10,H6,VC_2347
241104_163851_Plate 1,TN-Plate10,H7,VC_A0450
241104_163851_Plate 1,TN-Plate10,H8,VC_A0185
241104_163851_Plate 1,TN-Plate10,H9,VC_0174
241106_150118_Plate 1,TN-Plate01,A1,VC_0739
241106_150118_Plate 1,TN-Plate01,A10,VC_1646
241106_150118_Plate 1,TN-Plate01,A11,VC_A0883
241106_150118_Plate 1,TN-Plate01,A12,VC_1578
241106_150118_Plate 1,TN-Plate01,A2,VC_0663
241106_150118_Plate 1,TN-Plate01,A3,VC_2659
241106_150118_Plate 1,TN-Plate01,A4,VC_1564
241106_150118_Plate 1,TN-Plate01,A5,VC_A1029
241106_150118_Plate 1,TN-Plate01,A6,VC_1760
241106_150118_Plate 1,TN-Plate01,A8,VC_1888
241106_150118_Plate 1,TN-Plate01,A9,VC_1149
241106_150118_Plate 1,TN-Plate01,B1,VC_A0551
241106_150118_Plate 1,TN-Plate01,B10,VC_2359
241106_150118_Plate 1,TN-Plate01,B11,VC_1142
241106_150118_Plate 1,TN-Plate01,B12,VC_2624
241106_150118_Plate 1,TN-Plate01,B2,VC_A0194
241106_150118_Plate 1,TN-Plate01,B3,VC_1437
241106_150118_Plate 1,TN-Plate01,B4,VC_0992
241106_150118_Plate 1,TN-Plate01,B5,VC_0546
241106_150118_Plate 1,TN-Plate01,B6,VC_A0968
241106_150118_Plate 1,TN-Plate01,B7,VC_0275
241106_150118_Plate 1,TN-Plate01,B8,VC_A0275
241106_150118_Plate 1,TN-Plate01,B9,VC_A0046
241106_150118_Plate 1,TN-Plate01,C1,VC_A0399
241106_150118_Plate 1,TN-Plate01,C10,VC_1504
241106_150118_Plate 1,TN-Plate01,C11,VC_1941
241106_150118_Plate 1,TN-Plate01,C12,VC_1919
241106_150118_Plate 1,TN-Plate01,C2,VC_1606
241106_150118_Plate 1,TN-Plate01,C3,VC_0886
241106_150118_Plate 1,TN-Plate01,C4,VC_1467
241106_150118_Plate 1,TN-Plate01,C5,VC_0652
241106_150118_Plate 1,TN-Plate01,C6,VC_A0140
241106_150118_Plate 1,TN-Plate01,C7,VC_1619
241106_150118_Plate 1,TN-Plate01,C8,VC_2668
241106_150118_Plate 1,TN-Plate01,C9,VC_0928
241106_150118_Plate 1,TN-Plate01,D1,VC_1494
241106_150118_Plate 1,TN-Plate01,D10,VC_A0898
241106_150118_Plate 1,TN-Plate01,D11,VC_A0943
241106_150118_Plate 1,TN-Plate01,D12,VC_2473
241106_150118_Plate 1,TN-Plate01,D2,VC_2128
241106_150118_Plate 1,TN-Plate01,D3,VC_0808
241106_150118_Plate 1,TN-Plate01,D4,VC_A0092
241106_150118_Plate 1,TN-Plate01,D5,VC_0496
241106_150118_Plate 1,TN-Plate01,D6,VC_0510
241106_150118_Plate 1,TN-Plate01,D7,VC_1844
241106_150118_Plate 1,TN-Plate01,D8,VC_0740
241106_150118_Plate 1,TN-Plate01,D9,VC_1083
241106_150118_Plate 1,TN-Plate01,E1,VC_1119
241106_150118_Plate 1,TN-Plate01,E10,VC_A0574
241106_150118_Plate 1,TN-Plate01,E11,VC_2453
241106_150118_Plate 1,TN-Plate01,E2,VC_A0006
241106_150118_Plate 1,TN-Plate01,E3,VC_A0119
241106_150118_Plate 1,TN-Plate01,E4,VC_A0308
241106_150118_Plate 1,TN-Plate01,E5,VC_2403
241106_150118_Plate 1,TN-Plate01,E6,VC_1093
241106_150118_Plate 1,TN-Plate01,E7,VC_0807
241106_150118_Plate 1,TN-Plate01,E8,VC_1045
241106_150118_Plate 1,TN-Plate01,E9,VC_1402
241106_150118_Plate 1,TN-Plate01,F1,VC_A1053
241106_150118_Plate 1,TN-Plate01,F10,VC_0258
241106_150118_Plate 1,TN-Plate01,F11,VC_1683
241106_150118_Plate 1,TN-Plate01,F12,VC_2089
241106_150118_Plate 1,TN-Plate01,F2,VC_0456
241106_150118_Plate 1,TN-Plate01,F3,VC_1181
241106_150118_Plate 1,TN-Plate01,F4,VC_A0683
241106_150118_Plate 1,TN-Plate01,F5,VC_1798
241106_150118_Plate 1,TN-Plate01,F6,VC_A0735
241106_150118_Plate 1,TN-Plate01,F7,VC_1236
241106_150118_Plate 1,TN-Plate01,F8,VC_1688
241106_150118_Plate 1,TN-Plate01,F9,VC_2311
241106_150118_Plate 1,TN-Plate01,G1,VC_1412
241106_150118_Plate 1,TN-Plate01,G10,VC_0943
241106_150118_Plate 1,TN-Plate01,G11,VC_A0267
241106_150118_Plate 1,TN-Plate01,G12,VC_A0882
241106_150118_Plate 1,TN-Plate01,G2,VC_A0343
241106_150118_Plate 1,TN-Plate01,G3,VC_A0152
241106_150118_Plate 1,TN-Plate01,G4,VC_A0529
241106_150118_Plate 1,TN-Plate01,G5,VC_A0801
241106_150118_Plate 1,TN-Plate01,G6,VC_1145
241106_150118_Plate 1,TN-Plate01,G7,VC_1715
241106_150118_Plate 1,TN-Plate01,G8,VC_1732
241106_150118_Plate 1,TN-Plate01,G9,VC_0347
241106_150118_Plate 1,TN-Plate01,H1,VC_1571
241106_150118_Plate 1,TN-Plate01,H10,VC_A1084
241106_150118_Plate 1,TN-Plate01,H11,VC_1914
241106_150118_Plate 1,TN-Plate01,H12,VC_A1102
241106_150118_Plate 1,TN-Plate01,H2,VC_2194
241106_150118_Plate 1,TN-Plate01,H3,VC_2479
241106_150118_Plate 1,TN-Plate01,H4,VC_1985
241106_150118_Plate 1,TN-Plate01,H5,VC_2008
241106_150118_Plate 1,TN-Plate01,H6,VC_0083
241106_150118_Plate 1,TN-Plate01,H7,VC_A0734
241106_150118_Plate 1,TN-Plate01,H8,VC_1558
241106_150118_Plate 1,TN-Plate01,H9,VC_0073
241106_152056_Plate 1,TN-Plate11,A1,VC_1851
241106_152056_Plate 1,TN-Plate11,A10,VC_2092
241106_152056_Plate 1,TN-Plate11,A11,VC_0053
241106_152056_Plate 1,TN-Plate11,A12,VC_A0991
241106_152056_Plate 1,TN-Plate11,A2,VC_0224
241106_152056_Plate 1,TN-Plate11,A3,VC_2627
241106_152056_Plate 1,TN-Plate11,A4,VC_1026
241106_152056_Plate 1,TN-Plate11,A5,VC_1922
241106_152056_Plate 1,TN-Plate11,A6,VC_0947
241106_152056_Plate 1,TN-Plate11,A7,VC_A0828
241106_152056_Plate 1,TN-Plate11,A8,VC_A0301
241106_152056_Plate 1,TN-Plate11,A9,VC_A0881
241106_152056_Plate 1,TN-Plate11,B1,VC_A0994
241106_152056_Plate 1,TN-Plate11,B10,VC_1135
241106_152056_Plate 1,TN-Plate11,B11,VC_A0736
241106_152056_Plate 1,TN-Plate11,B12,VC_0196
241106_152056_Plate 1,TN-Plate11,B2,VC_A0906
241106_152056_Plate 1,TN-Plate11,B3,VC_0353
241106_152056_Plate 1,TN-Plate11,B4,VC_1933
241106_152056_Plate 1,TN-Plate11,B5,VC_A0537
241106_152056_Plate 1,TN-Plate11,B6,VC_A0611
241106_152056_Plate 1,TN-Plate11,B7,VC_0649
241106_152056_Plate 1,TN-Plate11,B8,VC_A0489
241106_152056_Plate 1,TN-Plate11,B9,VC_A0585
241106_152056_Plate 1,TN-Plate11,C1,VC_A0500
241106_152056_Plate 1,TN-Plate11,C10,VC_1388
241106_152056_Plate 1,TN-Plate11,C11,VC_A0625
241106_152056_Plate 1,TN-Plate11,C12,VC_A0240
241106_152056_Plate 1,TN-Plate11,C2,VC_A0174
241106_152056_Plate 1,TN-Plate11,C3,VC_0252
241106_152056_Plate 1,TN-Plate11,C4,VC_A0917
241106_152056_Plate 1,TN-Plate11,C5,VC_A0923
241106_152056_Plate 1,TN-Plate11,C6,VC_0870
241106_152056_Plate 1,TN-Plate11,C7,VC_A1028
241106_152056_Plate 1,TN-Plate11,C8,VC_A0638
241106_152056_Plate 1,TN-Plate11,C9,VC_A0545
241106_152056_Plate 1,TN-Plate11,D1,VC_0394
241106_152056_Plate 1,TN-Plate11,D10,VC_A1070
241106_152056_Plate 1,TN-Plate11,D11,VC_0383
241106_152056_Plate 1,TN-Plate11,D12,VC_A0354
241106_152056_Plate 1,TN-Plate11,D2,VC_1754
241106_152056_Plate 1,TN-Plate11,D3,VC_1230
241106_152056_Plate 1,TN-Plate11,D4,VC_1530
241106_152056_Plate 1,TN-Plate11,D5,VC_0452
241106_152056_Plate 1,TN-Plate11,D6,VC_1260
241106_152056_Plate 1,TN-Plate11,D7,VC_A0293
241106_152056_Plate 1,TN-Plate11,D8,VC_0673
241106_152056_Plate 1,TN-Plate11,D9,VC_0026
241106_152056_Plate 1,TN-Plate11,E1,VC_0896
241106_152056_Plate 1,TN-Plate11,E10,VC_0925
241106_152056_Plate 1,TN-Plate11,E11,VC_0346
241106_152056_Plate 1,TN-Plate11,E12,VC_1756
241106_152056_Plate 1,TN-Plate11,E2,VC_2690
241106_152056_Plate 1,TN-Plate11,E3,VC_1899
241106_152056_Plate 1,TN-Plate11,E4,VC_1864
241106_152056_Plate 1,TN-Plate11,E5,VC_A0001
241106_152056_Plate 1,TN-Plate11,E6,VC_2748
241106_152056_Plate 1,TN-Plate11,E7,VC_1200
241106_152056_Plate 1,TN-Plate11,E8,VC_1900
241106_152056_Plate 1,TN-Plate11,E9,VC_0412
241106_152056_Plate 1,TN-Plate11,F1,VC_A0496
241106_152056_Plate 1,TN-Plate11,F10,VC_0765
241106_152056_Plate 1,TN-Plate11,F11,VC_1214
241106_152056_Plate 1,TN-Plate11,F12,VC_0873
241106_152056_Plate 1,TN-Plate11,F2,VC_0846
241106_152056_Plate 1,TN-Plate11,F3,VC_1512
241106_152056_Plate 1,TN-Plate11,F4,VC_A0374
241106_152056_Plate 1,TN-Plate11,F5,VC_A0317
241106_152056_Plate 1,TN-Plate11,F6,VC_2644
241106_152056_Plate 1,TN-Plate11,F7,VC_A0198
241106_152056_Plate 1,TN-Plate11,F8,VC_0035
241106_152056_Plate 1,TN-Plate11,F9,VC_2163
241106_152056_Plate 1,TN-Plate11,G1,VC_A0114
241106_152056_Plate 1,TN-Plate11,G10,VC_1041
241106_152056_Plate 1,TN-Plate11,G11,VC_2745
241106_152056_Plate 1,TN-Plate11,G12,VC_1831
241106_152056_Plate 1,TN-Plate11,G2,VC_1195
241106_152056_Plate 1,TN-Plate11,G3,VC_0354
241106_152056_Plate 1,TN-Plate11,G4,VC_A0483
241106_152056_Plate 1,TN-Plate11,G5,VC_2068
241106_152056_Plate 1,TN-Plate11,G6,VC_1382
241106_152056_Plate 1,TN-Plate11,G7,VC_A0414
241106_152056_Plate 1,TN-Plate11,G8,VC_1311
241106_152056_Plate 1,TN-Plate11,G9,VC_0720
241106_152056_Plate 1,TN-Plate11,H1,VC_2703
241106_152056_Plate 1,TN-Plate11,H10,VC_A1101
241106_152056_Plate 1,TN-Plate11,H11,VC_2425
241106_152056_Plate 1,TN-Plate11,H2,VC_1469/VC_1475
241106_152056_Plate 1,TN-Plate11,H3,VC_0993
241106_152056_Plate 1,TN-Plate11,H4,VC_0208
241106_152056_Plate 1,TN-Plate11,H5,VC_1529
241106_152056_Plate 1,TN-Plate11,H6,VC_1082
241106_152056_Plate 1,TN-Plate11,H7,VC_0714
241106_152056_Plate 1,TN-Plate11,H8,VC_1317
241106_152056_Plate 1,TN-Plate11,H9,VC_2043
241106_154032_Plate 1,TN-Plate12,A1,VC_1267
241106_154032_Plate 1,TN-Plate12,A10,VC_0255/VC_A0373
241106_154032_Plate 1,TN-Plate12,A11,VC_2310
241106_154032_Plate 1,TN-Plate12,A12,VC_2044
241106_154032_Plate 1,TN-Plate12,A2,VC_1097
241106_154032_Plate 1,TN-Plate12,A3,VC_1618
241106_154032_Plate 1,TN-Plate12,A4,VC_0349
241106_154032_Plate 1,TN-Plate12,A5,VC_2735
241106_154032_Plate 1,TN-Plate12,A6,VC_2546
241106_154032_Plate 1,TN-Plate12,A7,VC_2493
241106_154032_Plate 1,TN-Plate12,A8,VC_A0800
241106_154032_Plate 1,TN-Plate12,A9,VC_2625
241106_154032_Plate 1,TN-Plate12,B1,VC_0985
241106_154032_Plate 1,TN-Plate12,B10,VC_2339
241106_154032_Plate 1,TN-Plate12,B11,VC_0070
241106_154032_Plate 1,TN-Plate12,B12,VC_2541
241106_154032_Plate 1,TN-Plate12,B2,VC_A0854
241106_154032_Plate 1,TN-Plate12,B3,VC_0411
241106_154032_Plate 1,TN-Plate12,B4,VC_1441
241106_154032_Plate 1,TN-Plate12,B5,VC_A0269
241106_154032_Plate 1,TN-Plate12,B6,VC_1239
241106_154032_Plate 1,TN-Plate12,B7,VC_A0665
241106_154032_Plate 1,TN-Plate12,B8,VC_A0621
241106_154032_Plate 1,TN-Plate12,B9,VC_A0714
241106_154032_Plate 1,TN-Plate12,C1,VC_A0901
241106_154032_Plate 1,TN-Plate12,C10,VC_A0180
241106_154032_Plate 1,TN-Plate12,C11,VC_A0617
241106_154032_Plate 1,TN-Plate12,C12,VC_A0741
241106_154032_Plate 1,TN-Plate12,C2,VC_1211
241106_154032_Plate 1,TN-Plate12,C3,VC_2113
241106_154032_Plate 1,TN-Plate12,C4,VC_1939
241106_154032_Plate 1,TN-Plate12,C5,VC_0202
241106_154032_Plate 1,TN-Plate12,C6,VC_2713
241106_154032_Plate 1,TN-Plate12,C7,VC_2222
241106_154032_Plate 1,TN-Plate12,C8,VC_2423
241106_154032_Plate 1,TN-Plate12,C9,VC_A0856
241106_154032_Plate 1,TN-Plate12,D1,VC_0965
241106_154032_Plate 1,TN-Plate12,D10,VC_0067
241106_154032_Plate 1,TN-Plate12,D11,VC_A0576
241106_154032_Plate 1,TN-Plate12,D12,VC_A0749
241106_154032_Plate 1,TN-Plate12,D2,VC_2388
241106_154032_Plate 1,TN-Plate12,D3,VC_A0877
241106_154032_Plate 1,TN-Plate12,D4,VC_A0169
241106_154032_Plate 1,TN-Plate12,D5,VC_A0421
241106_154032_Plate 1,TN-Plate12,D6,VC_0603
241106_154032_Plate 1,TN-Plate12,D7,VC_0247
241106_154032_Plate 1,TN-Plate12,D8,VC_A0910
241106_154032_Plate 1,TN-Plate12,D9,VC_0010
241106_154032_Plate 1,TN-Plate12,E1,VC_0779
241106_154032_Plate 1,TN-Plate12,E10,VC_1535
241106_154032_Plate 1,TN-Plate12,E11,VC_1076
241106_154032_Plate 1,TN-Plate12,E12,VC_1362
241106_154032_Plate 1,TN-Plate12,E2,VC_1265
241106_154032_Plate 1,TN-Plate12,E3,VC_0578
241106_154032_Plate 1,TN-Plate12,E4,VC_2003
241106_154032_Plate 1,TN-Plate12,E5,VC_0339
241106_154032_Plate 1,TN-Plate12,E6,VC_A0081
241106_154032_Plate 1,TN-Plate12,E7,VC_2481
241106_154032_Plate 1,TN-Plate12,E8,VC_A0160
241106_154032_Plate 1,TN-Plate12,E9,VC_2038
241106_154032_Plate 1,TN-Plate12,F1,VC_A0682
241106_154032_Plate 1,TN-Plate12,F10,VC_0926
241106_154032_Plate 1,TN-Plate12,F11,VC_A0542
241106_154032_Plate 1,TN-Plate12,F12,VC_1100
241106_154032_Plate 1,TN-Plate12,F2,VC_0082
241106_154032_Plate 1,TN-Plate12,F3,VC_0350
241106_154032_Plate 1,TN-Plate12,F4,VC_2002
241106_154032_Plate 1,TN-Plate12,F5,VC_A0864
241106_154032_Plate 1,TN-Plate12,F6,VC_1068
241106_154032_Plate 1,TN-Plate12,F7,VC_0016
241106_154032_Plate 1,TN-Plate12,F8,VC_0378
241106_154032_Plate 1,TN-Plate12,F9,VC_2478
241106_154032_Plate 1,TN-Plate12,G1,VC_0179
241106_154032_Plate 1,TN-Plate12,G10,VC_0840
241106_154032_Plate 1,TN-Plate12,G11,VC_1079
241106_154032_Plate 1,TN-Plate12,G12,VC_A0030
241106_154032_Plate 1,TN-Plate12,G2,VC_1786
241106_154032_Plate 1,TN-Plate12,G3,VC_A0821
241106_154032_Plate 1,TN-Plate12,G4,VC_1150
241106_154032_Plate 1,TN-Plate12,G5,VC_A0339
241106_154032_Plate 1,TN-Plate12,G6,VC_0250
241106_154032_Plate 1,TN-Plate12,G7,VC_2270
241106_154032_Plate 1,TN-Plate12,G8,VC_2005
241106_154032_Plate 1,TN-Plate12,G9,VC_1141
241106_154032_Plate 1,TN-Plate12,H1,VC_A0073
241106_154032_Plate 1,TN-Plate12,H10,VC_0939
241106_154032_Plate 1,TN-Plate12,H11,VC_A0050
241106_154032_Plate 1,TN-Plate12,H2,VC_A1073
241106_154032_Plate 1,TN-Plate12,H3,VC_A0915
241106_154032_Plate 1,TN-Plate12,H4,VC_A0699
241106_154032_Plate 1,TN-Plate12,H5,VC_2041
241106_154032_Plate 1,TN-Plate12,H6,VC_A0653
241106_154032_Plate 1,TN-Plate12,H7,VC_A0331
241106_154032_Plate 1,TN-Plate12,H8,VC_2303
241106_154032_Plate 1,TN-Plate12,H9,VC_1595
241111_160957_Plate 1,TN-Plate16,A1,VC_2660
241111_160957_Plate 1,TN-Plate16,A10,VC_1188
241111_160957_Plate 1,TN-Plate16,A11,VC_1360
241111_160957_Plate 1,TN-Plate16,A12,VC_A0476
241111_160957_Plate 1,TN-Plate16,A2,VC_A0227
241111_160957_Plate 1,TN-Plate16,A3,VC_2086
241111_160957_Plate 1,TN-Plate16,A4,VC_2348
241111_160957_Plate 1,TN-Plate16,A5,VC_0423
241111_160957_Plate 1,TN-Plate16,A6,VC_A0158
241111_160957_Plate 1,TN-Plate16,A7,VC_A0900
241111_160957_Plate 1,TN-Plate16,A8,VC_2054
241111_160957_Plate 1,TN-Plate16,A9,VC_0402
241111_160957_Plate 1,TN-Plate16,B1,VC_A0761
241111_160957_Plate 1,TN-Plate16,B10,VC_A0972
241111_160957_Plate 1,TN-Plate16,B11,VC_0863
241111_160957_Plate 1,TN-Plate16,B12,VC_1184
241111_160957_Plate 1,TN-Plate16,B2,VC_A0937
241111_160957_Plate 1,TN-Plate16,B3,VC_A0556
241111_160957_Plate 1,TN-Plate16,B4,VC_2146
241111_160957_Plate 1,TN-Plate16,B5,VC_0042
241111_160957_Plate 1,TN-Plate16,B6,VC_1461
241111_160957_Plate 1,TN-Plate16,B7,VC_1890
241111_160957_Plate 1,TN-Plate16,B8,VC_2211
241111_160957_Plate 1,TN-Plate16,B9,VC_1482
241111_160957_Plate 1,TN-Plate16,C1,VC_2714
241111_160957_Plate 1,TN-Plate16,C10,VC_1544
241111_160957_Plate 1,TN-Plate16,C11,VC_A0425
241111_160957_Plate 1,TN-Plate16,C12,VC_1274
241111_160957_Plate 1,TN-Plate16,C2,VC_1038
241111_160957_Plate 1,TN-Plate16,C3,VC_2677
241111_160957_Plate 1,TN-Plate16,C4,VC_0291
241111_160957_Plate 1,TN-Plate16,C5,VC_0429
241111_160957_Plate 1,TN-Plate16,C6,VC_0711
241111_160957_Plate 1,TN-Plate16,C7,VC_A0510
241111_160957_Plate 1,TN-Plate16,C8,VC_A0106
241111_160957_Plate 1,TN-Plate16,C9,VC_2377
241111_160957_Plate 1,TN-Plate16,D1,VC_1355
241111_160957_Plate 1,TN-Plate16,D10,VC_0693
241111_160957_Plate 1,TN-Plate16,D11,VC_1486
241111_160957_Plate 1,TN-Plate16,D12,VC_A0935
241111_160957_Plate 1,TN-Plate16,D2,VC_1593
241111_160957_Plate 1,TN-Plate16,D3,VC_A0043
241111_160957_Plate 1,TN-Plate16,D4,VC_2358
241111_160957_Plate 1,TN-Plate16,D5,VC_0267
241111_160957_Plate 1,TN-Plate16,D6,VC_A1018
241111_160957_Plate 1,TN-Plate16,D7,VC_0651
241111_160957_Plate 1,TN-Plate16,D8,VC_0340
241111_160957_Plate 1,TN-Plate16,D9,VC_2141
241111_160957_Plate 1,TN-Plate16,E1,VC_0859
241111_160957_Plate 1,TN-Plate16,E10,VC_0828
241111_160957_Plate 1,TN-Plate16,E11,VC_1154
241111_160957_Plate 1,TN-Plate16,E12,VC_A0989
241111_160957_Plate 1,TN-Plate16,E2,VC_1967
241111_160957_Plate 1,TN-Plate16,E3,VC_A0072
241111_160957_Plate 1,TN-Plate16,E4,VC_1235
241111_160957_Plate 1,TN-Plate16,E5,VC_1551
241111_160957_Plate 1,TN-Plate16,E6,VC_0671
241111_160957_Plate 1,TN-Plate16,E7,VC_1887
241111_160957_Plate 1,TN-Plate16,E8,VC_1528
241111_160957_Plate 1,TN-Plate16,E9,VC_2171
241111_160957_Plate 1,TN-Plate16,F1,VC_A0620
241111_160957_Plate 1,TN-Plate16,F10,VC_2435
241111_160957_Plate 1,TN-Plate16,F11,VC_A0941
241111_160957_Plate 1,TN-Plate16,F12,VC_1410
241111_160957_Plate 1,TN-Plate16,F2,VC_1661
241111_160957_Plate 1,TN-Plate16,F3,VC_A0960
241111_160957_Plate 1,TN-Plate16,F4,VC_A0602
241111_160957_Plate 1,TN-Plate16,F5,VC_1096
241111_160957_Plate 1,TN-Plate16,F6,VC_A0367
241111_160957_Plate 1,TN-Plate16,F7,VC_0952
241111_160957_Plate 1,TN-Plate16,F8,VC_A0709
241111_160957_Plate 1,TN-Plate16,F9,VC_A0360/VC_A0502
241111_160957_Plate 1,TN-Plate16,G1,VC_0746
241111_160957_Plate 1,TN-Plate16,G10,VC_1996
241111_160957_Plate 1,TN-Plate16,G11,VC_A0427
241111_160957_Plate 1,TN-Plate16,G12,VC_1173
241111_160957_Plate 1,TN-Plate16,G2,VC_A0067
241111_160957_Plate 1,TN-Plate16,G3,VC_1224
241111_160957_Plate 1,TN-Plate16,G4,VC_A0697
241111_160957_Plate 1,TN-Plate16,G5,VC_1834
241111_160957_Plate 1,TN-Plate16,G6,VC_0600
241111_160957_Plate 1,TN-Plate16,G7,VC_A0256
241111_160957_Plate 1,TN-Plate16,G8,VC_0090
241111_160957_Plate 1,TN-Plate16,G9,VC_A0640
241111_160957_Plate 1,TN-Plate16,H1,VC_2224
241111_160957_Plate 1,TN-Plate16,H10,VC_1977
241111_160957_Plate 1,TN-Plate16,H11,VC_0927
241111_160957_Plate 1,TN-Plate16,H2,VC_0611
241111_160957_Plate 1,TN-Plate16,H3,VC_1635
241111_160957_Plate 1,TN-Plate16,H4,VC_A0871
241111_160957_Plate 1,TN-Plate16,H5,VC_0625
241111_160957_Plate 1,TN-Plate16,H6,VC_0920
241111_160957_Plate 1,TN-Plate16,H7,VC_2085
241111_160957_Plate 1,TN-Plate16,H8,VC_A1099
241111_160957_Plate 1,TN-Plate16,H9,VC_A0712
241111_162936_Plate 1,TN-Plate17,A1,VC_1653
241111_162936_Plate 1,TN-Plate17,A10,VC_0190
241111_162936_Plate 1,TN-Plate17,A11,VC_1363
241111_162936_Plate 1,TN-Plate17,A12,VC_A0579
241111_162936_Plate 1,TN-Plate17,A2,VC_A0753
241111_162936_Plate 1,TN-Plate17,A3,VC_1276
241111_162936_Plate 1,TN-Plate17,A4,VC_2717
241111_162936_Plate 1,TN-Plate17,A5,VC_1455/VC_1464
241111_162936_Plate 1,TN-Plate17,A6,VC_A0210
241111_162936_Plate 1,TN-Plate17,A7,VC_A1001
241111_162936_Plate 1,TN-Plate17,A8,VC_1129
241111_162936_Plate 1,TN-Plate17,A9,VC_0391
241111_162936_Plate 1,TN-Plate17,B1,VC_1320
241111_162936_Plate 1,TN-Plate17,B10,VC_0871/VC_A0201
241111_162936_Plate 1,TN-Plate17,B11,VC_A0033
241111_162936_Plate 1,TN-Plate17,B12,VC_1207
241111_162936_Plate 1,TN-Plate17,B2,VC_1366
241111_162936_Plate 1,TN-Plate17,B3,VC_1022
241111_162936_Plate 1,TN-Plate17,B4,VC_A0643
241111_162936_Plate 1,TN-Plate17,B5,VC_A0197
241111_162936_Plate 1,TN-Plate17,B6,VC_2565
241111_162936_Plate 1,TN-Plate17,B7,VC_A0686
241111_162936_Plate 1,TN-Plate17,B8,VC_A1105
241111_162936_Plate 1,TN-Plate17,B9,VC_A0803
241111_162936_Plate 1,TN-Plate17,C1,VC_1992
241111_162936_Plate 1,TN-Plate17,C10,VC_1924
241111_162936_Plate 1,TN-Plate17,C11,VC_A0151
241111_162936_Plate 1,TN-Plate17,C12,VC_A0914
241111_162936_Plate 1,TN-Plate17,C2,VC_1548
241111_162936_Plate 1,TN-Plate17,C3,VC_1074
241111_162936_Plate 1,TN-Plate17,C4,VC_A0517
241111_162936_Plate 1,TN-Plate17,C5,VC_0033
241111_162936_Plate 1,TN-Plate17,C6,VC_A0252
241111_162936_Plate 1,TN-Plate17,C7,VC_0764
241111_162936_Plate 1,TN-Plate17,C8,VC_A0431
241111_162936_Plate 1,TN-Plate17,C9,VC_A0413
241111_162936_Plate 1,TN-Plate17,D1,VC_2378
241111_162936_Plate 1,TN-Plate17,D10,VC_0698
241111_162936_Plate 1,TN-Plate17,D11,VC_A0055
241111_162936_Plate 1,TN-Plate17,D12,VC_2306
241111_162936_Plate 1,TN-Plate17,D2,VC_A0324
241111_162936_Plate 1,TN-Plate17,D3,VC_A0448
241111_162936_Plate 1,TN-Plate17,D4,VC_2312
241111_162936_Plate 1,TN-Plate17,D5,VC_2443
241111_162936_Plate 1,TN-Plate17,D6,VC_1319
241111_162936_Plate 1,TN-Plate17,D7,VC_0152
241111_162936_Plate 1,TN-Plate17,D8,VC_1304
241111_162936_Plate 1,TN-Plate17,D9,VC_A0170
241111_162936_Plate 1,TN-Plate17,E1,VC_A0536
241111_162936_Plate 1,TN-Plate17,E10,VC_2095
241111_162936_Plate 1,TN-Plate17,E11,VC_1139
241111_162936_Plate 1,TN-Plate17,E12,VC_1172
241111_162936_Plate 1,TN-Plate17,E2,VC_1471
241111_162936_Plate 1,TN-Plate17,E3,VC_1623
241111_162936_Plate 1,TN-Plate17,E4,VC_0091
241111_162936_Plate 1,TN-Plate17,E5,VC_0093
241111_162936_Plate 1,TN-Plate17,E6,VC_A0997
241111_162936_Plate 1,TN-Plate17,E7,VC_A0011
241111_162936_Plate 1,TN-Plate17,E8,VC_A0447
241111_162936_Plate 1,TN-Plate17,E9,VC_A0216
241111_162936_Plate 1,TN-Plate17,F1,VC_2053
241111_162936_Plate 1,TN-Plate17,F10,VC_2379
241111_162936_Plate 1,TN-Plate17,F11,VC_A0241
241111_162936_Plate 1,TN-Plate17,F12,VC_2217
241111_162936_Plate 1,TN-Plate17,F2,VC_1812
241111_162936_Plate 1,TN-Plate17,F3,VC_0975
241111_162936_Plate 1,TN-Plate17,F4,VC_0382
241111_162936_Plate 1,TN-Plate17,F5,VC_2647
241111_162936_Plate 1,TN-Plate17,F6,VC_A0172
241111_162936_Plate 1,TN-Plate17,F7,VC_2295
241111_162936_Plate 1,TN-Plate17,F8,VC_0061
241111_162936_Plate 1,TN-Plate17,F9,VC_1965
241111_162936_Plate 1,TN-Plate17,G1,VC_1414
241111_162936_Plate 1,TN-Plate17,G10,VC_A0262
241111_162936_Plate 1,TN-Plate17,G11,VC_A0954
241111_162936_Plate 1,TN-Plate17,G2,VC_0597
241111_162936_Plate 1,TN-Plate17,G3,VC_2739
241111_162936_Plate 1,TN-Plate17,G4,VC_A1082
241111_162936_Plate 1,TN-Plate17,G5,VC_1499
241111_162936_Plate 1,TN-Plate17,G6,VC_1183
241111_162936_Plate 1,TN-Plate17,G7,VC_1821
241111_162936_Plate 1,TN-Plate17,G8,VC_2636
241111_162936_Plate 1,TN-Plate17,G9,VC_1804
241111_162936_Plate 1,TN-Plate17,H1,VC_A0527
241111_162936_Plate 1,TN-Plate17,H10,VC_A1056
241111_162936_Plate 1,TN-Plate17,H11,VC_1043
241111_162936_Plate 1,TN-Plate17,H2,VC_0636
241111_162936_Plate 1,TN-Plate17,H3,VC_A0926
241111_162936_Plate 1,TN-Plate17,H4,VC_0684
241111_162936_Plate 1,TN-Plate17,H5,VC_1599
241111_162936_Plate 1,TN-Plate17,H6,VC_0819
241111_162936_Plate 1,TN-Plate17,H7,VC_A0644
241111_162936_Plate 1,TN-Plate17,H8,VC_2287
241111_164911_Plate 1,TN-Plate18,A1,VC_A1100
241111_164911_Plate 1,TN-Plate18,A10,VC_A0808
241111_164911_Plate 1,TN-Plate18,A11,VC_A0793
241111_164911_Plate 1,TN-Plate18,A12,VC_1503
241111_164911_Plate 1,TN-Plate18,A2,VC_1365
241111_164911_Plate 1,TN-Plate18,A3,VC_A1034
241111_164911_Plate 1,TN-Plate18,A4,VC_2212
241111_164911_Plate 1,TN-Plate18,A5,VC_A0848
241111_164911_Plate 1,TN-Plate18,A6,VC_A0950/VC_A0951
241111_164911_Plate 1,TN-Plate18,A7,VC_A0986
241111_164911_Plate 1,TN-Plate18,A8,VC_0956
241111_164911_Plate 1,TN-Plate18,A9,VC_2641
241111_164911_Plate 1,TN-Plate18,B1,VC_0844
241111_164911_Plate 1,TN-Plate18,B10,VC_1723
241111_164911_Plate 1,TN-Plate18,B11,VC_2088
241111_164911_Plate 1,TN-Plate18,B12,VC_0617
241111_164911_Plate 1,TN-Plate18,B2,VC_0968
241111_164911_Plate 1,TN-Plate18,B3,VC_0137
241111_164911_Plate 1,TN-Plate18,B4,VC_2459
241111_164911_Plate 1,TN-Plate18,B5,VC_2729
241111_164911_Plate 1,TN-Plate18,B6,VC_A0727
241111_164911_Plate 1,TN-Plate18,B7,VC_A0609
241111_164911_Plate 1,TN-Plate18,B8,VC_A0780
241111_164911_Plate 1,TN-Plate18,B9,VC_A1113
241111_164911_Plate 1,TN-Plate18,C1,VC_A1051
241111_164911_Plate 1,TN-Plate18,C10,VC_1258
241111_164911_Plate 1,TN-Plate18,C11,VC_2681
241111_164911_Plate 1,TN-Plate18,C12,VC_A0891
241111_164911_Plate 1,TN-Plate18,C2,VC_A0560
241111_164911_Plate 1,TN-Plate18,C3,VC_1517
241111_164911_Plate 1,TN-Plate18,C4,VC_2183
241111_164911_Plate 1,TN-Plate18,C5,VC_A0231
241111_164911_Plate 1,TN-Plate18,C6,VC_A0647
241111_164911_Plate 1,TN-Plate18,C7,VC_1949
241111_164911_Plate 1,TN-Plate18,C8,VC_2301
241111_164911_Plate 1,TN-Plate18,C9,VC_A1109
241111_164911_Plate 1,TN-Plate18,D1,VC_A0053
241111_164911_Plate 1,TN-Plate18,D10,VC_1420
241111_164911_Plate 1,TN-Plate18,D11,VC_0293
241111_164911_Plate 1,TN-Plate18,D12,VC_A0998
241111_164911_Plate 1,TN-Plate18,D2,VC_2691
241111_164911_Plate 1,TN-Plate18,D3,VC_1315
241111_164911_Plate 1,TN-Plate18,D4,VC_1466
241111_164911_Plate 1,TN-Plate18,D5,VC_1143
241111_164911_Plate 1,TN-Plate18,D6,VC_2014
241111_164911_Plate 1,TN-Plate18,D7,VC_1664
241111_164911_Plate 1,TN-Plate18,D8,VC_A0909
241111_164911_Plate 1,TN-Plate18,D9,VC_A0433
241111_164911_Plate 1,TN-Plate18,E1,VC_A0999
241111_164911_Plate 1,TN-Plate18,E10,VC_0433
241111_164911_Plate 1,TN-Plate18,E11,VC_1736
241111_164911_Plate 1,TN-Plate18,E12,VC_0162
241111_164911_Plate 1,TN-Plate18,E2,VC_A0742
241111_164911_Plate 1,TN-Plate18,E3,VC_A0601
241111_164911_Plate 1,TN-Plate18,E4,VC_0767
241111_164911_Plate 1,TN-Plate18,E5,VC_0159
241111_164911_Plate 1,TN-Plate18,E6,VC_0376
241111_164911_Plate 1,TN-Plate18,E8,VC_0980
241111_164911_Plate 1,TN-Plate18,E9,VC_0619
241111_164911_Plate 1,TN-Plate18,F1,VC_1157
241111_164911_Plate 1,TN-Plate18,F10,VC_1392
241111_164911_Plate 1,TN-Plate18,F11,VC_1197
241111_164911_Plate 1,TN-Plate18,F12,VC_0783
241111_164911_Plate 1,TN-Plate18,F2,VC_0355
241111_164911_Plate 1,TN-Plate18,F3,VC_A0947
241111_164911_Plate 1,TN-Plate18,F4,VC_1775
241111_164911_Plate 1,TN-Plate18,F5,VC_A0142
241111_164911_Plate 1,TN-Plate18,F6,VC_A0171
241111_164911_Plate 1,TN-Plate18,F7,VC_2056
241111_164911_Plate 1,TN-Plate18,F8,VC_1226
241111_164911_Plate 1,TN-Plate18,F9,VC_1125
241111_164911_Plate 1,TN-Plate18,G1,VC_1511
241111_164911_Plate 1,TN-Plate18,G10,VC_0526
241111_164911_Plate 1,TN-Plate18,G11,VC_2486
241111_164911_Plate 1,TN-Plate18,G12,VC_0008
241111_164911_Plate 1,TN-Plate18,G2,VC_2277
241111_164911_Plate 1,TN-Plate18,G3,VC_1216
241111_164911_Plate 1,TN-Plate18,G4,VC_1390
241111_164911_Plate 1,TN-Plate18,G5,VC_1283
241111_164911_Plate 1,TN-Plate18,G6,VC_1537
241111_164911_Plate 1,TN-Plate18,G7,VC_A1071
241111_164911_Plate 1,TN-Plate18,G8,VC_2129
241111_164911_Plate 1,TN-Plate18,G9,VC_A0057
241111_164911_Plate 1,TN-Plate18,H1,VC_0868
241111_164911_Plate 1,TN-Plate18,H10,VC_0902
241111_164911_Plate 1,TN-Plate18,H11,VC_0161
241111_164911_Plate 1,TN-Plate18,H2,VC_0405
241111_164911_Plate 1,TN-Plate18,H3,VC_A0212
241111_164911_Plate 1,TN-Plate18,H4,VC_2538
241111_164911_Plate 1,TN-Plate18,H5,VC_0154
241111_164911_Plate 1,TN-Plate18,H6,VC_1152
241111_164911_Plate 1,TN-Plate18,H7,VC_A1023
241111_164911_Plate 1,TN-Plate18,H8,VC_1295
241111_164911_Plate 1,TN-Plate18,H9,VC_1078
241118_115011_Plate 1,TN-Plate19,A1,VC_A0369
241118_115011_Plate 1,TN-Plate19,A10,VC_2198
241118_115011_Plate 1,TN-Plate19,A11,VC_2432
241118_115011_Plate 1,TN-Plate19,A12,VC_A0085
241118_115011_Plate 1,TN-Plate19,A2,VC_1171
241118_115011_Plate 1,TN-Plate19,A3,VC_A0938
241118_115011_Plate 1,TN-Plate19,A4,VC_2340
241118_115011_Plate 1,TN-Plate19,A5,VC_A0077
241118_115011_Plate 1,TN-Plate19,A6,VC_1399
241118_115011_Plate 1,TN-Plate19,A7,VC_A0010
241118_115011_Plate 1,TN-Plate19,A8,VC_1249
241118_115011_Plate 1,TN-Plate19,A9,VC_1720
241118_115011_Plate 1,TN-Plate19,B10,VC_A0226
241118_115011_Plate 1,TN-Plate19,B11,VC_2289
241118_115011_Plate 1,TN-Plate19,B12,VC_A0732
241118_115011_Plate 1,TN-Plate19,B2,VC_2263
241118_115011_Plate 1,TN-Plate19,B3,VC_A0645
241118_115011_Plate 1,TN-Plate19,B4,VC_A0835
241118_115011_Plate 1,TN-Plate19,B5,VC_0123
241118_115011_Plate 1,TN-Plate19,B6,VC_A0945
241118_115011_Plate 1,TN-Plate19,B7,VC_1542
241118_115011_Plate 1,TN-Plate19,B8,VC_0629
241118_115011_Plate 1,TN-Plate19,B9,VC_2356
241118_115011_Plate 1,TN-Plate19,C1,VC_A0118
241118_115011_Plate 1,TN-Plate19,C10,VC_0544
241118_115011_Plate 1,TN-Plate19,C11,VC_0874
241118_115011_Plate 1,TN-Plate19,C12,VC_0241
241118_115011_Plate 1,TN-Plate19,C2,VC_A0904
241118_115011_Plate 1,TN-Plate19,C3,VC_1433
241118_115011_Plate 1,TN-Plate19,C4,VC_A0795
241118_115011_Plate 1,TN-Plate19,C5,VC_A0116
241118_115011_Plate 1,TN-Plate19,C6,VC_0480
241118_115011_Plate 1,TN-Plate19,C7,VC_0530
241118_115011_Plate 1,TN-Plate19,C8,VC_A0671
241118_115011_Plate 1,TN-Plate19,C9,VC_0235
241118_115011_Plate 1,TN-Plate19,D1,VC_1669
241118_115011_Plate 1,TN-Plate19,D10,VC_0777
241118_115011_Plate 1,TN-Plate19,D11,VC_1194
241118_115011_Plate 1,TN-Plate19,D12,VC_0390
241118_115011_Plate 1,TN-Plate19,D2,VC_2060
241118_115011_Plate 1,TN-Plate19,D3,VC_0624
241118_115011_Plate 1,TN-Plate19,D4,VC_A1038
241118_115011_Plate 1,TN-Plate19,D5,VC_0528
241118_115011_Plate 1,TN-Plate19,D6,VC_1852
241118_115011_Plate 1,TN-Plate19,D7,VC_2013
241118_115011_Plate 1,TN-Plate19,D8,VC_1386
241118_115011_Plate 1,TN-Plate19,D9,VC_0838
241118_115011_Plate 1,TN-Plate19,E1,VC_0772
241118_115011_Plate 1,TN-Plate19,E10,VC_1203
241118_115011_Plate 1,TN-Plate19,E11,VC_0377
241118_115011_Plate 1,TN-Plate19,E12,VC_A0684
241118_115011_Plate 1,TN-Plate19,E2,VC_0076
241118_115011_Plate 1,TN-Plate19,E3,VC_0608
241118_115011_Plate 1,TN-Plate19,E4,VC_2747
241118_115011_Plate 1,TN-Plate19,E5,VC_1654
241118_115011_Plate 1,TN-Plate19,E6,VC_1234
241118_115011_Plate 1,TN-Plate19,E7,VC_A0181
241118_115011_Plate 1,TN-Plate19,E8,VC_A0769
241118_115011_Plate 1,TN-Plate19,E9,VC_A0859
241118_115011_Plate 1,TN-Plate19,F1,VC_A0038
241118_115011_Plate 1,TN-Plate19,F10,VC_0011
241118_115011_Plate 1,TN-Plate19,F11,VC_A0008
241118_115011_Plate 1,TN-Plate19,F12,VC_1087
241118_115011_Plate 1,TN-Plate19,F2,VC_1536
241118_115011_Plate 1,TN-Plate19,F3,VC_0430
241118_115011_Plate 1,TN-Plate19,F4,VC_2047
241118_115011_Plate 1,TN-Plate19,F5,VC_A0946
241118_115011_Plate 1,TN-Plate19,F6,VC_A0837
241118_115011_Plate 1,TN-Plate19,F7,VC_0115
241118_115011_Plate 1,TN-Plate19,F8,VC_1241
241118_115011_Plate 1,TN-Plate19,F9,VC_0169
241118_115011_Plate 1,TN-Plate19,G1,VC_1140
241118_115011_Plate 1,TN-Plate19,G10,VC_A0807
241118_115011_Plate 1,TN-Plate19,G11,VC_A0286
241118_115011_Plate 1,TN-Plate19,G12,VC_1341
241118_115011_Plate 1,TN-Plate19,G2,VC_0919
241118_115011_Plate 1,TN-Plate19,G3,VC_A0052
241118_115011_Plate 1,TN-Plate19,G4,VC_A0863
241118_115011_Plate 1,TN-Plate19,G5,VC_0066
241118_115011_Plate 1,TN-Plate19,G6,VC_1377
241118_115011_Plate 1,TN-Plate19,G7,VC_0755
241118_115011_Plate 1,TN-Plate19,G8,VC_2382
241118_115011_Plate 1,TN-Plate19,G9,VC_2216
241118_115011_Plate 1,TN-Plate19,H1,VC_A0716
241118_115011_Plate 1,TN-Plate19,H10,VC_A0351
241118_115011_Plate 1,TN-Plate19,H11,VC_1823
241118_115011_Plate 1,TN-Plate19,H12,VC_2417
241118_115011_Plate 1,TN-Plate19,H2,VC_A0892
241118_115011_Plate 1,TN-Plate19,H3,VC_2524
241118_115011_Plate 1,TN-Plate19,H4,VC_0900
241118_115011_Plate 1,TN-Plate19,H5,VC_2422
241118_115011_Plate 1,TN-Plate19,H6,VC_0935
241118_115011_Plate 1,TN-Plate19,H7,VC_1186
241118_115011_Plate 1,TN-Plate19,H8,VC_1731
241118_115011_Plate 1,TN-Plate19,H9,VC_1583
241118_121026_Plate 1,TN-Plate20,A1,VC_0666
241118_121026_Plate 1,TN-Plate20,A10,VC_1411
241118_121026_Plate 1,TN-Plate20,A11,VC_A0833
241118_121026_Plate 1,TN-Plate20,A12,VC_0594
241118_121026_Plate 1,TN-Plate20,A2,VC_1752
241118_121026_Plate 1,TN-Plate20,A3,VC_0915
241118_121026_Plate 1,TN-Plate20,A4,VC_0932
241118_121026_Plate 1,TN-Plate20,A5,VC_1496
241118_121026_Plate 1,TN-Plate20,A6,VC_1468/VC_1474
241118_121026_Plate 1,TN-Plate20,A7,VC_1540
241118_121026_Plate 1,TN-Plate20,A8,VC_0676
241118_121026_Plate 1,TN-Plate20,A9,VC_1340
241118_121026_Plate 1,TN-Plate20,B1,VC_2364
241118_121026_Plate 1,TN-Plate20,B10,VC_1549
241118_121026_Plate 1,TN-Plate20,B11,VC_2598
241118_121026_Plate 1,TN-Plate20,B12,VC_1631
241118_121026_Plate 1,TN-Plate20,B2,VC_0363
241118_121026_Plate 1,TN-Plate20,B3,VC_1983
241118_121026_Plate 1,TN-Plate20,B4,VC_A1111
241118_121026_Plate 1,TN-Plate20,B5,VC_2758
241118_121026_Plate 1,TN-Plate20,B6,VC_0505
241118_121026_Plate 1,TN-Plate20,B7,VC_1619
241118_121026_Plate 1,TN-Plate20,B8,VC_0316
241118_121026_Plate 1,TN-Plate20,B9,VC_0025
241118_121026_Plate 1,TN-Plate20,C1,VC_0122
241118_121026_Plate 1,TN-Plate20,C10,VC_A0748
241118_121026_Plate 1,TN-Plate20,C11,VC_0177
241118_121026_Plate 1,TN-Plate20,C12,VC_1918
241118_121026_Plate 1,TN-Plate20,C2,VC_A0165
241118_121026_Plate 1,TN-Plate20,C3,VC_A0885
241118_121026_Plate 1,TN-Plate20,C4,VC_A0281
241118_121026_Plate 1,TN-Plate20,C5,VC_1495
241118_121026_Plate 1,TN-Plate20,C6,VC_2052
241118_121026_Plate 1,TN-Plate20,C7,VC_0508
241118_121026_Plate 1,TN-Plate20,C8,VC_2119
241118_121026_Plate 1,TN-Plate20,C9,VC_A0852
241118_121026_Plate 1,TN-Plate20,D1,VC_1615
241118_121026_Plate 1,TN-Plate20,D10,VC_A1036
241118_121026_Plate 1,TN-Plate20,D11,VC_A0802
241118_121026_Plate 1,TN-Plate20,D12,VC_A0237
241118_121026_Plate 1,TN-Plate20,D2,VC_1649
241118_121026_Plate 1,TN-Plate20,D3,VC_2294
241118_121026_Plate 1,TN-Plate20,D4,VC_0506
241118_121026_Plate 1,TN-Plate20,D5,VC_2067
241118_121026_Plate 1,TN-Plate20,D6,VC_2205
241118_121026_Plate 1,TN-Plate20,D7,VC_1588
241118_121026_Plate 1,TN-Plate20,D8,VC_1932
241118_121026_Plate 1,TN-Plate20,D9,VC_1810/VC_1811
241118_121026_Plate 1,TN-Plate20,E1,VC_A1007
241118_121026_Plate 1,TN-Plate20,E10,VC_1015
241118_121026_Plate 1,TN-Plate20,E11,VC_0426
241118_121026_Plate 1,TN-Plate20,E12,VC_A0022
241118_121026_Plate 1,TN-Plate20,E2,VC_0079
241118_121026_Plate 1,TN-Plate20,E3,VC_2193
241118_121026_Plate 1,TN-Plate20,E4,VC_1439
241118_121026_Plate 1,TN-Plate20,E5,VC_A0099
241118_121026_Plate 1,TN-Plate20,E6,VC_0301
241118_121026_Plate 1,TN-Plate20,E7,VC_0778
241118_121026_Plate 1,TN-Plate20,E8,VC_1817
241118_121026_Plate 1,TN-Plate20,E9,VC_0551
241118_121026_Plate 1,TN-Plate20,F1,VC_2710
241118_121026_Plate 1,TN-Plate20,F10,VC_1237
241118_121026_Plate 1,TN-Plate20,F11,VC_A0633
241118_121026_Plate 1,TN-Plate20,F12,VC_1005
241118_121026_Plate 1,TN-Plate20,F2,VC_A0167
241118_121026_Plate 1,TN-Plate20,F3,VC_0818
241118_121026_Plate 1,TN-Plate20,F4,VC_0532
241118_121026_Plate 1,TN-Plate20,F5,VC_0461
241118_121026_Plate 1,TN-Plate20,F6,VC_A0007
241118_121026_Plate 1,TN-Plate20,F7,VC_0587
241118_121026_Plate 1,TN-Plate20,F8,VC_1726
241118_121026_Plate 1,TN-Plate20,F9,VC_0612
241118_121026_Plate 1,TN-Plate20,G1,VC_0194
241118_121026_Plate 1,TN-Plate20,G10,VC_0072
241118_121026_Plate 1,TN-Plate20,G11,VC_0502
241118_121026_Plate 1,TN-Plate20,G2,VC_1118
241118_121026_Plate 1,TN-Plate20,G3,VC_A0561
241118_121026_Plate 1,TN-Plate20,G4,VC_2760
241118_121026_Plate 1,TN-Plate20,G5,VC_A0218
241118_121026_Plate 1,TN-Plate20,G6,VC_1741
241118_121026_Plate 1,TN-Plate20,G7,VC_2488
241118_121026_Plate 1,TN-Plate20,G8,VC_1064
241118_121026_Plate 1,TN-Plate20,G9,VC_1580
241118_121026_Plate 1,TN-Plate20,H1,VC_2501
241118_121026_Plate 1,TN-Plate20,H10,VC_A0245
241118_121026_Plate 1,TN-Plate20,H11,VC_0046
241118_121026_Plate 1,TN-Plate20,H2,VC_A0102
241118_121026_Plate 1,TN-Plate20,H3,VC_2448
241118_121026_Plate 1,TN-Plate20,H4,VC_1134
241118_121026_Plate 1,TN-Plate20,H5,VC_A0940
241118_121026_Plate 1,TN-Plate20,H6,VC_2559
241118_121026_Plate 1,TN-Plate20,H7,VC_0448
241118_121026_Plate 1,TN-Plate20,H8,VC_A0825
241118_121026_Plate 1,TN-Plate20,H9,VC_0172
241118_133015_Plate 1,TN-Plate21,A1,VC_0635
241118_133015_Plate 1,TN-Plate21,A10,VC_0421
241118_133015_Plate 1,TN-Plate21,A11,VC_A0051
241118_133015_Plate 1,TN-Plate21,A12,VC_A0884
241118_133015_Plate 1,TN-Plate21,A2,VC_1902
241118_133015_Plate 1,TN-Plate21,A3,VC_0408
241118_133015_Plate 1,TN-Plate21,A4,VC_2555
241118_133015_Plate 1,TN-Plate21,A5,VC_1052
241118_133015_Plate 1,TN-Plate21,A6,VC_2355
241118_133015_Plate 1,TN-Plate21,A7,VC_2367
241118_133015_Plate 1,TN-Plate21,A8,VC_A0546
241118_133015_Plate 1,TN-Plate21,A9,VC_0706
241118_133015_Plate 1,TN-Plate21,B1,VC_1867
241118_133015_Plate 1,TN-Plate21,B10,VC_0811
241118_133015_Plate 1,TN-Plate21,B11,VC_A0728
241118_133015_Plate 1,TN-Plate21,B12,VC_2090
241118_133015_Plate 1,TN-Plate21,B2,VC_0839
241118_133015_Plate 1,TN-Plate21,B3,VC_A0514
241118_133015_Plate 1,TN-Plate21,B4,VC_2296
241118_133015_Plate 1,TN-Plate21,B5,VC_1021
241118_133015_Plate 1,TN-Plate21,B6,VC_0485
241118_133015_Plate 1,TN-Plate21,B7,VC_0647
241118_133015_Plate 1,TN-Plate21,B8,VC_A0530
241118_133015_Plate 1,TN-Plate21,B9,VC_0795
241118_133015_Plate 1,TN-Plate21,C1,VC_A0159
241118_133015_Plate 1,TN-Plate21,C10,VC_A0869
241118_133015_Plate 1,TN-Plate21,C11,VC_2658
241118_133015_Plate 1,TN-Plate21,C12,VC_A0840
241118_133015_Plate 1,TN-Plate21,C2,VC_0106
241118_133015_Plate 1,TN-Plate21,C3,VC_1354
241118_133015_Plate 1,TN-Plate21,C4,VC_1859
241118_133015_Plate 1,TN-Plate21,C5,VC_0331
241118_133015_Plate 1,TN-Plate21,C6,VC_0937
241118_133015_Plate 1,TN-Plate21,C7,VC_A0491
241118_133015_Plate 1,TN-Plate21,C8,VC_1160
241118_133015_Plate 1,TN-Plate21,C9,VC_1696
241118_133015_Plate 1,TN-Plate21,D1,VC_0464
241118_133015_Plate 1,TN-Plate21,D10,VC_1621
241118_133015_Plate 1,TN-Plate21,D11,VC_A0987
241118_133015_Plate 1,TN-Plate21,D12,VC_2421
241118_133015_Plate 1,TN-Plate21,D2,VC_2775
241118_133015_Plate 1,TN-Plate21,D3,VC_1488
241118_133015_Plate 1,TN-Plate21,D4,VC_A0924
241118_133015_Plate 1,TN-Plate21,D5,VC_0191
241118_133015_Plate 1,TN-Plate21,D6,VC_2534
241118_133015_Plate 1,TN-Plate21,D7,VC_1596
241118_133015_Plate 1,TN-Plate21,D8,VC_0246
241118_133015_Plate 1,TN-Plate21,D9,VC_A0291
241118_133015_Plate 1,TN-Plate21,E1,VC_1253
241118_133015_Plate 1,TN-Plate21,E10,VC_2614
241118_133015_Plate 1,TN-Plate21,E11,VC_0830
241118_133015_Plate 1,TN-Plate21,E12,VC_2160
241118_133015_Plate 1,TN-Plate21,E2,VC_2145
241118_133015_Plate 1,TN-Plate21,E3,VC_A0513
241118_133015_Plate 1,TN-Plate21,E4,VC_0931
241118_133015_Plate 1,TN-Plate21,E5,VC_1797
241118_133015_Plate 1,TN-Plate21,E6,VC_1841
241118_133015_Plate 1,TN-Plate21,E7,VC_0207
241118_133015_Plate 1,TN-Plate21,E8,VC_2638
241118_133015_Plate 1,TN-Plate21,E9,VC_0384
241118_133015_Plate 1,TN-Plate21,F1,VC_2522
241118_133015_Plate 1,TN-Plate21,F10,VC_0833
241118_133015_Plate 1,TN-Plate21,F11,VC_2532
241118_133015_Plate 1,TN-Plate21,F12,VC_A0419
241118_133015_Plate 1,TN-Plate21,F2,VC_0809
241118_133015_Plate 1,TN-Plate21,F3,VC_A0958
241118_133015_Plate 1,TN-Plate21,F4,VC_A1052
241118_133015_Plate 1,TN-Plate21,F5,VC_A0298/VC_A0329
241118_133015_Plate 1,TN-Plate21,F6,VC_1592
241118_133015_Plate 1,TN-Plate21,F7,VC_1201
241118_133015_Plate 1,TN-Plate21,F8,VC_2293
241118_133015_Plate 1,TN-Plate21,F9,VC_1796
241118_133015_Plate 1,TN-Plate21,G1,VC_2223
241118_133015_Plate 1,TN-Plate21,G10,VC_A0248
241118_133015_Plate 1,TN-Plate21,G11,VC_A0847
241118_133015_Plate 1,TN-Plate21,G12,VC_A0420
241118_133015_Plate 1,TN-Plate21,G2,VC_1938
241118_133015_Plate 1,TN-Plate21,G3,VC_0697
241118_133015_Plate 1,TN-Plate21,G4,VC_0187
241118_133015_Plate 1,TN-Plate21,G5,VC_A0634
241118_133015_Plate 1,TN-Plate21,G6,VC_0878
241118_133015_Plate 1,TN-Plate21,G7,VC_A0422
241118_133015_Plate 1,TN-Plate21,G8,VC_2132
241118_133015_Plate 1,TN-Plate21,G9,VC_1734
241118_133015_Plate 1,TN-Plate21,H1,VC_1816
241118_133015_Plate 1,TN-Plate21,H10,VC_2080
241118_133015_Plate 1,TN-Plate21,H11,VC_A0193
241118_133015_Plate 1,TN-Plate21,H2,VC_0335
241118_133015_Plate 1,TN-Plate21,H3,VC_A0439
241118_133015_Plate 1,TN-Plate21,H4,VC_0580
241118_133015_Plate 1,TN-Plate21,H5,VC_A0128
241118_133015_Plate 1,TN-Plate21,H6,VC_0148
241118_133015_Plate 1,TN-Plate21,H7,VC_A0740
241118_133015_Plate 1,TN-Plate21,H8,VC_1753
241118_133015_Plate 1,TN-Plate21,H9,VC_0487
241120_162844_Plate 1,TN-Plate13,A1,VC_1218
241120_162844_Plate 1,TN-Plate13,A10,VC_2161
241120_162844_Plate 1,TN-Plate13,A11,VC_2416
241120_162844_Plate 1,TN-Plate13,A12,VC_0543
241120_162844_Plate 1,TN-Plate13,A2,VC_A0564
241120_162844_Plate 1,TN-Plate13,A3,VC_1384
241120_162844_Plate 1,TN-Plate13,A4,VC_1393
241120_162844_Plate 1,TN-Plate13,A5,VC_2540
241120_162844_Plate 1,TN-Plate13,A6,VC_1970
241120_162844_Plate 1,TN-Plate13,A7,VC_A0976
241120_162844_Plate 1,TN-Plate13,A8,VC_A0021
241120_162844_Plate 1,TN-Plate13,A9,VC_A0929
241120_162844_Plate 1,TN-Plate13,B1,VC_2240
241120_162844_Plate 1,TN-Plate13,B10,VC_0341
241120_162844_Plate 1,TN-Plate13,B11,VC_0794
241120_162844_Plate 1,TN-Plate13,B12,VC_A0105
241120_162844_Plate 1,TN-Plate13,B2,VC_0667
241120_162844_Plate 1,TN-Plate13,B3,VC_2472
241120_162844_Plate 1,TN-Plate13,B4,VC_A0292/VC_A0364
241120_162844_Plate 1,TN-Plate13,B5,VC_0304
241120_162844_Plate 1,TN-Plate13,B6,VC_2100
241120_162844_Plate 1,TN-Plate13,B7,VC_1018
241120_162844_Plate 1,TN-Plate13,B8,VC_1610
241120_162844_Plate 1,TN-Plate13,B9,VC_0396
241120_162844_Plate 1,TN-Plate13,C1,VC_1707
241120_162844_Plate 1,TN-Plate13,C10,VC_0821
241120_162844_Plate 1,TN-Plate13,C11,VC_1959
241120_162844_Plate 1,TN-Plate13,C12,VC_1435
241120_162844_Plate 1,TN-Plate13,C2,VC_A0402
241120_162844_Plate 1,TN-Plate13,C3,VC_1090
241120_162844_Plate 1,TN-Plate13,C4,VC_2202
241120_162844_Plate 1,TN-Plate13,C5,VC_0027
241120_162844_Plate 1,TN-Plate13,C6,VC_0437
241120_162844_Plate 1,TN-Plate13,C7,VC_0188
241120_162844_Plate 1,TN-Plate13,C8,VC_A0526
241120_162844_Plate 1,TN-Plate13,C9,VC_1585
241120_162844_Plate 1,TN-Plate13,D1,VC_2718/VC_2719
241120_162844_Plate 1,TN-Plate13,D10,VC_2010
241120_162844_Plate 1,TN-Plate13,D11,VC_A0731
241120_162844_Plate 1,TN-Plate13,D12,VC_0500
241120_162844_Plate 1,TN-Plate13,D2,VC_0338
241120_162844_Plate 1,TN-Plate13,D3,VC_A0657
241120_162844_Plate 1,TN-Plate13,D4,VC_A0667
241120_162844_Plate 1,TN-Plate13,D5,VC_0420
241120_162844_Plate 1,TN-Plate13,D6,VC_A0356
241120_162844_Plate 1,TN-Plate13,D7,VC_2553
241120_162844_Plate 1,TN-Plate13,D8,VC_0743
241120_162844_Plate 1,TN-Plate13,D9,VC_A0396
241120_162844_Plate 1,TN-Plate13,E1,VC_1011
241120_162844_Plate 1,TN-Plate13,E10,VC_2450
241120_162844_Plate 1,TN-Plate13,E11,VC_A1098
241120_162844_Plate 1,TN-Plate13,E2,VC_1910
241120_162844_Plate 1,TN-Plate13,E3,VC_1679
241120_162844_Plate 1,TN-Plate13,E4,VC_0038
241120_162844_Plate 1,TN-Plate13,E5,VC_1037
241120_162844_Plate 1,TN-Plate13,E6,VC_0712/VC_2496/VC_2753
241120_162844_Plate 1,TN-Plate13,E7,VC_2409
241120_162844_Plate 1,TN-Plate13,E8,VC_0373
241120_162844_Plate 1,TN-Plate13,E9,VC_A0147
241120_162844_Plate 1,TN-Plate13,F1,VC_1375
241120_162844_Plate 1,TN-Plate13,F10,VC_1872
241120_162844_Plate 1,TN-Plate13,F11,VC_A0804
241120_162844_Plate 1,TN-Plate13,F2,VC_0687
241120_162844_Plate 1,TN-Plate13,F3,VC_A0468
241120_162844_Plate 1,TN-Plate13,F4,VC_A0705
241120_162844_Plate 1,TN-Plate13,F5,VC_A0268
241120_162844_Plate 1,TN-Plate13,F6,VC_A0693
241120_162844_Plate 1,TN-Plate13,F7,VC_1703
241120_162844_Plate 1,TN-Plate13,F8,VC_2669
241120_162844_Plate 1,TN-Plate13,F9,VC_2543
241120_162844_Plate 1,TN-Plate13,G1,VC_A0783
241120_162844_Plate 1,TN-Plate13,G10,VC_1602
241120_162844_Plate 1,TN-Plate13,G11,VC_2672
241120_162844_Plate 1,TN-Plate13,G2,VC_1368
241120_162844_Plate 1,TN-Plate13,G3,VC_A0573
241120_162844_Plate 1,TN-Plate13,G4,VC_1453
241120_162844_Plate 1,TN-Plate13,G5,VC_A0471
241120_162844_Plate 1,TN-Plate13,G6,VC_0245
241120_162844_Plate 1,TN-Plate13,G7,VC_1628
241120_162844_Plate 1,TN-Plate13,G8,VC_0098
241120_162844_Plate 1,TN-Plate13,G9,VC_0857
241120_162844_Plate 1,TN-Plate13,H1,VC_A0759
241120_162844_Plate 1,TN-Plate13,H10,VC_A1069
241120_162844_Plate 1,TN-Plate13,H11,VC_0784
241120_162844_Plate 1,TN-Plate13,H2,VC_1280
241120_162844_Plate 1,TN-Plate13,H3,VC_1153
241120_162844_Plate 1,TN-Plate13,H4,VC_1966
241120_162844_Plate 1,TN-Plate13,H5,VC_0163
241120_162844_Plate 1,TN-Plate13,H6,VC_A0902
241120_162844_Plate 1,TN-Plate13,H7,VC_0792
241120_162844_Plate 1,TN-Plate13,H8,VC_A0518
241120_162844_Plate 1,TN-Plate13,H9,VC_A0380
241120_164822_Plate 1,TN-Plate14,A1,VC_1309
241120_164822_Plate 1,TN-Plate14,A10,VC_1040
241120_164822_Plate 1,TN-Plate14,A11,VC_2353
241120_164822_Plate 1,TN-Plate14,A12,VC_A0440
241120_164822_Plate 1,TN-Plate14,A2,VC_A1063
241120_164822_Plate 1,TN-Plate14,A3,VC_2531
241120_164822_Plate 1,TN-Plate14,A4,VC_1117
241120_164822_Plate 1,TN-Plate14,A5,VC_0796
241120_164822_Plate 1,TN-Plate14,A6,VC_1874
241120_164822_Plate 1,TN-Plate14,A7,VC_0256/VC_1790/VC_A0372
241120_164822_Plate 1,TN-Plate14,A8,VC_1577
241120_164822_Plate 1,TN-Plate14,A9,VC_1725
241120_164822_Plate 1,TN-Plate14,B1,VC_0955
241120_164822_Plate 1,TN-Plate14,B10,VC_1721
241120_164822_Plate 1,TN-Plate14,B11,VC_A0124
241120_164822_Plate 1,TN-Plate14,B12,VC_A0083
241120_164822_Plate 1,TN-Plate14,B2,VC_0923
241120_164822_Plate 1,TN-Plate14,B3,VC_2284
241120_164822_Plate 1,TN-Plate14,B4,VC_A0905
241120_164822_Plate 1,TN-Plate14,B5,VC_1833
241120_164822_Plate 1,TN-Plate14,B6,VC_2599
241120_164822_Plate 1,TN-Plate14,B7,VC_2731
241120_164822_Plate 1,TN-Plate14,B8,VC_A1037
241120_164822_Plate 1,TN-Plate14,B9,VC_0559
241120_164822_Plate 1,TN-Plate14,C1,VC_A0785
241120_164822_Plate 1,TN-Plate14,C10,VC_0827
241120_164822_Plate 1,TN-Plate14,C11,VC_0063
241120_164822_Plate 1,TN-Plate14,C12,VC_0453
241120_164822_Plate 1,TN-Plate14,C2,VC_1638
241120_164822_Plate 1,TN-Plate14,C3,VC_2167
241120_164822_Plate 1,TN-Plate14,C4,VC_0037
241120_164822_Plate 1,TN-Plate14,C5,VC_1947
241120_164822_Plate 1,TN-Plate14,C6,VC_0820
241120_164822_Plate 1,TN-Plate14,C7,VC_1532
241120_164822_Plate 1,TN-Plate14,C8,VC_A0485
241120_164822_Plate 1,TN-Plate14,C9,VC_0386
241120_164822_Plate 1,TN-Plate14,D1,VC_A0323
241120_164822_Plate 1,TN-Plate14,D10,VC_A0805
241120_164822_Plate 1,TN-Plate14,D11,VC_0630
241120_164822_Plate 1,TN-Plate14,D12,VC_0825
241120_164822_Plate 1,TN-Plate14,D2,VC_0589
241120_164822_Plate 1,TN-Plate14,D3,VC_1004
241120_164822_Plate 1,TN-Plate14,D4,VC_2700
241120_164822_Plate 1,TN-Plate14,D5,VC_1398
241120_164822_Plate 1,TN-Plate14,D6,VC_A0228
241120_164822_Plate 1,TN-Plate14,D7,VC_1505
241120_164822_Plate 1,TN-Plate14,D8,VC_1044
241120_164822_Plate 1,TN-Plate14,D9,VC_0128
241120_164822_Plate 1,TN-Plate14,E1,VC_A0876
241120_164822_Plate 1,TN-Plate14,E10,VC_A0473
241120_164822_Plate 1,TN-Plate14,E11,VC_A0953
241120_164822_Plate 1,TN-Plate14,E12,VC_0851
241120_164822_Plate 1,TN-Plate14,E2,VC_1065
241120_164822_Plate 1,TN-Plate14,E3,VC_1894
241120_164822_Plate 1,TN-Plate14,E4,VC_A0618
241120_164822_Plate 1,TN-Plate14,E5,VC_0050
241120_164822_Plate 1,TN-Plate14,E6,VC_2087
241120_164822_Plate 1,TN-Plate14,E7,VC_1729
241120_164822_Plate 1,TN-Plate14,E8,VC_A0824
241120_164822_Plate 1,TN-Plate14,E9,VC_A0866
241120_164822_Plate 1,TN-Plate14,F1,VC_0645
241120_164822_Plate 1,TN-Plate14,F10,VC_2134
241120_164822_Plate 1,TN-Plate14,F11,VC_1927
241120_164822_Plate 1,TN-Plate14,F2,VC_A0274
241120_164822_Plate 1,TN-Plate14,F3,VC_2438
241120_164822_Plate 1,TN-Plate14,F4,VC_1454/VC_1463
241120_164822_Plate 1,TN-Plate14,F5,VC_2732
241120_164822_Plate 1,TN-Plate14,F6,VC_1559
241120_164822_Plate 1,TN-Plate14,F7,VC_2273
241120_164822_Plate 1,TN-Plate14,F8,VC_A1002
241120_164822_Plate 1,TN-Plate14,F9,VC_1361
241120_164822_Plate 1,TN-Plate14,G1,VC_1525
241120_164822_Plate 1,TN-Plate14,G10,VC_1168
241120_164822_Plate 1,TN-Plate14,G11,VC_1611
241120_164822_Plate 1,TN-Plate14,G2,VC_1473
241120_164822_Plate 1,TN-Plate14,G3,VC_2210
241120_164822_Plate 1,TN-Plate14,G4,VC_A0629
241120_164822_Plate 1,TN-Plate14,G5,VC_0823
241120_164822_Plate 1,TN-Plate14,G6,VC_1316
241120_164822_Plate 1,TN-Plate14,G7,VC_1557
241120_164822_Plate 1,TN-Plate14,G8,VC_2049
241120_164822_Plate 1,TN-Plate14,G9,VC_1313
241120_164822_Plate 1,TN-Plate14,H1,VC_A0704
241120_164822_Plate 1,TN-Plate14,H10,VC_1581
241120_164822_Plate 1,TN-Plate14,H11,VC_1407
241120_164822_Plate 1,TN-Plate14,H2,VC_0973
241120_164822_Plate 1,TN-Plate14,H3,VC_2123
241120_164822_Plate 1,TN-Plate14,H4,VC_A0276
241120_164822_Plate 1,TN-Plate14,H5,VC_A0188
241120_164822_Plate 1,TN-Plate14,H6,VC_2320
241120_164822_Plate 1,TN-Plate14,H7,VC_A0829
241120_164822_Plate 1,TN-Plate14,H8,VC_A0679
241120_164822_Plate 1,TN-Plate14,H9,VC_A0624
241120_170805_Plate 1,TN-Plate15,A1,VC_A0767
241120_170805_Plate 1,TN-Plate15,A10,VC_0541
241120_170805_Plate 1,TN-Plate15,A11,VC_0499
241120_170805_Plate 1,TN-Plate15,A12,VC_2603
241120_170805_Plate 1,TN-Plate15,A2,VC_A0762
241120_170805_Plate 1,TN-Plate15,A3,VC_1627
241120_170805_Plate 1,TN-Plate15,A4,VC_A0042
241120_170805_Plate 1,TN-Plate15,A5,VC_A0651
241120_170805_Plate 1,TN-Plate15,A6,VC_0785
241120_170805_Plate 1,TN-Plate15,A7,VC_0049
241120_170805_Plate 1,TN-Plate15,A8,VC_0826
241120_170805_Plate 1,TN-Plate15,A9,VC_0780
241120_170805_Plate 1,TN-Plate15,B1,VC_2519
241120_170805_Plate 1,TN-Plate15,B10,VC_2150
241120_170805_Plate 1,TN-Plate15,B11,VC_2657
241120_170805_Plate 1,TN-Plate15,B12,VC_2333
241120_170805_Plate 1,TN-Plate15,B2,VC_2694
241120_170805_Plate 1,TN-Plate15,B3,VC_2724
241120_170805_Plate 1,TN-Plate15,B4,VC_2633
241120_170805_Plate 1,TN-Plate15,B5,VC_1634
241120_170805_Plate 1,TN-Plate15,B6,VC_A0582
241120_170805_Plate 1,TN-Plate15,B7,VC_A0982
241120_170805_Plate 1,TN-Plate15,B8,VC_1061
241120_170805_Plate 1,TN-Plate15,B9,VC_A0123
241120_170805_Plate 1,TN-Plate15,C1,VC_A0249
241120_170805_Plate 1,TN-Plate15,C10,VC_0117
241120_170805_Plate 1,TN-Plate15,C11,VC_2465
241120_170805_Plate 1,TN-Plate15,C2,VC_A0459
241120_170805_Plate 1,TN-Plate15,C3,VC_1242
241120_170805_Plate 1,TN-Plate15,C4,VC_0586
241120_170805_Plate 1,TN-Plate15,C5,VC_2649
241120_170805_Plate 1,TN-Plate15,C6,VC_0126
241120_170805_Plate 1,TN-Plate15,C7,VC_2675
241120_170805_Plate 1,TN-Plate15,C8,VC_A0724
241120_170805_Plate 1,TN-Plate15,C9,VC_0690
241120_170805_Plate 1,TN-Plate15,D1,VC_A1093
241120_170805_Plate 1,TN-Plate15,D10,VC_1701
241120_170805_Plate 1,TN-Plate15,D11,VC_A0266
241120_170805_Plate 1,TN-Plate15,D12,VC_A0557
241120_170805_Plate 1,TN-Plate15,D2,VC_A0806
241120_170805_Plate 1,TN-Plate15,D3,VC_2610
241120_170805_Plate 1,TN-Plate15,D4,VC_A0591
241120_170805_Plate 1,TN-Plate15,D5,VC_1250
241120_170805_Plate 1,TN-Plate15,D6,VC_A0495
241120_170805_Plate 1,TN-Plate15,D7,VC_1374
241120_170805_Plate 1,TN-Plate15,D8,VC_A0359
241120_170805_Plate 1,TN-Plate15,D9,VC_2004
241120_170805_Plate 1,TN-Plate15,E1,VC_A0069
241120_170805_Plate 1,TN-Plate15,E10,VC_2039
241120_170805_Plate 1,TN-Plate15,E11,VC_2243
241120_170805_Plate 1,TN-Plate15,E12,VC_0212
241120_170805_Plate 1,TN-Plate15,E2,VC_A0939
241120_170805_Plate 1,TN-Plate15,E3,VC_A0612
241120_170805_Plate 1,TN-Plate15,E4,VC_1378
241120_170805_Plate 1,TN-Plate15,E5,VC_2139
241120_170805_Plate 1,TN-Plate15,E6,VC_A0719
241120_170805_Plate 1,TN-Plate15,E7,VC_A0519
241120_170805_Plate 1,TN-Plate15,E8,VC_1764
241120_170805_Plate 1,TN-Plate15,E9,VC_0845
241120_170805_Plate 1,TN-Plate15,F1,VC_1563
241120_170805_Plate 1,TN-Plate15,F10,VC_2539
241120_170805_Plate 1,TN-Plate15,F11,VC_A0520
241120_170805_Plate 1,TN-Plate15,F12,VC_A0540
241120_170805_Plate 1,TN-Plate15,F2,VC_0121
241120_170805_Plate 1,TN-Plate15,F3,VC_1907
241120_170805_Plate 1,TN-Plate15,F4,VC_1472
241120_170805_Plate 1,TN-Plate15,F5,VC_A0650
241120_170805_Plate 1,TN-Plate15,F6,VC_A0631
241120_170805_Plate 1,TN-Plate15,F7,VC_A0755
241120_170805_Plate 1,TN-Plate15,F8,VC_0898
241120_170805_Plate 1,TN-Plate15,F9,VC_1406
241120_170805_Plate 1,TN-Plate15,G1,VC_1968
241120_170805_Plate 1,TN-Plate15,G10,VC_A0669
241120_170805_Plate 1,TN-Plate15,G11,VC_2017
241120_170805_Plate 1,TN-Plate15,G12,VC_2433
241120_170805_Plate 1,TN-Plate15,G2,VC_A1059
241120_170805_Plate 1,TN-Plate15,G3,VC_1717
241120_170805_Plate 1,TN-Plate15,G4,VC_A0832
241120_170805_Plate 1,TN-Plate15,G5,VC_A0098
241120_170805_Plate 1,TN-Plate15,G6,VC_1584
241120_170805_Plate 1,TN-Plate15,G7,VC_2309
241120_170805_Plate 1,TN-Plate15,G8,VC_2655
241120_170805_Plate 1,TN-Plate15,G9,VC_2702
241120_170805_Plate 1,TN-Plate15,H1,VC_A0474
241120_170805_Plate 1,TN-Plate15,H10,VC_0542
241120_170805_Plate 1,TN-Plate15,H11,VC_2072
241120_170805_Plate 1,TN-Plate15,H12,VC_A0990
241120_170805_Plate 1,TN-Plate15,H2,VC_0120
241120_170805_Plate 1,TN-Plate15,H3,VC_1901
241120_170805_Plate 1,TN-Plate15,H4,VC_A0886
241120_170805_Plate 1,TN-Plate15,H5,VC_A0543
241120_170805_Plate 1,TN-Plate15,H6,VC_1344
241120_170805_Plate 1,TN-Plate15,H7,VC_A0549
241120_170805_Plate 1,TN-Plate15,H8,VC_0288
241120_170805_Plate 1,TN-Plate15,H9,VC_A0658
241125_155350_Plate 1,TN-Plate25,A1,VC_2442
241125_155350_Plate 1,TN-Plate25,A10,VC_1794
241125_155350_Plate 1,TN-Plate25,A11,VC_A0065
241125_155350_Plate 1,TN-Plate25,A12,VC_A0307
241125_155350_Plate 1,TN-Plate25,A2,VC_0914
241125_155350_Plate 1,TN-Plate25,A3,VC_2081
241125_155350_Plate 1,TN-Plate25,A4,VC_0237
241125_155350_Plate 1,TN-Plate25,A5,VC_2642
241125_155350_Plate 1,TN-Plate25,A6,VC_0511
241125_155350_Plate 1,TN-Plate25,A7,VC_2454
241125_155350_Plate 1,TN-Plate25,A8,VC_A0823
241125_155350_Plate 1,TN-Plate25,A9,VC_0810
241125_155350_Plate 1,TN-Plate25,B1,VC_1896
241125_155350_Plate 1,TN-Plate25,B10,VC_A0966
241125_155350_Plate 1,TN-Plate25,B11,VC_A0853
241125_155350_Plate 1,TN-Plate25,B12,VC_2011
241125_155350_Plate 1,TN-Plate25,B2,VC_A0952
241125_155350_Plate 1,TN-Plate25,B3,VC_0103
241125_155350_Plate 1,TN-Plate25,B4,VC_0593
241125_155350_Plate 1,TN-Plate25,B5,VC_1077
241125_155350_Plate 1,TN-Plate25,B6,VC_A0361
241125_155350_Plate 1,TN-Plate25,B7,VC_1287
241125_155350_Plate 1,TN-Plate25,B8,VC_A0111
241125_155350_Plate 1,TN-Plate25,B9,VC_0710
241125_155350_Plate 1,TN-Plate25,C1,VC_0274
241125_155350_Plate 1,TN-Plate25,C10,VC_2105
241125_155350_Plate 1,TN-Plate25,C11,VC_0262
241125_155350_Plate 1,TN-Plate25,C12,VC_1206
241125_155350_Plate 1,TN-Plate25,C2,VC_0861
241125_155350_Plate 1,TN-Plate25,C3,VC_0056
241125_155350_Plate 1,TN-Plate25,C4,VC_A0176
241125_155350_Plate 1,TN-Plate25,C5,VC_0892
241125_155350_Plate 1,TN-Plate25,C6,VC_A0567
241125_155350_Plate 1,TN-Plate25,C7,VC_A0023
241125_155350_Plate 1,TN-Plate25,C8,VC_A0179
241125_155350_Plate 1,TN-Plate25,C9,VC_2111
241125_155350_Plate 1,TN-Plate25,D1,VC_2238
241125_155350_Plate 1,TN-Plate25,D10,VC_A0659
241125_155350_Plate 1,TN-Plate25,D11,VC_0185
241125_155350_Plate 1,TN-Plate25,D12,VC_1269
241125_155350_Plate 1,TN-Plate25,D2,VC_0182
241125_155350_Plate 1,TN-Plate25,D3,VC_A0326
241125_155350_Plate 1,TN-Plate25,D4,VC_0489
241125_155350_Plate 1,TN-Plate25,D5,VC_A0798
241125_155350_Plate 1,TN-Plate25,D6,VC_0071
241125_155350_Plate 1,TN-Plate25,D7,VC_2153
241125_155350_Plate 1,TN-Plate25,D9,VC_0424
241125_155350_Plate 1,TN-Plate25,E1,VC_2332
241125_155350_Plate 1,TN-Plate25,E10,VC_0522
241125_155350_Plate 1,TN-Plate25,E11,VC_0270
241125_155350_Plate 1,TN-Plate25,E12,VC_0418
241125_155350_Plate 1,TN-Plate25,E2,VC_2323
241125_155350_Plate 1,TN-Plate25,E3,VC_0344
241125_155350_Plate 1,TN-Plate25,E4,VC_1962
241125_155350_Plate 1,TN-Plate25,E5,VC_0497
241125_155350_Plate 1,TN-Plate25,E6,VC_2285
241125_155350_Plate 1,TN-Plate25,E7,VC_1609
241125_155350_Plate 1,TN-Plate25,E8,VC_0880
241125_155350_Plate 1,TN-Plate25,E9,VC_0298
241125_155350_Plate 1,TN-Plate25,F1,VC_2324
241125_155350_Plate 1,TN-Plate25,F10,VC_0534
241125_155350_Plate 1,TN-Plate25,F11,VC_A0027
241125_155350_Plate 1,TN-Plate25,F12,VC_0962
241125_155350_Plate 1,TN-Plate25,F2,VC_0114
241125_155350_Plate 1,TN-Plate25,F3,VC_A0627
241125_155350_Plate 1,TN-Plate25,F4,VC_A0117
241125_155350_Plate 1,TN-Plate25,F5,VC_A0146
241125_155350_Plate 1,TN-Plate25,F6,VC_1848
241125_155350_Plate 1,TN-Plate25,F7,VC_1050
241125_155350_Plate 1,TN-Plate25,F8,VC_1232
241125_155350_Plate 1,TN-Plate25,F9,VC_0978
241125_155350_Plate 1,TN-Plate25,G1,VC_0289
241125_155350_Plate 1,TN-Plate25,G10,VC_0601
241125_155350_Plate 1,TN-Plate25,G11,VC_1561
241125_155350_Plate 1,TN-Plate25,G12,VC_0535
241125_155350_Plate 1,TN-Plate25,G2,VC_A0126
241125_155350_Plate 1,TN-Plate25,G3,VC_2692
241125_155350_Plate 1,TN-Plate25,G4,VC_0404
241125_155350_Plate 1,TN-Plate25,G5,VC_0284
241125_155350_Plate 1,TN-Plate25,G6,VC_0533
241125_155350_Plate 1,TN-Plate25,G7,VC_0087
241125_155350_Plate 1,TN-Plate25,G8,VC_A0790
241125_155350_Plate 1,TN-Plate25,G9,VC_A0005
241125_155350_Plate 1,TN-Plate25,H1,VC_A1031
241125_155350_Plate 1,TN-Plate25,H10,VC_2552
241125_155350_Plate 1,TN-Plate25,H11,VC_0014
241125_155350_Plate 1,TN-Plate25,H12,VC_0866
241125_155350_Plate 1,TN-Plate25,H2,VC_A0690
241125_155350_Plate 1,TN-Plate25,H3,VC_A1110
241125_155350_Plate 1,TN-Plate25,H4,VC_A0726
241125_155350_Plate 1,TN-Plate25,H5,VC_0105
241125_155350_Plate 1,TN-Plate25,H6,VC_1442
241125_155350_Plate 1,TN-Plate25,H7,VC_0145
241125_155350_Plate 1,TN-Plate25,H8,VC_A0480
241125_155350_Plate 1,TN-Plate25,H9,VC_2761
241125_171423_Plate 1,TN-Plate26,A1,VC_2498
241125_171423_Plate 1,TN-Plate26,A10,VC_1487
241125_171423_Plate 1,TN-Plate26,A11,VC_0251
241125_171423_Plate 1,TN-Plate26,A12,VC_2489
241125_171423_Plate 1,TN-Plate26,A2,VC_A0610
241125_171423_Plate 1,TN-Plate26,A3,VC_1692
241125_171423_Plate 1,TN-Plate26,A4,VC_0181
241125_171423_Plate 1,TN-Plate26,A5,VC_2444
241125_171423_Plate 1,TN-Plate26,A6,VC_1137
241125_171423_Plate 1,TN-Plate26,A7,VC_1647
241125_171423_Plate 1,TN-Plate26,A8,VC_A0757
241125_171423_Plate 1,TN-Plate26,A9,VC_2608
241125_171423_Plate 1,TN-Plate26,B1,VC_1002
241125_171423_Plate 1,TN-Plate26,B10,VC_2046
241125_171423_Plate 1,TN-Plate26,B11,VC_2406/VC_2407
241125_171423_Plate 1,TN-Plate26,B12,VC_1607
241125_171423_Plate 1,TN-Plate26,B2,VC_0220
241125_171423_Plate 1,TN-Plate26,B3,VC_1905
241125_171423_Plate 1,TN-Plate26,B4,VC_A0662
241125_171423_Plate 1,TN-Plate26,B5,VC_A0718
241125_171423_Plate 1,TN-Plate26,B6,VC_A0037
241125_171423_Plate 1,TN-Plate26,B7,VC_0249
241125_171423_Plate 1,TN-Plate26,B8,VC_1477
241125_171423_Plate 1,TN-Plate26,B9,VC_A0916
241125_171423_Plate 1,TN-Plate26,C1,VC_0272
241125_171423_Plate 1,TN-Plate26,C10,VC_1744
241125_171423_Plate 1,TN-Plate26,C11,VC_0648
241125_171423_Plate 1,TN-Plate26,C12,VC_0726
241125_171423_Plate 1,TN-Plate26,C2,VC_2373
241125_171423_Plate 1,TN-Plate26,C3,VC_1706
241125_171423_Plate 1,TN-Plate26,C4,VC_1568
241125_171423_Plate 1,TN-Plate26,C5,VC_1885
241125_171423_Plate 1,TN-Plate26,C6,VC_2184
241125_171423_Plate 1,TN-Plate26,C7,VC_A0294
241125_171423_Plate 1,TN-Plate26,C8,VC_1700
241125_171423_Plate 1,TN-Plate26,C9,VC_A1107
241125_171423_Plate 1,TN-Plate26,D1,VC_1238
241125_171423_Plate 1,TN-Plate26,D10,VC_0297
241125_171423_Plate 1,TN-Plate26,D11,VC_A0816
241125_171423_Plate 1,TN-Plate26,D12,VC_1880
241125_171423_Plate 1,TN-Plate26,D2,VC_1359
241125_171423_Plate 1,TN-Plate26,D3,VC_0754
241125_171423_Plate 1,TN-Plate26,D4,VC_2342
241125_171423_Plate 1,TN-Plate26,D5,VC_0694
241125_171423_Plate 1,TN-Plate26,D6,VC_0995
241125_171423_Plate 1,TN-Plate26,D7,VC_1282
241125_171423_Plate 1,TN-Plate26,D8,VC_0268
241125_171423_Plate 1,TN-Plate26,D9,VC_0473
241125_171423_Plate 1,TN-Plate26,E1,VC_A0183
241125_171423_Plate 1,TN-Plate26,E10,VC_1928
241125_171423_Plate 1,TN-Plate26,E11,VC_1063
241125_171423_Plate 1,TN-Plate26,E12,VC_0633
241125_171423_Plate 1,TN-Plate26,E2,VC_0210
241125_171423_Plate 1,TN-Plate26,E3,VC_1820
241125_171423_Plate 1,TN-Plate26,E4,VC_A1077
241125_171423_Plate 1,TN-Plate26,E5,VC_2568
241125_171423_Plate 1,TN-Plate26,E6,VC_0286
241125_171423_Plate 1,TN-Plate26,E7,VC_A0328
241125_171423_Plate 1,TN-Plate26,E8,VC_0903
241125_171423_Plate 1,TN-Plate26,E9,VC_0009
241125_171423_Plate 1,TN-Plate26,F1,VC_A0280
241125_171423_Plate 1,TN-Plate26,F10,VC_1994
241125_171423_Plate 1,TN-Plate26,F11,VC_1301
241125_171423_Plate 1,TN-Plate26,F12,VC_A0401
241125_171423_Plate 1,TN-Plate26,F2,VC_2093
241125_171423_Plate 1,TN-Plate26,F3,VC_1350
241125_171423_Plate 1,TN-Plate26,F4,VC_2280
241125_171423_Plate 1,TN-Plate26,F5,VC_1625
241125_171423_Plate 1,TN-Plate26,F6,VC_A0132
241125_171423_Plate 1,TN-Plate26,F7,VC_A0689
241125_171423_Plate 1,TN-Plate26,F8,VC_0841
241125_171423_Plate 1,TN-Plate26,F9,VC_0047
241125_171423_Plate 1,TN-Plate26,G1,VC_1712
241125_171423_Plate 1,TN-Plate26,G10,VC_0454
241125_171423_Plate 1,TN-Plate26,G11,VC_0695
241125_171423_Plate 1,TN-Plate26,G12,VC_1185
241125_171423_Plate 1,TN-Plate26,G2,VC_0144
241125_171423_Plate 1,TN-Plate26,G3,VC_1879
241125_171423_Plate 1,TN-Plate26,G4,VC_1892
241125_171423_Plate 1,TN-Plate26,G5,VC_0023
241125_171423_Plate 1,TN-Plate26,G6,VC_2679
241125_171423_Plate 1,TN-Plate26,G7,VC_0536
241125_171423_Plate 1,TN-Plate26,G8,VC_1963
241125_171423_Plate 1,TN-Plate26,G9,VC_0579
241125_171423_Plate 1,TN-Plate26,H1,VC_1333
241125_171423_Plate 1,TN-Plate26,H10,VC_1682
241125_171423_Plate 1,TN-Plate26,H11,VC_1862
241125_171423_Plate 1,TN-Plate26,H2,VC_A0674
241125_171423_Plate 1,TN-Plate26,H3,VC_1088
241125_171423_Plate 1,TN-Plate26,H4,VC_0057
241125_171423_Plate 1,TN-Plate26,H5,VC_0242
241125_171423_Plate 1,TN-Plate26,H6,VC_0281
241125_171423_Plate 1,TN-Plate26,H7,VC_2464
241125_171423_Plate 1,TN-Plate26,H8,VC_1046
241125_171423_Plate 1,TN-Plate26,H9,VC_0351
241127_132545_Plate 1,TN-Plate27,A1,VC_0178
241127_132545_Plate 1,TN-Plate27,A10,VC_0599
241127_132545_Plate 1,TN-Plate27,A11,VC_0463
241127_132545_Plate 1,TN-Plate27,A12,VC_A0875
241127_132545_Plate 1,TN-Plate27,A2,VC_0922
241127_132545_Plate 1,TN-Plate27,A3,VC_1099
241127_132545_Plate 1,TN-Plate27,A4,VC_A0094
241127_132545_Plate 1,TN-Plate27,A5,VC_0183
241127_132545_Plate 1,TN-Plate27,A6,VC_0432
241127_132545_Plate 1,TN-Plate27,A7,VC_2544
241127_132545_Plate 1,TN-Plate27,A8,VC_1622
241127_132545_Plate 1,TN-Plate27,A9,VC_1539
241127_132545_Plate 1,TN-Plate27,B1,VC_A1057
241127_132545_Plate 1,TN-Plate27,B10,VC_A0423
241127_132545_Plate 1,TN-Plate27,B11,VC_A0260
241127_132545_Plate 1,TN-Plate27,B12,VC_2554
241127_132545_Plate 1,TN-Plate27,B2,VC_A0792
241127_132545_Plate 1,TN-Plate27,B3,VC_2424
241127_132545_Plate 1,TN-Plate27,B4,VC_A0484
241127_132545_Plate 1,TN-Plate27,B5,VC_1917
241127_132545_Plate 1,TN-Plate27,B6,VC_1574
241127_132545_Plate 1,TN-Plate27,B7,VC_2126
241127_132545_Plate 1,TN-Plate27,B8,VC_A0264
241127_132545_Plate 1,TN-Plate27,B9,VC_0576
241127_132545_Plate 1,TN-Plate27,C1,VC_A0168
241127_132545_Plate 1,TN-Plate27,C10,VC_1459
241127_132545_Plate 1,TN-Plate27,C11,VC_1860
241127_132545_Plate 1,TN-Plate27,C12,VC_2635
241127_132545_Plate 1,TN-Plate27,C2,VC_2612
241127_132545_Plate 1,TN-Plate27,C3,VC_1425
241127_132545_Plate 1,TN-Plate27,C4,VC_A1039
241127_132545_Plate 1,TN-Plate27,C5,VC_0492
241127_132545_Plate 1,TN-Plate27,C6,VC_2439
241127_132545_Plate 1,TN-Plate27,C7,VC_2299
241127_132545_Plate 1,TN-Plate27,C8,VC_1995
241127_132545_Plate 1,TN-Plate27,C9,VC_A0615
241127_132545_Plate 1,TN-Plate27,D1,VC_0917
241127_132545_Plate 1,TN-Plate27,D10,VC_0659
241127_132545_Plate 1,TN-Plate27,D11,VC_A0888
241127_132545_Plate 1,TN-Plate27,D12,VC_2412
241127_132545_Plate 1,TN-Plate27,D2,VC_1348
241127_132545_Plate 1,TN-Plate27,D3,VC_A0079
241127_132545_Plate 1,TN-Plate27,D4,VC_A0985
241127_132545_Plate 1,TN-Plate27,D6,VC_A0974
241127_132545_Plate 1,TN-Plate27,D7,VC_2209
241127_132545_Plate 1,TN-Plate27,D8,VC_1782
241127_132545_Plate 1,TN-Plate27,D9,VC_A0756
241127_132545_Plate 1,TN-Plate27,E1,VC_2772
241127_132545_Plate 1,TN-Plate27,E10,VC_A0040
241127_132545_Plate 1,TN-Plate27,E11,VC_0240
241127_132545_Plate 1,TN-Plate27,E12,VC_0869
241127_132545_Plate 1,TN-Plate27,E2,VC_1747
241127_132545_Plate 1,TN-Plate27,E3,VC_2029
241127_132545_Plate 1,TN-Plate27,E4,VC_1428
241127_132545_Plate 1,TN-Plate27,E5,VC_A0919
241127_132545_Plate 1,TN-Plate27,E6,VC_1791
241127_132545_Plate 1,TN-Plate27,E7,VC_1144
241127_132545_Plate 1,TN-Plate27,E8,VC_A0654
241127_132545_Plate 1,TN-Plate27,E9,VC_2196
241127_132545_Plate 1,TN-Plate27,F1,VC_A1005
241127_132545_Plate 1,TN-Plate27,F10,VC_1591
241127_132545_Plate 1,TN-Plate27,F11,VC_1042
241127_132545_Plate 1,TN-Plate27,F12,VC_A1078
241127_132545_Plate 1,TN-Plate27,F2,VC_1945
241127_132545_Plate 1,TN-Plate27,F3,VC_0539
241127_132545_Plate 1,TN-Plate27,F4,VC_A0715
241127_132545_Plate 1,TN-Plate27,F5,VC_A0980
241127_132545_Plate 1,TN-Plate27,F6,VC_2757
241127_132545_Plate 1,TN-Plate27,F7,VC_2619
241127_132545_Plate 1,TN-Plate27,F8,VC_0299
241127_132545_Plate 1,TN-Plate27,F9,VC_2629
241127_132545_Plate 1,TN-Plate27,G1,VC_A0222
241127_132545_Plate 1,TN-Plate27,G10,VC_0976
241127_132545_Plate 1,TN-Plate27,G11,VC_1973
241127_132545_Plate 1,TN-Plate27,G12,VC_0361
241127_132545_Plate 1,TN-Plate27,G2,VC_0118
241127_132545_Plate 1,TN-Plate27,G3,VC_A0278
241127_132545_Plate 1,TN-Plate27,G4,VC_A0104
241127_132545_Plate 1,TN-Plate27,G5,VC_0842
241127_132545_Plate 1,TN-Plate27,G6,VC_1346
241127_132545_Plate 1,TN-Plate27,G7,VC_1975
241127_132545_Plate 1,TN-Plate27,G8,VC_A0967
241127_132545_Plate 1,TN-Plate27,G9,VC_1755
241127_132545_Plate 1,TN-Plate27,H1,VC_0428
241127_132545_Plate 1,TN-Plate27,H10,VC_A1020
241127_132545_Plate 1,TN-Plate27,H11,VC_A0205
241127_132545_Plate 1,TN-Plate27,H12,VC_0862
241127_132545_Plate 1,TN-Plate27,H2,VC_A0003
241127_132545_Plate 1,TN-Plate27,H3,VC_A0035
241127_132545_Plate 1,TN-Plate27,H4,VC_0700
241127_132545_Plate 1,TN-Plate27,H5,VC_A0395
241127_132545_Plate 1,TN-Plate27,H6,VC_A0048
241127_132545_Plate 1,TN-Plate27,H7,VC_A0925
241127_132545_Plate 1,TN-Plate27,H8,VC_2441
241127_132545_Plate 1,TN-Plate27,H9,VC_2365
241127_134524_Plate 1,TN-Plate28,A1,VC_2283
241127_134524_Plate 1,TN-Plate28,A10,VC_0770
241127_134524_Plate 1,TN-Plate28,A11,VC_0425
241127_134524_Plate 1,TN-Plate28,A12,VC_A0586
241127_134524_Plate 1,TN-Plate28,A2,VC_2276
241127_134524_Plate 1,TN-Plate28,A3,VC_1109
241127_134524_Plate 1,TN-Plate28,A4,VC_A1044
241127_134524_Plate 1,TN-Plate28,A5,VC_1929
241127_134524_Plate 1,TN-Plate28,A6,VC_A0236
241127_134524_Plate 1,TN-Plate28,A7,VC_1244
241127_134524_Plate 1,TN-Plate28,A8,VC_0501
241127_134524_Plate 1,TN-Plate28,A9,VC_1710
241127_134524_Plate 1,TN-Plate28,B1,VC_0979
241127_134524_Plate 1,TN-Plate28,B10,VC_0173
241127_134524_Plate 1,TN-Plate28,B11,VC_2345
241127_134524_Plate 1,TN-Plate28,B12,VC_2237
241127_134524_Plate 1,TN-Plate28,B2,VC_A0487
241127_134524_Plate 1,TN-Plate28,B3,VC_0509
241127_134524_Plate 1,TN-Plate28,B4,VC_0265
241127_134524_Plate 1,TN-Plate28,B5,VC_A0745
241127_134524_Plate 1,TN-Plate28,B6,VC_A0225
241127_134524_Plate 1,TN-Plate28,B7,VC_0474
241127_134524_Plate 1,TN-Plate28,B8,VC_1127
241127_134524_Plate 1,TN-Plate28,B9,VC_0166
241127_134524_Plate 1,TN-Plate28,C1,VC_2723
241127_134524_Plate 1,TN-Plate28,C10,VC_1993
241127_134524_Plate 1,TN-Plate28,C11,VC_2006
241127_134524_Plate 1,TN-Plate28,C12,VC_2504
241127_134524_Plate 1,TN-Plate28,C2,VC_2297
241127_134524_Plate 1,TN-Plate28,C3,VC_1116
241127_134524_Plate 1,TN-Plate28,C4,VC_A1013
241127_134524_Plate 1,TN-Plate28,C5,VC_0450
241127_134524_Plate 1,TN-Plate28,C6,VC_A0849
241127_134524_Plate 1,TN-Plate28,C7,VC_A0779
241127_134524_Plate 1,TN-Plate28,C8,VC_A0075
241127_134524_Plate 1,TN-Plate28,C9,VC_A0058
241127_134524_Plate 1,TN-Plate28,D1,VC_2617
241127_134524_Plate 1,TN-Plate28,D10,VC_0345
241127_134524_Plate 1,TN-Plate28,D11,VC_A0504
241127_134524_Plate 1,TN-Plate28,D12,VC_A0744
241127_134524_Plate 1,TN-Plate28,D2,VC_0146
241127_134524_Plate 1,TN-Plate28,D3,VC_A0029
241127_134524_Plate 1,TN-Plate28,D4,VC_0516
241127_134524_Plate 1,TN-Plate28,D5,VC_A0981
241127_134524_Plate 1,TN-Plate28,D6,VC_1685
241127_134524_Plate 1,TN-Plate28,D7,VC_0884
241127_134524_Plate 1,TN-Plate28,D8,VC_1336
241127_134524_Plate 1,TN-Plate28,D9,VC_2548
241127_134524_Plate 1,TN-Plate28,E1,VC_1980
241127_134524_Plate 1,TN-Plate28,E10,VC_0585
241127_134524_Plate 1,TN-Plate28,E11,VC_0031
241127_134524_Plate 1,TN-Plate28,E12,VC_A0663
241127_134524_Plate 1,TN-Plate28,E2,VC_A0703
241127_134524_Plate 1,TN-Plate28,E3,VC_2725
241127_134524_Plate 1,TN-Plate28,E4,VC_1136
241127_134524_Plate 1,TN-Plate28,E5,VC_A0949
241127_134524_Plate 1,TN-Plate28,E6,VC_0639
241127_134524_Plate 1,TN-Plate28,E7,VC_1745
241127_134524_Plate 1,TN-Plate28,E8,VC_2070
241127_134524_Plate 1,TN-Plate28,E9,VC_A0778
241127_134524_Plate 1,TN-Plate28,F1,VC_A0122
241127_134524_Plate 1,TN-Plate28,F10,VC_A0344
241127_134524_Plate 1,TN-Plate28,F11,VC_0722
241127_134524_Plate 1,TN-Plate28,F12,VC_A0738
241127_134524_Plate 1,TN-Plate28,F2,VC_1089
241127_134524_Plate 1,TN-Plate28,F3,VC_A0893
241127_134524_Plate 1,TN-Plate28,F4,VC_A0764
241127_134524_Plate 1,TN-Plate28,F5,VC_2549
241127_134524_Plate 1,TN-Plate28,F6,VC_0018
241127_134524_Plate 1,TN-Plate28,F7,VC_1655
241127_134524_Plate 1,TN-Plate28,F8,VC_2162
241127_134524_Plate 1,TN-Plate28,F9,VC_0758
241127_134524_Plate 1,TN-Plate28,G1,VC_A0095
241127_134524_Plate 1,TN-Plate28,G10,VC_2055
241127_134524_Plate 1,TN-Plate28,G11,VC_2529
241127_134524_Plate 1,TN-Plate28,G12,VC_0488
241127_134524_Plate 1,TN-Plate28,G2,VC_0490
241127_134524_Plate 1,TN-Plate28,G3,VC_2671
241127_134524_Plate 1,TN-Plate28,G4,VC_0439
241127_134524_Plate 1,TN-Plate28,G5,VC_0983
241127_134524_Plate 1,TN-Plate28,G6,VC_1029
241127_134524_Plate 1,TN-Plate28,G7,VC_1951
241127_134524_Plate 1,TN-Plate28,G8,VC_A0464
241127_134524_Plate 1,TN-Plate28,G9,VC_2455
241127_134524_Plate 1,TN-Plate28,H1,VC_2521
241127_134524_Plate 1,TN-Plate28,H10,VC_A0963
241127_134524_Plate 1,TN-Plate28,H11,VC_0538
241127_134524_Plate 1,TN-Plate28,H12,VC_2091
241127_134524_Plate 1,TN-Plate28,H2,VC_0094
241127_134524_Plate 1,TN-Plate28,H3,VC_A0506
241127_134524_Plate 1,TN-Plate28,H4,VC_2264
241127_134524_Plate 1,TN-Plate28,H5,VC_2083
241127_134524_Plate 1,TN-Plate28,H6,VC_2749
241127_134524_Plate 1,TN-Plate28,H7,VC_2363
241127_134524_Plate 1,TN-Plate28,H8,VC_2518
241127_134524_Plate 1,TN-Plate28,H9,VC_2048
241127_140542_Plate 1,TN-Plate29,A1,VC_A0969
241127_140542_Plate 1,TN-Plate29,A10,VC_2389
241127_140542_Plate 1,TN-Plate29,A11,VC_1533
241127_140542_Plate 1,TN-Plate29,A12,VC_A0340
241127_140542_Plate 1,TN-Plate29,A2,VC_0725
241127_140542_Plate 1,TN-Plate29,A3,VC_A0203
241127_140542_Plate 1,TN-Plate29,A4,VC_1225
241127_140542_Plate 1,TN-Plate29,A5,VC_2646
241127_140542_Plate 1,TN-Plate29,A6,VC_0213
241127_140542_Plate 1,TN-Plate29,A7,VC_2037
241127_140542_Plate 1,TN-Plate29,A8,VC_0556
241127_140542_Plate 1,TN-Plate29,A9,VC_2135
241127_140542_Plate 1,TN-Plate29,B1,VC_0149
241127_140542_Plate 1,TN-Plate29,B10,VC_0692
241127_140542_Plate 1,TN-Plate29,B11,VC_A0100
241127_140542_Plate 1,TN-Plate29,B12,VC_0051
241127_140542_Plate 1,TN-Plate29,B2,VC_0206
241127_140542_Plate 1,TN-Plate29,B3,VC_1684
241127_140542_Plate 1,TN-Plate29,B4,VC_1690
241127_140542_Plate 1,TN-Plate29,B5,VC_A0232
241127_140542_Plate 1,TN-Plate29,B7,VC_2001
241127_140542_Plate 1,TN-Plate29,B8,VC_1758
241127_140542_Plate 1,TN-Plate29,B9,VC_2035
241127_140542_Plate 1,TN-Plate29,C1,VC_A0751
241127_140542_Plate 1,TN-Plate29,C10,VC_A0375
241127_140542_Plate 1,TN-Plate29,C11,VC_A0817
241127_140542_Plate 1,TN-Plate29,C12,VC_2174
241127_140542_Plate 1,TN-Plate29,C2,VC_2166
241127_140542_Plate 1,TN-Plate29,C3,VC_A1083
241127_140542_Plate 1,TN-Plate29,C4,VC_1294
241127_140542_Plate 1,TN-Plate29,C5,VC_1944
241127_140542_Plate 1,TN-Plate29,C6,VC_A0200
241127_140542_Plate 1,TN-Plate29,C7,VC_0088
241127_140542_Plate 1,TN-Plate29,C8,VC_0745
241127_140542_Plate 1,TN-Plate29,C9,VC_A0299
241127_140542_Plate 1,TN-Plate29,D1,VC_A0754
241127_140542_Plate 1,TN-Plate29,D10,VC_0348
241127_140542_Plate 1,TN-Plate29,D11,VC_0552
241127_140542_Plate 1,TN-Plate29,D12,VC_0762
241127_140542_Plate 1,TN-Plate29,D2,VC_0230
241127_140542_Plate 1,TN-Plate29,D3,VC_2103
241127_140542_Plate 1,TN-Plate29,D4,VC_0918
241127_140542_Plate 1,TN-Plate29,D5,VC_0064
241127_140542_Plate 1,TN-Plate29,D7,VC_A1033
241127_140542_Plate 1,TN-Plate29,D8,VC_1337
241127_140542_Plate 1,TN-Plate29,D9,VC_A0195
241127_140542_Plate 1,TN-Plate29,E1,VC_0793
241127_140542_Plate 1,TN-Plate29,E10,VC_0407
241127_140542_Plate 1,TN-Plate29,E11,VC_A0930
241127_140542_Plate 1,TN-Plate29,E12,VC_A0907
241127_140542_Plate 1,TN-Plate29,E2,VC_A0858
241127_140542_Plate 1,TN-Plate29,E3,VC_0003
241127_140542_Plate 1,TN-Plate29,E4,VC_0757
241127_140542_Plate 1,TN-Plate29,E5,VC_A0814
241127_140542_Plate 1,TN-Plate29,E6,VC_0132
241127_140542_Plate 1,TN-Plate29,E8,VC_1519
241127_140542_Plate 1,TN-Plate29,F1,VC_1131
241127_140542_Plate 1,TN-Plate29,F10,VC_0813
241127_140542_Plate 1,TN-Plate29,F11,VC_0471
241127_140542_Plate 1,TN-Plate29,F12,VC_2485
241127_140542_Plate 1,TN-Plate29,F2,VC_1953
241127_140542_Plate 1,TN-Plate29,F3,VC_A0416
241127_140542_Plate 1,TN-Plate29,F4,VC_2507
241127_140542_Plate 1,TN-Plate29,F5,VC_A0605
241127_140542_Plate 1,TN-Plate29,F6,VC_1328
241127_140542_Plate 1,TN-Plate29,F8,VC_2620
241127_140542_Plate 1,TN-Plate29,F9,VC_2716
241127_140542_Plate 1,TN-Plate29,G1,VC_0226
241127_140542_Plate 1,TN-Plate29,G10,VC_1759
241127_140542_Plate 1,TN-Plate29,G11,VC_0557
241127_140542_Plate 1,TN-Plate29,G12,VC_0699
241127_140542_Plate 1,TN-Plate29,G2,VC_A0204
241127_140542_Plate 1,TN-Plate29,G3,VC_A1104
241127_140542_Plate 1,TN-Plate29,G4,VC_0835
241127_140542_Plate 1,TN-Plate29,G5,VC_2185
241127_140542_Plate 1,TN-Plate29,G6,VC_2110
241127_140542_Plate 1,TN-Plate29,G7,VC_0590
241127_140542_Plate 1,TN-Plate29,G8,VC_1339
241127_140542_Plate 1,TN-Plate29,G9,VC_A0013
241127_140542_Plate 1,TN-Plate29,H1,VC_A1045
241127_140542_Plate 1,TN-Plate29,H10,VC_A0850
241127_140542_Plate 1,TN-Plate29,H11,VC_A0016
241127_140542_Plate 1,TN-Plate29,H12,VC_0457
241127_140542_Plate 1,TN-Plate29,H2,VC_2229
241127_140542_Plate 1,TN-Plate29,H4,VC_0734
241127_140542_Plate 1,TN-Plate29,H5,VC_2155
241127_140542_Plate 1,TN-Plate29,H6,VC_A0139
241127_140542_Plate 1,TN-Plate29,H7,VC_A0056
241127_140542_Plate 1,TN-Plate29,H8,VC_0791
241127_140542_Plate 1,TN-Plate29,H9,VC_2349
241204_155402_Plate 1,TN-Plate30,A1,VC_2042
241204_155402_Plate 1,TN-Plate30,A10,VC_A0739
241204_155402_Plate 1,TN-Plate30,A11,VC_A0378
241204_155402_Plate 1,TN-Plate30,A12,VC_1920
241204_155402_Plate 1,TN-Plate30,A2,VC_1513
241204_155402_Plate 1,TN-Plate30,A3,VC_A1094
241204_155402_Plate 1,TN-Plate30,A4,VC_1066
241204_155402_Plate 1,TN-Plate30,A5,VC_1023
241204_155402_Plate 1,TN-Plate30,A6,VC_0460
241204_155402_Plate 1,TN-Plate30,A7,VC_A0812
241204_155402_Plate 1,TN-Plate30,A8,VC_0959
241204_155402_Plate 1,TN-Plate30,A9,VC_2335
241204_155402_Plate 1,TN-Plate30,B1,VC_1936
241204_155402_Plate 1,TN-Plate30,B10,VC_A0717
241204_155402_Plate 1,TN-Plate30,B11,VC_0305
241204_155402_Plate 1,TN-Plate30,B12,VC_1451
241204_155402_Plate 1,TN-Plate30,B2,VC_1718
241204_155402_Plate 1,TN-Plate30,B3,VC_1035
241204_155402_Plate 1,TN-Plate30,B4,VC_1935
241204_155402_Plate 1,TN-Plate30,B5,VC_A0887
241204_155402_Plate 1,TN-Plate30,B6,VC_A0844/VC_A0845
241204_155402_Plate 1,TN-Plate30,B7,VC_1298
241204_155402_Plate 1,TN-Plate30,B8,VC_0398
241204_155402_Plate 1,TN-Plate30,C1,VC_1326
241204_155402_Plate 1,TN-Plate30,C10,VC_2560
241204_155402_Plate 1,TN-Plate30,C11,VC_0860
241204_155402_Plate 1,TN-Plate30,C12,VC_1658
241204_155402_Plate 1,TN-Plate30,C2,VC_0761
241204_155402_Plate 1,TN-Plate30,C3,VC_0653
241204_155402_Plate 1,TN-Plate30,C4,VC_1105
241204_155402_Plate 1,TN-Plate30,C5,VC_1702
241204_155402_Plate 1,TN-Plate30,C6,VC_A0254
241204_155402_Plate 1,TN-Plate30,C7,VC_1111
241204_155402_Plate 1,TN-Plate30,C8,VC_A0153
241204_155402_Plate 1,TN-Plate30,C9,VC_1132
241204_155402_Plate 1,TN-Plate30,D1,VC_0768
241204_155402_Plate 1,TN-Plate30,D10,VC_1934
241204_155402_Plate 1,TN-Plate30,D11,VC_2687
241204_155402_Plate 1,TN-Plate30,D12,VC_A1019
241204_155402_Plate 1,TN-Plate30,D2,VC_2383
241204_155402_Plate 1,TN-Plate30,D3,VC_A0076
241204_155402_Plate 1,TN-Plate30,D4,VC_0330
241204_155402_Plate 1,TN-Plate30,D5,VC_0607
241204_155402_Plate 1,TN-Plate30,D6,VC_0081
241204_155402_Plate 1,TN-Plate30,D7,VC_2670
241204_155402_Plate 1,TN-Plate30,D8,VC_0815
241204_155402_Plate 1,TN-Plate30,D9,VC_2535
241204_155402_Plate 1,TN-Plate30,E1,VC_2352
241204_155402_Plate 1,TN-Plate30,E10,VC_2557
241204_155402_Plate 1,TN-Plate30,E11,VC_1735
241204_155402_Plate 1,TN-Plate30,E12,VC_1842
241204_155402_Plate 1,TN-Plate30,E2,VC_0852
241204_155402_Plate 1,TN-Plate30,E3,VC_0661
241204_155402_Plate 1,TN-Plate30,E4,VC_0080
241204_155402_Plate 1,TN-Plate30,E5,VC_A0400
241204_155402_Plate 1,TN-Plate30,E7,VC_1369
241204_155402_Plate 1,TN-Plate30,E8,VC_0670
241204_155402_Plate 1,TN-Plate30,F1,VC_0285
241204_155402_Plate 1,TN-Plate30,F10,VC_0905
241204_155402_Plate 1,TN-Plate30,F11,VC_1014
241204_155402_Plate 1,TN-Plate30,F12,VC_0259
241204_155402_Plate 1,TN-Plate30,F2,VC_2143
241204_155402_Plate 1,TN-Plate30,F3,VC_0999
241204_155402_Plate 1,TN-Plate30,F4,VC_2458
241204_155402_Plate 1,TN-Plate30,F5,VC_2630
241204_155402_Plate 1,TN-Plate30,F6,VC_2622
241204_155402_Plate 1,TN-Plate30,F7,VC_2440
241204_155402_Plate 1,TN-Plate30,F8,VC_1604
241204_155402_Plate 1,TN-Plate30,F9,VC_A0955
241204_155402_Plate 1,TN-Plate30,G1,VC_1048
241204_155402_Plate 1,TN-Plate30,G10,VC_0929
241204_155402_Plate 1,TN-Plate30,G11,VC_1367
241204_155402_Plate 1,TN-Plate30,G12,VC_A0110
241204_155402_Plate 1,TN-Plate30,G2,VC_0133
241204_155402_Plate 1,TN-Plate30,G3,VC_1675
241204_155402_Plate 1,TN-Plate30,G4,VC_0540
241204_155402_Plate 1,TN-Plate30,G5,VC_2097
241204_155402_Plate 1,TN-Plate30,G6,VC_0401
241204_155402_Plate 1,TN-Plate30,G8,VC_1829
241204_155402_Plate 1,TN-Plate30,G9,VC_1769
241204_155402_Plate 1,TN-Plate30,H1,VC_A0490
241204_155402_Plate 1,TN-Plate30,H10,VC_A0454
241204_155402_Plate 1,TN-Plate30,H11,VC_1102
241204_155402_Plate 1,TN-Plate30,H2,VC_2360
241204_155402_Plate 1,TN-Plate30,H3,VC_A0235
241204_155402_Plate 1,TN-Plate30,H4,VC_A0284
241204_155402_Plate 1,TN-Plate30,H5,VC_0036
241204_155402_Plate 1,TN-Plate30,H6,VC_1284
241204_155402_Plate 1,TN-Plate30,H7,VC_0847
241204_155402_Plate 1,TN-Plate30,H8,VC_2208
241204_155402_Plate 1,TN-Plate30,H9,VC_1779
241204_161458_Plate 1,TN-Plate31,A1,VC_0100
241204_161458_Plate 1,TN-Plate31,A10,VC_A0263
241204_161458_Plate 1,TN-Plate31,A11,VC_A1089
241204_161458_Plate 1,TN-Plate31,A12,VC_0263
241204_161458_Plate 1,TN-Plate31,A2,VC_1976
241204_161458_Plate 1,TN-Plate31,A3,VC_2104
241204_161458_Plate 1,TN-Plate31,A4,VC_2750
241204_161458_Plate 1,TN-Plate31,A5,VC_A0155
241204_161458_Plate 1,TN-Plate31,A6,VC_0658
241204_161458_Plate 1,TN-Plate31,A7,VC_0941
241204_161458_Plate 1,TN-Plate31,A8,VC_1115
241204_161458_Plate 1,TN-Plate31,A9,VC_A0316
241204_161458_Plate 1,TN-Plate31,B1,VC_1024
241204_161458_Plate 1,TN-Plate31,B10,VC_A0594
241204_161458_Plate 1,TN-Plate31,B11,VC_0657
241204_161458_Plate 1,TN-Plate31,B12,VC_2188
241204_161458_Plate 1,TN-Plate31,B2,VC_0239
241204_161458_Plate 1,TN-Plate31,B3,VC_2470
241204_161458_Plate 1,TN-Plate31,B4,VC_2227
241204_161458_Plate 1,TN-Plate31,B5,VC_A1027
241204_161458_Plate 1,TN-Plate31,B7,VC_0816
241204_161458_Plate 1,TN-Plate31,B8,VC_A1004
241204_161458_Plate 1,TN-Plate31,C1,VC_A0327
241204_161458_Plate 1,TN-Plate31,C10,VC_0392
241204_161458_Plate 1,TN-Plate31,C11,VC_A0639
241204_161458_Plate 1,TN-Plate31,C12,VC_0273
241204_161458_Plate 1,TN-Plate31,C2,VC_0156
241204_161458_Plate 1,TN-Plate31,C3,VC_A0078
241204_161458_Plate 1,TN-Plate31,C4,VC_2065
241204_161458_Plate 1,TN-Plate31,C5,VC_A0458
241204_161458_Plate 1,TN-Plate31,C6,VC_A1046
241204_161458_Plate 1,TN-Plate31,C7,VC_1080
241204_161458_Plate 1,TN-Plate31,C8,VC_A0270
241204_161458_Plate 1,TN-Plate31,C9,VC_2304
241204_161458_Plate 1,TN-Plate31,D1,VC_A0743
241204_161458_Plate 1,TN-Plate31,D10,VC_A0025
241204_161458_Plate 1,TN-Plate31,D11,VC_2337
241204_161458_Plate 1,TN-Plate31,D12,VC_1003
241204_161458_Plate 1,TN-Plate31,D3,VC_2226
241204_161458_Plate 1,TN-Plate31,D4,VC_2697
241204_161458_Plate 1,TN-Plate31,D5,VC_1855
241204_161458_Plate 1,TN-Plate31,D6,VC_1353
241204_161458_Plate 1,TN-Plate31,D7,VC_2384
241204_161458_Plate 1,TN-Plate31,D8,VC_0060
241204_161458_Plate 1,TN-Plate31,D9,VC_A1024
241204_161458_Plate 1,TN-Plate31,E1,VC_2130
241204_161458_Plate 1,TN-Plate31,E10,VC_A0903
241204_161458_Plate 1,TN-Plate31,E11,VC_2693
241204_161458_Plate 1,TN-Plate31,E12,VC_0628
241204_161458_Plate 1,TN-Plate31,E2,VC_A0229
241204_161458_Plate 1,TN-Plate31,E3,VC_2615
241204_161458_Plate 1,TN-Plate31,E4,VC_0209
241204_161458_Plate 1,TN-Plate31,E5,VC_2338
241204_161458_Plate 1,TN-Plate31,E6,VC_A0036
241204_161458_Plate 1,TN-Plate31,E7,VC_0406
241204_161458_Plate 1,TN-Plate31,E8,VC_1799
241204_161458_Plate 1,TN-Plate31,E9,VC_1123
241204_161458_Plate 1,TN-Plate31,F1,VC_A0063
241204_161458_Plate 1,TN-Plate31,F10,VC_1671
241204_161458_Plate 1,TN-Plate31,F11,VC_1594
241204_161458_Plate 1,TN-Plate31,F12,VC_A0135
241204_161458_Plate 1,TN-Plate31,F2,VC_A0214
241204_161458_Plate 1,TN-Plate31,F3,VC_1857
241204_161458_Plate 1,TN-Plate31,F4,VC_A0984
241204_161458_Plate 1,TN-Plate31,F5,VC_0413
241204_161458_Plate 1,TN-Plate31,F6,VC_A1058
241204_161458_Plate 1,TN-Plate31,F7,VC_2667
241204_161458_Plate 1,TN-Plate31,F8,VC_0127
241204_161458_Plate 1,TN-Plate31,F9,VC_0615
241204_161458_Plate 1,TN-Plate31,G1,VC_1691
241204_161458_Plate 1,TN-Plate31,G10,VC_2743
241204_161458_Plate 1,TN-Plate31,G11,VC_0140
241204_161458_Plate 1,TN-Plate31,G12,VC_2114
241204_161458_Plate 1,TN-Plate31,G2,VC_0525
241204_161458_Plate 1,TN-Plate31,G3,VC_2491
241204_161458_Plate 1,TN-Plate31,G4,VC_0951
241204_161458_Plate 1,TN-Plate31,G5,VC_0142
241204_161458_Plate 1,TN-Plate31,G6,VC_1633
241204_161458_Plate 1,TN-Plate31,G7,VC_A1085
241204_161458_Plate 1,TN-Plate31,G8,VC_2613
241204_161458_Plate 1,TN-Plate31,G9,VC_0165
241204_161458_Plate 1,TN-Plate31,H1,VC_0723
241204_161458_Plate 1,TN-Plate31,H10,VC_1572
241204_161458_Plate 1,TN-Plate31,H11,VC_A0799
241204_161458_Plate 1,TN-Plate31,H12,VC_1036
241204_161458_Plate 1,TN-Plate31,H2,VC_A0733
241204_161458_Plate 1,TN-Plate31,H3,VC_A1010
241204_161458_Plate 1,TN-Plate31,H4,VC_A1048
241204_161458_Plate 1,TN-Plate31,H5,VC_2057
241204_161458_Plate 1,TN-Plate31,H6,VC_1773
241204_161458_Plate 1,TN-Plate31,H7,VC_0964
241204_161458_Plate 1,TN-Plate31,H8,VC_2115
241204_161458_Plate 1,TN-Plate31,H9,VC_2650
241204_163429_Plate 1,TN-Plate32,A1,VC_2413
241204_163429_Plate 1,TN-Plate32,A10,VC_0198
241204_163429_Plate 1,TN-Plate32,A11,VC_0134
241204_163429_Plate 1,TN-Plate32,A12,VC_1049
241204_163429_Plate 1,TN-Plate32,A2,VC_1199
241204_163429_Plate 1,TN-Plate32,A3,VC_A0635
241204_163429_Plate 1,TN-Plate32,A4,VC_0257/VC_1789/VC_A0371/VC_A0508/VC_A0791
241204_163429_Plate 1,TN-Plate32,A5,VC_1146
241204_163429_Plate 1,TN-Plate32,A6,VC_1148
241204_163429_Plate 1,TN-Plate32,A7,VC_0266
241204_163429_Plate 1,TN-Plate32,A8,VC_0848
241204_163429_Plate 1,TN-Plate32,A9,VC_2076
241204_163429_Plate 1,TN-Plate32,B11,VC_1164
241204_163429_Plate 1,TN-Plate32,B12,VC_0228
241204_163429_Plate 1,TN-Plate32,B2,VC_1447
241204_163429_Plate 1,TN-Plate32,B3,VC_1009
241204_163429_Plate 1,TN-Plate32,B4,VC_1762
241204_163429_Plate 1,TN-Plate32,B5,VC_2300
241204_163429_Plate 1,TN-Plate32,B6,VC_2374
241204_163429_Plate 1,TN-Plate32,B7,VC_A0041
241204_163429_Plate 1,TN-Plate32,B8,VC_1161
241204_163429_Plate 1,TN-Plate32,B9,VC_1501
241204_163429_Plate 1,TN-Plate32,C1,VC_2645
241204_163429_Plate 1,TN-Plate32,C10,VC_A1009
241204_163429_Plate 1,TN-Plate32,C11,VC_A0156
241204_163429_Plate 1,TN-Plate32,C12,VC_2502
241204_163429_Plate 1,TN-Plate32,C2,VC_0899
241204_163429_Plate 1,TN-Plate32,C3,VC_0065
241204_163429_Plate 1,TN-Plate32,C4,VC_1643
241204_163429_Plate 1,TN-Plate32,C5,VC_A0606
241204_163429_Plate 1,TN-Plate32,C6,VC_0028
241204_163429_Plate 1,TN-Plate32,C7,VC_1516
241204_163429_Plate 1,TN-Plate32,C8,VC_0622
241204_163429_Plate 1,TN-Plate32,C9,VC_0906
241204_163429_Plate 1,TN-Plate32,D1,VC_1740
241204_163429_Plate 1,TN-Plate32,D11,VC_2059
241204_163429_Plate 1,TN-Plate32,D12,VC_2027
241204_163429_Plate 1,TN-Plate32,D2,VC_2720
241204_163429_Plate 1,TN-Plate32,D3,VC_2621
241204_163429_Plate 1,TN-Plate32,D4,VC_A0144
241204_163429_Plate 1,TN-Plate32,D5,VC_2664
241204_163429_Plate 1,TN-Plate32,D6,VC_2715
241204_163429_Plate 1,TN-Plate32,D7,VC_2711
241204_163429_Plate 1,TN-Plate32,D8,VC_A0819
241204_163429_Plate 1,TN-Plate32,D9,VC_A0090
241204_163429_Plate 1,TN-Plate32,E1,VC_A0678
241204_163429_Plate 1,TN-Plate32,E11,VC_0107
241204_163429_Plate 1,TN-Plate32,E2,VC_A0781
241204_163429_Plate 1,TN-Plate32,E3,VC_1343
241204_163429_Plate 1,TN-Plate32,E4,VC_2064
241204_163429_Plate 1,TN-Plate32,E5,VC_0303
241204_163429_Plate 1,TN-Plate32,E6,VC_1121
241204_163429_Plate 1,TN-Plate32,E7,VC_1641
241204_163429_Plate 1,TN-Plate32,E8,VC_1424
241204_163429_Plate 1,TN-Plate32,E9,VC_A0862
241204_163429_Plate 1,TN-Plate32,F1,VC_0801
241204_163429_Plate 1,TN-Plate32,F10,VC_2186
241204_163429_Plate 1,TN-Plate32,F11,VC_2094
241204_163429_Plate 1,TN-Plate32,F2,VC_0300
241204_163429_Plate 1,TN-Plate32,F3,VC_A0071
241204_163429_Plate 1,TN-Plate32,F4,VC_2434
241204_163429_Plate 1,TN-Plate32,F5,VC_A1030
241204_163429_Plate 1,TN-Plate32,F6,VC_2203
241204_163429_Plate 1,TN-Plate32,F7,VC_A0187
241204_163429_Plate 1,TN-Plate32,F8,VC_0311
241204_163429_Plate 1,TN-Plate32,F9,VC_2279
241204_163429_Plate 1,TN-Plate32,G1,VC_1081
241204_163429_Plate 1,TN-Plate32,G10,VC_A0189
241204_163429_Plate 1,TN-Plate32,G11,VC_1182
241204_163429_Plate 1,TN-Plate32,G2,VC_1659
241204_163429_Plate 1,TN-Plate32,G3,VC_0164
241204_163429_Plate 1,TN-Plate32,G4,VC_0476
241204_163429_Plate 1,TN-Plate32,G5,VC_A0223
241204_163429_Plate 1,TN-Plate32,G6,VC_2220
241204_163429_Plate 1,TN-Plate32,G7,VC_1931
241204_163429_Plate 1,TN-Plate32,G8,VC_0244
241204_163429_Plate 1,TN-Plate32,G9,VC_A0175
241204_163429_Plate 1,TN-Plate32,H1,VC_A0575
241204_163429_Plate 1,TN-Plate32,H10,VC_1652
241204_163429_Plate 1,TN-Plate32,H11,VC_2477
241204_163429_Plate 1,TN-Plate32,H2,VC_0467
241204_163429_Plate 1,TN-Plate32,H3,VC_2376
241204_163429_Plate 1,TN-Plate32,H4,VC_A0944
241204_163429_Plate 1,TN-Plate32,H5,VC_1749
241204_163429_Plate 1,TN-Plate32,H6,VC_0135
241204_163429_Plate 1,TN-Plate32,H7,VC_2009
241204_163429_Plate 1,TN-Plate32,H8,VC_1071
241204_163429_Plate 1,TN-Plate32,H9,VC_2330
241206_160738_Plate 1,TN-Plate33,A1,VC_2746
241206_160738_Plate 1,TN-Plate33,A10,VC_1113
241206_160738_Plate 1,TN-Plate33,A11,VC_1279
241206_160738_Plate 1,TN-Plate33,A2,VC_A0912
241206_160738_Plate 1,TN-Plate33,A3,VC_A0325
241206_160738_Plate 1,TN-Plate33,A4,VC_1921
241206_160738_Plate 1,TN-Plate33,A5,VC_2207
241206_160738_Plate 1,TN-Plate33,A6,VC_0766
241206_160738_Plate 1,TN-Plate33,A7,VC_0379
241206_160738_Plate 1,TN-Plate33,A8,VC_1806
241206_160738_Plate 1,TN-Plate33,A9,VC_2600
241206_160738_Plate 1,TN-Plate33,B1,VC_1575
241206_160738_Plate 1,TN-Plate33,B10,VC_2234
241206_160738_Plate 1,TN-Plate33,B11,VC_A0368
241206_160738_Plate 1,TN-Plate33,B2,VC_1960
241206_160738_Plate 1,TN-Plate33,B3,VC_0238
241206_160738_Plate 1,TN-Plate33,B4,VC_1254
241206_160738_Plate 1,TN-Plate33,B5,VC_A1092
241206_160738_Plate 1,TN-Plate33,B6,VC_1228
241206_160738_Plate 1,TN-Plate33,B7,VC_A0818
241206_160738_Plate 1,TN-Plate33,B8,VC_0374
241206_160738_Plate 1,TN-Plate33,B9,VC_0998
241206_160738_Plate 1,TN-Plate33,C1,VC_1213
241206_160738_Plate 1,TN-Plate33,C10,VC_1460
241206_160738_Plate 1,TN-Plate33,C11,VC_A0813
241206_160738_Plate 1,TN-Plate33,C2,VC_0030
241206_160738_Plate 1,TN-Plate33,C3,VC_A0666
241206_160738_Plate 1,TN-Plate33,C4,VC_2685
241206_160738_Plate 1,TN-Plate33,C5,VC_A0084
241206_160738_Plate 1,TN-Plate33,C6,VC_1162
241206_160738_Plate 1,TN-Plate33,C7,VC_0280
241206_160738_Plate 1,TN-Plate33,C8,VC_1651
241206_160738_Plate 1,TN-Plate33,C9,VC_A0965
241206_160738_Plate 1,TN-Plate33,D1,VC_A0619
241206_160738_Plate 1,TN-Plate33,D10,VC_1545
241206_160738_Plate 1,TN-Plate33,D11,VC_0422
241206_160738_Plate 1,TN-Plate33,D2,VC_0879
241206_160738_Plate 1,TN-Plate33,D3,VC_A0199
241206_160738_Plate 1,TN-Plate33,D4,VC_0001
241206_160738_Plate 1,TN-Plate33,D5,VC_1656
241206_160738_Plate 1,TN-Plate33,D6,VC_1660
241206_160738_Plate 1,TN-Plate33,D7,VC_1952
241206_160738_Plate 1,TN-Plate33,D8,VC_1524
241206_160738_Plate 1,TN-Plate33,D9,VC_A0531
241206_160738_Plate 1,TN-Plate33,E1,VC_2447
241206_160738_Plate 1,TN-Plate33,E10,VC_2736
241206_160738_Plate 1,TN-Plate33,E11,VC_A1067
241206_160738_Plate 1,TN-Plate33,E2,VC_2773
241206_160738_Plate 1,TN-Plate33,E3,VC_1709
241206_160738_Plate 1,TN-Plate33,E4,VC_A0154
241206_160738_Plate 1,TN-Plate33,E5,VC_0180
241206_160738_Plate 1,TN-Plate33,E6,VC_2272
241206_160738_Plate 1,TN-Plate33,E7,VC_A1080
241206_160738_Plate 1,TN-Plate33,E8,VC_1332
241206_160738_Plate 1,TN-Plate33,E9,VC_2705
241206_160738_Plate 1,TN-Plate33,F1,VC_1448
241206_160738_Plate 1,TN-Plate33,F10,VC_A1090
241206_160738_Plate 1,TN-Plate33,F11,VC_0702
241206_160738_Plate 1,TN-Plate33,F2,VC_2429
241206_160738_Plate 1,TN-Plate33,F3,VC_A0922
241206_160738_Plate 1,TN-Plate33,F4,VC_A0596
241206_160738_Plate 1,TN-Plate33,F5,VC_1114
241206_160738_Plate 1,TN-Plate33,F6,VC_0279
241206_160738_Plate 1,TN-Plate33,F7,VC_2117
241206_160738_Plate 1,TN-Plate33,F8,VC_1614
241206_160738_Plate 1,TN-Plate33,F9,VC_0867
241206_160738_Plate 1,TN-Plate33,G1,VC_0614
241206_160738_Plate 1,TN-Plate33,G10,VC_1296
241206_160738_Plate 1,TN-Plate33,G2,VC_2653
241206_160738_Plate 1,TN-Plate33,G3,VC_0130
241206_160738_Plate 1,TN-Plate33,G4,VC_1220
241206_160738_Plate 1,TN-Plate33,G5,VC_0370
241206_160738_Plate 1,TN-Plate33,G6,VC_2362
241206_160738_Plate 1,TN-Plate33,G7,VC_A0691
241206_160738_Plate 1,TN-Plate33,G8,VC_1560
241206_160738_Plate 1,TN-Plate33,G9,VC_A0928
241206_160738_Plate 1,TN-Plate33,H1,VC_0013
241206_160738_Plate 1,TN-Plate33,H10,VC_1170
241206_160738_Plate 1,TN-Plate33,H2,VC_1391
241206_160738_Plate 1,TN-Plate33,H3,VC_0312
241206_160738_Plate 1,TN-Plate33,H4,VC_0403
241206_160738_Plate 1,TN-Plate33,H5,VC_2483
241206_160738_Plate 1,TN-Plate33,H8,VC_0665
241206_160738_Plate 1,TN-Plate33,H9,VC_1971
241206_162759_Plate 1,TN-Plate34,A1,VC_2305
241206_162759_Plate 1,TN-Plate34,A10,VC_1825
241206_162759_Plate 1,TN-Plate34,A11,VC_1863
241206_162759_Plate 1,TN-Plate34,A12,VC_0895
241206_162759_Plate 1,TN-Plate34,A2,VC_0787
241206_162759_Plate 1,TN-Plate34,A3,VC_0715
241206_162759_Plate 1,TN-Plate34,A4,VC_1632
241206_162759_Plate 1,TN-Plate34,A5,VC_1261
241206_162759_Plate 1,TN-Plate34,A6,VC_0769
241206_162759_Plate 1,TN-Plate34,A7,VC_2371
241206_162759_Plate 1,TN-Plate34,A8,VC_A0535
241206_162759_Plate 1,TN-Plate34,A9,VC_1403
241206_162759_Plate 1,TN-Plate34,B1,VC_2213
241206_162759_Plate 1,TN-Plate34,B10,VC_2728
241206_162759_Plate 1,TN-Plate34,B12,VC_0668
241206_162759_Plate 1,TN-Plate34,B2,VC_A1054
241206_162759_Plate 1,TN-Plate34,B3,VC_A0424
241206_162759_Plate 1,TN-Plate34,B4,VC_1120
241206_162759_Plate 1,TN-Plate34,B5,VC_A0830
241206_162759_Plate 1,TN-Plate34,B6,VC_1818
241206_162759_Plate 1,TN-Plate34,B7,VC_0225
241206_162759_Plate 1,TN-Plate34,B9,VC_2018
241206_162759_Plate 1,TN-Plate34,C1,VC_0537
241206_162759_Plate 1,TN-Plate34,C10,VC_1751
241206_162759_Plate 1,TN-Plate34,C11,VC_0092
241206_162759_Plate 1,TN-Plate34,C12,VC_1376
241206_162759_Plate 1,TN-Plate34,C2,VC_1033
241206_162759_Plate 1,TN-Plate34,C3,VC_2740
241206_162759_Plate 1,TN-Plate34,C4,VC_2419
241206_162759_Plate 1,TN-Plate34,C5,VC_1174
241206_162759_Plate 1,TN-Plate34,C6,VC_2172
241206_162759_Plate 1,TN-Plate34,C7,VC_A0811
241206_162759_Plate 1,TN-Plate34,C8,VC_1233
241206_162759_Plate 1,TN-Plate34,C9,VC_1827
241206_162759_Plate 1,TN-Plate34,D1,VC_2271
241206_162759_Plate 1,TN-Plate34,D2,VC_A0692
241206_162759_Plate 1,TN-Plate34,D3,VC_0732
241206_162759_Plate 1,TN-Plate34,D4,VC_2730
241206_162759_Plate 1,TN-Plate34,D5,VC_A0860
241206_162759_Plate 1,TN-Plate34,D6,VC_A1050
241212_155343_Plate 1,TN-Plate22,A1,VC_1757
241212_155343_Plate 1,TN-Plate22,A10,VC_2236
241212_155343_Plate 1,TN-Plate22,A11,VC_0269
241212_155343_Plate 1,TN-Plate22,A12,VC_A0062
241212_155343_Plate 1,TN-Plate22,A2,VC_1784
241212_155343_Plate 1,TN-Plate22,A3,VC_2267
241212_155343_Plate 1,TN-Plate22,A4,VC_2225
241212_155343_Plate 1,TN-Plate22,A5,VC_A0137
241212_155343_Plate 1,TN-Plate22,A6,VC_0151
241212_155343_Plate 1,TN-Plate22,A7,VC_1416
241212_155343_Plate 1,TN-Plate22,A8,VC_0139
241212_155343_Plate 1,TN-Plate22,A9,VC_1400
241212_155343_Plate 1,TN-Plate22,B1,VC_1871
241212_155343_Plate 1,TN-Plate22,B10,VC_2506
241212_155343_Plate 1,TN-Plate22,B11,VC_A1064
241212_155343_Plate 1,TN-Plate22,B12,VC_0683
241212_155343_Plate 1,TN-Plate22,B2,VC_0855
241212_155343_Plate 1,TN-Plate22,B3,VC_1768
241212_155343_Plate 1,TN-Plate22,B4,VC_0414
241212_155343_Plate 1,TN-Plate22,B5,VC_A0393/VC_A0394
241212_155343_Plate 1,TN-Plate22,B6,VC_1815
241212_155343_Plate 1,TN-Plate22,B7,VC_2751
241212_155343_Plate 1,TN-Plate22,B8,VC_2446
241212_155343_Plate 1,TN-Plate22,B9,VC_1617
241212_155343_Plate 1,TN-Plate22,C1,VC_1405
241212_155343_Plate 1,TN-Plate22,C10,VC_0197
241212_155343_Plate 1,TN-Plate22,C11,VC_0465
241212_155343_Plate 1,TN-Plate22,C12,VC_0701
241212_155343_Plate 1,TN-Plate22,C2,VC_1190
241212_155343_Plate 1,TN-Plate22,C3,VC_1704
241212_155343_Plate 1,TN-Plate22,C4,VC_2159
241212_155343_Plate 1,TN-Plate22,C5,VC_1898
241212_155343_Plate 1,TN-Plate22,C6,VC_0086
241212_155343_Plate 1,TN-Plate22,C7,VC_2319
241212_155343_Plate 1,TN-Plate22,C8,VC_1974
241212_155343_Plate 1,TN-Plate22,C9,VC_0048
241212_155343_Plate 1,TN-Plate22,D1,VC_0634
241212_155343_Plate 1,TN-Plate22,D10,VC_1787
241212_155343_Plate 1,TN-Plate22,D11,VC_A0163
241212_155343_Plate 1,TN-Plate22,D12,VC_2144
241212_155343_Plate 1,TN-Plate22,D2,VC_0584
241212_155343_Plate 1,TN-Plate22,D3,VC_1666
241212_155343_Plate 1,TN-Plate22,D4,VC_0077
241212_155343_Plate 1,TN-Plate22,D5,VC_A0599
241212_155343_Plate 1,TN-Plate22,D6,VC_A0873
241212_155343_Plate 1,TN-Plate22,D7,VC_0186
241212_155343_Plate 1,TN-Plate22,D8,VC_1926
241212_155343_Plate 1,TN-Plate22,D9,VC_A0649
241212_155343_Plate 1,TN-Plate22,E1,VC_0171
241212_155343_Plate 1,TN-Plate22,E10,VC_2233
241212_155343_Plate 1,TN-Plate22,E11,VC_0419
241212_155343_Plate 1,TN-Plate22,E12,VC_1713
241212_155343_Plate 1,TN-Plate22,E2,VC_A0511
241212_155343_Plate 1,TN-Plate22,E3,VC_1334
241212_155343_Plate 1,TN-Plate22,E4,VC_0798
241212_155343_Plate 1,TN-Plate22,E5,VC_1318
241212_155343_Plate 1,TN-Plate22,E6,VC_0703
241212_155343_Plate 1,TN-Plate22,E7,VC_0160
241212_155343_Plate 1,TN-Plate22,E8,VC_1373
241212_155343_Plate 1,TN-Plate22,E9,VC_A0867
241212_155343_Plate 1,TN-Plate22,F1,VC_A0242
241212_155343_Plate 1,TN-Plate22,F10,VC_A0091
241212_155343_Plate 1,TN-Plate22,F11,VC_2632
241212_155343_Plate 1,TN-Plate22,F12,VC_0219
241212_155343_Plate 1,TN-Plate22,F2,VC_0059
241212_155343_Plate 1,TN-Plate22,F3,VC_A0463
241212_155343_Plate 1,TN-Plate22,F4,VC_1838
241212_155343_Plate 1,TN-Plate22,F5,VC_A0134
241212_155343_Plate 1,TN-Plate22,F6,VC_0184
241212_155343_Plate 1,TN-Plate22,F7,VC_0058
241212_155343_Plate 1,TN-Plate22,F8,VC_A0255
241212_155343_Plate 1,TN-Plate22,F9,VC_2191
241212_155343_Plate 1,TN-Plate22,G1,VC_0776
241212_155343_Plate 1,TN-Plate22,G10,VC_0781
241212_155343_Plate 1,TN-Plate22,G11,VC_0588
241212_155343_Plate 1,TN-Plate22,G2,VC_2709
241212_155343_Plate 1,TN-Plate22,G3,VC_2721
241212_155343_Plate 1,TN-Plate22,G4,VC_1286
241212_155343_Plate 1,TN-Plate22,G5,VC_2722
241212_155343_Plate 1,TN-Plate22,G6,VC_2774
241212_155343_Plate 1,TN-Plate22,G7,VC_1252
241212_155343_Plate 1,TN-Plate22,G8,VC_2520
241212_155343_Plate 1,TN-Plate22,G9,VC_0752/VC_0753
241212_155343_Plate 1,TN-Plate22,H1,VC_1165
241212_155343_Plate 1,TN-Plate22,H10,VC_1457
241212_155343_Plate 1,TN-Plate22,H11,VC_0022
241212_155343_Plate 1,TN-Plate22,H2,VC_1819
241212_155343_Plate 1,TN-Plate22,H3,VC_0438
241212_155343_Plate 1,TN-Plate22,H4,VC_0799
241212_155343_Plate 1,TN-Plate22,H5,VC_1205
241212_155343_Plate 1,TN-Plate22,H6,VC_1084
241212_155343_Plate 1,TN-Plate22,H7,VC_A0233
241212_155343_Plate 1,TN-Plate22,H8,VC_A0044
241212_155343_Plate 1,TN-Plate22,H9,VC_1772
241212_161448_Plate 1,TN-Plate23,A1,VC_0168
241212_161448_Plate 1,TN-Plate23,A10,VC_A1087
241212_161448_Plate 1,TN-Plate23,A11,VC_2463
241212_161448_Plate 1,TN-Plate23,A12,VC_0938
241212_161448_Plate 1,TN-Plate23,A2,VC_2604
241212_161448_Plate 1,TN-Plate23,A3,VC_A0839
241212_161448_Plate 1,TN-Plate23,A4,VC_1990
241212_161448_Plate 1,TN-Plate23,A5,VC_2192
241212_161448_Plate 1,TN-Plate23,A6,VC_A1055
241212_161448_Plate 1,TN-Plate23,A7,VC_2136
241212_161448_Plate 1,TN-Plate23,A8,VC_0333
241212_161448_Plate 1,TN-Plate23,A9,VC_1470/VC_1476
241212_161448_Plate 1,TN-Plate23,B1,VC_A0034
241212_161448_Plate 1,TN-Plate23,B10,VC_0393
241212_161448_Plate 1,TN-Plate23,B11,VC_A0250
241212_161448_Plate 1,TN-Plate23,B12,VC_0264
241212_161448_Plate 1,TN-Plate23,B2,VC_A0927
241212_161448_Plate 1,TN-Plate23,B3,VC_1541
241212_161448_Plate 1,TN-Plate23,B4,VC_1445
241212_161448_Plate 1,TN-Plate23,B5,VC_2066
241212_161448_Plate 1,TN-Plate23,B6,VC_1590
241212_161448_Plate 1,TN-Plate23,B7,VC_0416
241212_161448_Plate 1,TN-Plate23,B8,VC_1418
241212_161448_Plate 1,TN-Plate23,B9,VC_2542
241212_161448_Plate 1,TN-Plate23,C1,VC_0814
241212_161448_Plate 1,TN-Plate23,C10,VC_2680
241212_161448_Plate 1,TN-Plate23,C11,VC_2051
241212_161448_Plate 1,TN-Plate23,C12,VC_2045
241212_161448_Plate 1,TN-Plate23,C2,VC_0609
241212_161448_Plate 1,TN-Plate23,C3,VC_1767
241212_161448_Plate 1,TN-Plate23,C4,VC_2712
241212_161448_Plate 1,TN-Plate23,C5,VC_1562
241212_161448_Plate 1,TN-Plate23,C6,VC_2268
241212_161448_Plate 1,TN-Plate23,C7,VC_0831
241212_161448_Plate 1,TN-Plate23,C8,VC_2628
241212_161448_Plate 1,TN-Plate23,C9,VC_0041
241212_161448_Plate 1,TN-Plate23,D1,VC_1098
241212_161448_Plate 1,TN-Plate23,D10,VC_2281
241212_161448_Plate 1,TN-Plate23,D11,VC_2351
241212_161448_Plate 1,TN-Plate23,D12,VC_A0956
241212_161448_Plate 1,TN-Plate23,D2,VC_0803
241212_161448_Plate 1,TN-Plate23,D3,VC_1987
241212_161448_Plate 1,TN-Plate23,D4,VC_1147
241212_161448_Plate 1,TN-Plate23,D5,VC_1763
241212_161448_Plate 1,TN-Plate23,D6,VC_2204
241212_161448_Plate 1,TN-Plate23,D7,VC_1521
241212_161448_Plate 1,TN-Plate23,D8,VC_1527
241212_161448_Plate 1,TN-Plate23,D9,VC_0829
241212_161448_Plate 1,TN-Plate23,E1,VC_1025
241212_161448_Plate 1,TN-Plate23,E10,VC_A0251
241212_161448_Plate 1,TN-Plate23,E11,VC_2343
241212_161448_Plate 1,TN-Plate23,E12,VC_0623
241212_161448_Plate 1,TN-Plate23,E2,VC_1270
241212_161448_Plate 1,TN-Plate23,E3,VC_0727
241212_161448_Plate 1,TN-Plate23,E4,VC_1027
241212_161448_Plate 1,TN-Plate23,E5,VC_A0467
241212_161448_Plate 1,TN-Plate23,E6,VC_1597
241212_161448_Plate 1,TN-Plate23,E7,VC_1870
241212_161448_Plate 1,TN-Plate23,E8,VC_A0604
241212_161448_Plate 1,TN-Plate23,E9,VC_A0387
241212_161448_Plate 1,TN-Plate23,F1,VC_0689
241212_161448_Plate 1,TN-Plate23,F10,VC_2082
241212_161448_Plate 1,TN-Plate23,F11,VC_2107
241212_161448_Plate 1,TN-Plate23,F12,VC_2744
241212_161448_Plate 1,TN-Plate23,F2,VC_2278
241212_161448_Plate 1,TN-Plate23,F3,VC_0482
241212_161448_Plate 1,TN-Plate23,F4,VC_A1000
241212_161448_Plate 1,TN-Plate23,F5,VC_0069
241212_161448_Plate 1,TN-Plate23,F6,VC_0455
241212_161448_Plate 1,TN-Plate23,F7,VC_0916
241212_161448_Plate 1,TN-Plate23,F8,VC_A0202
241212_161448_Plate 1,TN-Plate23,F9,VC_1765
241212_161448_Plate 1,TN-Plate23,G1,VC_A0889
241212_161448_Plate 1,TN-Plate23,G10,VC_2689
241212_161448_Plate 1,TN-Plate23,G11,VC_2028
241212_161448_Plate 1,TN-Plate23,G12,VC_1314
241212_161448_Plate 1,TN-Plate23,G2,VC_1730
241212_161448_Plate 1,TN-Plate23,G3,VC_A0247
241212_161448_Plate 1,TN-Plate23,G4,VC_A0318
241212_161448_Plate 1,TN-Plate23,G5,VC_0802
241212_161448_Plate 1,TN-Plate23,G6,VC_1873
241212_161448_Plate 1,TN-Plate23,G7,VC_0595
241212_161448_Plate 1,TN-Plate23,G8,VC_0504
241212_161448_Plate 1,TN-Plate23,G9,VC_A0478
241212_161448_Plate 1,TN-Plate23,H1,VC_1866
241212_161448_Plate 1,TN-Plate23,H10,VC_A0191
241212_161448_Plate 1,TN-Plate23,H11,VC_A1108
241212_161448_Plate 1,TN-Plate23,H2,VC_0930
241212_161448_Plate 1,TN-Plate23,H3,VC_2354
241212_161448_Plate 1,TN-Plate23,H4,VC_A0962
241212_161448_Plate 1,TN-Plate23,H5,VC_A0580
241212_161448_Plate 1,TN-Plate23,H6,VC_1397
241212_161448_Plate 1,TN-Plate23,H7,VC_1057
241212_161448_Plate 1,TN-Plate23,H8,VC_A0379
241212_161448_Plate 1,TN-Plate23,H9,VC_A0024
241219_160440_Plate 1,TN-Plate24,A1,VC_A0890
241219_160440_Plate 1,TN-Plate24,A10,VC_A0538
241219_160440_Plate 1,TN-Plate24,A11,VC_0568
241219_160440_Plate 1,TN-Plate24,A12,VC_0977
241219_160440_Plate 1,TN-Plate24,A2,VC_2551
241219_160440_Plate 1,TN-Plate24,A3,VC_0495
241219_160440_Plate 1,TN-Plate24,A4,VC_A0362
241219_160440_Plate 1,TN-Plate24,A5,VC_0290
241219_160440_Plate 1,TN-Plate24,A6,VC_0688
241219_160440_Plate 1,TN-Plate24,A7,VC_2637
241219_160440_Plate 1,TN-Plate24,A8,VC_A0836
241219_160440_Plate 1,TN-Plate24,A9,VC_A0059
241219_160440_Plate 1,TN-Plate24,B1,VC_1178
241219_160440_Plate 1,TN-Plate24,B10,VC_0718
241219_160440_Plate 1,TN-Plate24,B11,VC_A0054
241219_160440_Plate 1,TN-Plate24,B12,VC_A0120
241219_160440_Plate 1,TN-Plate24,B2,VC_1708
241219_160440_Plate 1,TN-Plate24,B3,VC_0558
241219_160440_Plate 1,TN-Plate24,B4,VC_0858
241219_160440_Plate 1,TN-Plate24,B5,VC_0605
241219_160440_Plate 1,TN-Plate24,B6,VC_2106
241219_160440_Plate 1,TN-Plate24,B7,VC_A0983
241219_160440_Plate 1,TN-Plate24,B8,VC_0017
241219_160440_Plate 1,TN-Plate24,B9,VC_A0115
241219_160440_Plate 1,TN-Plate24,C1,VC_A0784
241219_160440_Plate 1,TN-Plate24,C10,VC_0229
241219_160440_Plate 1,TN-Plate24,C11,VC_1895
241219_160440_Plate 1,TN-Plate24,C12,VC_2759
241219_160440_Plate 1,TN-Plate24,C2,VC_0550
241219_160440_Plate 1,TN-Plate24,C3,VC_2026
241219_160440_Plate 1,TN-Plate24,C4,VC_1345
241219_160440_Plate 1,TN-Plate24,C5,VC_1422
241219_160440_Plate 1,TN-Plate24,C6,VC_0531
241219_160440_Plate 1,TN-Plate24,C7,VC_2505
241219_160440_Plate 1,TN-Plate24,C8,VC_0201
241219_160440_Plate 1,TN-Plate24,C9,VC_2199
241219_160440_Plate 1,TN-Plate24,D1,VC_0342
241219_160440_Plate 1,TN-Plate24,D10,VC_0427
241219_160440_Plate 1,TN-Plate24,D11,VC_2137
241219_160440_Plate 1,TN-Plate24,D12,VC_1291
241219_160440_Plate 1,TN-Plate24,D2,VC_2656
241219_160440_Plate 1,TN-Plate24,D3,VC_2142
241219_160440_Plate 1,TN-Plate24,D4,VC_A1026
241219_160440_Plate 1,TN-Plate24,D5,VC_1865
241219_160440_Plate 1,TN-Plate24,D6,VC_1808
241219_160440_Plate 1,TN-Plate24,D7,VC_2662
241219_160440_Plate 1,TN-Plate24,D8,VC_0894
241219_160440_Plate 1,TN-Plate24,D9,VC_2314
241219_160440_Plate 1,TN-Plate24,E1,VC_A0428
241219_160440_Plate 1,TN-Plate24,E10,VC_0763
241219_160440_Plate 1,TN-Plate24,E11,VC_1325
241219_160440_Plate 1,TN-Plate24,E12,VC_1212
241219_160440_Plate 1,TN-Plate24,E2,VC_0843
241219_160440_Plate 1,TN-Plate24,E3,VC_A0148
241219_160440_Plate 1,TN-Plate24,E4,VC_0731
241219_160440_Plate 1,TN-Plate24,E5,VC_0216
241219_160440_Plate 1,TN-Plate24,E6,VC_0901
241219_160440_Plate 1,TN-Plate24,E7,VC_1017
241219_160440_Plate 1,TN-Plate24,E8,VC_A0677
241219_160440_Plate 1,TN-Plate24,E9,VC_1379
241219_160440_Plate 1,TN-Plate24,F1,VC_1665
241219_160440_Plate 1,TN-Plate24,F10,VC_0112
241219_160440_Plate 1,TN-Plate24,F11,VC_0909
241219_160440_Plate 1,TN-Plate24,F12,VC_0691
241219_160440_Plate 1,TN-Plate24,F2,VC_0141
241219_160440_Plate 1,TN-Plate24,F3,VC_A0750
241219_160440_Plate 1,TN-Plate24,F4,VC_1039
241219_160440_Plate 1,TN-Plate24,F5,VC_2120
241219_160440_Plate 1,TN-Plate24,F6,VC_A0581
241219_160440_Plate 1,TN-Plate24,F7,VC_1075
241219_160440_Plate 1,TN-Plate24,F8,VC_2567
241219_160440_Plate 1,TN-Plate24,F9,VC_2468
241219_160440_Plate 1,TN-Plate24,G1,VC_2606
241219_160440_Plate 1,TN-Plate24,G10,VC_0475
241219_160440_Plate 1,TN-Plate24,G11,VC_2231
241219_160440_Plate 1,TN-Plate24,G12,VC_2673
241219_160440_Plate 1,TN-Plate24,G2,VC_A0234
241219_160440_Plate 1,TN-Plate24,G3,VC_A0777
241219_160440_Plate 1,TN-Plate24,G4,VC_A0878
241219_160440_Plate 1,TN-Plate24,G5,VC_1547
241219_160440_Plate 1,TN-Plate24,G6,VC_1327
241219_160440_Plate 1,TN-Plate24,G7,VC_1518
241219_160440_Plate 1,TN-Plate24,G8,VC_0822
241219_160440_Plate 1,TN-Plate24,G9,VC_2523
241219_160440_Plate 1,TN-Plate24,H1,VC_2121
241219_160440_Plate 1,TN-Plate24,H10,VC_A0020
241219_160440_Plate 1,TN-Plate24,H11,VC_0254
241219_160440_Plate 1,TN-Plate24,H12,VC_1008
241219_160440_Plate 1,TN-Plate24,H2,VC_2550
241219_160440_Plate 1,TN-Plate24,H3,VC_A0047
241219_160440_Plate 1,TN-Plate24,H4,VC_0431
241219_160440_Plate 1,TN-Plate24,H5,VC_A0695
241219_160440_Plate 1,TN-Plate24,H6,VC_A0550
241219_160440_Plate 1,TN-Plate24,H7,VC_A0772
241219_160440_Plate 1,TN-Plate24,H8,VC_A0851
241219_160440_Plate 1,TN-Plate24,H9,VC_1805
