geneLocus,chromosome,peak,phenotype,isHit
VC_0001,I,0.5312407743977069,Normal,False
VC_0002,I,0.31217431637185017,Normal,False
VC_0003,I,0.3203587377643876,Normal,False
VC_0005/VC_0006,I,0.33180371948363263,Normal,False
VC_0008,I,0.7591042816324629,Normal,False
VC_0009,I,0.7023851980991769,Normal,False
VC_0010,I,0.5966849808021926,Normal,False
VC_0011,I,0.34666610842852214,Normal,False
VC_0013,I,2.6219429932361953,High Biofilm,True
VC_0014,I,0.5558092865576489,Normal,False
VC_0016,I,0.852155762570106,Normal,False
VC_0017,I,0.4332078378223819,Normal,False
VC_0018,I,0.3734160985937547,Normal,False
VC_0019,I,0.8157744111172169,Normal,False
VC_0021,I,0.7695916164965808,Dispersal Defect,True
VC_0022,I,0.780085772826478,Normal,False
VC_0023,I,0.4374393334870625,Normal,False
VC_0025,I,0.5535549593104653,Normal,False
VC_0026,I,0.4856859558914354,Normal,False
VC_0027,I,0.41167256398591673,Normal,False
VC_0028,I,0.4993469442706936,Normal,False
VC_0029,I,0.8152745046789982,Normal,False
VC_0030,I,0.636739959085556,Normal,False
VC_0031,I,0.6153173464378298,Normal,False
VC_0033,I,0.754789002317508,Normal,False
VC_0034,I,0.618413489376128,Dispersal Defect,True
VC_0035,I,0.7880479615642727,Normal,False
VC_0036,I,0.3521317945085543,Normal,False
VC_0037,I,0.859301314850765,Normal,False
VC_0038,I,0.631198387542588,Normal,False
VC_0039,I,0.4846507917717546,Normal,False
VC_0040,I,1.0659970112477763,Normal,False
VC_0041,I,0.6466312182193938,Normal,False
VC_0042,I,0.6037009921101654,Normal,False
VC_0043,I,0.7984048191760877,Normal,False
VC_0044,I,0.6567708589601273,Normal,False
VC_0046,I,0.5408402486767022,Normal,False
VC_0047,I,0.40266490536494565,Normal,False
VC_0048,I,0.4928571689213044,Normal,False
VC_0049,I,0.4741859343061497,Normal,False
VC_0050,I,0.4112961327660101,Normal,False
VC_0051,I,0.6484292763462101,Normal,False
VC_0053,I,0.48488766382707593,Normal,False
VC_0054,I,0.8045998470144186,Normal,False
VC_0055,I,0.8392891405685283,Normal,False
VC_0056,I,1.7047546529073876,High Biofilm,True
VC_0057,I,0.876064799494292,Normal,False
VC_0058,I,0.4000957540966361,Normal,False
VC_0059,I,0.17733462301206296,Normal,False
VC_0060,I,0.4765577646452332,Normal,False
VC_0061,I,0.2782910191258031,Normal,False
VC_0062,I,0.44556854113305894,Normal,False
VC_0064,I,0.2127015288756471,Normal,False
VC_0067,I,0.5816618727733796,Normal,False
VC_0068,I,0.334966405151834,Normal,False
VC_0069,I,0.32916671469395625,Normal,False
VC_0070,I,1.000741866448755,Normal,False
VC_0071,I,0.2928184406623841,Normal,False
VC_0072,I,0.8770479599689749,Normal,False
VC_0073,I,0.7155638687215877,Dispersal Defect,True
VC_0074,I,0.7028747720230538,Normal,False
VC_0075,I,0.4816603548021855,Normal,False
VC_0076,I,0.5747854674439729,Normal,False
VC_0077,I,0.584340134055596,Normal,False
VC_0078,I,0.6372096370675775,Normal,False
VC_0079,I,0.4470952186129657,Normal,False
VC_0080,I,0.41854220135123676,Normal,False
VC_0081,I,0.17829105939139972,Normal,False
VC_0082,I,0.594935274829869,Normal,False
VC_0085,I,0.6814701827579497,Normal,False
VC_0086,I,0.4295877594982728,Normal,False
VC_0087,I,0.5785210224833826,Normal,False
VC_0088,I,0.3512092715144778,Normal,False
VC_0089,I,0.5627107373668032,Normal,False
VC_0090,I,0.5038154457449264,Normal,False
VC_0091,I,0.564523909721718,Normal,False
VC_0092,I,2.584533673641251,High Biofilm,True
VC_0093,I,1.3096144261907614,Normal,False
VC_0094,I,0.6288737724470338,Normal,False
VC_0095,I,0.033688805218805865,Low Biofilm,False
VC_0097,I,0.5950719047767962,Normal,False
VC_0098,I,0.29935507680659074,Normal,False
VC_0099,I,0.9769090694362171,Normal,False
VC_0100,I,0.8453609807601435,Normal,False
VC_0103,I,0.5351522831279466,Normal,False
VC_0105,I,0.714489487861389,Normal,False
VC_0106,I,0.44749922326758507,Normal,False
VC_0107,I,0.5836976456071722,Normal,False
VC_0108,I,0.7765344642402177,Normal,False
VC_0112,I,0.26125501692440356,Normal,False
VC_0113,I,3.39953498530351,High Biofilm,True
VC_0114,I,0.6996462123961039,Normal,False
VC_0115,I,0.3430194798895672,Normal,False
VC_0116,I,0.7948534771512697,Normal,False
VC_0117,I,0.19136607717252696,Normal,False
VC_0118,I,0.5151798806662864,Normal,False
VC_0120,I,0.6817315385252486,Normal,False
VC_0121,I,0.24281384627421423,Normal,False
VC_0123,I,0.4998471182173743,Normal,False
VC_0124,I,0.44708555486977875,Normal,False
VC_0125,I,0.7855220797896793,Normal,False
VC_0126,I,0.27565449585135826,Normal,False
VC_0127,I,0.48914920737974205,Normal,False
VC_0128,I,0.9266329272083491,Normal,False
VC_0130,I,0.45897894096061076,Normal,False
VC_0132,I,0.8447715593028537,Normal,False
VC_0133,I,0.42195494055422084,Normal,False
VC_0134,I,1.2298401258666325,Dispersal Defect,True
VC_0135,I,0.13002512287607598,Low Biofilm,False
VC_0136,I,0.9960153263121512,Normal,False
VC_0137,I,1.6530638590557545,High Biofilm,True
VC_0139,I,0.7668775425190246,Normal,False
VC_0140,I,0.8091942379708325,Normal,False
VC_0141,I,0.6467771440853729,Normal,False
VC_0142,I,0.5668130465075095,Normal,False
VC_0144,I,0.8665842327266217,Normal,False
VC_0145,I,0.8818681280672518,Normal,False
VC_0146,I,0.5859849098337302,Normal,False
VC_0148,I,0.8824456788365439,Normal,False
VC_0149,I,0.3416257942415056,Normal,False
VC_0151,I,0.651412865099154,Normal,False
VC_0152,I,0.6454324459244009,Normal,False
VC_0154,I,0.4580336061824438,Normal,False
VC_0156,I,0.6535969713750829,Normal,False
VC_0157,I,0.6722017502005844,Normal,False
VC_0159,I,0.5324551959377224,Normal,False
VC_0160,I,0.655005035602973,Normal,False
VC_0161,I,2.557308200560373,High Biofilm,True
VC_0162,I,0.687116952003569,Normal,False
VC_0163,I,0.7266547695529197,Normal,False
VC_0164,I,1.187224556585741,Normal,False
VC_0165,I,0.3097576315514137,Normal,False
VC_0166,I,0.695419679013392,Normal,False
VC_0167,I,1.0153396025845525,Normal,False
VC_0168,I,0.39507555654595605,Normal,False
VC_0169,I,0.4493142748694449,Normal,False
VC_0170,I,0.6631538783700746,Normal,False
VC_0171,I,0.8752822703660514,Normal,False
VC_0172,I,0.7231566282734667,Normal,False
VC_0173,I,0.35908968291546267,Normal,False
VC_0174,I,0.9361346271445113,Normal,False
VC_0175,I,0.5533910100618641,Normal,False
VC_0177,I,0.7534475476966368,Normal,False
VC_0178,I,0.5293386554792027,Normal,False
VC_0179,I,0.8920636111994117,Normal,False
VC_0180,I,0.2541890149726089,Normal,False
VC_0181,I,0.7871351558150756,Normal,False
VC_0183,I,0.6160464073122435,Normal,False
VC_0184,I,0.549506854071856,Normal,False
VC_0185,I,2.0992584769930986,High Biofilm,True
VC_0186,I,0.9197365590599713,Normal,False
VC_0187,I,0.5239575890133884,Normal,False
VC_0188,I,0.4233177356626419,Normal,False
VC_0190,I,1.1474088646215677,Normal,False
VC_0191,I,0.5271523756970207,Normal,False
VC_0194,I,0.703904144584534,Normal,False
VC_0195,I,0.9761523548745521,Normal,False
VC_0196,I,2.330443569922438,Dispersal Defect,True
VC_0197,I,0.6030376380017115,Normal,False
VC_0198,I,0.7058395348679899,Normal,False
VC_0199,I,0.5666976834833051,Normal,False
VC_0200,I,0.8953960978638188,Normal,False
VC_0201,I,0.5634972122448572,Normal,False
VC_0202,I,0.3639665962462251,Normal,False
VC_0203,I,0.5178807664766699,Normal,False
VC_0206,I,0.9312501232611419,Normal,False
VC_0207,I,0.6600731840454526,Normal,False
VC_0208,I,0.7503826363712683,Normal,False
VC_0209,I,0.17176114439729895,Normal,False
VC_0210,I,0.5550405341151975,Normal,False
VC_0212,I,3.7066313557354627,High Biofilm,True
VC_0213,I,0.6691613827765972,Normal,False
VC_0216,I,0.27751913014663554,Normal,False
VC_0217,I,0.44898796804759106,Normal,False
VC_0219,I,0.7388908406711868,Normal,False
VC_0220,I,0.8465420306195341,Normal,False
VC_0221,I,0.6658862098001572,Normal,False
VC_0223,I,2.232768740237378,High Biofilm,True
VC_0224,I,1.649954273817245,Normal,False
VC_0225,I,0.4747908712542311,Normal,False
VC_0226,I,0.7610995603728319,Normal,False
VC_0228,I,0.724961641620293,Normal,False
VC_0229,I,0.524897011854547,Normal,False
VC_0230,I,0.3734638421664964,Normal,False
VC_0231,I,0.7204293126270451,Normal,False
VC_0232,I,0.8345588887520153,Normal,False
VC_0235,I,0.46439424182183964,Normal,False
VC_0237,I,0.5605168335934563,Normal,False
VC_0238,I,1.0131747234793242,Normal,False
VC_0239,I,5.115218562668535,High Biofilm,True
VC_0241,I,6.320461218584223,High Biofilm,True
VC_0242,I,0.6631899920124342,Dispersal Defect,True
VC_0244,I,0.12069853397908854,Dispersal Defect,True
VC_0245,I,0.45815177804549834,Dispersal Defect,True
VC_0246,I,0.45429414551949,Normal,False
VC_0247,I,2.299181394151141,High Biofilm,True
VC_0249,I,1.3978153099425839,High Biofilm,True
VC_0250,I,1.5238370750580188,High Biofilm,True
VC_0251,I,0.7718504579490596,Dispersal Defect,True
VC_0252,I,0.470545043823703,Normal,False
VC_0253,I,0.8153205830115644,Normal,False
VC_0254,I,0.5217932114865264,Normal,False
VC_0255/VC_A0373,I,0.7378503330699792,Normal,False
VC_0256/VC_1790/VC_A0372,I,0.8301361379124829,Normal,False
VC_0257/VC_1789/VC_A0371/VC_A0508/VC_A0791,I,0.7299229873093499,Normal,False
VC_0258,I,0.6848847276430517,Normal,False
VC_0259,I,7.646449837729298,High Biofilm,True
VC_0262,I,0.6394071522051604,Normal,False
VC_0263,I,0.9270822745472643,Normal,False
VC_0264,I,0.9415173655382127,Dispersal Defect,True
VC_0265,I,0.6760154177108756,Normal,False
VC_0266,I,0.6490192662589814,Normal,False
VC_0267,I,0.5596412115204665,Normal,False
VC_0268,I,0.7388933485630174,Normal,False
VC_0269,I,4.631652477583609,High Biofilm,True
VC_0270,I,0.5211298908166303,Normal,False
VC_0271,I,1.004375099501479,Normal,False
VC_0272,I,0.9490395697332594,Normal,False
VC_0273,I,0.7096932617704542,Normal,False
VC_0274,I,0.6990700326076793,Normal,False
VC_0276,I,0.003079582158191533,Low Biofilm,False
VC_0278,I,0.7910655238918809,Normal,False
VC_0279,I,0.3942625314530563,Normal,False
VC_0280,I,0.22690154680568042,Normal,False
VC_0281,I,0.5908365101762831,Normal,False
VC_0282,I,0.6773213271448687,Normal,False
VC_0283,I,0.6369157121450395,Normal,False
VC_0284,I,0.37833353945649845,Normal,False
VC_0285,I,0.6774399002706162,Normal,False
VC_0286,I,0.7652882413081816,Normal,False
VC_0287,I,0.8177918930599255,Normal,False
VC_0288,I,0.5313618888538427,Normal,False
VC_0289,I,1.354079348346043,High Biofilm,True
VC_0290,I,0.6385769396935821,Normal,False
VC_0291,I,1.2888247385639453,High Biofilm,True
VC_0293,I,0.7456936811735647,Normal,False
VC_0297,I,1.3457863185179648,Dispersal Defect,True
VC_0298,I,0.43004844250826213,Normal,False
VC_0299,I,0.6249909874378932,Normal,False
VC_0300,I,0.7006273999958802,Normal,False
VC_0301,I,0.47332285169231253,Normal,False
VC_0302,I,0.8266698970171141,Normal,False
VC_0303,I,0.3472202789582421,Normal,False
VC_0304,I,0.48752022797628436,Normal,False
VC_0305,I,0.5802996862467094,Normal,False
VC_0306,I,0.569112348614854,Normal,False
VC_0309,I,0.803121394622485,Normal,False
VC_0311,I,0.3788622899946241,Normal,False
VC_0312,I,0.44685003373219007,Normal,False
VC_0316,I,0.7052679361619757,Normal,False
VC_0317,I,1.0627967406406746,Normal,False
VC_0330,I,0.4395536334298526,Normal,False
VC_0331,I,0.2381068275676192,Normal,False
VC_0333,I,0.8915948694970071,Normal,False
VC_0335,I,0.8338931939445197,Normal,False
VC_0338,I,0.6828067887879485,Normal,False
VC_0340,I,0.44838272346477853,Normal,False
VC_0341,I,0.6094468732409273,Normal,False
VC_0342,I,0.7853227191084311,Normal,False
VC_0344,I,0.5997245457007938,Normal,False
VC_0345,I,0.6295380293965467,Normal,False
VC_0346,I,1.1068517060780592,Normal,False
VC_0347,I,0.04874346854578729,Low Biofilm,False
VC_0348,I,0.6247007407567067,Normal,False
VC_0349,I,1.058076486952926,Normal,False
VC_0350,I,0.5299471703529622,Normal,False
VC_0351,I,0.9305652347215033,Normal,False
VC_0352,I,0.4825599857596329,Normal,False
VC_0353,I,0.5335402102592826,Normal,False
VC_0354,I,0.5738953999140393,Normal,False
VC_0355,I,0.6474634370444367,Normal,False
VC_0363,I,0.35353229493468336,Normal,False
VC_0365,I,0.5816630431229005,Normal,False
VC_0370,I,0.7412062267248045,Normal,False
VC_0373,I,0.3362184985709997,Normal,False
VC_0374,I,0.5876426597722676,Normal,False
VC_0376,I,0.6000363268131652,Normal,False
VC_0377,I,0.26231685832544954,Normal,False
VC_0378,I,0.33190700450078114,Normal,False
VC_0379,I,1.2249884586469642,Normal,False
VC_0381,I,0.5688545038961179,Normal,False
VC_0382,I,0.6020301676955514,Normal,False
VC_0383,I,0.4979873592638156,Normal,False
VC_0384,I,0.5181268207599469,Normal,False
VC_0385,I,0.6230502135466411,Normal,False
VC_0386,I,0.700976598854363,Normal,False
VC_0390,I,0.6573126973497526,Normal,False
VC_0391,I,1.0269857172286059,Normal,False
VC_0392,I,0.3712234320470442,Normal,False
VC_0393,I,0.9857218013286965,Normal,False
VC_0394,I,0.8954893914399145,Normal,False
VC_0395,I,0.7289854370274248,Normal,False
VC_0398,I,0.19856363978589542,Normal,False
VC_0399,I,1.542502143603126,High Biofilm,True
VC_0400,I,1.1366300792881845,Normal,False
VC_0401,I,0.6512605190300887,Normal,False
VC_0402,I,0.6998438008337918,Normal,False
VC_0403,I,0.4666747313965995,Normal,False
VC_0404,I,0.5938380219961759,Normal,False
VC_0405,I,1.9857323665196691,High Biofilm,True
VC_0406,I,0.26263560803325403,Normal,False
VC_0407,I,0.575103468128084,Normal,False
VC_0408,I,0.642629826645948,Normal,False
VC_0409,I,1.2968433047100907,Normal,False
VC_0410,I,1.1053011601556373,Normal,False
VC_0411,I,0.7690444948148326,Normal,False
VC_0412,I,0.7804602846731703,Normal,False
VC_0413,I,0.3014261273187994,Normal,False
VC_0414,I,0.617843896983578,Normal,False
VC_0416,I,0.5243690839049416,Normal,False
VC_0418,I,0.8135155696647384,Normal,False
VC_0419,I,1.4613944473505414,High Biofilm,True
VC_0420,I,1.0410186761241682,Normal,False
VC_0421,I,0.6668666951902208,Normal,False
VC_0422,I,0.8880444971903636,Normal,False
VC_0423,I,0.7668871059465383,Normal,False
VC_0424,I,0.4415694300692511,Normal,False
VC_0425,I,0.9339879386146939,Normal,False
VC_0426,I,0.5231635570212853,Normal,False
VC_0427,I,0.5092772395768376,Normal,False
VC_0428,I,0.41753434315780685,Normal,False
VC_0429,I,0.7290830776160268,Normal,False
VC_0430,I,0.0184990260427917,Low Biofilm,False
VC_0431,I,0.9387726952803238,High Biofilm,True
VC_0432,I,0.3702054754091767,Normal,False
VC_0433,I,1.0449888360846846,Normal,False
VC_0437,I,0.32718906476122805,Normal,False
VC_0438,I,0.9505480499500438,Normal,False
VC_0439,I,0.7129826795724917,Normal,False
VC_0447,I,0.8855244002862591,Normal,False
VC_0448,I,0.8273570593786792,Normal,False
VC_0449,I,1.0144966834210327,Dispersal Defect,True
VC_0450,I,0.35517923084364766,Normal,False
VC_0452,I,1.0397126329359443,Normal,False
VC_0453,I,0.6739220971192118,Normal,False
VC_0454,I,0.6571388168495026,Normal,False
VC_0455,I,0.32680222077444104,Normal,False
VC_0456,I,0.5804583187646298,Normal,False
VC_0458,I,0.29498743939792593,Normal,False
VC_0460,I,0.5121171963488633,Normal,False
VC_0461,I,0.6706734074805021,Normal,False
VC_0462,I,1.4778251514674363,Dispersal Defect,True
VC_0464,I,0.950683007969084,Normal,False
VC_0465,I,0.5375241469055878,Normal,False
VC_0467,I,0.9479016221747962,Normal,False
VC_0468,I,2.955011024587992,High Biofilm,True
VC_0469,I,1.282490806956761,Normal,False
VC_0470,I,0.815121122014643,Normal,False
VC_0471,I,0.527533976517954,Normal,False
VC_0473,I,0.7132778082831084,Normal,False
VC_0474,I,0.6669417313137903,Normal,False
VC_0475,I,0.5492208540875025,Normal,False
VC_0476,I,1.1480160419530179,Normal,False
VC_0480,I,0.3524253449192456,Normal,False
VC_0481,I,0.7648844707234664,Normal,False
VC_0482,I,0.4799169352787171,Normal,False
VC_0483,I,0.7964896592200648,Normal,False
VC_0485,I,0.5194049293770346,Normal,False
VC_0486,I,0.30404951592776386,Normal,False
VC_0487,I,1.6634173728117956,High Biofilm,True
VC_0488,I,0.568119022818618,Normal,False
VC_0489,I,0.8458192896325334,Normal,False
VC_0490,I,0.4824800007295179,Normal,False
VC_0492,I,0.32208375939338724,Normal,False
VC_0493,I,0.41784283391609656,Normal,False
VC_0494,I,0.7452904121672156,Normal,False
VC_0495,I,0.6951539093564714,Normal,False
VC_0496,I,0.46971650324001163,Normal,False
VC_0497,I,0.3927537436015407,Normal,False
VC_0498,I,0.6996696528250799,Normal,False
VC_0499,I,0.19258566831356905,Normal,False
VC_0500,I,0.740719160692758,Normal,False
VC_0501,I,0.32450945256127894,Normal,False
VC_0502,I,0.7749743548902821,Normal,False
VC_0503,I,0.5854993150982243,Normal,False
VC_0504,I,0.468063461450404,Normal,False
VC_0505,I,0.4325107575845912,Normal,False
VC_0506,I,0.43085633143869306,Normal,False
VC_0508,I,0.6297749081395796,Normal,False
VC_0509,I,0.5074673241374467,Normal,False
VC_0510,I,0.029124590554439223,Low Biofilm,False
VC_0511,I,0.6105143657582314,Normal,False
VC_0516,I,0.42877395863083345,Normal,False
VC_0518,I,0.31319260070758353,Normal,False
VC_0522,I,0.3564105522307451,Normal,False
VC_0523,I,0.5661294955101805,Normal,False
VC_0525,I,0.05678359587396342,Low Biofilm,False
VC_0526,I,0.9891806188642467,Normal,False
VC_0528,I,0.34072703268655946,Normal,False
VC_0530,I,0.3337821920048813,Normal,False
VC_0531,I,0.17171752714258237,Low Biofilm,False
VC_0532,I,0.49512425632212187,Normal,False
VC_0533,I,0.546685442323953,Normal,False
VC_0534,I,0.25865216627760323,Normal,False
VC_0535,I,0.3473696088693991,Normal,False
VC_0536,I,0.9146087562304828,Normal,False
VC_0537,I,0.8290558049890063,Normal,False
VC_0538,I,0.7048922874043202,Normal,False
VC_0539,I,0.541664475686445,Normal,False
VC_0540,I,0.3699341081376903,Normal,False
VC_0542,I,0.4845505162248027,Normal,False
VC_0543,I,0.7679887057927376,Normal,False
VC_0544,I,0.7140123865195492,Normal,False
VC_0546,I,0.0021770520777880335,Low Biofilm,False
VC_0547,I,1.0577659096286334,Normal,False
VC_0550,I,0.6381760113862748,Normal,False
VC_0551,I,0.3086166210210616,Normal,False
VC_0552,I,0.5123187639749225,Normal,False
VC_0553,I,0.7237775822907058,Normal,False
VC_0554,I,1.2662079681421945,Normal,False
VC_0556,I,0.5366953388134346,Normal,False
VC_0557,I,0.5419171039901736,Normal,False
VC_0558,I,0.5634421055017009,Normal,False
VC_0559,I,0.5665870687343,Normal,False
VC_0566,I,0.8124497490753212,Normal,False
VC_0568,I,0.692241745362861,Normal,False
VC_0573,I,0.35768850703046723,Normal,False
VC_0578,I,0.6366946832783755,Normal,False
VC_0579,I,0.7413247329734365,Normal,False
VC_0580,I,0.8744620894217952,Normal,False
VC_0581,I,0.6916766337370485,Normal,False
VC_0582,I,0.9154486659238059,Normal,False
VC_0583,I,0.700703673346086,Normal,False
VC_0584,I,0.6572694947331521,Normal,False
VC_0585,I,0.4962390777740518,Normal,False
VC_0586,I,0.05366827659157242,Low Biofilm,False
VC_0587,I,0.34580774065132636,Normal,False
VC_0588,I,0.7944766580440934,Normal,False
VC_0589,I,0.5107993827883147,Normal,False
VC_0590,I,0.399028689592871,Normal,False
VC_0593,I,0.7370813131190657,Normal,False
VC_0594,I,0.8549958999103435,Normal,False
VC_0595,I,0.5706279178058794,Normal,False
VC_0597,I,0.6106524001245837,Normal,False
VC_0599,I,0.49361535477950996,Normal,False
VC_0600,I,0.15778244290552618,Normal,False
VC_0601,I,0.533314098731842,Normal,False
VC_0602,I,0.6416801047290055,Normal,False
VC_0603,I,0.42951921045490504,Normal,False
VC_0604,I,0.6561541182011636,Normal,False
VC_0605,I,0.4841111001375363,Normal,False
VC_0607,I,0.255904513300364,Normal,False
VC_0608,I,0.5887859240614115,Normal,False
VC_0609,I,0.5435850192502643,Normal,False
VC_0610,I,0.8571958226240837,Normal,False
VC_0611,I,1.3415842955980766,Normal,False
VC_0612,I,0.4180679891007857,Normal,False
VC_0613,I,0.9606604048276611,Normal,False
VC_0614,I,0.5359293283327179,Normal,False
VC_0615,I,0.5380277315851582,Normal,False
VC_0616,I,0.9371377169996076,Normal,False
VC_0617,I,0.9246308938793165,Normal,False
VC_0618,I,0.5559106722647178,Normal,False
VC_0619,I,0.6053814133908508,Normal,False
VC_0620,I,0.8080607377405488,Normal,False
VC_0622,I,0.3651495186648491,Normal,False
VC_0623,I,0.8345975102862054,Normal,False
VC_0624,I,0.3527403695717177,Normal,False
VC_0625,I,1.1446777369795638,Normal,False
VC_0626,I,0.6025612723081419,Normal,False
VC_0628,I,0.5475944360775676,Normal,False
VC_0629,I,0.45338193497662066,Normal,False
VC_0630,I,0.5260806030443258,Normal,False
VC_0633,I,1.1092027710727856,Normal,False
VC_0634,I,1.4807175198348643,Dispersal Defect,True
VC_0635,I,0.7727575122663254,Normal,False
VC_0636,I,0.9724929059925596,Normal,False
VC_0639,I,0.39572800968458655,Normal,False
VC_0645,I,0.5617088512997856,Normal,False
VC_0647,I,0.49969541416861774,Normal,False
VC_0649,I,0.8480440237561168,Normal,False
VC_0650,I,0.6193466257684311,Normal,False
VC_0651,I,0.5111047838238693,Normal,False
VC_0652,I,0.4889883879801454,Normal,False
VC_0653,I,0.6403796123413664,Normal,False
VC_0654,I,0.9341361383025993,Normal,False
VC_0655,I,0.5380453202665296,Normal,False
VC_0657,I,0.5573306071806057,Normal,False
VC_0658,I,0.6482957896237105,Normal,False
VC_0659,I,0.5819364367709858,Normal,False
VC_0661,I,0.28376566673930964,Normal,False
VC_0662,I,0.8307518755147143,Normal,False
VC_0663,I,0.8442589127741358,Normal,False
VC_0665,I,0.5651776335255426,Normal,False
VC_0666,I,0.7460587633469742,Normal,False
VC_0667,I,0.5543154524291548,Normal,False
VC_0668,I,1.1719385211774154,Dispersal Defect,True
VC_0670,I,0.37294167902424563,Normal,False
VC_0671,I,0.5970770144531408,Normal,False
VC_0672,I,0.5493539729858671,Normal,False
VC_0673,I,0.3028580332383583,Normal,False
VC_0676,I,0.46650680295962726,Normal,False
VC_0678,I,0.7681813118853222,Normal,False
VC_0683,I,0.5496261628458737,Normal,False
VC_0684,I,0.9643224619171575,Normal,False
VC_0687,I,0.38467819815300597,Normal,False
VC_0688,I,0.5596770576543643,Normal,False
VC_0689,I,0.751022315980842,Normal,False
VC_0690,I,0.6203877018251204,Normal,False
VC_0691,I,0.7220378075700311,Normal,False
VC_0692,I,0.8346051008388125,Normal,False
VC_0693,I,0.7569575262255299,Normal,False
VC_0694,I,0.4224302228385196,Normal,False
VC_0695,I,0.25062488604331096,Normal,False
VC_0696,I,0.13593240523733918,Normal,False
VC_0697,I,0.3681614967533146,Normal,False
VC_0698,I,0.777106062946232,Normal,False
VC_0699,I,0.7618046458013458,Normal,False
VC_0700,I,0.6454488976948092,Normal,False
VC_0701,I,1.041652938687388,Dispersal Defect,True
VC_0702,I,0.5699902445097702,Normal,False
VC_0706,I,0.6096914428522404,Normal,False
VC_0709,I,2.158618069676912,High Biofilm,True
VC_0710,I,0.6106346776889813,Normal,False
VC_0711,I,0.5494454608798447,Normal,False
VC_0712/VC_2496/VC_2753,I,0.4073883424033912,Normal,False
VC_0714,I,0.602350810025724,Normal,False
VC_0715,I,0.9377966572184396,Normal,False
VC_0717,I,0.7112759087083067,Normal,False
VC_0718,I,0.2909614637968294,Normal,False
VC_0720,I,0.5319979570991803,Normal,False
VC_0722,I,0.29811035993326246,Normal,False
VC_0723,I,1.0674540629627562,Normal,False
VC_0724,I,0.48367817113047146,Normal,False
VC_0725,I,0.6052342837367931,Normal,False
VC_0726,I,0.8096309455349219,Dispersal Defect,True
VC_0727,I,0.5974955314418195,Normal,False
VC_0728,I,0.4046652467029565,Normal,False
VC_0731,I,0.2828315472534088,Normal,False
VC_0732,I,0.24013918966852224,Normal,False
VC_0734,I,0.5799663707031532,Normal,False
VC_0736,I,0.8038157128354064,Normal,False
VC_0739,I,1.0716928014190432,Normal,False
VC_0740,I,0.24116446935053495,Normal,False
VC_0743,I,0.3002596098566029,Normal,False
VC_0744,I,0.8925285074676764,Normal,False
VC_0745,I,1.2932333448935536,High Biofilm,True
VC_0746,I,1.4708391011071988,High Biofilm,True
VC_0747,I,1.2866642064712233,Normal,False
VC_0752/VC_0753,I,0.8432410430765184,Normal,False
VC_0754,I,0.7485073351760718,Normal,False
VC_0755,I,0.5082805030477121,Normal,False
VC_0757,I,0.44961361683833684,Normal,False
VC_0758,I,0.4598738637691283,Normal,False
VC_0760,I,1.154657273905836,Normal,False
VC_0761,I,0.3250204606006675,Normal,False
VC_0762,I,0.6889853648558709,Normal,False
VC_0763,I,0.490300343105378,Normal,False
VC_0764,I,0.4792660470645889,Normal,False
VC_0765,I,0.6374973424183759,Normal,False
VC_0766,I,0.4156750055300757,Normal,False
VC_0767,I,1.3610435967666337,High Biofilm,True
VC_0768,I,0.8220405293293039,Normal,False
VC_0769,I,0.712905102118534,Normal,False
VC_0770,I,0.38696222552717474,Normal,False
VC_0771,I,1.661342844689582,High Biofilm,True
VC_0772,I,0.6201623928230656,Dispersal Defect,True
VC_0773,I,0.27846326782443537,Normal,False
VC_0774,I,0.523859112460843,Normal,False
VC_0775,I,0.8998445629542536,Normal,False
VC_0776,I,0.5715886744468762,Normal,False
VC_0777,I,1.0064827317958558,Normal,False
VC_0778,I,0.573282069887965,Normal,False
VC_0779,I,0.6498081487131927,Normal,False
VC_0780,I,0.40233205796119775,Normal,False
VC_0781,I,0.5684388960619626,Normal,False
VC_0782,I,0.16602427161399233,Normal,False
VC_0783,I,0.9977089892617018,Normal,False
VC_0784,I,0.5571426156089893,Normal,False
VC_0785,I,0.5401546244887933,Normal,False
VC_0786,I,0.9307697449406435,Normal,False
VC_0787,I,0.6823361745263103,Normal,False
VC_0791,I,0.710323511706745,Normal,False
VC_0792,I,0.8215004966217966,Normal,False
VC_0793,I,0.46789688393116446,Normal,False
VC_0794,I,0.5304467424056037,Normal,False
VC_0795,I,0.37254434201803965,Normal,False
VC_0796,I,0.8040755304290492,Normal,False
VC_0798,I,0.38225668480483177,Normal,False
VC_0799,I,0.5598427791465256,Normal,False
VC_0800,I,0.5820790856583063,Normal,False
VC_0801,I,0.7848087684759614,Normal,False
VC_0802,I,0.4723826530766145,Normal,False
VC_0803,I,0.6433442079935137,Normal,False
VC_0805,I,0.6779515770811596,Normal,False
VC_0807,I,0.2948092118851697,Normal,False
VC_0808,I,0.3855533922124567,Normal,False
VC_0809,I,0.47223584443271105,Normal,False
VC_0810,I,0.6671291878684829,Normal,False
VC_0811,I,0.42204957167262613,Normal,False
VC_0812,I,1.4137292545881586,Normal,False
VC_0813,I,0.7777556403688967,Normal,False
VC_0814,I,0.46653743267851744,Normal,False
VC_0815,I,0.25774155409779387,Normal,False
VC_0816,I,0.31900771971600267,Normal,False
VC_0817,I,0.6295601657217708,Normal,False
VC_0818,I,0.5601591747798651,Normal,False
VC_0819,I,1.067624867115694,Normal,False
VC_0820,I,0.36830359724828815,Normal,False
VC_0821,I,0.5143421578546395,Normal,False
VC_0822,I,0.5221463560948226,Normal,False
VC_0823,I,0.6269055454998769,Normal,False
VC_0825,I,0.6227592312171841,Normal,False
VC_0826,I,0.5165680355768978,Normal,False
VC_0827,I,0.45898267939136617,Normal,False
VC_0828,I,0.357500067382177,Normal,False
VC_0829,I,0.6564705807116187,Normal,False
VC_0830,I,0.7547155378061524,Normal,False
VC_0831,I,0.4261250630900247,Normal,False
VC_0832,I,0.4964824168464402,Normal,False
VC_0833,I,0.5449341981779734,Normal,False
VC_0835,I,0.5368286249045878,Normal,False
VC_0838,I,0.3876921223655319,Normal,False
VC_0839,I,0.5136090375393162,Normal,False
VC_0840,I,0.1498899133712161,Low Biofilm,False
VC_0841,I,0.5290846561946068,Normal,False
VC_0842,I,0.38147137358858724,Normal,False
VC_0843,I,0.44345617393890624,Normal,False
VC_0845,I,0.44199259501745564,Normal,False
VC_0846,I,1.0722249426269237,Normal,False
VC_0847,I,0.4437094175120973,Normal,False
VC_0848,I,0.9763959882062485,Normal,False
VC_0849,I,0.27271237091001244,Normal,False
VC_0851,I,0.950780648557686,Normal,False
VC_0852,I,0.49652162689924656,Normal,False
VC_0855,I,0.9706291076612258,Normal,False
VC_0856,I,1.1158882756760524,Normal,False
VC_0857,I,0.5569522498997731,Normal,False
VC_0858,I,0.4611313274206672,Normal,False
VC_0859,I,1.2600295258285028,Normal,False
VC_0860,I,0.4299898247165433,Normal,False
VC_0861,I,0.6949324792271147,Normal,False
VC_0862,I,0.7969320513389702,Normal,False
VC_0863,I,0.5351319859233983,Normal,False
VC_0866,I,1.3067852566974627,High Biofilm,True
VC_0867,I,0.9020396036385637,Normal,False
VC_0868,I,0.7667591700246235,Normal,False
VC_0869,I,0.31877251290085684,Normal,False
VC_0870,I,0.530471821323909,Normal,False
VC_0871/VC_A0201,I,0.693953532010707,Normal,False
VC_0873,I,0.6086309055549463,Normal,False
VC_0874,I,0.711573913134889,Normal,False
VC_0878,I,0.7225450370523951,Normal,False
VC_0879,I,0.7999974308041469,Normal,False
VC_0880,I,0.31330142983760545,Normal,False
VC_0881,I,0.41811371967235145,Normal,False
VC_0882,I,0.8887172140949847,Normal,False
VC_0884,I,0.2505602493111988,Normal,False
VC_0886,I,0.6631911958005128,Normal,False
VC_0892,I,0.44184593350320633,Normal,False
VC_0894,I,1.00915407129662,High Biofilm,True
VC_0896,I,1.146933167699153,Normal,False
VC_0898,I,0.12123918864376979,Normal,False
VC_0899,I,0.25291102673432897,Normal,False
VC_0900,I,2.5512113483275685,High Biofilm,True
VC_0901,I,0.5138826518818826,Normal,False
VC_0902,I,1.2196392925652342,Normal,False
VC_0903,I,0.5518713613667944,Normal,False
VC_0904,I,0.5710158719527834,Normal,False
VC_0905,I,0.43548043589751506,Normal,False
VC_0906,I,0.24023182784888622,Normal,False
VC_0907,I,0.44613274323010105,Normal,False
VC_0909,I,0.5487557571878914,Normal,False
VC_0910,I,0.7789558170833147,Normal,False
VC_0913,I,1.1336856805249123,Normal,False
VC_0915,I,0.8363806548162693,Normal,False
VC_0916,I,0.085909613586047,Normal,False
VC_0917,I,0.00018736596963969836,Low Biofilm,False
VC_0918,I,0.03979968158272719,Low Biofilm,False
VC_0919,I,0.3070334791925544,Normal,False
VC_0920,I,0.23064485959048595,Normal,False
VC_0921,I,0.21458102326598422,Normal,False
VC_0922,I,0.01003215383441927,Low Biofilm,False
VC_0923,I,0.42699745499833675,Normal,False
VC_0924,I,0.019308192326128258,Low Biofilm,False
VC_0926,I,0.20539851442658855,Normal,False
VC_0927,I,0.0009996758452279915,Low Biofilm,False
VC_0928,I,0.4707448057676441,Normal,False
VC_0929,I,1.4433201043664758,Dispersal Defect,True
VC_0930,I,0.9628343792205948,Normal,False
VC_0931,I,0.32702050099165875,Normal,False
VC_0932,I,0.23733455070118184,Normal,False
VC_0934,I,0.001524904835083785,Low Biofilm,False
VC_0935,I,0.004029201084376203,Low Biofilm,False
VC_0937,I,0.8430238262054369,Normal,False
VC_0938,I,0.08013718224043924,Normal,False
VC_0939,I,0.8385082833681747,Normal,False
VC_0941,I,2.017494515606301,High Biofilm,True
VC_0942,I,0.8211663785528547,Normal,False
VC_0943,I,2.488615170762947,Dispersal Defect,True
VC_0944,I,1.012890495738531,Normal,False
VC_0946,I,0.6556855102529898,Normal,False
VC_0947,I,1.1641346305719635,Normal,False
VC_0951,I,0.526962979705979,Normal,False
VC_0952,I,0.4159778317966842,Normal,False
VC_0955,I,1.0610981287845787,Normal,False
VC_0956,I,1.0348560168097303,Normal,False
VC_0959,I,0.7722338644521108,Normal,False
VC_0962,I,0.5285975901625602,Normal,False
VC_0964,I,0.7167604340717698,Normal,False
VC_0965,I,0.624680075728023,Normal,False
VC_0968,I,0.6574185638235587,Normal,False
VC_0969,I,0.6172403978934795,Normal,False
VC_0972,I,0.7622190832859801,Normal,False
VC_0973,I,0.9706656894433936,Normal,False
VC_0974,I,0.26688128833412805,Normal,False
VC_0975,I,0.7335661181751651,Normal,False
VC_0976,I,0.5730542195555219,Normal,False
VC_0977,I,0.6785180931263972,Normal,False
VC_0978,I,0.16529557856371377,Normal,False
VC_0979,I,0.3855920471852045,Normal,False
VC_0980,I,0.6595191071436943,Normal,False
VC_0981,I,0.43906257483401184,Normal,False
VC_0982,I,0.3801750677083771,Normal,False
VC_0983,I,0.10563602864154585,Normal,False
VC_0985,I,1.3968046629734383,Normal,False
VC_0988,I,0.2239323098817187,Normal,False
VC_0989,I,0.6234012515257996,Normal,False
VC_0990,I,1.067155256010788,Normal,False
VC_0992,I,0.6949925348768163,Normal,False
VC_0993,I,0.604308336634404,Normal,False
VC_0994,I,0.41989002267350173,Normal,False
VC_0995,I,0.7130864059786024,Normal,False
VC_0998,I,0.6104039516405726,Normal,False
VC_0999,I,0.3863917904829699,Normal,False
VC_1002,I,1.0652879800694492,Normal,False
VC_1003,I,2.6601206640108974,High Biofilm,True
VC_1005,I,0.6120413040588885,Normal,False
VC_1008,I,0.8092570021437111,Normal,False
VC_1009,I,1.156865890644589,Normal,False
VC_1010,I,0.2477380818518909,Normal,False
VC_1011,I,0.789344708833445,Normal,False
VC_1014,I,0.4864355146017439,Normal,False
VC_1015,I,0.7294588601279133,Normal,False
VC_1017,I,0.4277792016643262,Normal,False
VC_1018,I,0.3994635647239963,Normal,False
VC_1021,I,0.29474022145283973,Normal,False
VC_1022,I,0.004664466135556945,Low Biofilm,False
VC_1023,I,0.60978527144526,Normal,False
VC_1024,I,0.6075301082341327,Normal,False
VC_1025,I,0.46359035883062605,Normal,False
VC_1026,I,0.5488971019714601,Normal,False
VC_1027,I,0.3178660604776304,Normal,False
VC_1029,I,0.47081486623382174,Normal,False
VC_1031,I,0.44912845011637004,Normal,False
VC_1033,I,0.5688869058585684,Normal,False
VC_1035,I,0.6426117698247682,Normal,False
VC_1037,I,0.310327779024022,Normal,False
VC_1038,I,0.830679781984226,Normal,False
VC_1039,I,0.3725225735169507,Normal,False
VC_1040,I,0.6568034949924819,Normal,False
VC_1043,I,1.1368801328229672,Normal,False
VC_1044,I,0.6160964648331808,Normal,False
VC_1045,I,0.2945430409655562,Normal,False
VC_1046,I,0.67082541916399,Normal,False
VC_1047,I,0.5480750819065281,Normal,False
VC_1048,I,0.666918190569141,Normal,False
VC_1049,I,0.7909302983643788,Normal,False
VC_1050,I,0.32185810931804354,Normal,False
VC_1051,I,0.443145870810787,Normal,False
VC_1052,I,0.597142554026312,Normal,False
VC_1057,I,0.637684598341722,Normal,False
VC_1060,I,1.2032273140406742,Normal,False
VC_1061,I,0.39369253779781366,Normal,False
VC_1062,I,0.7574568307697094,Normal,False
VC_1063,I,1.000940223973271,Normal,False
VC_1064,I,0.43554717925876485,Normal,False
VC_1065,I,0.6829745834706897,Normal,False
VC_1066,I,0.6856675911568697,Normal,False
VC_1067,I,0.04889270215389802,Low Biofilm,False
VC_1068,I,0.3397256883241773,Normal,False
VC_1069,I,0.5445542692849271,Normal,False
VC_1071,I,0.8235597098845652,Normal,False
VC_1073,I,0.6820671947678465,Normal,False
VC_1074,I,0.7650287246615584,Normal,False
VC_1075,I,0.38175243135410675,Normal,False
VC_1076,I,0.5922088285859486,Normal,False
VC_1077,I,0.42106678570978995,Normal,False
VC_1079,I,0.9800460742920739,Normal,False
VC_1080,I,0.18684839426756955,Normal,False
VC_1081,I,0.9079984883821319,Normal,False
VC_1082,I,0.8653556666766821,Normal,False
VC_1083,I,0.5388630267575131,Normal,False
VC_1084,I,0.7175416256577007,Normal,False
VC_1085,I,0.6490309028770751,Normal,False
VC_1086,I,0.7326864834752465,Normal,False
VC_1087,I,1.1055460641525279,Normal,False
VC_1088,I,0.5539454213491997,Normal,False
VC_1089,I,0.3525825462668947,Normal,False
VC_1090,I,0.3794389512982802,Normal,False
VC_1091,I,0.3847927720272476,Normal,False
VC_1093,I,0.06123255317996818,Low Biofilm,False
VC_1095,I,0.6658977795411354,Normal,False
VC_1096,I,0.4151427238802526,Normal,False
VC_1097,I,0.8447407289526171,Dispersal Defect,True
VC_1098,I,0.334934825777904,Normal,False
VC_1100,I,0.5229769698690938,Normal,False
VC_1101,I,0.7618578799852683,Normal,False
VC_1102,I,0.7234988384733819,Normal,False
VC_1103,I,0.8448741153594435,Normal,False
VC_1104,I,0.392322292578728,Normal,False
VC_1105,I,0.5861338451699059,Normal,False
VC_1109,I,0.6071125275250707,Normal,False
VC_1111,I,0.8112585673329353,High Biofilm,True
VC_1113,I,1.042689400223109,High Biofilm,True
VC_1114,I,1.0431176143935323,High Biofilm,True
VC_1115,I,1.6816496126655114,High Biofilm,True
VC_1116,I,0.5456950591207982,Normal,False
VC_1117,I,0.6566845874811571,Normal,False
VC_1118,I,0.925767002317104,Normal,False
VC_1119,I,0.9010349756098115,Normal,False
VC_1120,I,0.7285368253367798,Normal,False
VC_1121,I,0.29055106568997,Normal,False
VC_1122,I,0.7038806372784425,Normal,False
VC_1123,I,0.5612324856062161,Normal,False
VC_1125,I,0.7856926833112707,Normal,False
VC_1126,I,0.36821463062156407,Normal,False
VC_1127,I,0.10815765703159472,Low Biofilm,False
VC_1129,I,0.9950285544732324,Normal,False
VC_1131,I,0.6734891346735892,Normal,False
VC_1132,I,0.5387734782998843,Normal,False
VC_1134,I,0.9375027322959016,Normal,False
VC_1135,I,0.44818842538117226,Normal,False
VC_1136,I,0.44982985730353237,Normal,False
VC_1137,I,1.229732253079362,Normal,False
VC_1138,I,0.3176755944527411,Normal,False
VC_1139,I,0.7612485625861231,Normal,False
VC_1140,I,3.084415099818867,High Biofilm,True
VC_1141,I,0.6070312049526461,Normal,False
VC_1142,I,0.6065522979286883,Normal,False
VC_1143,I,0.36435535291851484,Normal,False
VC_1144,I,0.020312451193203032,Low Biofilm,False
VC_1145,I,0.38905537223833825,Normal,False
VC_1146,I,1.4019588153864264,High Biofilm,True
VC_1147,I,0.5715504207368213,Normal,False
VC_1148,I,0.3550890604288449,Normal,False
VC_1149,I,0.9420901680323055,Normal,False
VC_1150,I,0.6665141190374062,Normal,False
VC_1151,I,0.8884701700303986,Normal,False
VC_1152,I,0.9219501247052696,Normal,False
VC_1153,I,0.6072829638538735,Normal,False
VC_1154,I,1.5941685941847241,Dispersal Defect,True
VC_1155,I,0.668892469895249,Normal,False
VC_1156,I,0.6377401063475711,Normal,False
VC_1157,I,1.0955805045433908,Normal,False
VC_1158,I,0.6365664129708835,Normal,False
VC_1160,I,0.6810453124433004,Normal,False
VC_1161,I,0.25222989000086876,Normal,False
VC_1162,I,0.24197829028110895,Normal,False
VC_1163,I,0.6521632932119638,Normal,False
VC_1164,I,0.23838159219657196,Normal,False
VC_1165,I,0.7425873729137135,Normal,False
VC_1167,I,0.41398401766514425,Normal,False
VC_1168,I,0.37657600886166365,Normal,False
VC_1169,I,1.53974707395378,Normal,False
VC_1172,I,0.0001795354485668621,Low Biofilm,False
VC_1173,I,0.7646684576404635,Dispersal Defect,True
VC_1174,I,6.788952131805933e-05,Low Biofilm,False
VC_1177,I,0.572271489795935,Normal,False
VC_1178,I,0.6448593759218462,Normal,False
VC_1182,I,0.266125610367753,Normal,False
VC_1183,I,0.6415345801257194,Normal,False
VC_1184,I,0.9741043100900688,Normal,False
VC_1185,I,0.7576510419130656,Normal,False
VC_1186,I,0.7145628520570715,Normal,False
VC_1188,I,0.8990572186736985,Normal,False
VC_1189,I,0.8078150980953878,Normal,False
VC_1190,I,0.5732608029652422,Normal,False
VC_1191,I,0.4437949332796626,Normal,False
VC_1193,I,0.757376511354017,Normal,False
VC_1194,I,0.43316254195206677,Normal,False
VC_1195,I,0.5615203247112454,Normal,False
VC_1196,I,0.442500573523513,Normal,False
VC_1197,I,1.1043578584417808,Normal,False
VC_1198,I,0.8661388311375197,Normal,False
VC_1199,I,0.5299736536906926,Normal,False
VC_1200,I,0.6035577413288056,Normal,False
VC_1201,I,0.0047494776496714896,Low Biofilm,False
VC_1203,I,0.27435487286622035,Normal,False
VC_1204,I,0.755187890872793,Normal,False
VC_1205,I,0.6570532141416872,Normal,False
VC_1206,I,0.6031409631451293,Normal,False
VC_1207,I,1.0227431667767364,Normal,False
VC_1208,I,0.7058696295699562,Normal,False
VC_1210,I,0.6096139322753983,Normal,False
VC_1211,I,0.5506535290938894,Normal,False
VC_1212,I,0.8482342891496597,Normal,False
VC_1213,I,1.0276178397241302,Normal,False
VC_1214,I,0.5815591829625589,Normal,False
VC_1216,I,0.8704187658969429,Normal,False
VC_1218,I,0.8209747087398866,Normal,False
VC_1220,I,0.4836919277531259,Normal,False
VC_1223,I,0.5798062000115767,Normal,False
VC_1224,I,0.6738608376814315,Normal,False
VC_1225,I,0.5611508955253296,Normal,False
VC_1226,I,0.8000332769380446,Normal,False
VC_1228,I,0.4019152129004061,Normal,False
VC_1229,I,0.8589278061608049,Normal,False
VC_1230,I,0.7720250740975799,Normal,False
VC_1232,I,0.5415808458535364,Normal,False
VC_1233,I,0.5376007880799288,Normal,False
VC_1234,I,0.35579463406030176,Normal,False
VC_1235,I,0.5300638040423608,Normal,False
VC_1236,I,0.5570901839504523,Normal,False
VC_1237,I,0.5196368592135219,Normal,False
VC_1238,I,0.9192680179889131,Normal,False
VC_1239,I,0.5408173767032077,Normal,False
VC_1240,I,0.7933059741376024,Normal,False
VC_1241,I,0.386484589168411,Normal,False
VC_1242,I,0.39779393740974944,Normal,False
VC_1243,I,0.8352060920370805,Normal,False
VC_1244,I,0.5662925419177226,Normal,False
VC_1249,I,0.41049126668119895,Normal,False
VC_1250,I,0.7242502028658084,Normal,False
VC_1252,I,0.3999478887943081,Normal,False
VC_1253,I,0.8154733303433225,Normal,False
VC_1254,I,0.30395891081171045,Normal,False
VC_1258,I,0.5994692757510037,Normal,False
VC_1259,I,0.564805462377892,Normal,False
VC_1260,I,0.8003325520298211,Normal,False
VC_1261,I,0.5338229667035352,Normal,False
VC_1264,I,0.6817069946238671,Normal,False
VC_1265,I,0.6682093870377284,Normal,False
VC_1266,I,0.7284492831926154,Normal,False
VC_1267,I,0.8636675210891586,Normal,False
VC_1268,I,0.5213080782031173,Normal,False
VC_1270,I,0.44632917469369116,Normal,False
VC_1272,I,0.8421547580897643,Normal,False
VC_1273,I,0.9157556987609782,Normal,False
VC_1274,I,0.8116603984813016,Normal,False
VC_1275,I,1.0470219003953003,Normal,False
VC_1276,I,1.0085414769188161,Normal,False
VC_1277,I,1.018116273542199,Normal,False
VC_1279,I,0.6537499527767451,Normal,False
VC_1280,I,0.44160193903508627,Normal,False
VC_1282,I,0.5092820747922868,Normal,False
VC_1283,I,0.8111937968465922,Normal,False
VC_1284,I,0.38105309735752424,Normal,False
VC_1285,I,0.5280733404543064,Normal,False
VC_1286,I,0.5959586284509558,Normal,False
VC_1287,I,0.3872299346204443,Normal,False
VC_1290,I,0.3702085718196234,Normal,False
VC_1291,I,1.7464004371366924,High Biofilm,True
VC_1293,I,0.11710363488895797,Low Biofilm,False
VC_1294,I,0.6034597663546262,Normal,False
VC_1295,I,1.5383956880812601,High Biofilm,True
VC_1296,I,0.015322180482929545,Low Biofilm,False
VC_1298,I,0.520332381214522,Normal,False
VC_1300,I,0.6393016869940472,Normal,False
VC_1301,I,0.24865963512779285,Normal,False
VC_1302,I,0.5853197500431584,Normal,False
VC_1304,I,0.6270107432025281,Normal,False
VC_1305,I,0.6770692672966218,Normal,False
VC_1309,I,0.6268971189833262,Normal,False
VC_1311,I,0.7775401623028176,Normal,False
VC_1312,I,0.35943239469374394,Normal,False
VC_1313,I,0.47692545502614647,Normal,False
VC_1314,I,0.8343120118802181,Normal,False
VC_1315,I,0.6732903758863804,Normal,False
VC_1316,I,0.5508333616574173,Normal,False
VC_1317,I,0.9155690447316712,Normal,False
VC_1318,I,0.33403391077983935,Normal,False
VC_1319,I,1.3563428043194898,High Biofilm,True
VC_1320,I,2.450543165830704,High Biofilm,True
VC_1321,I,0.7185218435393025,Normal,False
VC_1323,I,0.7411130000258244,Normal,False
VC_1324,I,0.4409476400880685,Normal,False
VC_1325,I,0.5833883389480735,Normal,False
VC_1326,I,0.5272156080097077,Normal,False
VC_1327,I,0.4893777264833398,Normal,False
VC_1328,I,0.6312340999222547,Normal,False
VC_1329,I,0.6263765475164239,Normal,False
VC_1332,I,0.25734267223022034,Normal,False
VC_1333,I,0.7697784711572342,Normal,False
VC_1334,I,0.4878147213543039,Normal,False
VC_1335,I,1.0617928482601928,Normal,False
VC_1336,I,0.47584689434623023,Normal,False
VC_1337,I,0.3478246273877072,Normal,False
VC_1338,I,1.0306365389627015,Normal,False
VC_1339,I,0.4213003205970488,Normal,False
VC_1340,I,0.66540670088216,Normal,False
VC_1341,I,0.8545024805523265,Normal,False
VC_1343,I,1.0538015011000486,Normal,False
VC_1344,I,0.7514751074912045,Normal,False
VC_1345,I,0.6717667145643819,Normal,False
VC_1346,I,0.518704458469489,Normal,False
VC_1348,I,0.35464461518249435,Normal,False
VC_1350,I,2.119804263779756,High Biofilm,True
VC_1353,I,0.01939191846208326,Low Biofilm,False
VC_1354,I,0.5263321947527644,Normal,False
VC_1355,I,1.0416370219339035,Normal,False
VC_1359,I,6.450601811487888,High Biofilm,True
VC_1360,I,0.8308486801393727,Normal,False
VC_1361,I,0.5218863579329679,Normal,False
VC_1362,I,0.6865472258567883,Normal,False
VC_1363,I,0.9196393866111778,Normal,False
VC_1364,I,0.47308129155119594,Normal,False
VC_1365,I,1.395650497714471,Normal,False
VC_1367,I,0.8007905265166335,Normal,False
VC_1368,I,0.4827501642129256,Normal,False
VC_1369,I,0.2546419536126255,Normal,False
VC_1370,I,0.4148158753537634,Normal,False
VC_1372,I,0.6283043472472728,Normal,False
VC_1373,I,0.633358518372617,Normal,False
VC_1374,I,0.3424611228524182,Normal,False
VC_1375,I,0.7527506212762116,Normal,False
VC_1376,I,0.3458377885393119,Normal,False
VC_1377,I,0.5120634271480168,Normal,False
VC_1378,I,0.3613872796563625,Normal,False
VC_1379,I,0.7659963027683343,Normal,False
VC_1380,I,0.5517560652197055,Normal,False
VC_1382,I,0.6118212783489568,Normal,False
VC_1384,I,1.1983633414317572,Normal,False
VC_1386,I,0.3906897753758614,Normal,False
VC_1388,I,0.5944144358545047,Normal,False
VC_1390,I,0.7787867517353793,Normal,False
VC_1391,I,0.7366747671340581,Normal,False
VC_1393,I,0.6852030627127402,Normal,False
VC_1394,I,0.6235937907412689,Normal,False
VC_1397,I,0.6731657838202397,Normal,False
VC_1398,I,0.41981259903690965,Normal,False
VC_1399,I,0.5616598303741382,Normal,False
VC_1400,I,0.5748555546609967,Normal,False
VC_1401,I,0.7728664550874434,Normal,False
VC_1403,I,0.45750246813129547,Normal,False
VC_1405,I,0.7695842934524357,Normal,False
VC_1406,I,0.5504981735546276,Normal,False
VC_1407,I,0.8613900877985762,Normal,False
VC_1409,I,0.4565832421790122,Normal,False
VC_1410,I,0.6390218062657601,Normal,False
VC_1411,I,0.481081198982122,Normal,False
VC_1412,I,1.0868513690452626,Normal,False
VC_1414,I,1.2357938610723087,High Biofilm,True
VC_1415,I,0.8313524320117317,Normal,False
VC_1416,I,0.7210856446383735,Normal,False
VC_1418,I,0.6562113650120152,Normal,False
VC_1420,I,0.8264316138546561,Normal,False
VC_1422,I,0.4474233511800721,Normal,False
VC_1423,I,1.71260943699772,High Biofilm,True
VC_1424,I,3.497621243003008,High Biofilm,True
VC_1425,I,0.5895564821859811,Normal,False
VC_1426,I,1.6289486399845414,Dispersal Defect,True
VC_1427,I,5.863742951509054,High Biofilm,True
VC_1428,I,4.296695234596596,High Biofilm,True
VC_1429,I,0.7571823670877763,Normal,False
VC_1433,I,0.5582791921865851,Normal,False
VC_1434,I,0.3631578312255815,Normal,False
VC_1435,I,0.3615058728452446,Normal,False
VC_1437,I,0.42345825116997854,Normal,False
VC_1438,I,0.47179985914146877,Normal,False
VC_1439,I,0.4035097840279489,Normal,False
VC_1441,I,0.594773499087521,Normal,False
VC_1442,I,0.7947681753904741,Normal,False
VC_1443,I,0.7994764580745517,Normal,False
VC_1444,I,0.8195603246245837,Normal,False
VC_1445,I,0.6246562005977965,Normal,False
VC_1447,I,0.5208000261322329,Normal,False
VC_1448,I,0.8430665941207869,Normal,False
VC_1451,I,0.9553986471358645,Normal,False
VC_1453,I,0.4546865670577081,Normal,False
VC_1454/VC_1463,I,0.593230710910495,Normal,False
VC_1455/VC_1464,I,1.2892807736144087,Normal,False
VC_1457,I,0.8714333586159018,Normal,False
VC_1458,I,0.9471612590678663,Normal,False
VC_1459,I,0.41467260450926896,Normal,False
VC_1460,I,0.5416182635996477,Normal,False
VC_1461,I,0.6103751276038004,Normal,False
VC_1462,I,1.2311257715346349,Dispersal Defect,True
VC_1465,I,0.8248664218439441,Normal,False
VC_1466,I,0.6472785886972477,Normal,False
VC_1467,I,0.49947160321394973,Normal,False
VC_1468/VC_1474,I,0.6332169060805865,Normal,False
VC_1469/VC_1475,I,0.7123294239084754,Normal,False
VC_1470/VC_1476,I,0.8964981658498266,Normal,False
VC_1471,I,0.7987535164562045,Normal,False
VC_1472,I,0.41065742287461093,Normal,False
VC_1473,I,0.5322951590003768,Normal,False
VC_1477,I,0.7270310202046146,Normal,False
VC_1478,I,0.4337730631392908,Normal,False
VC_1480,I,0.8693869857593055,Normal,False
VC_1482,I,1.044256665424401,Normal,False
VC_1486,I,0.5464465907060134,Normal,False
VC_1487,I,0.6824271942804796,Normal,False
VC_1492,I,0.6101826552654467,Normal,False
VC_1494,I,0.8990948704897143,Normal,False
VC_1495,I,0.33380872215659246,Normal,False
VC_1496,I,1.2112741023295523,Normal,False
VC_1497,I,1.5444203799064613,High Biofilm,True
VC_1498,I,1.635899512982036,Dispersal Defect,True
VC_1499,I,0.4297348222752151,Normal,False
VC_1500,I,0.7013171036878334,Normal,False
VC_1501,I,0.6605823864027232,Normal,False
VC_1502,I,0.5661120071444822,Normal,False
VC_1503,I,1.1651625987140186,Normal,False
VC_1504,I,0.4054018245651502,Normal,False
VC_1505,I,0.1997747843472523,Normal,False
VC_1507,I,0.42727082189557597,Normal,False
VC_1508,I,1.069101848211087,Normal,False
VC_1509,I,0.9425897400849469,Normal,False
VC_1511,I,1.0389832711145108,Normal,False
VC_1512,I,0.6277241213933615,Normal,False
VC_1513,I,0.64063364506452,Normal,False
VC_1516,I,0.2403763359200171,Normal,False
VC_1517,I,0.5853009575737083,Normal,False
VC_1518,I,0.7437085677547487,Normal,False
VC_1519,I,0.3750315019427698,Normal,False
VC_1520,I,1.2622515848674671,Normal,False
VC_1521,I,0.3951862247966537,Normal,False
VC_1524,I,0.58702745718696,Normal,False
VC_1525,I,0.8765852372069635,Normal,False
VC_1526,I,0.3913779877081394,Normal,False
VC_1527,I,0.7984014753203138,Normal,False
VC_1528,I,0.5987467353953494,Normal,False
VC_1529,I,0.9733012496873756,Normal,False
VC_1530,I,0.5797151133802919,Normal,False
VC_1532,I,0.46830947560741154,Normal,False
VC_1533,I,0.6352032567260387,Normal,False
VC_1534,I,0.9451598945099886,Normal,False
VC_1535,I,0.23968144925161408,Normal,False
VC_1536,I,0.4974738901465773,Normal,False
VC_1537,I,0.5521462263114204,Normal,False
VC_1539,I,0.4206229824837479,Normal,False
VC_1540,I,0.5580178364192862,Normal,False
VC_1541,I,0.6612066173986207,Normal,False
VC_1542,I,0.416223886079961,Normal,False
VC_1543,I,0.654253203070738,Normal,False
VC_1544,I,0.40823021828390943,Normal,False
VC_1545,I,0.2072306798822999,Normal,False
VC_1546,I,0.48441836704461266,Normal,False
VC_1547,I,0.2857001073677257,Normal,False
VC_1548,I,0.3783614606522117,Normal,False
VC_1549,I,0.5002389980509571,Normal,False
VC_1550,I,0.2201198929734869,Normal,False
VC_1551,I,0.4137815003840453,Normal,False
VC_1553,I,0.7980967831821832,Normal,False
VC_1555,I,0.35009217624062156,Normal,False
VC_1556,I,1.0266707928918068,Normal,False
VC_1557,I,0.6028643593955009,Normal,False
VC_1558,I,1.1651936296956016,Normal,False
VC_1559,I,0.5322806801048753,Normal,False
VC_1560,I,0.25891045907301313,Normal,False
VC_1561,I,0.32381230544637263,Normal,False
VC_1562,I,0.3560077981781852,Normal,False
VC_1563,I,0.5459898534458374,Normal,False
VC_1564,I,0.5384099343001307,Normal,False
VC_1566,I,0.767124519706495,Normal,False
VC_1567,I,0.40105214366199204,Normal,False
VC_1568,I,0.7829892427950759,Normal,False
VC_1570,I,0.8941022931877277,Normal,False
VC_1571,I,1.3266266268267615,Normal,False
VC_1572,I,0.795370069429801,Normal,False
VC_1573,I,0.959591106628239,Normal,False
VC_1574,I,0.3043026926238394,Normal,False
VC_1575,I,0.6732342994250498,Normal,False
VC_1577,I,0.7051110424490578,Normal,False
VC_1578,I,0.7195116917255334,Normal,False
VC_1579,I,0.9026937955821966,Normal,False
VC_1580,I,0.842371038681229,Normal,False
VC_1581,I,1.717489393237237,High Biofilm,True
VC_1583,I,0.4656191430058509,Normal,False
VC_1584,I,0.23465345382926905,Normal,False
VC_1585,I,0.5694696730428679,Normal,False
VC_1588,I,0.4156066972443236,Normal,False
VC_1589,I,0.28292287464230936,Normal,False
VC_1591,I,0.4723144517942472,Normal,False
VC_1592,I,0.40611730269740975,Normal,False
VC_1593,I,0.73025476467925,Normal,False
VC_1594,I,0.5375292964434799,Normal,False
VC_1595,I,0.8148618059993663,Normal,False
VC_1596,I,0.24709071137403696,Normal,False
VC_1597,I,0.4803676870370575,Normal,False
VC_1598,I,0.8390548031558838,Normal,False
VC_1599,I,0.7674227247644237,Normal,False
VC_1600,I,0.6370699307733382,Normal,False
VC_1601,I,0.7197879610895845,Normal,False
VC_1602,I,0.5411936273549026,Normal,False
VC_1603,I,0.7496596947529212,Normal,False
VC_1604,I,0.20424975952626367,Normal,False
VC_1605,I,0.23919497842589538,Normal,False
VC_1606,I,0.837048021551652,Normal,False
VC_1607,I,1.0629702867553474,Normal,False
VC_1608,I,1.449766255773437,Normal,False
VC_1609,I,0.4273895354632659,Normal,False
VC_1610,I,0.4920935325781871,Normal,False
VC_1611,I,0.6163928642089916,Normal,False
VC_1612,I,0.5924960657969387,Normal,False
VC_1614,I,0.5143236730199207,Normal,False
VC_1615,I,0.6421477763975626,Normal,False
VC_1617,I,0.29040634361206963,Normal,False
VC_1618,I,0.8397483857205349,Normal,False
VC_1619,I,0.4292750866910284,Normal,False
VC_1621,I,0.4328576826211477,Normal,False
VC_1622,I,0.6089999334781692,Normal,False
VC_1623,I,0.08370509641447332,Normal,False
VC_1625,I,0.023600909308633365,Low Biofilm,False
VC_1627,I,0.5150113971492557,Normal,False
VC_1628,I,0.6969704924442758,Normal,False
VC_1629,I,0.7033826033994571,Normal,False
VC_1631,I,0.8651704505053579,Normal,False
VC_1632,I,0.7177477409276125,Normal,False
VC_1633,I,0.5165033520308048,Normal,False
VC_1634,I,0.46617917197088693,Normal,False
VC_1635,I,0.9675351047906231,Normal,False
VC_1636,I,0.3601375469993733,Normal,False
VC_1638,I,0.656158063950977,Normal,False
VC_1639,I,0.8819212284969435,Normal,False
VC_1640,I,0.6823139713239706,Normal,False
VC_1641,I,0.44008572782375227,Normal,False
VC_1643,I,0.7512834711167944,Normal,False
VC_1647,I,0.7993871102482694,Normal,False
VC_1649,I,0.41196822102574576,Normal,False
VC_1650,I,0.8236048519375146,Normal,False
VC_1651,I,0.25334494552270287,Normal,False
VC_1652,I,0.7616815250317456,Dispersal Defect,True
VC_1653,I,1.195208747894529,Normal,False
VC_1654,I,0.3749438394197976,Normal,False
VC_1655,I,0.7606460666527567,Normal,False
VC_1656,I,0.2768314193927236,Normal,False
VC_1658,I,0.6470635787709771,Normal,False
VC_1659,I,0.28209521014883077,Normal,False
VC_1660,I,0.27990821478151307,Normal,False
VC_1661,I,0.797202301762628,Normal,False
VC_1664,I,0.631745910487029,Normal,False
VC_1665,I,0.7181948813217169,Normal,False
VC_1666,I,0.6877181103946258,Normal,False
VC_1668,I,0.9362093288825034,Normal,False
VC_1669,I,0.5436799178771314,Normal,False
VC_1670,I,0.6019922818096315,Normal,False
VC_1671,I,0.4216138672652689,Normal,False
VC_1672,I,0.401227134322359,Normal,False
VC_1674,I,0.7109916475289558,Normal,False
VC_1675,I,0.38315022994477044,Normal,False
VC_1679,I,0.4504157677122595,Normal,False
VC_1682,I,0.5063133327589797,Normal,False
VC_1683,I,0.777027616089773,Normal,False
VC_1684,I,0.32467234515145543,Normal,False
VC_1685,I,0.4378223186642862,Normal,False
VC_1686,I,0.4934292825811078,Normal,False
VC_1687,I,0.8697307341328767,Normal,False
VC_1689,I,0.9934459075353796,Normal,False
VC_1690,I,0.3546853500335337,Normal,False
VC_1691,I,0.6814602180677432,Normal,False
VC_1692,I,0.759559848543118,Normal,False
VC_1693,I,0.6798123659422967,Normal,False
VC_1695,I,0.7318582104000171,Normal,False
VC_1696,I,0.5126845817966024,Normal,False
VC_1697,I,1.1093795272890015,Normal,False
VC_1698,I,0.7384294220129273,Normal,False
VC_1699,I,1.207438900388076,Normal,False
VC_1700,I,0.49021701421948893,Normal,False
VC_1701,I,0.000969923353461557,Low Biofilm,False
VC_1702,I,0.29243282721452196,Normal,False
VC_1703,I,0.2802528325575855,Normal,False
VC_1704,I,0.5820796206752302,Normal,False
VC_1706,I,0.834402563494579,Normal,False
VC_1707,I,0.7051129818854067,Normal,False
VC_1708,I,0.5962872625964283,Normal,False
VC_1709,I,0.4982537040639293,Normal,False
VC_1710,I,0.6913265320375065,Dispersal Defect,True
VC_1711,I,0.833639294975597,Normal,False
VC_1712,I,0.9347499364684819,Normal,False
VC_1713,I,0.70513291126582,Normal,False
VC_1714,I,0.2964665003716104,Normal,False
VC_1717,I,0.36157170667772387,Normal,False
VC_1718,I,0.39119842265307353,Normal,False
VC_1719,I,0.8085354315062313,Normal,False
VC_1720,I,0.5133451738801867,Normal,False
VC_1721,I,0.5927996879012213,Normal,False
VC_1723,I,0.8339682635066468,Normal,False
VC_1725,I,1.0074020246252546,Normal,False
VC_1726,I,1.071098531370881,Normal,False
VC_1729,I,0.5142223541899673,Normal,False
VC_1730,I,0.8306056152631579,Normal,False
VC_1731,I,0.9621630667353988,Normal,False
VC_1733,I,1.471556491924961,Normal,False
VC_1734,I,0.4594816294868336,Normal,False
VC_1735,I,0.35907192704130253,Normal,False
VC_1736,I,0.8349971010512031,Normal,False
VC_1740,I,1.192968498280154,Normal,False
VC_1741,I,0.4445384730495779,Normal,False
VC_1743,I,0.4986223775384402,Normal,False
VC_1744,I,0.3299486619912922,Normal,False
VC_1745,I,0.3914215915874329,Normal,False
VC_1746,I,0.7400786116806831,Normal,False
VC_1747,I,0.46276863971271376,Normal,False
VC_1748,I,0.6643073079807715,Normal,False
VC_1749,I,0.8580282420804729,Normal,False
VC_1750,I,1.1219664691936384,Normal,False
VC_1751,I,0.7226118472907603,Normal,False
VC_1752,I,0.919664097705348,Normal,False
VC_1753,I,0.8117019960471306,Normal,False
VC_1754,I,0.5898159653940465,Normal,False
VC_1755,I,0.6139529195277911,Normal,False
VC_1756,I,0.7397119913336175,Normal,False
VC_1757,I,0.8321193787720653,Normal,False
VC_1758,I,0.2262325883949493,Normal,False
VC_1759,I,0.5036891683754756,Normal,False
VC_1760,I,0.48506326306919384,Normal,False
VC_1761,I,0.8166222791872823,Normal,False
VC_1762,I,0.5857307099177878,Normal,False
VC_1763,I,0.4972771978622368,Normal,False
VC_1764,I,0.6073463299207915,Normal,False
VC_1765,I,0.6003315892780129,Normal,False
VC_1766,I,0.8205860858218279,Normal,False
VC_1767,I,0.25620288555108145,Normal,False
VC_1768,I,0.6177038563037613,Normal,False
VC_1769,I,0.43567516868237194,Normal,False
VC_1770,I,0.4111621444651444,Normal,False
VC_1771,I,0.38589208467609754,Normal,False
VC_1772,I,1.0264816644092274,Normal,False
VC_1773,I,0.4459105239507815,Normal,False
VC_1774,I,0.5116509491628661,Normal,False
VC_1775,I,0.6936971920270691,Normal,False
VC_1776,I,0.6219924182110815,Normal,False
VC_1779,I,0.5622251426312972,Normal,False
VC_1780/VC_1781,I,0.4743824058960091,Normal,False
VC_1782,I,0.2970687488596494,Normal,False
VC_1783,I,0.3638768471572499,Normal,False
VC_1784,I,1.1021215545772192,Normal,False
VC_1786,I,0.7943642376129701,Normal,False
VC_1787,I,0.47973171910739315,Normal,False
VC_1788,I,0.6940160955522392,Normal,False
VC_1791,I,0.2839878525800714,Normal,False
VC_1793,I,0.5905026596158031,Normal,False
VC_1794,I,0.75978060990132,Normal,False
VC_1795,I,0.7906109935765158,Normal,False
VC_1796,I,0.40646880881637665,Normal,False
VC_1797,I,4.464714891954342,High Biofilm,True
VC_1798,I,0.37156507379147774,Normal,False
VC_1799,I,0.564457701377392,Normal,False
VC_1800,I,0.8715009045025374,Normal,False
VC_1804,I,0.5434598252900843,Normal,False
VC_1805,I,0.6766522216044837,Normal,False
VC_1806,I,0.5049341661326888,Normal,False
VC_1808,I,0.4049359184524418,Normal,False
VC_1810/VC_1811,I,0.6199968050851352,Normal,False
VC_1812,I,0.8319415525220019,Normal,False
VC_1815,I,0.5537944128224441,Normal,False
VC_1816,I,0.6595994265593867,Normal,False
VC_1817,I,0.5227651031672508,Normal,False
VC_1818,I,0.5296682927814075,Normal,False
VC_1819,I,0.723420124108461,Normal,False
VC_1820,I,0.6974512051503515,Normal,False
VC_1821,I,0.6386204766957599,Normal,False
VC_1822,I,0.6610835300675785,Normal,False
VC_1823,I,0.44355974652765134,Normal,False
VC_1824,I,0.6408981774948043,Normal,False
VC_1828,I,0.7212123098950941,Normal,False
VC_1829,I,0.3428052724886823,Normal,False
VC_1831,I,0.49333596225416587,Normal,False
VC_1834,I,1.061848490020273,Normal,False
VC_1838,I,0.5697839954856275,Normal,False
VC_1841,I,0.43859258921725913,Normal,False
VC_1842,I,0.4129184378333428,Normal,False
VC_1843,I,0.8685951272734553,Normal,False
VC_1845,I,0.44427477658323716,Normal,False
VC_1848,I,0.602806243182148,Normal,False
VC_1851,I,0.9806375355013859,Normal,False
VC_1852,I,0.3073719041477333,Normal,False
VC_1854,I,1.4802549977041992,Normal,False
VC_1855,I,0.14383320078312267,Normal,False
VC_1857,I,0.4003387387203124,Normal,False
VC_1859,I,0.3211416347167634,Normal,False
VC_1861,I,0.6614581087913862,Normal,False
VC_1862,I,0.8001528532205243,Normal,False
VC_1863,I,0.14779140311539102,Normal,False
VC_1864,I,0.6384038617187179,Normal,False
VC_1865,I,0.27225256399023595,Normal,False
VC_1866,I,0.22004724436294013,Normal,False
VC_1867,I,0.7699523516574842,Normal,False
VC_1868,I,0.5889220858685303,Normal,False
VC_1869,I,0.9037119996653915,Normal,False
VC_1870,I,0.7779847613665338,Normal,False
VC_1871,I,0.7215718412679187,Normal,False
VC_1872,I,0.4853793911940715,Normal,False
VC_1873,I,0.4164886191415917,Normal,False
VC_1874,I,0.8089815687436036,Normal,False
VC_1879,I,0.5713379521409389,Normal,False
VC_1880,I,1.2959505620955376,Normal,False
VC_1885,I,0.4301115410667183,Dispersal Defect,True
VC_1886,I,0.9759519241594562,Normal,False
VC_1887,I,0.9761764975132406,Dispersal Defect,True
VC_1888,I,0.8304392249998417,Normal,False
VC_1890,I,0.10377887120777932,Low Biofilm,False
VC_1892,I,0.6870546894090565,Normal,False
VC_1893,I,1.0090571663562884,Normal,False
VC_1895,I,0.6987885468286207,Normal,False
VC_1896,I,0.6389111246396395,Normal,False
VC_1897,I,0.5947549741265328,Normal,False
VC_1898,I,0.7058358231880807,Normal,False
VC_1899,I,0.6078239662795553,Normal,False
VC_1900,I,3.2021471789619977,High Biofilm,True
VC_1901,I,0.8842100308971578,Normal,False
VC_1902,I,0.653214400835975,Normal,False
VC_1905,I,0.9000962215398078,Normal,False
VC_1906,I,0.48144932406428587,Normal,False
VC_1907,I,0.25334582830062724,Normal,False
VC_1909,I,1.614067144247759,Dispersal Defect,True
VC_1910,I,0.48727193330963886,Normal,False
VC_1914,I,0.6999448521552833,Normal,False
VC_1917,I,0.26844106329848616,Normal,False
VC_1918,I,0.6098113535202974,Normal,False
VC_1919,I,0.3834553233455938,Normal,False
VC_1920,I,0.9932843993014936,Normal,False
VC_1921,I,0.15382876815397586,Normal,False
VC_1922,I,0.7020026609986267,Normal,False
VC_1923,I,0.7454658308411216,Normal,False
VC_1924,I,0.793314266899922,Normal,False
VC_1926,I,0.4738031631356954,Normal,False
VC_1927,I,0.7071197634896385,Normal,False
VC_1928,I,0.7188438568503424,Normal,False
VC_1929,I,0.4124314386784118,Normal,False
VC_1931,I,0.39095161265839173,Normal,False
VC_1932,I,0.01125141393373973,Low Biofilm,False
VC_1933,I,0.9497167005275022,Dispersal Defect,True
VC_1934,I,0.44979710758008146,Normal,False
VC_1935,I,0.478598787332591,Normal,False
VC_1936,I,0.38632679930214564,Normal,False
VC_1938,I,0.545297340915034,Normal,False
VC_1939,I,0.5903945193200707,Normal,False
VC_1940,I,0.3563844032785921,Normal,False
VC_1941,I,0.49736303463995635,Normal,False
VC_1944,I,0.22875095318176272,Normal,False
VC_1945,I,0.32491684788565317,Normal,False
VC_1947,I,0.49165406967693986,Normal,False
VC_1949,I,0.5961937015118708,Normal,False
VC_1950,I,0.7554877009814934,Normal,False
VC_1951,I,0.44102176668286747,Normal,False
VC_1952,I,0.3188379855969125,Normal,False
VC_1953,I,0.5740832577314248,Normal,False
VC_1955,I,0.3671993290051811,Normal,False
VC_1956,I,0.4964587490352715,Normal,False
VC_1957,I,0.3182365329465477,Normal,False
VC_1958,I,0.49233099983983625,Normal,False
VC_1959,I,0.47399202410981317,Normal,False
VC_1960,I,0.4464798153963116,Normal,False
VC_1962,I,0.4075766282343158,Normal,False
VC_1963,I,0.5062742096464234,Normal,False
VC_1964,I,0.6267680461504485,Normal,False
VC_1965,I,0.6621625588873029,Normal,False
VC_1966,I,0.5785944535561804,Normal,False
VC_1967,I,0.8018086637227129,Normal,False
VC_1968,I,0.4841530855906351,Normal,False
VC_1970,I,0.9256805970839028,Normal,False
VC_1971,I,0.5958795128233421,Normal,False
VC_1972,I,0.6880491521162556,Normal,False
VC_1974,I,0.3908636692515345,Normal,False
VC_1975,I,0.18907869256716106,Normal,False
VC_1976,I,0.7083931706455079,Normal,False
VC_1977,I,1.1988980908471414,Normal,False
VC_1978,I,0.6323552947632899,Normal,False
VC_1979,I,0.5268950325566507,Normal,False
VC_1980,I,0.40458088790948904,Normal,False
VC_1981,I,0.589191734398149,Normal,False
VC_1983,I,0.6412129012002568,Normal,False
VC_1984,I,0.6237579740597742,Normal,False
VC_1985,I,0.3440631641537602,Normal,False
VC_1986,I,0.8274964981644566,Normal,False
VC_1990,I,0.6486977210877499,Normal,False
VC_1991,I,0.44899763847848967,Normal,False
VC_1992,I,1.1274874425850385,Normal,False
VC_1993,I,0.4898655348513682,Normal,False
VC_1994,I,0.5125508008147945,Normal,False
VC_1996,I,0.8754621698066947,Normal,False
VC_1997,I,0.9466623557863798,Normal,False
VC_1998,I,0.4517192227561145,Normal,False
VC_1999,I,0.6959446643699161,Normal,False
VC_2001,I,0.4097850710925682,Normal,False
VC_2002,I,0.7800199657448448,Normal,False
VC_2003,I,0.7761365454031071,Normal,False
VC_2004,I,0.26178923132286397,Normal,False
VC_2005,I,0.8732704729781586,Normal,False
VC_2006,I,0.5658090203727967,Normal,False
VC_2007,I,0.5330143555002571,Normal,False
VC_2008,I,0.9544582880150894,Normal,False
VC_2009,I,0.9861571044733608,Normal,False
VC_2010,I,0.5339735070904825,Normal,False
VC_2011,I,0.6537290202395997,Normal,False
VC_2013,I,0.13691149958340085,Low Biofilm,False
VC_2014,I,0.9593976980102685,Normal,False
VC_2017,I,0.3238040795611685,Normal,False
VC_2018,I,1.3527944383263109,Dispersal Defect,True
VC_2019,I,0.37953023856091145,Normal,False
VC_2026,I,0.5536357134274082,Normal,False
VC_2027,I,0.7034588433111052,Normal,False
VC_2028,I,0.4558467646324917,Normal,False
VC_2029,I,0.47541710856359304,Normal,False
VC_2030,I,0.9872043332246743,Normal,False
VC_2031,I,0.7221207017546695,Normal,False
VC_2033,I,0.2598458224732619,Normal,False
VC_2035,I,0.36756574872090025,Normal,False
VC_2036,I,0.4370517404765821,Normal,False
VC_2037,I,0.4427696402222268,Normal,False
VC_2038,I,0.42127580344651355,Normal,False
VC_2039,I,0.4130952274881162,Normal,False
VC_2041,I,0.5040034172534084,Normal,False
VC_2042,I,0.8130656873088992,Normal,False
VC_2043,I,0.5540338328958653,Normal,False
VC_2044,I,1.5848126863603098,Normal,False
VC_2045,I,1.0161183197172106,Normal,False
VC_2046,I,0.9194414303493547,Normal,False
VC_2047,I,0.5160484338281699,Normal,False
VC_2048,I,1.064725142265563,Normal,False
VC_2049,I,0.1059947106750039,Low Biofilm,False
VC_2051,I,0.5032641041171914,Normal,False
VC_2052,I,0.631554775690985,Normal,False
VC_2053,I,1.1397995195450494,Normal,False
VC_2054,I,0.5510566643460075,Normal,False
VC_2055,I,0.5773764206519291,Normal,False
VC_2056,I,0.09224260222590308,Normal,False
VC_2057,I,0.7353683895602566,Normal,False
VC_2058,I,1.1727828447603603,Normal,False
VC_2059,I,2.989446720120198,High Biofilm,True
VC_2060,I,0.837533750041389,Normal,False
VC_2062,I,0.731745789968894,Normal,False
VC_2064,I,0.7120984972287203,Normal,False
VC_2065,I,1.1644386539389393,Normal,False
VC_2066,I,2.0882618060174787,High Biofilm,True
VC_2067,I,2.7043297143223493,High Biofilm,True
VC_2068,I,0.8756693551104541,Normal,False
VC_2069,I,3.1594862669968102,High Biofilm,True
VC_2070,I,0.33177442730705203,Normal,False
VC_2072,I,0.007345587417616885,Low Biofilm,False
VC_2073,I,0.7186232292463713,Normal,False
VC_2074,I,0.5104760988120807,Normal,False
VC_2075,I,0.8403500791285154,Normal,False
VC_2076,I,0.6217826915769339,Normal,False
VC_2077,I,0.818484138082267,Normal,False
VC_2079,I,0.5628269029163934,Normal,False
VC_2080,I,0.6743828804448744,Normal,False
VC_2081,I,0.8945541818570313,Normal,False
VC_2082,I,0.029152632128960312,Low Biofilm,False
VC_2083,I,0.045899991362402554,Low Biofilm,False
VC_2085,I,1.0165342953755012,Normal,False
VC_2086,I,1.0027960639278626,Normal,False
VC_2087,I,0.0997301306365731,Low Biofilm,False
VC_2088,I,0.5139489271033242,Normal,False
VC_2090,I,0.6267453748083005,Normal,False
VC_2092,I,0.5648696644087536,Normal,False
VC_2093,I,1.1185214952209928,Normal,False
VC_2094,I,0.8004237389767792,Normal,False
VC_2095,I,0.6934209895401335,Normal,False
VC_2097,I,0.5422275475602354,Normal,False
VC_2098,I,0.9286307472791063,Normal,False
VC_2100,I,0.5229794443223665,Normal,False
VC_2103,I,0.7300304588339274,Normal,False
VC_2104,I,1.1637797805972225,Normal,False
VC_2105,I,0.5111705842177907,Normal,False
VC_2106,I,0.38384430740007613,Normal,False
VC_2107,I,0.45654948929882905,Normal,False
VC_2110,I,0.4312265832131293,Normal,False
VC_2111,I,1.3822509988567426,High Biofilm,True
VC_2113,I,0.5492993343825192,Normal,False
VC_2114,I,0.42512036818415694,Normal,False
VC_2115,I,0.8174604500756029,Normal,False
VC_2117,I,0.3943323712247529,Normal,False
VC_2118,I,0.638239879031559,Normal,False
VC_2119,I,0.3384344517293207,Normal,False
VC_2120,I,3.5315985627857094,High Biofilm,True
VC_2121,I,3.8891965182018153,High Biofilm,True
VC_2122,I,2.01360788516302,High Biofilm,True
VC_2123,I,4.151933966706523,High Biofilm,True
VC_2126,I,0.3908305316408138,Normal,False
VC_2129,I,2.3482474618514995,High Biofilm,True
VC_2130,I,3.130672596177495,High Biofilm,True
VC_2131,I,1.2635053301513852,Normal,False
VC_2132,I,0.006957170146688196,Low Biofilm,False
VC_2133,I,0.843708781622191,Normal,False
VC_2134,I,3.0368633975214547,High Biofilm,True
VC_2135,I,0.7253204373448473,Normal,False
VC_2136,I,2.0822906158846624,High Biofilm,True
VC_2137,I,2.1208416615950942,High Biofilm,True
VC_2138,I,3.495537485838858,High Biofilm,True
VC_2139,I,0.3497610676418762,Normal,False
VC_2140,I,3.536731381398859,High Biofilm,True
VC_2141,I,0.7160937361075419,Normal,False
VC_2142,I,0.6467018404533417,Normal,False
VC_2143,I,0.48809809975573065,Normal,False
VC_2144,I,0.6816311559749119,Normal,False
VC_2145,I,0.3181388990456573,Normal,False
VC_2146,I,0.8134129801695907,Normal,False
VC_2153,I,0.5117038623366345,Normal,False
VC_2155,I,0.5284220377344232,Normal,False
VC_2156,I,0.7734327705013347,Normal,False
VC_2157,I,0.22477253389748453,Normal,False
VC_2159,I,0.3556488887625345,Normal,False
VC_2160,I,0.5120054714397412,Normal,False
VC_2161,I,0.594361469179044,Normal,False
VC_2162,I,0.6356768135807581,Normal,False
VC_2163,I,0.7449011204780019,Normal,False
VC_2164,I,0.5935518548190337,Normal,False
VC_2166,I,0.44152171324735556,Normal,False
VC_2167,I,0.6283421328175194,Normal,False
VC_2168,I,0.429509533336295,Normal,False
VC_2172,I,0.39054623702290503,Normal,False
VC_2174,I,0.28421001835769855,Normal,False
VC_2176,I,0.3988119141107516,Normal,False
VC_2178,I,0.8911578275473401,Normal,False
VC_2180,I,0.609531272160664,Normal,False
VC_2183,I,0.7154607442095163,Normal,False
VC_2184,I,0.10537614417078754,Normal,False
VC_2185,I,0.29500307526752534,Normal,False
VC_2186,I,0.6034794282265775,Normal,False
VC_2187,I,0.9507983041161729,Normal,False
VC_2188,I,3.027084291310278,High Biofilm,True
VC_2191,I,2.7413232588903496,High Biofilm,True
VC_2192,I,0.7725242448875285,Normal,False
VC_2193,I,0.5972032115700531,Normal,False
VC_2194,I,0.9152874251983818,Normal,False
VC_2196,I,2.1702419811186258,High Biofilm,True
VC_2197,I,1.5451274047713242,High Biofilm,True
VC_2198,I,1.3237168035321931,High Biofilm,True
VC_2199,I,0.32380912878338736,Normal,False
VC_2200,I,1.5091239758980168,High Biofilm,True
VC_2201,I,0.8412974603464161,Normal,False
VC_2202,I,0.6177948760579307,Normal,False
VC_2203,I,2.3010285400807198,High Biofilm,True
VC_2204,I,1.359465564349749,High Biofilm,True
VC_2205,I,0.5161191563777908,Normal,False
VC_2206,I,1.8755324562617919,High Biofilm,True
VC_2207,I,3.112993965085729,High Biofilm,True
VC_2208,I,2.731840886440561,High Biofilm,True
VC_2209,I,0.09542252881447544,Normal,False
VC_2210,I,0.6783284296268938,Normal,False
VC_2211,I,1.0491499970870142,Normal,False
VC_2212,I,0.9051618286518992,Normal,False
VC_2213,I,0.6183462778750697,Normal,False
VC_2215,I,0.5767448331733287,Normal,False
VC_2216,I,0.5310658907407247,Normal,False
VC_2217,I,0.9979686731011137,Normal,False
VC_2220,I,0.6202160282696813,Normal,False
VC_2221,I,0.5100700878439969,Normal,False
VC_2222,I,0.3658970041845777,Normal,False
VC_2223,I,0.5219741742733058,Normal,False
VC_2224,I,1.3780005569052465,High Biofilm,True
VC_2225,I,1.0356567365133815,Normal,False
VC_2226,I,0.01940973385687619,Low Biofilm,False
VC_2227,I,0.8111723961696383,Normal,False
VC_2229,I,0.6470438500219102,Normal,False
VC_2231,I,0.6380555657012938,Normal,False
VC_2232,I,1.1250427496286386,Normal,False
VC_2233,I,0.5130994004807949,Normal,False
VC_2234,I,0.6485316652100112,Normal,False
VC_2235,I,1.6910597578305806,Normal,False
VC_2236,I,0.5715626592489542,Normal,False
VC_2237,I,0.6320226479908885,Normal,False
VC_2238,I,0.5915844638358202,Normal,False
VC_2239,I,0.5235827427811187,Normal,False
VC_2240,I,0.8788763134291038,Normal,False
VC_2241,I,0.870181619645448,Normal,False
VC_2243,I,0.24670870929041075,Normal,False
VC_2263,I,0.49707244019776925,Normal,False
VC_2264,I,0.7743369491026348,Normal,False
VC_2267,I,1.3571019933344275,High Biofilm,True
VC_2268,I,0.40140015879553087,Normal,False
VC_2269,I,0.5809938038282842,Normal,False
VC_2270,I,1.7002598419759245,High Biofilm,True
VC_2271,I,3.1908507647547935,High Biofilm,True
VC_2272,I,0.48796427864765357,Normal,False
VC_2273,I,0.46467492507551245,Normal,False
VC_2275,I,0.7202587759825693,Normal,False
VC_2276,I,0.5340078819278397,Normal,False
VC_2277,I,1.058307413632681,Normal,False
VC_2278,I,0.4534651434837018,Normal,False
VC_2279,I,0.6492331392742889,Normal,False
VC_2280,I,1.031085351284693,Normal,False
VC_2281,I,0.8366305077197056,Normal,False
VC_2282,I,0.46922495644122797,Normal,False
VC_2283,I,0.6481973465097227,Normal,False
VC_2284,I,0.468759458278924,Normal,False
VC_2285,I,0.508835175155798,Normal,False
VC_2286,I,0.3831298123614142,Normal,False
VC_2287,I,1.073475210300837,Normal,False
VC_2289,I,0.3950836687400639,Normal,False
VC_2290,I,0.19939593886347678,Normal,False
VC_2291,I,0.9792934392344532,Normal,False
VC_2293,I,0.3098147446080343,Normal,False
VC_2294,I,0.52855512319423,Normal,False
VC_2295,I,0.7319060944147013,Normal,False
VC_2296,I,0.512940420201874,Normal,False
VC_2297,I,0.5462197769688604,Normal,False
VC_2298,I,0.6396008283315927,Normal,False
VC_2299,I,0.19222113453250644,Normal,False
VC_2300,I,0.42239546011389273,Normal,False
VC_2301,I,0.6927482726355124,Normal,False
VC_2302,I,0.7178490597575659,Normal,False
VC_2303,I,0.6641635221824879,Normal,False
VC_2304,I,0.40960618818408023,Normal,False
VC_2305,I,0.2946685158096212,Normal,False
VC_2306,I,0.9399135854318681,Normal,False
VC_2307,I,0.6507634883078357,Normal,False
VC_2309,I,0.45217677591709926,Normal,False
VC_2310,I,0.8629095358622995,Normal,False
VC_2311,I,1.0540340997076905,Dispersal Defect,True
VC_2312,I,1.1058712875651109,Normal,False
VC_2314,I,0.38565702499060567,Normal,False
VC_2316,I,0.722331498422665,Normal,False
VC_2319,I,0.38166445450869174,Normal,False
VC_2320,I,0.5994117614316902,Normal,False
VC_2323,I,0.6475592050738052,Normal,False
VC_2324,I,0.6108809192281816,Normal,False
VC_2325,I,0.7454686731185296,Normal,False
VC_2327,I,0.7032019683105436,Normal,False
VC_2330,I,0.4958986933193893,Normal,False
VC_2332,I,1.1041157632837404,Normal,False
VC_2333,I,0.49712689154519374,Normal,False
VC_2334,I,0.42738803741587916,Normal,False
VC_2335,I,0.8950380377875349,Normal,False
VC_2337,I,0.31505430578520277,Normal,False
VC_2338,I,0.2334897318304996,Normal,False
VC_2339,I,0.37508487656863493,Normal,False
VC_2340,I,0.6082189425235848,Normal,False
VC_2341,I,0.4666478467961762,Normal,False
VC_2342,I,0.5756944611975876,Normal,False
VC_2343,I,0.6610463798299289,Normal,False
VC_2344,I,0.8190180849722657,Normal,False
VC_2345,I,0.4530709229510773,Normal,False
VC_2346,I,0.653950517246072,Normal,False
VC_2347,I,0.5606964655256377,Normal,False
VC_2348,I,1.1943117251445854,Normal,False
VC_2349,I,0.506250508396697,Normal,False
VC_2350,I,0.5443831307464119,Normal,False
VC_2351,I,0.5211720501502294,Normal,False
VC_2352,I,0.5470987428976242,Normal,False
VC_2353,I,0.4300083496775315,Normal,False
VC_2354,I,0.6758674855314322,Normal,False
VC_2355,I,0.6092061156251964,Normal,False
VC_2356,I,1.070815039278358,Normal,False
VC_2357,I,0.5012257632021644,Normal,False
VC_2358,I,0.6510523974467125,Normal,False
VC_2359,I,1.2581218561094136,Dispersal Defect,True
VC_2360,I,0.9020410080579888,Normal,False
VC_2362,I,0.2922222713041423,Normal,False
VC_2363,I,0.9943627927886212,Normal,False
VC_2364,I,1.0705930741320775,Normal,False
VC_2365,I,0.6179708297487606,Normal,False
VC_2366,I,0.44142184565080805,Normal,False
VC_2367,I,0.4118021250217377,Normal,False
VC_2368,I,0.9086352922757399,Normal,False
VC_2369,I,0.7247819428109962,Normal,False
VC_2370,I,0.6453849631724096,Normal,False
VC_2371,I,0.4772189118088761,Normal,False
VC_2373,I,1.2282733956822645,Normal,False
VC_2374,I,0.37439832278882085,Normal,False
VC_2376,I,1.2021611590656798,Normal,False
VC_2377,I,0.43516113779736365,Normal,False
VC_2378,I,1.161337628971211,Normal,False
VC_2379,I,0.7279844203629086,Normal,False
VC_2380,I,0.3814057537628775,Normal,False
VC_2382,I,0.33678124943463583,Normal,False
VC_2383,I,0.46156822224068,Normal,False
VC_2384,I,0.2996571941757751,Normal,False
VC_2388,I,0.7223951654366026,Normal,False
VC_2389,I,0.32072813351174567,Normal,False
VC_2393,I,0.6865412069163951,Normal,False
VC_2395,I,0.7371239138416269,Normal,False
VC_2406/VC_2407,I,0.7002877980034687,Normal,False
VC_2409,I,0.36482608755896095,Normal,False
VC_2412,I,0.8322375506351198,Normal,False
VC_2413,I,1.2560029884596362,High Biofilm,True
VC_2415,I,0.9051176228785665,Normal,False
VC_2416,I,0.8036850349517569,Normal,False
VC_2417,I,0.43793054590026875,Normal,False
VC_2418,I,0.5377457107891757,Normal,False
VC_2419,I,0.4206868835675898,Normal,False
VC_2421,I,0.5508781693247894,Normal,False
VC_2423,I,0.6629434829647721,Normal,False
VC_2424,I,0.4038124497894803,Normal,False
VC_2425,I,0.8468063289799141,Dispersal Defect,True
VC_2428,I,0.7782510660403783,Normal,False
VC_2429,I,0.5352686493088832,Normal,False
VC_2432,I,0.8173650164318118,Normal,False
VC_2433,I,0.5717502829964356,Normal,False
VC_2434,I,0.8523283055280463,Normal,False
VC_2435,I,0.6941639608545672,Normal,False
VC_2438,I,0.6429249553565647,Normal,False
VC_2439,I,0.3224151756268638,Normal,False
VC_2440,I,0.08384642782261884,Low Biofilm,False
VC_2441,I,1.6142000959533347,High Biofilm,True
VC_2442,I,0.711142187915903,Normal,False
VC_2443,I,0.9478502271115493,Normal,False
VC_2444,I,0.9981933802091291,Normal,False
VC_2445,I,0.5438234361669532,Normal,False
VC_2446,I,0.5297571724678813,Normal,False
VC_2447,I,0.8695809293941997,Normal,False
VC_2448,I,0.46678477100241156,Normal,False
VC_2450,I,0.386363361021179,Normal,False
VC_2453,I,1.1266701373567478,Dispersal Defect,True
VC_2454,I,0.5614101112249331,Normal,False
VC_2455,I,0.4295288407595343,Normal,False
VC_2456,I,0.7103624341879549,Normal,False
VC_2458,I,0.32899366346993825,Normal,False
VC_2459,I,2.611100273380412,High Biofilm,True
VC_2463,I,0.8063754344304332,Normal,False
VC_2464,I,0.8725917371331443,Normal,False
VC_2465,I,0.9579520154049206,Normal,False
VC_2468,I,0.26025315092052065,Normal,False
VC_2470,I,0.32712952406531554,Normal,False
VC_2471,I,0.5199641090027041,Normal,False
VC_2472,I,0.4291609497472745,Normal,False
VC_2473,I,0.5763300613031169,Normal,False
VC_2475,I,0.2920069871816981,Normal,False
VC_2476,I,0.3319767640199391,Normal,False
VC_2477,I,0.77836883664074,Normal,False
VC_2478,I,0.8277230778317055,Normal,False
VC_2479,I,0.4664854290335196,Normal,False
VC_2481,I,0.3037664919750492,Normal,False
VC_2482,I,0.828331860213927,Normal,False
VC_2483,I,1.1187962932885032,Normal,False
VC_2484,I,0.5333628521490275,Normal,False
VC_2485,I,4.460642744392718,High Biofilm,True
VC_2486,I,0.7095832489154884,Normal,False
VC_2487,I,0.2692885969829741,Normal,False
VC_2488,I,0.43663185919474756,Normal,False
VC_2489,I,0.8887679738256345,Normal,False
VC_2490,I,0.678358925591553,Normal,False
VC_2491,I,0.5152586150943419,Normal,False
VC_2493,I,0.47075303165284815,Normal,False
VC_2494,I,0.32445336272452524,Normal,False
VC_2495,I,0.5312853145566171,Normal,False
VC_2498,I,1.2027193823485978,Normal,False
VC_2501,I,1.3603581063329557,Normal,False
VC_2502,I,1.1231549424128473,Normal,False
VC_2504,I,0.8521898698990011,Normal,False
VC_2505,I,0.3700297424128278,Normal,False
VC_2506,I,0.5692190844911614,Normal,False
VC_2507,I,0.45438289813944455,Normal,False
VC_2508,I,1.367949528342525,Dispersal Defect,True
VC_2510,I,0.6447814640823111,Normal,False
VC_2512,I,0.6024069199256122,Normal,False
VC_2515,I,1.3084928300870335,Normal,False
VC_2516,I,0.6940747802210736,Normal,False
VC_2517,I,0.5373394323126299,Normal,False
VC_2518,I,0.8634839434071638,Normal,False
VC_2519,I,0.6899118135366262,Normal,False
VC_2520,I,0.5513647672170275,Normal,False
VC_2521,I,0.7628870519154021,Normal,False
VC_2522,I,1.2538612488363643,High Biofilm,True
VC_2523,I,1.6687049450701676,High Biofilm,True
VC_2524,I,1.9881567288329627,High Biofilm,True
VC_2529,I,0.2731617851260432,Normal,False
VC_2530,I,0.10714503718754255,Low Biofilm,False
VC_2531,I,0.5959850449115707,Normal,False
VC_2532,I,0.4043765582585606,Normal,False
VC_2534,I,0.46250908962753284,Normal,False
VC_2535,I,0.990865320280323,Normal,False
VC_2536,I,0.9007251004952314,Normal,False
VC_2537,I,0.6347488267263469,Normal,False
VC_2538,I,0.8557720757126135,Normal,False
VC_2540,I,0.6304705638948106,Normal,False
VC_2541,I,0.5695683167882021,Normal,False
VC_2542,I,0.31730192525770384,Normal,False
VC_2543,I,0.6354757809716229,Normal,False
VC_2544,I,0.6363619696288586,Normal,False
VC_2546,I,1.124281888685814,Normal,False
VC_2548,I,0.5578579332361715,Normal,False
VC_2549,I,0.5380590300752031,Normal,False
VC_2550,I,0.6336980534879129,Normal,False
VC_2551,I,0.7080181237818918,Normal,False
VC_2552,I,0.7499809724156907,Normal,False
VC_2553,I,0.6765105089967799,Normal,False
VC_2554,I,0.8397467137926479,Normal,False
VC_2555,I,0.7034907436951896,Normal,False
VC_2556,I,0.914684327370976,Normal,False
VC_2557,I,0.3930213791299832,Normal,False
VC_2558,I,0.6798929528664511,Normal,False
VC_2559,I,0.5547333006466788,Normal,False
VC_2560,I,0.17254929789095144,Normal,False
VC_2561,I,1.1038404970764217,Normal,False
VC_2563,I,0.7763486127362966,Normal,False
VC_2564,I,0.6022668792457956,Normal,False
VC_2565,I,0.719353192961844,Normal,False
VC_2566,I,0.6946702540573144,Normal,False
VC_2567,I,0.5549570380365196,Normal,False
VC_2568,I,0.43343047842752896,Normal,False
VC_2569,I,0.6519382851569288,Normal,False
VC_2598,I,0.6590342480564587,Normal,False
VC_2599,I,0.531753654996329,Normal,False
VC_2600,I,0.9378058193832605,Normal,False
VC_2601,I,0.6338526733789045,Normal,False
VC_2603,I,0.6044445318800806,Normal,False
VC_2604,I,0.8497476513958742,Normal,False
VC_2605,I,0.8291208095452537,Normal,False
VC_2606,I,0.6191328865073547,Normal,False
VC_2607,I,0.6029640062975672,Normal,False
VC_2608,I,0.7220818461505751,Normal,False
VC_2609,I,0.8348058993780436,Normal,False
VC_2610,I,0.3856994117063974,Normal,False
VC_2612,I,0.25765005951610465,Normal,False
VC_2613,I,0.5423031187007288,Normal,False
VC_2614,I,0.433426171541292,Normal,False
VC_2615,I,0.526872829354311,Normal,False
VC_2616,I,0.7133962476546247,Normal,False
VC_2617,I,0.6995643882453132,Normal,False
VC_2619,I,0.07469537797834534,Low Biofilm,False
VC_2620,I,0.7370630556665394,Dispersal Defect,True
VC_2621,I,0.6112134322463519,Normal,False
VC_2622,I,0.34676058572956187,Normal,False
VC_2624,I,0.4262133943841517,Normal,False
VC_2625,I,0.0006823884055535007,Low Biofilm,False
VC_2627,I,2.0400688190597216,High Biofilm,True
VC_2628,I,0.4760307930383793,Normal,False
VC_2629,I,0.4475523236972768,Normal,False
VC_2630,I,0.30590682717889595,Normal,False
VC_2632,I,0.6881146248123113,Normal,False
VC_2633,I,0.31311591271926176,Normal,False
VC_2634,I,0.741107382348124,Normal,False
VC_2635,I,5.033049994733078,High Biofilm,True
VC_2636,I,0.7571970131760667,Normal,False
VC_2637,I,0.6495625090680318,Normal,False
VC_2638,I,0.39659995351622496,Normal,False
VC_2640,I,0.7761728596768132,Normal,False
VC_2641,I,1.648306221060452,High Biofilm,True
VC_2642,I,0.8272974718687858,Normal,False
VC_2643,I,0.8570054903534254,Normal,False
VC_2644,I,0.8448737140967506,Normal,False
VC_2645,I,0.6575622158676114,Normal,False
VC_2646,I,0.30896806026291307,Normal,False
VC_2647,I,0.27464060534211193,Normal,False
VC_2649,I,0.3500450880636115,Normal,False
VC_2650,I,0.8836244548740081,Normal,False
VC_2652,I,0.4451103125132078,Normal,False
VC_2653,I,0.7187420698805806,Normal,False
VC_2655,I,0.5052170563311725,Normal,False
VC_2656,I,0.5588837613105312,Normal,False
VC_2657,I,0.45703228188319633,Normal,False
VC_2658,I,0.37708708377816774,Normal,False
VC_2659,I,1.0742390807138584,Normal,False
VC_2660,I,0.6756647141172945,Normal,False
VC_2661,I,0.21492836962836825,Normal,False
VC_2662,I,0.5911097031930221,Normal,False
VC_2663,I,0.5627482888671457,Normal,False
VC_2664,I,0.336307625702801,Normal,False
VC_2666,I,0.5260467632238924,Normal,False
VC_2667,I,0.27072645496581077,Normal,False
VC_2669,I,0.4821111065605259,Normal,False
VC_2670,I,0.00033513874747842797,Low Biofilm,False
VC_2671,I,0.47880182625519063,Normal,False
VC_2672,I,0.5386526647907682,Normal,False
VC_2673,I,0.34816067820528657,Normal,False
VC_2674,I,0.7473803220259898,Normal,False
VC_2675,I,0.36341662559935745,Normal,False
VC_2677,I,0.2706563476856523,Normal,False
VC_2678,I,0.7743065200150911,Normal,False
VC_2679,I,0.4990025003751214,Normal,False
VC_2680,I,0.47803235153989193,Normal,False
VC_2681,I,0.304310570748043,Normal,False
VC_2682,I,0.5983209288010833,Normal,False
VC_2684,I,0.4221320311560139,Normal,False
VC_2685,I,0.6712702188590526,Normal,False
VC_2687,I,0.3004427260865008,Normal,False
VC_2688,I,0.7800586875947082,Normal,False
VC_2690,I,0.794426333014694,Normal,False
VC_2691,I,0.7783521173618697,Normal,False
VC_2692,I,0.7592418478590068,Normal,False
VC_2693,I,0.30169323451802965,Normal,False
VC_2694,I,0.3942578166164149,Normal,False
VC_2695,I,0.7909268207543737,Normal,False
VC_2697,I,0.4517347850608869,Normal,False
VC_2699,I,0.20620252448432155,Normal,False
VC_2700,I,0.6778612929752605,Normal,False
VC_2701,I,0.7472318548296225,Normal,False
VC_2702,I,0.47711652294507506,Normal,False
VC_2703,I,0.9157485429096217,Normal,False
VC_2705,I,0.4171744974625395,Normal,False
VC_2706,I,1.1413567531790194,Normal,False
VC_2708,I,0.2773791429685112,Normal,False
VC_2709,I,0.6188471205929053,Normal,False
VC_2710,I,0.9140684560145136,Normal,False
VC_2711,I,0.36484221831921493,Normal,False
VC_2712,I,0.8339331195824617,Normal,False
VC_2713,I,0.48492191828562525,Normal,False
VC_2714,I,1.2136382752389132,High Biofilm,True
VC_2715,I,0.3497468696302596,Normal,False
VC_2716,I,0.44643530867595915,Normal,False
VC_2717,I,1.1503178185136351,Normal,False
VC_2718/VC_2719,I,1.981722280921211,High Biofilm,True
VC_2720,I,1.4638789990677679,High Biofilm,True
VC_2721,I,0.4552081349936311,Normal,False
VC_2722,I,0.3509263144388786,Normal,False
VC_2723,I,0.46091744102993654,Normal,False
VC_2724,I,0.4051012052433526,Normal,False
VC_2725,I,0.6449889837716479,Normal,False
VC_2727,I,0.7476577283010042,Normal,False
VC_2728,I,0.005969880678895514,Low Biofilm,False
VC_2729,I,0.7720278160593146,Normal,False
VC_2730,I,0.5665854302449707,Normal,False
VC_2731,I,0.026842837002196796,Low Biofilm,False
VC_2732,I,0.4945549113748994,Normal,False
VC_2734,I,4.65961486959997,High Biofilm,True
VC_2735,I,0.5345824901040505,Normal,False
VC_2736,I,1.2441581150283738,High Biofilm,True
VC_2737,I,0.5758152412681459,Normal,False
VC_2738,I,4.2938565685529,High Biofilm,True
VC_2739,I,0.8345220060228276,Normal,False
VC_2740,I,0.7248490205578233,Normal,False
VC_2742,I,0.6838231871890253,Normal,False
VC_2743,I,0.7825544077902198,Normal,False
VC_2744,I,1.1399102680482858,Normal,False
VC_2745,I,0.7841830661835232,Normal,False
VC_2746,I,1.3319558635280782,Normal,False
VC_2747,I,0.59015864373377,Normal,False
VC_2748,I,0.24258051201830183,Normal,False
VC_2749,I,0.22308095751393686,Normal,False
VC_2750,I,0.7087370193347523,Normal,False
VC_2751,I,0.7253784866810846,Normal,False
VC_2756,I,4.059534270136356,High Biofilm,True
VC_2757,I,0.3822690169449265,Normal,False
VC_2758,I,0.5201559125699029,Normal,False
VC_2759,I,0.7908078463659334,Normal,False
VC_2760,I,0.6151279504467883,Normal,False
VC_2761,I,0.6919515655587899,Normal,False
VC_2771,I,1.4172300040751153,Normal,False
VC_2772,I,0.5966394374865501,Normal,False
VC_2773,I,0.36617146786651084,Normal,False
VC_2774,I,0.3344445630197375,Normal,False
VC_2775,I,0.4601033860294584,Normal,False
VC_A0001,II,1.586325580466716,High Biofilm,True
VC_A0003,II,0.6527813715132371,Normal,False
VC_A0005,II,1.3152933633289272,High Biofilm,True
VC_A0006,II,0.38927343176107493,Normal,False
VC_A0007,II,0.44873962656696476,Normal,False
VC_A0008,II,0.3732189114187596,Normal,False
VC_A0010,II,0.5414280985217782,Normal,False
VC_A0011,II,0.6470551522544266,Normal,False
VC_A0013,II,0.6727515469669518,Normal,False
VC_A0016,II,0.8598784643573641,Normal,False
VC_A0018,II,0.8882397783675674,Normal,False
VC_A0019,II,0.5943245530112985,Normal,False
VC_A0020,II,0.7856542289698694,Normal,False
VC_A0021,II,0.581577975432009,Normal,False
VC_A0022,II,0.6964035751363452,Normal,False
VC_A0023,II,0.5167026658980721,Normal,False
VC_A0024,II,0.6896839632041832,Normal,False
VC_A0025,II,0.43619775983816184,Normal,False
VC_A0027,II,0.4786114271074169,Normal,False
VC_A0029,II,0.5770828301149685,Normal,False
VC_A0030,II,0.5509968762047677,Normal,False
VC_A0031,II,0.7670972338433788,Normal,False
VC_A0032,II,0.5375887501991422,Normal,False
VC_A0033,II,0.6999724055268614,Normal,False
VC_A0034,II,0.5725535105919175,Normal,False
VC_A0035,II,0.6430786389679395,Normal,False
VC_A0036,II,0.21863788940672133,Normal,False
VC_A0037,II,0.4962495306672014,Normal,False
VC_A0038,II,0.7703991576660112,Normal,False
VC_A0039,II,0.4846012090783372,Normal,False
VC_A0040,II,0.32465662902931747,Normal,False
VC_A0041,II,0.5107182140332557,Normal,False
VC_A0042,II,0.6483776472130589,Normal,False
VC_A0043,II,0.5586214692636156,Normal,False
VC_A0044,II,0.7965160088035641,Normal,False
VC_A0047,II,0.8799988458124487,Normal,False
VC_A0048,II,0.5676953562920474,Normal,False
VC_A0049,II,0.8652795939578226,Normal,False
VC_A0050,II,0.45899258389216885,Normal,False
VC_A0051,II,0.5166793525356156,Normal,False
VC_A0052,II,0.5170986051725646,Normal,False
VC_A0053,II,1.161951494014209,Normal,False
VC_A0054,II,0.6242021718607974,Normal,False
VC_A0055,II,0.7134452685802722,Normal,False
VC_A0056,II,0.5744441935236745,Normal,False
VC_A0057,II,0.8675922714882633,Normal,False
VC_A0058,II,0.7988194572920686,Normal,False
VC_A0059,II,0.6500387410073704,Normal,False
VC_A0062,II,0.8573597384341272,Normal,False
VC_A0063,II,0.261349748358482,Normal,False
VC_A0064,II,0.1576951013927083,Normal,False
VC_A0065,II,0.5909345520275779,Normal,False
VC_A0067,II,0.8620034847017658,Normal,False
VC_A0069,II,0.6090892813044515,Normal,False
VC_A0070,II,0.8686035203514482,Normal,False
VC_A0071,II,0.5275783160455177,Normal,False
VC_A0072,II,0.500488336000604,Normal,False
VC_A0073,II,0.9119372160983723,Normal,False
VC_A0074,II,0.23956131788907598,Low Biofilm,False
VC_A0075,II,0.06746667069229749,Low Biofilm,False
VC_A0076,II,0.5165447289021527,Normal,False
VC_A0077,II,0.7365327201407769,Normal,False
VC_A0078,II,0.5669358997686477,Normal,False
VC_A0079,II,3.8186792813254207,High Biofilm,True
VC_A0080,II,0.8710893427338687,Normal,False
VC_A0081,II,0.846704207624575,Normal,False
VC_A0083,II,0.4073885697855838,Normal,False
VC_A0084,II,0.49613767869155984,Normal,False
VC_A0085,II,0.7275075865295306,Normal,False
VC_A0087,II,0.8984229561104788,Normal,False
VC_A0088,II,1.1019579062756377,Normal,False
VC_A0090,II,0.41132666885693864,Normal,False
VC_A0091,II,0.46279823952402555,Normal,False
VC_A0092,II,0.5972899511888317,Normal,False
VC_A0094,II,0.6638949102481593,Normal,False
VC_A0095,II,0.4708782924901437,Normal,False
VC_A0096,II,1.0444928085191636,Normal,False
VC_A0098,II,0.5592539261447174,Normal,False
VC_A0099,II,0.36528835555658723,Normal,False
VC_A0100,II,0.5995872469827117,Normal,False
VC_A0101,II,0.43670500269594886,Normal,False
VC_A0102,II,0.6619563098631603,Normal,False
VC_A0104,II,0.5309257163066771,Normal,False
VC_A0105,II,0.6517773453785242,Normal,False
VC_A0106,II,0.6897919028685692,Normal,False
VC_A0107,II,0.997146753351855,Normal,False
VC_A0108,II,0.8141855446076246,Normal,False
VC_A0109,II,0.6794246124267392,Normal,False
VC_A0110,II,0.6402533483473387,Normal,False
VC_A0111,II,0.45137451803979195,Normal,False
VC_A0112,II,0.7532584860911726,Normal,False
VC_A0113,II,0.7225708516189706,Normal,False
VC_A0114,II,0.7997045424768989,Normal,False
VC_A0115,II,0.6531967452774882,Normal,False
VC_A0116,II,0.3796470728816564,Normal,False
VC_A0117,II,0.7218498494369724,Normal,False
VC_A0118,II,0.6749833700647763,Normal,False
VC_A0119,II,0.7702239396234516,Normal,False
VC_A0120,II,0.6906508056626889,Normal,False
VC_A0121,II,0.6228979343546913,Normal,False
VC_A0122,II,0.4535362071066117,Normal,False
VC_A0123,II,0.46726762377618275,Normal,False
VC_A0124,II,0.6698072819579106,Normal,False
VC_A0126,II,0.6514923819894606,Normal,False
VC_A0128,II,0.5246908965846351,Normal,False
VC_A0129,II,0.8658481831936401,Normal,False
VC_A0130,II,0.41833287597978197,Normal,False
VC_A0132,II,0.7586994744524577,Normal,False
VC_A0133,II,0.706128042744174,Normal,False
VC_A0134,II,0.29382425241608034,Normal,False
VC_A0135,II,0.9144873742658852,Normal,False
VC_A0136,II,0.5828166064878284,Normal,False
VC_A0137,II,0.8740620305169892,Normal,False
VC_A0138,II,0.4848062543144012,Normal,False
VC_A0139,II,0.46021854842231624,Normal,False
VC_A0140,II,0.29162832895384594,Normal,False
VC_A0142,II,0.6905739638570014,Normal,False
VC_A0144,II,0.7523125092926972,Normal,False
VC_A0146,II,7.024346871646326,High Biofilm,True
VC_A0147,II,0.6092064500107739,Normal,False
VC_A0148,II,0.4429854526738833,Normal,False
VC_A0150,II,0.596977300673959,Normal,False
VC_A0151,II,0.8339661903160669,Normal,False
VC_A0152,II,0.6469817880587442,Normal,False
VC_A0153,II,0.29983595001774366,Normal,False
VC_A0154,II,0.379453176060743,Normal,False
VC_A0155,II,0.5816471932465316,Normal,False
VC_A0156,II,0.5257216735655403,Normal,False
VC_A0158,II,0.9646406632326151,Normal,False
VC_A0159,II,0.7233566577258698,Normal,False
VC_A0160,II,0.4031935355242634,Normal,False
VC_A0163,II,0.3631898854270314,Normal,False
VC_A0164,II,0.660219310542778,Normal,False
VC_A0165,II,1.006697942353473,Normal,False
VC_A0166,II,0.5631922525982648,Normal,False
VC_A0167,II,0.23895867482605557,Normal,False
VC_A0168,II,0.4526005093207855,Normal,False
VC_A0169,II,0.6372568523111071,Normal,False
VC_A0170,II,0.6015595868724709,Normal,False
VC_A0171,II,3.099002068739072,High Biofilm,True
VC_A0172,II,0.4606812711843278,Normal,False
VC_A0173,II,0.3528955846690371,Normal,False
VC_A0174,II,0.5043951232064907,Normal,False
VC_A0175,II,0.5306609498064887,Normal,False
VC_A0176,II,0.5761069592458731,Normal,False
VC_A0177,II,0.5614911662888957,Normal,False
VC_A0178,II,0.7416942290364678,Normal,False
VC_A0179,II,0.3672521351755647,Normal,False
VC_A0180,II,0.5514185364178741,Normal,False
VC_A0181,II,0.34197245176960017,Normal,False
VC_A0182,II,0.6486591329921175,Normal,False
VC_A0183,II,1.0920254508386638,Normal,False
VC_A0185,II,0.5906768745016305,Normal,False
VC_A0187,II,1.3673537201207069,Dispersal Defect,True
VC_A0188,II,0.6726957045755254,Normal,False
VC_A0189,II,0.5002720353460045,Normal,False
VC_A0191,II,0.7782339454988152,Normal,False
VC_A0192,II,0.4691031999647836,Normal,False
VC_A0193,II,0.08413817255119219,Normal,False
VC_A0194,II,1.0283659940150138,Normal,False
VC_A0195,II,0.573941678877952,Normal,False
VC_A0196,II,0.7260712667203499,Normal,False
VC_A0197,II,0.5863622973963881,Normal,False
VC_A0198,II,0.6406670501837027,Normal,False
VC_A0199,II,0.6702373686875674,Normal,False
VC_A0200,II,0.22609873384831453,Normal,False
VC_A0202,II,0.39733823005715185,Normal,False
VC_A0203,II,0.4545774637315127,Normal,False
VC_A0204,II,0.7157652357163004,Normal,False
VC_A0206,II,0.25638738613726986,Normal,False
VC_A0210,II,0.908047542746337,Normal,False
VC_A0211,II,0.5207452136483848,Normal,False
VC_A0212,II,1.1979310477572895,Normal,False
VC_A0213,II,0.7794444881661328,Normal,False
VC_A0214,II,0.4937897502335492,Normal,False
VC_A0216,II,0.4273291186771406,Normal,False
VC_A0217,II,0.5000676789442299,Normal,False
VC_A0218,II,0.5274917770580856,Normal,False
VC_A0220,II,0.9775719554048625,Normal,False
VC_A0221,II,0.5681374809024908,Normal,False
VC_A0222,II,0.47492051254259054,Normal,False
VC_A0223,II,1.0751132983674232,Normal,False
VC_A0224,II,0.5952040539569863,Normal,False
VC_A0225,II,0.4804092444766173,Normal,False
VC_A0226,II,0.34878281594746957,Normal,False
VC_A0227,II,1.1715336471202948,Normal,False
VC_A0228,II,0.2144075908424079,Normal,False
VC_A0229,II,0.1901023671984022,Normal,False
VC_A0230,II,1.1445235183512652,Normal,False
VC_A0231,II,0.5281828182923484,Normal,False
VC_A0232,II,0.19349161915842938,Normal,False
VC_A0233,II,0.7974736890972489,Normal,False
VC_A0234,II,0.5491612331390514,Normal,False
VC_A0235,II,0.5034223019338612,Normal,False
VC_A0236,II,0.35663362753714273,Normal,False
VC_A0237,II,0.7033937050006269,Normal,False
VC_A0240,II,0.7862476296155302,Normal,False
VC_A0241,II,0.5496821389915311,Normal,False
VC_A0242,II,0.6471346691447332,Normal,False
VC_A0245,II,0.6497076324086251,Normal,False
VC_A0246,II,0.6706924005812988,Normal,False
VC_A0247,II,0.40931205594248415,Normal,False
VC_A0248,II,0.4750745439149659,Normal,False
VC_A0249,II,0.5405229836408614,Normal,False
VC_A0250,II,0.555560303056714,Normal,False
VC_A0251,II,0.45343798468710506,Normal,False
VC_A0252,II,0.563940808151841,Normal,False
VC_A0253,II,0.6033251427211633,Normal,False
VC_A0254,II,0.28468408347849555,Normal,False
VC_A0255,II,0.5755437201792939,Normal,False
VC_A0256,II,0.7410985545688804,Normal,False
VC_A0257,II,0.8536750768795983,Normal,False
VC_A0258,II,0.6334667924225804,Normal,False
VC_A0259,II,0.8343507337300813,Normal,False
VC_A0262,II,0.8942824601368329,Normal,False
VC_A0263,II,0.5796255649226632,Normal,False
VC_A0264,II,0.30629337690637487,Normal,False
VC_A0265,II,0.6857212266034853,Normal,False
VC_A0266,II,0.3635267120191503,Normal,False
VC_A0267,II,0.6793360002487272,Normal,False
VC_A0268,II,0.3196308539272064,Normal,False
VC_A0269,II,0.5416005746026031,Normal,False
VC_A0270,II,0.4200806425157566,Normal,False
VC_A0271,II,0.7837147926209268,Normal,False
VC_A0274,II,0.628413290068391,Normal,False
VC_A0275,II,0.5842821515964741,Normal,False
VC_A0276,II,0.7360368263294869,Normal,False
VC_A0277,II,0.6987945657690139,Normal,False
VC_A0278,II,0.27106194401562006,Normal,False
VC_A0279,II,0.5068668746438141,Normal,False
VC_A0280,II,0.9949608079552502,Normal,False
VC_A0281,II,0.6300911700186882,Normal,False
VC_A0282,II,0.7231393071005573,Normal,False
VC_A0284,II,0.8141197375259916,Normal,False
VC_A0285,II,0.40324513121885686,Normal,False
VC_A0286,II,0.5902439120560079,Normal,False
VC_A0291,II,0.4604192466458741,Normal,False
VC_A0292/VC_A0364,II,0.6990513738924601,Normal,False
VC_A0293,II,0.36148318143996194,Normal,False
VC_A0294,II,0.4252944827543112,Normal,False
VC_A0298/VC_A0329,II,0.5972353125854839,Normal,False
VC_A0299,II,0.33836126141413847,Normal,False
VC_A0301,II,0.8223832076690273,Normal,False
VC_A0307,II,0.679446414366386,Normal,False
VC_A0308,II,0.5033026320234198,Normal,False
VC_A0309,II,0.5607290346808769,Normal,False
VC_A0310,II,0.9856540548107144,Normal,False
VC_A0311/VC_A0385,II,0.5618600604578877,Normal,False
VC_A0312/VC_A0386,II,0.826179052428043,Normal,False
VC_A0313,II,0.909476472634257,Normal,False
VC_A0314,II,0.7979112660638396,Normal,False
VC_A0316,II,0.48058348611329094,Normal,False
VC_A0317,II,0.5242381385128303,Normal,False
VC_A0318,II,0.9272562888017454,Normal,False
VC_A0319,II,0.723547123750759,Normal,False
VC_A0323,II,0.9012096586354472,Normal,False
VC_A0324,II,0.9141077128813008,Normal,False
VC_A0325,II,0.6003114592662531,Normal,False
VC_A0326,II,0.612532115209402,Normal,False
VC_A0327,II,0.31682899704786993,Normal,False
VC_A0328,II,1.5546652852269616,High Biofilm,True
VC_A0330,II,0.34661715437999024,Normal,False
VC_A0331,II,0.8219903714926933,Normal,False
VC_A0339,II,0.3977469629238357,Normal,False
VC_A0340,II,0.7088039967659063,Dispersal Defect,True
VC_A0341,II,0.6492350118335225,Normal,False
VC_A0343,II,0.991240768406632,Normal,False
VC_A0344,II,0.45196072939553866,Normal,False
VC_A0345,II,0.5215704505025714,Normal,False
VC_A0349,II,0.838552957281316,Normal,False
VC_A0351,II,0.6743848867583389,Normal,False
VC_A0354,II,0.8656260842931286,Normal,False
VC_A0355,II,0.8724539033981384,Normal,False
VC_A0356,II,0.33600449180146125,Normal,False
VC_A0359,II,0.33047594123287727,Normal,False
VC_A0360/VC_A0502,II,0.597152986856327,Normal,False
VC_A0361,II,0.35997694829425775,Normal,False
VC_A0362,II,0.7886662404968925,Normal,False
VC_A0365,II,0.6566041343112338,Normal,False
VC_A0367,II,0.3369796738362673,Normal,False
VC_A0368,II,0.4280993892301135,Normal,False
VC_A0369,II,0.5764703026142801,Normal,False
VC_A0370,II,0.5606007643733847,Normal,False
VC_A0374,II,0.7116175170141825,Normal,False
VC_A0375,II,0.34292545066520125,Normal,False
VC_A0378,II,0.5225960378193153,Normal,False
VC_A0379,II,0.6010245030715091,Normal,False
VC_A0380,II,1.0274352651988679,Normal,False
VC_A0381,II,0.9767501025327193,Normal,False
VC_A0387,II,0.567395813691809,Normal,False
VC_A0388,II,0.43486023759168096,Normal,False
VC_A0391,II,0.6728231054805163,Normal,False
VC_A0393/VC_A0394,II,0.716538870188182,Normal,False
VC_A0395,II,0.6899732067286375,Normal,False
VC_A0396,II,0.4206285265966213,Normal,False
VC_A0397,II,0.600171351709321,Normal,False
VC_A0399,II,0.5800031196781099,Normal,False
VC_A0400,II,0.25478397385506046,Normal,False
VC_A0401,II,0.7659238079751531,Normal,False
VC_A0402,II,0.8793092089976109,Normal,False
VC_A0406,II,0.4848106682040229,Normal,False
VC_A0408,II,0.746763715021257,Normal,False
VC_A0413,II,0.5699294532117982,Normal,False
VC_A0414,II,1.1599731351840568,Normal,False
VC_A0416,II,0.6204013447566785,Normal,False
VC_A0417,II,0.7796585618127867,Normal,False
VC_A0419,II,0.5780161337000606,Normal,False
VC_A0420,II,0.9817133207810097,Normal,False
VC_A0421,II,0.37846560169643834,Normal,False
VC_A0422,II,0.6247950374895346,Normal,False
VC_A0423,II,0.7135598959562063,Normal,False
VC_A0424,II,1.012105559034133,Normal,False
VC_A0425,II,0.7427872017347701,Normal,False
VC_A0426,II,0.48783612203125776,Normal,False
VC_A0427,II,0.794488929994784,Normal,False
VC_A0428,II,0.7928237901349859,Normal,False
VC_A0431,II,0.5672854664512657,Normal,False
VC_A0432,II,0.5565755645468277,Normal,False
VC_A0433,II,0.7439841014705295,Normal,False
VC_A0439,II,0.5573368267523454,Normal,False
VC_A0440,II,0.7804576764656665,Normal,False
VC_A0442,II,0.7797350692328968,Normal,False
VC_A0447,II,0.7506899367169025,Normal,False
VC_A0448,II,0.8484307072378268,Normal,False
VC_A0449,II,0.7748151873554379,Normal,False
VC_A0450,II,0.7739322756768606,Normal,False
VC_A0451,II,0.6913224525334623,Normal,False
VC_A0454,II,0.543540345337123,Normal,False
VC_A0458,II,0.252807882159123,Normal,False
VC_A0459,II,0.30661215336502556,Normal,False
VC_A0460,II,0.44936223913666773,Normal,False
VC_A0463,II,0.6291734153629456,Normal,False
VC_A0464,II,0.4825012676522408,Normal,False
VC_A0465,II,0.6438985524037338,Normal,False
VC_A0467,II,0.25696239557617356,Normal,False
VC_A0468,II,0.4550370098305389,Normal,False
VC_A0471,II,0.33953030014358865,Normal,False
VC_A0472,II,0.38306114962695004,Normal,False
VC_A0473,II,0.44339768321370676,Normal,False
VC_A0474,II,0.6875938527140625,Normal,False
VC_A0476,II,1.2536948585730483,Normal,False
VC_A0478,II,0.5151846088783509,Normal,False
VC_A0479,II,0.44426019737206235,Normal,False
VC_A0480,II,0.8031407889859744,Normal,False
VC_A0482,II,0.6290409986742935,Normal,False
VC_A0483,II,0.6029423381121515,Normal,False
VC_A0484,II,0.6634105527392898,Normal,False
VC_A0485,II,0.40877847687662083,Normal,False
VC_A0487,II,0.4590380536429842,Normal,False
VC_A0489,II,0.5442399468421675,Normal,False
VC_A0490,II,1.4660076307764054,Normal,False
VC_A0491,II,0.34475153030340383,Normal,False
VC_A0494,II,1.039878688813683,Normal,False
VC_A0495,II,0.3334203199330148,Normal,False
VC_A0496,II,0.7023495525966256,Normal,False
VC_A0500,II,0.8068557458738161,Normal,False
VC_A0504,II,0.6521648982627353,Normal,False
VC_A0506,II,0.41813501334592057,Normal,False
VC_A0507,II,0.5892969989779157,Normal,False
VC_A0510,II,0.5201690271722487,Normal,False
VC_A0511,II,0.749054590612051,Normal,False
VC_A0512,II,0.7441997801679551,Normal,False
VC_A0513,II,0.4582329936145382,Normal,False
VC_A0514,II,0.4326106920582541,Normal,False
VC_A0517,II,0.8440605552496199,Normal,False
VC_A0518,II,0.7559345069900205,Normal,False
VC_A0519,II,0.42163352913722024,Normal,False
VC_A0520,II,0.6337359728123905,Normal,False
VC_A0521,II,0.6357937816557341,Normal,False
VC_A0524,II,0.7954257780669965,Normal,False
VC_A0526,II,0.29633631069090394,Normal,False
VC_A0527,II,1.3487419526366375,High Biofilm,True
VC_A0529,II,0.7353944047581786,Normal,False
VC_A0530,II,0.4625505333759963,Normal,False
VC_A0531,II,0.5653245625482539,Normal,False
VC_A0532,II,0.6420702658207204,Normal,False
VC_A0533,II,0.46795296708020667,Normal,False
VC_A0534,II,0.7009074813555135,Normal,False
VC_A0535,II,1.3263444053994327,Normal,False
VC_A0536,II,1.5787009874078681,High Biofilm,True
VC_A0537,II,0.5594387076147906,Normal,False
VC_A0538,II,0.6011123127241355,Normal,False
VC_A0540,II,0.4230611281705422,Normal,False
VC_A0542,II,0.451375788704986,Normal,False
VC_A0543,II,0.39291489069900315,Normal,False
VC_A0544,II,0.4319521330389802,Normal,False
VC_A0545,II,0.6618446919574229,Normal,False
VC_A0546,II,0.8112280379297183,Normal,False
VC_A0549,II,0.6200315811851852,Normal,False
VC_A0550,II,0.6773004614848388,Normal,False
VC_A0551,II,0.4736494126472051,Normal,False
VC_A0552,II,0.5186292685285538,Normal,False
VC_A0554,II,0.621846692976449,Normal,False
VC_A0556,II,0.9569935994629657,Normal,False
VC_A0557,II,0.23926458412768778,Normal,False
VC_A0558,II,0.6706881873230235,Normal,False
VC_A0559,II,0.2573979662292999,Normal,False
VC_A0560,II,0.3257068940016738,Normal,False
VC_A0561,II,0.29638048971339054,Normal,False
VC_A0564,II,0.6720911354515792,Normal,False
VC_A0567,II,0.12652083558971033,Low Biofilm,False
VC_A0568,II,0.8789621167682657,Normal,False
VC_A0573,II,0.530534685812461,Normal,False
VC_A0574,II,0.4234878041673095,Normal,False
VC_A0575,II,0.5848383016888122,Normal,False
VC_A0576,II,0.6894143146745648,Normal,False
VC_A0579,II,1.1272902219714858,Normal,False
VC_A0580,II,0.6507533229862824,Normal,False
VC_A0581,II,0.3773188798604241,Normal,False
VC_A0582,II,0.13696187142678098,Normal,False
VC_A0584,II,0.7560285362143865,Normal,False
VC_A0585,II,0.7064952649852789,Normal,False
VC_A0586,II,0.7224609056411202,Normal,False
VC_A0588,II,1.6519152445973724,High Biofilm,True
VC_A0589,II,0.7353871820297067,Normal,False
VC_A0590,II,0.24622036590545857,Normal,False
VC_A0591,II,0.3734235553921308,Normal,False
VC_A0594,II,0.5404592497498082,Normal,False
VC_A0596,II,0.3821838088120924,Normal,False
VC_A0599,II,0.4093720982167628,Normal,False
VC_A0601,II,0.615659690391976,Normal,False
VC_A0602,II,0.2979370813270518,Normal,False
VC_A0603,II,0.5335058354219254,Normal,False
VC_A0604,II,0.5612441222243096,Normal,False
VC_A0605,II,0.2562714613452955,Normal,False
VC_A0606,II,0.2905488854960054,Normal,False
VC_A0608,II,1.140207737457944,Normal,False
VC_A0609,II,0.8660436650021904,Normal,False
VC_A0610,II,0.5729558433186498,Normal,False
VC_A0611,II,0.4399191369290897,Normal,False
VC_A0612,II,0.3002927608427467,Normal,False
VC_A0614,II,0.3814986527639918,Normal,False
VC_A0615,II,0.48658251050157064,Normal,False
VC_A0617,II,0.6053747256793027,Normal,False
VC_A0618,II,0.36865227446527027,Normal,False
VC_A0619,II,0.4511243307507783,Normal,False
VC_A0620,II,1.3703227965395914,High Biofilm,True
VC_A0621,II,0.5161107164858172,Normal,False
VC_A0623,II,0.4799320227559695,Normal,False
VC_A0624,II,0.6429475598215971,Normal,False
VC_A0625,II,0.5028330677324947,Normal,False
VC_A0627,II,0.6876737039899465,Normal,False
VC_A0629,II,0.6716953566821638,Normal,False
VC_A0631,II,0.2556331727797238,Normal,False
VC_A0632,II,0.23500479944315886,Normal,False
VC_A0633,II,0.6248907386417875,Normal,False
VC_A0634,II,0.3575404410967928,Normal,False
VC_A0635,II,0.9297055294019979,Normal,False
VC_A0638,II,0.3045209059639416,Normal,False
VC_A0639,II,0.6486757185167566,Normal,False
VC_A0640,II,0.5672677440156633,Normal,False
VC_A0642,II,0.3481462594991889,Normal,False
VC_A0643,II,0.7252863300159521,Normal,False
VC_A0644,II,0.9044417627495178,Normal,False
VC_A0645,II,0.339161178592404,Normal,False
VC_A0646,II,0.6230198513362128,Normal,False
VC_A0647,II,0.5237980202158513,Normal,False
VC_A0648,II,0.6009397028890796,Normal,False
VC_A0649,II,0.7154304488762037,Normal,False
VC_A0650,II,0.27138412451944877,Normal,False
VC_A0651,II,0.6309624450791718,Normal,False
VC_A0653,II,0.9424842748738338,Normal,False
VC_A0654,II,0.27043152688654054,Normal,False
VC_A0655,II,0.6663180353348166,Normal,False
VC_A0656,II,0.8853946252436687,Normal,False
VC_A0657,II,0.5921948512688132,Normal,False
VC_A0658,II,0.7734720942452374,Normal,False
VC_A0659,II,0.5266950031042475,Normal,False
VC_A0662,II,0.661654694072342,Normal,False
VC_A0663,II,0.40238705101325767,Normal,False
VC_A0665,II,0.45905691967726137,Normal,False
VC_A0666,II,0.43352383888074014,Normal,False
VC_A0667,II,0.4283826539404439,Normal,False
VC_A0669,II,0.44763822735211184,Normal,False
VC_A0670,II,0.3981277812825179,Normal,False
VC_A0671,II,0.36836392040645183,Normal,False
VC_A0673,II,0.5321497681513218,Normal,False
VC_A0674,II,1.0441577541706049,Normal,False
VC_A0675,II,0.82525952552874,Normal,False
VC_A0676,II,1.0144835086292832,Normal,False
VC_A0677,II,0.3373374998426472,Normal,False
VC_A0678,II,0.7254788692314211,Normal,False
VC_A0679,II,0.594620618001532,Normal,False
VC_A0681,II,0.6817796231712793,Normal,False
VC_A0682,II,0.6521210937520954,Normal,False
VC_A0683,II,0.5058498074715825,Normal,False
VC_A0684,II,0.878847823777909,Normal,False
VC_A0685,II,0.5256880343764535,Normal,False
VC_A0686,II,0.5797308963795454,Normal,False
VC_A0687,II,0.6518522477478627,Normal,False
VC_A0689,II,0.7425200945355399,Normal,False
VC_A0690,II,0.7832471209523697,Normal,False
VC_A0691,II,0.38260014560680644,Normal,False
VC_A0692,II,0.7581943515992314,Normal,False
VC_A0693,II,0.20342650892240688,Normal,False
VC_A0694,II,0.5390523558714391,Normal,False
VC_A0695,II,0.3956615338317987,Normal,False
VC_A0697,II,0.3526073643644496,Normal,False
VC_A0699,II,0.7886651035859293,Normal,False
VC_A0700,II,0.9476522708497263,Normal,False
VC_A0702,II,0.7356600406608683,Normal,False
VC_A0703,II,0.4814258435090406,Normal,False
VC_A0704,II,0.7743525983476574,Normal,False
VC_A0705,II,0.3905085852068893,Normal,False
VC_A0706,II,0.8049829191318925,Normal,False
VC_A0707,II,0.5698685281595952,Normal,False
VC_A0712,II,1.108022256230319,Normal,False
VC_A0714,II,0.20931765383570458,Normal,False
VC_A0715,II,0.4137805507290055,Normal,False
VC_A0716,II,0.9796298980024369,Normal,False
VC_A0717,II,0.39710030803111745,Normal,False
VC_A0718,II,0.6071365364095284,Normal,False
VC_A0719,II,0.29400693394472766,Normal,False
VC_A0721,II,0.37504010902753215,Normal,False
VC_A0723,II,0.6633448794118877,Normal,False
VC_A0724,II,0.2664734048068108,Normal,False
VC_A0726,II,1.5853321209162492,High Biofilm,True
VC_A0727,II,0.6485058506434356,Normal,False
VC_A0728,II,0.5172078155021447,Normal,False
VC_A0729,II,0.5496520442895648,Normal,False
VC_A0730,II,0.5372975003612235,Normal,False
VC_A0731,II,0.4712180951139015,Normal,False
VC_A0732,II,0.5943113782195488,Normal,False
VC_A0733,II,0.825506703347557,Normal,False
VC_A0734,II,0.8968070712462323,Normal,False
VC_A0735,II,0.39068796300603187,Normal,False
VC_A0736,II,0.47347735789220774,Normal,False
VC_A0737,II,0.8571070098147252,Normal,False
VC_A0738,II,0.6477399070398342,Normal,False
VC_A0739,II,0.5606947935977507,Normal,False
VC_A0740,II,1.0574711821807095,Normal,False
VC_A0741,II,0.5015015577386955,Normal,False
VC_A0742,II,0.7100412234023006,Normal,False
VC_A0743,II,0.4124972457600449,Normal,False
VC_A0744,II,0.7594645486535578,Normal,False
VC_A0745,II,0.4091131299624866,Normal,False
VC_A0747,II,0.4153680128191727,Normal,False
VC_A0748,II,0.7484430662680949,Normal,False
VC_A0749,II,0.5993465562440965,Normal,False
VC_A0750,II,0.454941944010883,Normal,False
VC_A0751,II,0.6343707035154186,Normal,False
VC_A0753,II,0.8873844869376837,Normal,False
VC_A0754,II,0.43365544635629477,Normal,False
VC_A0755,II,0.33200017769806894,Normal,False
VC_A0756,II,0.1651453926254786,Normal,False
VC_A0757,II,0.6547552495766522,Normal,False
VC_A0758,II,0.7836396896202419,Normal,False
VC_A0759,II,1.438137462302293,Dispersal Defect,True
VC_A0760,II,0.5248113757081738,Normal,False
VC_A0761,II,1.0100149135270886,Normal,False
VC_A0762,II,0.41019245972923085,Normal,False
VC_A0763,II,0.03351270439832189,Low Biofilm,False
VC_A0764,II,0.49939631964505304,Normal,False
VC_A0765,II,0.44738656876655775,Normal,False
VC_A0766,II,0.8939855926212138,Normal,False
VC_A0767,II,0.686821622661606,Normal,False
VC_A0769,II,0.22474445888440572,Normal,False
VC_A0772,II,0.7142066311014631,Normal,False
VC_A0773,II,0.7663009949064647,Normal,False
VC_A0776,II,0.42303233088461617,Normal,False
VC_A0777,II,0.640064219864759,Normal,False
VC_A0778,II,0.3164734114248587,Normal,False
VC_A0779,II,0.2848838721732828,Normal,False
VC_A0780,II,0.7933828828204053,Normal,False
VC_A0781,II,0.39294491852385405,Normal,False
VC_A0782,II,1.0241328063593114,Normal,False
VC_A0783,II,0.6727139620280517,Normal,False
VC_A0784,II,0.6997231545174645,Normal,False
VC_A0785,II,2.211040097909212,High Biofilm,True
VC_A0790,II,0.4554734164476087,Normal,False
VC_A0793,II,1.1647442154795709,Normal,False
VC_A0794,II,0.7872407547804198,Normal,False
VC_A0795,II,0.5496380335338715,Normal,False
VC_A0798,II,0.5858475442385327,Normal,False
VC_A0799,II,0.7258485993643568,Normal,False
VC_A0800,II,4.953493646928302,High Biofilm,True
VC_A0801,II,0.22188452591798577,Normal,False
VC_A0802,II,0.5299074453463667,Normal,False
VC_A0803,II,0.7100616209225223,Normal,False
VC_A0804,II,0.6678944292623716,Normal,False
VC_A0805,II,0.5546563250867603,Normal,False
VC_A0806,II,0.35506690404048613,Normal,False
VC_A0807,II,0.2895689685614233,Normal,False
VC_A0808,II,1.073347943150077,Normal,False
VC_A0809,II,0.8472803539744418,Normal,False
VC_A0811,II,0.4621917577145766,Normal,False
VC_A0812,II,0.6123330889137312,Normal,False
VC_A0813,II,0.6951272253873946,Normal,False
VC_A0814,II,1.0154558350112581,Normal,False
VC_A0815,II,1.0657812656732355,Normal,False
VC_A0816,II,0.7167310750180736,Normal,False
VC_A0817,II,0.6876876144299665,Normal,False
VC_A0818,II,0.5311612575074004,Normal,False
VC_A0819,II,0.7048787782269931,Dispersal Defect,True
VC_A0821,II,0.6587031394577134,Normal,False
VC_A0822,II,0.4616442682086932,Normal,False
VC_A0823,II,0.17645928182295814,Normal,False
VC_A0824,II,0.43314368260550123,Normal,False
VC_A0825,II,0.9535131137419997,Dispersal Defect,True
VC_A0828,II,0.5732312432801996,Normal,False
VC_A0829,II,0.7902810553272913,Normal,False
VC_A0830,II,0.5248991519222422,Normal,False
VC_A0832,II,0.46638225770746744,Normal,False
VC_A0833,II,0.6411528455505551,Normal,False
VC_A0834,II,0.7056048630697679,Normal,False
VC_A0835,II,0.3882165927682668,Normal,False
VC_A0836,II,0.813383453923106,Normal,False
VC_A0837,II,0.4988790050936746,Normal,False
VC_A0839,II,0.5988691873937948,Normal,False
VC_A0840,II,2.1751629330299322,High Biofilm,True
VC_A0843,II,0.7113789663432627,Normal,False
VC_A0844/VC_A0845,II,0.370170117478222,Normal,False
VC_A0847,II,0.4976224041569255,Normal,False
VC_A0848,II,0.6379972488565947,Normal,False
VC_A0849,II,0.49688436837361427,Normal,False
VC_A0850,II,1.2111307177939614,Normal,False
VC_A0851,II,0.7775298632270335,Normal,False
VC_A0852,II,0.7687566557098033,Normal,False
VC_A0853,II,0.6146362698937735,Normal,False
VC_A0854,II,0.692302670415064,Normal,False
VC_A0855,II,0.3583790801249217,Normal,False
VC_A0856,II,0.7206516790360188,Normal,False
VC_A0858,II,0.7773358527150238,Normal,False
VC_A0859,II,0.8611987523711857,Normal,False
VC_A0860,II,0.4086427832093103,Normal,False
VC_A0862,II,0.6607611489324033,Normal,False
VC_A0863,II,0.4932297613947825,Normal,False
VC_A0864,II,0.47224824344992117,Normal,False
VC_A0865,II,0.4385767794671595,Normal,False
VC_A0866,II,0.3165134039399162,Normal,False
VC_A0867,II,0.5816725396732988,Normal,False
VC_A0868,II,0.6910252506322656,Normal,False
VC_A0869,II,0.38732533482567755,Normal,False
VC_A0870,II,0.4178893469499135,Normal,False
VC_A0871,II,1.1968045696241312,Normal,False
VC_A0873,II,0.5778200834360286,Normal,False
VC_A0875,II,0.5462197100917449,Normal,False
VC_A0876,II,0.799813117473882,Normal,False
VC_A0877,II,0.6301809191076634,Normal,False
VC_A0878,II,0.3950988966592589,Normal,False
VC_A0880,II,0.5331141361565545,Normal,False
VC_A0881,II,0.6984563347574698,Normal,False
VC_A0882,II,0.8455419502346345,Normal,False
VC_A0883,II,0.7405523357281912,Normal,False
VC_A0884,II,0.8595417380809184,Normal,False
VC_A0885,II,0.3217548309886066,Normal,False
VC_A0886,II,0.6114557280357388,Normal,False
VC_A0887,II,0.3782140969282498,Normal,False
VC_A0889,II,0.7967743551006664,Normal,False
VC_A0890,II,0.7962161986948638,Normal,False
VC_A0891,II,1.0310309801898072,Normal,False
VC_A0892,II,0.994643208533832,Normal,False
VC_A0893,II,0.3706492518843724,Normal,False
VC_A0894,II,0.49242317656810347,Normal,False
VC_A0897,II,0.3725569617297309,Normal,False
VC_A0898,II,0.5998776942952448,Normal,False
VC_A0900,II,1.19064284658931,Normal,False
VC_A0902,II,0.5727616321752936,Normal,False
VC_A0903,II,0.40393179200205565,Normal,False
VC_A0904,II,0.3410282806532426,Normal,False
VC_A0905,II,0.5531887067875347,Normal,False
VC_A0906,II,0.8556140450887324,Normal,False
VC_A0907,II,0.6343351583285406,Normal,False
VC_A0908,II,0.9728444121115264,Normal,False
VC_A0909,II,0.8262627491380672,Normal,False
VC_A0910,II,0.46744310932720434,Normal,False
VC_A0911,II,0.4635925189614561,Normal,False
VC_A0912,II,0.4784216298536824,Normal,False
VC_A0914,II,0.8548489040105168,Normal,False
VC_A0915,II,0.8550934067447146,Normal,False
VC_A0916,II,0.7768661078558868,Normal,False
VC_A0917,II,0.41109282633494854,Normal,False
VC_A0919,II,0.363515128902749,Normal,False
VC_A0920,II,1.0772478821393385,Normal,False
VC_A0922,II,0.6344491503718775,Normal,False
VC_A0923,II,0.5177280191449118,Normal,False
VC_A0924,II,0.4762842372429168,Normal,False
VC_A0926,II,1.1409516784905522,Normal,False
VC_A0927,II,0.5018635970033507,Normal,False
VC_A0928,II,0.46959913390234287,Normal,False
VC_A0929,II,0.637763178952412,Normal,False
VC_A0930,II,0.703618077723065,Normal,False
VC_A0935,II,0.9739833293881641,Normal,False
VC_A0936,II,0.443873447013237,Normal,False
VC_A0937,II,0.9657005986358699,Normal,False
VC_A0938,II,0.7813899434554685,Normal,False
VC_A0939,II,0.5362510072581803,Normal,False
VC_A0940,II,1.9111235208410442,High Biofilm,True
VC_A0941,II,0.7256292758641375,Normal,False
VC_A0943,II,0.4088818889602887,Normal,False
VC_A0944,II,1.1413310723666747,Normal,False
VC_A0945,II,0.6238340467786335,Normal,False
VC_A0946,II,0.41244516186250846,Normal,False
VC_A0947,II,0.700349592458173,Normal,False
VC_A0949,II,0.3793792500972905,Normal,False
VC_A0950/VC_A0951,II,1.151398218314227,Normal,False
VC_A0952,II,0.6271931839735596,Normal,False
VC_A0953,II,0.6297406670564534,Normal,False
VC_A0954,II,1.1364129961713338,Normal,False
VC_A0955,II,0.5089359857196738,Normal,False
VC_A0956,II,0.6047444088658964,Normal,False
VC_A0957,II,0.7316961671492072,Normal,False
VC_A0958,II,0.39812136107943175,Normal,False
VC_A0960,II,0.5148524703720272,Normal,False
VC_A0962,II,0.7916014770953438,Normal,False
VC_A0963,II,0.9292866780277418,Normal,False
VC_A0964,II,0.6011646106284414,Normal,False
VC_A0965,II,0.49720884276250393,Normal,False
VC_A0966,II,0.32927971026827263,Normal,False
VC_A0967,II,0.5262960142332893,Normal,False
VC_A0968,II,0.9672354284361536,Normal,False
VC_A0969,II,0.5318143794171856,Normal,False
VC_A0972,II,0.44830269162068265,Normal,False
VC_A0974,II,0.24187560047028825,Normal,False
VC_A0976,II,0.358263248960909,Normal,False
VC_A0977,II,0.934548235088192,Normal,False
VC_A0978,II,0.8919479806667455,Normal,False
VC_A0979,II,0.5797737311720108,Normal,False
VC_A0980,II,0.4109315187324089,Normal,False
VC_A0981,II,0.4968346385505427,Normal,False
VC_A0982,II,0.33208453649153635,Normal,False
VC_A0983,II,0.3909249286893149,Normal,False
VC_A0984,II,0.3657472395721701,Normal,False
VC_A0985,II,0.4696979782790235,Normal,False
VC_A0986,II,0.9114276793555243,Normal,False
VC_A0987,II,0.4363602311025109,Normal,False
VC_A0988,II,0.5217279996112211,Normal,False
VC_A0989,II,0.7113492729039892,Normal,False
VC_A0990,II,0.6366765595800803,Normal,False
VC_A0991,II,0.8441448204151256,Normal,False
VC_A0992,II,0.7599338588114442,Normal,False
VC_A0994,II,0.8006950259957268,Normal,False
VC_A0996,II,0.3974181950241322,Normal,False
VC_A0997,II,0.5844021960187621,Normal,False
VC_A0998,II,1.0706451045279215,Normal,False
VC_A0999,II,1.1870661915762826,Dispersal Defect,True
VC_A1000,II,0.48890119359698153,Normal,False
VC_A1001,II,1.1422173947781413,Normal,False
VC_A1002,II,0.5345980724719575,Normal,False
VC_A1003,II,0.6459171043802902,Normal,False
VC_A1004,II,0.4814291606139684,Normal,False
VC_A1005,II,0.6443963856513728,Normal,False
VC_A1007,II,1.101685850169862,Normal,False
VC_A1008,II,0.6292487858720923,Normal,False
VC_A1009,II,0.35170471056138247,Normal,False
VC_A1010,II,1.190301907054589,Normal,False
VC_A1013,II,0.40816755442670394,Normal,False
VC_A1017,II,0.7658316513100206,Normal,False
VC_A1018,II,0.567814665066065,Normal,False
VC_A1019,II,0.7424320173744516,Normal,False
VC_A1020,II,0.5778176758598713,Normal,False
VC_A1023,II,1.0593304997453061,Normal,False
VC_A1024,II,0.6355284132615063,Normal,False
VC_A1026,II,0.5632113125761768,Normal,False
VC_A1027,II,0.4808673727807952,Normal,False
VC_A1028,II,0.5056543925401475,Normal,False
VC_A1029,II,0.5757749812446264,Normal,False
VC_A1030,II,1.2440149980012452,Normal,False
VC_A1031,II,3.881785196264236,High Biofilm,True
VC_A1032,II,0.8082661173621902,Normal,False
VC_A1033,II,0.2878688653456518,Normal,False
VC_A1034,II,0.93865984014795,Normal,False
VC_A1036,II,0.4721185954738502,Normal,False
VC_A1037,II,0.5931326690592001,Normal,False
VC_A1038,II,0.5023462223949293,Normal,False
VC_A1039,II,0.44503682125100597,Normal,False
VC_A1040,II,0.9440179677631544,Normal,False
VC_A1041,II,0.6947079727504456,Normal,False
VC_A1044,II,0.5667249024693058,Normal,False
VC_A1045,II,0.33739979587571756,Normal,False
VC_A1046,II,0.29412608890137976,Normal,False
VC_A1047,II,0.723853822202354,Normal,False
VC_A1048,II,0.719694533759258,Normal,False
VC_A1049,II,0.41717287234863326,Normal,False
VC_A1050,II,0.304972620752745,Normal,False
VC_A1051,II,0.6708717984435759,Normal,False
VC_A1052,II,0.37835738114816736,Normal,False
VC_A1053,II,0.6516203847884907,Normal,False
VC_A1054,II,0.6093058294043783,Normal,False
VC_A1055,II,0.5506761335589219,Normal,False
VC_A1056,II,1.0927732038668543,Normal,False
VC_A1057,II,0.48882312125236926,Normal,False
VC_A1058,II,0.36517783443554364,Normal,False
VC_A1059,II,0.35844020580847114,Normal,False
VC_A1060,II,0.44787264501729507,Normal,False
VC_A1062,II,0.16666984978515134,Normal,False
VC_A1063,II,0.7137701576072778,Normal,False
VC_A1064,II,0.3839543336304651,Normal,False
VC_A1066,II,0.39760551782459386,Normal,False
VC_A1067,II,0.5930088126413298,Normal,False
VC_A1069,II,0.8032711324840465,Normal,False
VC_A1070,II,0.5267897679768839,Normal,False
VC_A1071,II,0.6310945273822463,Normal,False
VC_A1072,II,0.3243117571202062,Normal,False
VC_A1073,II,0.8974756752082513,Normal,False
VC_A1074,II,0.4856458296221469,Normal,False
VC_A1075,II,0.848469696596152,Normal,False
VC_A1077,II,0.4675719547778896,Normal,False
VC_A1078,II,0.7470851933153732,Normal,False
VC_A1080,II,0.5363608194817997,Normal,False
VC_A1081,II,1.4737183615599925,Dispersal Defect,True
VC_A1082,II,0.12332743995008014,Normal,False
VC_A1083,II,0.010016036449588402,Low Biofilm,False
VC_A1084,II,0.7642579993442002,Normal,False
VC_A1085,II,0.4257073486267317,Normal,False
VC_A1086,II,0.6290946341209092,Normal,False
VC_A1087,II,0.8552294347976025,Normal,False
VC_A1088,II,0.47209066090271384,Normal,False
VC_A1089,II,0.5717107920597442,Normal,False
VC_A1090,II,0.5003288340801824,Normal,False
VC_A1091,II,0.7195198507336221,Normal,False
VC_A1092,II,0.5741637109013481,Normal,False
VC_A1093,II,0.7744116508406269,Normal,False
VC_A1094,II,0.33722348773617555,Normal,False
VC_A1095,II,0.7218441648821565,Normal,False
VC_A1097,II,0.5953602120216338,Normal,False
VC_A1098,II,0.5593391275898397,Normal,False
VC_A1099,II,1.7636598155915093,High Biofilm,True
VC_A1100,II,1.129580896930933,Normal,False
VC_A1101,II,0.9082462680949882,Normal,False
VC_A1102,II,1.1054882823247525,Normal,False
VC_A1104,II,0.4024005668782963,Normal,False
VC_A1105,II,0.598196804874751,Normal,False
VC_A1107,II,0.6080100852919382,Normal,False
VC_A1108,II,0.9574543827886282,Normal,False
VC_A1109,II,0.627487844544368,Normal,False
VC_A1110,II,1.010187055222336,Normal,False
VC_A1111,II,0.35615949553923026,Normal,False
VC_A1112,II,0.5690993744544508,Normal,False
VC_A1113,II,0.7340468977583564,Normal,False
