plateId,wellId,mutant,geneLocus,function,umap1,umap2,functionalGroup,dotColor
Plate1_Drawer1 02-Oct-2025 11-48-52,A1,ung,VC_2359,uracil-DNA glycosylase; Excises uracil residues from the DNA which can arise as a result of misincorporation of dUMP residues by DNA polymerase or due to deamination of cytosine.,9.920667,5.550646,Unclassified,#ff00c3
Plate1_Drawer1 02-Oct-2025 11-48-52,A10,VC_1462,VC_1462,RstB2 protein; Similar to GP:2564358; identified by sequence similarity; putative.,9.801608,10.0764475,Unclassified,#ff00c3
Plate1_Drawer1 02-Oct-2025 11-48-52,A12,wavA,VC_0223,"ADP-heptose--LPS heptosyltransferase II, putative; Similar to GB:L42023 SP:P44011 PID:1003930 PID:1222457 PID:1204774; identified by sequence similarity; putative.",10.397648,9.332003,O-Antigen Biosynthesis,#0096ff
Plate1_Drawer1 02-Oct-2025 11-48-52,A2,VC_2453,VC_2453,Sensor histidine kinase/response regulator; Similar to GB:D10888 SP:P26607 PID:216535 PID:882680 GB:U00096; identified by sequence similarity; putative.,6.6370077,2.7476828,Unclassified,#ff00c3
Plate1_Drawer1 02-Oct-2025 11-48-52,A3,VC_2311,VC_2311,HesA/MoeB/ThiF family protein; Similar to GB:D21145 PID:471103 PID:882707 GB:U00096 SP:Q46927; identified by sequence similarity; putative.,9.843948,5.2498274,Unclassified,#ff00c3
Plate1_Drawer1 02-Oct-2025 11-48-52,A4,lipA,VC_0943,"Lipoic acid synthetase; Catalyzes the radical-mediated insertion of two sulfur atoms into the C-6 and C-8 positions of the octanoyl moiety bound to the lipoyl domains of lipoate-dependent enzymes, thereby converting the octanoylated domains into lipoylated derivatives.",4.5107336,1.2138515,Pyruvate Flux,#39ff14
Plate1_Drawer1 02-Oct-2025 11-48-52,A5,rsmJ,VC_0073,Conserved hypothetical protein; Specifically methylates the guanosine in position 1516 of 16S rRNA.,9.65115,5.665912,Unclassified,#ff00c3
Plate1_Drawer1 02-Oct-2025 11-48-52,A6,potC,VC_1426,"Spermidine/putrescine ABC transporter, permease protein; Similar to GB:M64519 SP:P23859 PID:147328 GB:U00096 PID:1651551; identified by sequence similarity; putative.",7.9196067,6.871411,Polyamine Import,#14f7f0
Plate1_Drawer1 02-Oct-2025 11-48-52,A7,pckA,VC_2738,Phosphoenolpyruvate carboxykinase; Involved in the gluconeogenesis. Catalyzes the conversion of oxaloacetate (OAA) to phosphoenolpyruvate (PEP) through direct phosphoryl transfer between the nucleoside triphosphate and OAA. Belongs to the phosphoenolpyruvate carboxykinase (ATP) family.,9.507792,1.5114304,Unclassified,#ff00c3
Plate1_Drawer1 02-Oct-2025 11-48-52,A8,rluD,VC_0709,"Ribosomal large subunit pseudouridine synthase D; Responsible for synthesis of pseudouridine from uracil at positions 1911, 1915 and 1917 in 23S ribosomal RNA; Belongs to the pseudouridine synthase RluA family.",7.327121,5.736334,Unclassified,#ff00c3
Plate1_Drawer1 02-Oct-2025 11-48-52,B1,flgB,VC_2200,"Flagellar basal-body rod protein FlgB; Structural component of flagellum, the bacterial motility apparatus. Part of the rod structure of flagellar basal body.",6.306801,1.3524837,Motility,#ff0004
Plate1_Drawer1 02-Oct-2025 11-48-52,B10,flgP,VC_2206,Conserved hypothetical protein; Identified by Glimmer2; putative.,8.710127,1.684502,Motility,#ff0004
Plate1_Drawer1 02-Oct-2025 11-48-52,B11,fliQ,VC_2122,Flagellar biosynthetic protein FliQ; Role in flagellar biosynthesis. Belongs to the FliQ/MopD/SpaQ family.,7.2402463,0.6618084,Motility,#ff0004
Plate1_Drawer1 02-Oct-2025 11-48-52,B12,argF,VC_2508,Ornithine carbamoyltransferase; Reversibly catalyzes the transfer of the carbamoyl group from carbamoyl phosphate (CP) to the N(epsilon) atom of ornithine (ORN) to produce L-citrulline; Belongs to the aspartate/ornithine carbamoyltransferase superfamily. OTCase family.,10.895289,9.090462,Unclassified,#ff00c3
Plate1_Drawer1 02-Oct-2025 11-48-52,B2,fliS,VC_2138,Flagellar protein FliS; Similar to GB:U12816 PID:1254205; identified by sequence similarity; putative.,6.8526726,0.567384,Motility,#ff0004
Plate1_Drawer1 02-Oct-2025 11-48-52,B3,VC_A1081,VC_A1081,Hypothetical protein; Identified by Glimmer2; putative.,10.359243,6.329894,Unclassified,#ff00c3
Plate1_Drawer1 02-Oct-2025 11-48-52,B4,VC_1909,VC_1909,Hypothetical protein; Identified by Glimmer2; putative.,10.252698,9.608438,Unclassified,#ff00c3
Plate1_Drawer1 02-Oct-2025 11-48-52,B5,VC_0449,VC_0449,Methyl-accepting chemotaxis protein; Similar to GB:X61367 PID:48195; identified by sequence similarity; putative.,10.568541,10.485382,Unclassified,#ff00c3
Plate1_Drawer1 02-Oct-2025 11-48-52,B6,VC_1498,VC_1498,Conserved hypothetical protein; Identified by Glimmer2; putative.,8.880112,9.137244,Unclassified,#ff00c3
Plate1_Drawer1 02-Oct-2025 11-48-52,B7,VC_2756,VC_2756,Potassium uptake protein TrkH; Low-affinity potassium transport system. Interacts with Trk system potassium uptake protein TrkA; Belongs to the TrkH potassium transport family.,8.222595,9.666044,Unclassified,#ff00c3
Plate1_Drawer1 02-Oct-2025 11-48-52,B8,VC_0113,VC_0113,Methyltransferase-related protein; Similar to SP:P37431 PID:295895; identified by sequence similarity; putative.,9.576447,9.209773,Unclassified,#ff00c3
Plate1_Drawer1 02-Oct-2025 11-48-52,B9,VC_1423,VC_1423,Hypothetical protein; Identified by Glimmer2; putative.,7.065023,5.6887374,Unclassified,#ff00c3
Plate1_Drawer1 02-Oct-2025 11-48-52,C1,VC_A0588,VC_A0588,"Peptide ABC transporter, ATP-binding protein, putative; Similar to SP:P33916 PID:405909 GB:U00096 PID:1736845 PID:1788506; identified by sequence similarity; putative; Belongs to the ABC transporter superfamily.",8.600291,8.941409,Unclassified,#ff00c3
Plate1_Drawer1 02-Oct-2025 11-48-52,C10,epsC,VC_2734,"General secretion pathway protein C; Involved in a type II secretion system (T2SS, formerly general secretion pathway, GSP) for the export of proteins (By similarity). Required for secretion of cholera toxin through the outer membrane.",9.688729,11.11518,Unclassified,#ff00c3
Plate1_Drawer1 02-Oct-2025 11-48-52,C11,proQ,VC_1497,"Conserved hypothetical protein; RNA chaperone with significant RNA binding, RNA strand exchange and RNA duplexing activities; Belongs to the ProQ family.",10.61315,9.703305,Unclassified,#ff00c3
Plate1_Drawer1 02-Oct-2025 11-48-52,C12,VC_2627,VC_2627,DamX-related protein; Similar to SP:P11557 GB:Z19601 PID:41226 PID:43274 PID:606322; identified by sequence similarity; putative.,10.805802,10.272404,Unclassified,#ff00c3
Plate1_Drawer1 02-Oct-2025 11-48-52,C2,gshB,VC_0468,Glutathione synthetase; Similar to SP:P04425 GB:X01666 PID:41625 PID:882476 GB:U00096; identified by sequence similarity; putative.,5.8476467,2.7119625,Unclassified,#ff00c3
Plate1_Drawer1 02-Oct-2025 11-48-52,C3,potB,VC_1427,"Spermidine/putrescine ABC transporter, permease protein; Similar to GB:M64519 SP:P23860 PID:147327 GB:U00096 PID:1651552; identified by sequence similarity; putative.",10.800946,2.3153274,Polyamine Import,#14f7f0
Plate1_Drawer1 02-Oct-2025 11-48-52,C4,flgE,VC_2197,Flagellar hook protein FlgE; Similar to GB:X51737 SP:P16322 GB:X52093 PID:47673; identified by sequence similarity; putative.,7.012789,2.739275,Motility,#ff0004
Plate1_Drawer1 02-Oct-2025 11-48-52,C5,glyQ,VC_0021,"glycyl-tRNA synthetase, alpha chain; Similar to SP:P00960 GB:J01622 PID:146222 PID:146225 PID:466698; identified by sequence similarity; putative.",11.541717,11.876931,Unclassified,#ff00c3
Plate1_Drawer1 02-Oct-2025 11-48-52,C6,VC_0462,VC_0462,Twitching motility protein PilT; Similar to SP:P24559 GB:X67095 PID:151490; identified by sequence similarity; putative.,10.967069,11.491836,Unclassified,#ff00c3
Plate1_Drawer1 02-Oct-2025 11-48-52,C7,flhA,VC_2069,"Flagellar biosynthetic protein FlhA; Required for formation of the rod structure of the flagellar apparatus. Together with FliI and FliH, may constitute the export apparatus of flagellin; Belongs to the FHIPEP (flagella/HR/invasion proteins export pore) family.",10.7498665,-2.186969,Motility,#ff0004
Plate1_Drawer1 02-Oct-2025 11-48-52,C8,VC_0399,VC_0399,MSHA biogenesis protein MshI; Similar to PID:791156 PID:791153; identified by sequence similarity; putative.,9.420514,5.66009,Unclassified,#ff00c3
Plate1_Drawer1 02-Oct-2025 11-48-52,C9,fliD,VC_2140,"Flagellar hook-associated protein FliD; FILAMENT CAP Required for the morphogenesis and for the elongation of the flagellar filament by facilitating polymerization of the flagellin monomers at the tip of growing filament. Forms a capping structure, which prevents flagellin subunits (transported through the central channel of the flagellum) from leaking out without polymerization at the distal end (By similarity).",9.465957,6.591689,Motility,#ff0004
Plate1_Drawer1 02-Oct-2025 11-48-52,D1,VC_0196,VC_0196,ATP-dependent DNA helicase RecQ; Similar to GB:M87049 SP:P15043 GB:M30198 PID:147559 PID:148221; identified by sequence similarity; putative.,9.739559,8.967975,Unclassified,#ff00c3
Plate1_Drawer1 02-Oct-2025 11-48-52,D10,VC_2270,VC_2270,Riboflavin,9.945172,11.401445,Unclassified,#ff00c3
Plate1_Drawer1 02-Oct-2025 11-48-52,D11,VC_2718; VC_2719,VC_2718; VC_2719,,5.9759755,0.54325587,Unclassified,#ff00c3
Plate1_Drawer1 02-Oct-2025 11-48-52,D2,VC_1933,VC_1933,Hypothetical protein; Identified by Glimmer2; putative.,9.852094,5.413447,Unclassified,#ff00c3
Plate1_Drawer1 02-Oct-2025 11-48-52,D3,VC_A0001,VC_A0001,Hypothetical protein; Identified by Glimmer2; putative.,9.072223,9.03481,Unclassified,#ff00c3
Plate1_Drawer1 02-Oct-2025 11-48-52,D4,fadR,VC_1900,Fatty acid metabolism regulator protein; Multifunctional regulator of fatty acid metabolism.,5.987523,0.5162705,Unclassified,#ff00c3
Plate1_Drawer1 02-Oct-2025 11-48-52,D5,pilC,VC_2425,Type IV pilin biogenesis protein PilC; Involved in the translocation of the type IV pilin; Belongs to the GSP F family.,9.442688,10.389553,Unclassified,#ff00c3
Plate1_Drawer1 02-Oct-2025 11-48-52,D6,pta,VC_1097,Phosphate acetyltransferase; Involved in acetate metabolism; In the N-terminal section; belongs to the CobB/CobQ family.,11.349128,12.133953,Unclassified,#ff00c3
Plate1_Drawer1 02-Oct-2025 11-48-52,D7,VC_A0800,VC_A0800,creA protein; Similar to SP:P08367 GB:M13608 PID:147249 PID:147691 PID:537237; identified by sequence similarity; putative.,9.344402,1.484746,Unclassified,#ff00c3
Plate1_Drawer1 02-Oct-2025 11-48-52,D8,wzt,VC_0247,lipopolysaccharide/O-antigen transport protein; Similar to GB:X59554 PID:48389; identified by sequence similarity; putative.,11.07608,11.984246,O-Antigen Biosynthesis,#0096ff
Plate1_Drawer1 02-Oct-2025 11-48-52,D9,wbeM,VC_0250,Iron-containing alcohol dehydrogenase family protein RfbM; Similar to GB:M26941 SP:P13604 PID:144714; identified by sequence similarity; putative.,7.6503797,8.9616,O-Antigen Biosynthesis,#0096ff
Plate1_Drawer1 02-Oct-2025 11-48-52,E1,VC_A0759,VC_A0759,"Arginine ABC transporter, periplasmic arginine-binding protein; Similar to SP:P30859 GB:X67753 GB:X86160 PID:40931 PID:769791; identified by sequence similarity; putative; Belongs to the bacterial solute-binding protein 3 family.",8.758634,9.940299,Unclassified,#ff00c3
Plate1_Drawer1 02-Oct-2025 11-48-52,E11,VC_A0620,VC_A0620,"Thiosulfate sulfurtransferase SseA, putative; Similar to SP:P31142 GB:U00096 PID:1788869 PID:1799924; identified by sequence similarity; putative.",8.396045,10.074169,Unclassified,#ff00c3
Plate1_Drawer1 02-Oct-2025 11-48-52,E12,trmJ,VC_0746,"RNA methyltransferase, TrmH family; Catalyzes the formation of 2'O-methylated cytidine (Cm32) or 2'O-methylated uridine (Um32) at position 32 in tRNA.",8.754402,10.407282,Unclassified,#ff00c3
Plate1_Drawer1 02-Oct-2025 11-48-52,E2,VC_A0785,VC_A0785,GGDEF family protein; Similar to PID:1651932; identified by sequence similarity; putative.,9.534413,4.42937,Unclassified,#ff00c3
Plate1_Drawer1 02-Oct-2025 11-48-52,E3,fliE,VC_2134,Flagellar hook-basal body complex protein FliE; Similar to PID:2338730; identified by sequence similarity; putative.,6.592576,1.3720036,Motility,#ff0004
Plate1_Drawer1 02-Oct-2025 11-48-52,E4,VC_1581,VC_1581,"NADH dehydrogenase, putative; Similar to SP:P33607 PID:397909 GB:U00096 PID:1788614 PID:1799638; identified by sequence similarity; putative.",10.626493,10.68825,Unclassified,#ff00c3
Plate1_Drawer1 02-Oct-2025 11-48-52,E5,fliP,VC_2123,Flagellar biosynthetic protein FliP; Plays a role in the flagellum-specific transport system. Belongs to the FliP/MopC/SpaP family.,8.359182,-0.24783938,Motility,#ff0004
Plate1_Drawer1 02-Oct-2025 11-48-52,E6,lpxM,VC_0212,Lipid A biosynthesis (kdo)2-(lauroyl)-lipid IVA acyltransferase; Catalyzes the transfer of myristate from myristoyl-acyl carrier protein (ACP) to Kdo(2)-(lauroyl)-lipid IV(A) to form Kdo(2)- lipid A.,11.16533,3.9339254,O-Antigen Biosynthesis,#0096ff
Plate1_Drawer1 02-Oct-2025 11-48-52,E7,VC_2714,VC_2714,Transcriptional regulator OmpR; Similar to PID:2108342; identified by sequence similarity; putative.,9.879606,10.59507,Unclassified,#ff00c3
Plate1_Drawer1 02-Oct-2025 11-48-52,E9,VC_1154,VC_1154,Hypothetical protein; Identified by Glimmer2; putative.,8.624379,9.746946,Unclassified,#ff00c3
Plate1_Drawer1 02-Oct-2025 11-48-52,F10,cdgJ,VC_0137,Conserved hypothetical protein; Phosphodiesterase (PDE) that catalyzes the hydrolysis of cyclic diguanylate (c-di-GMP). Positively regulates motility and negatively regulates biofilm formation.,9.755478,7.236783,Unclassified,#ff00c3
Plate1_Drawer1 02-Oct-2025 11-48-52,F11,recO,VC_2459,DNA repair protein RecO; Involved in DNA repair and RecF pathway recombination.,8.538425,8.886744,Unclassified,#ff00c3
Plate1_Drawer1 02-Oct-2025 11-48-52,F12,VC_A0999,VC_A0999,"Transcriptional regulator, TetR family; Similar to GB:U00096 PID:1787354; identified by sequence similarity; putative.",9.632726,10.832251,Unclassified,#ff00c3
Plate1_Drawer1 02-Oct-2025 11-48-52,F2,VC_2224,VC_2224,GGDEF family protein; Similar to GB:U00096 PID:1787603; identified by sequence similarity; putative.,9.188656,10.813185,Unclassified,#ff00c3
Plate1_Drawer1 02-Oct-2025 11-48-52,F3,VC_A1099,VC_A1099,"ABC transporter, permease protein; Similar to SP:P33591 GB:X73143 PID:404846 PID:466613 GB:U00096; identified by sequence similarity; putative.",9.289734,10.734815,Unclassified,#ff00c3
Plate1_Drawer1 02-Oct-2025 11-48-52,F4,VC_1320,VC_1320,DNA-binding response regulator; Similar to PID:1079807 SP:P52108 GB:U00096 PID:1742647 PID:1742658; identified by sequence similarity; putative.,8.442202,10.275392,Unclassified,#ff00c3
Plate1_Drawer1 02-Oct-2025 11-48-52,F5,VC_1319,VC_1319,Sensor histidine kinase; Similar to GB:M36795 SP:P08336 GB:X13307 PID:145590 PID:305015; identified by sequence similarity; putative.,11.080116,12.092385,Unclassified,#ff00c3
Plate1_Drawer1 02-Oct-2025 11-48-52,F6,VC_A0536,VC_A0536,Conserved hypothetical protein; Identified by Glimmer2; putative.,9.71543,9.686011,Unclassified,#ff00c3
Plate1_Drawer1 02-Oct-2025 11-48-52,F7,VC_1414,VC_1414,"Thermostable carboxypeptidase 1; Broad specificity carboxypetidase that releases amino acids sequentially from the C-terminus, including neutral, aromatic, polar and basic residues.",10.569978,11.522972,Unclassified,#ff00c3
Plate1_Drawer1 02-Oct-2025 11-48-52,F8,VC_A0527,VC_A0527,Conserved hypothetical protein; Identified by Glimmer2; putative.,9.811902,11.092632,Unclassified,#ff00c3
Plate1_Drawer1 02-Oct-2025 11-48-52,F9,argH,VC_2641,Argininosuccinate lyase; Similar to SP:P11447 GB:J01590 GB:M21446 PID:145335 PID:396307; identified by sequence similarity; putative.,8.435237,10.238392,Unclassified,#ff00c3
Plate1_Drawer1 02-Oct-2025 11-48-52,G1,guaB,VC_0767,"Inosine-5`-monophosphate dehydrogenase; Catalyzes the conversion of inosine 5'-phosphate (IMP) to xanthosine 5'-phosphate (XMP), the first committed and rate-limiting step in the de novo synthesis of guanine nucleotides, and therefore plays an important role in the regulation of cell growth. Belongs to the IMPDH/GMPR family.",10.466057,10.836784,Unclassified,#ff00c3
Plate1_Drawer1 02-Oct-2025 11-48-52,G10,rluE,VC_1140,Pseudouridine synthase family 1 protein; Responsible for synthesis of pseudouridine from uracil-2457 in 23S ribosomal RNA; Belongs to the pseudouridine synthase RsuA family.,9.376548,6.8911357,Unclassified,#ff00c3
Plate1_Drawer1 02-Oct-2025 11-48-52,G11,VC_2524,VC_2524,Conserved hypothetical protein; Catalyzes the hydrolysis of 3-deoxy-D-manno-octulosonate 8- phosphate (KDO 8-P) to 3-deoxy-D-manno-octulosonate (KDO) and inorganic phosphate; Belongs to the KdsC family.,8.511732,8.7352705,Unclassified,#ff00c3
Plate1_Drawer1 02-Oct-2025 11-48-52,G12,VC_0900,VC_0900,GGDEF family protein; Similar to PID:1652841; identified by sequence similarity; putative.,9.832211,2.7219265,Unclassified,#ff00c3
Plate1_Drawer1 02-Oct-2025 11-48-52,G2,VC_A0171,VC_A0171,Conserved hypothetical protein; Identified by Glimmer2; putative.,9.744697,6.119399,Unclassified,#ff00c3
Plate1_Drawer1 02-Oct-2025 11-48-52,G3,fliJ,VC_2129,"Flagellar protein FliJ, putative; Similar to PID:1071644 SP:P52613 GB:U00096 PID:1736608 PID:1788252; identified by sequence similarity; putative.",8.738443,0.09051198,Motility,#ff0004
Plate1_Drawer1 02-Oct-2025 11-48-52,G4,VC_0161,VC_0161,Transcriptional activator IlvY; Similar to GB:L42023 SP:P44821 PID:1005575 PID:1220765 PID:1204932; identified by sequence similarity; putative; Belongs to the LysR transcriptional regulatory family.,8.74792,8.246498,Unclassified,#ff00c3
Plate1_Drawer1 02-Oct-2025 11-48-52,G5,VC_0405,VC_0405,MSHA biogenesis protein MshE; Similar to PID:791156 PID:791159; identified by sequence similarity; putative.,9.992655,9.468838,Unclassified,#ff00c3
Plate1_Drawer1 02-Oct-2025 11-48-52,G6,VC_1295,VC_1295,Conserved hypothetical protein; Phosphodiesterase (PDE) that catalyzes the hydrolysis of cyclic diguanylate (c-di-GMP) to GMP in vitro. Increases motility and decreases biofilm formation in vivo.,9.784706,11.171687,Unclassified,#ff00c3
Plate1_Drawer1 02-Oct-2025 11-48-52,G8,manC,VC_0241,Mannose-1-phosphate guanylyltransferase; Similar to GB:X59554 SP:Q07024 PID:48383; identified by sequence similarity; putative.,3.023541,-0.42641944,O-Antigen Biosynthesis,#0096ff
Plate1_Drawer1 02-Oct-2025 11-48-52,H1,flhG,VC_2067,MinD-related protein; Similar to GP:3695013; identified by sequence similarity; putative. MULTIPLE FILAMENTS,2.8931415,6.3899465,Motility,#ff0004
Plate1_Drawer1 02-Oct-2025 11-48-52,H10,trpR,VC_0701,"Trp operon repressor, putative; This protein is an aporepressor. When complexed with L- tryptophan it binds the operator region of the trp operon and prevents the initiation of transcription (By similarity).",7.0489974,7.008529,Unclassified,#ff00c3
Plate1_Drawer1 02-Oct-2025 11-48-52,H11,greA,VC_0634,"Transcription elongation factor GreA; Necessary for efficient RNA polymerase transcription elongation past template-encoded arresting sites. The arresting sites in DNA have the property of trapping a certain fraction of elongating RNA polymerases that pass through, resulting in locked ternary complexes. Cleavage of the nascent transcript by cleavage factors such as GreA or GreB allows the resumption of elongation from the new 3'terminus. GreA releases sequences of 2 to 3 nucleotides.",7.76929,6.902072,Unclassified,#ff00c3
Plate1_Drawer1 02-Oct-2025 11-48-52,H12,VC_0419,VC_0419,Cytoplasmic axial filament protein; Similar to SP:P25537 PID:48826 PID:606187 GB:U00096 PID:1789645; identified by sequence similarity; putative.,10.1733675,7.534988,Unclassified,#ff00c3
Plate1_Drawer1 02-Oct-2025 11-48-52,H2,VC_A0940,VC_A0940,"Transcriptional regulator, DeoR family; Similar to SP:P09392 GB:M96795 PID:146186 PID:606358 GB:U00096; identified by sequence similarity; putative.",8.865357,4.1267767,Unclassified,#ff00c3
Plate1_Drawer1 02-Oct-2025 11-48-52,H3,ectA,VC_A0825,"L-2,4-diaminobutyric acid acetyltransferase; Catalyzes the acetylation of L-2,4-diaminobutyrate (DABA) to gamma-N-acetyl-alpha,gamma-diaminobutyric acid (ADABA) with acetyl coenzyme A.",8.410221,9.8953285,Unclassified,#ff00c3
Plate1_Drawer1 02-Oct-2025 11-48-52,H4,VC_A0840,VC_A0840,"Deoxycytidylate deaminase, putative; Similar to SP:P33968 GB:X70289 PID:396216; identified by sequence similarity; putative.",9.365957,7.3860135,Unclassified,#ff00c3
Plate1_Drawer1 02-Oct-2025 11-48-52,H6,VC_2522,VC_2522,Conserved hypothetical protein; Identified by Glimmer2; putative.,8.150418,9.099487,Unclassified,#ff00c3
Plate1_Drawer1 02-Oct-2025 11-48-52,H7,glmS,VC_0487,"Glucosamine--fructose-6-phosphate aminotransferase (isomerizing); Catalyzes the first step in hexosamine metabolism, converting fructose-6P into glucosamine-6P using glutamine as a nitrogen source.",8.306118,7.621122,Unclassified,#ff00c3
Plate1_Drawer1 02-Oct-2025 11-48-52,H8,manA,VC_0269,Mannose-6-phosphate isomerase; Similar to SP:P25081 GB:X57117 PID:48820; identified by sequence similarity; putative; Belongs to the mannose-6-phosphate isomerase type 1 family.,2.6538496,-0.7154134,O-Antigen Biosynthesis,#0096ff
Plate1_Drawer1 02-Oct-2025 11-48-52,H9,nusB,VC_2267,N utilization substance protein B; Involved in transcription antitermination. Required for transcription of ribosomal RNA (rRNA) genes. Binds specifically to the boxA antiterminator sequence of the ribosomal RNA (rrn) operons.,8.211101,9.601044,Unclassified,#ff00c3
Plate1_Drawer1 07-Aug-2025 11-29-03,A1,ung,VC_2359,uracil-DNA glycosylase; Excises uracil residues from the DNA which can arise as a result of misincorporation of dUMP residues by DNA polymerase or due to deamination of cytosine.,9.533706,5.881601,Unclassified,#ff00c3
Plate1_Drawer1 07-Aug-2025 11-29-03,A10,VC_1462,VC_1462,RstB2 protein; Similar to GP:2564358; identified by sequence similarity; putative.,9.315086,6.1183414,Unclassified,#ff00c3
Plate1_Drawer1 07-Aug-2025 11-29-03,A12,wavA,VC_0223,"ADP-heptose--LPS heptosyltransferase II, putative; Similar to GB:L42023 SP:P44011 PID:1003930 PID:1222457 PID:1204774; identified by sequence similarity; putative.",9.896831,4.449027,O-Antigen Biosynthesis,#0096ff
Plate1_Drawer1 07-Aug-2025 11-29-03,A2,VC_2453,VC_2453,Sensor histidine kinase/response regulator; Similar to GB:D10888 SP:P26607 PID:216535 PID:882680 GB:U00096; identified by sequence similarity; putative.,10.528337,8.777304,Unclassified,#ff00c3
Plate1_Drawer1 07-Aug-2025 11-29-03,A3,VC_2311,VC_2311,HesA/MoeB/ThiF family protein; Similar to GB:D21145 PID:471103 PID:882707 GB:U00096 SP:Q46927; identified by sequence similarity; putative.,8.377855,6.5355086,Unclassified,#ff00c3
Plate1_Drawer1 07-Aug-2025 11-29-03,A4,lipA,VC_0943,"Lipoic acid synthetase; Catalyzes the radical-mediated insertion of two sulfur atoms into the C-6 and C-8 positions of the octanoyl moiety bound to the lipoyl domains of lipoate-dependent enzymes, thereby converting the octanoylated domains into lipoylated derivatives.",4.5765533,1.2301084,Pyruvate Flux,#39ff14
Plate1_Drawer1 07-Aug-2025 11-29-03,A5,rsmJ,VC_0073,Conserved hypothetical protein; Specifically methylates the guanosine in position 1516 of 16S rRNA.,7.307919,5.4068623,Unclassified,#ff00c3
Plate1_Drawer1 07-Aug-2025 11-29-03,A6,potC,VC_1426,"Spermidine/putrescine ABC transporter, permease protein; Similar to GB:M64519 SP:P23859 PID:147328 GB:U00096 PID:1651551; identified by sequence similarity; putative.",8.370959,6.663966,Polyamine Import,#14f7f0
Plate1_Drawer1 07-Aug-2025 11-29-03,A7,pckA,VC_2738,Phosphoenolpyruvate carboxykinase; Involved in the gluconeogenesis. Catalyzes the conversion of oxaloacetate (OAA) to phosphoenolpyruvate (PEP) through direct phosphoryl transfer between the nucleoside triphosphate and OAA. Belongs to the phosphoenolpyruvate carboxykinase (ATP) family.,8.652769,2.2046082,Unclassified,#ff00c3
Plate1_Drawer1 07-Aug-2025 11-29-03,A8,rluD,VC_0709,"Ribosomal large subunit pseudouridine synthase D; Responsible for synthesis of pseudouridine from uracil at positions 1911, 1915 and 1917 in 23S ribosomal RNA; Belongs to the pseudouridine synthase RluA family.",7.0462437,5.6843166,Unclassified,#ff00c3
Plate1_Drawer1 07-Aug-2025 11-29-03,A9,vibB,VC_0771,Vibriobactin-specific isochorismatase; Involved in the biosynthesis of the catechol siderophore vibriobactin. Vibriobactin is a chelating compound involved in transporting iron from the bacterial environment into the cell cytoplasm; Belongs to the isochorismatase family.,4.5554123,1.2112509,Vibriobactin Biosynthesis,#ba17f6
Plate1_Drawer1 07-Aug-2025 11-29-03,B1,flgB,VC_2200,"Flagellar basal-body rod protein FlgB; Structural component of flagellum, the bacterial motility apparatus. Part of the rod structure of flagellar basal body.",10.15669,-0.6483315,Motility,#ff0004
Plate1_Drawer1 07-Aug-2025 11-29-03,B10,flgP,VC_2206,Conserved hypothetical protein; Identified by Glimmer2; putative.,8.810584,1.689829,Motility,#ff0004
Plate1_Drawer1 07-Aug-2025 11-29-03,B2,fliS,VC_2138,Flagellar protein FliS; Similar to GB:U12816 PID:1254205; identified by sequence similarity; putative.,10.16551,-2.0208828,Motility,#ff0004
Plate1_Drawer1 07-Aug-2025 11-29-03,B3,VC_A1081,VC_A1081,Hypothetical protein; Identified by Glimmer2; putative.,9.819018,4.8072047,Unclassified,#ff00c3
Plate1_Drawer1 07-Aug-2025 11-29-03,B4,VC_1909,VC_1909,Hypothetical protein; Identified by Glimmer2; putative.,10.424306,8.3082905,Unclassified,#ff00c3
Plate1_Drawer1 07-Aug-2025 11-29-03,B5,VC_0449,VC_0449,Methyl-accepting chemotaxis protein; Similar to GB:X61367 PID:48195; identified by sequence similarity; putative.,6.8193564,6.6897573,Unclassified,#ff00c3
Plate1_Drawer1 07-Aug-2025 11-29-03,B6,VC_1498,VC_1498,Conserved hypothetical protein; Identified by Glimmer2; putative.,9.457777,5.3053784,Unclassified,#ff00c3
Plate1_Drawer1 07-Aug-2025 11-29-03,B7,VC_2756,VC_2756,Potassium uptake protein TrkH; Low-affinity potassium transport system. Interacts with Trk system potassium uptake protein TrkA; Belongs to the TrkH potassium transport family.,9.586072,3.0640945,Unclassified,#ff00c3
Plate1_Drawer1 07-Aug-2025 11-29-03,B8,VC_0113,VC_0113,Methyltransferase-related protein; Similar to SP:P37431 PID:295895; identified by sequence similarity; putative.,8.791317,2.6605422,Unclassified,#ff00c3
Plate1_Drawer1 07-Aug-2025 11-29-03,B9,VC_1423,VC_1423,Hypothetical protein; Identified by Glimmer2; putative.,8.909927,7.1098366,Unclassified,#ff00c3
Plate1_Drawer1 07-Aug-2025 11-29-03,C1,VC_A0588,VC_A0588,"Peptide ABC transporter, ATP-binding protein, putative; Similar to SP:P33916 PID:405909 GB:U00096 PID:1736845 PID:1788506; identified by sequence similarity; putative; Belongs to the ABC transporter superfamily.",9.120543,10.045377,Unclassified,#ff00c3
Plate1_Drawer1 07-Aug-2025 11-29-03,C10,epsC,VC_2734,"General secretion pathway protein C; Involved in a type II secretion system (T2SS, formerly general secretion pathway, GSP) for the export of proteins (By similarity). Required for secretion of cholera toxin through the outer membrane.",8.593505,9.618211,Unclassified,#ff00c3
Plate1_Drawer1 07-Aug-2025 11-29-03,C11,proQ,VC_1497,"Conserved hypothetical protein; RNA chaperone with significant RNA binding, RNA strand exchange and RNA duplexing activities; Belongs to the ProQ family.",7.9643364,6.850182,Unclassified,#ff00c3
Plate1_Drawer1 07-Aug-2025 11-29-03,C12,VC_2627,VC_2627,DamX-related protein; Similar to SP:P11557 GB:Z19601 PID:41226 PID:43274 PID:606322; identified by sequence similarity; putative.,10.379997,9.3619175,Unclassified,#ff00c3
Plate1_Drawer1 07-Aug-2025 11-29-03,C2,gshB,VC_0468,Glutathione synthetase; Similar to SP:P04425 GB:X01666 PID:41625 PID:882476 GB:U00096; identified by sequence similarity; putative.,6.985661,3.8794215,Unclassified,#ff00c3
Plate1_Drawer1 07-Aug-2025 11-29-03,C3,potB,VC_1427,"Spermidine/putrescine ABC transporter, permease protein; Similar to GB:M64519 SP:P23860 PID:147327 GB:U00096 PID:1651552; identified by sequence similarity; putative.",10.578171,1.7386193,Polyamine Import,#14f7f0
Plate1_Drawer1 07-Aug-2025 11-29-03,C5,glyQ,VC_0021,"glycyl-tRNA synthetase, alpha chain; Similar to SP:P00960 GB:J01622 PID:146222 PID:146225 PID:466698; identified by sequence similarity; putative.",11.840367,12.127132,Unclassified,#ff00c3
Plate1_Drawer1 07-Aug-2025 11-29-03,C6,VC_0462,VC_0462,Twitching motility protein PilT; Similar to SP:P24559 GB:X67095 PID:151490; identified by sequence similarity; putative.,10.955378,6.7764983,Unclassified,#ff00c3
Plate1_Drawer1 07-Aug-2025 11-29-03,C7,flhA,VC_2069,"Flagellar biosynthetic protein FlhA; Required for formation of the rod structure of the flagellar apparatus. Together with FliI and FliH, may constitute the export apparatus of flagellin; Belongs to the FHIPEP (flagella/HR/invasion proteins export pore) family.",8.560423,1.37466,Motility,#ff0004
Plate1_Drawer1 07-Aug-2025 11-29-03,C8,VC_0399,VC_0399,MSHA biogenesis protein MshI; Similar to PID:791156 PID:791153; identified by sequence similarity; putative.,6.990054,2.9241576,Unclassified,#ff00c3
Plate1_Drawer1 07-Aug-2025 11-29-03,C9,fliD,VC_2140,"Flagellar hook-associated protein FliD; FILAMENT CAP Required for the morphogenesis and for the elongation of the flagellar filament by facilitating polymerization of the flagellin monomers at the tip of growing filament. Forms a capping structure, which prevents flagellin subunits (transported through the central channel of the flagellum) from leaking out without polymerization at the distal end (By similarity).",8.283693,9.330375,Motility,#ff0004
Plate1_Drawer1 07-Aug-2025 11-29-03,D1,VC_0196,VC_0196,ATP-dependent DNA helicase RecQ; Similar to GB:M87049 SP:P15043 GB:M30198 PID:147559 PID:148221; identified by sequence similarity; putative.,8.606076,3.7543423,Unclassified,#ff00c3
Plate1_Drawer1 07-Aug-2025 11-29-03,D10,VC_2270,VC_2270,Riboflavin,5.9755826,2.8406878,Unclassified,#ff00c3
Plate1_Drawer1 07-Aug-2025 11-29-03,D11,VC_2718; VC_2719,VC_2718; VC_2719,,4.5626826,-5.4306946,Unclassified,#ff00c3
Plate1_Drawer1 07-Aug-2025 11-29-03,D12,wbeG,VC_0245,rfbG protein; Similar to GB:X59554 PID:48387; identified by sequence similarity; putative.,9.014802,3.2144759,O-Antigen Biosynthesis,#0096ff
Plate1_Drawer1 07-Aug-2025 11-29-03,D2,VC_1933,VC_1933,Hypothetical protein; Identified by Glimmer2; putative.,8.481932,6.5106072,Unclassified,#ff00c3
Plate1_Drawer1 07-Aug-2025 11-29-03,D3,VC_A0001,VC_A0001,Hypothetical protein; Identified by Glimmer2; putative.,8.529772,8.877154,Unclassified,#ff00c3
Plate1_Drawer1 07-Aug-2025 11-29-03,D4,fadR,VC_1900,Fatty acid metabolism regulator protein; Multifunctional regulator of fatty acid metabolism.,10.734107,-2.1583762,Unclassified,#ff00c3
Plate1_Drawer1 07-Aug-2025 11-29-03,D5,pilC,VC_2425,Type IV pilin biogenesis protein PilC; Involved in the translocation of the type IV pilin; Belongs to the GSP F family.,8.995163,8.513948,Unclassified,#ff00c3
Plate1_Drawer1 07-Aug-2025 11-29-03,D6,pta,VC_1097,Phosphate acetyltransferase; Involved in acetate metabolism; In the N-terminal section; belongs to the CobB/CobQ family.,10.3286495,10.959756,Unclassified,#ff00c3
Plate1_Drawer1 07-Aug-2025 11-29-03,D7,VC_A0800,VC_A0800,creA protein; Similar to SP:P08367 GB:M13608 PID:147249 PID:147691 PID:537237; identified by sequence similarity; putative.,9.601663,1.5793358,Unclassified,#ff00c3
Plate1_Drawer1 07-Aug-2025 11-29-03,D8,wzt,VC_0247,lipopolysaccharide/O-antigen transport protein; Similar to GB:X59554 PID:48389; identified by sequence similarity; putative.,9.342826,8.790026,O-Antigen Biosynthesis,#0096ff
Plate1_Drawer1 07-Aug-2025 11-29-03,D9,wbeM,VC_0250,Iron-containing alcohol dehydrogenase family protein RfbM; Similar to GB:M26941 SP:P13604 PID:144714; identified by sequence similarity; putative.,9.436142,5.2796865,O-Antigen Biosynthesis,#0096ff
Plate1_Drawer1 07-Aug-2025 11-29-03,E1,VC_A0759,VC_A0759,"Arginine ABC transporter, periplasmic arginine-binding protein; Similar to SP:P30859 GB:X67753 GB:X86160 PID:40931 PID:769791; identified by sequence similarity; putative; Belongs to the bacterial solute-binding protein 3 family.",9.542579,3.0696886,Unclassified,#ff00c3
Plate1_Drawer1 07-Aug-2025 11-29-03,E10,VC_1887,VC_1887,Hypothetical protein; Identified by Glimmer2; putative.,5.2258883,-5.974565,Unclassified,#ff00c3
Plate1_Drawer1 07-Aug-2025 11-29-03,E12,trmJ,VC_0746,"RNA methyltransferase, TrmH family; Catalyzes the formation of 2'O-methylated cytidine (Cm32) or 2'O-methylated uridine (Um32) at position 32 in tRNA.",11.48649,12.140364,Unclassified,#ff00c3
Plate1_Drawer1 07-Aug-2025 11-29-03,E2,VC_A0785,VC_A0785,GGDEF family protein; Similar to PID:1651932; identified by sequence similarity; putative.,10.904272,5.2132983,Unclassified,#ff00c3
Plate1_Drawer1 07-Aug-2025 11-29-03,E3,fliE,VC_2134,Flagellar hook-basal body complex protein FliE; Similar to PID:2338730; identified by sequence similarity; putative.,11.156957,-1.8880278,Motility,#ff0004
Plate1_Drawer1 07-Aug-2025 11-29-03,E4,VC_1581,VC_1581,"NADH dehydrogenase, putative; Similar to SP:P33607 PID:397909 GB:U00096 PID:1788614 PID:1799638; identified by sequence similarity; putative.",11.575279,11.918901,Unclassified,#ff00c3
Plate1_Drawer1 07-Aug-2025 11-29-03,E5,fliP,VC_2123,Flagellar biosynthetic protein FliP; Plays a role in the flagellum-specific transport system. Belongs to the FliP/MopC/SpaP family.,9.319944,-1.1013987,Motility,#ff0004
Plate1_Drawer1 07-Aug-2025 11-29-03,E6,lpxM,VC_0212,Lipid A biosynthesis (kdo)2-(lauroyl)-lipid IVA acyltransferase; Catalyzes the transfer of myristate from myristoyl-acyl carrier protein (ACP) to Kdo(2)-(lauroyl)-lipid IV(A) to form Kdo(2)- lipid A.,10.737358,2.9290419,O-Antigen Biosynthesis,#0096ff
Plate1_Drawer1 07-Aug-2025 11-29-03,E7,VC_2714,VC_2714,Transcriptional regulator OmpR; Similar to PID:2108342; identified by sequence similarity; putative.,11.602522,12.235851,Unclassified,#ff00c3
Plate1_Drawer1 07-Aug-2025 11-29-03,F10,cdgJ,VC_0137,Conserved hypothetical protein; Phosphodiesterase (PDE) that catalyzes the hydrolysis of cyclic diguanylate (c-di-GMP). Positively regulates motility and negatively regulates biofilm formation.,9.684624,7.7667975,Unclassified,#ff00c3
Plate1_Drawer1 07-Aug-2025 11-29-03,F11,recO,VC_2459,DNA repair protein RecO; Involved in DNA repair and RecF pathway recombination.,9.443221,2.6677651,Unclassified,#ff00c3
Plate1_Drawer1 07-Aug-2025 11-29-03,F12,VC_A0999,VC_A0999,"Transcriptional regulator, TetR family; Similar to GB:U00096 PID:1787354; identified by sequence similarity; putative.",8.067509,4.6082435,Unclassified,#ff00c3
Plate1_Drawer1 07-Aug-2025 11-29-03,F2,VC_2224,VC_2224,GGDEF family protein; Similar to GB:U00096 PID:1787603; identified by sequence similarity; putative.,7.587496,9.196708,Unclassified,#ff00c3
Plate1_Drawer1 07-Aug-2025 11-29-03,F3,VC_A1099,VC_A1099,"ABC transporter, permease protein; Similar to SP:P33591 GB:X73143 PID:404846 PID:466613 GB:U00096; identified by sequence similarity; putative.",8.602185,10.358096,Unclassified,#ff00c3
Plate1_Drawer1 07-Aug-2025 11-29-03,F4,VC_1320,VC_1320,DNA-binding response regulator; Similar to PID:1079807 SP:P52108 GB:U00096 PID:1742647 PID:1742658; identified by sequence similarity; putative.,11.5168915,12.119631,Unclassified,#ff00c3
Plate1_Drawer1 07-Aug-2025 11-29-03,F5,VC_1319,VC_1319,Sensor histidine kinase; Similar to GB:M36795 SP:P08336 GB:X13307 PID:145590 PID:305015; identified by sequence similarity; putative.,8.131428,9.770048,Unclassified,#ff00c3
Plate1_Drawer1 07-Aug-2025 11-29-03,F6,VC_A0536,VC_A0536,Conserved hypothetical protein; Identified by Glimmer2; putative.,7.6463656,6.8743367,Unclassified,#ff00c3
Plate1_Drawer1 07-Aug-2025 11-29-03,F7,VC_1414,VC_1414,"Thermostable carboxypeptidase 1; Broad specificity carboxypetidase that releases amino acids sequentially from the C-terminus, including neutral, aromatic, polar and basic residues.",9.931017,10.939544,Unclassified,#ff00c3
Plate1_Drawer1 07-Aug-2025 11-29-03,F9,argH,VC_2641,Argininosuccinate lyase; Similar to SP:P11447 GB:J01590 GB:M21446 PID:145335 PID:396307; identified by sequence similarity; putative.,8.8764925,10.555389,Unclassified,#ff00c3
Plate1_Drawer1 07-Aug-2025 11-29-03,G10,rluE,VC_1140,Pseudouridine synthase family 1 protein; Responsible for synthesis of pseudouridine from uracil-2457 in 23S ribosomal RNA; Belongs to the pseudouridine synthase RsuA family.,9.362215,2.816178,Unclassified,#ff00c3
Plate1_Drawer1 07-Aug-2025 11-29-03,G11,VC_2524,VC_2524,Conserved hypothetical protein; Catalyzes the hydrolysis of 3-deoxy-D-manno-octulosonate 8- phosphate (KDO 8-P) to 3-deoxy-D-manno-octulosonate (KDO) and inorganic phosphate; Belongs to the KdsC family.,7.559266,7.4088206,Unclassified,#ff00c3
Plate1_Drawer1 07-Aug-2025 11-29-03,G12,VC_0900,VC_0900,GGDEF family protein; Similar to PID:1652841; identified by sequence similarity; putative.,8.334188,2.8948486,Unclassified,#ff00c3
Plate1_Drawer1 07-Aug-2025 11-29-03,G2,VC_A0171,VC_A0171,Conserved hypothetical protein; Identified by Glimmer2; putative.,9.987481,2.4992793,Unclassified,#ff00c3
Plate1_Drawer1 07-Aug-2025 11-29-03,G3,fliJ,VC_2129,"Flagellar protein FliJ, putative; Similar to PID:1071644 SP:P52613 GB:U00096 PID:1736608 PID:1788252; identified by sequence similarity; putative.",11.530125,9.4230385,Motility,#ff0004
Plate1_Drawer1 07-Aug-2025 11-29-03,G4,VC_0161,VC_0161,Transcriptional activator IlvY; Similar to GB:L42023 SP:P44821 PID:1005575 PID:1220765 PID:1204932; identified by sequence similarity; putative; Belongs to the LysR transcriptional regulatory family.,9.804798,3.5099123,Unclassified,#ff00c3
Plate1_Drawer1 07-Aug-2025 11-29-03,G5,VC_0405,VC_0405,MSHA biogenesis protein MshE; Similar to PID:791156 PID:791159; identified by sequence similarity; putative.,10.378417,9.820123,Unclassified,#ff00c3
Plate1_Drawer1 07-Aug-2025 11-29-03,G6,VC_1295,VC_1295,Conserved hypothetical protein; Phosphodiesterase (PDE) that catalyzes the hydrolysis of cyclic diguanylate (c-di-GMP) to GMP in vitro. Increases motility and decreases biofilm formation in vivo.,10.366336,11.190766,Unclassified,#ff00c3
Plate1_Drawer1 07-Aug-2025 11-29-03,G7,flgD,VC_2198,Basal-body rod modification protein FlgD; Required for flagellar hook formation. May act as a scaffolding protein.,11.673149,-0.9821261,Motility,#ff0004
Plate1_Drawer1 07-Aug-2025 11-29-03,G8,manC,VC_0241,Mannose-1-phosphate guanylyltransferase; Similar to GB:X59554 SP:Q07024 PID:48383; identified by sequence similarity; putative.,2.1230004,-0.3051299,O-Antigen Biosynthesis,#0096ff
Plate1_Drawer1 07-Aug-2025 11-29-03,H1,flhG,VC_2067,MinD-related protein; Similar to GP:3695013; identified by sequence similarity; putative. MULTIPLE FILAMENTS,2.3403814,6.04392,Motility,#ff0004
Plate1_Drawer1 07-Aug-2025 11-29-03,H10,trpR,VC_0701,"Trp operon repressor, putative; This protein is an aporepressor. When complexed with L- tryptophan it binds the operator region of the trp operon and prevents the initiation of transcription (By similarity).",8.06178,3.183016,Unclassified,#ff00c3
Plate1_Drawer1 07-Aug-2025 11-29-03,H11,greA,VC_0634,"Transcription elongation factor GreA; Necessary for efficient RNA polymerase transcription elongation past template-encoded arresting sites. The arresting sites in DNA have the property of trapping a certain fraction of elongating RNA polymerases that pass through, resulting in locked ternary complexes. Cleavage of the nascent transcript by cleavage factors such as GreA or GreB allows the resumption of elongation from the new 3'terminus. GreA releases sequences of 2 to 3 nucleotides.",8.355083,5.925999,Unclassified,#ff00c3
Plate1_Drawer1 07-Aug-2025 11-29-03,H12,VC_0419,VC_0419,Cytoplasmic axial filament protein; Similar to SP:P25537 PID:48826 PID:606187 GB:U00096 PID:1789645; identified by sequence similarity; putative.,11.102023,10.707977,Unclassified,#ff00c3
Plate1_Drawer1 07-Aug-2025 11-29-03,H2,VC_A0940,VC_A0940,"Transcriptional regulator, DeoR family; Similar to SP:P09392 GB:M96795 PID:146186 PID:606358 GB:U00096; identified by sequence similarity; putative.",9.586616,4.8296695,Unclassified,#ff00c3
Plate1_Drawer1 07-Aug-2025 11-29-03,H3,ectA,VC_A0825,"L-2,4-diaminobutyric acid acetyltransferase; Catalyzes the acetylation of L-2,4-diaminobutyrate (DABA) to gamma-N-acetyl-alpha,gamma-diaminobutyric acid (ADABA) with acetyl coenzyme A.",8.743757,3.663273,Unclassified,#ff00c3
Plate1_Drawer1 07-Aug-2025 11-29-03,H4,VC_A0840,VC_A0840,"Deoxycytidylate deaminase, putative; Similar to SP:P33968 GB:X70289 PID:396216; identified by sequence similarity; putative.",10.676395,10.034017,Unclassified,#ff00c3
Plate1_Drawer1 07-Aug-2025 11-29-03,H6,VC_2522,VC_2522,Conserved hypothetical protein; Identified by Glimmer2; putative.,8.891736,9.005796,Unclassified,#ff00c3
Plate1_Drawer1 07-Aug-2025 11-29-03,H7,glmS,VC_0487,"Glucosamine--fructose-6-phosphate aminotransferase (isomerizing); Catalyzes the first step in hexosamine metabolism, converting fructose-6P into glucosamine-6P using glutamine as a nitrogen source.",7.88827,5.9327126,Unclassified,#ff00c3
Plate1_Drawer1 07-Aug-2025 11-29-03,H8,manA,VC_0269,Mannose-6-phosphate isomerase; Similar to SP:P25081 GB:X57117 PID:48820; identified by sequence similarity; putative; Belongs to the mannose-6-phosphate isomerase type 1 family.,2.4303474,-0.36849856,O-Antigen Biosynthesis,#0096ff
Plate1_Drawer1 07-Aug-2025 11-29-03,H9,nusB,VC_2267,N utilization substance protein B; Involved in transcription antitermination. Required for transcription of ribosomal RNA (rRNA) genes. Binds specifically to the boxA antiterminator sequence of the ribosomal RNA (rrn) operons.,9.688103,10.145118,Unclassified,#ff00c3
Plate1_Drawer1 22-Jul-2025 10-47-22,A1,ung,VC_2359,uracil-DNA glycosylase; Excises uracil residues from the DNA which can arise as a result of misincorporation of dUMP residues by DNA polymerase or due to deamination of cytosine.,10.804238,5.7444596,Unclassified,#ff00c3
Plate1_Drawer1 22-Jul-2025 10-47-22,A10,VC_1462,VC_1462,RstB2 protein; Similar to GP:2564358; identified by sequence similarity; putative.,11.625601,10.204601,Unclassified,#ff00c3
Plate1_Drawer1 22-Jul-2025 10-47-22,A12,wavA,VC_0223,"ADP-heptose--LPS heptosyltransferase II, putative; Similar to GB:L42023 SP:P44011 PID:1003930 PID:1222457 PID:1204774; identified by sequence similarity; putative.",11.226418,10.52357,O-Antigen Biosynthesis,#0096ff
Plate1_Drawer1 22-Jul-2025 10-47-22,A2,VC_2453,VC_2453,Sensor histidine kinase/response regulator; Similar to GB:D10888 SP:P26607 PID:216535 PID:882680 GB:U00096; identified by sequence similarity; putative.,10.551816,5.7872677,Unclassified,#ff00c3
Plate1_Drawer1 22-Jul-2025 10-47-22,A3,VC_2311,VC_2311,HesA/MoeB/ThiF family protein; Similar to GB:D21145 PID:471103 PID:882707 GB:U00096 SP:Q46927; identified by sequence similarity; putative.,10.472868,6.3077283,Unclassified,#ff00c3
Plate1_Drawer1 22-Jul-2025 10-47-22,A4,lipA,VC_0943,"Lipoic acid synthetase; Catalyzes the radical-mediated insertion of two sulfur atoms into the C-6 and C-8 positions of the octanoyl moiety bound to the lipoyl domains of lipoate-dependent enzymes, thereby converting the octanoylated domains into lipoylated derivatives.",5.532506,1.0494238,Pyruvate Flux,#39ff14
Plate1_Drawer1 22-Jul-2025 10-47-22,A5,rsmJ,VC_0073,Conserved hypothetical protein; Specifically methylates the guanosine in position 1516 of 16S rRNA.,10.764283,5.7260537,Unclassified,#ff00c3
Plate1_Drawer1 22-Jul-2025 10-47-22,A6,potC,VC_1426,"Spermidine/putrescine ABC transporter, permease protein; Similar to GB:M64519 SP:P23859 PID:147328 GB:U00096 PID:1651551; identified by sequence similarity; putative.",11.755739,9.703252,Polyamine Import,#14f7f0
Plate1_Drawer1 22-Jul-2025 10-47-22,A7,pckA,VC_2738,Phosphoenolpyruvate carboxykinase; Involved in the gluconeogenesis. Catalyzes the conversion of oxaloacetate (OAA) to phosphoenolpyruvate (PEP) through direct phosphoryl transfer between the nucleoside triphosphate and OAA. Belongs to the phosphoenolpyruvate carboxykinase (ATP) family.,10.835382,2.134228,Unclassified,#ff00c3
Plate1_Drawer1 22-Jul-2025 10-47-22,A8,rluD,VC_0709,"Ribosomal large subunit pseudouridine synthase D; Responsible for synthesis of pseudouridine from uracil at positions 1911, 1915 and 1917 in 23S ribosomal RNA; Belongs to the pseudouridine synthase RluA family.",9.182355,7.0017343,Unclassified,#ff00c3
Plate1_Drawer1 22-Jul-2025 10-47-22,A9,vibB,VC_0771,Vibriobactin-specific isochorismatase; Involved in the biosynthesis of the catechol siderophore vibriobactin. Vibriobactin is a chelating compound involved in transporting iron from the bacterial environment into the cell cytoplasm; Belongs to the isochorismatase family.,5.89869,2.8556921,Vibriobactin Biosynthesis,#ba17f6
Plate1_Drawer1 22-Jul-2025 10-47-22,B1,flgB,VC_2200,"Flagellar basal-body rod protein FlgB; Structural component of flagellum, the bacterial motility apparatus. Part of the rod structure of flagellar basal body.",11.160963,-1.6789844,Motility,#ff0004
Plate1_Drawer1 22-Jul-2025 10-47-22,B10,flgP,VC_2206,Conserved hypothetical protein; Identified by Glimmer2; putative.,10.696303,-2.1717038,Motility,#ff0004
Plate1_Drawer1 22-Jul-2025 10-47-22,B11,fliQ,VC_2122,Flagellar biosynthetic protein FliQ; Role in flagellar biosynthesis. Belongs to the FliQ/MopD/SpaQ family.,10.3403015,-2.1253643,Motility,#ff0004
Plate1_Drawer1 22-Jul-2025 10-47-22,B12,argF,VC_2508,Ornithine carbamoyltransferase; Reversibly catalyzes the transfer of the carbamoyl group from carbamoyl phosphate (CP) to the N(epsilon) atom of ornithine (ORN) to produce L-citrulline; Belongs to the aspartate/ornithine carbamoyltransferase superfamily. OTCase family.,11.726644,10.2444,Unclassified,#ff00c3
Plate1_Drawer1 22-Jul-2025 10-47-22,B2,fliS,VC_2138,Flagellar protein FliS; Similar to GB:U12816 PID:1254205; identified by sequence similarity; putative.,10.955679,-2.1956842,Motility,#ff0004
Plate1_Drawer1 22-Jul-2025 10-47-22,B3,VC_A1081,VC_A1081,Hypothetical protein; Identified by Glimmer2; putative.,11.182939,5.652825,Unclassified,#ff00c3
Plate1_Drawer1 22-Jul-2025 10-47-22,B4,VC_1909,VC_1909,Hypothetical protein; Identified by Glimmer2; putative.,10.821837,9.853909,Unclassified,#ff00c3
Plate1_Drawer1 22-Jul-2025 10-47-22,B5,VC_0449,VC_0449,Methyl-accepting chemotaxis protein; Similar to GB:X61367 PID:48195; identified by sequence similarity; putative.,10.70943,8.604608,Unclassified,#ff00c3
Plate1_Drawer1 22-Jul-2025 10-47-22,B6,VC_1498,VC_1498,Conserved hypothetical protein; Identified by Glimmer2; putative.,11.424306,10.243937,Unclassified,#ff00c3
Plate1_Drawer1 22-Jul-2025 10-47-22,B7,VC_2756,VC_2756,Potassium uptake protein TrkH; Low-affinity potassium transport system. Interacts with Trk system potassium uptake protein TrkA; Belongs to the TrkH potassium transport family.,10.993106,5.2121997,Unclassified,#ff00c3
Plate1_Drawer1 22-Jul-2025 10-47-22,B8,VC_0113,VC_0113,Methyltransferase-related protein; Similar to SP:P37431 PID:295895; identified by sequence similarity; putative.,10.904155,5.69954,Unclassified,#ff00c3
Plate1_Drawer1 22-Jul-2025 10-47-22,B9,VC_1423,VC_1423,Hypothetical protein; Identified by Glimmer2; putative.,10.378086,8.795552,Unclassified,#ff00c3
Plate1_Drawer1 22-Jul-2025 10-47-22,C1,VC_A0588,VC_A0588,"Peptide ABC transporter, ATP-binding protein, putative; Similar to SP:P33916 PID:405909 GB:U00096 PID:1736845 PID:1788506; identified by sequence similarity; putative; Belongs to the ABC transporter superfamily.",8.88028,9.837367,Unclassified,#ff00c3
Plate1_Drawer1 22-Jul-2025 10-47-22,C10,epsC,VC_2734,"General secretion pathway protein C; Involved in a type II secretion system (T2SS, formerly general secretion pathway, GSP) for the export of proteins (By similarity). Required for secretion of cholera toxin through the outer membrane.",11.591934,11.982371,Unclassified,#ff00c3
Plate1_Drawer1 22-Jul-2025 10-47-22,C11,proQ,VC_1497,"Conserved hypothetical protein; RNA chaperone with significant RNA binding, RNA strand exchange and RNA duplexing activities; Belongs to the ProQ family.",9.38572,10.631731,Unclassified,#ff00c3
Plate1_Drawer1 22-Jul-2025 10-47-22,C12,VC_2627,VC_2627,DamX-related protein; Similar to SP:P11557 GB:Z19601 PID:41226 PID:43274 PID:606322; identified by sequence similarity; putative.,11.217376,10.6454115,Unclassified,#ff00c3
Plate1_Drawer1 22-Jul-2025 10-47-22,C2,gshB,VC_0468,Glutathione synthetase; Similar to SP:P04425 GB:X01666 PID:41625 PID:882476 GB:U00096; identified by sequence similarity; putative.,6.2492743,1.7090634,Unclassified,#ff00c3
Plate1_Drawer1 22-Jul-2025 10-47-22,C3,potB,VC_1427,"Spermidine/putrescine ABC transporter, permease protein; Similar to GB:M64519 SP:P23860 PID:147327 GB:U00096 PID:1651552; identified by sequence similarity; putative.",10.861584,1.3586955,Polyamine Import,#14f7f0
Plate1_Drawer1 22-Jul-2025 10-47-22,C4,flgE,VC_2197,Flagellar hook protein FlgE; Similar to GB:X51737 SP:P16322 GB:X52093 PID:47673; identified by sequence similarity; putative.,11.696062,-0.84850955,Motility,#ff0004
Plate1_Drawer1 22-Jul-2025 10-47-22,C5,glyQ,VC_0021,"glycyl-tRNA synthetase, alpha chain; Similar to SP:P00960 GB:J01622 PID:146222 PID:146225 PID:466698; identified by sequence similarity; putative.",11.590231,10.351388,Unclassified,#ff00c3
Plate1_Drawer1 22-Jul-2025 10-47-22,C6,VC_0462,VC_0462,Twitching motility protein PilT; Similar to SP:P24559 GB:X67095 PID:151490; identified by sequence similarity; putative.,11.73822,9.541956,Unclassified,#ff00c3
Plate1_Drawer1 22-Jul-2025 10-47-22,C7,flhA,VC_2069,"Flagellar biosynthetic protein FlhA; Required for formation of the rod structure of the flagellar apparatus. Together with FliI and FliH, may constitute the export apparatus of flagellin; Belongs to the FHIPEP (flagella/HR/invasion proteins export pore) family.",10.914381,-2.2498689,Motility,#ff0004
Plate1_Drawer1 22-Jul-2025 10-47-22,C8,VC_0399,VC_0399,MSHA biogenesis protein MshI; Similar to PID:791156 PID:791153; identified by sequence similarity; putative.,10.657864,5.9552608,Unclassified,#ff00c3
Plate1_Drawer1 22-Jul-2025 10-47-22,C9,fliD,VC_2140,"Flagellar hook-associated protein FliD; FILAMENT CAP Required for the morphogenesis and for the elongation of the flagellar filament by facilitating polymerization of the flagellin monomers at the tip of growing filament. Forms a capping structure, which prevents flagellin subunits (transported through the central channel of the flagellum) from leaking out without polymerization at the distal end (By similarity).",11.585958,9.406804,Motility,#ff0004
Plate1_Drawer1 22-Jul-2025 10-47-22,D1,VC_0196,VC_0196,ATP-dependent DNA helicase RecQ; Similar to GB:M87049 SP:P15043 GB:M30198 PID:147559 PID:148221; identified by sequence similarity; putative.,11.794759,9.497768,Unclassified,#ff00c3
Plate1_Drawer1 22-Jul-2025 10-47-22,D11,VC_2718; VC_2719,VC_2718; VC_2719,,4.8462553,-6.057752,Unclassified,#ff00c3
Plate1_Drawer1 22-Jul-2025 10-47-22,D12,wbeG,VC_0245,rfbG protein; Similar to GB:X59554 PID:48387; identified by sequence similarity; putative.,10.826011,10.59401,O-Antigen Biosynthesis,#0096ff
Plate1_Drawer1 22-Jul-2025 10-47-22,D2,VC_1933,VC_1933,Hypothetical protein; Identified by Glimmer2; putative.,10.899424,5.7556105,Unclassified,#ff00c3
Plate1_Drawer1 22-Jul-2025 10-47-22,D3,VC_A0001,VC_A0001,Hypothetical protein; Identified by Glimmer2; putative.,10.30208,10.057838,Unclassified,#ff00c3
Plate1_Drawer1 22-Jul-2025 10-47-22,D4,fadR,VC_1900,Fatty acid metabolism regulator protein; Multifunctional regulator of fatty acid metabolism.,7.526302,-0.44700348,Unclassified,#ff00c3
Plate1_Drawer1 22-Jul-2025 10-47-22,D5,pilC,VC_2425,Type IV pilin biogenesis protein PilC; Involved in the translocation of the type IV pilin; Belongs to the GSP F family.,11.746194,10.352266,Unclassified,#ff00c3
Plate1_Drawer1 22-Jul-2025 10-47-22,D6,pta,VC_1097,Phosphate acetyltransferase; Involved in acetate metabolism; In the N-terminal section; belongs to the CobB/CobQ family.,11.612118,11.938148,Unclassified,#ff00c3
Plate1_Drawer1 22-Jul-2025 10-47-22,D7,VC_A0800,VC_A0800,creA protein; Similar to SP:P08367 GB:M13608 PID:147249 PID:147691 PID:537237; identified by sequence similarity; putative.,10.881603,1.3679278,Unclassified,#ff00c3
Plate1_Drawer1 22-Jul-2025 10-47-22,D8,wzt,VC_0247,lipopolysaccharide/O-antigen transport protein; Similar to GB:X59554 PID:48389; identified by sequence similarity; putative.,9.168659,6.714572,O-Antigen Biosynthesis,#0096ff
Plate1_Drawer1 22-Jul-2025 10-47-22,D9,wbeM,VC_0250,Iron-containing alcohol dehydrogenase family protein RfbM; Similar to GB:M26941 SP:P13604 PID:144714; identified by sequence similarity; putative.,10.661283,8.781726,O-Antigen Biosynthesis,#0096ff
Plate1_Drawer1 22-Jul-2025 10-47-22,E1,VC_A0759,VC_A0759,"Arginine ABC transporter, periplasmic arginine-binding protein; Similar to SP:P30859 GB:X67753 GB:X86160 PID:40931 PID:769791; identified by sequence similarity; putative; Belongs to the bacterial solute-binding protein 3 family.",11.2746315,9.217735,Unclassified,#ff00c3
Plate1_Drawer1 22-Jul-2025 10-47-22,E10,VC_1887,VC_1887,Hypothetical protein; Identified by Glimmer2; putative.,8.757989,2.5863187,Unclassified,#ff00c3
Plate1_Drawer1 22-Jul-2025 10-47-22,E11,VC_A0620,VC_A0620,"Thiosulfate sulfurtransferase SseA, putative; Similar to SP:P31142 GB:U00096 PID:1788869 PID:1799924; identified by sequence similarity; putative.",10.226273,10.690136,Unclassified,#ff00c3
Plate1_Drawer1 22-Jul-2025 10-47-22,E12,trmJ,VC_0746,"RNA methyltransferase, TrmH family; Catalyzes the formation of 2'O-methylated cytidine (Cm32) or 2'O-methylated uridine (Um32) at position 32 in tRNA.",10.879239,10.936965,Unclassified,#ff00c3
Plate1_Drawer1 22-Jul-2025 10-47-22,E2,VC_A0785,VC_A0785,GGDEF family protein; Similar to PID:1651932; identified by sequence similarity; putative.,9.400587,2.8043222,Unclassified,#ff00c3
Plate1_Drawer1 22-Jul-2025 10-47-22,E3,fliE,VC_2134,Flagellar hook-basal body complex protein FliE; Similar to PID:2338730; identified by sequence similarity; putative.,10.8602085,-2.2272766,Motility,#ff0004
Plate1_Drawer1 22-Jul-2025 10-47-22,E4,VC_1581,VC_1581,"NADH dehydrogenase, putative; Similar to SP:P33607 PID:397909 GB:U00096 PID:1788614 PID:1799638; identified by sequence similarity; putative.",11.166614,10.817301,Unclassified,#ff00c3
Plate1_Drawer1 22-Jul-2025 10-47-22,E5,fliP,VC_2123,Flagellar biosynthetic protein FliP; Plays a role in the flagellum-specific transport system. Belongs to the FliP/MopC/SpaP family.,11.006445,-2.2368433,Motility,#ff0004
Plate1_Drawer1 22-Jul-2025 10-47-22,E7,VC_2714,VC_2714,Transcriptional regulator OmpR; Similar to PID:2108342; identified by sequence similarity; putative.,10.426245,11.187401,Unclassified,#ff00c3
Plate1_Drawer1 22-Jul-2025 10-47-22,E9,VC_1154,VC_1154,Hypothetical protein; Identified by Glimmer2; putative.,10.109194,11.076746,Unclassified,#ff00c3
Plate1_Drawer1 22-Jul-2025 10-47-22,F10,cdgJ,VC_0137,Conserved hypothetical protein; Phosphodiesterase (PDE) that catalyzes the hydrolysis of cyclic diguanylate (c-di-GMP). Positively regulates motility and negatively regulates biofilm formation.,7.859807,6.255613,Unclassified,#ff00c3
Plate1_Drawer1 22-Jul-2025 10-47-22,F11,recO,VC_2459,DNA repair protein RecO; Involved in DNA repair and RecF pathway recombination.,8.761189,4.2198305,Unclassified,#ff00c3
Plate1_Drawer1 22-Jul-2025 10-47-22,F12,VC_A0999,VC_A0999,"Transcriptional regulator, TetR family; Similar to GB:U00096 PID:1787354; identified by sequence similarity; putative.",11.359218,10.447227,Unclassified,#ff00c3
Plate1_Drawer1 22-Jul-2025 10-47-22,F2,VC_2224,VC_2224,GGDEF family protein; Similar to GB:U00096 PID:1787603; identified by sequence similarity; putative.,11.038093,12.002819,Unclassified,#ff00c3
Plate1_Drawer1 22-Jul-2025 10-47-22,F3,VC_A1099,VC_A1099,"ABC transporter, permease protein; Similar to SP:P33591 GB:X73143 PID:404846 PID:466613 GB:U00096; identified by sequence similarity; putative.",11.8003645,12.251689,Unclassified,#ff00c3
Plate1_Drawer1 22-Jul-2025 10-47-22,F4,VC_1320,VC_1320,DNA-binding response regulator; Similar to PID:1079807 SP:P52108 GB:U00096 PID:1742647 PID:1742658; identified by sequence similarity; putative.,11.653293,12.014611,Unclassified,#ff00c3
Plate1_Drawer1 22-Jul-2025 10-47-22,F5,VC_1319,VC_1319,Sensor histidine kinase; Similar to GB:M36795 SP:P08336 GB:X13307 PID:145590 PID:305015; identified by sequence similarity; putative.,11.423356,11.921209,Unclassified,#ff00c3
Plate1_Drawer1 22-Jul-2025 10-47-22,F6,VC_A0536,VC_A0536,Conserved hypothetical protein; Identified by Glimmer2; putative.,11.218353,11.507744,Unclassified,#ff00c3
Plate1_Drawer1 22-Jul-2025 10-47-22,F7,VC_1414,VC_1414,"Thermostable carboxypeptidase 1; Broad specificity carboxypetidase that releases amino acids sequentially from the C-terminus, including neutral, aromatic, polar and basic residues.",10.954589,11.477214,Unclassified,#ff00c3
Plate1_Drawer1 22-Jul-2025 10-47-22,F8,VC_A0527,VC_A0527,Conserved hypothetical protein; Identified by Glimmer2; putative.,11.046503,11.8407135,Unclassified,#ff00c3
Plate1_Drawer1 22-Jul-2025 10-47-22,F9,argH,VC_2641,Argininosuccinate lyase; Similar to SP:P11447 GB:J01590 GB:M21446 PID:145335 PID:396307; identified by sequence similarity; putative.,9.0894375,10.705111,Unclassified,#ff00c3
Plate1_Drawer1 22-Jul-2025 10-47-22,G10,rluE,VC_1140,Pseudouridine synthase family 1 protein; Responsible for synthesis of pseudouridine from uracil-2457 in 23S ribosomal RNA; Belongs to the pseudouridine synthase RsuA family.,11.041132,5.3365483,Unclassified,#ff00c3
Plate1_Drawer1 22-Jul-2025 10-47-22,G11,VC_2524,VC_2524,Conserved hypothetical protein; Catalyzes the hydrolysis of 3-deoxy-D-manno-octulosonate 8- phosphate (KDO 8-P) to 3-deoxy-D-manno-octulosonate (KDO) and inorganic phosphate; Belongs to the KdsC family.,11.00807,10.832053,Unclassified,#ff00c3
Plate1_Drawer1 22-Jul-2025 10-47-22,G12,VC_0900,VC_0900,GGDEF family protein; Similar to PID:1652841; identified by sequence similarity; putative.,11.026378,3.1603243,Unclassified,#ff00c3
Plate1_Drawer1 22-Jul-2025 10-47-22,G2,VC_A0171,VC_A0171,Conserved hypothetical protein; Identified by Glimmer2; putative.,10.732342,2.0242598,Unclassified,#ff00c3
Plate1_Drawer1 22-Jul-2025 10-47-22,G3,fliJ,VC_2129,"Flagellar protein FliJ, putative; Similar to PID:1071644 SP:P52613 GB:U00096 PID:1736608 PID:1788252; identified by sequence similarity; putative.",11.226115,-1.5186746,Motility,#ff0004
Plate1_Drawer1 22-Jul-2025 10-47-22,G4,VC_0161,VC_0161,Transcriptional activator IlvY; Similar to GB:L42023 SP:P44821 PID:1005575 PID:1220765 PID:1204932; identified by sequence similarity; putative; Belongs to the LysR transcriptional regulatory family.,11.2251625,5.6344466,Unclassified,#ff00c3
Plate1_Drawer1 22-Jul-2025 10-47-22,G5,VC_0405,VC_0405,MSHA biogenesis protein MshE; Similar to PID:791156 PID:791159; identified by sequence similarity; putative.,10.378674,10.2585945,Unclassified,#ff00c3
Plate1_Drawer1 22-Jul-2025 10-47-22,G6,VC_1295,VC_1295,Conserved hypothetical protein; Phosphodiesterase (PDE) that catalyzes the hydrolysis of cyclic diguanylate (c-di-GMP) to GMP in vitro. Increases motility and decreases biofilm formation in vivo.,11.564444,11.99437,Unclassified,#ff00c3
Plate1_Drawer1 22-Jul-2025 10-47-22,G7,flgD,VC_2198,Basal-body rod modification protein FlgD; Required for flagellar hook formation. May act as a scaffolding protein.,11.695099,-0.95097655,Motility,#ff0004
Plate1_Drawer1 22-Jul-2025 10-47-22,G8,manC,VC_0241,Mannose-1-phosphate guanylyltransferase; Similar to GB:X59554 SP:Q07024 PID:48383; identified by sequence similarity; putative.,2.2452614,-0.4837651,O-Antigen Biosynthesis,#0096ff
Plate1_Drawer1 22-Jul-2025 10-47-22,H1,flhG,VC_2067,MinD-related protein; Similar to GP:3695013; identified by sequence similarity; putative. MULTIPLE FILAMENTS,2.3861444,5.9992514,Motility,#ff0004
Plate1_Drawer1 22-Jul-2025 10-47-22,H10,trpR,VC_0701,"Trp operon repressor, putative; This protein is an aporepressor. When complexed with L- tryptophan it binds the operator region of the trp operon and prevents the initiation of transcription (By similarity).",11.254354,6.0220532,Unclassified,#ff00c3
Plate1_Drawer1 22-Jul-2025 10-47-22,H11,greA,VC_0634,"Transcription elongation factor GreA; Necessary for efficient RNA polymerase transcription elongation past template-encoded arresting sites. The arresting sites in DNA have the property of trapping a certain fraction of elongating RNA polymerases that pass through, resulting in locked ternary complexes. Cleavage of the nascent transcript by cleavage factors such as GreA or GreB allows the resumption of elongation from the new 3'terminus. GreA releases sequences of 2 to 3 nucleotides.",10.862258,10.299025,Unclassified,#ff00c3
Plate1_Drawer1 22-Jul-2025 10-47-22,H12,VC_0419,VC_0419,Cytoplasmic axial filament protein; Similar to SP:P25537 PID:48826 PID:606187 GB:U00096 PID:1789645; identified by sequence similarity; putative.,10.454381,7.7002683,Unclassified,#ff00c3
Plate1_Drawer1 22-Jul-2025 10-47-22,H2,VC_A0940,VC_A0940,"Transcriptional regulator, DeoR family; Similar to SP:P09392 GB:M96795 PID:146186 PID:606358 GB:U00096; identified by sequence similarity; putative.",11.392921,5.460637,Unclassified,#ff00c3
Plate1_Drawer1 22-Jul-2025 10-47-22,H3,ectA,VC_A0825,"L-2,4-diaminobutyric acid acetyltransferase; Catalyzes the acetylation of L-2,4-diaminobutyrate (DABA) to gamma-N-acetyl-alpha,gamma-diaminobutyric acid (ADABA) with acetyl coenzyme A.",10.966599,9.37545,Unclassified,#ff00c3
Plate1_Drawer1 22-Jul-2025 10-47-22,H4,VC_A0840,VC_A0840,"Deoxycytidylate deaminase, putative; Similar to SP:P33968 GB:X70289 PID:396216; identified by sequence similarity; putative.",11.627338,4.849304,Unclassified,#ff00c3
Plate1_Drawer1 22-Jul-2025 10-47-22,H6,VC_2522,VC_2522,Conserved hypothetical protein; Identified by Glimmer2; putative.,10.547848,10.019584,Unclassified,#ff00c3
Plate1_Drawer1 22-Jul-2025 10-47-22,H7,glmS,VC_0487,"Glucosamine--fructose-6-phosphate aminotransferase (isomerizing); Catalyzes the first step in hexosamine metabolism, converting fructose-6P into glucosamine-6P using glutamine as a nitrogen source.",10.785744,9.988312,Unclassified,#ff00c3
Plate1_Drawer1 22-Jul-2025 10-47-22,H8,manA,VC_0269,Mannose-6-phosphate isomerase; Similar to SP:P25081 GB:X57117 PID:48820; identified by sequence similarity; putative; Belongs to the mannose-6-phosphate isomerase type 1 family.,2.2987027,-0.46125114,O-Antigen Biosynthesis,#0096ff
Plate1_Drawer1 22-Jul-2025 10-47-22,H9,nusB,VC_2267,N utilization substance protein B; Involved in transcription antitermination. Required for transcription of ribosomal RNA (rRNA) genes. Binds specifically to the boxA antiterminator sequence of the ribosomal RNA (rrn) operons.,10.168605,10.197615,Unclassified,#ff00c3
Plate1_Drawer1 25-Aug-2025 11-45-52,A1,ung,VC_2359,uracil-DNA glycosylase; Excises uracil residues from the DNA which can arise as a result of misincorporation of dUMP residues by DNA polymerase or due to deamination of cytosine.,9.480948,5.7815666,Unclassified,#ff00c3
Plate1_Drawer1 25-Aug-2025 11-45-52,A10,VC_1462,VC_1462,RstB2 protein; Similar to GP:2564358; identified by sequence similarity; putative.,10.704491,9.038837,Unclassified,#ff00c3
Plate1_Drawer1 25-Aug-2025 11-45-52,A12,wavA,VC_0223,"ADP-heptose--LPS heptosyltransferase II, putative; Similar to GB:L42023 SP:P44011 PID:1003930 PID:1222457 PID:1204774; identified by sequence similarity; putative.",9.607043,6.4111724,O-Antigen Biosynthesis,#0096ff
Plate1_Drawer1 25-Aug-2025 11-45-52,A2,VC_2453,VC_2453,Sensor histidine kinase/response regulator; Similar to GB:D10888 SP:P26607 PID:216535 PID:882680 GB:U00096; identified by sequence similarity; putative.,9.8417015,6.4081388,Unclassified,#ff00c3
Plate1_Drawer1 25-Aug-2025 11-45-52,A3,VC_2311,VC_2311,HesA/MoeB/ThiF family protein; Similar to GB:D21145 PID:471103 PID:882707 GB:U00096 SP:Q46927; identified by sequence similarity; putative.,10.141927,6.544749,Unclassified,#ff00c3
Plate1_Drawer1 25-Aug-2025 11-45-52,A4,lipA,VC_0943,"Lipoic acid synthetase; Catalyzes the radical-mediated insertion of two sulfur atoms into the C-6 and C-8 positions of the octanoyl moiety bound to the lipoyl domains of lipoate-dependent enzymes, thereby converting the octanoylated domains into lipoylated derivatives.",4.49809,1.2041507,Pyruvate Flux,#39ff14
Plate1_Drawer1 25-Aug-2025 11-45-52,A5,rsmJ,VC_0073,Conserved hypothetical protein; Specifically methylates the guanosine in position 1516 of 16S rRNA.,11.055463,9.193844,Unclassified,#ff00c3
Plate1_Drawer1 25-Aug-2025 11-45-52,A6,potC,VC_1426,"Spermidine/putrescine ABC transporter, permease protein; Similar to GB:M64519 SP:P23859 PID:147328 GB:U00096 PID:1651551; identified by sequence similarity; putative.",10.988373,10.363905,Polyamine Import,#14f7f0
Plate1_Drawer1 25-Aug-2025 11-45-52,A7,pckA,VC_2738,Phosphoenolpyruvate carboxykinase; Involved in the gluconeogenesis. Catalyzes the conversion of oxaloacetate (OAA) to phosphoenolpyruvate (PEP) through direct phosphoryl transfer between the nucleoside triphosphate and OAA. Belongs to the phosphoenolpyruvate carboxykinase (ATP) family.,10.485253,1.6926838,Unclassified,#ff00c3
Plate1_Drawer1 25-Aug-2025 11-45-52,A8,rluD,VC_0709,"Ribosomal large subunit pseudouridine synthase D; Responsible for synthesis of pseudouridine from uracil at positions 1911, 1915 and 1917 in 23S ribosomal RNA; Belongs to the pseudouridine synthase RluA family.",8.514413,6.7233295,Unclassified,#ff00c3
Plate1_Drawer1 25-Aug-2025 11-45-52,A9,vibB,VC_0771,Vibriobactin-specific isochorismatase; Involved in the biosynthesis of the catechol siderophore vibriobactin. Vibriobactin is a chelating compound involved in transporting iron from the bacterial environment into the cell cytoplasm; Belongs to the isochorismatase family.,5.801871,2.4715893,Vibriobactin Biosynthesis,#ba17f6
Plate1_Drawer1 25-Aug-2025 11-45-52,B1,flgB,VC_2200,"Flagellar basal-body rod protein FlgB; Structural component of flagellum, the bacterial motility apparatus. Part of the rod structure of flagellar basal body.",10.542164,-1.4896239,Motility,#ff0004
Plate1_Drawer1 25-Aug-2025 11-45-52,B10,flgP,VC_2206,Conserved hypothetical protein; Identified by Glimmer2; putative.,10.912044,5.793516,Motility,#ff0004
Plate1_Drawer1 25-Aug-2025 11-45-52,B11,fliQ,VC_2122,Flagellar biosynthetic protein FliQ; Role in flagellar biosynthesis. Belongs to the FliQ/MopD/SpaQ family.,9.3776045,-1.3670967,Motility,#ff0004
Plate1_Drawer1 25-Aug-2025 11-45-52,B12,argF,VC_2508,Ornithine carbamoyltransferase; Reversibly catalyzes the transfer of the carbamoyl group from carbamoyl phosphate (CP) to the N(epsilon) atom of ornithine (ORN) to produce L-citrulline; Belongs to the aspartate/ornithine carbamoyltransferase superfamily. OTCase family.,7.0700607,6.302503,Unclassified,#ff00c3
Plate1_Drawer1 25-Aug-2025 11-45-52,B2,fliS,VC_2138,Flagellar protein FliS; Similar to GB:U12816 PID:1254205; identified by sequence similarity; putative.,9.961159,-1.6342889,Motility,#ff0004
Plate1_Drawer1 25-Aug-2025 11-45-52,B3,VC_A1081,VC_A1081,Hypothetical protein; Identified by Glimmer2; putative.,9.8879,5.4537873,Unclassified,#ff00c3
Plate1_Drawer1 25-Aug-2025 11-45-52,B4,VC_1909,VC_1909,Hypothetical protein; Identified by Glimmer2; putative.,9.415175,8.061153,Unclassified,#ff00c3
Plate1_Drawer1 25-Aug-2025 11-45-52,B5,VC_0449,VC_0449,Methyl-accepting chemotaxis protein; Similar to GB:X61367 PID:48195; identified by sequence similarity; putative.,8.960133,9.504273,Unclassified,#ff00c3
Plate1_Drawer1 25-Aug-2025 11-45-52,B6,VC_1498,VC_1498,Conserved hypothetical protein; Identified by Glimmer2; putative.,10.961703,11.148985,Unclassified,#ff00c3
Plate1_Drawer1 25-Aug-2025 11-45-52,B7,VC_2756,VC_2756,Potassium uptake protein TrkH; Low-affinity potassium transport system. Interacts with Trk system potassium uptake protein TrkA; Belongs to the TrkH potassium transport family.,8.455309,5.022298,Unclassified,#ff00c3
Plate1_Drawer1 25-Aug-2025 11-45-52,B8,VC_0113,VC_0113,Methyltransferase-related protein; Similar to SP:P37431 PID:295895; identified by sequence similarity; putative.,8.809344,4.281168,Unclassified,#ff00c3
Plate1_Drawer1 25-Aug-2025 11-45-52,B9,VC_1423,VC_1423,Hypothetical protein; Identified by Glimmer2; putative.,10.217726,8.860251,Unclassified,#ff00c3
Plate1_Drawer1 25-Aug-2025 11-45-52,C1,VC_A0588,VC_A0588,"Peptide ABC transporter, ATP-binding protein, putative; Similar to SP:P33916 PID:405909 GB:U00096 PID:1736845 PID:1788506; identified by sequence similarity; putative; Belongs to the ABC transporter superfamily.",8.155387,8.694231,Unclassified,#ff00c3
Plate1_Drawer1 25-Aug-2025 11-45-52,C11,proQ,VC_1497,"Conserved hypothetical protein; RNA chaperone with significant RNA binding, RNA strand exchange and RNA duplexing activities; Belongs to the ProQ family.",10.8204,11.794094,Unclassified,#ff00c3
Plate1_Drawer1 25-Aug-2025 11-45-52,C12,VC_2627,VC_2627,DamX-related protein; Similar to SP:P11557 GB:Z19601 PID:41226 PID:43274 PID:606322; identified by sequence similarity; putative.,10.216204,8.377847,Unclassified,#ff00c3
Plate1_Drawer1 25-Aug-2025 11-45-52,C2,gshB,VC_0468,Glutathione synthetase; Similar to SP:P04425 GB:X01666 PID:41625 PID:882476 GB:U00096; identified by sequence similarity; putative.,7.155316,5.310074,Unclassified,#ff00c3
Plate1_Drawer1 25-Aug-2025 11-45-52,C3,potB,VC_1427,"Spermidine/putrescine ABC transporter, permease protein; Similar to GB:M64519 SP:P23860 PID:147327 GB:U00096 PID:1651552; identified by sequence similarity; putative.",10.485688,1.5518289,Polyamine Import,#14f7f0
Plate1_Drawer1 25-Aug-2025 11-45-52,C4,flgE,VC_2197,Flagellar hook protein FlgE; Similar to GB:X51737 SP:P16322 GB:X52093 PID:47673; identified by sequence similarity; putative.,11.816919,-0.59288824,Motility,#ff0004
Plate1_Drawer1 25-Aug-2025 11-45-52,C5,glyQ,VC_0021,"glycyl-tRNA synthetase, alpha chain; Similar to SP:P00960 GB:J01622 PID:146222 PID:146225 PID:466698; identified by sequence similarity; putative.",11.429919,11.083023,Unclassified,#ff00c3
Plate1_Drawer1 25-Aug-2025 11-45-52,C6,VC_0462,VC_0462,Twitching motility protein PilT; Similar to SP:P24559 GB:X67095 PID:151490; identified by sequence similarity; putative.,11.880145,12.175293,Unclassified,#ff00c3
Plate1_Drawer1 25-Aug-2025 11-45-52,C7,flhA,VC_2069,"Flagellar biosynthetic protein FlhA; Required for formation of the rod structure of the flagellar apparatus. Together with FliI and FliH, may constitute the export apparatus of flagellin; Belongs to the FHIPEP (flagella/HR/invasion proteins export pore) family.",11.032459,3.0373197,Motility,#ff0004
Plate1_Drawer1 25-Aug-2025 11-45-52,C8,VC_0399,VC_0399,MSHA biogenesis protein MshI; Similar to PID:791156 PID:791153; identified by sequence similarity; putative.,9.648344,5.625058,Unclassified,#ff00c3
Plate1_Drawer1 25-Aug-2025 11-45-52,C9,fliD,VC_2140,"Flagellar hook-associated protein FliD; FILAMENT CAP Required for the morphogenesis and for the elongation of the flagellar filament by facilitating polymerization of the flagellin monomers at the tip of growing filament. Forms a capping structure, which prevents flagellin subunits (transported through the central channel of the flagellum) from leaking out without polymerization at the distal end (By similarity).",11.89139,12.127885,Motility,#ff0004
Plate1_Drawer1 25-Aug-2025 11-45-52,D1,VC_0196,VC_0196,ATP-dependent DNA helicase RecQ; Similar to GB:M87049 SP:P15043 GB:M30198 PID:147559 PID:148221; identified by sequence similarity; putative.,10.449559,8.769378,Unclassified,#ff00c3
Plate1_Drawer1 25-Aug-2025 11-45-52,D10,VC_2270,VC_2270,Riboflavin,5.844537,1.6324236,Unclassified,#ff00c3
Plate1_Drawer1 25-Aug-2025 11-45-52,D12,wbeG,VC_0245,rfbG protein; Similar to GB:X59554 PID:48387; identified by sequence similarity; putative.,11.111058,9.378663,O-Antigen Biosynthesis,#0096ff
Plate1_Drawer1 25-Aug-2025 11-45-52,D2,VC_1933,VC_1933,Hypothetical protein; Identified by Glimmer2; putative.,10.918172,6.7575617,Unclassified,#ff00c3
Plate1_Drawer1 25-Aug-2025 11-45-52,D3,VC_A0001,VC_A0001,Hypothetical protein; Identified by Glimmer2; putative.,10.589203,10.789817,Unclassified,#ff00c3
Plate1_Drawer1 25-Aug-2025 11-45-52,D4,fadR,VC_1900,Fatty acid metabolism regulator protein; Multifunctional regulator of fatty acid metabolism.,7.821341,-0.31752017,Unclassified,#ff00c3
Plate1_Drawer1 25-Aug-2025 11-45-52,D5,pilC,VC_2425,Type IV pilin biogenesis protein PilC; Involved in the translocation of the type IV pilin; Belongs to the GSP F family.,10.842365,11.45613,Unclassified,#ff00c3
Plate1_Drawer1 25-Aug-2025 11-45-52,D7,VC_A0800,VC_A0800,creA protein; Similar to SP:P08367 GB:M13608 PID:147249 PID:147691 PID:537237; identified by sequence similarity; putative.,10.075547,1.8439645,Unclassified,#ff00c3
Plate1_Drawer1 25-Aug-2025 11-45-52,D8,wzt,VC_0247,lipopolysaccharide/O-antigen transport protein; Similar to GB:X59554 PID:48389; identified by sequence similarity; putative.,11.859294,9.625636,O-Antigen Biosynthesis,#0096ff
Plate1_Drawer1 25-Aug-2025 11-45-52,D9,wbeM,VC_0250,Iron-containing alcohol dehydrogenase family protein RfbM; Similar to GB:M26941 SP:P13604 PID:144714; identified by sequence similarity; putative.,10.916555,5.512726,O-Antigen Biosynthesis,#0096ff
Plate1_Drawer1 25-Aug-2025 11-45-52,E1,VC_A0759,VC_A0759,"Arginine ABC transporter, periplasmic arginine-binding protein; Similar to SP:P30859 GB:X67753 GB:X86160 PID:40931 PID:769791; identified by sequence similarity; putative; Belongs to the bacterial solute-binding protein 3 family.",8.98627,4.9911895,Unclassified,#ff00c3
Plate1_Drawer1 25-Aug-2025 11-45-52,E10,VC_1887,VC_1887,Hypothetical protein; Identified by Glimmer2; putative.,5.18815,-5.822325,Unclassified,#ff00c3
Plate1_Drawer1 25-Aug-2025 11-45-52,E12,trmJ,VC_0746,"RNA methyltransferase, TrmH family; Catalyzes the formation of 2'O-methylated cytidine (Cm32) or 2'O-methylated uridine (Um32) at position 32 in tRNA.",9.660998,11.274553,Unclassified,#ff00c3
Plate1_Drawer1 25-Aug-2025 11-45-52,E2,VC_A0785,VC_A0785,GGDEF family protein; Similar to PID:1651932; identified by sequence similarity; putative.,10.893324,5.0519485,Unclassified,#ff00c3
Plate1_Drawer1 25-Aug-2025 11-45-52,E3,fliE,VC_2134,Flagellar hook-basal body complex protein FliE; Similar to PID:2338730; identified by sequence similarity; putative.,11.137227,-2.0828617,Motility,#ff0004
Plate1_Drawer1 25-Aug-2025 11-45-52,E4,VC_1581,VC_1581,"NADH dehydrogenase, putative; Similar to SP:P33607 PID:397909 GB:U00096 PID:1788614 PID:1799638; identified by sequence similarity; putative.",11.173495,11.576683,Unclassified,#ff00c3
Plate1_Drawer1 25-Aug-2025 11-45-52,E5,fliP,VC_2123,Flagellar biosynthetic protein FliP; Plays a role in the flagellum-specific transport system. Belongs to the FliP/MopC/SpaP family.,10.556934,-2.221681,Motility,#ff0004
Plate1_Drawer1 25-Aug-2025 11-45-52,E6,lpxM,VC_0212,Lipid A biosynthesis (kdo)2-(lauroyl)-lipid IVA acyltransferase; Catalyzes the transfer of myristate from myristoyl-acyl carrier protein (ACP) to Kdo(2)-(lauroyl)-lipid IV(A) to form Kdo(2)- lipid A.,10.87018,3.0176508,O-Antigen Biosynthesis,#0096ff
Plate1_Drawer1 25-Aug-2025 11-45-52,E7,VC_2714,VC_2714,Transcriptional regulator OmpR; Similar to PID:2108342; identified by sequence similarity; putative.,9.007474,9.473469,Unclassified,#ff00c3
Plate1_Drawer1 25-Aug-2025 11-45-52,E9,VC_1154,VC_1154,Hypothetical protein; Identified by Glimmer2; putative.,10.375601,11.336235,Unclassified,#ff00c3
Plate1_Drawer1 25-Aug-2025 11-45-52,F10,cdgJ,VC_0137,Conserved hypothetical protein; Phosphodiesterase (PDE) that catalyzes the hydrolysis of cyclic diguanylate (c-di-GMP). Positively regulates motility and negatively regulates biofilm formation.,8.944964,9.021525,Unclassified,#ff00c3
Plate1_Drawer1 25-Aug-2025 11-45-52,F11,recO,VC_2459,DNA repair protein RecO; Involved in DNA repair and RecF pathway recombination.,10.813747,5.5883336,Unclassified,#ff00c3
Plate1_Drawer1 25-Aug-2025 11-45-52,F12,VC_A0999,VC_A0999,"Transcriptional regulator, TetR family; Similar to GB:U00096 PID:1787354; identified by sequence similarity; putative.",8.884723,8.85679,Unclassified,#ff00c3
Plate1_Drawer1 25-Aug-2025 11-45-52,F2,VC_2224,VC_2224,GGDEF family protein; Similar to GB:U00096 PID:1787603; identified by sequence similarity; putative.,9.68701,10.824542,Unclassified,#ff00c3
Plate1_Drawer1 25-Aug-2025 11-45-52,F3,VC_A1099,VC_A1099,"ABC transporter, permease protein; Similar to SP:P33591 GB:X73143 PID:404846 PID:466613 GB:U00096; identified by sequence similarity; putative.",9.880899,10.980724,Unclassified,#ff00c3
Plate1_Drawer1 25-Aug-2025 11-45-52,F4,VC_1320,VC_1320,DNA-binding response regulator; Similar to PID:1079807 SP:P52108 GB:U00096 PID:1742647 PID:1742658; identified by sequence similarity; putative.,10.405601,11.543219,Unclassified,#ff00c3
Plate1_Drawer1 25-Aug-2025 11-45-52,F5,VC_1319,VC_1319,Sensor histidine kinase; Similar to GB:M36795 SP:P08336 GB:X13307 PID:145590 PID:305015; identified by sequence similarity; putative.,10.452663,11.252864,Unclassified,#ff00c3
Plate1_Drawer1 25-Aug-2025 11-45-52,F6,VC_A0536,VC_A0536,Conserved hypothetical protein; Identified by Glimmer2; putative.,10.311999,10.70213,Unclassified,#ff00c3
Plate1_Drawer1 25-Aug-2025 11-45-52,F7,VC_1414,VC_1414,"Thermostable carboxypeptidase 1; Broad specificity carboxypetidase that releases amino acids sequentially from the C-terminus, including neutral, aromatic, polar and basic residues.",11.072251,12.059628,Unclassified,#ff00c3
Plate1_Drawer1 25-Aug-2025 11-45-52,F8,VC_A0527,VC_A0527,Conserved hypothetical protein; Identified by Glimmer2; putative.,9.539777,11.092853,Unclassified,#ff00c3
Plate1_Drawer1 25-Aug-2025 11-45-52,F9,argH,VC_2641,Argininosuccinate lyase; Similar to SP:P11447 GB:J01590 GB:M21446 PID:145335 PID:396307; identified by sequence similarity; putative.,9.799525,11.064474,Unclassified,#ff00c3
Plate1_Drawer1 25-Aug-2025 11-45-52,G1,guaB,VC_0767,"Inosine-5`-monophosphate dehydrogenase; Catalyzes the conversion of inosine 5'-phosphate (IMP) to xanthosine 5'-phosphate (XMP), the first committed and rate-limiting step in the de novo synthesis of guanine nucleotides, and therefore plays an important role in the regulation of cell growth. Belongs to the IMPDH/GMPR family.",5.884683,2.8554611,Unclassified,#ff00c3
Plate1_Drawer1 25-Aug-2025 11-45-52,G10,rluE,VC_1140,Pseudouridine synthase family 1 protein; Responsible for synthesis of pseudouridine from uracil-2457 in 23S ribosomal RNA; Belongs to the pseudouridine synthase RsuA family.,8.271429,4.056626,Unclassified,#ff00c3
Plate1_Drawer1 25-Aug-2025 11-45-52,G11,VC_2524,VC_2524,Conserved hypothetical protein; Catalyzes the hydrolysis of 3-deoxy-D-manno-octulosonate 8- phosphate (KDO 8-P) to 3-deoxy-D-manno-octulosonate (KDO) and inorganic phosphate; Belongs to the KdsC family.,9.635778,10.897611,Unclassified,#ff00c3
Plate1_Drawer1 25-Aug-2025 11-45-52,G12,VC_0900,VC_0900,GGDEF family protein; Similar to PID:1652841; identified by sequence similarity; putative.,10.959376,2.990955,Unclassified,#ff00c3
Plate1_Drawer1 25-Aug-2025 11-45-52,G2,VC_A0171,VC_A0171,Conserved hypothetical protein; Identified by Glimmer2; putative.,10.139162,2.9566855,Unclassified,#ff00c3
Plate1_Drawer1 25-Aug-2025 11-45-52,G3,fliJ,VC_2129,"Flagellar protein FliJ, putative; Similar to PID:1071644 SP:P52613 GB:U00096 PID:1736608 PID:1788252; identified by sequence similarity; putative.",11.327204,4.0862265,Motility,#ff0004
Plate1_Drawer1 25-Aug-2025 11-45-52,G4,VC_0161,VC_0161,Transcriptional activator IlvY; Similar to GB:L42023 SP:P44821 PID:1005575 PID:1220765 PID:1204932; identified by sequence similarity; putative; Belongs to the LysR transcriptional regulatory family.,7.514667,4.0177474,Unclassified,#ff00c3
Plate1_Drawer1 25-Aug-2025 11-45-52,G5,VC_0405,VC_0405,MSHA biogenesis protein MshE; Similar to PID:791156 PID:791159; identified by sequence similarity; putative.,9.660922,8.969825,Unclassified,#ff00c3
Plate1_Drawer1 25-Aug-2025 11-45-52,G6,VC_1295,VC_1295,Conserved hypothetical protein; Phosphodiesterase (PDE) that catalyzes the hydrolysis of cyclic diguanylate (c-di-GMP) to GMP in vitro. Increases motility and decreases biofilm formation in vivo.,9.915296,11.156178,Unclassified,#ff00c3
Plate1_Drawer1 25-Aug-2025 11-45-52,G7,flgD,VC_2198,Basal-body rod modification protein FlgD; Required for flagellar hook formation. May act as a scaffolding protein.,10.345018,-0.60090834,Motility,#ff0004
Plate1_Drawer1 25-Aug-2025 11-45-52,G8,manC,VC_0241,Mannose-1-phosphate guanylyltransferase; Similar to GB:X59554 SP:Q07024 PID:48383; identified by sequence similarity; putative.,2.0747118,-0.2706636,O-Antigen Biosynthesis,#0096ff
Plate1_Drawer1 25-Aug-2025 11-45-52,H1,flhG,VC_2067,MinD-related protein; Similar to GP:3695013; identified by sequence similarity; putative. MULTIPLE FILAMENTS,2.3530288,6.031749,Motility,#ff0004
Plate1_Drawer1 25-Aug-2025 11-45-52,H10,trpR,VC_0701,"Trp operon repressor, putative; This protein is an aporepressor. When complexed with L- tryptophan it binds the operator region of the trp operon and prevents the initiation of transcription (By similarity).",10.192803,8.540836,Unclassified,#ff00c3
Plate1_Drawer1 25-Aug-2025 11-45-52,H11,greA,VC_0634,"Transcription elongation factor GreA; Necessary for efficient RNA polymerase transcription elongation past template-encoded arresting sites. The arresting sites in DNA have the property of trapping a certain fraction of elongating RNA polymerases that pass through, resulting in locked ternary complexes. Cleavage of the nascent transcript by cleavage factors such as GreA or GreB allows the resumption of elongation from the new 3'terminus. GreA releases sequences of 2 to 3 nucleotides.",9.5736,8.828017,Unclassified,#ff00c3
Plate1_Drawer1 25-Aug-2025 11-45-52,H12,VC_0419,VC_0419,Cytoplasmic axial filament protein; Similar to SP:P25537 PID:48826 PID:606187 GB:U00096 PID:1789645; identified by sequence similarity; putative.,10.182839,8.079024,Unclassified,#ff00c3
Plate1_Drawer1 25-Aug-2025 11-45-52,H2,VC_A0940,VC_A0940,"Transcriptional regulator, DeoR family; Similar to SP:P09392 GB:M96795 PID:146186 PID:606358 GB:U00096; identified by sequence similarity; putative.",10.390602,4.4337654,Unclassified,#ff00c3
Plate1_Drawer1 25-Aug-2025 11-45-52,H3,ectA,VC_A0825,"L-2,4-diaminobutyric acid acetyltransferase; Catalyzes the acetylation of L-2,4-diaminobutyrate (DABA) to gamma-N-acetyl-alpha,gamma-diaminobutyric acid (ADABA) with acetyl coenzyme A.",9.067409,8.6184025,Unclassified,#ff00c3
Plate1_Drawer1 25-Aug-2025 11-45-52,H4,VC_A0840,VC_A0840,"Deoxycytidylate deaminase, putative; Similar to SP:P33968 GB:X70289 PID:396216; identified by sequence similarity; putative.",10.157523,9.174257,Unclassified,#ff00c3
Plate1_Drawer1 25-Aug-2025 11-45-52,H6,VC_2522,VC_2522,Conserved hypothetical protein; Identified by Glimmer2; putative.,9.786337,9.200414,Unclassified,#ff00c3
Plate1_Drawer1 25-Aug-2025 11-45-52,H7,glmS,VC_0487,"Glucosamine--fructose-6-phosphate aminotransferase (isomerizing); Catalyzes the first step in hexosamine metabolism, converting fructose-6P into glucosamine-6P using glutamine as a nitrogen source.",10.22473,9.772862,Unclassified,#ff00c3
Plate1_Drawer1 25-Aug-2025 11-45-52,H8,manA,VC_0269,Mannose-6-phosphate isomerase; Similar to SP:P25081 GB:X57117 PID:48820; identified by sequence similarity; putative; Belongs to the mannose-6-phosphate isomerase type 1 family.,2.1360192,-0.31421804,O-Antigen Biosynthesis,#0096ff
Plate1_Drawer1 25-Aug-2025 11-45-52,H9,nusB,VC_2267,N utilization substance protein B; Involved in transcription antitermination. Required for transcription of ribosomal RNA (rRNA) genes. Binds specifically to the boxA antiterminator sequence of the ribosomal RNA (rrn) operons.,10.211036,10.719316,Unclassified,#ff00c3
Plate1_Drawer1 25-Jul-2025 14-04-47,A1,ung,VC_2359,uracil-DNA glycosylase; Excises uracil residues from the DNA which can arise as a result of misincorporation of dUMP residues by DNA polymerase or due to deamination of cytosine.,7.2483234,2.9703066,Unclassified,#ff00c3
Plate1_Drawer1 25-Jul-2025 14-04-47,A10,VC_1462,VC_1462,RstB2 protein; Similar to GP:2564358; identified by sequence similarity; putative.,8.301256,6.4883857,Unclassified,#ff00c3
Plate1_Drawer1 25-Jul-2025 14-04-47,A12,wavA,VC_0223,"ADP-heptose--LPS heptosyltransferase II, putative; Similar to GB:L42023 SP:P44011 PID:1003930 PID:1222457 PID:1204774; identified by sequence similarity; putative.",8.425453,4.897845,O-Antigen Biosynthesis,#0096ff
Plate1_Drawer1 25-Jul-2025 14-04-47,A2,VC_2453,VC_2453,Sensor histidine kinase/response regulator; Similar to GB:D10888 SP:P26607 PID:216535 PID:882680 GB:U00096; identified by sequence similarity; putative.,9.549195,6.2349195,Unclassified,#ff00c3
Plate1_Drawer1 25-Jul-2025 14-04-47,A3,VC_2311,VC_2311,HesA/MoeB/ThiF family protein; Similar to GB:D21145 PID:471103 PID:882707 GB:U00096 SP:Q46927; identified by sequence similarity; putative.,9.247789,5.835624,Unclassified,#ff00c3
Plate1_Drawer1 25-Jul-2025 14-04-47,A4,lipA,VC_0943,"Lipoic acid synthetase; Catalyzes the radical-mediated insertion of two sulfur atoms into the C-6 and C-8 positions of the octanoyl moiety bound to the lipoyl domains of lipoate-dependent enzymes, thereby converting the octanoylated domains into lipoylated derivatives.",6.2291403,1.6604013,Pyruvate Flux,#39ff14
Plate1_Drawer1 25-Jul-2025 14-04-47,A6,potC,VC_1426,"Spermidine/putrescine ABC transporter, permease protein; Similar to GB:M64519 SP:P23859 PID:147328 GB:U00096 PID:1651551; identified by sequence similarity; putative.",10.33742,6.835182,Polyamine Import,#14f7f0
Plate1_Drawer1 25-Jul-2025 14-04-47,A7,pckA,VC_2738,Phosphoenolpyruvate carboxykinase; Involved in the gluconeogenesis. Catalyzes the conversion of oxaloacetate (OAA) to phosphoenolpyruvate (PEP) through direct phosphoryl transfer between the nucleoside triphosphate and OAA. Belongs to the phosphoenolpyruvate carboxykinase (ATP) family.,8.773873,2.0898185,Unclassified,#ff00c3
Plate1_Drawer1 25-Jul-2025 14-04-47,A8,rluD,VC_0709,"Ribosomal large subunit pseudouridine synthase D; Responsible for synthesis of pseudouridine from uracil at positions 1911, 1915 and 1917 in 23S ribosomal RNA; Belongs to the pseudouridine synthase RluA family.",7.4591894,5.7982283,Unclassified,#ff00c3
Plate1_Drawer1 25-Jul-2025 14-04-47,B1,flgB,VC_2200,"Flagellar basal-body rod protein FlgB; Structural component of flagellum, the bacterial motility apparatus. Part of the rod structure of flagellar basal body.",10.716875,-1.4746295,Motility,#ff0004
Plate1_Drawer1 25-Jul-2025 14-04-47,B10,flgP,VC_2206,Conserved hypothetical protein; Identified by Glimmer2; putative.,10.03564,1.6070198,Motility,#ff0004
Plate1_Drawer1 25-Jul-2025 14-04-47,B11,fliQ,VC_2122,Flagellar biosynthetic protein FliQ; Role in flagellar biosynthesis. Belongs to the FliQ/MopD/SpaQ family.,9.807708,-1.7633513,Motility,#ff0004
Plate1_Drawer1 25-Jul-2025 14-04-47,B12,argF,VC_2508,Ornithine carbamoyltransferase; Reversibly catalyzes the transfer of the carbamoyl group from carbamoyl phosphate (CP) to the N(epsilon) atom of ornithine (ORN) to produce L-citrulline; Belongs to the aspartate/ornithine carbamoyltransferase superfamily. OTCase family.,8.468127,7.7866044,Unclassified,#ff00c3
Plate1_Drawer1 25-Jul-2025 14-04-47,B2,fliS,VC_2138,Flagellar protein FliS; Similar to GB:U12816 PID:1254205; identified by sequence similarity; putative.,7.9087496,0.22226028,Motility,#ff0004
Plate1_Drawer1 25-Jul-2025 14-04-47,B3,VC_A1081,VC_A1081,Hypothetical protein; Identified by Glimmer2; putative.,8.447306,4.053934,Unclassified,#ff00c3
Plate1_Drawer1 25-Jul-2025 14-04-47,B4,VC_1909,VC_1909,Hypothetical protein; Identified by Glimmer2; putative.,10.910504,9.357435,Unclassified,#ff00c3
Plate1_Drawer1 25-Jul-2025 14-04-47,B5,VC_0449,VC_0449,Methyl-accepting chemotaxis protein; Similar to GB:X61367 PID:48195; identified by sequence similarity; putative.,8.537581,8.149381,Unclassified,#ff00c3
Plate1_Drawer1 25-Jul-2025 14-04-47,B6,VC_1498,VC_1498,Conserved hypothetical protein; Identified by Glimmer2; putative.,8.802725,7.0970163,Unclassified,#ff00c3
Plate1_Drawer1 25-Jul-2025 14-04-47,B7,VC_2756,VC_2756,Potassium uptake protein TrkH; Low-affinity potassium transport system. Interacts with Trk system potassium uptake protein TrkA; Belongs to the TrkH potassium transport family.,7.2477813,4.1802,Unclassified,#ff00c3
Plate1_Drawer1 25-Jul-2025 14-04-47,B8,VC_0113,VC_0113,Methyltransferase-related protein; Similar to SP:P37431 PID:295895; identified by sequence similarity; putative.,8.611322,2.5538888,Unclassified,#ff00c3
Plate1_Drawer1 25-Jul-2025 14-04-47,B9,VC_1423,VC_1423,Hypothetical protein; Identified by Glimmer2; putative.,8.511778,6.699625,Unclassified,#ff00c3
Plate1_Drawer1 25-Jul-2025 14-04-47,C1,VC_A0588,VC_A0588,"Peptide ABC transporter, ATP-binding protein, putative; Similar to SP:P33916 PID:405909 GB:U00096 PID:1736845 PID:1788506; identified by sequence similarity; putative; Belongs to the ABC transporter superfamily.",9.704122,9.982158,Unclassified,#ff00c3
Plate1_Drawer1 25-Jul-2025 14-04-47,C10,epsC,VC_2734,"General secretion pathway protein C; Involved in a type II secretion system (T2SS, formerly general secretion pathway, GSP) for the export of proteins (By similarity). Required for secretion of cholera toxin through the outer membrane.",8.907424,9.7848425,Unclassified,#ff00c3
Plate1_Drawer1 25-Jul-2025 14-04-47,C11,proQ,VC_1497,"Conserved hypothetical protein; RNA chaperone with significant RNA binding, RNA strand exchange and RNA duplexing activities; Belongs to the ProQ family.",8.1244755,8.867735,Unclassified,#ff00c3
Plate1_Drawer1 25-Jul-2025 14-04-47,C12,VC_2627,VC_2627,DamX-related protein; Similar to SP:P11557 GB:Z19601 PID:41226 PID:43274 PID:606322; identified by sequence similarity; putative.,9.263432,7.8320127,Unclassified,#ff00c3
Plate1_Drawer1 25-Jul-2025 14-04-47,C2,gshB,VC_0468,Glutathione synthetase; Similar to SP:P04425 GB:X01666 PID:41625 PID:882476 GB:U00096; identified by sequence similarity; putative.,5.9532733,1.7790115,Unclassified,#ff00c3
Plate1_Drawer1 25-Jul-2025 14-04-47,C3,potB,VC_1427,"Spermidine/putrescine ABC transporter, permease protein; Similar to GB:M64519 SP:P23860 PID:147327 GB:U00096 PID:1651552; identified by sequence similarity; putative.",10.072768,1.8290641,Polyamine Import,#14f7f0
Plate1_Drawer1 25-Jul-2025 14-04-47,C4,flgE,VC_2197,Flagellar hook protein FlgE; Similar to GB:X51737 SP:P16322 GB:X52093 PID:47673; identified by sequence similarity; putative.,10.697695,-0.59069395,Motility,#ff0004
Plate1_Drawer1 25-Jul-2025 14-04-47,C5,glyQ,VC_0021,"glycyl-tRNA synthetase, alpha chain; Similar to SP:P00960 GB:J01622 PID:146222 PID:146225 PID:466698; identified by sequence similarity; putative.",10.104453,9.142787,Unclassified,#ff00c3
Plate1_Drawer1 25-Jul-2025 14-04-47,C6,VC_0462,VC_0462,Twitching motility protein PilT; Similar to SP:P24559 GB:X67095 PID:151490; identified by sequence similarity; putative.,7.4657326,7.5499535,Unclassified,#ff00c3
Plate1_Drawer1 25-Jul-2025 14-04-47,C7,flhA,VC_2069,"Flagellar biosynthetic protein FlhA; Required for formation of the rod structure of the flagellar apparatus. Together with FliI and FliH, may constitute the export apparatus of flagellin; Belongs to the FHIPEP (flagella/HR/invasion proteins export pore) family.",9.675437,-1.6162832,Motility,#ff0004
Plate1_Drawer1 25-Jul-2025 14-04-47,C8,VC_0399,VC_0399,MSHA biogenesis protein MshI; Similar to PID:791156 PID:791153; identified by sequence similarity; putative.,7.067297,2.9399924,Unclassified,#ff00c3
Plate1_Drawer1 25-Jul-2025 14-04-47,C9,fliD,VC_2140,"Flagellar hook-associated protein FliD; FILAMENT CAP Required for the morphogenesis and for the elongation of the flagellar filament by facilitating polymerization of the flagellin monomers at the tip of growing filament. Forms a capping structure, which prevents flagellin subunits (transported through the central channel of the flagellum) from leaking out without polymerization at the distal end (By similarity).",7.9017434,8.455437,Motility,#ff0004
Plate1_Drawer1 25-Jul-2025 14-04-47,D1,VC_0196,VC_0196,ATP-dependent DNA helicase RecQ; Similar to GB:M87049 SP:P15043 GB:M30198 PID:147559 PID:148221; identified by sequence similarity; putative.,8.432983,5.322,Unclassified,#ff00c3
Plate1_Drawer1 25-Jul-2025 14-04-47,D10,VC_2270,VC_2270,Riboflavin,5.6457343,2.0818014,Unclassified,#ff00c3
Plate1_Drawer1 25-Jul-2025 14-04-47,D11,VC_2718; VC_2719,VC_2718; VC_2719,,4.62395,-5.325489,Unclassified,#ff00c3
Plate1_Drawer1 25-Jul-2025 14-04-47,D12,wbeG,VC_0245,rfbG protein; Similar to GB:X59554 PID:48387; identified by sequence similarity; putative.,10.424722,1.3184893,O-Antigen Biosynthesis,#0096ff
Plate1_Drawer1 25-Jul-2025 14-04-47,D2,VC_1933,VC_1933,Hypothetical protein; Identified by Glimmer2; putative.,8.197352,5.912241,Unclassified,#ff00c3
Plate1_Drawer1 25-Jul-2025 14-04-47,D3,VC_A0001,VC_A0001,Hypothetical protein; Identified by Glimmer2; putative.,8.795231,8.160138,Unclassified,#ff00c3
Plate1_Drawer1 25-Jul-2025 14-04-47,D4,fadR,VC_1900,Fatty acid metabolism regulator protein; Multifunctional regulator of fatty acid metabolism.,7.2307987,-0.45551264,Unclassified,#ff00c3
Plate1_Drawer1 25-Jul-2025 14-04-47,D5,pilC,VC_2425,Type IV pilin biogenesis protein PilC; Involved in the translocation of the type IV pilin; Belongs to the GSP F family.,7.8747845,8.980102,Unclassified,#ff00c3
Plate1_Drawer1 25-Jul-2025 14-04-47,D6,pta,VC_1097,Phosphate acetyltransferase; Involved in acetate metabolism; In the N-terminal section; belongs to the CobB/CobQ family.,10.535433,11.618048,Unclassified,#ff00c3
Plate1_Drawer1 25-Jul-2025 14-04-47,D7,VC_A0800,VC_A0800,creA protein; Similar to SP:P08367 GB:M13608 PID:147249 PID:147691 PID:537237; identified by sequence similarity; putative.,9.266263,1.5502058,Unclassified,#ff00c3
Plate1_Drawer1 25-Jul-2025 14-04-47,D8,wzt,VC_0247,lipopolysaccharide/O-antigen transport protein; Similar to GB:X59554 PID:48389; identified by sequence similarity; putative.,10.672585,6.2388277,O-Antigen Biosynthesis,#0096ff
Plate1_Drawer1 25-Jul-2025 14-04-47,D9,wbeM,VC_0250,Iron-containing alcohol dehydrogenase family protein RfbM; Similar to GB:M26941 SP:P13604 PID:144714; identified by sequence similarity; putative.,9.479249,5.2481303,O-Antigen Biosynthesis,#0096ff
Plate1_Drawer1 25-Jul-2025 14-04-47,E1,VC_A0759,VC_A0759,"Arginine ABC transporter, periplasmic arginine-binding protein; Similar to SP:P30859 GB:X67753 GB:X86160 PID:40931 PID:769791; identified by sequence similarity; putative; Belongs to the bacterial solute-binding protein 3 family.",11.657414,9.52881,Unclassified,#ff00c3
Plate1_Drawer1 25-Jul-2025 14-04-47,E10,VC_1887,VC_1887,Hypothetical protein; Identified by Glimmer2; putative.,4.939761,-5.1747766,Unclassified,#ff00c3
Plate1_Drawer1 25-Jul-2025 14-04-47,E11,VC_A0620,VC_A0620,"Thiosulfate sulfurtransferase SseA, putative; Similar to SP:P31142 GB:U00096 PID:1788869 PID:1799924; identified by sequence similarity; putative.",8.533162,8.931535,Unclassified,#ff00c3
Plate1_Drawer1 25-Jul-2025 14-04-47,E12,trmJ,VC_0746,"RNA methyltransferase, TrmH family; Catalyzes the formation of 2'O-methylated cytidine (Cm32) or 2'O-methylated uridine (Um32) at position 32 in tRNA.",10.565749,11.3736,Unclassified,#ff00c3
Plate1_Drawer1 25-Jul-2025 14-04-47,E2,VC_A0785,VC_A0785,GGDEF family protein; Similar to PID:1651932; identified by sequence similarity; putative.,9.750617,4.0842266,Unclassified,#ff00c3
Plate1_Drawer1 25-Jul-2025 14-04-47,E3,fliE,VC_2134,Flagellar hook-basal body complex protein FliE; Similar to PID:2338730; identified by sequence similarity; putative.,11.121264,-2.0723333,Motility,#ff0004
Plate1_Drawer1 25-Jul-2025 14-04-47,E4,VC_1581,VC_1581,"NADH dehydrogenase, putative; Similar to SP:P33607 PID:397909 GB:U00096 PID:1788614 PID:1799638; identified by sequence similarity; putative.",11.113078,10.375634,Unclassified,#ff00c3
Plate1_Drawer1 25-Jul-2025 14-04-47,E5,fliP,VC_2123,Flagellar biosynthetic protein FliP; Plays a role in the flagellum-specific transport system. Belongs to the FliP/MopC/SpaP family.,7.9658313,0.026507827,Motility,#ff0004
Plate1_Drawer1 25-Jul-2025 14-04-47,E6,lpxM,VC_0212,Lipid A biosynthesis (kdo)2-(lauroyl)-lipid IVA acyltransferase; Catalyzes the transfer of myristate from myristoyl-acyl carrier protein (ACP) to Kdo(2)-(lauroyl)-lipid IV(A) to form Kdo(2)- lipid A.,10.337654,2.7820542,O-Antigen Biosynthesis,#0096ff
Plate1_Drawer1 25-Jul-2025 14-04-47,E7,VC_2714,VC_2714,Transcriptional regulator OmpR; Similar to PID:2108342; identified by sequence similarity; putative.,8.520454,9.257541,Unclassified,#ff00c3
Plate1_Drawer1 25-Jul-2025 14-04-47,E9,VC_1154,VC_1154,Hypothetical protein; Identified by Glimmer2; putative.,9.018369,10.201984,Unclassified,#ff00c3
Plate1_Drawer1 25-Jul-2025 14-04-47,F10,cdgJ,VC_0137,Conserved hypothetical protein; Phosphodiesterase (PDE) that catalyzes the hydrolysis of cyclic diguanylate (c-di-GMP). Positively regulates motility and negatively regulates biofilm formation.,7.4681354,4.403474,Unclassified,#ff00c3
Plate1_Drawer1 25-Jul-2025 14-04-47,F11,recO,VC_2459,DNA repair protein RecO; Involved in DNA repair and RecF pathway recombination.,8.604811,6.8595557,Unclassified,#ff00c3
Plate1_Drawer1 25-Jul-2025 14-04-47,F12,VC_A0999,VC_A0999,"Transcriptional regulator, TetR family; Similar to GB:U00096 PID:1787354; identified by sequence similarity; putative.",9.10573,6.6666203,Unclassified,#ff00c3
Plate1_Drawer1 25-Jul-2025 14-04-47,F2,VC_2224,VC_2224,GGDEF family protein; Similar to GB:U00096 PID:1787603; identified by sequence similarity; putative.,10.48514,11.358736,Unclassified,#ff00c3
Plate1_Drawer1 25-Jul-2025 14-04-47,F3,VC_A1099,VC_A1099,"ABC transporter, permease protein; Similar to SP:P33591 GB:X73143 PID:404846 PID:466613 GB:U00096; identified by sequence similarity; putative.",10.453667,11.573096,Unclassified,#ff00c3
Plate1_Drawer1 25-Jul-2025 14-04-47,F4,VC_1320,VC_1320,DNA-binding response regulator; Similar to PID:1079807 SP:P52108 GB:U00096 PID:1742647 PID:1742658; identified by sequence similarity; putative.,10.649448,11.487985,Unclassified,#ff00c3
Plate1_Drawer1 25-Jul-2025 14-04-47,F5,VC_1319,VC_1319,Sensor histidine kinase; Similar to GB:M36795 SP:P08336 GB:X13307 PID:145590 PID:305015; identified by sequence similarity; putative.,10.646112,11.674385,Unclassified,#ff00c3
Plate1_Drawer1 25-Jul-2025 14-04-47,F6,VC_A0536,VC_A0536,Conserved hypothetical protein; Identified by Glimmer2; putative.,7.927843,7.759556,Unclassified,#ff00c3
Plate1_Drawer1 25-Jul-2025 14-04-47,F7,VC_1414,VC_1414,"Thermostable carboxypeptidase 1; Broad specificity carboxypetidase that releases amino acids sequentially from the C-terminus, including neutral, aromatic, polar and basic residues.",8.465755,9.870388,Unclassified,#ff00c3
Plate1_Drawer1 25-Jul-2025 14-04-47,F8,VC_A0527,VC_A0527,Conserved hypothetical protein; Identified by Glimmer2; putative.,9.873947,11.371472,Unclassified,#ff00c3
Plate1_Drawer1 25-Jul-2025 14-04-47,F9,argH,VC_2641,Argininosuccinate lyase; Similar to SP:P11447 GB:J01590 GB:M21446 PID:145335 PID:396307; identified by sequence similarity; putative.,9.023843,10.60694,Unclassified,#ff00c3
Plate1_Drawer1 25-Jul-2025 14-04-47,G10,rluE,VC_1140,Pseudouridine synthase family 1 protein; Responsible for synthesis of pseudouridine from uracil-2457 in 23S ribosomal RNA; Belongs to the pseudouridine synthase RsuA family.,8.626297,3.885346,Unclassified,#ff00c3
Plate1_Drawer1 25-Jul-2025 14-04-47,G11,VC_2524,VC_2524,Conserved hypothetical protein; Catalyzes the hydrolysis of 3-deoxy-D-manno-octulosonate 8- phosphate (KDO 8-P) to 3-deoxy-D-manno-octulosonate (KDO) and inorganic phosphate; Belongs to the KdsC family.,8.775808,9.199034,Unclassified,#ff00c3
Plate1_Drawer1 25-Jul-2025 14-04-47,G12,VC_0900,VC_0900,GGDEF family protein; Similar to PID:1652841; identified by sequence similarity; putative.,8.473351,3.7500756,Unclassified,#ff00c3
Plate1_Drawer1 25-Jul-2025 14-04-47,G2,VC_A0171,VC_A0171,Conserved hypothetical protein; Identified by Glimmer2; putative.,9.409659,3.005785,Unclassified,#ff00c3
Plate1_Drawer1 25-Jul-2025 14-04-47,G3,fliJ,VC_2129,"Flagellar protein FliJ, putative; Similar to PID:1071644 SP:P52613 GB:U00096 PID:1736608 PID:1788252; identified by sequence similarity; putative.",10.890923,6.173393,Motility,#ff0004
Plate1_Drawer1 25-Jul-2025 14-04-47,G4,VC_0161,VC_0161,Transcriptional activator IlvY; Similar to GB:L42023 SP:P44821 PID:1005575 PID:1220765 PID:1204932; identified by sequence similarity; putative; Belongs to the LysR transcriptional regulatory family.,9.309939,4.218131,Unclassified,#ff00c3
Plate1_Drawer1 25-Jul-2025 14-04-47,G5,VC_0405,VC_0405,MSHA biogenesis protein MshE; Similar to PID:791156 PID:791159; identified by sequence similarity; putative.,9.544267,9.315888,Unclassified,#ff00c3
Plate1_Drawer1 25-Jul-2025 14-04-47,G6,VC_1295,VC_1295,Conserved hypothetical protein; Phosphodiesterase (PDE) that catalyzes the hydrolysis of cyclic diguanylate (c-di-GMP) to GMP in vitro. Increases motility and decreases biofilm formation in vivo.,8.725683,9.689266,Unclassified,#ff00c3
Plate1_Drawer1 25-Jul-2025 14-04-47,G7,flgD,VC_2198,Basal-body rod modification protein FlgD; Required for flagellar hook formation. May act as a scaffolding protein.,11.650173,-1.0198485,Motility,#ff0004
Plate1_Drawer1 25-Jul-2025 14-04-47,G8,manC,VC_0241,Mannose-1-phosphate guanylyltransferase; Similar to GB:X59554 SP:Q07024 PID:48383; identified by sequence similarity; putative.,2.3269968,-0.50231194,O-Antigen Biosynthesis,#0096ff
Plate1_Drawer1 25-Jul-2025 14-04-47,H1,flhG,VC_2067,MinD-related protein; Similar to GP:3695013; identified by sequence similarity; putative. MULTIPLE FILAMENTS,2.6919856,6.222186,Motility,#ff0004
Plate1_Drawer1 25-Jul-2025 14-04-47,H10,trpR,VC_0701,"Trp operon repressor, putative; This protein is an aporepressor. When complexed with L- tryptophan it binds the operator region of the trp operon and prevents the initiation of transcription (By similarity).",8.665685,4.9188223,Unclassified,#ff00c3
Plate1_Drawer1 25-Jul-2025 14-04-47,H11,greA,VC_0634,"Transcription elongation factor GreA; Necessary for efficient RNA polymerase transcription elongation past template-encoded arresting sites. The arresting sites in DNA have the property of trapping a certain fraction of elongating RNA polymerases that pass through, resulting in locked ternary complexes. Cleavage of the nascent transcript by cleavage factors such as GreA or GreB allows the resumption of elongation from the new 3'terminus. GreA releases sequences of 2 to 3 nucleotides.",7.0355334,6.1639023,Unclassified,#ff00c3
Plate1_Drawer1 25-Jul-2025 14-04-47,H12,VC_0419,VC_0419,Cytoplasmic axial filament protein; Similar to SP:P25537 PID:48826 PID:606187 GB:U00096 PID:1789645; identified by sequence similarity; putative.,9.18752,6.9616036,Unclassified,#ff00c3
Plate1_Drawer1 25-Jul-2025 14-04-47,H2,VC_A0940,VC_A0940,"Transcriptional regulator, DeoR family; Similar to SP:P09392 GB:M96795 PID:146186 PID:606358 GB:U00096; identified by sequence similarity; putative.",10.657084,6.1606336,Unclassified,#ff00c3
Plate1_Drawer1 25-Jul-2025 14-04-47,H3,ectA,VC_A0825,"L-2,4-diaminobutyric acid acetyltransferase; Catalyzes the acetylation of L-2,4-diaminobutyrate (DABA) to gamma-N-acetyl-alpha,gamma-diaminobutyric acid (ADABA) with acetyl coenzyme A.",10.2134,10.668849,Unclassified,#ff00c3
Plate1_Drawer1 25-Jul-2025 14-04-47,H4,VC_A0840,VC_A0840,"Deoxycytidylate deaminase, putative; Similar to SP:P33968 GB:X70289 PID:396216; identified by sequence similarity; putative.",10.473679,7.883694,Unclassified,#ff00c3
Plate1_Drawer1 25-Jul-2025 14-04-47,H6,VC_2522,VC_2522,Conserved hypothetical protein; Identified by Glimmer2; putative.,10.063145,9.416239,Unclassified,#ff00c3
Plate1_Drawer1 25-Jul-2025 14-04-47,H7,glmS,VC_0487,"Glucosamine--fructose-6-phosphate aminotransferase (isomerizing); Catalyzes the first step in hexosamine metabolism, converting fructose-6P into glucosamine-6P using glutamine as a nitrogen source.",10.508046,10.789647,Unclassified,#ff00c3
Plate1_Drawer1 25-Jul-2025 14-04-47,H8,manA,VC_0269,Mannose-6-phosphate isomerase; Similar to SP:P25081 GB:X57117 PID:48820; identified by sequence similarity; putative; Belongs to the mannose-6-phosphate isomerase type 1 family.,2.2070873,-0.5658189,O-Antigen Biosynthesis,#0096ff
Plate1_Drawer1 25-Jul-2025 14-04-47,H9,nusB,VC_2267,N utilization substance protein B; Involved in transcription antitermination. Required for transcription of ribosomal RNA (rRNA) genes. Binds specifically to the boxA antiterminator sequence of the ribosomal RNA (rrn) operons.,7.609611,7.3339095,Unclassified,#ff00c3
Plate1_Drawer1 27-Aug-2025 15-50-24,A1,ung,VC_2359,uracil-DNA glycosylase; Excises uracil residues from the DNA which can arise as a result of misincorporation of dUMP residues by DNA polymerase or due to deamination of cytosine.,10.628484,5.9454203,Unclassified,#ff00c3
Plate1_Drawer1 27-Aug-2025 15-50-24,A10,VC_1462,VC_1462,RstB2 protein; Similar to GP:2564358; identified by sequence similarity; putative.,8.474413,7.815888,Unclassified,#ff00c3
Plate1_Drawer1 27-Aug-2025 15-50-24,A12,wavA,VC_0223,"ADP-heptose--LPS heptosyltransferase II, putative; Similar to GB:L42023 SP:P44011 PID:1003930 PID:1222457 PID:1204774; identified by sequence similarity; putative.",8.292353,6.8829784,O-Antigen Biosynthesis,#0096ff
Plate1_Drawer1 27-Aug-2025 15-50-24,A2,VC_2453,VC_2453,Sensor histidine kinase/response regulator; Similar to GB:D10888 SP:P26607 PID:216535 PID:882680 GB:U00096; identified by sequence similarity; putative.,10.145072,6.376221,Unclassified,#ff00c3
Plate1_Drawer1 27-Aug-2025 15-50-24,A3,VC_2311,VC_2311,HesA/MoeB/ThiF family protein; Similar to GB:D21145 PID:471103 PID:882707 GB:U00096 SP:Q46927; identified by sequence similarity; putative.,10.754183,6.4452696,Unclassified,#ff00c3
Plate1_Drawer1 27-Aug-2025 15-50-24,A4,lipA,VC_0943,"Lipoic acid synthetase; Catalyzes the radical-mediated insertion of two sulfur atoms into the C-6 and C-8 positions of the octanoyl moiety bound to the lipoyl domains of lipoate-dependent enzymes, thereby converting the octanoylated domains into lipoylated derivatives.",5.122204,1.2280992,Pyruvate Flux,#39ff14
Plate1_Drawer1 27-Aug-2025 15-50-24,A5,rsmJ,VC_0073,Conserved hypothetical protein; Specifically methylates the guanosine in position 1516 of 16S rRNA.,9.736455,6.379963,Unclassified,#ff00c3
Plate1_Drawer1 27-Aug-2025 15-50-24,A6,potC,VC_1426,"Spermidine/putrescine ABC transporter, permease protein; Similar to GB:M64519 SP:P23859 PID:147328 GB:U00096 PID:1651551; identified by sequence similarity; putative.",10.406037,8.575688,Polyamine Import,#14f7f0
Plate1_Drawer1 27-Aug-2025 15-50-24,A7,pckA,VC_2738,Phosphoenolpyruvate carboxykinase; Involved in the gluconeogenesis. Catalyzes the conversion of oxaloacetate (OAA) to phosphoenolpyruvate (PEP) through direct phosphoryl transfer between the nucleoside triphosphate and OAA. Belongs to the phosphoenolpyruvate carboxykinase (ATP) family.,10.562787,1.3483033,Unclassified,#ff00c3
Plate1_Drawer1 27-Aug-2025 15-50-24,A8,rluD,VC_0709,"Ribosomal large subunit pseudouridine synthase D; Responsible for synthesis of pseudouridine from uracil at positions 1911, 1915 and 1917 in 23S ribosomal RNA; Belongs to the pseudouridine synthase RluA family.",9.555606,8.492003,Unclassified,#ff00c3
Plate1_Drawer1 27-Aug-2025 15-50-24,A9,vibB,VC_0771,Vibriobactin-specific isochorismatase; Involved in the biosynthesis of the catechol siderophore vibriobactin. Vibriobactin is a chelating compound involved in transporting iron from the bacterial environment into the cell cytoplasm; Belongs to the isochorismatase family.,5.491558,1.7870157,Vibriobactin Biosynthesis,#ba17f6
Plate1_Drawer1 27-Aug-2025 15-50-24,B1,flgB,VC_2200,"Flagellar basal-body rod protein FlgB; Structural component of flagellum, the bacterial motility apparatus. Part of the rod structure of flagellar basal body.",10.133341,-0.86067015,Motility,#ff0004
Plate1_Drawer1 27-Aug-2025 15-50-24,B10,flgP,VC_2206,Conserved hypothetical protein; Identified by Glimmer2; putative.,9.944503,1.4191021,Motility,#ff0004
Plate1_Drawer1 27-Aug-2025 15-50-24,B11,fliQ,VC_2122,Flagellar biosynthetic protein FliQ; Role in flagellar biosynthesis. Belongs to the FliQ/MopD/SpaQ family.,9.701315,-1.7407804,Motility,#ff0004
Plate1_Drawer1 27-Aug-2025 15-50-24,B12,argF,VC_2508,Ornithine carbamoyltransferase; Reversibly catalyzes the transfer of the carbamoyl group from carbamoyl phosphate (CP) to the N(epsilon) atom of ornithine (ORN) to produce L-citrulline; Belongs to the aspartate/ornithine carbamoyltransferase superfamily. OTCase family.,8.360415,7.592425,Unclassified,#ff00c3
Plate1_Drawer1 27-Aug-2025 15-50-24,B2,fliS,VC_2138,Flagellar protein FliS; Similar to GB:U12816 PID:1254205; identified by sequence similarity; putative.,9.679686,-1.5340899,Motility,#ff0004
Plate1_Drawer1 27-Aug-2025 15-50-24,B3,VC_A1081,VC_A1081,Hypothetical protein; Identified by Glimmer2; putative.,9.336821,5.1014595,Unclassified,#ff00c3
Plate1_Drawer1 27-Aug-2025 15-50-24,B4,VC_1909,VC_1909,Hypothetical protein; Identified by Glimmer2; putative.,9.735072,8.646473,Unclassified,#ff00c3
Plate1_Drawer1 27-Aug-2025 15-50-24,B5,VC_0449,VC_0449,Methyl-accepting chemotaxis protein; Similar to GB:X61367 PID:48195; identified by sequence similarity; putative.,10.482484,9.963481,Unclassified,#ff00c3
Plate1_Drawer1 27-Aug-2025 15-50-24,B6,VC_1498,VC_1498,Conserved hypothetical protein; Identified by Glimmer2; putative.,10.131114,9.663898,Unclassified,#ff00c3
Plate1_Drawer1 27-Aug-2025 15-50-24,B7,VC_2756,VC_2756,Potassium uptake protein TrkH; Low-affinity potassium transport system. Interacts with Trk system potassium uptake protein TrkA; Belongs to the TrkH potassium transport family.,8.568318,4.2419744,Unclassified,#ff00c3
Plate1_Drawer1 27-Aug-2025 15-50-24,B8,VC_0113,VC_0113,Methyltransferase-related protein; Similar to SP:P37431 PID:295895; identified by sequence similarity; putative.,10.363556,5.448537,Unclassified,#ff00c3
Plate1_Drawer1 27-Aug-2025 15-50-24,B9,VC_1423,VC_1423,Hypothetical protein; Identified by Glimmer2; putative.,9.764269,7.107622,Unclassified,#ff00c3
Plate1_Drawer1 27-Aug-2025 15-50-24,C1,VC_A0588,VC_A0588,"Peptide ABC transporter, ATP-binding protein, putative; Similar to SP:P33916 PID:405909 GB:U00096 PID:1736845 PID:1788506; identified by sequence similarity; putative; Belongs to the ABC transporter superfamily.",10.443725,10.976368,Unclassified,#ff00c3
Plate1_Drawer1 27-Aug-2025 15-50-24,C10,epsC,VC_2734,"General secretion pathway protein C; Involved in a type II secretion system (T2SS, formerly general secretion pathway, GSP) for the export of proteins (By similarity). Required for secretion of cholera toxin through the outer membrane.",10.513499,11.431537,Unclassified,#ff00c3
Plate1_Drawer1 27-Aug-2025 15-50-24,C11,proQ,VC_1497,"Conserved hypothetical protein; RNA chaperone with significant RNA binding, RNA strand exchange and RNA duplexing activities; Belongs to the ProQ family.",10.089048,11.291535,Unclassified,#ff00c3
Plate1_Drawer1 27-Aug-2025 15-50-24,C12,VC_2627,VC_2627,DamX-related protein; Similar to SP:P11557 GB:Z19601 PID:41226 PID:43274 PID:606322; identified by sequence similarity; putative.,10.161157,8.995543,Unclassified,#ff00c3
Plate1_Drawer1 27-Aug-2025 15-50-24,C2,gshB,VC_0468,Glutathione synthetase; Similar to SP:P04425 GB:X01666 PID:41625 PID:882476 GB:U00096; identified by sequence similarity; putative.,5.4325614,1.4647533,Unclassified,#ff00c3
Plate1_Drawer1 27-Aug-2025 15-50-24,C3,potB,VC_1427,"Spermidine/putrescine ABC transporter, permease protein; Similar to GB:M64519 SP:P23860 PID:147327 GB:U00096 PID:1651552; identified by sequence similarity; putative.",10.488656,1.5530703,Polyamine Import,#14f7f0
Plate1_Drawer1 27-Aug-2025 15-50-24,C4,flgE,VC_2197,Flagellar hook protein FlgE; Similar to GB:X51737 SP:P16322 GB:X52093 PID:47673; identified by sequence similarity; putative.,11.961499,-0.39537486,Motility,#ff0004
Plate1_Drawer1 27-Aug-2025 15-50-24,C6,VC_0462,VC_0462,Twitching motility protein PilT; Similar to SP:P24559 GB:X67095 PID:151490; identified by sequence similarity; putative.,11.157307,11.619374,Unclassified,#ff00c3
Plate1_Drawer1 27-Aug-2025 15-50-24,C7,flhA,VC_2069,"Flagellar biosynthetic protein FlhA; Required for formation of the rod structure of the flagellar apparatus. Together with FliI and FliH, may constitute the export apparatus of flagellin; Belongs to the FHIPEP (flagella/HR/invasion proteins export pore) family.",9.237077,-1.2305857,Motility,#ff0004
Plate1_Drawer1 27-Aug-2025 15-50-24,C8,VC_0399,VC_0399,MSHA biogenesis protein MshI; Similar to PID:791156 PID:791153; identified by sequence similarity; putative.,8.976206,4.6656084,Unclassified,#ff00c3
Plate1_Drawer1 27-Aug-2025 15-50-24,C9,fliD,VC_2140,"Flagellar hook-associated protein FliD; FILAMENT CAP Required for the morphogenesis and for the elongation of the flagellar filament by facilitating polymerization of the flagellin monomers at the tip of growing filament. Forms a capping structure, which prevents flagellin subunits (transported through the central channel of the flagellum) from leaking out without polymerization at the distal end (By similarity).",11.4903755,9.358194,Motility,#ff0004
Plate1_Drawer1 27-Aug-2025 15-50-24,D1,VC_0196,VC_0196,ATP-dependent DNA helicase RecQ; Similar to GB:M87049 SP:P15043 GB:M30198 PID:147559 PID:148221; identified by sequence similarity; putative.,10.328223,8.607217,Unclassified,#ff00c3
Plate1_Drawer1 27-Aug-2025 15-50-24,D10,VC_2270,VC_2270,Riboflavin,5.6128383,2.0256207,Unclassified,#ff00c3
Plate1_Drawer1 27-Aug-2025 15-50-24,D11,VC_2718; VC_2719,VC_2718; VC_2719,,4.7921047,-5.9895196,Unclassified,#ff00c3
Plate1_Drawer1 27-Aug-2025 15-50-24,D12,wbeG,VC_0245,rfbG protein; Similar to GB:X59554 PID:48387; identified by sequence similarity; putative.,10.506072,4.3554444,O-Antigen Biosynthesis,#0096ff
Plate1_Drawer1 27-Aug-2025 15-50-24,D2,VC_1933,VC_1933,Hypothetical protein; Identified by Glimmer2; putative.,10.7656765,5.870072,Unclassified,#ff00c3
Plate1_Drawer1 27-Aug-2025 15-50-24,D3,VC_A0001,VC_A0001,Hypothetical protein; Identified by Glimmer2; putative.,10.865458,11.22213,Unclassified,#ff00c3
Plate1_Drawer1 27-Aug-2025 15-50-24,D4,fadR,VC_1900,Fatty acid metabolism regulator protein; Multifunctional regulator of fatty acid metabolism.,10.716811,-1.5182703,Unclassified,#ff00c3
Plate1_Drawer1 27-Aug-2025 15-50-24,D5,pilC,VC_2425,Type IV pilin biogenesis protein PilC; Involved in the translocation of the type IV pilin; Belongs to the GSP F family.,10.914858,10.568368,Unclassified,#ff00c3
Plate1_Drawer1 27-Aug-2025 15-50-24,D6,pta,VC_1097,Phosphate acetyltransferase; Involved in acetate metabolism; In the N-terminal section; belongs to the CobB/CobQ family.,11.476057,11.875148,Unclassified,#ff00c3
Plate1_Drawer1 27-Aug-2025 15-50-24,D7,VC_A0800,VC_A0800,creA protein; Similar to SP:P08367 GB:M13608 PID:147249 PID:147691 PID:537237; identified by sequence similarity; putative.,9.200355,1.4574825,Unclassified,#ff00c3
Plate1_Drawer1 27-Aug-2025 15-50-24,D8,wzt,VC_0247,lipopolysaccharide/O-antigen transport protein; Similar to GB:X59554 PID:48389; identified by sequence similarity; putative.,8.567395,9.223594,O-Antigen Biosynthesis,#0096ff
Plate1_Drawer1 27-Aug-2025 15-50-24,D9,wbeM,VC_0250,Iron-containing alcohol dehydrogenase family protein RfbM; Similar to GB:M26941 SP:P13604 PID:144714; identified by sequence similarity; putative.,9.262776,9.184755,O-Antigen Biosynthesis,#0096ff
Plate1_Drawer1 27-Aug-2025 15-50-24,E1,VC_A0759,VC_A0759,"Arginine ABC transporter, periplasmic arginine-binding protein; Similar to SP:P30859 GB:X67753 GB:X86160 PID:40931 PID:769791; identified by sequence similarity; putative; Belongs to the bacterial solute-binding protein 3 family.",10.423496,7.5047717,Unclassified,#ff00c3
Plate1_Drawer1 27-Aug-2025 15-50-24,E10,VC_1887,VC_1887,Hypothetical protein; Identified by Glimmer2; putative.,5.1915264,-5.931961,Unclassified,#ff00c3
Plate1_Drawer1 27-Aug-2025 15-50-24,E11,VC_A0620,VC_A0620,"Thiosulfate sulfurtransferase SseA, putative; Similar to SP:P31142 GB:U00096 PID:1788869 PID:1799924; identified by sequence similarity; putative.",10.094561,11.404577,Unclassified,#ff00c3
Plate1_Drawer1 27-Aug-2025 15-50-24,E12,trmJ,VC_0746,"RNA methyltransferase, TrmH family; Catalyzes the formation of 2'O-methylated cytidine (Cm32) or 2'O-methylated uridine (Um32) at position 32 in tRNA.",11.375974,11.88276,Unclassified,#ff00c3
Plate1_Drawer1 27-Aug-2025 15-50-24,E2,VC_A0785,VC_A0785,GGDEF family protein; Similar to PID:1651932; identified by sequence similarity; putative.,9.883408,3.9174001,Unclassified,#ff00c3
Plate1_Drawer1 27-Aug-2025 15-50-24,E3,fliE,VC_2134,Flagellar hook-basal body complex protein FliE; Similar to PID:2338730; identified by sequence similarity; putative.,10.31712,-1.9242628,Motility,#ff0004
Plate1_Drawer1 27-Aug-2025 15-50-24,E4,VC_1581,VC_1581,"NADH dehydrogenase, putative; Similar to SP:P33607 PID:397909 GB:U00096 PID:1788614 PID:1799638; identified by sequence similarity; putative.",10.816581,10.122107,Unclassified,#ff00c3
Plate1_Drawer1 27-Aug-2025 15-50-24,E5,fliP,VC_2123,Flagellar biosynthetic protein FliP; Plays a role in the flagellum-specific transport system. Belongs to the FliP/MopC/SpaP family.,9.969397,-1.894911,Motility,#ff0004
Plate1_Drawer1 27-Aug-2025 15-50-24,E6,lpxM,VC_0212,Lipid A biosynthesis (kdo)2-(lauroyl)-lipid IVA acyltransferase; Catalyzes the transfer of myristate from myristoyl-acyl carrier protein (ACP) to Kdo(2)-(lauroyl)-lipid IV(A) to form Kdo(2)- lipid A.,10.678083,2.6017175,O-Antigen Biosynthesis,#0096ff
Plate1_Drawer1 27-Aug-2025 15-50-24,E7,VC_2714,VC_2714,Transcriptional regulator OmpR; Similar to PID:2108342; identified by sequence similarity; putative.,11.239114,11.77221,Unclassified,#ff00c3
Plate1_Drawer1 27-Aug-2025 15-50-24,E9,VC_1154,VC_1154,Hypothetical protein; Identified by Glimmer2; putative.,10.278583,10.839343,Unclassified,#ff00c3
Plate1_Drawer1 27-Aug-2025 15-50-24,F10,cdgJ,VC_0137,Conserved hypothetical protein; Phosphodiesterase (PDE) that catalyzes the hydrolysis of cyclic diguanylate (c-di-GMP). Positively regulates motility and negatively regulates biofilm formation.,7.108144,5.3890676,Unclassified,#ff00c3
Plate1_Drawer1 27-Aug-2025 15-50-24,F11,recO,VC_2459,DNA repair protein RecO; Involved in DNA repair and RecF pathway recombination.,8.622344,4.3268533,Unclassified,#ff00c3
Plate1_Drawer1 27-Aug-2025 15-50-24,F12,VC_A0999,VC_A0999,"Transcriptional regulator, TetR family; Similar to GB:U00096 PID:1787354; identified by sequence similarity; putative.",9.330002,8.474302,Unclassified,#ff00c3
Plate1_Drawer1 27-Aug-2025 15-50-24,F2,VC_2224,VC_2224,GGDEF family protein; Similar to GB:U00096 PID:1787603; identified by sequence similarity; putative.,11.113043,11.968857,Unclassified,#ff00c3
Plate1_Drawer1 27-Aug-2025 15-50-24,F3,VC_A1099,VC_A1099,"ABC transporter, permease protein; Similar to SP:P33591 GB:X73143 PID:404846 PID:466613 GB:U00096; identified by sequence similarity; putative.",11.431995,11.822294,Unclassified,#ff00c3
Plate1_Drawer1 27-Aug-2025 15-50-24,F4,VC_1320,VC_1320,DNA-binding response regulator; Similar to PID:1079807 SP:P52108 GB:U00096 PID:1742647 PID:1742658; identified by sequence similarity; putative.,10.701405,11.62772,Unclassified,#ff00c3
Plate1_Drawer1 27-Aug-2025 15-50-24,F5,VC_1319,VC_1319,Sensor histidine kinase; Similar to GB:M36795 SP:P08336 GB:X13307 PID:145590 PID:305015; identified by sequence similarity; putative.,10.336946,10.814807,Unclassified,#ff00c3
Plate1_Drawer1 27-Aug-2025 15-50-24,F6,VC_A0536,VC_A0536,Conserved hypothetical protein; Identified by Glimmer2; putative.,11.402119,11.7939005,Unclassified,#ff00c3
Plate1_Drawer1 27-Aug-2025 15-50-24,F7,VC_1414,VC_1414,"Thermostable carboxypeptidase 1; Broad specificity carboxypetidase that releases amino acids sequentially from the C-terminus, including neutral, aromatic, polar and basic residues.",8.034622,9.616448,Unclassified,#ff00c3
Plate1_Drawer1 27-Aug-2025 15-50-24,F8,VC_A0527,VC_A0527,Conserved hypothetical protein; Identified by Glimmer2; putative.,10.790564,11.637186,Unclassified,#ff00c3
Plate1_Drawer1 27-Aug-2025 15-50-24,F9,argH,VC_2641,Argininosuccinate lyase; Similar to SP:P11447 GB:J01590 GB:M21446 PID:145335 PID:396307; identified by sequence similarity; putative.,9.8115635,11.216556,Unclassified,#ff00c3
Plate1_Drawer1 27-Aug-2025 15-50-24,G10,rluE,VC_1140,Pseudouridine synthase family 1 protein; Responsible for synthesis of pseudouridine from uracil-2457 in 23S ribosomal RNA; Belongs to the pseudouridine synthase RsuA family.,9.377776,5.1651697,Unclassified,#ff00c3
Plate1_Drawer1 27-Aug-2025 15-50-24,G11,VC_2524,VC_2524,Conserved hypothetical protein; Catalyzes the hydrolysis of 3-deoxy-D-manno-octulosonate 8- phosphate (KDO 8-P) to 3-deoxy-D-manno-octulosonate (KDO) and inorganic phosphate; Belongs to the KdsC family.,8.963189,9.875813,Unclassified,#ff00c3
Plate1_Drawer1 27-Aug-2025 15-50-24,G12,VC_0900,VC_0900,GGDEF family protein; Similar to PID:1652841; identified by sequence similarity; putative.,9.463673,1.9990525,Unclassified,#ff00c3
Plate1_Drawer1 27-Aug-2025 15-50-24,G2,VC_A0171,VC_A0171,Conserved hypothetical protein; Identified by Glimmer2; putative.,10.408918,2.3153872,Unclassified,#ff00c3
Plate1_Drawer1 27-Aug-2025 15-50-24,G3,fliJ,VC_2129,"Flagellar protein FliJ, putative; Similar to PID:1071644 SP:P52613 GB:U00096 PID:1736608 PID:1788252; identified by sequence similarity; putative.",11.408237,4.1036215,Motility,#ff0004
Plate1_Drawer1 27-Aug-2025 15-50-24,G4,VC_0161,VC_0161,Transcriptional activator IlvY; Similar to GB:L42023 SP:P44821 PID:1005575 PID:1220765 PID:1204932; identified by sequence similarity; putative; Belongs to the LysR transcriptional regulatory family.,9.078801,5.5294766,Unclassified,#ff00c3
Plate1_Drawer1 27-Aug-2025 15-50-24,G5,VC_0405,VC_0405,MSHA biogenesis protein MshE; Similar to PID:791156 PID:791159; identified by sequence similarity; putative.,10.062051,10.668024,Unclassified,#ff00c3
Plate1_Drawer1 27-Aug-2025 15-50-24,G6,VC_1295,VC_1295,Conserved hypothetical protein; Phosphodiesterase (PDE) that catalyzes the hydrolysis of cyclic diguanylate (c-di-GMP) to GMP in vitro. Increases motility and decreases biofilm formation in vivo.,9.700817,11.112368,Unclassified,#ff00c3
Plate1_Drawer1 27-Aug-2025 15-50-24,G7,flgD,VC_2198,Basal-body rod modification protein FlgD; Required for flagellar hook formation. May act as a scaffolding protein.,11.647375,-0.964812,Motility,#ff0004
Plate1_Drawer1 27-Aug-2025 15-50-24,G8,manC,VC_0241,Mannose-1-phosphate guanylyltransferase; Similar to GB:X59554 SP:Q07024 PID:48383; identified by sequence similarity; putative.,2.376433,-0.85907775,O-Antigen Biosynthesis,#0096ff
Plate1_Drawer1 27-Aug-2025 15-50-24,H1,flhG,VC_2067,MinD-related protein; Similar to GP:3695013; identified by sequence similarity; putative. MULTIPLE FILAMENTS,2.369845,5.9961696,Motility,#ff0004
Plate1_Drawer1 27-Aug-2025 15-50-24,H10,trpR,VC_0701,"Trp operon repressor, putative; This protein is an aporepressor. When complexed with L- tryptophan it binds the operator region of the trp operon and prevents the initiation of transcription (By similarity).",10.554451,8.276243,Unclassified,#ff00c3
Plate1_Drawer1 27-Aug-2025 15-50-24,H11,greA,VC_0634,"Transcription elongation factor GreA; Necessary for efficient RNA polymerase transcription elongation past template-encoded arresting sites. The arresting sites in DNA have the property of trapping a certain fraction of elongating RNA polymerases that pass through, resulting in locked ternary complexes. Cleavage of the nascent transcript by cleavage factors such as GreA or GreB allows the resumption of elongation from the new 3'terminus. GreA releases sequences of 2 to 3 nucleotides.",9.749596,7.8270197,Unclassified,#ff00c3
Plate1_Drawer1 27-Aug-2025 15-50-24,H12,VC_0419,VC_0419,Cytoplasmic axial filament protein; Similar to SP:P25537 PID:48826 PID:606187 GB:U00096 PID:1789645; identified by sequence similarity; putative.,10.943496,10.2735195,Unclassified,#ff00c3
Plate1_Drawer1 27-Aug-2025 15-50-24,H2,VC_A0940,VC_A0940,"Transcriptional regulator, DeoR family; Similar to SP:P09392 GB:M96795 PID:146186 PID:606358 GB:U00096; identified by sequence similarity; putative.",10.843252,3.695004,Unclassified,#ff00c3
Plate1_Drawer1 27-Aug-2025 15-50-24,H3,ectA,VC_A0825,"L-2,4-diaminobutyric acid acetyltransferase; Catalyzes the acetylation of L-2,4-diaminobutyrate (DABA) to gamma-N-acetyl-alpha,gamma-diaminobutyric acid (ADABA) with acetyl coenzyme A.",11.283978,9.787106,Unclassified,#ff00c3
Plate1_Drawer1 27-Aug-2025 15-50-24,H4,VC_A0840,VC_A0840,"Deoxycytidylate deaminase, putative; Similar to SP:P33968 GB:X70289 PID:396216; identified by sequence similarity; putative.",10.42321,8.213896,Unclassified,#ff00c3
Plate1_Drawer1 27-Aug-2025 15-50-24,H6,VC_2522,VC_2522,Conserved hypothetical protein; Identified by Glimmer2; putative.,10.373741,8.496036,Unclassified,#ff00c3
Plate1_Drawer1 27-Aug-2025 15-50-24,H7,glmS,VC_0487,"Glucosamine--fructose-6-phosphate aminotransferase (isomerizing); Catalyzes the first step in hexosamine metabolism, converting fructose-6P into glucosamine-6P using glutamine as a nitrogen source.",10.215502,7.932615,Unclassified,#ff00c3
Plate1_Drawer1 27-Aug-2025 15-50-24,H8,manA,VC_0269,Mannose-6-phosphate isomerase; Similar to SP:P25081 GB:X57117 PID:48820; identified by sequence similarity; putative; Belongs to the mannose-6-phosphate isomerase type 1 family.,2.0475807,-0.26134956,O-Antigen Biosynthesis,#0096ff
Plate1_Drawer1 27-Aug-2025 15-50-24,H9,nusB,VC_2267,N utilization substance protein B; Involved in transcription antitermination. Required for transcription of ribosomal RNA (rRNA) genes. Binds specifically to the boxA antiterminator sequence of the ribosomal RNA (rrn) operons.,8.899703,8.447973,Unclassified,#ff00c3
Plate1_Drawer1 29-Aug-2025 10-37-42,A1,ung,VC_2359,uracil-DNA glycosylase; Excises uracil residues from the DNA which can arise as a result of misincorporation of dUMP residues by DNA polymerase or due to deamination of cytosine.,10.342857,5.702555,Unclassified,#ff00c3
Plate1_Drawer1 29-Aug-2025 10-37-42,A10,VC_1462,VC_1462,RstB2 protein; Similar to GP:2564358; identified by sequence similarity; putative.,9.130511,7.115334,Unclassified,#ff00c3
Plate1_Drawer1 29-Aug-2025 10-37-42,A12,wavA,VC_0223,"ADP-heptose--LPS heptosyltransferase II, putative; Similar to GB:L42023 SP:P44011 PID:1003930 PID:1222457 PID:1204774; identified by sequence similarity; putative.",9.564773,8.090188,O-Antigen Biosynthesis,#0096ff
Plate1_Drawer1 29-Aug-2025 10-37-42,A2,VC_2453,VC_2453,Sensor histidine kinase/response regulator; Similar to GB:D10888 SP:P26607 PID:216535 PID:882680 GB:U00096; identified by sequence similarity; putative.,10.745277,6.6578093,Unclassified,#ff00c3
Plate1_Drawer1 29-Aug-2025 10-37-42,A3,VC_2311,VC_2311,HesA/MoeB/ThiF family protein; Similar to GB:D21145 PID:471103 PID:882707 GB:U00096 SP:Q46927; identified by sequence similarity; putative.,10.096155,6.262875,Unclassified,#ff00c3
Plate1_Drawer1 29-Aug-2025 10-37-42,A4,lipA,VC_0943,"Lipoic acid synthetase; Catalyzes the radical-mediated insertion of two sulfur atoms into the C-6 and C-8 positions of the octanoyl moiety bound to the lipoyl domains of lipoate-dependent enzymes, thereby converting the octanoylated domains into lipoylated derivatives.",5.534249,1.3224157,Pyruvate Flux,#39ff14
Plate1_Drawer1 29-Aug-2025 10-37-42,A5,rsmJ,VC_0073,Conserved hypothetical protein; Specifically methylates the guanosine in position 1516 of 16S rRNA.,9.42984,6.1482725,Unclassified,#ff00c3
Plate1_Drawer1 29-Aug-2025 10-37-42,A7,pckA,VC_2738,Phosphoenolpyruvate carboxykinase; Involved in the gluconeogenesis. Catalyzes the conversion of oxaloacetate (OAA) to phosphoenolpyruvate (PEP) through direct phosphoryl transfer between the nucleoside triphosphate and OAA. Belongs to the phosphoenolpyruvate carboxykinase (ATP) family.,9.0617,1.7298821,Unclassified,#ff00c3
Plate1_Drawer1 29-Aug-2025 10-37-42,A8,rluD,VC_0709,"Ribosomal large subunit pseudouridine synthase D; Responsible for synthesis of pseudouridine from uracil at positions 1911, 1915 and 1917 in 23S ribosomal RNA; Belongs to the pseudouridine synthase RluA family.",9.29762,7.144034,Unclassified,#ff00c3
Plate1_Drawer1 29-Aug-2025 10-37-42,B1,flgB,VC_2200,"Flagellar basal-body rod protein FlgB; Structural component of flagellum, the bacterial motility apparatus. Part of the rod structure of flagellar basal body.",7.474879,0.73725694,Motility,#ff0004
Plate1_Drawer1 29-Aug-2025 10-37-42,B10,flgP,VC_2206,Conserved hypothetical protein; Identified by Glimmer2; putative.,9.524541,1.098958,Motility,#ff0004
Plate1_Drawer1 29-Aug-2025 10-37-42,B11,fliQ,VC_2122,Flagellar biosynthetic protein FliQ; Role in flagellar biosynthesis. Belongs to the FliQ/MopD/SpaQ family.,9.190112,-1.1571162,Motility,#ff0004
Plate1_Drawer1 29-Aug-2025 10-37-42,B12,argF,VC_2508,Ornithine carbamoyltransferase; Reversibly catalyzes the transfer of the carbamoyl group from carbamoyl phosphate (CP) to the N(epsilon) atom of ornithine (ORN) to produce L-citrulline; Belongs to the aspartate/ornithine carbamoyltransferase superfamily. OTCase family.,9.004727,8.760727,Unclassified,#ff00c3
Plate1_Drawer1 29-Aug-2025 10-37-42,B2,fliS,VC_2138,Flagellar protein FliS; Similar to GB:U12816 PID:1254205; identified by sequence similarity; putative.,9.618468,-1.4334047,Motility,#ff0004
Plate1_Drawer1 29-Aug-2025 10-37-42,B3,VC_A1081,VC_A1081,Hypothetical protein; Identified by Glimmer2; putative.,9.023229,4.4672046,Unclassified,#ff00c3
Plate1_Drawer1 29-Aug-2025 10-37-42,B4,VC_1909,VC_1909,Hypothetical protein; Identified by Glimmer2; putative.,8.881688,7.833162,Unclassified,#ff00c3
Plate1_Drawer1 29-Aug-2025 10-37-42,B5,VC_0449,VC_0449,Methyl-accepting chemotaxis protein; Similar to GB:X61367 PID:48195; identified by sequence similarity; putative.,8.140944,8.061625,Unclassified,#ff00c3
Plate1_Drawer1 29-Aug-2025 10-37-42,B6,VC_1498,VC_1498,Conserved hypothetical protein; Identified by Glimmer2; putative.,10.392475,10.391027,Unclassified,#ff00c3
Plate1_Drawer1 29-Aug-2025 10-37-42,B7,VC_2756,VC_2756,Potassium uptake protein TrkH; Low-affinity potassium transport system. Interacts with Trk system potassium uptake protein TrkA; Belongs to the TrkH potassium transport family.,9.0185585,4.4593,Unclassified,#ff00c3
Plate1_Drawer1 29-Aug-2025 10-37-42,B8,VC_0113,VC_0113,Methyltransferase-related protein; Similar to SP:P37431 PID:295895; identified by sequence similarity; putative.,8.903444,4.615324,Unclassified,#ff00c3
Plate1_Drawer1 29-Aug-2025 10-37-42,B9,VC_1423,VC_1423,Hypothetical protein; Identified by Glimmer2; putative.,10.732561,9.079119,Unclassified,#ff00c3
Plate1_Drawer1 29-Aug-2025 10-37-42,C1,VC_A0588,VC_A0588,"Peptide ABC transporter, ATP-binding protein, putative; Similar to SP:P33916 PID:405909 GB:U00096 PID:1736845 PID:1788506; identified by sequence similarity; putative; Belongs to the ABC transporter superfamily.",9.329844,9.635461,Unclassified,#ff00c3
Plate1_Drawer1 29-Aug-2025 10-37-42,C10,epsC,VC_2734,"General secretion pathway protein C; Involved in a type II secretion system (T2SS, formerly general secretion pathway, GSP) for the export of proteins (By similarity). Required for secretion of cholera toxin through the outer membrane.",10.973781,11.928029,Unclassified,#ff00c3
Plate1_Drawer1 29-Aug-2025 10-37-42,C11,proQ,VC_1497,"Conserved hypothetical protein; RNA chaperone with significant RNA binding, RNA strand exchange and RNA duplexing activities; Belongs to the ProQ family.",8.912485,10.289642,Unclassified,#ff00c3
Plate1_Drawer1 29-Aug-2025 10-37-42,C12,VC_2627,VC_2627,DamX-related protein; Similar to SP:P11557 GB:Z19601 PID:41226 PID:43274 PID:606322; identified by sequence similarity; putative.,8.925182,7.234158,Unclassified,#ff00c3
Plate1_Drawer1 29-Aug-2025 10-37-42,C2,gshB,VC_0468,Glutathione synthetase; Similar to SP:P04425 GB:X01666 PID:41625 PID:882476 GB:U00096; identified by sequence similarity; putative.,6.8707023,3.878467,Unclassified,#ff00c3
Plate1_Drawer1 29-Aug-2025 10-37-42,C3,potB,VC_1427,"Spermidine/putrescine ABC transporter, permease protein; Similar to GB:M64519 SP:P23860 PID:147327 GB:U00096 PID:1651552; identified by sequence similarity; putative.",10.909076,1.3938736,Polyamine Import,#14f7f0
Plate1_Drawer1 29-Aug-2025 10-37-42,C5,glyQ,VC_0021,"glycyl-tRNA synthetase, alpha chain; Similar to SP:P00960 GB:J01622 PID:146222 PID:146225 PID:466698; identified by sequence similarity; putative.",10.741146,9.70963,Unclassified,#ff00c3
Plate1_Drawer1 29-Aug-2025 10-37-42,C6,VC_0462,VC_0462,Twitching motility protein PilT; Similar to SP:P24559 GB:X67095 PID:151490; identified by sequence similarity; putative.,11.6649475,9.27824,Unclassified,#ff00c3
Plate1_Drawer1 29-Aug-2025 10-37-42,C8,VC_0399,VC_0399,MSHA biogenesis protein MshI; Similar to PID:791156 PID:791153; identified by sequence similarity; putative.,7.7972646,4.402401,Unclassified,#ff00c3
Plate1_Drawer1 29-Aug-2025 10-37-42,C9,fliD,VC_2140,"Flagellar hook-associated protein FliD; FILAMENT CAP Required for the morphogenesis and for the elongation of the flagellar filament by facilitating polymerization of the flagellin monomers at the tip of growing filament. Forms a capping structure, which prevents flagellin subunits (transported through the central channel of the flagellum) from leaking out without polymerization at the distal end (By similarity).",11.392726,10.115118,Motility,#ff0004
Plate1_Drawer1 29-Aug-2025 10-37-42,D1,VC_0196,VC_0196,ATP-dependent DNA helicase RecQ; Similar to GB:M87049 SP:P15043 GB:M30198 PID:147559 PID:148221; identified by sequence similarity; putative.,9.511387,6.665166,Unclassified,#ff00c3
Plate1_Drawer1 29-Aug-2025 10-37-42,D10,VC_2270,VC_2270,Riboflavin,5.4487324,1.8059285,Unclassified,#ff00c3
Plate1_Drawer1 29-Aug-2025 10-37-42,D12,wbeG,VC_0245,rfbG protein; Similar to GB:X59554 PID:48387; identified by sequence similarity; putative.,7.46075,3.7677372,O-Antigen Biosynthesis,#0096ff
Plate1_Drawer1 29-Aug-2025 10-37-42,D2,VC_1933,VC_1933,Hypothetical protein; Identified by Glimmer2; putative.,9.500685,5.8279457,Unclassified,#ff00c3
Plate1_Drawer1 29-Aug-2025 10-37-42,D3,VC_A0001,VC_A0001,Hypothetical protein; Identified by Glimmer2; putative.,9.487412,9.469613,Unclassified,#ff00c3
Plate1_Drawer1 29-Aug-2025 10-37-42,D5,pilC,VC_2425,Type IV pilin biogenesis protein PilC; Involved in the translocation of the type IV pilin; Belongs to the GSP F family.,11.238085,11.07007,Unclassified,#ff00c3
Plate1_Drawer1 29-Aug-2025 10-37-42,E1,VC_A0759,VC_A0759,"Arginine ABC transporter, periplasmic arginine-binding protein; Similar to SP:P30859 GB:X67753 GB:X86160 PID:40931 PID:769791; identified by sequence similarity; putative; Belongs to the bacterial solute-binding protein 3 family.",9.254313,5.289601,Unclassified,#ff00c3
Plate1_Drawer1 29-Aug-2025 10-37-42,E10,VC_1887,VC_1887,Hypothetical protein; Identified by Glimmer2; putative.,5.1744604,-5.829845,Unclassified,#ff00c3
Plate1_Drawer1 29-Aug-2025 10-37-42,E11,VC_A0620,VC_A0620,"Thiosulfate sulfurtransferase SseA, putative; Similar to SP:P31142 GB:U00096 PID:1788869 PID:1799924; identified by sequence similarity; putative.",11.151275,11.913705,Unclassified,#ff00c3
Plate1_Drawer1 29-Aug-2025 10-37-42,E12,trmJ,VC_0746,"RNA methyltransferase, TrmH family; Catalyzes the formation of 2'O-methylated cytidine (Cm32) or 2'O-methylated uridine (Um32) at position 32 in tRNA.",10.006625,10.79029,Unclassified,#ff00c3
Plate1_Drawer1 29-Aug-2025 10-37-42,E2,VC_A0785,VC_A0785,GGDEF family protein; Similar to PID:1651932; identified by sequence similarity; putative.,9.084874,2.824818,Unclassified,#ff00c3
Plate1_Drawer1 29-Aug-2025 10-37-42,E3,fliE,VC_2134,Flagellar hook-basal body complex protein FliE; Similar to PID:2338730; identified by sequence similarity; putative.,10.4701805,3.29922,Motility,#ff0004
Plate1_Drawer1 29-Aug-2025 10-37-42,E4,VC_1581,VC_1581,"NADH dehydrogenase, putative; Similar to SP:P33607 PID:397909 GB:U00096 PID:1788614 PID:1799638; identified by sequence similarity; putative.",9.395684,7.335897,Unclassified,#ff00c3
Plate1_Drawer1 29-Aug-2025 10-37-42,E5,fliP,VC_2123,Flagellar biosynthetic protein FliP; Plays a role in the flagellum-specific transport system. Belongs to the FliP/MopC/SpaP family.,10.750883,-2.0885916,Motility,#ff0004
Plate1_Drawer1 29-Aug-2025 10-37-42,E6,lpxM,VC_0212,Lipid A biosynthesis (kdo)2-(lauroyl)-lipid IVA acyltransferase; Catalyzes the transfer of myristate from myristoyl-acyl carrier protein (ACP) to Kdo(2)-(lauroyl)-lipid IV(A) to form Kdo(2)- lipid A.,10.7006855,2.997932,O-Antigen Biosynthesis,#0096ff
Plate1_Drawer1 29-Aug-2025 10-37-42,F10,cdgJ,VC_0137,Conserved hypothetical protein; Phosphodiesterase (PDE) that catalyzes the hydrolysis of cyclic diguanylate (c-di-GMP). Positively regulates motility and negatively regulates biofilm formation.,9.848892,7.7278404,Unclassified,#ff00c3
Plate1_Drawer1 29-Aug-2025 10-37-42,F11,recO,VC_2459,DNA repair protein RecO; Involved in DNA repair and RecF pathway recombination.,8.702129,3.9567978,Unclassified,#ff00c3
Plate1_Drawer1 29-Aug-2025 10-37-42,F12,VC_A0999,VC_A0999,"Transcriptional regulator, TetR family; Similar to GB:U00096 PID:1787354; identified by sequence similarity; putative.",7.2096834,7.3829465,Unclassified,#ff00c3
Plate1_Drawer1 29-Aug-2025 10-37-42,F2,VC_2224,VC_2224,GGDEF family protein; Similar to GB:U00096 PID:1787603; identified by sequence similarity; putative.,9.181443,10.679259,Unclassified,#ff00c3
Plate1_Drawer1 29-Aug-2025 10-37-42,F3,VC_A1099,VC_A1099,"ABC transporter, permease protein; Similar to SP:P33591 GB:X73143 PID:404846 PID:466613 GB:U00096; identified by sequence similarity; putative.",11.203782,12.060256,Unclassified,#ff00c3
Plate1_Drawer1 29-Aug-2025 10-37-42,F4,VC_1320,VC_1320,DNA-binding response regulator; Similar to PID:1079807 SP:P52108 GB:U00096 PID:1742647 PID:1742658; identified by sequence similarity; putative.,8.722438,10.397566,Unclassified,#ff00c3
Plate1_Drawer1 29-Aug-2025 10-37-42,F5,VC_1319,VC_1319,Sensor histidine kinase; Similar to GB:M36795 SP:P08336 GB:X13307 PID:145590 PID:305015; identified by sequence similarity; putative.,9.599346,10.97904,Unclassified,#ff00c3
Plate1_Drawer1 29-Aug-2025 10-37-42,F6,VC_A0536,VC_A0536,Conserved hypothetical protein; Identified by Glimmer2; putative.,10.165945,10.373783,Unclassified,#ff00c3
Plate1_Drawer1 29-Aug-2025 10-37-42,F7,VC_1414,VC_1414,"Thermostable carboxypeptidase 1; Broad specificity carboxypetidase that releases amino acids sequentially from the C-terminus, including neutral, aromatic, polar and basic residues.",8.748376,9.736281,Unclassified,#ff00c3
Plate1_Drawer1 29-Aug-2025 10-37-42,F8,VC_A0527,VC_A0527,Conserved hypothetical protein; Identified by Glimmer2; putative.,7.372461,7.979725,Unclassified,#ff00c3
Plate1_Drawer1 29-Aug-2025 10-37-42,F9,argH,VC_2641,Argininosuccinate lyase; Similar to SP:P11447 GB:J01590 GB:M21446 PID:145335 PID:396307; identified by sequence similarity; putative.,11.415524,12.181974,Unclassified,#ff00c3
Plate1_Drawer1 29-Aug-2025 10-37-42,G10,rluE,VC_1140,Pseudouridine synthase family 1 protein; Responsible for synthesis of pseudouridine from uracil-2457 in 23S ribosomal RNA; Belongs to the pseudouridine synthase RsuA family.,8.588012,2.9124827,Unclassified,#ff00c3
Plate1_Drawer1 29-Aug-2025 10-37-42,G11,VC_2524,VC_2524,Conserved hypothetical protein; Catalyzes the hydrolysis of 3-deoxy-D-manno-octulosonate 8- phosphate (KDO 8-P) to 3-deoxy-D-manno-octulosonate (KDO) and inorganic phosphate; Belongs to the KdsC family.,7.8621597,9.413769,Unclassified,#ff00c3
Plate1_Drawer1 29-Aug-2025 10-37-42,G12,VC_0900,VC_0900,GGDEF family protein; Similar to PID:1652841; identified by sequence similarity; putative.,9.810874,2.0437393,Unclassified,#ff00c3
Plate1_Drawer1 29-Aug-2025 10-37-42,G2,VC_A0171,VC_A0171,Conserved hypothetical protein; Identified by Glimmer2; putative.,9.335661,2.7869372,Unclassified,#ff00c3
Plate1_Drawer1 29-Aug-2025 10-37-42,G3,fliJ,VC_2129,"Flagellar protein FliJ, putative; Similar to PID:1071644 SP:P52613 GB:U00096 PID:1736608 PID:1788252; identified by sequence similarity; putative.",10.175024,4.7006893,Motility,#ff0004
Plate1_Drawer1 29-Aug-2025 10-37-42,G4,VC_0161,VC_0161,Transcriptional activator IlvY; Similar to GB:L42023 SP:P44821 PID:1005575 PID:1220765 PID:1204932; identified by sequence similarity; putative; Belongs to the LysR transcriptional regulatory family.,9.032836,5.3698506,Unclassified,#ff00c3
Plate1_Drawer1 29-Aug-2025 10-37-42,G5,VC_0405,VC_0405,MSHA biogenesis protein MshE; Similar to PID:791156 PID:791159; identified by sequence similarity; putative.,8.225938,8.856965,Unclassified,#ff00c3
Plate1_Drawer1 29-Aug-2025 10-37-42,G6,VC_1295,VC_1295,Conserved hypothetical protein; Phosphodiesterase (PDE) that catalyzes the hydrolysis of cyclic diguanylate (c-di-GMP) to GMP in vitro. Increases motility and decreases biofilm formation in vivo.,8.036495,9.790766,Unclassified,#ff00c3
Plate1_Drawer1 29-Aug-2025 10-37-42,G7,flgD,VC_2198,Basal-body rod modification protein FlgD; Required for flagellar hook formation. May act as a scaffolding protein.,11.686707,-0.9617789,Motility,#ff0004
Plate1_Drawer1 29-Aug-2025 10-37-42,G8,manC,VC_0241,Mannose-1-phosphate guanylyltransferase; Similar to GB:X59554 SP:Q07024 PID:48383; identified by sequence similarity; putative.,2.23329,-0.46290547,O-Antigen Biosynthesis,#0096ff
Plate1_Drawer1 29-Aug-2025 10-37-42,H1,flhG,VC_2067,MinD-related protein; Similar to GP:3695013; identified by sequence similarity; putative. MULTIPLE FILAMENTS,2.7829146,6.29185,Motility,#ff0004
Plate1_Drawer1 29-Aug-2025 10-37-42,H10,trpR,VC_0701,"Trp operon repressor, putative; This protein is an aporepressor. When complexed with L- tryptophan it binds the operator region of the trp operon and prevents the initiation of transcription (By similarity).",7.754325,3.9370646,Unclassified,#ff00c3
Plate1_Drawer1 29-Aug-2025 10-37-42,H11,greA,VC_0634,"Transcription elongation factor GreA; Necessary for efficient RNA polymerase transcription elongation past template-encoded arresting sites. The arresting sites in DNA have the property of trapping a certain fraction of elongating RNA polymerases that pass through, resulting in locked ternary complexes. Cleavage of the nascent transcript by cleavage factors such as GreA or GreB allows the resumption of elongation from the new 3'terminus. GreA releases sequences of 2 to 3 nucleotides.",10.527256,10.791925,Unclassified,#ff00c3
Plate1_Drawer1 29-Aug-2025 10-37-42,H2,VC_A0940,VC_A0940,"Transcriptional regulator, DeoR family; Similar to SP:P09392 GB:M96795 PID:146186 PID:606358 GB:U00096; identified by sequence similarity; putative.",8.809813,4.2151475,Unclassified,#ff00c3
Plate1_Drawer1 29-Aug-2025 10-37-42,H3,ectA,VC_A0825,"L-2,4-diaminobutyric acid acetyltransferase; Catalyzes the acetylation of L-2,4-diaminobutyrate (DABA) to gamma-N-acetyl-alpha,gamma-diaminobutyric acid (ADABA) with acetyl coenzyme A.",9.971684,8.509311,Unclassified,#ff00c3
Plate1_Drawer1 29-Aug-2025 10-37-42,H4,VC_A0840,VC_A0840,"Deoxycytidylate deaminase, putative; Similar to SP:P33968 GB:X70289 PID:396216; identified by sequence similarity; putative.",9.449799,7.9949255,Unclassified,#ff00c3
Plate1_Drawer1 29-Aug-2025 10-37-42,H6,VC_2522,VC_2522,Conserved hypothetical protein; Identified by Glimmer2; putative.,9.991637,8.030808,Unclassified,#ff00c3
Plate1_Drawer1 29-Aug-2025 10-37-42,H8,manA,VC_0269,Mannose-6-phosphate isomerase; Similar to SP:P25081 GB:X57117 PID:48820; identified by sequence similarity; putative; Belongs to the mannose-6-phosphate isomerase type 1 family.,2.421381,-0.85588455,O-Antigen Biosynthesis,#0096ff
Plate1_Drawer1 29-Aug-2025 10-37-42,H9,nusB,VC_2267,N utilization substance protein B; Involved in transcription antitermination. Required for transcription of ribosomal RNA (rRNA) genes. Binds specifically to the boxA antiterminator sequence of the ribosomal RNA (rrn) operons.,10.823982,10.676317,Unclassified,#ff00c3
Plate1_Drawer1 31-Jul-2025 10-10-52,A1,ung,VC_2359,uracil-DNA glycosylase; Excises uracil residues from the DNA which can arise as a result of misincorporation of dUMP residues by DNA polymerase or due to deamination of cytosine.,7.0222363,4.1270385,Unclassified,#ff00c3
Plate1_Drawer1 31-Jul-2025 10-10-52,A10,VC_1462,VC_1462,RstB2 protein; Similar to GP:2564358; identified by sequence similarity; putative.,8.198899,6.931348,Unclassified,#ff00c3
Plate1_Drawer1 31-Jul-2025 10-10-52,A12,wavA,VC_0223,"ADP-heptose--LPS heptosyltransferase II, putative; Similar to GB:L42023 SP:P44011 PID:1003930 PID:1222457 PID:1204774; identified by sequence similarity; putative.",7.6405735,5.2857943,O-Antigen Biosynthesis,#0096ff
Plate1_Drawer1 31-Jul-2025 10-10-52,A2,VC_2453,VC_2453,Sensor histidine kinase/response regulator; Similar to GB:D10888 SP:P26607 PID:216535 PID:882680 GB:U00096; identified by sequence similarity; putative.,8.351354,6.361232,Unclassified,#ff00c3
Plate1_Drawer1 31-Jul-2025 10-10-52,A3,VC_2311,VC_2311,HesA/MoeB/ThiF family protein; Similar to GB:D21145 PID:471103 PID:882707 GB:U00096 SP:Q46927; identified by sequence similarity; putative.,11.167022,6.541402,Unclassified,#ff00c3
Plate1_Drawer1 31-Jul-2025 10-10-52,A4,lipA,VC_0943,"Lipoic acid synthetase; Catalyzes the radical-mediated insertion of two sulfur atoms into the C-6 and C-8 positions of the octanoyl moiety bound to the lipoyl domains of lipoate-dependent enzymes, thereby converting the octanoylated domains into lipoylated derivatives.",4.483987,1.2191972,Pyruvate Flux,#39ff14
Plate1_Drawer1 31-Jul-2025 10-10-52,A5,rsmJ,VC_0073,Conserved hypothetical protein; Specifically methylates the guanosine in position 1516 of 16S rRNA.,8.49116,9.162347,Unclassified,#ff00c3
Plate1_Drawer1 31-Jul-2025 10-10-52,A6,potC,VC_1426,"Spermidine/putrescine ABC transporter, permease protein; Similar to GB:M64519 SP:P23859 PID:147328 GB:U00096 PID:1651551; identified by sequence similarity; putative.",8.7451,6.88496,Polyamine Import,#14f7f0
Plate1_Drawer1 31-Jul-2025 10-10-52,A7,pckA,VC_2738,Phosphoenolpyruvate carboxykinase; Involved in the gluconeogenesis. Catalyzes the conversion of oxaloacetate (OAA) to phosphoenolpyruvate (PEP) through direct phosphoryl transfer between the nucleoside triphosphate and OAA. Belongs to the phosphoenolpyruvate carboxykinase (ATP) family.,8.526476,2.148071,Unclassified,#ff00c3
Plate1_Drawer1 31-Jul-2025 10-10-52,A8,rluD,VC_0709,"Ribosomal large subunit pseudouridine synthase D; Responsible for synthesis of pseudouridine from uracil at positions 1911, 1915 and 1917 in 23S ribosomal RNA; Belongs to the pseudouridine synthase RluA family.",7.162697,5.865795,Unclassified,#ff00c3
Plate1_Drawer1 31-Jul-2025 10-10-52,B1,flgB,VC_2200,"Flagellar basal-body rod protein FlgB; Structural component of flagellum, the bacterial motility apparatus. Part of the rod structure of flagellar basal body.",10.228856,-0.6447831,Motility,#ff0004
Plate1_Drawer1 31-Jul-2025 10-10-52,B10,flgP,VC_2206,Conserved hypothetical protein; Identified by Glimmer2; putative.,9.025848,1.3335778,Motility,#ff0004
Plate1_Drawer1 31-Jul-2025 10-10-52,B11,fliQ,VC_2122,Flagellar biosynthetic protein FliQ; Role in flagellar biosynthesis. Belongs to the FliQ/MopD/SpaQ family.,9.338072,-1.0644549,Motility,#ff0004
Plate1_Drawer1 31-Jul-2025 10-10-52,B12,argF,VC_2508,Ornithine carbamoyltransferase; Reversibly catalyzes the transfer of the carbamoyl group from carbamoyl phosphate (CP) to the N(epsilon) atom of ornithine (ORN) to produce L-citrulline; Belongs to the aspartate/ornithine carbamoyltransferase superfamily. OTCase family.,7.063195,7.0888867,Unclassified,#ff00c3
Plate1_Drawer1 31-Jul-2025 10-10-52,B2,fliS,VC_2138,Flagellar protein FliS; Similar to GB:U12816 PID:1254205; identified by sequence similarity; putative.,10.550083,-2.2281468,Motility,#ff0004
Plate1_Drawer1 31-Jul-2025 10-10-52,B3,VC_A1081,VC_A1081,Hypothetical protein; Identified by Glimmer2; putative.,9.618026,4.7671137,Unclassified,#ff00c3
Plate1_Drawer1 31-Jul-2025 10-10-52,B4,VC_1909,VC_1909,Hypothetical protein; Identified by Glimmer2; putative.,7.278473,5.789439,Unclassified,#ff00c3
Plate1_Drawer1 31-Jul-2025 10-10-52,B5,VC_0449,VC_0449,Methyl-accepting chemotaxis protein; Similar to GB:X61367 PID:48195; identified by sequence similarity; putative.,8.057813,9.4223,Unclassified,#ff00c3
Plate1_Drawer1 31-Jul-2025 10-10-52,B6,VC_1498,VC_1498,Conserved hypothetical protein; Identified by Glimmer2; putative.,8.562267,6.843422,Unclassified,#ff00c3
Plate1_Drawer1 31-Jul-2025 10-10-52,B7,VC_2756,VC_2756,Potassium uptake protein TrkH; Low-affinity potassium transport system. Interacts with Trk system potassium uptake protein TrkA; Belongs to the TrkH potassium transport family.,8.387349,4.3184114,Unclassified,#ff00c3
Plate1_Drawer1 31-Jul-2025 10-10-52,B8,VC_0113,VC_0113,Methyltransferase-related protein; Similar to SP:P37431 PID:295895; identified by sequence similarity; putative.,7.855209,2.8293893,Unclassified,#ff00c3
Plate1_Drawer1 31-Jul-2025 10-10-52,B9,VC_1423,VC_1423,Hypothetical protein; Identified by Glimmer2; putative.,9.495043,7.6611514,Unclassified,#ff00c3
Plate1_Drawer1 31-Jul-2025 10-10-52,C1,VC_A0588,VC_A0588,"Peptide ABC transporter, ATP-binding protein, putative; Similar to SP:P33916 PID:405909 GB:U00096 PID:1736845 PID:1788506; identified by sequence similarity; putative; Belongs to the ABC transporter superfamily.",8.337912,8.684278,Unclassified,#ff00c3
Plate1_Drawer1 31-Jul-2025 10-10-52,C10,epsC,VC_2734,"General secretion pathway protein C; Involved in a type II secretion system (T2SS, formerly general secretion pathway, GSP) for the export of proteins (By similarity). Required for secretion of cholera toxin through the outer membrane.",8.557807,10.085241,Unclassified,#ff00c3
Plate1_Drawer1 31-Jul-2025 10-10-52,C11,proQ,VC_1497,"Conserved hypothetical protein; RNA chaperone with significant RNA binding, RNA strand exchange and RNA duplexing activities; Belongs to the ProQ family.",9.00806,9.94855,Unclassified,#ff00c3
Plate1_Drawer1 31-Jul-2025 10-10-52,C12,VC_2627,VC_2627,DamX-related protein; Similar to SP:P11557 GB:Z19601 PID:41226 PID:43274 PID:606322; identified by sequence similarity; putative.,9.829016,9.924673,Unclassified,#ff00c3
Plate1_Drawer1 31-Jul-2025 10-10-52,C2,gshB,VC_0468,Glutathione synthetase; Similar to SP:P04425 GB:X01666 PID:41625 PID:882476 GB:U00096; identified by sequence similarity; putative.,7.0378747,4.720551,Unclassified,#ff00c3
Plate1_Drawer1 31-Jul-2025 10-10-52,C3,potB,VC_1427,"Spermidine/putrescine ABC transporter, permease protein; Similar to GB:M64519 SP:P23860 PID:147327 GB:U00096 PID:1651552; identified by sequence similarity; putative.",8.807691,1.625175,Polyamine Import,#14f7f0
Plate1_Drawer1 31-Jul-2025 10-10-52,C4,flgE,VC_2197,Flagellar hook protein FlgE; Similar to GB:X51737 SP:P16322 GB:X52093 PID:47673; identified by sequence similarity; putative.,10.811958,-0.6078466,Motility,#ff0004
Plate1_Drawer1 31-Jul-2025 10-10-52,C5,glyQ,VC_0021,"glycyl-tRNA synthetase, alpha chain; Similar to SP:P00960 GB:J01622 PID:146222 PID:146225 PID:466698; identified by sequence similarity; putative.",10.106653,10.795833,Unclassified,#ff00c3
Plate1_Drawer1 31-Jul-2025 10-10-52,C6,VC_0462,VC_0462,Twitching motility protein PilT; Similar to SP:P24559 GB:X67095 PID:151490; identified by sequence similarity; putative.,7.1828156,6.366666,Unclassified,#ff00c3
Plate1_Drawer1 31-Jul-2025 10-10-52,C7,flhA,VC_2069,"Flagellar biosynthetic protein FlhA; Required for formation of the rod structure of the flagellar apparatus. Together with FliI and FliH, may constitute the export apparatus of flagellin; Belongs to the FHIPEP (flagella/HR/invasion proteins export pore) family.",9.294407,-1.0285404,Motility,#ff0004
Plate1_Drawer1 31-Jul-2025 10-10-52,C8,VC_0399,VC_0399,MSHA biogenesis protein MshI; Similar to PID:791156 PID:791153; identified by sequence similarity; putative.,6.506432,2.4578688,Unclassified,#ff00c3
Plate1_Drawer1 31-Jul-2025 10-10-52,C9,fliD,VC_2140,"Flagellar hook-associated protein FliD; FILAMENT CAP Required for the morphogenesis and for the elongation of the flagellar filament by facilitating polymerization of the flagellin monomers at the tip of growing filament. Forms a capping structure, which prevents flagellin subunits (transported through the central channel of the flagellum) from leaking out without polymerization at the distal end (By similarity).",10.217031,7.593518,Motility,#ff0004
Plate1_Drawer1 31-Jul-2025 10-10-52,D1,VC_0196,VC_0196,ATP-dependent DNA helicase RecQ; Similar to GB:M87049 SP:P15043 GB:M30198 PID:147559 PID:148221; identified by sequence similarity; putative.,8.188052,4.742893,Unclassified,#ff00c3
Plate1_Drawer1 31-Jul-2025 10-10-52,D11,VC_2718; VC_2719,VC_2718; VC_2719,,4.9446306,-5.712756,Unclassified,#ff00c3
Plate1_Drawer1 31-Jul-2025 10-10-52,D12,wbeG,VC_0245,rfbG protein; Similar to GB:X59554 PID:48387; identified by sequence similarity; putative.,10.53667,4.3490534,O-Antigen Biosynthesis,#0096ff
Plate1_Drawer1 31-Jul-2025 10-10-52,D2,VC_1933,VC_1933,Hypothetical protein; Identified by Glimmer2; putative.,11.104218,6.4632196,Unclassified,#ff00c3
Plate1_Drawer1 31-Jul-2025 10-10-52,D3,VC_A0001,VC_A0001,Hypothetical protein; Identified by Glimmer2; putative.,8.242163,8.345063,Unclassified,#ff00c3
Plate1_Drawer1 31-Jul-2025 10-10-52,D4,fadR,VC_1900,Fatty acid metabolism regulator protein; Multifunctional regulator of fatty acid metabolism.,5.7336993,0.51860344,Unclassified,#ff00c3
Plate1_Drawer1 31-Jul-2025 10-10-52,D5,pilC,VC_2425,Type IV pilin biogenesis protein PilC; Involved in the translocation of the type IV pilin; Belongs to the GSP F family.,7.5815644,7.5039654,Unclassified,#ff00c3
Plate1_Drawer1 31-Jul-2025 10-10-52,D6,pta,VC_1097,Phosphate acetyltransferase; Involved in acetate metabolism; In the N-terminal section; belongs to the CobB/CobQ family.,8.221252,9.936154,Unclassified,#ff00c3
Plate1_Drawer1 31-Jul-2025 10-10-52,D7,VC_A0800,VC_A0800,creA protein; Similar to SP:P08367 GB:M13608 PID:147249 PID:147691 PID:537237; identified by sequence similarity; putative.,8.935345,1.7596562,Unclassified,#ff00c3
Plate1_Drawer1 31-Jul-2025 10-10-52,D8,wzt,VC_0247,lipopolysaccharide/O-antigen transport protein; Similar to GB:X59554 PID:48389; identified by sequence similarity; putative.,9.335647,9.066798,O-Antigen Biosynthesis,#0096ff
Plate1_Drawer1 31-Jul-2025 10-10-52,D9,wbeM,VC_0250,Iron-containing alcohol dehydrogenase family protein RfbM; Similar to GB:M26941 SP:P13604 PID:144714; identified by sequence similarity; putative.,9.299255,7.6786113,O-Antigen Biosynthesis,#0096ff
Plate1_Drawer1 31-Jul-2025 10-10-52,E1,VC_A0759,VC_A0759,"Arginine ABC transporter, periplasmic arginine-binding protein; Similar to SP:P30859 GB:X67753 GB:X86160 PID:40931 PID:769791; identified by sequence similarity; putative; Belongs to the bacterial solute-binding protein 3 family.",10.567315,8.660445,Unclassified,#ff00c3
Plate1_Drawer1 31-Jul-2025 10-10-52,E10,VC_1887,VC_1887,Hypothetical protein; Identified by Glimmer2; putative.,5.2018332,-5.869938,Unclassified,#ff00c3
Plate1_Drawer1 31-Jul-2025 10-10-52,E11,VC_A0620,VC_A0620,"Thiosulfate sulfurtransferase SseA, putative; Similar to SP:P31142 GB:U00096 PID:1788869 PID:1799924; identified by sequence similarity; putative.",10.483231,11.113664,Unclassified,#ff00c3
Plate1_Drawer1 31-Jul-2025 10-10-52,E12,trmJ,VC_0746,"RNA methyltransferase, TrmH family; Catalyzes the formation of 2'O-methylated cytidine (Cm32) or 2'O-methylated uridine (Um32) at position 32 in tRNA.",8.6019125,10.202993,Unclassified,#ff00c3
Plate1_Drawer1 31-Jul-2025 10-10-52,E2,VC_A0785,VC_A0785,GGDEF family protein; Similar to PID:1651932; identified by sequence similarity; putative.,9.907706,3.207394,Unclassified,#ff00c3
Plate1_Drawer1 31-Jul-2025 10-10-52,E3,fliE,VC_2134,Flagellar hook-basal body complex protein FliE; Similar to PID:2338730; identified by sequence similarity; putative.,10.042791,-1.4931716,Motility,#ff0004
Plate1_Drawer1 31-Jul-2025 10-10-52,E4,VC_1581,VC_1581,"NADH dehydrogenase, putative; Similar to SP:P33607 PID:397909 GB:U00096 PID:1788614 PID:1799638; identified by sequence similarity; putative.",10.06028,9.315797,Unclassified,#ff00c3
Plate1_Drawer1 31-Jul-2025 10-10-52,E5,fliP,VC_2123,Flagellar biosynthetic protein FliP; Plays a role in the flagellum-specific transport system. Belongs to the FliP/MopC/SpaP family.,10.470371,-2.0839942,Motility,#ff0004
Plate1_Drawer1 31-Jul-2025 10-10-52,E6,lpxM,VC_0212,Lipid A biosynthesis (kdo)2-(lauroyl)-lipid IVA acyltransferase; Catalyzes the transfer of myristate from myristoyl-acyl carrier protein (ACP) to Kdo(2)-(lauroyl)-lipid IV(A) to form Kdo(2)- lipid A.,10.750255,2.9575691,O-Antigen Biosynthesis,#0096ff
Plate1_Drawer1 31-Jul-2025 10-10-52,E7,VC_2714,VC_2714,Transcriptional regulator OmpR; Similar to PID:2108342; identified by sequence similarity; putative.,9.494162,10.779765,Unclassified,#ff00c3
Plate1_Drawer1 31-Jul-2025 10-10-52,E9,VC_1154,VC_1154,Hypothetical protein; Identified by Glimmer2; putative.,8.470134,10.3185,Unclassified,#ff00c3
Plate1_Drawer1 31-Jul-2025 10-10-52,F10,cdgJ,VC_0137,Conserved hypothetical protein; Phosphodiesterase (PDE) that catalyzes the hydrolysis of cyclic diguanylate (c-di-GMP). Positively regulates motility and negatively regulates biofilm formation.,7.1756806,5.2056947,Unclassified,#ff00c3
Plate1_Drawer1 31-Jul-2025 10-10-52,F11,recO,VC_2459,DNA repair protein RecO; Involved in DNA repair and RecF pathway recombination.,9.462386,6.4619045,Unclassified,#ff00c3
Plate1_Drawer1 31-Jul-2025 10-10-52,F12,VC_A0999,VC_A0999,"Transcriptional regulator, TetR family; Similar to GB:U00096 PID:1787354; identified by sequence similarity; putative.",7.887919,7.6646,Unclassified,#ff00c3
Plate1_Drawer1 31-Jul-2025 10-10-52,F2,VC_2224,VC_2224,GGDEF family protein; Similar to GB:U00096 PID:1787603; identified by sequence similarity; putative.,10.239982,11.617919,Unclassified,#ff00c3
Plate1_Drawer1 31-Jul-2025 10-10-52,F3,VC_A1099,VC_A1099,"ABC transporter, permease protein; Similar to SP:P33591 GB:X73143 PID:404846 PID:466613 GB:U00096; identified by sequence similarity; putative.",9.265498,10.815001,Unclassified,#ff00c3
Plate1_Drawer1 31-Jul-2025 10-10-52,F4,VC_1320,VC_1320,DNA-binding response regulator; Similar to PID:1079807 SP:P52108 GB:U00096 PID:1742647 PID:1742658; identified by sequence similarity; putative.,9.737938,11.160781,Unclassified,#ff00c3
Plate1_Drawer1 31-Jul-2025 10-10-52,F5,VC_1319,VC_1319,Sensor histidine kinase; Similar to GB:M36795 SP:P08336 GB:X13307 PID:145590 PID:305015; identified by sequence similarity; putative.,9.458977,11.104419,Unclassified,#ff00c3
Plate1_Drawer1 31-Jul-2025 10-10-52,F6,VC_A0536,VC_A0536,Conserved hypothetical protein; Identified by Glimmer2; putative.,9.586425,10.654326,Unclassified,#ff00c3
Plate1_Drawer1 31-Jul-2025 10-10-52,F7,VC_1414,VC_1414,"Thermostable carboxypeptidase 1; Broad specificity carboxypetidase that releases amino acids sequentially from the C-terminus, including neutral, aromatic, polar and basic residues.",8.995965,10.121747,Unclassified,#ff00c3
Plate1_Drawer1 31-Jul-2025 10-10-52,F8,VC_A0527,VC_A0527,Conserved hypothetical protein; Identified by Glimmer2; putative.,8.331977,9.845335,Unclassified,#ff00c3
Plate1_Drawer1 31-Jul-2025 10-10-52,F9,argH,VC_2641,Argininosuccinate lyase; Similar to SP:P11447 GB:J01590 GB:M21446 PID:145335 PID:396307; identified by sequence similarity; putative.,8.068135,9.38933,Unclassified,#ff00c3
Plate1_Drawer1 31-Jul-2025 10-10-52,G10,rluE,VC_1140,Pseudouridine synthase family 1 protein; Responsible for synthesis of pseudouridine from uracil-2457 in 23S ribosomal RNA; Belongs to the pseudouridine synthase RsuA family.,7.465329,5.189047,Unclassified,#ff00c3
Plate1_Drawer1 31-Jul-2025 10-10-52,G11,VC_2524,VC_2524,Conserved hypothetical protein; Catalyzes the hydrolysis of 3-deoxy-D-manno-octulosonate 8- phosphate (KDO 8-P) to 3-deoxy-D-manno-octulosonate (KDO) and inorganic phosphate; Belongs to the KdsC family.,7.432813,7.607532,Unclassified,#ff00c3
Plate1_Drawer1 31-Jul-2025 10-10-52,G12,VC_0900,VC_0900,GGDEF family protein; Similar to PID:1652841; identified by sequence similarity; putative.,9.621444,4.223144,Unclassified,#ff00c3
Plate1_Drawer1 31-Jul-2025 10-10-52,G2,VC_A0171,VC_A0171,Conserved hypothetical protein; Identified by Glimmer2; putative.,9.4509535,3.6709774,Unclassified,#ff00c3
Plate1_Drawer1 31-Jul-2025 10-10-52,G3,fliJ,VC_2129,"Flagellar protein FliJ, putative; Similar to PID:1071644 SP:P52613 GB:U00096 PID:1736608 PID:1788252; identified by sequence similarity; putative.",10.216471,6.811291,Motility,#ff0004
Plate1_Drawer1 31-Jul-2025 10-10-52,G4,VC_0161,VC_0161,Transcriptional activator IlvY; Similar to GB:L42023 SP:P44821 PID:1005575 PID:1220765 PID:1204932; identified by sequence similarity; putative; Belongs to the LysR transcriptional regulatory family.,7.795092,4.4910808,Unclassified,#ff00c3
Plate1_Drawer1 31-Jul-2025 10-10-52,G5,VC_0405,VC_0405,MSHA biogenesis protein MshE; Similar to PID:791156 PID:791159; identified by sequence similarity; putative.,8.050029,8.045317,Unclassified,#ff00c3
Plate1_Drawer1 31-Jul-2025 10-10-52,G6,VC_1295,VC_1295,Conserved hypothetical protein; Phosphodiesterase (PDE) that catalyzes the hydrolysis of cyclic diguanylate (c-di-GMP) to GMP in vitro. Increases motility and decreases biofilm formation in vivo.,7.8447256,9.529475,Unclassified,#ff00c3
Plate1_Drawer1 31-Jul-2025 10-10-52,G7,flgD,VC_2198,Basal-body rod modification protein FlgD; Required for flagellar hook formation. May act as a scaffolding protein.,11.638094,-0.94984823,Motility,#ff0004
Plate1_Drawer1 31-Jul-2025 10-10-52,G8,manC,VC_0241,Mannose-1-phosphate guanylyltransferase; Similar to GB:X59554 SP:Q07024 PID:48383; identified by sequence similarity; putative.,2.5990734,-0.753903,O-Antigen Biosynthesis,#0096ff
Plate1_Drawer1 31-Jul-2025 10-10-52,H1,flhG,VC_2067,MinD-related protein; Similar to GP:3695013; identified by sequence similarity; putative. MULTIPLE FILAMENTS,2.3602376,6.023594,Motility,#ff0004
Plate1_Drawer1 31-Jul-2025 10-10-52,H10,trpR,VC_0701,"Trp operon repressor, putative; This protein is an aporepressor. When complexed with L- tryptophan it binds the operator region of the trp operon and prevents the initiation of transcription (By similarity).",8.263505,4.4553766,Unclassified,#ff00c3
Plate1_Drawer1 31-Jul-2025 10-10-52,H11,greA,VC_0634,"Transcription elongation factor GreA; Necessary for efficient RNA polymerase transcription elongation past template-encoded arresting sites. The arresting sites in DNA have the property of trapping a certain fraction of elongating RNA polymerases that pass through, resulting in locked ternary complexes. Cleavage of the nascent transcript by cleavage factors such as GreA or GreB allows the resumption of elongation from the new 3'terminus. GreA releases sequences of 2 to 3 nucleotides.",7.586176,5.6572247,Unclassified,#ff00c3
Plate1_Drawer1 31-Jul-2025 10-10-52,H12,VC_0419,VC_0419,Cytoplasmic axial filament protein; Similar to SP:P25537 PID:48826 PID:606187 GB:U00096 PID:1789645; identified by sequence similarity; putative.,10.3018875,8.3178215,Unclassified,#ff00c3
Plate1_Drawer1 31-Jul-2025 10-10-52,H2,VC_A0940,VC_A0940,"Transcriptional regulator, DeoR family; Similar to SP:P09392 GB:M96795 PID:146186 PID:606358 GB:U00096; identified by sequence similarity; putative.",10.770868,6.0930614,Unclassified,#ff00c3
Plate1_Drawer1 31-Jul-2025 10-10-52,H3,ectA,VC_A0825,"L-2,4-diaminobutyric acid acetyltransferase; Catalyzes the acetylation of L-2,4-diaminobutyrate (DABA) to gamma-N-acetyl-alpha,gamma-diaminobutyric acid (ADABA) with acetyl coenzyme A.",9.221673,8.529703,Unclassified,#ff00c3
Plate1_Drawer1 31-Jul-2025 10-10-52,H4,VC_A0840,VC_A0840,"Deoxycytidylate deaminase, putative; Similar to SP:P33968 GB:X70289 PID:396216; identified by sequence similarity; putative.",10.45159,7.8557887,Unclassified,#ff00c3
Plate1_Drawer1 31-Jul-2025 10-10-52,H6,VC_2522,VC_2522,Conserved hypothetical protein; Identified by Glimmer2; putative.,9.061514,9.187068,Unclassified,#ff00c3
Plate1_Drawer1 31-Jul-2025 10-10-52,H7,glmS,VC_0487,"Glucosamine--fructose-6-phosphate aminotransferase (isomerizing); Catalyzes the first step in hexosamine metabolism, converting fructose-6P into glucosamine-6P using glutamine as a nitrogen source.",9.193519,8.0258045,Unclassified,#ff00c3
Plate1_Drawer1 31-Jul-2025 10-10-52,H8,manA,VC_0269,Mannose-6-phosphate isomerase; Similar to SP:P25081 GB:X57117 PID:48820; identified by sequence similarity; putative; Belongs to the mannose-6-phosphate isomerase type 1 family.,2.3820248,-0.8288354,O-Antigen Biosynthesis,#0096ff
Plate1_Drawer1 31-Jul-2025 10-10-52,H9,nusB,VC_2267,N utilization substance protein B; Involved in transcription antitermination. Required for transcription of ribosomal RNA (rRNA) genes. Binds specifically to the boxA antiterminator sequence of the ribosomal RNA (rrn) operons.,7.941511,9.127347,Unclassified,#ff00c3
Plate1_Drawer2 02-Oct-2025 11-49-19,A1,ung,VC_2359,uracil-DNA glycosylase; Excises uracil residues from the DNA which can arise as a result of misincorporation of dUMP residues by DNA polymerase or due to deamination of cytosine.,10.150024,5.8921037,Unclassified,#ff00c3
Plate1_Drawer2 02-Oct-2025 11-49-19,A10,VC_1462,VC_1462,RstB2 protein; Similar to GP:2564358; identified by sequence similarity; putative.,8.233282,9.683254,Unclassified,#ff00c3
Plate1_Drawer2 02-Oct-2025 11-49-19,A12,wavA,VC_0223,"ADP-heptose--LPS heptosyltransferase II, putative; Similar to GB:L42023 SP:P44011 PID:1003930 PID:1222457 PID:1204774; identified by sequence similarity; putative.",8.198539,5.707138,O-Antigen Biosynthesis,#0096ff
Plate1_Drawer2 02-Oct-2025 11-49-19,A2,VC_2453,VC_2453,Sensor histidine kinase/response regulator; Similar to GB:D10888 SP:P26607 PID:216535 PID:882680 GB:U00096; identified by sequence similarity; putative.,5.7542353,2.111075,Unclassified,#ff00c3
Plate1_Drawer2 02-Oct-2025 11-49-19,A3,VC_2311,VC_2311,HesA/MoeB/ThiF family protein; Similar to GB:D21145 PID:471103 PID:882707 GB:U00096 SP:Q46927; identified by sequence similarity; putative.,9.924941,5.0204253,Unclassified,#ff00c3
Plate1_Drawer2 02-Oct-2025 11-49-19,A4,lipA,VC_0943,"Lipoic acid synthetase; Catalyzes the radical-mediated insertion of two sulfur atoms into the C-6 and C-8 positions of the octanoyl moiety bound to the lipoyl domains of lipoate-dependent enzymes, thereby converting the octanoylated domains into lipoylated derivatives.",4.482385,1.2072452,Pyruvate Flux,#39ff14
Plate1_Drawer2 02-Oct-2025 11-49-19,A5,rsmJ,VC_0073,Conserved hypothetical protein; Specifically methylates the guanosine in position 1516 of 16S rRNA.,9.380795,5.6103806,Unclassified,#ff00c3
Plate1_Drawer2 02-Oct-2025 11-49-19,A6,potC,VC_1426,"Spermidine/putrescine ABC transporter, permease protein; Similar to GB:M64519 SP:P23859 PID:147328 GB:U00096 PID:1651551; identified by sequence similarity; putative.",7.3723235,6.5609856,Polyamine Import,#14f7f0
Plate1_Drawer2 02-Oct-2025 11-49-19,A7,pckA,VC_2738,Phosphoenolpyruvate carboxykinase; Involved in the gluconeogenesis. Catalyzes the conversion of oxaloacetate (OAA) to phosphoenolpyruvate (PEP) through direct phosphoryl transfer between the nucleoside triphosphate and OAA. Belongs to the phosphoenolpyruvate carboxykinase (ATP) family.,8.248341,3.0518248,Unclassified,#ff00c3
Plate1_Drawer2 02-Oct-2025 11-49-19,A8,rluD,VC_0709,"Ribosomal large subunit pseudouridine synthase D; Responsible for synthesis of pseudouridine from uracil at positions 1911, 1915 and 1917 in 23S ribosomal RNA; Belongs to the pseudouridine synthase RluA family.",7.0047307,5.809225,Unclassified,#ff00c3
Plate1_Drawer2 02-Oct-2025 11-49-19,B1,flgB,VC_2200,"Flagellar basal-body rod protein FlgB; Structural component of flagellum, the bacterial motility apparatus. Part of the rod structure of flagellar basal body.",5.6585197,1.6032861,Motility,#ff0004
Plate1_Drawer2 02-Oct-2025 11-49-19,B10,flgP,VC_2206,Conserved hypothetical protein; Identified by Glimmer2; putative.,7.530531,0.49628872,Motility,#ff0004
Plate1_Drawer2 02-Oct-2025 11-49-19,B11,fliQ,VC_2122,Flagellar biosynthetic protein FliQ; Role in flagellar biosynthesis. Belongs to the FliQ/MopD/SpaQ family.,7.1927114,0.6783435,Motility,#ff0004
Plate1_Drawer2 02-Oct-2025 11-49-19,B12,argF,VC_2508,Ornithine carbamoyltransferase; Reversibly catalyzes the transfer of the carbamoyl group from carbamoyl phosphate (CP) to the N(epsilon) atom of ornithine (ORN) to produce L-citrulline; Belongs to the aspartate/ornithine carbamoyltransferase superfamily. OTCase family.,8.994656,5.164463,Unclassified,#ff00c3
Plate1_Drawer2 02-Oct-2025 11-49-19,B2,fliS,VC_2138,Flagellar protein FliS; Similar to GB:U12816 PID:1254205; identified by sequence similarity; putative.,7.111093,0.6857557,Motility,#ff0004
Plate1_Drawer2 02-Oct-2025 11-49-19,B3,VC_A1081,VC_A1081,Hypothetical protein; Identified by Glimmer2; putative.,7.720267,5.4222426,Unclassified,#ff00c3
Plate1_Drawer2 02-Oct-2025 11-49-19,B4,VC_1909,VC_1909,Hypothetical protein; Identified by Glimmer2; putative.,7.6574903,7.248339,Unclassified,#ff00c3
Plate1_Drawer2 02-Oct-2025 11-49-19,B5,VC_0449,VC_0449,Methyl-accepting chemotaxis protein; Similar to GB:X61367 PID:48195; identified by sequence similarity; putative.,10.44578,9.830427,Unclassified,#ff00c3
Plate1_Drawer2 02-Oct-2025 11-49-19,B6,VC_1498,VC_1498,Conserved hypothetical protein; Identified by Glimmer2; putative.,7.222219,7.8662395,Unclassified,#ff00c3
Plate1_Drawer2 02-Oct-2025 11-49-19,B7,VC_2756,VC_2756,Potassium uptake protein TrkH; Low-affinity potassium transport system. Interacts with Trk system potassium uptake protein TrkA; Belongs to the TrkH potassium transport family.,8.193817,9.546696,Unclassified,#ff00c3
Plate1_Drawer2 02-Oct-2025 11-49-19,B8,VC_0113,VC_0113,Methyltransferase-related protein; Similar to SP:P37431 PID:295895; identified by sequence similarity; putative.,9.085393,9.150068,Unclassified,#ff00c3
Plate1_Drawer2 02-Oct-2025 11-49-19,B9,VC_1423,VC_1423,Hypothetical protein; Identified by Glimmer2; putative.,7.430916,5.7578607,Unclassified,#ff00c3
Plate1_Drawer2 02-Oct-2025 11-49-19,C1,VC_A0588,VC_A0588,"Peptide ABC transporter, ATP-binding protein, putative; Similar to SP:P33916 PID:405909 GB:U00096 PID:1736845 PID:1788506; identified by sequence similarity; putative; Belongs to the ABC transporter superfamily.",7.294356,7.8566346,Unclassified,#ff00c3
Plate1_Drawer2 02-Oct-2025 11-49-19,C10,epsC,VC_2734,"General secretion pathway protein C; Involved in a type II secretion system (T2SS, formerly general secretion pathway, GSP) for the export of proteins (By similarity). Required for secretion of cholera toxin through the outer membrane.",7.637716,9.180016,Unclassified,#ff00c3
Plate1_Drawer2 02-Oct-2025 11-49-19,C11,proQ,VC_1497,"Conserved hypothetical protein; RNA chaperone with significant RNA binding, RNA strand exchange and RNA duplexing activities; Belongs to the ProQ family.",7.7411304,8.067623,Unclassified,#ff00c3
Plate1_Drawer2 02-Oct-2025 11-49-19,C12,VC_2627,VC_2627,DamX-related protein; Similar to SP:P11557 GB:Z19601 PID:41226 PID:43274 PID:606322; identified by sequence similarity; putative.,9.248075,7.825313,Unclassified,#ff00c3
Plate1_Drawer2 02-Oct-2025 11-49-19,C2,gshB,VC_0468,Glutathione synthetase; Similar to SP:P04425 GB:X01666 PID:41625 PID:882476 GB:U00096; identified by sequence similarity; putative.,4.5733047,1.1572418,Unclassified,#ff00c3
Plate1_Drawer2 02-Oct-2025 11-49-19,C3,potB,VC_1427,"Spermidine/putrescine ABC transporter, permease protein; Similar to GB:M64519 SP:P23860 PID:147327 GB:U00096 PID:1651552; identified by sequence similarity; putative.",10.330043,1.7824675,Polyamine Import,#14f7f0
Plate1_Drawer2 02-Oct-2025 11-49-19,C4,flgE,VC_2197,Flagellar hook protein FlgE; Similar to GB:X51737 SP:P16322 GB:X52093 PID:47673; identified by sequence similarity; putative.,6.087274,1.8174399,Motility,#ff0004
Plate1_Drawer2 02-Oct-2025 11-49-19,C5,glyQ,VC_0021,"glycyl-tRNA synthetase, alpha chain; Similar to SP:P00960 GB:J01622 PID:146222 PID:146225 PID:466698; identified by sequence similarity; putative.",9.442069,8.411981,Unclassified,#ff00c3
Plate1_Drawer2 02-Oct-2025 11-49-19,C6,VC_0462,VC_0462,Twitching motility protein PilT; Similar to SP:P24559 GB:X67095 PID:151490; identified by sequence similarity; putative.,10.437526,10.516178,Unclassified,#ff00c3
Plate1_Drawer2 02-Oct-2025 11-49-19,C7,flhA,VC_2069,"Flagellar biosynthetic protein FlhA; Required for formation of the rod structure of the flagellar apparatus. Together with FliI and FliH, may constitute the export apparatus of flagellin; Belongs to the FHIPEP (flagella/HR/invasion proteins export pore) family.",9.208811,-0.81786627,Motility,#ff0004
Plate1_Drawer2 02-Oct-2025 11-49-19,C8,VC_0399,VC_0399,MSHA biogenesis protein MshI; Similar to PID:791156 PID:791153; identified by sequence similarity; putative.,10.016308,5.88652,Unclassified,#ff00c3
Plate1_Drawer2 02-Oct-2025 11-49-19,C9,fliD,VC_2140,"Flagellar hook-associated protein FliD; FILAMENT CAP Required for the morphogenesis and for the elongation of the flagellar filament by facilitating polymerization of the flagellin monomers at the tip of growing filament. Forms a capping structure, which prevents flagellin subunits (transported through the central channel of the flagellum) from leaking out without polymerization at the distal end (By similarity).",8.063346,5.216614,Motility,#ff0004
Plate1_Drawer2 02-Oct-2025 11-49-19,D1,VC_0196,VC_0196,ATP-dependent DNA helicase RecQ; Similar to GB:M87049 SP:P15043 GB:M30198 PID:147559 PID:148221; identified by sequence similarity; putative.,8.281953,5.9764714,Unclassified,#ff00c3
Plate1_Drawer2 02-Oct-2025 11-49-19,D10,VC_2270,VC_2270,Riboflavin,7.1757183,7.9354634,Unclassified,#ff00c3
Plate1_Drawer2 02-Oct-2025 11-49-19,D11,VC_2718; VC_2719,VC_2718; VC_2719,,5.946718,0.54581016,Unclassified,#ff00c3
Plate1_Drawer2 02-Oct-2025 11-49-19,D12,wbeG,VC_0245,rfbG protein; Similar to GB:X59554 PID:48387; identified by sequence similarity; putative.,7.73335,4.9355974,O-Antigen Biosynthesis,#0096ff
Plate1_Drawer2 02-Oct-2025 11-49-19,D2,VC_1933,VC_1933,Hypothetical protein; Identified by Glimmer2; putative.,8.910851,2.9622076,Unclassified,#ff00c3
Plate1_Drawer2 02-Oct-2025 11-49-19,D3,VC_A0001,VC_A0001,Hypothetical protein; Identified by Glimmer2; putative.,7.2695374,5.8377075,Unclassified,#ff00c3
Plate1_Drawer2 02-Oct-2025 11-49-19,D4,fadR,VC_1900,Fatty acid metabolism regulator protein; Multifunctional regulator of fatty acid metabolism.,5.028465,0.7974092,Unclassified,#ff00c3
Plate1_Drawer2 02-Oct-2025 11-49-19,D5,pilC,VC_2425,Type IV pilin biogenesis protein PilC; Involved in the translocation of the type IV pilin; Belongs to the GSP F family.,9.015696,7.3446984,Unclassified,#ff00c3
Plate1_Drawer2 02-Oct-2025 11-49-19,D6,pta,VC_1097,Phosphate acetyltransferase; Involved in acetate metabolism; In the N-terminal section; belongs to the CobB/CobQ family.,7.8001795,9.147389,Unclassified,#ff00c3
Plate1_Drawer2 02-Oct-2025 11-49-19,D7,VC_A0800,VC_A0800,creA protein; Similar to SP:P08367 GB:M13608 PID:147249 PID:147691 PID:537237; identified by sequence similarity; putative.,8.575469,1.8256713,Unclassified,#ff00c3
Plate1_Drawer2 02-Oct-2025 11-49-19,D8,wzt,VC_0247,lipopolysaccharide/O-antigen transport protein; Similar to GB:X59554 PID:48389; identified by sequence similarity; putative.,8.553567,9.700271,O-Antigen Biosynthesis,#0096ff
Plate1_Drawer2 02-Oct-2025 11-49-19,D9,wbeM,VC_0250,Iron-containing alcohol dehydrogenase family protein RfbM; Similar to GB:M26941 SP:P13604 PID:144714; identified by sequence similarity; putative.,7.588869,8.228631,O-Antigen Biosynthesis,#0096ff
Plate1_Drawer2 02-Oct-2025 11-49-19,E1,VC_A0759,VC_A0759,"Arginine ABC transporter, periplasmic arginine-binding protein; Similar to SP:P30859 GB:X67753 GB:X86160 PID:40931 PID:769791; identified by sequence similarity; putative; Belongs to the bacterial solute-binding protein 3 family.",9.091282,9.142157,Unclassified,#ff00c3
Plate1_Drawer2 02-Oct-2025 11-49-19,E11,VC_A0620,VC_A0620,"Thiosulfate sulfurtransferase SseA, putative; Similar to SP:P31142 GB:U00096 PID:1788869 PID:1799924; identified by sequence similarity; putative.",7.8404784,8.730762,Unclassified,#ff00c3
Plate1_Drawer2 02-Oct-2025 11-49-19,E12,trmJ,VC_0746,"RNA methyltransferase, TrmH family; Catalyzes the formation of 2'O-methylated cytidine (Cm32) or 2'O-methylated uridine (Um32) at position 32 in tRNA.",8.140967,8.951242,Unclassified,#ff00c3
Plate1_Drawer2 02-Oct-2025 11-49-19,E2,VC_A0785,VC_A0785,GGDEF family protein; Similar to PID:1651932; identified by sequence similarity; putative.,8.912221,2.9565117,Unclassified,#ff00c3
Plate1_Drawer2 02-Oct-2025 11-49-19,E3,fliE,VC_2134,Flagellar hook-basal body complex protein FliE; Similar to PID:2338730; identified by sequence similarity; putative.,6.491141,1.4950866,Motility,#ff0004
Plate1_Drawer2 02-Oct-2025 11-49-19,E4,VC_1581,VC_1581,"NADH dehydrogenase, putative; Similar to SP:P33607 PID:397909 GB:U00096 PID:1788614 PID:1799638; identified by sequence similarity; putative.",8.062795,7.5243425,Unclassified,#ff00c3
Plate1_Drawer2 02-Oct-2025 11-49-19,E5,fliP,VC_2123,Flagellar biosynthetic protein FliP; Plays a role in the flagellum-specific transport system. Belongs to the FliP/MopC/SpaP family.,9.803259,-1.5493641,Motility,#ff0004
Plate1_Drawer2 02-Oct-2025 11-49-19,E6,lpxM,VC_0212,Lipid A biosynthesis (kdo)2-(lauroyl)-lipid IVA acyltransferase; Catalyzes the transfer of myristate from myristoyl-acyl carrier protein (ACP) to Kdo(2)-(lauroyl)-lipid IV(A) to form Kdo(2)- lipid A.,10.270853,2.76127,O-Antigen Biosynthesis,#0096ff
Plate1_Drawer2 02-Oct-2025 11-49-19,E7,VC_2714,VC_2714,Transcriptional regulator OmpR; Similar to PID:2108342; identified by sequence similarity; putative.,7.5308423,8.792677,Unclassified,#ff00c3
Plate1_Drawer2 02-Oct-2025 11-49-19,E9,VC_1154,VC_1154,Hypothetical protein; Identified by Glimmer2; putative.,9.185662,9.822318,Unclassified,#ff00c3
Plate1_Drawer2 02-Oct-2025 11-49-19,F10,cdgJ,VC_0137,Conserved hypothetical protein; Phosphodiesterase (PDE) that catalyzes the hydrolysis of cyclic diguanylate (c-di-GMP). Positively regulates motility and negatively regulates biofilm formation.,9.800314,6.381873,Unclassified,#ff00c3
Plate1_Drawer2 02-Oct-2025 11-49-19,F11,recO,VC_2459,DNA repair protein RecO; Involved in DNA repair and RecF pathway recombination.,9.6078205,6.63706,Unclassified,#ff00c3
Plate1_Drawer2 02-Oct-2025 11-49-19,F12,VC_A0999,VC_A0999,"Transcriptional regulator, TetR family; Similar to GB:U00096 PID:1787354; identified by sequence similarity; putative.",7.241654,7.9129553,Unclassified,#ff00c3
Plate1_Drawer2 02-Oct-2025 11-49-19,F2,VC_2224,VC_2224,GGDEF family protein; Similar to GB:U00096 PID:1787603; identified by sequence similarity; putative.,7.1661983,7.874802,Unclassified,#ff00c3
Plate1_Drawer2 02-Oct-2025 11-49-19,F3,VC_A1099,VC_A1099,"ABC transporter, permease protein; Similar to SP:P33591 GB:X73143 PID:404846 PID:466613 GB:U00096; identified by sequence similarity; putative.",7.187173,8.035427,Unclassified,#ff00c3
Plate1_Drawer2 02-Oct-2025 11-49-19,F4,VC_1320,VC_1320,DNA-binding response regulator; Similar to PID:1079807 SP:P52108 GB:U00096 PID:1742647 PID:1742658; identified by sequence similarity; putative.,7.6890364,9.182085,Unclassified,#ff00c3
Plate1_Drawer2 02-Oct-2025 11-49-19,F5,VC_1319,VC_1319,Sensor histidine kinase; Similar to GB:M36795 SP:P08336 GB:X13307 PID:145590 PID:305015; identified by sequence similarity; putative.,8.05485,9.635571,Unclassified,#ff00c3
Plate1_Drawer2 02-Oct-2025 11-49-19,F6,VC_A0536,VC_A0536,Conserved hypothetical protein; Identified by Glimmer2; putative.,7.8295226,7.8032527,Unclassified,#ff00c3
Plate1_Drawer2 02-Oct-2025 11-49-19,F7,VC_1414,VC_1414,"Thermostable carboxypeptidase 1; Broad specificity carboxypetidase that releases amino acids sequentially from the C-terminus, including neutral, aromatic, polar and basic residues.",7.9717283,9.6934805,Unclassified,#ff00c3
Plate1_Drawer2 02-Oct-2025 11-49-19,F8,VC_A0527,VC_A0527,Conserved hypothetical protein; Identified by Glimmer2; putative.,7.7342043,9.022303,Unclassified,#ff00c3
Plate1_Drawer2 02-Oct-2025 11-49-19,F9,argH,VC_2641,Argininosuccinate lyase; Similar to SP:P11447 GB:J01590 GB:M21446 PID:145335 PID:396307; identified by sequence similarity; putative.,7.1888084,8.278162,Unclassified,#ff00c3
Plate1_Drawer2 02-Oct-2025 11-49-19,G1,guaB,VC_0767,"Inosine-5`-monophosphate dehydrogenase; Catalyzes the conversion of inosine 5'-phosphate (IMP) to xanthosine 5'-phosphate (XMP), the first committed and rate-limiting step in the de novo synthesis of guanine nucleotides, and therefore plays an important role in the regulation of cell growth. Belongs to the IMPDH/GMPR family.",7.373595,8.26115,Unclassified,#ff00c3
Plate1_Drawer2 02-Oct-2025 11-49-19,G10,rluE,VC_1140,Pseudouridine synthase family 1 protein; Responsible for synthesis of pseudouridine from uracil-2457 in 23S ribosomal RNA; Belongs to the pseudouridine synthase RsuA family.,9.139547,8.176529,Unclassified,#ff00c3
Plate1_Drawer2 02-Oct-2025 11-49-19,G11,VC_2524,VC_2524,Conserved hypothetical protein; Catalyzes the hydrolysis of 3-deoxy-D-manno-octulosonate 8- phosphate (KDO 8-P) to 3-deoxy-D-manno-octulosonate (KDO) and inorganic phosphate; Belongs to the KdsC family.,7.288472,7.2019615,Unclassified,#ff00c3
Plate1_Drawer2 02-Oct-2025 11-49-19,G12,VC_0900,VC_0900,GGDEF family protein; Similar to PID:1652841; identified by sequence similarity; putative.,7.7037444,3.305879,Unclassified,#ff00c3
Plate1_Drawer2 02-Oct-2025 11-49-19,G2,VC_A0171,VC_A0171,Conserved hypothetical protein; Identified by Glimmer2; putative.,7.4749403,4.101981,Unclassified,#ff00c3
Plate1_Drawer2 02-Oct-2025 11-49-19,G3,fliJ,VC_2129,"Flagellar protein FliJ, putative; Similar to PID:1071644 SP:P52613 GB:U00096 PID:1736608 PID:1788252; identified by sequence similarity; putative.",7.339003,2.8598986,Motility,#ff0004
Plate1_Drawer2 02-Oct-2025 11-49-19,G4,VC_0161,VC_0161,Transcriptional activator IlvY; Similar to GB:L42023 SP:P44821 PID:1005575 PID:1220765 PID:1204932; identified by sequence similarity; putative; Belongs to the LysR transcriptional regulatory family.,7.3229766,7.240598,Unclassified,#ff00c3
Plate1_Drawer2 02-Oct-2025 11-49-19,G5,VC_0405,VC_0405,MSHA biogenesis protein MshE; Similar to PID:791156 PID:791159; identified by sequence similarity; putative.,7.2436514,6.9874916,Unclassified,#ff00c3
Plate1_Drawer2 02-Oct-2025 11-49-19,G6,VC_1295,VC_1295,Conserved hypothetical protein; Phosphodiesterase (PDE) that catalyzes the hydrolysis of cyclic diguanylate (c-di-GMP) to GMP in vitro. Increases motility and decreases biofilm formation in vivo.,7.6896133,8.628122,Unclassified,#ff00c3
Plate1_Drawer2 02-Oct-2025 11-49-19,G8,manC,VC_0241,Mannose-1-phosphate guanylyltransferase; Similar to GB:X59554 SP:Q07024 PID:48383; identified by sequence similarity; putative.,4.0182085,-0.13282873,O-Antigen Biosynthesis,#0096ff
Plate1_Drawer2 02-Oct-2025 11-49-19,H1,flhG,VC_2067,MinD-related protein; Similar to GP:3695013; identified by sequence similarity; putative. MULTIPLE FILAMENTS,2.8674266,6.3704934,Motility,#ff0004
Plate1_Drawer2 02-Oct-2025 11-49-19,H10,trpR,VC_0701,"Trp operon repressor, putative; This protein is an aporepressor. When complexed with L- tryptophan it binds the operator region of the trp operon and prevents the initiation of transcription (By similarity).",7.0112033,6.224434,Unclassified,#ff00c3
Plate1_Drawer2 02-Oct-2025 11-49-19,H11,greA,VC_0634,"Transcription elongation factor GreA; Necessary for efficient RNA polymerase transcription elongation past template-encoded arresting sites. The arresting sites in DNA have the property of trapping a certain fraction of elongating RNA polymerases that pass through, resulting in locked ternary complexes. Cleavage of the nascent transcript by cleavage factors such as GreA or GreB allows the resumption of elongation from the new 3'terminus. GreA releases sequences of 2 to 3 nucleotides.",7.1434526,5.8544025,Unclassified,#ff00c3
Plate1_Drawer2 02-Oct-2025 11-49-19,H12,VC_0419,VC_0419,Cytoplasmic axial filament protein; Similar to SP:P25537 PID:48826 PID:606187 GB:U00096 PID:1789645; identified by sequence similarity; putative.,9.274973,7.0659575,Unclassified,#ff00c3
Plate1_Drawer2 02-Oct-2025 11-49-19,H2,VC_A0940,VC_A0940,"Transcriptional regulator, DeoR family; Similar to SP:P09392 GB:M96795 PID:146186 PID:606358 GB:U00096; identified by sequence similarity; putative.",7.612378,3.595864,Unclassified,#ff00c3
Plate1_Drawer2 02-Oct-2025 11-49-19,H3,ectA,VC_A0825,"L-2,4-diaminobutyric acid acetyltransferase; Catalyzes the acetylation of L-2,4-diaminobutyrate (DABA) to gamma-N-acetyl-alpha,gamma-diaminobutyric acid (ADABA) with acetyl coenzyme A.",7.1134243,7.447516,Unclassified,#ff00c3
Plate1_Drawer2 02-Oct-2025 11-49-19,H4,VC_A0840,VC_A0840,"Deoxycytidylate deaminase, putative; Similar to SP:P33968 GB:X70289 PID:396216; identified by sequence similarity; putative.",7.560883,6.1064405,Unclassified,#ff00c3
Plate1_Drawer2 02-Oct-2025 11-49-19,H6,VC_2522,VC_2522,Conserved hypothetical protein; Identified by Glimmer2; putative.,7.24796,7.6980114,Unclassified,#ff00c3
Plate1_Drawer2 02-Oct-2025 11-49-19,H7,glmS,VC_0487,"Glucosamine--fructose-6-phosphate aminotransferase (isomerizing); Catalyzes the first step in hexosamine metabolism, converting fructose-6P into glucosamine-6P using glutamine as a nitrogen source.",7.438299,5.864884,Unclassified,#ff00c3
Plate1_Drawer2 02-Oct-2025 11-49-19,H8,manA,VC_0269,Mannose-6-phosphate isomerase; Similar to SP:P25081 GB:X57117 PID:48820; identified by sequence similarity; putative; Belongs to the mannose-6-phosphate isomerase type 1 family.,2.9484837,-0.5226517,O-Antigen Biosynthesis,#0096ff
Plate1_Drawer2 02-Oct-2025 11-49-19,H9,nusB,VC_2267,N utilization substance protein B; Involved in transcription antitermination. Required for transcription of ribosomal RNA (rRNA) genes. Binds specifically to the boxA antiterminator sequence of the ribosomal RNA (rrn) operons.,7.19179,7.506791,Unclassified,#ff00c3
Plate1_Drawer2 07-Aug-2025 11-29-30,A1,ung,VC_2359,uracil-DNA glycosylase; Excises uracil residues from the DNA which can arise as a result of misincorporation of dUMP residues by DNA polymerase or due to deamination of cytosine.,9.554698,5.4757185,Unclassified,#ff00c3
Plate1_Drawer2 07-Aug-2025 11-29-30,A10,VC_1462,VC_1462,RstB2 protein; Similar to GP:2564358; identified by sequence similarity; putative.,8.005965,5.30844,Unclassified,#ff00c3
Plate1_Drawer2 07-Aug-2025 11-29-30,A12,wavA,VC_0223,"ADP-heptose--LPS heptosyltransferase II, putative; Similar to GB:L42023 SP:P44011 PID:1003930 PID:1222457 PID:1204774; identified by sequence similarity; putative.",10.329592,4.272123,O-Antigen Biosynthesis,#0096ff
Plate1_Drawer2 07-Aug-2025 11-29-30,A2,VC_2453,VC_2453,Sensor histidine kinase/response regulator; Similar to GB:D10888 SP:P26607 PID:216535 PID:882680 GB:U00096; identified by sequence similarity; putative.,8.734416,6.853097,Unclassified,#ff00c3
Plate1_Drawer2 07-Aug-2025 11-29-30,A3,VC_2311,VC_2311,HesA/MoeB/ThiF family protein; Similar to GB:D21145 PID:471103 PID:882707 GB:U00096 SP:Q46927; identified by sequence similarity; putative.,8.581925,6.234687,Unclassified,#ff00c3
Plate1_Drawer2 07-Aug-2025 11-29-30,A5,rsmJ,VC_0073,Conserved hypothetical protein; Specifically methylates the guanosine in position 1516 of 16S rRNA.,6.960461,5.552653,Unclassified,#ff00c3
Plate1_Drawer2 07-Aug-2025 11-29-30,A6,potC,VC_1426,"Spermidine/putrescine ABC transporter, permease protein; Similar to GB:M64519 SP:P23859 PID:147328 GB:U00096 PID:1651551; identified by sequence similarity; putative.",7.5938034,5.6258316,Polyamine Import,#14f7f0
Plate1_Drawer2 07-Aug-2025 11-29-30,A7,pckA,VC_2738,Phosphoenolpyruvate carboxykinase; Involved in the gluconeogenesis. Catalyzes the conversion of oxaloacetate (OAA) to phosphoenolpyruvate (PEP) through direct phosphoryl transfer between the nucleoside triphosphate and OAA. Belongs to the phosphoenolpyruvate carboxykinase (ATP) family.,8.380742,2.1927826,Unclassified,#ff00c3
Plate1_Drawer2 07-Aug-2025 11-29-30,A8,rluD,VC_0709,"Ribosomal large subunit pseudouridine synthase D; Responsible for synthesis of pseudouridine from uracil at positions 1911, 1915 and 1917 in 23S ribosomal RNA; Belongs to the pseudouridine synthase RluA family.",6.967634,4.131144,Unclassified,#ff00c3
Plate1_Drawer2 07-Aug-2025 11-29-30,A9,vibB,VC_0771,Vibriobactin-specific isochorismatase; Involved in the biosynthesis of the catechol siderophore vibriobactin. Vibriobactin is a chelating compound involved in transporting iron from the bacterial environment into the cell cytoplasm; Belongs to the isochorismatase family.,5.4202714,1.7397836,Vibriobactin Biosynthesis,#ba17f6
Plate1_Drawer2 07-Aug-2025 11-29-30,B1,flgB,VC_2200,"Flagellar basal-body rod protein FlgB; Structural component of flagellum, the bacterial motility apparatus. Part of the rod structure of flagellar basal body.",9.02901,-0.008749675,Motility,#ff0004
Plate1_Drawer2 07-Aug-2025 11-29-30,B10,flgP,VC_2206,Conserved hypothetical protein; Identified by Glimmer2; putative.,10.539509,1.3144712,Motility,#ff0004
Plate1_Drawer2 07-Aug-2025 11-29-30,B2,fliS,VC_2138,Flagellar protein FliS; Similar to GB:U12816 PID:1254205; identified by sequence similarity; putative.,9.67016,-1.4518054,Motility,#ff0004
Plate1_Drawer2 07-Aug-2025 11-29-30,B3,VC_A1081,VC_A1081,Hypothetical protein; Identified by Glimmer2; putative.,8.674251,3.8899498,Unclassified,#ff00c3
Plate1_Drawer2 07-Aug-2025 11-29-30,B4,VC_1909,VC_1909,Hypothetical protein; Identified by Glimmer2; putative.,10.231246,5.7104816,Unclassified,#ff00c3
Plate1_Drawer2 07-Aug-2025 11-29-30,B5,VC_0449,VC_0449,Methyl-accepting chemotaxis protein; Similar to GB:X61367 PID:48195; identified by sequence similarity; putative.,6.8967175,6.4324474,Unclassified,#ff00c3
Plate1_Drawer2 07-Aug-2025 11-29-30,B6,VC_1498,VC_1498,Conserved hypothetical protein; Identified by Glimmer2; putative.,7.540586,5.2967677,Unclassified,#ff00c3
Plate1_Drawer2 07-Aug-2025 11-29-30,B7,VC_2756,VC_2756,Potassium uptake protein TrkH; Low-affinity potassium transport system. Interacts with Trk system potassium uptake protein TrkA; Belongs to the TrkH potassium transport family.,8.809726,3.227324,Unclassified,#ff00c3
Plate1_Drawer2 07-Aug-2025 11-29-30,B8,VC_0113,VC_0113,Methyltransferase-related protein; Similar to SP:P37431 PID:295895; identified by sequence similarity; putative.,9.340379,2.9556606,Unclassified,#ff00c3
Plate1_Drawer2 07-Aug-2025 11-29-30,B9,VC_1423,VC_1423,Hypothetical protein; Identified by Glimmer2; putative.,8.166165,6.3529267,Unclassified,#ff00c3
Plate1_Drawer2 07-Aug-2025 11-29-30,C1,VC_A0588,VC_A0588,"Peptide ABC transporter, ATP-binding protein, putative; Similar to SP:P33916 PID:405909 GB:U00096 PID:1736845 PID:1788506; identified by sequence similarity; putative; Belongs to the ABC transporter superfamily.",8.060807,8.690558,Unclassified,#ff00c3
Plate1_Drawer2 07-Aug-2025 11-29-30,C10,epsC,VC_2734,"General secretion pathway protein C; Involved in a type II secretion system (T2SS, formerly general secretion pathway, GSP) for the export of proteins (By similarity). Required for secretion of cholera toxin through the outer membrane.",8.961774,9.766918,Unclassified,#ff00c3
Plate1_Drawer2 07-Aug-2025 11-29-30,C11,proQ,VC_1497,"Conserved hypothetical protein; RNA chaperone with significant RNA binding, RNA strand exchange and RNA duplexing activities; Belongs to the ProQ family.",7.423304,7.227309,Unclassified,#ff00c3
Plate1_Drawer2 07-Aug-2025 11-29-30,C12,VC_2627,VC_2627,DamX-related protein; Similar to SP:P11557 GB:Z19601 PID:41226 PID:43274 PID:606322; identified by sequence similarity; putative.,8.436852,6.6361766,Unclassified,#ff00c3
Plate1_Drawer2 07-Aug-2025 11-29-30,C2,gshB,VC_0468,Glutathione synthetase; Similar to SP:P04425 GB:X01666 PID:41625 PID:882476 GB:U00096; identified by sequence similarity; putative.,5.4342027,1.514567,Unclassified,#ff00c3
Plate1_Drawer2 07-Aug-2025 11-29-30,C3,potB,VC_1427,"Spermidine/putrescine ABC transporter, permease protein; Similar to GB:M64519 SP:P23860 PID:147327 GB:U00096 PID:1651552; identified by sequence similarity; putative.",8.805081,1.6953046,Polyamine Import,#14f7f0
Plate1_Drawer2 07-Aug-2025 11-29-30,C4,flgE,VC_2197,Flagellar hook protein FlgE; Similar to GB:X51737 SP:P16322 GB:X52093 PID:47673; identified by sequence similarity; putative.,11.913828,-0.41508567,Motility,#ff0004
Plate1_Drawer2 07-Aug-2025 11-29-30,C5,glyQ,VC_0021,"glycyl-tRNA synthetase, alpha chain; Similar to SP:P00960 GB:J01622 PID:146222 PID:146225 PID:466698; identified by sequence similarity; putative.",10.514082,10.460918,Unclassified,#ff00c3
Plate1_Drawer2 07-Aug-2025 11-29-30,C6,VC_0462,VC_0462,Twitching motility protein PilT; Similar to SP:P24559 GB:X67095 PID:151490; identified by sequence similarity; putative.,9.58063,6.062301,Unclassified,#ff00c3
Plate1_Drawer2 07-Aug-2025 11-29-30,C7,flhA,VC_2069,"Flagellar biosynthetic protein FlhA; Required for formation of the rod structure of the flagellar apparatus. Together with FliI and FliH, may constitute the export apparatus of flagellin; Belongs to the FHIPEP (flagella/HR/invasion proteins export pore) family.",8.981284,-0.8534373,Motility,#ff0004
Plate1_Drawer2 07-Aug-2025 11-29-30,C8,VC_0399,VC_0399,MSHA biogenesis protein MshI; Similar to PID:791156 PID:791153; identified by sequence similarity; putative.,7.129191,3.047186,Unclassified,#ff00c3
Plate1_Drawer2 07-Aug-2025 11-29-30,C9,fliD,VC_2140,"Flagellar hook-associated protein FliD; FILAMENT CAP Required for the morphogenesis and for the elongation of the flagellar filament by facilitating polymerization of the flagellin monomers at the tip of growing filament. Forms a capping structure, which prevents flagellin subunits (transported through the central channel of the flagellum) from leaking out without polymerization at the distal end (By similarity).",7.266944,7.81525,Motility,#ff0004
Plate1_Drawer2 07-Aug-2025 11-29-30,D1,VC_0196,VC_0196,ATP-dependent DNA helicase RecQ; Similar to GB:M87049 SP:P15043 GB:M30198 PID:147559 PID:148221; identified by sequence similarity; putative.,7.8536644,3.5424206,Unclassified,#ff00c3
Plate1_Drawer2 07-Aug-2025 11-29-30,D10,VC_2270,VC_2270,Riboflavin,5.8387156,2.5833123,Unclassified,#ff00c3
Plate1_Drawer2 07-Aug-2025 11-29-30,D11,VC_2718; VC_2719,VC_2718; VC_2719,,4.6086764,-5.147469,Unclassified,#ff00c3
Plate1_Drawer2 07-Aug-2025 11-29-30,D12,wbeG,VC_0245,rfbG protein; Similar to GB:X59554 PID:48387; identified by sequence similarity; putative.,9.293508,2.849708,O-Antigen Biosynthesis,#0096ff
Plate1_Drawer2 07-Aug-2025 11-29-30,D2,VC_1933,VC_1933,Hypothetical protein; Identified by Glimmer2; putative.,8.967048,5.950294,Unclassified,#ff00c3
Plate1_Drawer2 07-Aug-2025 11-29-30,D3,VC_A0001,VC_A0001,Hypothetical protein; Identified by Glimmer2; putative.,8.867374,8.782526,Unclassified,#ff00c3
Plate1_Drawer2 07-Aug-2025 11-29-30,D4,fadR,VC_1900,Fatty acid metabolism regulator protein; Multifunctional regulator of fatty acid metabolism.,7.606014,-0.41801828,Unclassified,#ff00c3
Plate1_Drawer2 07-Aug-2025 11-29-30,D5,pilC,VC_2425,Type IV pilin biogenesis protein PilC; Involved in the translocation of the type IV pilin; Belongs to the GSP F family.,8.221913,8.241841,Unclassified,#ff00c3
Plate1_Drawer2 07-Aug-2025 11-29-30,D6,pta,VC_1097,Phosphate acetyltransferase; Involved in acetate metabolism; In the N-terminal section; belongs to the CobB/CobQ family.,9.126153,10.580705,Unclassified,#ff00c3
Plate1_Drawer2 07-Aug-2025 11-29-30,D7,VC_A0800,VC_A0800,creA protein; Similar to SP:P08367 GB:M13608 PID:147249 PID:147691 PID:537237; identified by sequence similarity; putative.,10.42437,1.6983492,Unclassified,#ff00c3
Plate1_Drawer2 07-Aug-2025 11-29-30,D8,wzt,VC_0247,lipopolysaccharide/O-antigen transport protein; Similar to GB:X59554 PID:48389; identified by sequence similarity; putative.,8.072399,7.5138164,O-Antigen Biosynthesis,#0096ff
Plate1_Drawer2 07-Aug-2025 11-29-30,D9,wbeM,VC_0250,Iron-containing alcohol dehydrogenase family protein RfbM; Similar to GB:M26941 SP:P13604 PID:144714; identified by sequence similarity; putative.,7.612006,6.6476164,O-Antigen Biosynthesis,#0096ff
Plate1_Drawer2 07-Aug-2025 11-29-30,E1,VC_A0759,VC_A0759,"Arginine ABC transporter, periplasmic arginine-binding protein; Similar to SP:P30859 GB:X67753 GB:X86160 PID:40931 PID:769791; identified by sequence similarity; putative; Belongs to the bacterial solute-binding protein 3 family.",9.203722,2.8043685,Unclassified,#ff00c3
Plate1_Drawer2 07-Aug-2025 11-29-30,E10,VC_1887,VC_1887,Hypothetical protein; Identified by Glimmer2; putative.,4.8250227,-5.120151,Unclassified,#ff00c3
Plate1_Drawer2 07-Aug-2025 11-29-30,E11,VC_A0620,VC_A0620,"Thiosulfate sulfurtransferase SseA, putative; Similar to SP:P31142 GB:U00096 PID:1788869 PID:1799924; identified by sequence similarity; putative.",9.506889,10.3485985,Unclassified,#ff00c3
Plate1_Drawer2 07-Aug-2025 11-29-30,E12,trmJ,VC_0746,"RNA methyltransferase, TrmH family; Catalyzes the formation of 2'O-methylated cytidine (Cm32) or 2'O-methylated uridine (Um32) at position 32 in tRNA.",8.711342,10.295352,Unclassified,#ff00c3
Plate1_Drawer2 07-Aug-2025 11-29-30,E2,VC_A0785,VC_A0785,GGDEF family protein; Similar to PID:1651932; identified by sequence similarity; putative.,10.16693,2.4844,Unclassified,#ff00c3
Plate1_Drawer2 07-Aug-2025 11-29-30,E3,fliE,VC_2134,Flagellar hook-basal body complex protein FliE; Similar to PID:2338730; identified by sequence similarity; putative.,11.125695,-2.0477495,Motility,#ff0004
Plate1_Drawer2 07-Aug-2025 11-29-30,E4,VC_1581,VC_1581,"NADH dehydrogenase, putative; Similar to SP:P33607 PID:397909 GB:U00096 PID:1788614 PID:1799638; identified by sequence similarity; putative.",11.017707,10.641905,Unclassified,#ff00c3
Plate1_Drawer2 07-Aug-2025 11-29-30,E5,fliP,VC_2123,Flagellar biosynthetic protein FliP; Plays a role in the flagellum-specific transport system. Belongs to the FliP/MopC/SpaP family.,9.159862,-1.4133899,Motility,#ff0004
Plate1_Drawer2 07-Aug-2025 11-29-30,E6,lpxM,VC_0212,Lipid A biosynthesis (kdo)2-(lauroyl)-lipid IVA acyltransferase; Catalyzes the transfer of myristate from myristoyl-acyl carrier protein (ACP) to Kdo(2)-(lauroyl)-lipid IV(A) to form Kdo(2)- lipid A.,10.925033,3.0174642,O-Antigen Biosynthesis,#0096ff
Plate1_Drawer2 07-Aug-2025 11-29-30,E7,VC_2714,VC_2714,Transcriptional regulator OmpR; Similar to PID:2108342; identified by sequence similarity; putative.,11.211543,11.864284,Unclassified,#ff00c3
Plate1_Drawer2 07-Aug-2025 11-29-30,F10,cdgJ,VC_0137,Conserved hypothetical protein; Phosphodiesterase (PDE) that catalyzes the hydrolysis of cyclic diguanylate (c-di-GMP). Positively regulates motility and negatively regulates biofilm formation.,7.1929684,5.982329,Unclassified,#ff00c3
Plate1_Drawer2 07-Aug-2025 11-29-30,F11,recO,VC_2459,DNA repair protein RecO; Involved in DNA repair and RecF pathway recombination.,9.984042,2.101314,Unclassified,#ff00c3
Plate1_Drawer2 07-Aug-2025 11-29-30,F12,VC_A0999,VC_A0999,"Transcriptional regulator, TetR family; Similar to GB:U00096 PID:1787354; identified by sequence similarity; putative.",7.9003215,4.0358253,Unclassified,#ff00c3
Plate1_Drawer2 07-Aug-2025 11-29-30,F2,VC_2224,VC_2224,GGDEF family protein; Similar to GB:U00096 PID:1787603; identified by sequence similarity; putative.,8.255157,9.383979,Unclassified,#ff00c3
Plate1_Drawer2 07-Aug-2025 11-29-30,F3,VC_A1099,VC_A1099,"ABC transporter, permease protein; Similar to SP:P33591 GB:X73143 PID:404846 PID:466613 GB:U00096; identified by sequence similarity; putative.",9.068965,10.096222,Unclassified,#ff00c3
Plate1_Drawer2 07-Aug-2025 11-29-30,F4,VC_1320,VC_1320,DNA-binding response regulator; Similar to PID:1079807 SP:P52108 GB:U00096 PID:1742647 PID:1742658; identified by sequence similarity; putative.,11.223057,11.918891,Unclassified,#ff00c3
Plate1_Drawer2 07-Aug-2025 11-29-30,F5,VC_1319,VC_1319,Sensor histidine kinase; Similar to GB:M36795 SP:P08336 GB:X13307 PID:145590 PID:305015; identified by sequence similarity; putative.,7.9220243,8.509572,Unclassified,#ff00c3
Plate1_Drawer2 07-Aug-2025 11-29-30,F6,VC_A0536,VC_A0536,Conserved hypothetical protein; Identified by Glimmer2; putative.,8.531001,8.376951,Unclassified,#ff00c3
Plate1_Drawer2 07-Aug-2025 11-29-30,F7,VC_1414,VC_1414,"Thermostable carboxypeptidase 1; Broad specificity carboxypetidase that releases amino acids sequentially from the C-terminus, including neutral, aromatic, polar and basic residues.",8.553308,9.410567,Unclassified,#ff00c3
Plate1_Drawer2 07-Aug-2025 11-29-30,F8,VC_A0527,VC_A0527,Conserved hypothetical protein; Identified by Glimmer2; putative.,10.339996,11.164787,Unclassified,#ff00c3
Plate1_Drawer2 07-Aug-2025 11-29-30,F9,argH,VC_2641,Argininosuccinate lyase; Similar to SP:P11447 GB:J01590 GB:M21446 PID:145335 PID:396307; identified by sequence similarity; putative.,7.9259787,9.685042,Unclassified,#ff00c3
Plate1_Drawer2 07-Aug-2025 11-29-30,G10,rluE,VC_1140,Pseudouridine synthase family 1 protein; Responsible for synthesis of pseudouridine from uracil-2457 in 23S ribosomal RNA; Belongs to the pseudouridine synthase RsuA family.,9.2919445,2.7971425,Unclassified,#ff00c3
Plate1_Drawer2 07-Aug-2025 11-29-30,G11,VC_2524,VC_2524,Conserved hypothetical protein; Catalyzes the hydrolysis of 3-deoxy-D-manno-octulosonate 8- phosphate (KDO 8-P) to 3-deoxy-D-manno-octulosonate (KDO) and inorganic phosphate; Belongs to the KdsC family.,6.9206877,6.839849,Unclassified,#ff00c3
Plate1_Drawer2 07-Aug-2025 11-29-30,G12,VC_0900,VC_0900,GGDEF family protein; Similar to PID:1652841; identified by sequence similarity; putative.,9.486965,2.6218252,Unclassified,#ff00c3
Plate1_Drawer2 07-Aug-2025 11-29-30,G2,VC_A0171,VC_A0171,Conserved hypothetical protein; Identified by Glimmer2; putative.,9.225496,2.7209318,Unclassified,#ff00c3
Plate1_Drawer2 07-Aug-2025 11-29-30,G3,fliJ,VC_2129,"Flagellar protein FliJ, putative; Similar to PID:1071644 SP:P52613 GB:U00096 PID:1736608 PID:1788252; identified by sequence similarity; putative.",11.578532,4.878845,Motility,#ff0004
Plate1_Drawer2 07-Aug-2025 11-29-30,G4,VC_0161,VC_0161,Transcriptional activator IlvY; Similar to GB:L42023 SP:P44821 PID:1005575 PID:1220765 PID:1204932; identified by sequence similarity; putative; Belongs to the LysR transcriptional regulatory family.,9.094591,3.4000263,Unclassified,#ff00c3
Plate1_Drawer2 07-Aug-2025 11-29-30,G5,VC_0405,VC_0405,MSHA biogenesis protein MshE; Similar to PID:791156 PID:791159; identified by sequence similarity; putative.,9.544785,7.608434,Unclassified,#ff00c3
Plate1_Drawer2 07-Aug-2025 11-29-30,G6,VC_1295,VC_1295,Conserved hypothetical protein; Phosphodiesterase (PDE) that catalyzes the hydrolysis of cyclic diguanylate (c-di-GMP) to GMP in vitro. Increases motility and decreases biofilm formation in vivo.,8.861724,10.041867,Unclassified,#ff00c3
Plate1_Drawer2 07-Aug-2025 11-29-30,G7,flgD,VC_2198,Basal-body rod modification protein FlgD; Required for flagellar hook formation. May act as a scaffolding protein.,11.68233,-0.98228383,Motility,#ff0004
Plate1_Drawer2 07-Aug-2025 11-29-30,G8,manC,VC_0241,Mannose-1-phosphate guanylyltransferase; Similar to GB:X59554 SP:Q07024 PID:48383; identified by sequence similarity; putative.,2.1899745,-0.30603075,O-Antigen Biosynthesis,#0096ff
Plate1_Drawer2 07-Aug-2025 11-29-30,H1,flhG,VC_2067,MinD-related protein; Similar to GP:3695013; identified by sequence similarity; putative. MULTIPLE FILAMENTS,2.7959032,6.310811,Motility,#ff0004
Plate1_Drawer2 07-Aug-2025 11-29-30,H10,trpR,VC_0701,"Trp operon repressor, putative; This protein is an aporepressor. When complexed with L- tryptophan it binds the operator region of the trp operon and prevents the initiation of transcription (By similarity).",8.453072,3.0099888,Unclassified,#ff00c3
Plate1_Drawer2 07-Aug-2025 11-29-30,H11,greA,VC_0634,"Transcription elongation factor GreA; Necessary for efficient RNA polymerase transcription elongation past template-encoded arresting sites. The arresting sites in DNA have the property of trapping a certain fraction of elongating RNA polymerases that pass through, resulting in locked ternary complexes. Cleavage of the nascent transcript by cleavage factors such as GreA or GreB allows the resumption of elongation from the new 3'terminus. GreA releases sequences of 2 to 3 nucleotides.",6.9800725,5.3578563,Unclassified,#ff00c3
Plate1_Drawer2 07-Aug-2025 11-29-30,H12,VC_0419,VC_0419,Cytoplasmic axial filament protein; Similar to SP:P25537 PID:48826 PID:606187 GB:U00096 PID:1789645; identified by sequence similarity; putative.,9.771556,7.6862745,Unclassified,#ff00c3
Plate1_Drawer2 07-Aug-2025 11-29-30,H2,VC_A0940,VC_A0940,"Transcriptional regulator, DeoR family; Similar to SP:P09392 GB:M96795 PID:146186 PID:606358 GB:U00096; identified by sequence similarity; putative.",9.283462,5.090795,Unclassified,#ff00c3
Plate1_Drawer2 07-Aug-2025 11-29-30,H3,ectA,VC_A0825,"L-2,4-diaminobutyric acid acetyltransferase; Catalyzes the acetylation of L-2,4-diaminobutyrate (DABA) to gamma-N-acetyl-alpha,gamma-diaminobutyric acid (ADABA) with acetyl coenzyme A.",9.968136,2.4918504,Unclassified,#ff00c3
Plate1_Drawer2 07-Aug-2025 11-29-30,H4,VC_A0840,VC_A0840,"Deoxycytidylate deaminase, putative; Similar to SP:P33968 GB:X70289 PID:396216; identified by sequence similarity; putative.",9.252601,7.0917525,Unclassified,#ff00c3
Plate1_Drawer2 07-Aug-2025 11-29-30,H6,VC_2522,VC_2522,Conserved hypothetical protein; Identified by Glimmer2; putative.,7.645787,7.090821,Unclassified,#ff00c3
Plate1_Drawer2 07-Aug-2025 11-29-30,H7,glmS,VC_0487,"Glucosamine--fructose-6-phosphate aminotransferase (isomerizing); Catalyzes the first step in hexosamine metabolism, converting fructose-6P into glucosamine-6P using glutamine as a nitrogen source.",8.284332,6.46581,Unclassified,#ff00c3
Plate1_Drawer2 07-Aug-2025 11-29-30,H8,manA,VC_0269,Mannose-6-phosphate isomerase; Similar to SP:P25081 GB:X57117 PID:48820; identified by sequence similarity; putative; Belongs to the mannose-6-phosphate isomerase type 1 family.,2.858749,-0.44385022,O-Antigen Biosynthesis,#0096ff
Plate1_Drawer2 07-Aug-2025 11-29-30,H9,nusB,VC_2267,N utilization substance protein B; Involved in transcription antitermination. Required for transcription of ribosomal RNA (rRNA) genes. Binds specifically to the boxA antiterminator sequence of the ribosomal RNA (rrn) operons.,8.411548,8.644773,Unclassified,#ff00c3
Plate1_Drawer2 22-Jul-2025 10-47-50,A1,ung,VC_2359,uracil-DNA glycosylase; Excises uracil residues from the DNA which can arise as a result of misincorporation of dUMP residues by DNA polymerase or due to deamination of cytosine.,10.796622,5.705556,Unclassified,#ff00c3
Plate1_Drawer2 22-Jul-2025 10-47-50,A10,VC_1462,VC_1462,RstB2 protein; Similar to GP:2564358; identified by sequence similarity; putative.,11.735959,10.122758,Unclassified,#ff00c3
Plate1_Drawer2 22-Jul-2025 10-47-50,A12,wavA,VC_0223,"ADP-heptose--LPS heptosyltransferase II, putative; Similar to GB:L42023 SP:P44011 PID:1003930 PID:1222457 PID:1204774; identified by sequence similarity; putative.",9.570596,8.3661175,O-Antigen Biosynthesis,#0096ff
Plate1_Drawer2 22-Jul-2025 10-47-50,A2,VC_2453,VC_2453,Sensor histidine kinase/response regulator; Similar to GB:D10888 SP:P26607 PID:216535 PID:882680 GB:U00096; identified by sequence similarity; putative.,9.647656,5.8714247,Unclassified,#ff00c3
Plate1_Drawer2 22-Jul-2025 10-47-50,A3,VC_2311,VC_2311,HesA/MoeB/ThiF family protein; Similar to GB:D21145 PID:471103 PID:882707 GB:U00096 SP:Q46927; identified by sequence similarity; putative.,10.558524,6.0393615,Unclassified,#ff00c3
Plate1_Drawer2 22-Jul-2025 10-47-50,A4,lipA,VC_0943,"Lipoic acid synthetase; Catalyzes the radical-mediated insertion of two sulfur atoms into the C-6 and C-8 positions of the octanoyl moiety bound to the lipoyl domains of lipoate-dependent enzymes, thereby converting the octanoylated domains into lipoylated derivatives.",4.8433733,0.97781384,Pyruvate Flux,#39ff14
Plate1_Drawer2 22-Jul-2025 10-47-50,A5,rsmJ,VC_0073,Conserved hypothetical protein; Specifically methylates the guanosine in position 1516 of 16S rRNA.,10.85242,5.5970798,Unclassified,#ff00c3
Plate1_Drawer2 22-Jul-2025 10-47-50,A6,potC,VC_1426,"Spermidine/putrescine ABC transporter, permease protein; Similar to GB:M64519 SP:P23859 PID:147328 GB:U00096 PID:1651551; identified by sequence similarity; putative.",11.650622,10.250962,Polyamine Import,#14f7f0
Plate1_Drawer2 22-Jul-2025 10-47-50,A7,pckA,VC_2738,Phosphoenolpyruvate carboxykinase; Involved in the gluconeogenesis. Catalyzes the conversion of oxaloacetate (OAA) to phosphoenolpyruvate (PEP) through direct phosphoryl transfer between the nucleoside triphosphate and OAA. Belongs to the phosphoenolpyruvate carboxykinase (ATP) family.,10.911566,1.4001316,Unclassified,#ff00c3
Plate1_Drawer2 22-Jul-2025 10-47-50,A8,rluD,VC_0709,"Ribosomal large subunit pseudouridine synthase D; Responsible for synthesis of pseudouridine from uracil at positions 1911, 1915 and 1917 in 23S ribosomal RNA; Belongs to the pseudouridine synthase RluA family.",10.330095,7.970024,Unclassified,#ff00c3
Plate1_Drawer2 22-Jul-2025 10-47-50,A9,vibB,VC_0771,Vibriobactin-specific isochorismatase; Involved in the biosynthesis of the catechol siderophore vibriobactin. Vibriobactin is a chelating compound involved in transporting iron from the bacterial environment into the cell cytoplasm; Belongs to the isochorismatase family.,5.7544923,1.9394964,Vibriobactin Biosynthesis,#ba17f6
Plate1_Drawer2 22-Jul-2025 10-47-50,B1,flgB,VC_2200,"Flagellar basal-body rod protein FlgB; Structural component of flagellum, the bacterial motility apparatus. Part of the rod structure of flagellar basal body.",11.1530695,-1.6659844,Motility,#ff0004
Plate1_Drawer2 22-Jul-2025 10-47-50,B10,flgP,VC_2206,Conserved hypothetical protein; Identified by Glimmer2; putative.,10.6975975,-2.0648153,Motility,#ff0004
Plate1_Drawer2 22-Jul-2025 10-47-50,B11,fliQ,VC_2122,Flagellar biosynthetic protein FliQ; Role in flagellar biosynthesis. Belongs to the FliQ/MopD/SpaQ family.,10.714748,-2.2792988,Motility,#ff0004
Plate1_Drawer2 22-Jul-2025 10-47-50,B12,argF,VC_2508,Ornithine carbamoyltransferase; Reversibly catalyzes the transfer of the carbamoyl group from carbamoyl phosphate (CP) to the N(epsilon) atom of ornithine (ORN) to produce L-citrulline; Belongs to the aspartate/ornithine carbamoyltransferase superfamily. OTCase family.,11.7479315,10.262564,Unclassified,#ff00c3
Plate1_Drawer2 22-Jul-2025 10-47-50,B2,fliS,VC_2138,Flagellar protein FliS; Similar to GB:U12816 PID:1254205; identified by sequence similarity; putative.,10.786826,-2.2145472,Motility,#ff0004
Plate1_Drawer2 22-Jul-2025 10-47-50,B3,VC_A1081,VC_A1081,Hypothetical protein; Identified by Glimmer2; putative.,11.694286,9.261723,Unclassified,#ff00c3
Plate1_Drawer2 22-Jul-2025 10-47-50,B4,VC_1909,VC_1909,Hypothetical protein; Identified by Glimmer2; putative.,10.98334,10.855731,Unclassified,#ff00c3
Plate1_Drawer2 22-Jul-2025 10-47-50,B5,VC_0449,VC_0449,Methyl-accepting chemotaxis protein; Similar to GB:X61367 PID:48195; identified by sequence similarity; putative.,10.201767,8.37493,Unclassified,#ff00c3
Plate1_Drawer2 22-Jul-2025 10-47-50,B6,VC_1498,VC_1498,Conserved hypothetical protein; Identified by Glimmer2; putative.,10.76348,8.949219,Unclassified,#ff00c3
Plate1_Drawer2 22-Jul-2025 10-47-50,B7,VC_2756,VC_2756,Potassium uptake protein TrkH; Low-affinity potassium transport system. Interacts with Trk system potassium uptake protein TrkA; Belongs to the TrkH potassium transport family.,10.969036,5.159231,Unclassified,#ff00c3
Plate1_Drawer2 22-Jul-2025 10-47-50,B8,VC_0113,VC_0113,Methyltransferase-related protein; Similar to SP:P37431 PID:295895; identified by sequence similarity; putative.,11.071859,5.573778,Unclassified,#ff00c3
Plate1_Drawer2 22-Jul-2025 10-47-50,B9,VC_1423,VC_1423,Hypothetical protein; Identified by Glimmer2; putative.,9.910557,7.629826,Unclassified,#ff00c3
Plate1_Drawer2 22-Jul-2025 10-47-50,C1,VC_A0588,VC_A0588,"Peptide ABC transporter, ATP-binding protein, putative; Similar to SP:P33916 PID:405909 GB:U00096 PID:1736845 PID:1788506; identified by sequence similarity; putative; Belongs to the ABC transporter superfamily.",11.762492,12.243926,Unclassified,#ff00c3
Plate1_Drawer2 22-Jul-2025 10-47-50,C10,epsC,VC_2734,"General secretion pathway protein C; Involved in a type II secretion system (T2SS, formerly general secretion pathway, GSP) for the export of proteins (By similarity). Required for secretion of cholera toxin through the outer membrane.",11.85931,12.2823925,Unclassified,#ff00c3
Plate1_Drawer2 22-Jul-2025 10-47-50,C11,proQ,VC_1497,"Conserved hypothetical protein; RNA chaperone with significant RNA binding, RNA strand exchange and RNA duplexing activities; Belongs to the ProQ family.",11.722099,12.077873,Unclassified,#ff00c3
Plate1_Drawer2 22-Jul-2025 10-47-50,C12,VC_2627,VC_2627,DamX-related protein; Similar to SP:P11557 GB:Z19601 PID:41226 PID:43274 PID:606322; identified by sequence similarity; putative.,11.36812,10.534329,Unclassified,#ff00c3
Plate1_Drawer2 22-Jul-2025 10-47-50,C2,gshB,VC_0468,Glutathione synthetase; Similar to SP:P04425 GB:X01666 PID:41625 PID:882476 GB:U00096; identified by sequence similarity; putative.,6.741394,2.8004234,Unclassified,#ff00c3
Plate1_Drawer2 22-Jul-2025 10-47-50,C3,potB,VC_1427,"Spermidine/putrescine ABC transporter, permease protein; Similar to GB:M64519 SP:P23860 PID:147327 GB:U00096 PID:1651552; identified by sequence similarity; putative.",10.829452,1.356946,Polyamine Import,#14f7f0
Plate1_Drawer2 22-Jul-2025 10-47-50,C4,flgE,VC_2197,Flagellar hook protein FlgE; Similar to GB:X51737 SP:P16322 GB:X52093 PID:47673; identified by sequence similarity; putative.,10.692278,-0.58209354,Motility,#ff0004
Plate1_Drawer2 22-Jul-2025 10-47-50,C5,glyQ,VC_0021,"glycyl-tRNA synthetase, alpha chain; Similar to SP:P00960 GB:J01622 PID:146222 PID:146225 PID:466698; identified by sequence similarity; putative.",11.40113,9.755743,Unclassified,#ff00c3
Plate1_Drawer2 22-Jul-2025 10-47-50,C6,VC_0462,VC_0462,Twitching motility protein PilT; Similar to SP:P24559 GB:X67095 PID:151490; identified by sequence similarity; putative.,11.757269,9.346808,Unclassified,#ff00c3
Plate1_Drawer2 22-Jul-2025 10-47-50,C7,flhA,VC_2069,"Flagellar biosynthetic protein FlhA; Required for formation of the rod structure of the flagellar apparatus. Together with FliI and FliH, may constitute the export apparatus of flagellin; Belongs to the FHIPEP (flagella/HR/invasion proteins export pore) family.",10.992611,-2.247851,Motility,#ff0004
Plate1_Drawer2 22-Jul-2025 10-47-50,C8,VC_0399,VC_0399,MSHA biogenesis protein MshI; Similar to PID:791156 PID:791153; identified by sequence similarity; putative.,10.810757,5.8468037,Unclassified,#ff00c3
Plate1_Drawer2 22-Jul-2025 10-47-50,C9,fliD,VC_2140,"Flagellar hook-associated protein FliD; FILAMENT CAP Required for the morphogenesis and for the elongation of the flagellar filament by facilitating polymerization of the flagellin monomers at the tip of growing filament. Forms a capping structure, which prevents flagellin subunits (transported through the central channel of the flagellum) from leaking out without polymerization at the distal end (By similarity).",11.572966,4.826349,Motility,#ff0004
Plate1_Drawer2 22-Jul-2025 10-47-50,D1,VC_0196,VC_0196,ATP-dependent DNA helicase RecQ; Similar to GB:M87049 SP:P15043 GB:M30198 PID:147559 PID:148221; identified by sequence similarity; putative.,11.040589,6.1208076,Unclassified,#ff00c3
Plate1_Drawer2 22-Jul-2025 10-47-50,D11,VC_2718; VC_2719,VC_2718; VC_2719,,4.8428645,-6.101516,Unclassified,#ff00c3
Plate1_Drawer2 22-Jul-2025 10-47-50,D12,wbeG,VC_0245,rfbG protein; Similar to GB:X59554 PID:48387; identified by sequence similarity; putative.,10.470182,9.769901,O-Antigen Biosynthesis,#0096ff
Plate1_Drawer2 22-Jul-2025 10-47-50,D2,VC_1933,VC_1933,Hypothetical protein; Identified by Glimmer2; putative.,10.820289,5.704771,Unclassified,#ff00c3
Plate1_Drawer2 22-Jul-2025 10-47-50,D3,VC_A0001,VC_A0001,Hypothetical protein; Identified by Glimmer2; putative.,10.003615,9.466172,Unclassified,#ff00c3
Plate1_Drawer2 22-Jul-2025 10-47-50,D4,fadR,VC_1900,Fatty acid metabolism regulator protein; Multifunctional regulator of fatty acid metabolism.,7.2215414,-0.4855947,Unclassified,#ff00c3
Plate1_Drawer2 22-Jul-2025 10-47-50,D5,pilC,VC_2425,Type IV pilin biogenesis protein PilC; Involved in the translocation of the type IV pilin; Belongs to the GSP F family.,11.757812,10.236331,Unclassified,#ff00c3
Plate1_Drawer2 22-Jul-2025 10-47-50,D6,pta,VC_1097,Phosphate acetyltransferase; Involved in acetate metabolism; In the N-terminal section; belongs to the CobB/CobQ family.,10.85202,11.782015,Unclassified,#ff00c3
Plate1_Drawer2 22-Jul-2025 10-47-50,D7,VC_A0800,VC_A0800,creA protein; Similar to SP:P08367 GB:M13608 PID:147249 PID:147691 PID:537237; identified by sequence similarity; putative.,10.874928,1.368906,Unclassified,#ff00c3
Plate1_Drawer2 22-Jul-2025 10-47-50,D8,wzt,VC_0247,lipopolysaccharide/O-antigen transport protein; Similar to GB:X59554 PID:48389; identified by sequence similarity; putative.,9.44955,4.3112607,O-Antigen Biosynthesis,#0096ff
Plate1_Drawer2 22-Jul-2025 10-47-50,D9,wbeM,VC_0250,Iron-containing alcohol dehydrogenase family protein RfbM; Similar to GB:M26941 SP:P13604 PID:144714; identified by sequence similarity; putative.,9.563336,6.4584036,O-Antigen Biosynthesis,#0096ff
Plate1_Drawer2 22-Jul-2025 10-47-50,E1,VC_A0759,VC_A0759,"Arginine ABC transporter, periplasmic arginine-binding protein; Similar to SP:P30859 GB:X67753 GB:X86160 PID:40931 PID:769791; identified by sequence similarity; putative; Belongs to the bacterial solute-binding protein 3 family.",10.999991,8.469701,Unclassified,#ff00c3
Plate1_Drawer2 22-Jul-2025 10-47-50,E10,VC_1887,VC_1887,Hypothetical protein; Identified by Glimmer2; putative.,9.120702,3.0046499,Unclassified,#ff00c3
Plate1_Drawer2 22-Jul-2025 10-47-50,E11,VC_A0620,VC_A0620,"Thiosulfate sulfurtransferase SseA, putative; Similar to SP:P31142 GB:U00096 PID:1788869 PID:1799924; identified by sequence similarity; putative.",11.344988,11.73964,Unclassified,#ff00c3
Plate1_Drawer2 22-Jul-2025 10-47-50,E2,VC_A0785,VC_A0785,GGDEF family protein; Similar to PID:1651932; identified by sequence similarity; putative.,9.790255,1.8541564,Unclassified,#ff00c3
Plate1_Drawer2 22-Jul-2025 10-47-50,E3,fliE,VC_2134,Flagellar hook-basal body complex protein FliE; Similar to PID:2338730; identified by sequence similarity; putative.,10.706047,-2.1901648,Motility,#ff0004
Plate1_Drawer2 22-Jul-2025 10-47-50,E4,VC_1581,VC_1581,"NADH dehydrogenase, putative; Similar to SP:P33607 PID:397909 GB:U00096 PID:1788614 PID:1799638; identified by sequence similarity; putative.",10.140324,9.771837,Unclassified,#ff00c3
Plate1_Drawer2 22-Jul-2025 10-47-50,E5,fliP,VC_2123,Flagellar biosynthetic protein FliP; Plays a role in the flagellum-specific transport system. Belongs to the FliP/MopC/SpaP family.,11.029402,-2.2325583,Motility,#ff0004
Plate1_Drawer2 22-Jul-2025 10-47-50,E7,VC_2714,VC_2714,Transcriptional regulator OmpR; Similar to PID:2108342; identified by sequence similarity; putative.,9.824342,9.702099,Unclassified,#ff00c3
Plate1_Drawer2 22-Jul-2025 10-47-50,E9,VC_1154,VC_1154,Hypothetical protein; Identified by Glimmer2; putative.,8.661208,10.325225,Unclassified,#ff00c3
Plate1_Drawer2 22-Jul-2025 10-47-50,F10,cdgJ,VC_0137,Conserved hypothetical protein; Phosphodiesterase (PDE) that catalyzes the hydrolysis of cyclic diguanylate (c-di-GMP). Positively regulates motility and negatively regulates biofilm formation.,7.771319,6.3100114,Unclassified,#ff00c3
Plate1_Drawer2 22-Jul-2025 10-47-50,F11,recO,VC_2459,DNA repair protein RecO; Involved in DNA repair and RecF pathway recombination.,8.830536,4.3979297,Unclassified,#ff00c3
Plate1_Drawer2 22-Jul-2025 10-47-50,F12,VC_A0999,VC_A0999,"Transcriptional regulator, TetR family; Similar to GB:U00096 PID:1787354; identified by sequence similarity; putative.",10.986087,10.314883,Unclassified,#ff00c3
Plate1_Drawer2 22-Jul-2025 10-47-50,F2,VC_2224,VC_2224,GGDEF family protein; Similar to GB:U00096 PID:1787603; identified by sequence similarity; putative.,10.025912,11.2531395,Unclassified,#ff00c3
Plate1_Drawer2 22-Jul-2025 10-47-50,F3,VC_A1099,VC_A1099,"ABC transporter, permease protein; Similar to SP:P33591 GB:X73143 PID:404846 PID:466613 GB:U00096; identified by sequence similarity; putative.",11.636063,12.05902,Unclassified,#ff00c3
Plate1_Drawer2 22-Jul-2025 10-47-50,F4,VC_1320,VC_1320,DNA-binding response regulator; Similar to PID:1079807 SP:P52108 GB:U00096 PID:1742647 PID:1742658; identified by sequence similarity; putative.,11.079458,11.62275,Unclassified,#ff00c3
Plate1_Drawer2 22-Jul-2025 10-47-50,F5,VC_1319,VC_1319,Sensor histidine kinase; Similar to GB:M36795 SP:P08336 GB:X13307 PID:145590 PID:305015; identified by sequence similarity; putative.,11.104947,11.854818,Unclassified,#ff00c3
Plate1_Drawer2 22-Jul-2025 10-47-50,F6,VC_A0536,VC_A0536,Conserved hypothetical protein; Identified by Glimmer2; putative.,10.54089,11.498209,Unclassified,#ff00c3
Plate1_Drawer2 22-Jul-2025 10-47-50,F7,VC_1414,VC_1414,"Thermostable carboxypeptidase 1; Broad specificity carboxypetidase that releases amino acids sequentially from the C-terminus, including neutral, aromatic, polar and basic residues.",8.574413,10.18044,Unclassified,#ff00c3
Plate1_Drawer2 22-Jul-2025 10-47-50,F8,VC_A0527,VC_A0527,Conserved hypothetical protein; Identified by Glimmer2; putative.,11.274966,11.912669,Unclassified,#ff00c3
Plate1_Drawer2 22-Jul-2025 10-47-50,F9,argH,VC_2641,Argininosuccinate lyase; Similar to SP:P11447 GB:J01590 GB:M21446 PID:145335 PID:396307; identified by sequence similarity; putative.,10.911195,11.947041,Unclassified,#ff00c3
Plate1_Drawer2 22-Jul-2025 10-47-50,G10,rluE,VC_1140,Pseudouridine synthase family 1 protein; Responsible for synthesis of pseudouridine from uracil-2457 in 23S ribosomal RNA; Belongs to the pseudouridine synthase RsuA family.,10.972105,5.4635353,Unclassified,#ff00c3
Plate1_Drawer2 22-Jul-2025 10-47-50,G11,VC_2524,VC_2524,Conserved hypothetical protein; Catalyzes the hydrolysis of 3-deoxy-D-manno-octulosonate 8- phosphate (KDO 8-P) to 3-deoxy-D-manno-octulosonate (KDO) and inorganic phosphate; Belongs to the KdsC family.,10.051107,9.580602,Unclassified,#ff00c3
Plate1_Drawer2 22-Jul-2025 10-47-50,G12,VC_0900,VC_0900,GGDEF family protein; Similar to PID:1652841; identified by sequence similarity; putative.,9.71708,3.0203202,Unclassified,#ff00c3
Plate1_Drawer2 22-Jul-2025 10-47-50,G2,VC_A0171,VC_A0171,Conserved hypothetical protein; Identified by Glimmer2; putative.,10.850156,2.457717,Unclassified,#ff00c3
Plate1_Drawer2 22-Jul-2025 10-47-50,G3,fliJ,VC_2129,"Flagellar protein FliJ, putative; Similar to PID:1071644 SP:P52613 GB:U00096 PID:1736608 PID:1788252; identified by sequence similarity; putative.",10.6859455,-1.5068601,Motility,#ff0004
Plate1_Drawer2 22-Jul-2025 10-47-50,G4,VC_0161,VC_0161,Transcriptional activator IlvY; Similar to GB:L42023 SP:P44821 PID:1005575 PID:1220765 PID:1204932; identified by sequence similarity; putative; Belongs to the LysR transcriptional regulatory family.,11.121859,5.8712025,Unclassified,#ff00c3
Plate1_Drawer2 22-Jul-2025 10-47-50,G5,VC_0405,VC_0405,MSHA biogenesis protein MshE; Similar to PID:791156 PID:791159; identified by sequence similarity; putative.,10.093787,9.531978,Unclassified,#ff00c3
Plate1_Drawer2 22-Jul-2025 10-47-50,G6,VC_1295,VC_1295,Conserved hypothetical protein; Phosphodiesterase (PDE) that catalyzes the hydrolysis of cyclic diguanylate (c-di-GMP) to GMP in vitro. Increases motility and decreases biofilm formation in vivo.,10.544935,11.415715,Unclassified,#ff00c3
Plate1_Drawer2 22-Jul-2025 10-47-50,G7,flgD,VC_2198,Basal-body rod modification protein FlgD; Required for flagellar hook formation. May act as a scaffolding protein.,11.722465,-0.90305066,Motility,#ff0004
Plate1_Drawer2 22-Jul-2025 10-47-50,G8,manC,VC_0241,Mannose-1-phosphate guanylyltransferase; Similar to GB:X59554 SP:Q07024 PID:48383; identified by sequence similarity; putative.,2.4168918,-0.81727064,O-Antigen Biosynthesis,#0096ff
Plate1_Drawer2 22-Jul-2025 10-47-50,H1,flhG,VC_2067,MinD-related protein; Similar to GP:3695013; identified by sequence similarity; putative. MULTIPLE FILAMENTS,2.3620846,6.0209856,Motility,#ff0004
Plate1_Drawer2 22-Jul-2025 10-47-50,H10,trpR,VC_0701,"Trp operon repressor, putative; This protein is an aporepressor. When complexed with L- tryptophan it binds the operator region of the trp operon and prevents the initiation of transcription (By similarity).",11.1068125,5.8463044,Unclassified,#ff00c3
Plate1_Drawer2 22-Jul-2025 10-47-50,H11,greA,VC_0634,"Transcription elongation factor GreA; Necessary for efficient RNA polymerase transcription elongation past template-encoded arresting sites. The arresting sites in DNA have the property of trapping a certain fraction of elongating RNA polymerases that pass through, resulting in locked ternary complexes. Cleavage of the nascent transcript by cleavage factors such as GreA or GreB allows the resumption of elongation from the new 3'terminus. GreA releases sequences of 2 to 3 nucleotides.",10.251508,8.75381,Unclassified,#ff00c3
Plate1_Drawer2 22-Jul-2025 10-47-50,H12,VC_0419,VC_0419,Cytoplasmic axial filament protein; Similar to SP:P25537 PID:48826 PID:606187 GB:U00096 PID:1789645; identified by sequence similarity; putative.,10.479129,7.8375273,Unclassified,#ff00c3
Plate1_Drawer2 22-Jul-2025 10-47-50,H2,VC_A0940,VC_A0940,"Transcriptional regulator, DeoR family; Similar to SP:P09392 GB:M96795 PID:146186 PID:606358 GB:U00096; identified by sequence similarity; putative.",11.246295,4.1998873,Unclassified,#ff00c3
Plate1_Drawer2 22-Jul-2025 10-47-50,H3,ectA,VC_A0825,"L-2,4-diaminobutyric acid acetyltransferase; Catalyzes the acetylation of L-2,4-diaminobutyrate (DABA) to gamma-N-acetyl-alpha,gamma-diaminobutyric acid (ADABA) with acetyl coenzyme A.",10.255871,8.387116,Unclassified,#ff00c3
Plate1_Drawer2 22-Jul-2025 10-47-50,H4,VC_A0840,VC_A0840,"Deoxycytidylate deaminase, putative; Similar to SP:P33968 GB:X70289 PID:396216; identified by sequence similarity; putative.",10.384815,6.7326035,Unclassified,#ff00c3
Plate1_Drawer2 22-Jul-2025 10-47-50,H6,VC_2522,VC_2522,Conserved hypothetical protein; Identified by Glimmer2; putative.,9.997226,9.701458,Unclassified,#ff00c3
Plate1_Drawer2 22-Jul-2025 10-47-50,H7,glmS,VC_0487,"Glucosamine--fructose-6-phosphate aminotransferase (isomerizing); Catalyzes the first step in hexosamine metabolism, converting fructose-6P into glucosamine-6P using glutamine as a nitrogen source.",10.144579,9.097868,Unclassified,#ff00c3
Plate1_Drawer2 22-Jul-2025 10-47-50,H8,manA,VC_0269,Mannose-6-phosphate isomerase; Similar to SP:P25081 GB:X57117 PID:48820; identified by sequence similarity; putative; Belongs to the mannose-6-phosphate isomerase type 1 family.,2.0851703,-0.27992898,O-Antigen Biosynthesis,#0096ff
Plate1_Drawer2 22-Jul-2025 10-47-50,H9,nusB,VC_2267,N utilization substance protein B; Involved in transcription antitermination. Required for transcription of ribosomal RNA (rRNA) genes. Binds specifically to the boxA antiterminator sequence of the ribosomal RNA (rrn) operons.,11.248539,10.713549,Unclassified,#ff00c3
Plate1_Drawer2 25-Aug-2025 11-46-41,A1,ung,VC_2359,uracil-DNA glycosylase; Excises uracil residues from the DNA which can arise as a result of misincorporation of dUMP residues by DNA polymerase or due to deamination of cytosine.,8.71653,5.976609,Unclassified,#ff00c3
Plate1_Drawer2 25-Aug-2025 11-46-41,A10,VC_1462,VC_1462,RstB2 protein; Similar to GP:2564358; identified by sequence similarity; putative.,8.536237,8.107642,Unclassified,#ff00c3
Plate1_Drawer2 25-Aug-2025 11-46-41,A12,wavA,VC_0223,"ADP-heptose--LPS heptosyltransferase II, putative; Similar to GB:L42023 SP:P44011 PID:1003930 PID:1222457 PID:1204774; identified by sequence similarity; putative.",9.650727,5.9430637,O-Antigen Biosynthesis,#0096ff
Plate1_Drawer2 25-Aug-2025 11-46-41,A2,VC_2453,VC_2453,Sensor histidine kinase/response regulator; Similar to GB:D10888 SP:P26607 PID:216535 PID:882680 GB:U00096; identified by sequence similarity; putative.,9.384527,5.9824467,Unclassified,#ff00c3
Plate1_Drawer2 25-Aug-2025 11-46-41,A3,VC_2311,VC_2311,HesA/MoeB/ThiF family protein; Similar to GB:D21145 PID:471103 PID:882707 GB:U00096 SP:Q46927; identified by sequence similarity; putative.,9.160705,7.6772866,Unclassified,#ff00c3
Plate1_Drawer2 25-Aug-2025 11-46-41,A5,rsmJ,VC_0073,Conserved hypothetical protein; Specifically methylates the guanosine in position 1516 of 16S rRNA.,9.371518,8.407775,Unclassified,#ff00c3
Plate1_Drawer2 25-Aug-2025 11-46-41,A6,potC,VC_1426,"Spermidine/putrescine ABC transporter, permease protein; Similar to GB:M64519 SP:P23859 PID:147328 GB:U00096 PID:1651551; identified by sequence similarity; putative.",10.609935,8.911246,Polyamine Import,#14f7f0
Plate1_Drawer2 25-Aug-2025 11-46-41,A7,pckA,VC_2738,Phosphoenolpyruvate carboxykinase; Involved in the gluconeogenesis. Catalyzes the conversion of oxaloacetate (OAA) to phosphoenolpyruvate (PEP) through direct phosphoryl transfer between the nucleoside triphosphate and OAA. Belongs to the phosphoenolpyruvate carboxykinase (ATP) family.,9.544356,1.5960653,Unclassified,#ff00c3
Plate1_Drawer2 25-Aug-2025 11-46-41,A8,rluD,VC_0709,"Ribosomal large subunit pseudouridine synthase D; Responsible for synthesis of pseudouridine from uracil at positions 1911, 1915 and 1917 in 23S ribosomal RNA; Belongs to the pseudouridine synthase RluA family.",8.81557,7.1509657,Unclassified,#ff00c3
Plate1_Drawer2 25-Aug-2025 11-46-41,A9,vibB,VC_0771,Vibriobactin-specific isochorismatase; Involved in the biosynthesis of the catechol siderophore vibriobactin. Vibriobactin is a chelating compound involved in transporting iron from the bacterial environment into the cell cytoplasm; Belongs to the isochorismatase family.,5.467868,1.5467603,Vibriobactin Biosynthesis,#ba17f6
Plate1_Drawer2 25-Aug-2025 11-46-41,B1,flgB,VC_2200,"Flagellar basal-body rod protein FlgB; Structural component of flagellum, the bacterial motility apparatus. Part of the rod structure of flagellar basal body.",10.854854,-1.5939158,Motility,#ff0004
Plate1_Drawer2 25-Aug-2025 11-46-41,B10,flgP,VC_2206,Conserved hypothetical protein; Identified by Glimmer2; putative.,10.850315,5.7305255,Motility,#ff0004
Plate1_Drawer2 25-Aug-2025 11-46-41,B11,fliQ,VC_2122,Flagellar biosynthetic protein FliQ; Role in flagellar biosynthesis. Belongs to the FliQ/MopD/SpaQ family.,9.212825,-1.1032662,Motility,#ff0004
Plate1_Drawer2 25-Aug-2025 11-46-41,B12,argF,VC_2508,Ornithine carbamoyltransferase; Reversibly catalyzes the transfer of the carbamoyl group from carbamoyl phosphate (CP) to the N(epsilon) atom of ornithine (ORN) to produce L-citrulline; Belongs to the aspartate/ornithine carbamoyltransferase superfamily. OTCase family.,9.174391,9.432433,Unclassified,#ff00c3
Plate1_Drawer2 25-Aug-2025 11-46-41,B2,fliS,VC_2138,Flagellar protein FliS; Similar to GB:U12816 PID:1254205; identified by sequence similarity; putative.,9.809207,-1.4513085,Motility,#ff0004
Plate1_Drawer2 25-Aug-2025 11-46-41,B3,VC_A1081,VC_A1081,Hypothetical protein; Identified by Glimmer2; putative.,9.313048,5.111323,Unclassified,#ff00c3
Plate1_Drawer2 25-Aug-2025 11-46-41,B4,VC_1909,VC_1909,Hypothetical protein; Identified by Glimmer2; putative.,10.220017,8.632876,Unclassified,#ff00c3
Plate1_Drawer2 25-Aug-2025 11-46-41,B5,VC_0449,VC_0449,Methyl-accepting chemotaxis protein; Similar to GB:X61367 PID:48195; identified by sequence similarity; putative.,8.314244,8.660739,Unclassified,#ff00c3
Plate1_Drawer2 25-Aug-2025 11-46-41,B6,VC_1498,VC_1498,Conserved hypothetical protein; Identified by Glimmer2; putative.,10.482722,9.969821,Unclassified,#ff00c3
Plate1_Drawer2 25-Aug-2025 11-46-41,B7,VC_2756,VC_2756,Potassium uptake protein TrkH; Low-affinity potassium transport system. Interacts with Trk system potassium uptake protein TrkA; Belongs to the TrkH potassium transport family.,8.752912,4.5516386,Unclassified,#ff00c3
Plate1_Drawer2 25-Aug-2025 11-46-41,B8,VC_0113,VC_0113,Methyltransferase-related protein; Similar to SP:P37431 PID:295895; identified by sequence similarity; putative.,7.672433,3.913951,Unclassified,#ff00c3
Plate1_Drawer2 25-Aug-2025 11-46-41,B9,VC_1423,VC_1423,Hypothetical protein; Identified by Glimmer2; putative.,10.4882,7.5316577,Unclassified,#ff00c3
Plate1_Drawer2 25-Aug-2025 11-46-41,C1,VC_A0588,VC_A0588,"Peptide ABC transporter, ATP-binding protein, putative; Similar to SP:P33916 PID:405909 GB:U00096 PID:1736845 PID:1788506; identified by sequence similarity; putative; Belongs to the ABC transporter superfamily.",7.385234,7.131774,Unclassified,#ff00c3
Plate1_Drawer2 25-Aug-2025 11-46-41,C10,epsC,VC_2734,"General secretion pathway protein C; Involved in a type II secretion system (T2SS, formerly general secretion pathway, GSP) for the export of proteins (By similarity). Required for secretion of cholera toxin through the outer membrane.",11.184488,12.073455,Unclassified,#ff00c3
Plate1_Drawer2 25-Aug-2025 11-46-41,C11,proQ,VC_1497,"Conserved hypothetical protein; RNA chaperone with significant RNA binding, RNA strand exchange and RNA duplexing activities; Belongs to the ProQ family.",10.475288,11.586762,Unclassified,#ff00c3
Plate1_Drawer2 25-Aug-2025 11-46-41,C12,VC_2627,VC_2627,DamX-related protein; Similar to SP:P11557 GB:Z19601 PID:41226 PID:43274 PID:606322; identified by sequence similarity; putative.,9.060916,8.441453,Unclassified,#ff00c3
Plate1_Drawer2 25-Aug-2025 11-46-41,C2,gshB,VC_0468,Glutathione synthetase; Similar to SP:P04425 GB:X01666 PID:41625 PID:882476 GB:U00096; identified by sequence similarity; putative.,6.910697,3.0651903,Unclassified,#ff00c3
Plate1_Drawer2 25-Aug-2025 11-46-41,C3,potB,VC_1427,"Spermidine/putrescine ABC transporter, permease protein; Similar to GB:M64519 SP:P23860 PID:147327 GB:U00096 PID:1651552; identified by sequence similarity; putative.",10.582302,1.3803074,Polyamine Import,#14f7f0
Plate1_Drawer2 25-Aug-2025 11-46-41,C4,flgE,VC_2197,Flagellar hook protein FlgE; Similar to GB:X51737 SP:P16322 GB:X52093 PID:47673; identified by sequence similarity; putative.,11.783368,-0.6422263,Motility,#ff0004
Plate1_Drawer2 25-Aug-2025 11-46-41,C5,glyQ,VC_0021,"glycyl-tRNA synthetase, alpha chain; Similar to SP:P00960 GB:J01622 PID:146222 PID:146225 PID:466698; identified by sequence similarity; putative.",10.014845,9.361171,Unclassified,#ff00c3
Plate1_Drawer2 25-Aug-2025 11-46-41,C6,VC_0462,VC_0462,Twitching motility protein PilT; Similar to SP:P24559 GB:X67095 PID:151490; identified by sequence similarity; putative.,11.491127,10.94771,Unclassified,#ff00c3
Plate1_Drawer2 25-Aug-2025 11-46-41,C7,flhA,VC_2069,"Flagellar biosynthetic protein FlhA; Required for formation of the rod structure of the flagellar apparatus. Together with FliI and FliH, may constitute the export apparatus of flagellin; Belongs to the FHIPEP (flagella/HR/invasion proteins export pore) family.",11.097489,3.1548715,Motility,#ff0004
Plate1_Drawer2 25-Aug-2025 11-46-41,C8,VC_0399,VC_0399,MSHA biogenesis protein MshI; Similar to PID:791156 PID:791153; identified by sequence similarity; putative.,9.491103,5.8013043,Unclassified,#ff00c3
Plate1_Drawer2 25-Aug-2025 11-46-41,C9,fliD,VC_2140,"Flagellar hook-associated protein FliD; FILAMENT CAP Required for the morphogenesis and for the elongation of the flagellar filament by facilitating polymerization of the flagellin monomers at the tip of growing filament. Forms a capping structure, which prevents flagellin subunits (transported through the central channel of the flagellum) from leaking out without polymerization at the distal end (By similarity).",11.483245,9.436885,Motility,#ff0004
Plate1_Drawer2 25-Aug-2025 11-46-41,D1,VC_0196,VC_0196,ATP-dependent DNA helicase RecQ; Similar to GB:M87049 SP:P15043 GB:M30198 PID:147559 PID:148221; identified by sequence similarity; putative.,9.475919,8.104777,Unclassified,#ff00c3
Plate1_Drawer2 25-Aug-2025 11-46-41,D10,VC_2270,VC_2270,Riboflavin,5.629376,2.0826101,Unclassified,#ff00c3
Plate1_Drawer2 25-Aug-2025 11-46-41,D11,VC_2718; VC_2719,VC_2718; VC_2719,,4.8048882,-6.0825205,Unclassified,#ff00c3
Plate1_Drawer2 25-Aug-2025 11-46-41,D12,wbeG,VC_0245,rfbG protein; Similar to GB:X59554 PID:48387; identified by sequence similarity; putative.,9.221169,6.9960833,O-Antigen Biosynthesis,#0096ff
Plate1_Drawer2 25-Aug-2025 11-46-41,D2,VC_1933,VC_1933,Hypothetical protein; Identified by Glimmer2; putative.,10.000632,6.1722198,Unclassified,#ff00c3
Plate1_Drawer2 25-Aug-2025 11-46-41,D3,VC_A0001,VC_A0001,Hypothetical protein; Identified by Glimmer2; putative.,9.170999,8.916639,Unclassified,#ff00c3
Plate1_Drawer2 25-Aug-2025 11-46-41,D4,fadR,VC_1900,Fatty acid metabolism regulator protein; Multifunctional regulator of fatty acid metabolism.,7.4500318,-0.4781073,Unclassified,#ff00c3
Plate1_Drawer2 25-Aug-2025 11-46-41,D5,pilC,VC_2425,Type IV pilin biogenesis protein PilC; Involved in the translocation of the type IV pilin; Belongs to the GSP F family.,10.689755,10.841103,Unclassified,#ff00c3
Plate1_Drawer2 25-Aug-2025 11-46-41,D6,pta,VC_1097,Phosphate acetyltransferase; Involved in acetate metabolism; In the N-terminal section; belongs to the CobB/CobQ family.,10.097238,11.166663,Unclassified,#ff00c3
Plate1_Drawer2 25-Aug-2025 11-46-41,D7,VC_A0800,VC_A0800,creA protein; Similar to SP:P08367 GB:M13608 PID:147249 PID:147691 PID:537237; identified by sequence similarity; putative.,10.182279,1.7779268,Unclassified,#ff00c3
Plate1_Drawer2 25-Aug-2025 11-46-41,D8,wzt,VC_0247,lipopolysaccharide/O-antigen transport protein; Similar to GB:X59554 PID:48389; identified by sequence similarity; putative.,11.855725,9.60537,O-Antigen Biosynthesis,#0096ff
Plate1_Drawer2 25-Aug-2025 11-46-41,D9,wbeM,VC_0250,Iron-containing alcohol dehydrogenase family protein RfbM; Similar to GB:M26941 SP:P13604 PID:144714; identified by sequence similarity; putative.,10.876309,5.313923,O-Antigen Biosynthesis,#0096ff
Plate1_Drawer2 25-Aug-2025 11-46-41,E1,VC_A0759,VC_A0759,"Arginine ABC transporter, periplasmic arginine-binding protein; Similar to SP:P30859 GB:X67753 GB:X86160 PID:40931 PID:769791; identified by sequence similarity; putative; Belongs to the bacterial solute-binding protein 3 family.",8.726602,4.555713,Unclassified,#ff00c3
Plate1_Drawer2 25-Aug-2025 11-46-41,E10,VC_1887,VC_1887,Hypothetical protein; Identified by Glimmer2; putative.,5.0059314,-4.8052406,Unclassified,#ff00c3
Plate1_Drawer2 25-Aug-2025 11-46-41,E11,VC_A0620,VC_A0620,"Thiosulfate sulfurtransferase SseA, putative; Similar to SP:P31142 GB:U00096 PID:1788869 PID:1799924; identified by sequence similarity; putative.",11.606416,11.962137,Unclassified,#ff00c3
Plate1_Drawer2 25-Aug-2025 11-46-41,E12,trmJ,VC_0746,"RNA methyltransferase, TrmH family; Catalyzes the formation of 2'O-methylated cytidine (Cm32) or 2'O-methylated uridine (Um32) at position 32 in tRNA.",9.366292,10.760713,Unclassified,#ff00c3
Plate1_Drawer2 25-Aug-2025 11-46-41,E2,VC_A0785,VC_A0785,GGDEF family protein; Similar to PID:1651932; identified by sequence similarity; putative.,10.401557,2.5915504,Unclassified,#ff00c3
Plate1_Drawer2 25-Aug-2025 11-46-41,E3,fliE,VC_2134,Flagellar hook-basal body complex protein FliE; Similar to PID:2338730; identified by sequence similarity; putative.,10.753179,-2.0129228,Motility,#ff0004
Plate1_Drawer2 25-Aug-2025 11-46-41,E4,VC_1581,VC_1581,"NADH dehydrogenase, putative; Similar to SP:P33607 PID:397909 GB:U00096 PID:1788614 PID:1799638; identified by sequence similarity; putative.",10.442325,9.891172,Unclassified,#ff00c3
Plate1_Drawer2 25-Aug-2025 11-46-41,E5,fliP,VC_2123,Flagellar biosynthetic protein FliP; Plays a role in the flagellum-specific transport system. Belongs to the FliP/MopC/SpaP family.,9.14633,-1.2523254,Motility,#ff0004
Plate1_Drawer2 25-Aug-2025 11-46-41,E6,lpxM,VC_0212,Lipid A biosynthesis (kdo)2-(lauroyl)-lipid IVA acyltransferase; Catalyzes the transfer of myristate from myristoyl-acyl carrier protein (ACP) to Kdo(2)-(lauroyl)-lipid IV(A) to form Kdo(2)- lipid A.,10.871415,3.0317304,O-Antigen Biosynthesis,#0096ff
Plate1_Drawer2 25-Aug-2025 11-46-41,E7,VC_2714,VC_2714,Transcriptional regulator OmpR; Similar to PID:2108342; identified by sequence similarity; putative.,9.486069,10.95332,Unclassified,#ff00c3
Plate1_Drawer2 25-Aug-2025 11-46-41,E9,VC_1154,VC_1154,Hypothetical protein; Identified by Glimmer2; putative.,7.821166,9.441092,Unclassified,#ff00c3
Plate1_Drawer2 25-Aug-2025 11-46-41,F10,cdgJ,VC_0137,Conserved hypothetical protein; Phosphodiesterase (PDE) that catalyzes the hydrolysis of cyclic diguanylate (c-di-GMP). Positively regulates motility and negatively regulates biofilm formation.,7.466103,6.862939,Unclassified,#ff00c3
Plate1_Drawer2 25-Aug-2025 11-46-41,F11,recO,VC_2459,DNA repair protein RecO; Involved in DNA repair and RecF pathway recombination.,9.339557,4.887758,Unclassified,#ff00c3
Plate1_Drawer2 25-Aug-2025 11-46-41,F12,VC_A0999,VC_A0999,"Transcriptional regulator, TetR family; Similar to GB:U00096 PID:1787354; identified by sequence similarity; putative.",10.076829,8.73233,Unclassified,#ff00c3
Plate1_Drawer2 25-Aug-2025 11-46-41,F2,VC_2224,VC_2224,GGDEF family protein; Similar to GB:U00096 PID:1787603; identified by sequence similarity; putative.,7.82971,9.653184,Unclassified,#ff00c3
Plate1_Drawer2 25-Aug-2025 11-46-41,F3,VC_A1099,VC_A1099,"ABC transporter, permease protein; Similar to SP:P33591 GB:X73143 PID:404846 PID:466613 GB:U00096; identified by sequence similarity; putative.",10.521829,11.4682255,Unclassified,#ff00c3
Plate1_Drawer2 25-Aug-2025 11-46-41,F4,VC_1320,VC_1320,DNA-binding response regulator; Similar to PID:1079807 SP:P52108 GB:U00096 PID:1742647 PID:1742658; identified by sequence similarity; putative.,8.879955,9.812111,Unclassified,#ff00c3
Plate1_Drawer2 25-Aug-2025 11-46-41,F5,VC_1319,VC_1319,Sensor histidine kinase; Similar to GB:M36795 SP:P08336 GB:X13307 PID:145590 PID:305015; identified by sequence similarity; putative.,9.282251,10.398739,Unclassified,#ff00c3
Plate1_Drawer2 25-Aug-2025 11-46-41,F6,VC_A0536,VC_A0536,Conserved hypothetical protein; Identified by Glimmer2; putative.,10.033091,9.8589735,Unclassified,#ff00c3
Plate1_Drawer2 25-Aug-2025 11-46-41,F7,VC_1414,VC_1414,"Thermostable carboxypeptidase 1; Broad specificity carboxypetidase that releases amino acids sequentially from the C-terminus, including neutral, aromatic, polar and basic residues.",10.805873,11.72521,Unclassified,#ff00c3
Plate1_Drawer2 25-Aug-2025 11-46-41,F8,VC_A0527,VC_A0527,Conserved hypothetical protein; Identified by Glimmer2; putative.,8.490222,10.271159,Unclassified,#ff00c3
Plate1_Drawer2 25-Aug-2025 11-46-41,F9,argH,VC_2641,Argininosuccinate lyase; Similar to SP:P11447 GB:J01590 GB:M21446 PID:145335 PID:396307; identified by sequence similarity; putative.,10.457735,11.4484825,Unclassified,#ff00c3
Plate1_Drawer2 25-Aug-2025 11-46-41,G1,guaB,VC_0767,"Inosine-5`-monophosphate dehydrogenase; Catalyzes the conversion of inosine 5'-phosphate (IMP) to xanthosine 5'-phosphate (XMP), the first committed and rate-limiting step in the de novo synthesis of guanine nucleotides, and therefore plays an important role in the regulation of cell growth. Belongs to the IMPDH/GMPR family.",5.834562,2.5699155,Unclassified,#ff00c3
Plate1_Drawer2 25-Aug-2025 11-46-41,G10,rluE,VC_1140,Pseudouridine synthase family 1 protein; Responsible for synthesis of pseudouridine from uracil-2457 in 23S ribosomal RNA; Belongs to the pseudouridine synthase RsuA family.,8.731299,4.1832914,Unclassified,#ff00c3
Plate1_Drawer2 25-Aug-2025 11-46-41,G11,VC_2524,VC_2524,Conserved hypothetical protein; Catalyzes the hydrolysis of 3-deoxy-D-manno-octulosonate 8- phosphate (KDO 8-P) to 3-deoxy-D-manno-octulosonate (KDO) and inorganic phosphate; Belongs to the KdsC family.,9.882844,10.299906,Unclassified,#ff00c3
Plate1_Drawer2 25-Aug-2025 11-46-41,G12,VC_0900,VC_0900,GGDEF family protein; Similar to PID:1652841; identified by sequence similarity; putative.,10.655651,2.4984672,Unclassified,#ff00c3
Plate1_Drawer2 25-Aug-2025 11-46-41,G2,VC_A0171,VC_A0171,Conserved hypothetical protein; Identified by Glimmer2; putative.,10.052557,2.2423804,Unclassified,#ff00c3
Plate1_Drawer2 25-Aug-2025 11-46-41,G3,fliJ,VC_2129,"Flagellar protein FliJ, putative; Similar to PID:1071644 SP:P52613 GB:U00096 PID:1736608 PID:1788252; identified by sequence similarity; putative.",11.274897,4.071682,Motility,#ff0004
Plate1_Drawer2 25-Aug-2025 11-46-41,G4,VC_0161,VC_0161,Transcriptional activator IlvY; Similar to GB:L42023 SP:P44821 PID:1005575 PID:1220765 PID:1204932; identified by sequence similarity; putative; Belongs to the LysR transcriptional regulatory family.,9.216147,4.6693525,Unclassified,#ff00c3
Plate1_Drawer2 25-Aug-2025 11-46-41,G5,VC_0405,VC_0405,MSHA biogenesis protein MshE; Similar to PID:791156 PID:791159; identified by sequence similarity; putative.,8.746004,8.528884,Unclassified,#ff00c3
Plate1_Drawer2 25-Aug-2025 11-46-41,G6,VC_1295,VC_1295,Conserved hypothetical protein; Phosphodiesterase (PDE) that catalyzes the hydrolysis of cyclic diguanylate (c-di-GMP) to GMP in vitro. Increases motility and decreases biofilm formation in vivo.,9.316084,10.63483,Unclassified,#ff00c3
Plate1_Drawer2 25-Aug-2025 11-46-41,G7,flgD,VC_2198,Basal-body rod modification protein FlgD; Required for flagellar hook formation. May act as a scaffolding protein.,10.490132,-0.5788093,Motility,#ff0004
Plate1_Drawer2 25-Aug-2025 11-46-41,G8,manC,VC_0241,Mannose-1-phosphate guanylyltransferase; Similar to GB:X59554 SP:Q07024 PID:48383; identified by sequence similarity; putative.,2.371029,-0.79001135,O-Antigen Biosynthesis,#0096ff
Plate1_Drawer2 25-Aug-2025 11-46-41,H1,flhG,VC_2067,MinD-related protein; Similar to GP:3695013; identified by sequence similarity; putative. MULTIPLE FILAMENTS,2.7613814,6.2716665,Motility,#ff0004
Plate1_Drawer2 25-Aug-2025 11-46-41,H10,trpR,VC_0701,"Trp operon repressor, putative; This protein is an aporepressor. When complexed with L- tryptophan it binds the operator region of the trp operon and prevents the initiation of transcription (By similarity).",9.415661,6.6090264,Unclassified,#ff00c3
Plate1_Drawer2 25-Aug-2025 11-46-41,H11,greA,VC_0634,"Transcription elongation factor GreA; Necessary for efficient RNA polymerase transcription elongation past template-encoded arresting sites. The arresting sites in DNA have the property of trapping a certain fraction of elongating RNA polymerases that pass through, resulting in locked ternary complexes. Cleavage of the nascent transcript by cleavage factors such as GreA or GreB allows the resumption of elongation from the new 3'terminus. GreA releases sequences of 2 to 3 nucleotides.",8.072991,7.049357,Unclassified,#ff00c3
Plate1_Drawer2 25-Aug-2025 11-46-41,H12,VC_0419,VC_0419,Cytoplasmic axial filament protein; Similar to SP:P25537 PID:48826 PID:606187 GB:U00096 PID:1789645; identified by sequence similarity; putative.,10.374155,9.682095,Unclassified,#ff00c3
Plate1_Drawer2 25-Aug-2025 11-46-41,H2,VC_A0940,VC_A0940,"Transcriptional regulator, DeoR family; Similar to SP:P09392 GB:M96795 PID:146186 PID:606358 GB:U00096; identified by sequence similarity; putative.",9.619624,4.3740582,Unclassified,#ff00c3
Plate1_Drawer2 25-Aug-2025 11-46-41,H3,ectA,VC_A0825,"L-2,4-diaminobutyric acid acetyltransferase; Catalyzes the acetylation of L-2,4-diaminobutyrate (DABA) to gamma-N-acetyl-alpha,gamma-diaminobutyric acid (ADABA) with acetyl coenzyme A.",7.923028,8.079457,Unclassified,#ff00c3
Plate1_Drawer2 25-Aug-2025 11-46-41,H4,VC_A0840,VC_A0840,"Deoxycytidylate deaminase, putative; Similar to SP:P33968 GB:X70289 PID:396216; identified by sequence similarity; putative.",9.481585,8.0176525,Unclassified,#ff00c3
Plate1_Drawer2 25-Aug-2025 11-46-41,H6,VC_2522,VC_2522,Conserved hypothetical protein; Identified by Glimmer2; putative.,8.414143,6.6057053,Unclassified,#ff00c3
Plate1_Drawer2 25-Aug-2025 11-46-41,H7,glmS,VC_0487,"Glucosamine--fructose-6-phosphate aminotransferase (isomerizing); Catalyzes the first step in hexosamine metabolism, converting fructose-6P into glucosamine-6P using glutamine as a nitrogen source.",9.53907,7.525604,Unclassified,#ff00c3
Plate1_Drawer2 25-Aug-2025 11-46-41,H8,manA,VC_0269,Mannose-6-phosphate isomerase; Similar to SP:P25081 GB:X57117 PID:48820; identified by sequence similarity; putative; Belongs to the mannose-6-phosphate isomerase type 1 family.,2.3463314,-0.6419909,O-Antigen Biosynthesis,#0096ff
Plate1_Drawer2 25-Aug-2025 11-46-41,H9,nusB,VC_2267,N utilization substance protein B; Involved in transcription antitermination. Required for transcription of ribosomal RNA (rRNA) genes. Binds specifically to the boxA antiterminator sequence of the ribosomal RNA (rrn) operons.,9.384156,9.662724,Unclassified,#ff00c3
Plate1_Drawer2 25-Jul-2025 14-05-14,A1,ung,VC_2359,uracil-DNA glycosylase; Excises uracil residues from the DNA which can arise as a result of misincorporation of dUMP residues by DNA polymerase or due to deamination of cytosine.,7.2965884,2.840788,Unclassified,#ff00c3
Plate1_Drawer2 25-Jul-2025 14-05-14,A10,VC_1462,VC_1462,RstB2 protein; Similar to GP:2564358; identified by sequence similarity; putative.,7.974617,6.1993766,Unclassified,#ff00c3
Plate1_Drawer2 25-Jul-2025 14-05-14,A12,wavA,VC_0223,"ADP-heptose--LPS heptosyltransferase II, putative; Similar to GB:L42023 SP:P44011 PID:1003930 PID:1222457 PID:1204774; identified by sequence similarity; putative.",8.030075,3.2936022,O-Antigen Biosynthesis,#0096ff
Plate1_Drawer2 25-Jul-2025 14-05-14,A2,VC_2453,VC_2453,Sensor histidine kinase/response regulator; Similar to GB:D10888 SP:P26607 PID:216535 PID:882680 GB:U00096; identified by sequence similarity; putative.,7.2778883,5.7722974,Unclassified,#ff00c3
Plate1_Drawer2 25-Jul-2025 14-05-14,A3,VC_2311,VC_2311,HesA/MoeB/ThiF family protein; Similar to GB:D21145 PID:471103 PID:882707 GB:U00096 SP:Q46927; identified by sequence similarity; putative.,7.4310546,4.482419,Unclassified,#ff00c3
Plate1_Drawer2 25-Jul-2025 14-05-14,A4,lipA,VC_0943,"Lipoic acid synthetase; Catalyzes the radical-mediated insertion of two sulfur atoms into the C-6 and C-8 positions of the octanoyl moiety bound to the lipoyl domains of lipoate-dependent enzymes, thereby converting the octanoylated domains into lipoylated derivatives.",4.93171,1.0437768,Pyruvate Flux,#39ff14
Plate1_Drawer2 25-Jul-2025 14-05-14,A5,rsmJ,VC_0073,Conserved hypothetical protein; Specifically methylates the guanosine in position 1516 of 16S rRNA.,11.8607435,12.174089,Unclassified,#ff00c3
Plate1_Drawer2 25-Jul-2025 14-05-14,A6,potC,VC_1426,"Spermidine/putrescine ABC transporter, permease protein; Similar to GB:M64519 SP:P23859 PID:147328 GB:U00096 PID:1651551; identified by sequence similarity; putative.",7.561224,6.565069,Polyamine Import,#14f7f0
Plate1_Drawer2 25-Jul-2025 14-05-14,A7,pckA,VC_2738,Phosphoenolpyruvate carboxykinase; Involved in the gluconeogenesis. Catalyzes the conversion of oxaloacetate (OAA) to phosphoenolpyruvate (PEP) through direct phosphoryl transfer between the nucleoside triphosphate and OAA. Belongs to the phosphoenolpyruvate carboxykinase (ATP) family.,8.069989,2.735573,Unclassified,#ff00c3
Plate1_Drawer2 25-Jul-2025 14-05-14,A8,rluD,VC_0709,"Ribosomal large subunit pseudouridine synthase D; Responsible for synthesis of pseudouridine from uracil at positions 1911, 1915 and 1917 in 23S ribosomal RNA; Belongs to the pseudouridine synthase RluA family.",7.972009,5.9699907,Unclassified,#ff00c3
Plate1_Drawer2 25-Jul-2025 14-05-14,B1,flgB,VC_2200,"Flagellar basal-body rod protein FlgB; Structural component of flagellum, the bacterial motility apparatus. Part of the rod structure of flagellar basal body.",10.078797,-0.6466851,Motility,#ff0004
Plate1_Drawer2 25-Jul-2025 14-05-14,B10,flgP,VC_2206,Conserved hypothetical protein; Identified by Glimmer2; putative.,9.000085,1.2832861,Motility,#ff0004
Plate1_Drawer2 25-Jul-2025 14-05-14,B11,fliQ,VC_2122,Flagellar biosynthetic protein FliQ; Role in flagellar biosynthesis. Belongs to the FliQ/MopD/SpaQ family.,8.691573,-0.74911755,Motility,#ff0004
Plate1_Drawer2 25-Jul-2025 14-05-14,B12,argF,VC_2508,Ornithine carbamoyltransferase; Reversibly catalyzes the transfer of the carbamoyl group from carbamoyl phosphate (CP) to the N(epsilon) atom of ornithine (ORN) to produce L-citrulline; Belongs to the aspartate/ornithine carbamoyltransferase superfamily. OTCase family.,7.117517,7.488406,Unclassified,#ff00c3
Plate1_Drawer2 25-Jul-2025 14-05-14,B2,fliS,VC_2138,Flagellar protein FliS; Similar to GB:U12816 PID:1254205; identified by sequence similarity; putative.,7.931334,-0.02538296,Motility,#ff0004
Plate1_Drawer2 25-Jul-2025 14-05-14,B3,VC_A1081,VC_A1081,Hypothetical protein; Identified by Glimmer2; putative.,7.443973,3.2753668,Unclassified,#ff00c3
Plate1_Drawer2 25-Jul-2025 14-05-14,B4,VC_1909,VC_1909,Hypothetical protein; Identified by Glimmer2; putative.,9.398904,7.32343,Unclassified,#ff00c3
Plate1_Drawer2 25-Jul-2025 14-05-14,B5,VC_0449,VC_0449,Methyl-accepting chemotaxis protein; Similar to GB:X61367 PID:48195; identified by sequence similarity; putative.,6.82802,6.698352,Unclassified,#ff00c3
Plate1_Drawer2 25-Jul-2025 14-05-14,B6,VC_1498,VC_1498,Conserved hypothetical protein; Identified by Glimmer2; putative.,7.7075095,5.5935245,Unclassified,#ff00c3
Plate1_Drawer2 25-Jul-2025 14-05-14,B7,VC_2756,VC_2756,Potassium uptake protein TrkH; Low-affinity potassium transport system. Interacts with Trk system potassium uptake protein TrkA; Belongs to the TrkH potassium transport family.,7.7406,3.3806612,Unclassified,#ff00c3
Plate1_Drawer2 25-Jul-2025 14-05-14,B8,VC_0113,VC_0113,Methyltransferase-related protein; Similar to SP:P37431 PID:295895; identified by sequence similarity; putative.,7.5612445,3.2615886,Unclassified,#ff00c3
Plate1_Drawer2 25-Jul-2025 14-05-14,B9,VC_1423,VC_1423,Hypothetical protein; Identified by Glimmer2; putative.,6.9913716,5.9401283,Unclassified,#ff00c3
Plate1_Drawer2 25-Jul-2025 14-05-14,C1,VC_A0588,VC_A0588,"Peptide ABC transporter, ATP-binding protein, putative; Similar to SP:P33916 PID:405909 GB:U00096 PID:1736845 PID:1788506; identified by sequence similarity; putative; Belongs to the ABC transporter superfamily.",7.769499,7.671146,Unclassified,#ff00c3
Plate1_Drawer2 25-Jul-2025 14-05-14,C10,epsC,VC_2734,"General secretion pathway protein C; Involved in a type II secretion system (T2SS, formerly general secretion pathway, GSP) for the export of proteins (By similarity). Required for secretion of cholera toxin through the outer membrane.",7.2867,8.104868,Unclassified,#ff00c3
Plate1_Drawer2 25-Jul-2025 14-05-14,C11,proQ,VC_1497,"Conserved hypothetical protein; RNA chaperone with significant RNA binding, RNA strand exchange and RNA duplexing activities; Belongs to the ProQ family.",7.4531927,7.796393,Unclassified,#ff00c3
Plate1_Drawer2 25-Jul-2025 14-05-14,C12,VC_2627,VC_2627,DamX-related protein; Similar to SP:P11557 GB:Z19601 PID:41226 PID:43274 PID:606322; identified by sequence similarity; putative.,8.040612,6.200291,Unclassified,#ff00c3
Plate1_Drawer2 25-Jul-2025 14-05-14,C2,gshB,VC_0468,Glutathione synthetase; Similar to SP:P04425 GB:X01666 PID:41625 PID:882476 GB:U00096; identified by sequence similarity; putative.,5.53267,1.9195589,Unclassified,#ff00c3
Plate1_Drawer2 25-Jul-2025 14-05-14,C3,potB,VC_1427,"Spermidine/putrescine ABC transporter, permease protein; Similar to GB:M64519 SP:P23860 PID:147327 GB:U00096 PID:1651552; identified by sequence similarity; putative.",10.050898,1.827831,Polyamine Import,#14f7f0
Plate1_Drawer2 25-Jul-2025 14-05-14,C4,flgE,VC_2197,Flagellar hook protein FlgE; Similar to GB:X51737 SP:P16322 GB:X52093 PID:47673; identified by sequence similarity; putative.,10.579881,-0.6148842,Motility,#ff0004
Plate1_Drawer2 25-Jul-2025 14-05-14,C5,glyQ,VC_0021,"glycyl-tRNA synthetase, alpha chain; Similar to SP:P00960 GB:J01622 PID:146222 PID:146225 PID:466698; identified by sequence similarity; putative.",7.8137426,9.403195,Unclassified,#ff00c3
Plate1_Drawer2 25-Jul-2025 14-05-14,C6,VC_0462,VC_0462,Twitching motility protein PilT; Similar to SP:P24559 GB:X67095 PID:151490; identified by sequence similarity; putative.,6.8109956,5.6798673,Unclassified,#ff00c3
Plate1_Drawer2 25-Jul-2025 14-05-14,C7,flhA,VC_2069,"Flagellar biosynthetic protein FlhA; Required for formation of the rod structure of the flagellar apparatus. Together with FliI and FliH, may constitute the export apparatus of flagellin; Belongs to the FHIPEP (flagella/HR/invasion proteins export pore) family.",10.991202,-2.2761157,Motility,#ff0004
Plate1_Drawer2 25-Jul-2025 14-05-14,C8,VC_0399,VC_0399,MSHA biogenesis protein MshI; Similar to PID:791156 PID:791153; identified by sequence similarity; putative.,6.5542784,2.4761698,Unclassified,#ff00c3
Plate1_Drawer2 25-Jul-2025 14-05-14,C9,fliD,VC_2140,"Flagellar hook-associated protein FliD; FILAMENT CAP Required for the morphogenesis and for the elongation of the flagellar filament by facilitating polymerization of the flagellin monomers at the tip of growing filament. Forms a capping structure, which prevents flagellin subunits (transported through the central channel of the flagellum) from leaking out without polymerization at the distal end (By similarity).",6.8991013,6.814661,Motility,#ff0004
Plate1_Drawer2 25-Jul-2025 14-05-14,D1,VC_0196,VC_0196,ATP-dependent DNA helicase RecQ; Similar to GB:M87049 SP:P15043 GB:M30198 PID:147559 PID:148221; identified by sequence similarity; putative.,8.223967,3.7303503,Unclassified,#ff00c3
Plate1_Drawer2 25-Jul-2025 14-05-14,D10,VC_2270,VC_2270,Riboflavin,5.947974,1.9051795,Unclassified,#ff00c3
Plate1_Drawer2 25-Jul-2025 14-05-14,D11,VC_2718; VC_2719,VC_2718; VC_2719,,4.725154,-4.9534373,Unclassified,#ff00c3
Plate1_Drawer2 25-Jul-2025 14-05-14,D12,wbeG,VC_0245,rfbG protein; Similar to GB:X59554 PID:48387; identified by sequence similarity; putative.,10.145899,4.1134944,O-Antigen Biosynthesis,#0096ff
Plate1_Drawer2 25-Jul-2025 14-05-14,D2,VC_1933,VC_1933,Hypothetical protein; Identified by Glimmer2; putative.,7.172201,3.8702369,Unclassified,#ff00c3
Plate1_Drawer2 25-Jul-2025 14-05-14,D3,VC_A0001,VC_A0001,Hypothetical protein; Identified by Glimmer2; putative.,8.964305,8.108675,Unclassified,#ff00c3
Plate1_Drawer2 25-Jul-2025 14-05-14,D4,fadR,VC_1900,Fatty acid metabolism regulator protein; Multifunctional regulator of fatty acid metabolism.,7.3647633,-0.4843557,Unclassified,#ff00c3
Plate1_Drawer2 25-Jul-2025 14-05-14,D5,pilC,VC_2425,Type IV pilin biogenesis protein PilC; Involved in the translocation of the type IV pilin; Belongs to the GSP F family.,8.132545,8.206629,Unclassified,#ff00c3
Plate1_Drawer2 25-Jul-2025 14-05-14,D6,pta,VC_1097,Phosphate acetyltransferase; Involved in acetate metabolism; In the N-terminal section; belongs to the CobB/CobQ family.,7.9432273,8.14385,Unclassified,#ff00c3
Plate1_Drawer2 25-Jul-2025 14-05-14,D7,VC_A0800,VC_A0800,creA protein; Similar to SP:P08367 GB:M13608 PID:147249 PID:147691 PID:537237; identified by sequence similarity; putative.,7.162635,0.8119635,Unclassified,#ff00c3
Plate1_Drawer2 25-Jul-2025 14-05-14,D8,wzt,VC_0247,lipopolysaccharide/O-antigen transport protein; Similar to GB:X59554 PID:48389; identified by sequence similarity; putative.,9.385559,6.0824175,O-Antigen Biosynthesis,#0096ff
Plate1_Drawer2 25-Jul-2025 14-05-14,D9,wbeM,VC_0250,Iron-containing alcohol dehydrogenase family protein RfbM; Similar to GB:M26941 SP:P13604 PID:144714; identified by sequence similarity; putative.,9.017982,4.8670974,O-Antigen Biosynthesis,#0096ff
Plate1_Drawer2 25-Jul-2025 14-05-14,E1,VC_A0759,VC_A0759,"Arginine ABC transporter, periplasmic arginine-binding protein; Similar to SP:P30859 GB:X67753 GB:X86160 PID:40931 PID:769791; identified by sequence similarity; putative; Belongs to the bacterial solute-binding protein 3 family.",9.905428,7.334988,Unclassified,#ff00c3
Plate1_Drawer2 25-Jul-2025 14-05-14,E10,VC_1887,VC_1887,Hypothetical protein; Identified by Glimmer2; putative.,6.511287,0.5517052,Unclassified,#ff00c3
Plate1_Drawer2 25-Jul-2025 14-05-14,E11,VC_A0620,VC_A0620,"Thiosulfate sulfurtransferase SseA, putative; Similar to SP:P31142 GB:U00096 PID:1788869 PID:1799924; identified by sequence similarity; putative.",8.865007,9.177295,Unclassified,#ff00c3
Plate1_Drawer2 25-Jul-2025 14-05-14,E12,trmJ,VC_0746,"RNA methyltransferase, TrmH family; Catalyzes the formation of 2'O-methylated cytidine (Cm32) or 2'O-methylated uridine (Um32) at position 32 in tRNA.",8.514403,9.381767,Unclassified,#ff00c3
Plate1_Drawer2 25-Jul-2025 14-05-14,E2,VC_A0785,VC_A0785,GGDEF family protein; Similar to PID:1651932; identified by sequence similarity; putative.,9.15395,2.809896,Unclassified,#ff00c3
Plate1_Drawer2 25-Jul-2025 14-05-14,E3,fliE,VC_2134,Flagellar hook-basal body complex protein FliE; Similar to PID:2338730; identified by sequence similarity; putative.,10.833333,-2.203996,Motility,#ff0004
Plate1_Drawer2 25-Jul-2025 14-05-14,E4,VC_1581,VC_1581,"NADH dehydrogenase, putative; Similar to SP:P33607 PID:397909 GB:U00096 PID:1788614 PID:1799638; identified by sequence similarity; putative.",9.154999,8.95112,Unclassified,#ff00c3
Plate1_Drawer2 25-Jul-2025 14-05-14,E5,fliP,VC_2123,Flagellar biosynthetic protein FliP; Plays a role in the flagellum-specific transport system. Belongs to the FliP/MopC/SpaP family.,7.9741063,0.20531385,Motility,#ff0004
Plate1_Drawer2 25-Jul-2025 14-05-14,E6,lpxM,VC_0212,Lipid A biosynthesis (kdo)2-(lauroyl)-lipid IVA acyltransferase; Catalyzes the transfer of myristate from myristoyl-acyl carrier protein (ACP) to Kdo(2)-(lauroyl)-lipid IV(A) to form Kdo(2)- lipid A.,9.143792,1.9669425,O-Antigen Biosynthesis,#0096ff
Plate1_Drawer2 25-Jul-2025 14-05-14,E7,VC_2714,VC_2714,Transcriptional regulator OmpR; Similar to PID:2108342; identified by sequence similarity; putative.,7.7823753,7.800733,Unclassified,#ff00c3
Plate1_Drawer2 25-Jul-2025 14-05-14,E9,VC_1154,VC_1154,Hypothetical protein; Identified by Glimmer2; putative.,7.2168937,7.8034925,Unclassified,#ff00c3
Plate1_Drawer2 25-Jul-2025 14-05-14,F10,cdgJ,VC_0137,Conserved hypothetical protein; Phosphodiesterase (PDE) that catalyzes the hydrolysis of cyclic diguanylate (c-di-GMP). Positively regulates motility and negatively regulates biofilm formation.,7.278676,4.4097176,Unclassified,#ff00c3
Plate1_Drawer2 25-Jul-2025 14-05-14,F11,recO,VC_2459,DNA repair protein RecO; Involved in DNA repair and RecF pathway recombination.,9.1412945,6.7885246,Unclassified,#ff00c3
Plate1_Drawer2 25-Jul-2025 14-05-14,F12,VC_A0999,VC_A0999,"Transcriptional regulator, TetR family; Similar to GB:U00096 PID:1787354; identified by sequence similarity; putative.",7.295246,5.952394,Unclassified,#ff00c3
Plate1_Drawer2 25-Jul-2025 14-05-14,F2,VC_2224,VC_2224,GGDEF family protein; Similar to GB:U00096 PID:1787603; identified by sequence similarity; putative.,8.73123,9.923743,Unclassified,#ff00c3
Plate1_Drawer2 25-Jul-2025 14-05-14,F3,VC_A1099,VC_A1099,"ABC transporter, permease protein; Similar to SP:P33591 GB:X73143 PID:404846 PID:466613 GB:U00096; identified by sequence similarity; putative.",8.627216,9.929442,Unclassified,#ff00c3
Plate1_Drawer2 25-Jul-2025 14-05-14,F4,VC_1320,VC_1320,DNA-binding response regulator; Similar to PID:1079807 SP:P52108 GB:U00096 PID:1742647 PID:1742658; identified by sequence similarity; putative.,8.157426,9.807409,Unclassified,#ff00c3
Plate1_Drawer2 25-Jul-2025 14-05-14,F5,VC_1319,VC_1319,Sensor histidine kinase; Similar to GB:M36795 SP:P08336 GB:X13307 PID:145590 PID:305015; identified by sequence similarity; putative.,10.765644,11.878693,Unclassified,#ff00c3
Plate1_Drawer2 25-Jul-2025 14-05-14,F6,VC_A0536,VC_A0536,Conserved hypothetical protein; Identified by Glimmer2; putative.,7.6798253,7.303253,Unclassified,#ff00c3
Plate1_Drawer2 25-Jul-2025 14-05-14,F7,VC_1414,VC_1414,"Thermostable carboxypeptidase 1; Broad specificity carboxypetidase that releases amino acids sequentially from the C-terminus, including neutral, aromatic, polar and basic residues.",7.311147,8.123605,Unclassified,#ff00c3
Plate1_Drawer2 25-Jul-2025 14-05-14,F8,VC_A0527,VC_A0527,Conserved hypothetical protein; Identified by Glimmer2; putative.,9.336415,10.993068,Unclassified,#ff00c3
Plate1_Drawer2 25-Jul-2025 14-05-14,F9,argH,VC_2641,Argininosuccinate lyase; Similar to SP:P11447 GB:J01590 GB:M21446 PID:145335 PID:396307; identified by sequence similarity; putative.,8.618685,10.016661,Unclassified,#ff00c3
Plate1_Drawer2 25-Jul-2025 14-05-14,G10,rluE,VC_1140,Pseudouridine synthase family 1 protein; Responsible for synthesis of pseudouridine from uracil-2457 in 23S ribosomal RNA; Belongs to the pseudouridine synthase RsuA family.,8.409782,3.648503,Unclassified,#ff00c3
Plate1_Drawer2 25-Jul-2025 14-05-14,G11,VC_2524,VC_2524,Conserved hypothetical protein; Catalyzes the hydrolysis of 3-deoxy-D-manno-octulosonate 8- phosphate (KDO 8-P) to 3-deoxy-D-manno-octulosonate (KDO) and inorganic phosphate; Belongs to the KdsC family.,7.3654222,7.414636,Unclassified,#ff00c3
Plate1_Drawer2 25-Jul-2025 14-05-14,G12,VC_0900,VC_0900,GGDEF family protein; Similar to PID:1652841; identified by sequence similarity; putative.,7.5848656,3.0557683,Unclassified,#ff00c3
Plate1_Drawer2 25-Jul-2025 14-05-14,G2,VC_A0171,VC_A0171,Conserved hypothetical protein; Identified by Glimmer2; putative.,8.716018,2.7282686,Unclassified,#ff00c3
Plate1_Drawer2 25-Jul-2025 14-05-14,G3,fliJ,VC_2129,"Flagellar protein FliJ, putative; Similar to PID:1071644 SP:P52613 GB:U00096 PID:1736608 PID:1788252; identified by sequence similarity; putative.",9.145639,4.92025,Motility,#ff0004
Plate1_Drawer2 25-Jul-2025 14-05-14,G4,VC_0161,VC_0161,Transcriptional activator IlvY; Similar to GB:L42023 SP:P44821 PID:1005575 PID:1220765 PID:1204932; identified by sequence similarity; putative; Belongs to the LysR transcriptional regulatory family.,8.678285,3.9934824,Unclassified,#ff00c3
Plate1_Drawer2 25-Jul-2025 14-05-14,G5,VC_0405,VC_0405,MSHA biogenesis protein MshE; Similar to PID:791156 PID:791159; identified by sequence similarity; putative.,8.425968,8.25951,Unclassified,#ff00c3
Plate1_Drawer2 25-Jul-2025 14-05-14,G6,VC_1295,VC_1295,Conserved hypothetical protein; Phosphodiesterase (PDE) that catalyzes the hydrolysis of cyclic diguanylate (c-di-GMP) to GMP in vitro. Increases motility and decreases biofilm formation in vivo.,7.232539,7.735282,Unclassified,#ff00c3
Plate1_Drawer2 25-Jul-2025 14-05-14,G7,flgD,VC_2198,Basal-body rod modification protein FlgD; Required for flagellar hook formation. May act as a scaffolding protein.,11.662749,-0.96909624,Motility,#ff0004
Plate1_Drawer2 25-Jul-2025 14-05-14,G8,manC,VC_0241,Mannose-1-phosphate guanylyltransferase; Similar to GB:X59554 SP:Q07024 PID:48383; identified by sequence similarity; putative.,2.8233585,-0.39560944,O-Antigen Biosynthesis,#0096ff
Plate1_Drawer2 25-Jul-2025 14-05-14,H1,flhG,VC_2067,MinD-related protein; Similar to GP:3695013; identified by sequence similarity; putative. MULTIPLE FILAMENTS,2.718862,6.2403665,Motility,#ff0004
Plate1_Drawer2 25-Jul-2025 14-05-14,H10,trpR,VC_0701,"Trp operon repressor, putative; This protein is an aporepressor. When complexed with L- tryptophan it binds the operator region of the trp operon and prevents the initiation of transcription (By similarity).",7.769987,5.159631,Unclassified,#ff00c3
Plate1_Drawer2 25-Jul-2025 14-05-14,H11,greA,VC_0634,"Transcription elongation factor GreA; Necessary for efficient RNA polymerase transcription elongation past template-encoded arresting sites. The arresting sites in DNA have the property of trapping a certain fraction of elongating RNA polymerases that pass through, resulting in locked ternary complexes. Cleavage of the nascent transcript by cleavage factors such as GreA or GreB allows the resumption of elongation from the new 3'terminus. GreA releases sequences of 2 to 3 nucleotides.",7.3280206,5.4804196,Unclassified,#ff00c3
Plate1_Drawer2 25-Jul-2025 14-05-14,H12,VC_0419,VC_0419,Cytoplasmic axial filament protein; Similar to SP:P25537 PID:48826 PID:606187 GB:U00096 PID:1789645; identified by sequence similarity; putative.,9.824796,7.0164094,Unclassified,#ff00c3
Plate1_Drawer2 25-Jul-2025 14-05-14,H2,VC_A0940,VC_A0940,"Transcriptional regulator, DeoR family; Similar to SP:P09392 GB:M96795 PID:146186 PID:606358 GB:U00096; identified by sequence similarity; putative.",9.445522,6.192816,Unclassified,#ff00c3
Plate1_Drawer2 25-Jul-2025 14-05-14,H3,ectA,VC_A0825,"L-2,4-diaminobutyric acid acetyltransferase; Catalyzes the acetylation of L-2,4-diaminobutyrate (DABA) to gamma-N-acetyl-alpha,gamma-diaminobutyric acid (ADABA) with acetyl coenzyme A.",9.326014,9.033837,Unclassified,#ff00c3
Plate1_Drawer2 25-Jul-2025 14-05-14,H4,VC_A0840,VC_A0840,"Deoxycytidylate deaminase, putative; Similar to SP:P33968 GB:X70289 PID:396216; identified by sequence similarity; putative.",9.981842,7.055941,Unclassified,#ff00c3
Plate1_Drawer2 25-Jul-2025 14-05-14,H6,VC_2522,VC_2522,Conserved hypothetical protein; Identified by Glimmer2; putative.,9.189825,7.312829,Unclassified,#ff00c3
Plate1_Drawer2 25-Jul-2025 14-05-14,H7,glmS,VC_0487,"Glucosamine--fructose-6-phosphate aminotransferase (isomerizing); Catalyzes the first step in hexosamine metabolism, converting fructose-6P into glucosamine-6P using glutamine as a nitrogen source.",9.848209,9.511117,Unclassified,#ff00c3
Plate1_Drawer2 25-Jul-2025 14-05-14,H8,manA,VC_0269,Mannose-6-phosphate isomerase; Similar to SP:P25081 GB:X57117 PID:48820; identified by sequence similarity; putative; Belongs to the mannose-6-phosphate isomerase type 1 family.,2.3494701,-0.7947777,O-Antigen Biosynthesis,#0096ff
Plate1_Drawer2 25-Jul-2025 14-05-14,H9,nusB,VC_2267,N utilization substance protein B; Involved in transcription antitermination. Required for transcription of ribosomal RNA (rRNA) genes. Binds specifically to the boxA antiterminator sequence of the ribosomal RNA (rrn) operons.,7.4925876,6.9883842,Unclassified,#ff00c3
Plate1_Drawer2 27-Aug-2025 15-50-56,A1,ung,VC_2359,uracil-DNA glycosylase; Excises uracil residues from the DNA which can arise as a result of misincorporation of dUMP residues by DNA polymerase or due to deamination of cytosine.,10.281363,5.9514976,Unclassified,#ff00c3
Plate1_Drawer2 27-Aug-2025 15-50-56,A10,VC_1462,VC_1462,RstB2 protein; Similar to GP:2564358; identified by sequence similarity; putative.,9.229686,6.700512,Unclassified,#ff00c3
Plate1_Drawer2 27-Aug-2025 15-50-56,A12,wavA,VC_0223,"ADP-heptose--LPS heptosyltransferase II, putative; Similar to GB:L42023 SP:P44011 PID:1003930 PID:1222457 PID:1204774; identified by sequence similarity; putative.",7.2958803,6.0039735,O-Antigen Biosynthesis,#0096ff
Plate1_Drawer2 27-Aug-2025 15-50-56,A2,VC_2453,VC_2453,Sensor histidine kinase/response regulator; Similar to GB:D10888 SP:P26607 PID:216535 PID:882680 GB:U00096; identified by sequence similarity; putative.,9.273848,6.00453,Unclassified,#ff00c3
Plate1_Drawer2 27-Aug-2025 15-50-56,A3,VC_2311,VC_2311,HesA/MoeB/ThiF family protein; Similar to GB:D21145 PID:471103 PID:882707 GB:U00096 SP:Q46927; identified by sequence similarity; putative.,10.251167,6.3841004,Unclassified,#ff00c3
Plate1_Drawer2 27-Aug-2025 15-50-56,A4,lipA,VC_0943,"Lipoic acid synthetase; Catalyzes the radical-mediated insertion of two sulfur atoms into the C-6 and C-8 positions of the octanoyl moiety bound to the lipoyl domains of lipoate-dependent enzymes, thereby converting the octanoylated domains into lipoylated derivatives.",4.548068,1.1954068,Pyruvate Flux,#39ff14
Plate1_Drawer2 27-Aug-2025 15-50-56,A5,rsmJ,VC_0073,Conserved hypothetical protein; Specifically methylates the guanosine in position 1516 of 16S rRNA.,9.452922,6.3692307,Unclassified,#ff00c3
Plate1_Drawer2 27-Aug-2025 15-50-56,A6,potC,VC_1426,"Spermidine/putrescine ABC transporter, permease protein; Similar to GB:M64519 SP:P23859 PID:147328 GB:U00096 PID:1651551; identified by sequence similarity; putative.",9.722004,8.298787,Polyamine Import,#14f7f0
Plate1_Drawer2 27-Aug-2025 15-50-56,A7,pckA,VC_2738,Phosphoenolpyruvate carboxykinase; Involved in the gluconeogenesis. Catalyzes the conversion of oxaloacetate (OAA) to phosphoenolpyruvate (PEP) through direct phosphoryl transfer between the nucleoside triphosphate and OAA. Belongs to the phosphoenolpyruvate carboxykinase (ATP) family.,10.359347,1.5893354,Unclassified,#ff00c3
Plate1_Drawer2 27-Aug-2025 15-50-56,A8,rluD,VC_0709,"Ribosomal large subunit pseudouridine synthase D; Responsible for synthesis of pseudouridine from uracil at positions 1911, 1915 and 1917 in 23S ribosomal RNA; Belongs to the pseudouridine synthase RluA family.",8.335885,6.413981,Unclassified,#ff00c3
Plate1_Drawer2 27-Aug-2025 15-50-56,A9,vibB,VC_0771,Vibriobactin-specific isochorismatase; Involved in the biosynthesis of the catechol siderophore vibriobactin. Vibriobactin is a chelating compound involved in transporting iron from the bacterial environment into the cell cytoplasm; Belongs to the isochorismatase family.,5.345495,1.6581744,Vibriobactin Biosynthesis,#ba17f6
Plate1_Drawer2 27-Aug-2025 15-50-56,B1,flgB,VC_2200,"Flagellar basal-body rod protein FlgB; Structural component of flagellum, the bacterial motility apparatus. Part of the rod structure of flagellar basal body.",8.685992,0.088304125,Motility,#ff0004
Plate1_Drawer2 27-Aug-2025 15-50-56,B10,flgP,VC_2206,Conserved hypothetical protein; Identified by Glimmer2; putative.,9.788673,1.524932,Motility,#ff0004
Plate1_Drawer2 27-Aug-2025 15-50-56,B11,fliQ,VC_2122,Flagellar biosynthetic protein FliQ; Role in flagellar biosynthesis. Belongs to the FliQ/MopD/SpaQ family.,9.233097,-1.3894356,Motility,#ff0004
Plate1_Drawer2 27-Aug-2025 15-50-56,B12,argF,VC_2508,Ornithine carbamoyltransferase; Reversibly catalyzes the transfer of the carbamoyl group from carbamoyl phosphate (CP) to the N(epsilon) atom of ornithine (ORN) to produce L-citrulline; Belongs to the aspartate/ornithine carbamoyltransferase superfamily. OTCase family.,9.653402,7.13763,Unclassified,#ff00c3
Plate1_Drawer2 27-Aug-2025 15-50-56,B2,fliS,VC_2138,Flagellar protein FliS; Similar to GB:U12816 PID:1254205; identified by sequence similarity; putative.,9.086027,-1.356626,Motility,#ff0004
Plate1_Drawer2 27-Aug-2025 15-50-56,B3,VC_A1081,VC_A1081,Hypothetical protein; Identified by Glimmer2; putative.,8.506192,4.4402876,Unclassified,#ff00c3
Plate1_Drawer2 27-Aug-2025 15-50-56,B4,VC_1909,VC_1909,Hypothetical protein; Identified by Glimmer2; putative.,10.170852,8.10422,Unclassified,#ff00c3
Plate1_Drawer2 27-Aug-2025 15-50-56,B5,VC_0449,VC_0449,Methyl-accepting chemotaxis protein; Similar to GB:X61367 PID:48195; identified by sequence similarity; putative.,8.377273,9.836098,Unclassified,#ff00c3
Plate1_Drawer2 27-Aug-2025 15-50-56,B6,VC_1498,VC_1498,Conserved hypothetical protein; Identified by Glimmer2; putative.,9.368633,8.759328,Unclassified,#ff00c3
Plate1_Drawer2 27-Aug-2025 15-50-56,B7,VC_2756,VC_2756,Potassium uptake protein TrkH; Low-affinity potassium transport system. Interacts with Trk system potassium uptake protein TrkA; Belongs to the TrkH potassium transport family.,9.17843,4.847123,Unclassified,#ff00c3
Plate1_Drawer2 27-Aug-2025 15-50-56,B8,VC_0113,VC_0113,Methyltransferase-related protein; Similar to SP:P37431 PID:295895; identified by sequence similarity; putative.,10.292536,4.943565,Unclassified,#ff00c3
Plate1_Drawer2 27-Aug-2025 15-50-56,B9,VC_1423,VC_1423,Hypothetical protein; Identified by Glimmer2; putative.,10.435535,7.707186,Unclassified,#ff00c3
Plate1_Drawer2 27-Aug-2025 15-50-56,C1,VC_A0588,VC_A0588,"Peptide ABC transporter, ATP-binding protein, putative; Similar to SP:P33916 PID:405909 GB:U00096 PID:1736845 PID:1788506; identified by sequence similarity; putative; Belongs to the ABC transporter superfamily.",8.9180765,8.841749,Unclassified,#ff00c3
Plate1_Drawer2 27-Aug-2025 15-50-56,C10,epsC,VC_2734,"General secretion pathway protein C; Involved in a type II secretion system (T2SS, formerly general secretion pathway, GSP) for the export of proteins (By similarity). Required for secretion of cholera toxin through the outer membrane.",9.832333,10.962656,Unclassified,#ff00c3
Plate1_Drawer2 27-Aug-2025 15-50-56,C11,proQ,VC_1497,"Conserved hypothetical protein; RNA chaperone with significant RNA binding, RNA strand exchange and RNA duplexing activities; Belongs to the ProQ family.",9.138108,8.78479,Unclassified,#ff00c3
Plate1_Drawer2 27-Aug-2025 15-50-56,C12,VC_2627,VC_2627,DamX-related protein; Similar to SP:P11557 GB:Z19601 PID:41226 PID:43274 PID:606322; identified by sequence similarity; putative.,9.4698715,7.6763234,Unclassified,#ff00c3
Plate1_Drawer2 27-Aug-2025 15-50-56,C2,gshB,VC_0468,Glutathione synthetase; Similar to SP:P04425 GB:X01666 PID:41625 PID:882476 GB:U00096; identified by sequence similarity; putative.,4.535058,1.1544161,Unclassified,#ff00c3
Plate1_Drawer2 27-Aug-2025 15-50-56,C3,potB,VC_1427,"Spermidine/putrescine ABC transporter, permease protein; Similar to GB:M64519 SP:P23860 PID:147327 GB:U00096 PID:1651552; identified by sequence similarity; putative.",9.711674,1.6338656,Polyamine Import,#14f7f0
Plate1_Drawer2 27-Aug-2025 15-50-56,C4,flgE,VC_2197,Flagellar hook protein FlgE; Similar to GB:X51737 SP:P16322 GB:X52093 PID:47673; identified by sequence similarity; putative.,11.949399,-0.414431,Motility,#ff0004
Plate1_Drawer2 27-Aug-2025 15-50-56,C5,glyQ,VC_0021,"glycyl-tRNA synthetase, alpha chain; Similar to SP:P00960 GB:J01622 PID:146222 PID:146225 PID:466698; identified by sequence similarity; putative.",9.689024,10.357294,Unclassified,#ff00c3
Plate1_Drawer2 27-Aug-2025 15-50-56,C6,VC_0462,VC_0462,Twitching motility protein PilT; Similar to SP:P24559 GB:X67095 PID:151490; identified by sequence similarity; putative.,10.665336,9.504188,Unclassified,#ff00c3
Plate1_Drawer2 27-Aug-2025 15-50-56,C7,flhA,VC_2069,"Flagellar biosynthetic protein FlhA; Required for formation of the rod structure of the flagellar apparatus. Together with FliI and FliH, may constitute the export apparatus of flagellin; Belongs to the FHIPEP (flagella/HR/invasion proteins export pore) family.",10.596504,-2.2684972,Motility,#ff0004
Plate1_Drawer2 27-Aug-2025 15-50-56,C8,VC_0399,VC_0399,MSHA biogenesis protein MshI; Similar to PID:791156 PID:791153; identified by sequence similarity; putative.,8.830952,4.966842,Unclassified,#ff00c3
Plate1_Drawer2 27-Aug-2025 15-50-56,C9,fliD,VC_2140,"Flagellar hook-associated protein FliD; FILAMENT CAP Required for the morphogenesis and for the elongation of the flagellar filament by facilitating polymerization of the flagellin monomers at the tip of growing filament. Forms a capping structure, which prevents flagellin subunits (transported through the central channel of the flagellum) from leaking out without polymerization at the distal end (By similarity).",11.534437,4.6720104,Motility,#ff0004
Plate1_Drawer2 27-Aug-2025 15-50-56,D1,VC_0196,VC_0196,ATP-dependent DNA helicase RecQ; Similar to GB:M87049 SP:P15043 GB:M30198 PID:147559 PID:148221; identified by sequence similarity; putative.,9.09073,7.483353,Unclassified,#ff00c3
Plate1_Drawer2 27-Aug-2025 15-50-56,D11,VC_2718; VC_2719,VC_2718; VC_2719,,4.958716,-5.286488,Unclassified,#ff00c3
Plate1_Drawer2 27-Aug-2025 15-50-56,D12,wbeG,VC_0245,rfbG protein; Similar to GB:X59554 PID:48387; identified by sequence similarity; putative.,10.46286,4.325262,O-Antigen Biosynthesis,#0096ff
Plate1_Drawer2 27-Aug-2025 15-50-56,D2,VC_1933,VC_1933,Hypothetical protein; Identified by Glimmer2; putative.,10.064111,5.5087943,Unclassified,#ff00c3
Plate1_Drawer2 27-Aug-2025 15-50-56,D3,VC_A0001,VC_A0001,Hypothetical protein; Identified by Glimmer2; putative.,10.104959,9.799923,Unclassified,#ff00c3
Plate1_Drawer2 27-Aug-2025 15-50-56,D4,fadR,VC_1900,Fatty acid metabolism regulator protein; Multifunctional regulator of fatty acid metabolism.,7.7665167,-0.34917456,Unclassified,#ff00c3
Plate1_Drawer2 27-Aug-2025 15-50-56,D5,pilC,VC_2425,Type IV pilin biogenesis protein PilC; Involved in the translocation of the type IV pilin; Belongs to the GSP F family.,9.830912,10.399389,Unclassified,#ff00c3
Plate1_Drawer2 27-Aug-2025 15-50-56,D6,pta,VC_1097,Phosphate acetyltransferase; Involved in acetate metabolism; In the N-terminal section; belongs to the CobB/CobQ family.,9.071644,10.852855,Unclassified,#ff00c3
Plate1_Drawer2 27-Aug-2025 15-50-56,D7,VC_A0800,VC_A0800,creA protein; Similar to SP:P08367 GB:M13608 PID:147249 PID:147691 PID:537237; identified by sequence similarity; putative.,9.043722,1.6203918,Unclassified,#ff00c3
Plate1_Drawer2 27-Aug-2025 15-50-56,D8,wzt,VC_0247,lipopolysaccharide/O-antigen transport protein; Similar to GB:X59554 PID:48389; identified by sequence similarity; putative.,8.478161,9.265135,O-Antigen Biosynthesis,#0096ff
Plate1_Drawer2 27-Aug-2025 15-50-56,D9,wbeM,VC_0250,Iron-containing alcohol dehydrogenase family protein RfbM; Similar to GB:M26941 SP:P13604 PID:144714; identified by sequence similarity; putative.,9.234717,8.844963,O-Antigen Biosynthesis,#0096ff
Plate1_Drawer2 27-Aug-2025 15-50-56,E1,VC_A0759,VC_A0759,"Arginine ABC transporter, periplasmic arginine-binding protein; Similar to SP:P30859 GB:X67753 GB:X86160 PID:40931 PID:769791; identified by sequence similarity; putative; Belongs to the bacterial solute-binding protein 3 family.",9.2380705,7.09031,Unclassified,#ff00c3
Plate1_Drawer2 27-Aug-2025 15-50-56,E10,VC_1887,VC_1887,Hypothetical protein; Identified by Glimmer2; putative.,5.1557055,-5.909664,Unclassified,#ff00c3
Plate1_Drawer2 27-Aug-2025 15-50-56,E11,VC_A0620,VC_A0620,"Thiosulfate sulfurtransferase SseA, putative; Similar to SP:P31142 GB:U00096 PID:1788869 PID:1799924; identified by sequence similarity; putative.",7.778754,9.422155,Unclassified,#ff00c3
Plate1_Drawer2 27-Aug-2025 15-50-56,E12,trmJ,VC_0746,"RNA methyltransferase, TrmH family; Catalyzes the formation of 2'O-methylated cytidine (Cm32) or 2'O-methylated uridine (Um32) at position 32 in tRNA.",10.532618,11.529325,Unclassified,#ff00c3
Plate1_Drawer2 27-Aug-2025 15-50-56,E2,VC_A0785,VC_A0785,GGDEF family protein; Similar to PID:1651932; identified by sequence similarity; putative.,10.753986,2.6060972,Unclassified,#ff00c3
Plate1_Drawer2 27-Aug-2025 15-50-56,E3,fliE,VC_2134,Flagellar hook-basal body complex protein FliE; Similar to PID:2338730; identified by sequence similarity; putative.,9.839842,-1.5823863,Motility,#ff0004
Plate1_Drawer2 27-Aug-2025 15-50-56,E4,VC_1581,VC_1581,"NADH dehydrogenase, putative; Similar to SP:P33607 PID:397909 GB:U00096 PID:1788614 PID:1799638; identified by sequence similarity; putative.",10.188094,9.53184,Unclassified,#ff00c3
Plate1_Drawer2 27-Aug-2025 15-50-56,E5,fliP,VC_2123,Flagellar biosynthetic protein FliP; Plays a role in the flagellum-specific transport system. Belongs to the FliP/MopC/SpaP family.,9.309517,-1.2841518,Motility,#ff0004
Plate1_Drawer2 27-Aug-2025 15-50-56,E6,lpxM,VC_0212,Lipid A biosynthesis (kdo)2-(lauroyl)-lipid IVA acyltransferase; Catalyzes the transfer of myristate from myristoyl-acyl carrier protein (ACP) to Kdo(2)-(lauroyl)-lipid IV(A) to form Kdo(2)- lipid A.,10.553478,2.6870625,O-Antigen Biosynthesis,#0096ff
Plate1_Drawer2 27-Aug-2025 15-50-56,E7,VC_2714,VC_2714,Transcriptional regulator OmpR; Similar to PID:2108342; identified by sequence similarity; putative.,9.806521,10.663569,Unclassified,#ff00c3
Plate1_Drawer2 27-Aug-2025 15-50-56,E9,VC_1154,VC_1154,Hypothetical protein; Identified by Glimmer2; putative.,8.524227,10.219888,Unclassified,#ff00c3
Plate1_Drawer2 27-Aug-2025 15-50-56,F10,cdgJ,VC_0137,Conserved hypothetical protein; Phosphodiesterase (PDE) that catalyzes the hydrolysis of cyclic diguanylate (c-di-GMP). Positively regulates motility and negatively regulates biofilm formation.,7.0696917,5.131895,Unclassified,#ff00c3
Plate1_Drawer2 27-Aug-2025 15-50-56,F11,recO,VC_2459,DNA repair protein RecO; Involved in DNA repair and RecF pathway recombination.,8.533073,4.0519485,Unclassified,#ff00c3
Plate1_Drawer2 27-Aug-2025 15-50-56,F12,VC_A0999,VC_A0999,"Transcriptional regulator, TetR family; Similar to GB:U00096 PID:1787354; identified by sequence similarity; putative.",9.545253,9.4119625,Unclassified,#ff00c3
Plate1_Drawer2 27-Aug-2025 15-50-56,F2,VC_2224,VC_2224,GGDEF family protein; Similar to GB:U00096 PID:1787603; identified by sequence similarity; putative.,10.57644,11.686115,Unclassified,#ff00c3
Plate1_Drawer2 27-Aug-2025 15-50-56,F3,VC_A1099,VC_A1099,"ABC transporter, permease protein; Similar to SP:P33591 GB:X73143 PID:404846 PID:466613 GB:U00096; identified by sequence similarity; putative.",10.19204,11.488275,Unclassified,#ff00c3
Plate1_Drawer2 27-Aug-2025 15-50-56,F4,VC_1320,VC_1320,DNA-binding response regulator; Similar to PID:1079807 SP:P52108 GB:U00096 PID:1742647 PID:1742658; identified by sequence similarity; putative.,9.281665,10.542334,Unclassified,#ff00c3
Plate1_Drawer2 27-Aug-2025 15-50-56,F5,VC_1319,VC_1319,Sensor histidine kinase; Similar to GB:M36795 SP:P08336 GB:X13307 PID:145590 PID:305015; identified by sequence similarity; putative.,9.365468,10.272497,Unclassified,#ff00c3
Plate1_Drawer2 27-Aug-2025 15-50-56,F6,VC_A0536,VC_A0536,Conserved hypothetical protein; Identified by Glimmer2; putative.,9.624397,9.525452,Unclassified,#ff00c3
Plate1_Drawer2 27-Aug-2025 15-50-56,F7,VC_1414,VC_1414,"Thermostable carboxypeptidase 1; Broad specificity carboxypetidase that releases amino acids sequentially from the C-terminus, including neutral, aromatic, polar and basic residues.",9.472069,10.758919,Unclassified,#ff00c3
Plate1_Drawer2 27-Aug-2025 15-50-56,F8,VC_A0527,VC_A0527,Conserved hypothetical protein; Identified by Glimmer2; putative.,9.347762,10.809393,Unclassified,#ff00c3
Plate1_Drawer2 27-Aug-2025 15-50-56,F9,argH,VC_2641,Argininosuccinate lyase; Similar to SP:P11447 GB:J01590 GB:M21446 PID:145335 PID:396307; identified by sequence similarity; putative.,9.837194,11.401442,Unclassified,#ff00c3
Plate1_Drawer2 27-Aug-2025 15-50-56,G10,rluE,VC_1140,Pseudouridine synthase family 1 protein; Responsible for synthesis of pseudouridine from uracil-2457 in 23S ribosomal RNA; Belongs to the pseudouridine synthase RsuA family.,9.203598,4.768354,Unclassified,#ff00c3
Plate1_Drawer2 27-Aug-2025 15-50-56,G11,VC_2524,VC_2524,Conserved hypothetical protein; Catalyzes the hydrolysis of 3-deoxy-D-manno-octulosonate 8- phosphate (KDO 8-P) to 3-deoxy-D-manno-octulosonate (KDO) and inorganic phosphate; Belongs to the KdsC family.,8.203696,9.271118,Unclassified,#ff00c3
Plate1_Drawer2 27-Aug-2025 15-50-56,G12,VC_0900,VC_0900,GGDEF family protein; Similar to PID:1652841; identified by sequence similarity; putative.,8.763025,2.8533905,Unclassified,#ff00c3
Plate1_Drawer2 27-Aug-2025 15-50-56,G2,VC_A0171,VC_A0171,Conserved hypothetical protein; Identified by Glimmer2; putative.,10.092946,2.5463312,Unclassified,#ff00c3
Plate1_Drawer2 27-Aug-2025 15-50-56,G3,fliJ,VC_2129,"Flagellar protein FliJ, putative; Similar to PID:1071644 SP:P52613 GB:U00096 PID:1736608 PID:1788252; identified by sequence similarity; putative.",11.225635,3.3671222,Motility,#ff0004
Plate1_Drawer2 27-Aug-2025 15-50-56,G4,VC_0161,VC_0161,Transcriptional activator IlvY; Similar to GB:L42023 SP:P44821 PID:1005575 PID:1220765 PID:1204932; identified by sequence similarity; putative; Belongs to the LysR transcriptional regulatory family.,8.035277,5.025735,Unclassified,#ff00c3
Plate1_Drawer2 27-Aug-2025 15-50-56,G5,VC_0405,VC_0405,MSHA biogenesis protein MshE; Similar to PID:791156 PID:791159; identified by sequence similarity; putative.,8.492484,8.582168,Unclassified,#ff00c3
Plate1_Drawer2 27-Aug-2025 15-50-56,G6,VC_1295,VC_1295,Conserved hypothetical protein; Phosphodiesterase (PDE) that catalyzes the hydrolysis of cyclic diguanylate (c-di-GMP) to GMP in vitro. Increases motility and decreases biofilm formation in vivo.,9.540523,10.644769,Unclassified,#ff00c3
Plate1_Drawer2 27-Aug-2025 15-50-56,G7,flgD,VC_2198,Basal-body rod modification protein FlgD; Required for flagellar hook formation. May act as a scaffolding protein.,11.667925,-0.95182,Motility,#ff0004
Plate1_Drawer2 27-Aug-2025 15-50-56,G8,manC,VC_0241,Mannose-1-phosphate guanylyltransferase; Similar to GB:X59554 SP:Q07024 PID:48383; identified by sequence similarity; putative.,2.2693172,-0.57743716,O-Antigen Biosynthesis,#0096ff
Plate1_Drawer2 27-Aug-2025 15-50-56,H1,flhG,VC_2067,MinD-related protein; Similar to GP:3695013; identified by sequence similarity; putative. MULTIPLE FILAMENTS,2.7655568,6.280572,Motility,#ff0004
Plate1_Drawer2 27-Aug-2025 15-50-56,H10,trpR,VC_0701,"Trp operon repressor, putative; This protein is an aporepressor. When complexed with L- tryptophan it binds the operator region of the trp operon and prevents the initiation of transcription (By similarity).",11.18687,5.84261,Unclassified,#ff00c3
Plate1_Drawer2 27-Aug-2025 15-50-56,H11,greA,VC_0634,"Transcription elongation factor GreA; Necessary for efficient RNA polymerase transcription elongation past template-encoded arresting sites. The arresting sites in DNA have the property of trapping a certain fraction of elongating RNA polymerases that pass through, resulting in locked ternary complexes. Cleavage of the nascent transcript by cleavage factors such as GreA or GreB allows the resumption of elongation from the new 3'terminus. GreA releases sequences of 2 to 3 nucleotides.",8.069912,6.5929933,Unclassified,#ff00c3
Plate1_Drawer2 27-Aug-2025 15-50-56,H12,VC_0419,VC_0419,Cytoplasmic axial filament protein; Similar to SP:P25537 PID:48826 PID:606187 GB:U00096 PID:1789645; identified by sequence similarity; putative.,10.391043,8.067691,Unclassified,#ff00c3
Plate1_Drawer2 27-Aug-2025 15-50-56,H2,VC_A0940,VC_A0940,"Transcriptional regulator, DeoR family; Similar to SP:P09392 GB:M96795 PID:146186 PID:606358 GB:U00096; identified by sequence similarity; putative.",9.618565,3.6868396,Unclassified,#ff00c3
Plate1_Drawer2 27-Aug-2025 15-50-56,H3,ectA,VC_A0825,"L-2,4-diaminobutyric acid acetyltransferase; Catalyzes the acetylation of L-2,4-diaminobutyrate (DABA) to gamma-N-acetyl-alpha,gamma-diaminobutyric acid (ADABA) with acetyl coenzyme A.",8.811538,8.8598995,Unclassified,#ff00c3
Plate1_Drawer2 27-Aug-2025 15-50-56,H4,VC_A0840,VC_A0840,"Deoxycytidylate deaminase, putative; Similar to SP:P33968 GB:X70289 PID:396216; identified by sequence similarity; putative.",9.605566,7.427528,Unclassified,#ff00c3
Plate1_Drawer2 27-Aug-2025 15-50-56,H6,VC_2522,VC_2522,Conserved hypothetical protein; Identified by Glimmer2; putative.,10.091791,8.802659,Unclassified,#ff00c3
Plate1_Drawer2 27-Aug-2025 15-50-56,H7,glmS,VC_0487,"Glucosamine--fructose-6-phosphate aminotransferase (isomerizing); Catalyzes the first step in hexosamine metabolism, converting fructose-6P into glucosamine-6P using glutamine as a nitrogen source.",9.624239,7.5162196,Unclassified,#ff00c3
Plate1_Drawer2 27-Aug-2025 15-50-56,H8,manA,VC_0269,Mannose-6-phosphate isomerase; Similar to SP:P25081 GB:X57117 PID:48820; identified by sequence similarity; putative; Belongs to the mannose-6-phosphate isomerase type 1 family.,2.0941179,-0.28645542,O-Antigen Biosynthesis,#0096ff
Plate1_Drawer2 27-Aug-2025 15-50-56,H9,nusB,VC_2267,N utilization substance protein B; Involved in transcription antitermination. Required for transcription of ribosomal RNA (rRNA) genes. Binds specifically to the boxA antiterminator sequence of the ribosomal RNA (rrn) operons.,8.758535,8.873282,Unclassified,#ff00c3
Plate1_Drawer2 29-Aug-2025 10-38-13,A1,ung,VC_2359,uracil-DNA glycosylase; Excises uracil residues from the DNA which can arise as a result of misincorporation of dUMP residues by DNA polymerase or due to deamination of cytosine.,9.714374,5.28207,Unclassified,#ff00c3
Plate1_Drawer2 29-Aug-2025 10-38-13,A10,VC_1462,VC_1462,RstB2 protein; Similar to GP:2564358; identified by sequence similarity; putative.,8.017073,6.8166585,Unclassified,#ff00c3
Plate1_Drawer2 29-Aug-2025 10-38-13,A12,wavA,VC_0223,"ADP-heptose--LPS heptosyltransferase II, putative; Similar to GB:L42023 SP:P44011 PID:1003930 PID:1222457 PID:1204774; identified by sequence similarity; putative.",9.49311,5.746129,O-Antigen Biosynthesis,#0096ff
Plate1_Drawer2 29-Aug-2025 10-38-13,A2,VC_2453,VC_2453,Sensor histidine kinase/response regulator; Similar to GB:D10888 SP:P26607 PID:216535 PID:882680 GB:U00096; identified by sequence similarity; putative.,9.8152485,5.978946,Unclassified,#ff00c3
Plate1_Drawer2 29-Aug-2025 10-38-13,A3,VC_2311,VC_2311,HesA/MoeB/ThiF family protein; Similar to GB:D21145 PID:471103 PID:882707 GB:U00096 SP:Q46927; identified by sequence similarity; putative.,9.683102,5.9530826,Unclassified,#ff00c3
Plate1_Drawer2 29-Aug-2025 10-38-13,A4,lipA,VC_0943,"Lipoic acid synthetase; Catalyzes the radical-mediated insertion of two sulfur atoms into the C-6 and C-8 positions of the octanoyl moiety bound to the lipoyl domains of lipoate-dependent enzymes, thereby converting the octanoylated domains into lipoylated derivatives.",4.5630064,1.1499966,Pyruvate Flux,#39ff14
Plate1_Drawer2 29-Aug-2025 10-38-13,A5,rsmJ,VC_0073,Conserved hypothetical protein; Specifically methylates the guanosine in position 1516 of 16S rRNA.,7.6587777,5.453896,Unclassified,#ff00c3
Plate1_Drawer2 29-Aug-2025 10-38-13,A7,pckA,VC_2738,Phosphoenolpyruvate carboxykinase; Involved in the gluconeogenesis. Catalyzes the conversion of oxaloacetate (OAA) to phosphoenolpyruvate (PEP) through direct phosphoryl transfer between the nucleoside triphosphate and OAA. Belongs to the phosphoenolpyruvate carboxykinase (ATP) family.,9.312256,1.4867511,Unclassified,#ff00c3
Plate1_Drawer2 29-Aug-2025 10-38-13,A8,rluD,VC_0709,"Ribosomal large subunit pseudouridine synthase D; Responsible for synthesis of pseudouridine from uracil at positions 1911, 1915 and 1917 in 23S ribosomal RNA; Belongs to the pseudouridine synthase RluA family.",8.004767,6.418365,Unclassified,#ff00c3
Plate1_Drawer2 29-Aug-2025 10-38-13,A9,vibB,VC_0771,Vibriobactin-specific isochorismatase; Involved in the biosynthesis of the catechol siderophore vibriobactin. Vibriobactin is a chelating compound involved in transporting iron from the bacterial environment into the cell cytoplasm; Belongs to the isochorismatase family.,5.241963,1.5181459,Vibriobactin Biosynthesis,#ba17f6
Plate1_Drawer2 29-Aug-2025 10-38-13,B1,flgB,VC_2200,"Flagellar basal-body rod protein FlgB; Structural component of flagellum, the bacterial motility apparatus. Part of the rod structure of flagellar basal body.",7.5488973,0.5461608,Motility,#ff0004
Plate1_Drawer2 29-Aug-2025 10-38-13,B10,flgP,VC_2206,Conserved hypothetical protein; Identified by Glimmer2; putative.,8.707762,1.1692291,Motility,#ff0004
Plate1_Drawer2 29-Aug-2025 10-38-13,B11,fliQ,VC_2122,Flagellar biosynthetic protein FliQ; Role in flagellar biosynthesis. Belongs to the FliQ/MopD/SpaQ family.,9.584265,-1.2181375,Motility,#ff0004
Plate1_Drawer2 29-Aug-2025 10-38-13,B12,argF,VC_2508,Ornithine carbamoyltransferase; Reversibly catalyzes the transfer of the carbamoyl group from carbamoyl phosphate (CP) to the N(epsilon) atom of ornithine (ORN) to produce L-citrulline; Belongs to the aspartate/ornithine carbamoyltransferase superfamily. OTCase family.,10.039333,8.784452,Unclassified,#ff00c3
Plate1_Drawer2 29-Aug-2025 10-38-13,B2,fliS,VC_2138,Flagellar protein FliS; Similar to GB:U12816 PID:1254205; identified by sequence similarity; putative.,9.459807,-1.2849422,Motility,#ff0004
Plate1_Drawer2 29-Aug-2025 10-38-13,B3,VC_A1081,VC_A1081,Hypothetical protein; Identified by Glimmer2; putative.,7.93088,4.0215564,Unclassified,#ff00c3
Plate1_Drawer2 29-Aug-2025 10-38-13,B4,VC_1909,VC_1909,Hypothetical protein; Identified by Glimmer2; putative.,10.476713,8.410852,Unclassified,#ff00c3
Plate1_Drawer2 29-Aug-2025 10-38-13,B5,VC_0449,VC_0449,Methyl-accepting chemotaxis protein; Similar to GB:X61367 PID:48195; identified by sequence similarity; putative.,7.2062287,6.29019,Unclassified,#ff00c3
Plate1_Drawer2 29-Aug-2025 10-38-13,B6,VC_1498,VC_1498,Conserved hypothetical protein; Identified by Glimmer2; putative.,9.315349,9.259932,Unclassified,#ff00c3
Plate1_Drawer2 29-Aug-2025 10-38-13,B7,VC_2756,VC_2756,Potassium uptake protein TrkH; Low-affinity potassium transport system. Interacts with Trk system potassium uptake protein TrkA; Belongs to the TrkH potassium transport family.,8.89604,4.2589407,Unclassified,#ff00c3
Plate1_Drawer2 29-Aug-2025 10-38-13,B8,VC_0113,VC_0113,Methyltransferase-related protein; Similar to SP:P37431 PID:295895; identified by sequence similarity; putative.,9.628086,4.106512,Unclassified,#ff00c3
Plate1_Drawer2 29-Aug-2025 10-38-13,B9,VC_1423,VC_1423,Hypothetical protein; Identified by Glimmer2; putative.,8.295553,6.3661876,Unclassified,#ff00c3
Plate1_Drawer2 29-Aug-2025 10-38-13,C1,VC_A0588,VC_A0588,"Peptide ABC transporter, ATP-binding protein, putative; Similar to SP:P33916 PID:405909 GB:U00096 PID:1736845 PID:1788506; identified by sequence similarity; putative; Belongs to the ABC transporter superfamily.",8.640535,8.820527,Unclassified,#ff00c3
Plate1_Drawer2 29-Aug-2025 10-38-13,C10,epsC,VC_2734,"General secretion pathway protein C; Involved in a type II secretion system (T2SS, formerly general secretion pathway, GSP) for the export of proteins (By similarity). Required for secretion of cholera toxin through the outer membrane.",8.5681925,10.178161,Unclassified,#ff00c3
Plate1_Drawer2 29-Aug-2025 10-38-13,C11,proQ,VC_1497,"Conserved hypothetical protein; RNA chaperone with significant RNA binding, RNA strand exchange and RNA duplexing activities; Belongs to the ProQ family.",9.33269,9.882959,Unclassified,#ff00c3
Plate1_Drawer2 29-Aug-2025 10-38-13,C12,VC_2627,VC_2627,DamX-related protein; Similar to SP:P11557 GB:Z19601 PID:41226 PID:43274 PID:606322; identified by sequence similarity; putative.,9.096755,7.3366933,Unclassified,#ff00c3
Plate1_Drawer2 29-Aug-2025 10-38-13,C2,gshB,VC_0468,Glutathione synthetase; Similar to SP:P04425 GB:X01666 PID:41625 PID:882476 GB:U00096; identified by sequence similarity; putative.,6.1054387,2.1783025,Unclassified,#ff00c3
Plate1_Drawer2 29-Aug-2025 10-38-13,C3,potB,VC_1427,"Spermidine/putrescine ABC transporter, permease protein; Similar to GB:M64519 SP:P23860 PID:147327 GB:U00096 PID:1651552; identified by sequence similarity; putative.",10.616164,1.5211006,Polyamine Import,#14f7f0
Plate1_Drawer2 29-Aug-2025 10-38-13,C4,flgE,VC_2197,Flagellar hook protein FlgE; Similar to GB:X51737 SP:P16322 GB:X52093 PID:47673; identified by sequence similarity; putative.,11.952885,-0.41301644,Motility,#ff0004
Plate1_Drawer2 29-Aug-2025 10-38-13,C5,glyQ,VC_0021,"glycyl-tRNA synthetase, alpha chain; Similar to SP:P00960 GB:J01622 PID:146222 PID:146225 PID:466698; identified by sequence similarity; putative.",7.9127107,7.50688,Unclassified,#ff00c3
Plate1_Drawer2 29-Aug-2025 10-38-13,C6,VC_0462,VC_0462,Twitching motility protein PilT; Similar to SP:P24559 GB:X67095 PID:151490; identified by sequence similarity; putative.,9.555832,6.2127786,Unclassified,#ff00c3
Plate1_Drawer2 29-Aug-2025 10-38-13,C8,VC_0399,VC_0399,MSHA biogenesis protein MshI; Similar to PID:791156 PID:791153; identified by sequence similarity; putative.,8.962785,4.804712,Unclassified,#ff00c3
Plate1_Drawer2 29-Aug-2025 10-38-13,C9,fliD,VC_2140,"Flagellar hook-associated protein FliD; FILAMENT CAP Required for the morphogenesis and for the elongation of the flagellar filament by facilitating polymerization of the flagellin monomers at the tip of growing filament. Forms a capping structure, which prevents flagellin subunits (transported through the central channel of the flagellum) from leaking out without polymerization at the distal end (By similarity).",10.629291,8.596188,Motility,#ff0004
Plate1_Drawer2 29-Aug-2025 10-38-13,D1,VC_0196,VC_0196,ATP-dependent DNA helicase RecQ; Similar to GB:M87049 SP:P15043 GB:M30198 PID:147559 PID:148221; identified by sequence similarity; putative.,9.263529,5.335859,Unclassified,#ff00c3
Plate1_Drawer2 29-Aug-2025 10-38-13,D12,wbeG,VC_0245,rfbG protein; Similar to GB:X59554 PID:48387; identified by sequence similarity; putative.,7.2838635,3.8364074,O-Antigen Biosynthesis,#0096ff
Plate1_Drawer2 29-Aug-2025 10-38-13,D2,VC_1933,VC_1933,Hypothetical protein; Identified by Glimmer2; putative.,9.459367,5.435068,Unclassified,#ff00c3
Plate1_Drawer2 29-Aug-2025 10-38-13,D3,VC_A0001,VC_A0001,Hypothetical protein; Identified by Glimmer2; putative.,7.8880253,7.41803,Unclassified,#ff00c3
Plate1_Drawer2 29-Aug-2025 10-38-13,D5,pilC,VC_2425,Type IV pilin biogenesis protein PilC; Involved in the translocation of the type IV pilin; Belongs to the GSP F family.,9.323017,7.955819,Unclassified,#ff00c3
Plate1_Drawer2 29-Aug-2025 10-38-13,E1,VC_A0759,VC_A0759,"Arginine ABC transporter, periplasmic arginine-binding protein; Similar to SP:P30859 GB:X67753 GB:X86160 PID:40931 PID:769791; identified by sequence similarity; putative; Belongs to the bacterial solute-binding protein 3 family.",8.689701,5.252781,Unclassified,#ff00c3
Plate1_Drawer2 29-Aug-2025 10-38-13,E10,VC_1887,VC_1887,Hypothetical protein; Identified by Glimmer2; putative.,5.2133293,-5.8437095,Unclassified,#ff00c3
Plate1_Drawer2 29-Aug-2025 10-38-13,E11,VC_A0620,VC_A0620,"Thiosulfate sulfurtransferase SseA, putative; Similar to SP:P31142 GB:U00096 PID:1788869 PID:1799924; identified by sequence similarity; putative.",10.787469,11.07577,Unclassified,#ff00c3
Plate1_Drawer2 29-Aug-2025 10-38-13,E12,trmJ,VC_0746,"RNA methyltransferase, TrmH family; Catalyzes the formation of 2'O-methylated cytidine (Cm32) or 2'O-methylated uridine (Um32) at position 32 in tRNA.",7.6771483,7.9382977,Unclassified,#ff00c3
Plate1_Drawer2 29-Aug-2025 10-38-13,E2,VC_A0785,VC_A0785,GGDEF family protein; Similar to PID:1651932; identified by sequence similarity; putative.,9.2915325,2.7126899,Unclassified,#ff00c3
Plate1_Drawer2 29-Aug-2025 10-38-13,E3,fliE,VC_2134,Flagellar hook-basal body complex protein FliE; Similar to PID:2338730; identified by sequence similarity; putative.,10.008428,2.536813,Motility,#ff0004
Plate1_Drawer2 29-Aug-2025 10-38-13,E4,VC_1581,VC_1581,"NADH dehydrogenase, putative; Similar to SP:P33607 PID:397909 GB:U00096 PID:1788614 PID:1799638; identified by sequence similarity; putative.",9.297666,7.518001,Unclassified,#ff00c3
Plate1_Drawer2 29-Aug-2025 10-38-13,E5,fliP,VC_2123,Flagellar biosynthetic protein FliP; Plays a role in the flagellum-specific transport system. Belongs to the FliP/MopC/SpaP family.,10.275427,-2.0826573,Motility,#ff0004
Plate1_Drawer2 29-Aug-2025 10-38-13,E6,lpxM,VC_0212,Lipid A biosynthesis (kdo)2-(lauroyl)-lipid IVA acyltransferase; Catalyzes the transfer of myristate from myristoyl-acyl carrier protein (ACP) to Kdo(2)-(lauroyl)-lipid IV(A) to form Kdo(2)- lipid A.,10.434815,2.7839568,O-Antigen Biosynthesis,#0096ff
Plate1_Drawer2 29-Aug-2025 10-38-13,F10,cdgJ,VC_0137,Conserved hypothetical protein; Phosphodiesterase (PDE) that catalyzes the hydrolysis of cyclic diguanylate (c-di-GMP). Positively regulates motility and negatively regulates biofilm formation.,7.1119766,5.2607594,Unclassified,#ff00c3
Plate1_Drawer2 29-Aug-2025 10-38-13,F11,recO,VC_2459,DNA repair protein RecO; Involved in DNA repair and RecF pathway recombination.,8.170213,3.745328,Unclassified,#ff00c3
Plate1_Drawer2 29-Aug-2025 10-38-13,F12,VC_A0999,VC_A0999,"Transcriptional regulator, TetR family; Similar to GB:U00096 PID:1787354; identified by sequence similarity; putative.",7.9591126,7.177408,Unclassified,#ff00c3
Plate1_Drawer2 29-Aug-2025 10-38-13,F2,VC_2224,VC_2224,GGDEF family protein; Similar to GB:U00096 PID:1787603; identified by sequence similarity; putative.,7.6623826,9.268755,Unclassified,#ff00c3
Plate1_Drawer2 29-Aug-2025 10-38-13,F3,VC_A1099,VC_A1099,"ABC transporter, permease protein; Similar to SP:P33591 GB:X73143 PID:404846 PID:466613 GB:U00096; identified by sequence similarity; putative.",9.637649,10.621789,Unclassified,#ff00c3
Plate1_Drawer2 29-Aug-2025 10-38-13,F4,VC_1320,VC_1320,DNA-binding response regulator; Similar to PID:1079807 SP:P52108 GB:U00096 PID:1742647 PID:1742658; identified by sequence similarity; putative.,8.59118,9.670186,Unclassified,#ff00c3
Plate1_Drawer2 29-Aug-2025 10-38-13,F5,VC_1319,VC_1319,Sensor histidine kinase; Similar to GB:M36795 SP:P08336 GB:X13307 PID:145590 PID:305015; identified by sequence similarity; putative.,8.614972,9.398844,Unclassified,#ff00c3
Plate1_Drawer2 29-Aug-2025 10-38-13,F6,VC_A0536,VC_A0536,Conserved hypothetical protein; Identified by Glimmer2; putative.,9.45451,10.106699,Unclassified,#ff00c3
Plate1_Drawer2 29-Aug-2025 10-38-13,F7,VC_1414,VC_1414,"Thermostable carboxypeptidase 1; Broad specificity carboxypetidase that releases amino acids sequentially from the C-terminus, including neutral, aromatic, polar and basic residues.",8.193615,9.63838,Unclassified,#ff00c3
Plate1_Drawer2 29-Aug-2025 10-38-13,F8,VC_A0527,VC_A0527,Conserved hypothetical protein; Identified by Glimmer2; putative.,8.309358,9.090543,Unclassified,#ff00c3
Plate1_Drawer2 29-Aug-2025 10-38-13,F9,argH,VC_2641,Argininosuccinate lyase; Similar to SP:P11447 GB:J01590 GB:M21446 PID:145335 PID:396307; identified by sequence similarity; putative.,10.128298,11.297876,Unclassified,#ff00c3
Plate1_Drawer2 29-Aug-2025 10-38-13,G1,guaB,VC_0767,"Inosine-5`-monophosphate dehydrogenase; Catalyzes the conversion of inosine 5'-phosphate (IMP) to xanthosine 5'-phosphate (XMP), the first committed and rate-limiting step in the de novo synthesis of guanine nucleotides, and therefore plays an important role in the regulation of cell growth. Belongs to the IMPDH/GMPR family.",5.921155,2.4640493,Unclassified,#ff00c3
Plate1_Drawer2 29-Aug-2025 10-38-13,G10,rluE,VC_1140,Pseudouridine synthase family 1 protein; Responsible for synthesis of pseudouridine from uracil-2457 in 23S ribosomal RNA; Belongs to the pseudouridine synthase RsuA family.,9.486301,2.6552176,Unclassified,#ff00c3
Plate1_Drawer2 29-Aug-2025 10-38-13,G11,VC_2524,VC_2524,Conserved hypothetical protein; Catalyzes the hydrolysis of 3-deoxy-D-manno-octulosonate 8- phosphate (KDO 8-P) to 3-deoxy-D-manno-octulosonate (KDO) and inorganic phosphate; Belongs to the KdsC family.,9.497079,9.733189,Unclassified,#ff00c3
Plate1_Drawer2 29-Aug-2025 10-38-13,G12,VC_0900,VC_0900,GGDEF family protein; Similar to PID:1652841; identified by sequence similarity; putative.,10.037191,2.2904058,Unclassified,#ff00c3
Plate1_Drawer2 29-Aug-2025 10-38-13,G2,VC_A0171,VC_A0171,Conserved hypothetical protein; Identified by Glimmer2; putative.,9.822944,2.3724678,Unclassified,#ff00c3
Plate1_Drawer2 29-Aug-2025 10-38-13,G3,fliJ,VC_2129,"Flagellar protein FliJ, putative; Similar to PID:1071644 SP:P52613 GB:U00096 PID:1736608 PID:1788252; identified by sequence similarity; putative.",10.530107,3.6706712,Motility,#ff0004
Plate1_Drawer2 29-Aug-2025 10-38-13,G4,VC_0161,VC_0161,Transcriptional activator IlvY; Similar to GB:L42023 SP:P44821 PID:1005575 PID:1220765 PID:1204932; identified by sequence similarity; putative; Belongs to the LysR transcriptional regulatory family.,8.89581,5.0497518,Unclassified,#ff00c3
Plate1_Drawer2 29-Aug-2025 10-38-13,G5,VC_0405,VC_0405,MSHA biogenesis protein MshE; Similar to PID:791156 PID:791159; identified by sequence similarity; putative.,7.64509,7.1452565,Unclassified,#ff00c3
Plate1_Drawer2 29-Aug-2025 10-38-13,G6,VC_1295,VC_1295,Conserved hypothetical protein; Phosphodiesterase (PDE) that catalyzes the hydrolysis of cyclic diguanylate (c-di-GMP) to GMP in vitro. Increases motility and decreases biofilm formation in vivo.,8.755313,9.601374,Unclassified,#ff00c3
Plate1_Drawer2 29-Aug-2025 10-38-13,G7,flgD,VC_2198,Basal-body rod modification protein FlgD; Required for flagellar hook formation. May act as a scaffolding protein.,10.774495,-0.6144885,Motility,#ff0004
Plate1_Drawer2 29-Aug-2025 10-38-13,G8,manC,VC_0241,Mannose-1-phosphate guanylyltransferase; Similar to GB:X59554 SP:Q07024 PID:48383; identified by sequence similarity; putative.,2.37672,-0.8239748,O-Antigen Biosynthesis,#0096ff
Plate1_Drawer2 29-Aug-2025 10-38-13,H1,flhG,VC_2067,MinD-related protein; Similar to GP:3695013; identified by sequence similarity; putative. MULTIPLE FILAMENTS,2.8759437,6.380377,Motility,#ff0004
Plate1_Drawer2 29-Aug-2025 10-38-13,H10,trpR,VC_0701,"Trp operon repressor, putative; This protein is an aporepressor. When complexed with L- tryptophan it binds the operator region of the trp operon and prevents the initiation of transcription (By similarity).",8.20474,4.3524685,Unclassified,#ff00c3
Plate1_Drawer2 29-Aug-2025 10-38-13,H11,greA,VC_0634,"Transcription elongation factor GreA; Necessary for efficient RNA polymerase transcription elongation past template-encoded arresting sites. The arresting sites in DNA have the property of trapping a certain fraction of elongating RNA polymerases that pass through, resulting in locked ternary complexes. Cleavage of the nascent transcript by cleavage factors such as GreA or GreB allows the resumption of elongation from the new 3'terminus. GreA releases sequences of 2 to 3 nucleotides.",9.141784,9.331742,Unclassified,#ff00c3
Plate1_Drawer2 29-Aug-2025 10-38-13,H2,VC_A0940,VC_A0940,"Transcriptional regulator, DeoR family; Similar to SP:P09392 GB:M96795 PID:146186 PID:606358 GB:U00096; identified by sequence similarity; putative.",8.55376,4.3089337,Unclassified,#ff00c3
Plate1_Drawer2 29-Aug-2025 10-38-13,H3,ectA,VC_A0825,"L-2,4-diaminobutyric acid acetyltransferase; Catalyzes the acetylation of L-2,4-diaminobutyrate (DABA) to gamma-N-acetyl-alpha,gamma-diaminobutyric acid (ADABA) with acetyl coenzyme A.",8.806901,7.312233,Unclassified,#ff00c3
Plate1_Drawer2 29-Aug-2025 10-38-13,H4,VC_A0840,VC_A0840,"Deoxycytidylate deaminase, putative; Similar to SP:P33968 GB:X70289 PID:396216; identified by sequence similarity; putative.",8.257631,6.5068984,Unclassified,#ff00c3
Plate1_Drawer2 29-Aug-2025 10-38-13,H6,VC_2522,VC_2522,Conserved hypothetical protein; Identified by Glimmer2; putative.,7.8236175,6.84834,Unclassified,#ff00c3
Plate1_Drawer2 29-Aug-2025 10-38-13,H8,manA,VC_0269,Mannose-6-phosphate isomerase; Similar to SP:P25081 GB:X57117 PID:48820; identified by sequence similarity; putative; Belongs to the mannose-6-phosphate isomerase type 1 family.,2.2609863,-0.3377724,O-Antigen Biosynthesis,#0096ff
Plate1_Drawer2 29-Aug-2025 10-38-13,H9,nusB,VC_2267,N utilization substance protein B; Involved in transcription antitermination. Required for transcription of ribosomal RNA (rRNA) genes. Binds specifically to the boxA antiterminator sequence of the ribosomal RNA (rrn) operons.,7.94005,9.257638,Unclassified,#ff00c3
Plate1_Drawer3 07-Aug-2025 11-30-00,A1,ung,VC_2359,uracil-DNA glycosylase; Excises uracil residues from the DNA which can arise as a result of misincorporation of dUMP residues by DNA polymerase or due to deamination of cytosine.,9.496732,5.3895464,Unclassified,#ff00c3
Plate1_Drawer3 07-Aug-2025 11-30-00,A10,VC_1462,VC_1462,RstB2 protein; Similar to GP:2564358; identified by sequence similarity; putative.,7.3258395,5.173291,Unclassified,#ff00c3
Plate1_Drawer3 07-Aug-2025 11-30-00,A12,wavA,VC_0223,"ADP-heptose--LPS heptosyltransferase II, putative; Similar to GB:L42023 SP:P44011 PID:1003930 PID:1222457 PID:1204774; identified by sequence similarity; putative.",9.993506,4.3673067,O-Antigen Biosynthesis,#0096ff
Plate1_Drawer3 07-Aug-2025 11-30-00,A2,VC_2453,VC_2453,Sensor histidine kinase/response regulator; Similar to GB:D10888 SP:P26607 PID:216535 PID:882680 GB:U00096; identified by sequence similarity; putative.,8.823779,6.0972605,Unclassified,#ff00c3
Plate1_Drawer3 07-Aug-2025 11-30-00,A3,VC_2311,VC_2311,HesA/MoeB/ThiF family protein; Similar to GB:D21145 PID:471103 PID:882707 GB:U00096 SP:Q46927; identified by sequence similarity; putative.,8.662038,5.0491986,Unclassified,#ff00c3
Plate1_Drawer3 07-Aug-2025 11-30-00,A5,rsmJ,VC_0073,Conserved hypothetical protein; Specifically methylates the guanosine in position 1516 of 16S rRNA.,6.7558675,5.7496743,Unclassified,#ff00c3
Plate1_Drawer3 07-Aug-2025 11-30-00,A6,potC,VC_1426,"Spermidine/putrescine ABC transporter, permease protein; Similar to GB:M64519 SP:P23859 PID:147328 GB:U00096 PID:1651551; identified by sequence similarity; putative.",8.017772,5.886136,Polyamine Import,#14f7f0
Plate1_Drawer3 07-Aug-2025 11-30-00,A7,pckA,VC_2738,Phosphoenolpyruvate carboxykinase; Involved in the gluconeogenesis. Catalyzes the conversion of oxaloacetate (OAA) to phosphoenolpyruvate (PEP) through direct phosphoryl transfer between the nucleoside triphosphate and OAA. Belongs to the phosphoenolpyruvate carboxykinase (ATP) family.,8.549797,1.8869399,Unclassified,#ff00c3
Plate1_Drawer3 07-Aug-2025 11-30-00,A8,rluD,VC_0709,"Ribosomal large subunit pseudouridine synthase D; Responsible for synthesis of pseudouridine from uracil at positions 1911, 1915 and 1917 in 23S ribosomal RNA; Belongs to the pseudouridine synthase RluA family.",7.3210673,3.052591,Unclassified,#ff00c3
Plate1_Drawer3 07-Aug-2025 11-30-00,A9,vibB,VC_0771,Vibriobactin-specific isochorismatase; Involved in the biosynthesis of the catechol siderophore vibriobactin. Vibriobactin is a chelating compound involved in transporting iron from the bacterial environment into the cell cytoplasm; Belongs to the isochorismatase family.,5.3135557,1.4802175,Vibriobactin Biosynthesis,#ba17f6
Plate1_Drawer3 07-Aug-2025 11-30-00,B1,flgB,VC_2200,"Flagellar basal-body rod protein FlgB; Structural component of flagellum, the bacterial motility apparatus. Part of the rod structure of flagellar basal body.",10.023842,-0.51840794,Motility,#ff0004
Plate1_Drawer3 07-Aug-2025 11-30-00,B10,flgP,VC_2206,Conserved hypothetical protein; Identified by Glimmer2; putative.,10.204262,1.7392075,Motility,#ff0004
Plate1_Drawer3 07-Aug-2025 11-30-00,B2,fliS,VC_2138,Flagellar protein FliS; Similar to GB:U12816 PID:1254205; identified by sequence similarity; putative.,9.498949,-1.34824,Motility,#ff0004
Plate1_Drawer3 07-Aug-2025 11-30-00,B3,VC_A1081,VC_A1081,Hypothetical protein; Identified by Glimmer2; putative.,8.8037195,3.4336803,Unclassified,#ff00c3
Plate1_Drawer3 07-Aug-2025 11-30-00,B4,VC_1909,VC_1909,Hypothetical protein; Identified by Glimmer2; putative.,9.150935,6.319549,Unclassified,#ff00c3
Plate1_Drawer3 07-Aug-2025 11-30-00,B5,VC_0449,VC_0449,Methyl-accepting chemotaxis protein; Similar to GB:X61367 PID:48195; identified by sequence similarity; putative.,6.5605536,6.305501,Unclassified,#ff00c3
Plate1_Drawer3 07-Aug-2025 11-30-00,B6,VC_1498,VC_1498,Conserved hypothetical protein; Identified by Glimmer2; putative.,8.349916,4.5255194,Unclassified,#ff00c3
Plate1_Drawer3 07-Aug-2025 11-30-00,B7,VC_2756,VC_2756,Potassium uptake protein TrkH; Low-affinity potassium transport system. Interacts with Trk system potassium uptake protein TrkA; Belongs to the TrkH potassium transport family.,8.361966,3.3138936,Unclassified,#ff00c3
Plate1_Drawer3 07-Aug-2025 11-30-00,B8,VC_0113,VC_0113,Methyltransferase-related protein; Similar to SP:P37431 PID:295895; identified by sequence similarity; putative.,8.399182,2.950653,Unclassified,#ff00c3
Plate1_Drawer3 07-Aug-2025 11-30-00,B9,VC_1423,VC_1423,Hypothetical protein; Identified by Glimmer2; putative.,8.329017,6.0040874,Unclassified,#ff00c3
Plate1_Drawer3 07-Aug-2025 11-30-00,C1,VC_A0588,VC_A0588,"Peptide ABC transporter, ATP-binding protein, putative; Similar to SP:P33916 PID:405909 GB:U00096 PID:1736845 PID:1788506; identified by sequence similarity; putative; Belongs to the ABC transporter superfamily.",7.764598,8.824777,Unclassified,#ff00c3
Plate1_Drawer3 07-Aug-2025 11-30-00,C10,epsC,VC_2734,"General secretion pathway protein C; Involved in a type II secretion system (T2SS, formerly general secretion pathway, GSP) for the export of proteins (By similarity). Required for secretion of cholera toxin through the outer membrane.",7.759169,8.951544,Unclassified,#ff00c3
Plate1_Drawer3 07-Aug-2025 11-30-00,C11,proQ,VC_1497,"Conserved hypothetical protein; RNA chaperone with significant RNA binding, RNA strand exchange and RNA duplexing activities; Belongs to the ProQ family.",7.038431,6.8680105,Unclassified,#ff00c3
Plate1_Drawer3 07-Aug-2025 11-30-00,C12,VC_2627,VC_2627,DamX-related protein; Similar to SP:P11557 GB:Z19601 PID:41226 PID:43274 PID:606322; identified by sequence similarity; putative.,9.281596,7.0671897,Unclassified,#ff00c3
Plate1_Drawer3 07-Aug-2025 11-30-00,C2,gshB,VC_0468,Glutathione synthetase; Similar to SP:P04425 GB:X01666 PID:41625 PID:882476 GB:U00096; identified by sequence similarity; putative.,5.3957577,1.4172192,Unclassified,#ff00c3
Plate1_Drawer3 07-Aug-2025 11-30-00,C3,potB,VC_1427,"Spermidine/putrescine ABC transporter, permease protein; Similar to GB:M64519 SP:P23860 PID:147327 GB:U00096 PID:1651552; identified by sequence similarity; putative.",9.008822,1.5299511,Polyamine Import,#14f7f0
Plate1_Drawer3 07-Aug-2025 11-30-00,C4,flgE,VC_2197,Flagellar hook protein FlgE; Similar to GB:X51737 SP:P16322 GB:X52093 PID:47673; identified by sequence similarity; putative.,11.936541,-0.44674698,Motility,#ff0004
Plate1_Drawer3 07-Aug-2025 11-30-00,C5,glyQ,VC_0021,"glycyl-tRNA synthetase, alpha chain; Similar to SP:P00960 GB:J01622 PID:146222 PID:146225 PID:466698; identified by sequence similarity; putative.",10.475513,9.716551,Unclassified,#ff00c3
Plate1_Drawer3 07-Aug-2025 11-30-00,C6,VC_0462,VC_0462,Twitching motility protein PilT; Similar to SP:P24559 GB:X67095 PID:151490; identified by sequence similarity; putative.,9.637952,6.1817064,Unclassified,#ff00c3
Plate1_Drawer3 07-Aug-2025 11-30-00,C7,flhA,VC_2069,"Flagellar biosynthetic protein FlhA; Required for formation of the rod structure of the flagellar apparatus. Together with FliI and FliH, may constitute the export apparatus of flagellin; Belongs to the FHIPEP (flagella/HR/invasion proteins export pore) family.",8.323074,-0.053675808,Motility,#ff0004
Plate1_Drawer3 07-Aug-2025 11-30-00,C8,VC_0399,VC_0399,MSHA biogenesis protein MshI; Similar to PID:791156 PID:791153; identified by sequence similarity; putative.,7.1050434,3.6252031,Unclassified,#ff00c3
Plate1_Drawer3 07-Aug-2025 11-30-00,C9,fliD,VC_2140,"Flagellar hook-associated protein FliD; FILAMENT CAP Required for the morphogenesis and for the elongation of the flagellar filament by facilitating polymerization of the flagellin monomers at the tip of growing filament. Forms a capping structure, which prevents flagellin subunits (transported through the central channel of the flagellum) from leaking out without polymerization at the distal end (By similarity).",8.382457,9.095688,Motility,#ff0004
Plate1_Drawer3 07-Aug-2025 11-30-00,D1,VC_0196,VC_0196,ATP-dependent DNA helicase RecQ; Similar to GB:M87049 SP:P15043 GB:M30198 PID:147559 PID:148221; identified by sequence similarity; putative.,8.387468,3.911646,Unclassified,#ff00c3
Plate1_Drawer3 07-Aug-2025 11-30-00,D10,VC_2270,VC_2270,Riboflavin,5.9514523,1.9383949,Unclassified,#ff00c3
Plate1_Drawer3 07-Aug-2025 11-30-00,D11,VC_2718; VC_2719,VC_2718; VC_2719,,4.6724796,-5.064353,Unclassified,#ff00c3
Plate1_Drawer3 07-Aug-2025 11-30-00,D12,wbeG,VC_0245,rfbG protein; Similar to GB:X59554 PID:48387; identified by sequence similarity; putative.,8.416605,2.8709464,O-Antigen Biosynthesis,#0096ff
Plate1_Drawer3 07-Aug-2025 11-30-00,D2,VC_1933,VC_1933,Hypothetical protein; Identified by Glimmer2; putative.,9.2133465,6.006931,Unclassified,#ff00c3
Plate1_Drawer3 07-Aug-2025 11-30-00,D3,VC_A0001,VC_A0001,Hypothetical protein; Identified by Glimmer2; putative.,9.325218,8.919708,Unclassified,#ff00c3
Plate1_Drawer3 07-Aug-2025 11-30-00,D4,fadR,VC_1900,Fatty acid metabolism regulator protein; Multifunctional regulator of fatty acid metabolism.,7.2170606,-0.48433694,Unclassified,#ff00c3
Plate1_Drawer3 07-Aug-2025 11-30-00,D5,pilC,VC_2425,Type IV pilin biogenesis protein PilC; Involved in the translocation of the type IV pilin; Belongs to the GSP F family.,7.427426,7.748528,Unclassified,#ff00c3
Plate1_Drawer3 07-Aug-2025 11-30-00,D6,pta,VC_1097,Phosphate acetyltransferase; Involved in acetate metabolism; In the N-terminal section; belongs to the CobB/CobQ family.,10.536109,11.580882,Unclassified,#ff00c3
Plate1_Drawer3 07-Aug-2025 11-30-00,D7,VC_A0800,VC_A0800,creA protein; Similar to SP:P08367 GB:M13608 PID:147249 PID:147691 PID:537237; identified by sequence similarity; putative.,9.798663,1.7226418,Unclassified,#ff00c3
Plate1_Drawer3 07-Aug-2025 11-30-00,D8,wzt,VC_0247,lipopolysaccharide/O-antigen transport protein; Similar to GB:X59554 PID:48389; identified by sequence similarity; putative.,7.125839,6.281117,O-Antigen Biosynthesis,#0096ff
Plate1_Drawer3 07-Aug-2025 11-30-00,D9,wbeM,VC_0250,Iron-containing alcohol dehydrogenase family protein RfbM; Similar to GB:M26941 SP:P13604 PID:144714; identified by sequence similarity; putative.,8.172896,5.4070992,O-Antigen Biosynthesis,#0096ff
Plate1_Drawer3 07-Aug-2025 11-30-00,E1,VC_A0759,VC_A0759,"Arginine ABC transporter, periplasmic arginine-binding protein; Similar to SP:P30859 GB:X67753 GB:X86160 PID:40931 PID:769791; identified by sequence similarity; putative; Belongs to the bacterial solute-binding protein 3 family.",8.662742,2.7115028,Unclassified,#ff00c3
Plate1_Drawer3 07-Aug-2025 11-30-00,E10,VC_1887,VC_1887,Hypothetical protein; Identified by Glimmer2; putative.,5.1473026,-5.7550263,Unclassified,#ff00c3
Plate1_Drawer3 07-Aug-2025 11-30-00,E11,VC_A0620,VC_A0620,"Thiosulfate sulfurtransferase SseA, putative; Similar to SP:P31142 GB:U00096 PID:1788869 PID:1799924; identified by sequence similarity; putative.",10.4596615,11.531527,Unclassified,#ff00c3
Plate1_Drawer3 07-Aug-2025 11-30-00,E12,trmJ,VC_0746,"RNA methyltransferase, TrmH family; Catalyzes the formation of 2'O-methylated cytidine (Cm32) or 2'O-methylated uridine (Um32) at position 32 in tRNA.",8.968883,10.406731,Unclassified,#ff00c3
Plate1_Drawer3 07-Aug-2025 11-30-00,E2,VC_A0785,VC_A0785,GGDEF family protein; Similar to PID:1651932; identified by sequence similarity; putative.,10.433391,2.5661893,Unclassified,#ff00c3
Plate1_Drawer3 07-Aug-2025 11-30-00,E3,fliE,VC_2134,Flagellar hook-basal body complex protein FliE; Similar to PID:2338730; identified by sequence similarity; putative.,11.157381,-2.0291095,Motility,#ff0004
Plate1_Drawer3 07-Aug-2025 11-30-00,E4,VC_1581,VC_1581,"NADH dehydrogenase, putative; Similar to SP:P33607 PID:397909 GB:U00096 PID:1788614 PID:1799638; identified by sequence similarity; putative.",10.699291,10.553072,Unclassified,#ff00c3
Plate1_Drawer3 07-Aug-2025 11-30-00,E5,fliP,VC_2123,Flagellar biosynthetic protein FliP; Plays a role in the flagellum-specific transport system. Belongs to the FliP/MopC/SpaP family.,9.430543,-1.2126032,Motility,#ff0004
Plate1_Drawer3 07-Aug-2025 11-30-00,E6,lpxM,VC_0212,Lipid A biosynthesis (kdo)2-(lauroyl)-lipid IVA acyltransferase; Catalyzes the transfer of myristate from myristoyl-acyl carrier protein (ACP) to Kdo(2)-(lauroyl)-lipid IV(A) to form Kdo(2)- lipid A.,10.720476,2.9393451,O-Antigen Biosynthesis,#0096ff
Plate1_Drawer3 07-Aug-2025 11-30-00,E7,VC_2714,VC_2714,Transcriptional regulator OmpR; Similar to PID:2108342; identified by sequence similarity; putative.,9.43818,10.848496,Unclassified,#ff00c3
Plate1_Drawer3 07-Aug-2025 11-30-00,F10,cdgJ,VC_0137,Conserved hypothetical protein; Phosphodiesterase (PDE) that catalyzes the hydrolysis of cyclic diguanylate (c-di-GMP). Positively regulates motility and negatively regulates biofilm formation.,8.066889,6.5252905,Unclassified,#ff00c3
Plate1_Drawer3 07-Aug-2025 11-30-00,F11,recO,VC_2459,DNA repair protein RecO; Involved in DNA repair and RecF pathway recombination.,9.705885,2.0487638,Unclassified,#ff00c3
Plate1_Drawer3 07-Aug-2025 11-30-00,F12,VC_A0999,VC_A0999,"Transcriptional regulator, TetR family; Similar to GB:U00096 PID:1787354; identified by sequence similarity; putative.",7.6606846,3.8306274,Unclassified,#ff00c3
Plate1_Drawer3 07-Aug-2025 11-30-00,F2,VC_2224,VC_2224,GGDEF family protein; Similar to GB:U00096 PID:1787603; identified by sequence similarity; putative.,8.002955,9.683737,Unclassified,#ff00c3
Plate1_Drawer3 07-Aug-2025 11-30-00,F3,VC_A1099,VC_A1099,"ABC transporter, permease protein; Similar to SP:P33591 GB:X73143 PID:404846 PID:466613 GB:U00096; identified by sequence similarity; putative.",8.326309,9.902538,Unclassified,#ff00c3
Plate1_Drawer3 07-Aug-2025 11-30-00,F4,VC_1320,VC_1320,DNA-binding response regulator; Similar to PID:1079807 SP:P52108 GB:U00096 PID:1742647 PID:1742658; identified by sequence similarity; putative.,10.670739,11.706198,Unclassified,#ff00c3
Plate1_Drawer3 07-Aug-2025 11-30-00,F5,VC_1319,VC_1319,Sensor histidine kinase; Similar to GB:M36795 SP:P08336 GB:X13307 PID:145590 PID:305015; identified by sequence similarity; putative.,7.7991056,9.328248,Unclassified,#ff00c3
Plate1_Drawer3 07-Aug-2025 11-30-00,F6,VC_A0536,VC_A0536,Conserved hypothetical protein; Identified by Glimmer2; putative.,8.382629,8.526123,Unclassified,#ff00c3
Plate1_Drawer3 07-Aug-2025 11-30-00,F7,VC_1414,VC_1414,"Thermostable carboxypeptidase 1; Broad specificity carboxypetidase that releases amino acids sequentially from the C-terminus, including neutral, aromatic, polar and basic residues.",8.521731,9.467851,Unclassified,#ff00c3
Plate1_Drawer3 07-Aug-2025 11-30-00,F8,VC_A0527,VC_A0527,Conserved hypothetical protein; Identified by Glimmer2; putative.,11.354282,12.157925,Unclassified,#ff00c3
Plate1_Drawer3 07-Aug-2025 11-30-00,F9,argH,VC_2641,Argininosuccinate lyase; Similar to SP:P11447 GB:J01590 GB:M21446 PID:145335 PID:396307; identified by sequence similarity; putative.,8.477926,9.849607,Unclassified,#ff00c3
Plate1_Drawer3 07-Aug-2025 11-30-00,G10,rluE,VC_1140,Pseudouridine synthase family 1 protein; Responsible for synthesis of pseudouridine from uracil-2457 in 23S ribosomal RNA; Belongs to the pseudouridine synthase RsuA family.,9.416463,2.1197684,Unclassified,#ff00c3
Plate1_Drawer3 07-Aug-2025 11-30-00,G11,VC_2524,VC_2524,Conserved hypothetical protein; Catalyzes the hydrolysis of 3-deoxy-D-manno-octulosonate 8- phosphate (KDO 8-P) to 3-deoxy-D-manno-octulosonate (KDO) and inorganic phosphate; Belongs to the KdsC family.,6.696552,6.06054,Unclassified,#ff00c3
Plate1_Drawer3 07-Aug-2025 11-30-00,G12,VC_0900,VC_0900,GGDEF family protein; Similar to PID:1652841; identified by sequence similarity; putative.,9.745501,1.8363825,Unclassified,#ff00c3
Plate1_Drawer3 07-Aug-2025 11-30-00,G2,VC_A0171,VC_A0171,Conserved hypothetical protein; Identified by Glimmer2; putative.,8.700988,2.4807394,Unclassified,#ff00c3
Plate1_Drawer3 07-Aug-2025 11-30-00,G3,fliJ,VC_2129,"Flagellar protein FliJ, putative; Similar to PID:1071644 SP:P52613 GB:U00096 PID:1736608 PID:1788252; identified by sequence similarity; putative.",11.550224,4.9897494,Motility,#ff0004
Plate1_Drawer3 07-Aug-2025 11-30-00,G4,VC_0161,VC_0161,Transcriptional activator IlvY; Similar to GB:L42023 SP:P44821 PID:1005575 PID:1220765 PID:1204932; identified by sequence similarity; putative; Belongs to the LysR transcriptional regulatory family.,8.983685,3.298682,Unclassified,#ff00c3
Plate1_Drawer3 07-Aug-2025 11-30-00,G5,VC_0405,VC_0405,MSHA biogenesis protein MshE; Similar to PID:791156 PID:791159; identified by sequence similarity; putative.,7.838909,9.381331,Unclassified,#ff00c3
Plate1_Drawer3 07-Aug-2025 11-30-00,G6,VC_1295,VC_1295,Conserved hypothetical protein; Phosphodiesterase (PDE) that catalyzes the hydrolysis of cyclic diguanylate (c-di-GMP) to GMP in vitro. Increases motility and decreases biofilm formation in vivo.,8.750275,10.39001,Unclassified,#ff00c3
Plate1_Drawer3 07-Aug-2025 11-30-00,G7,flgD,VC_2198,Basal-body rod modification protein FlgD; Required for flagellar hook formation. May act as a scaffolding protein.,11.712113,-0.96915436,Motility,#ff0004
Plate1_Drawer3 07-Aug-2025 11-30-00,G8,manC,VC_0241,Mannose-1-phosphate guanylyltransferase; Similar to GB:X59554 SP:Q07024 PID:48383; identified by sequence similarity; putative.,2.1319847,-0.2881962,O-Antigen Biosynthesis,#0096ff
Plate1_Drawer3 07-Aug-2025 11-30-00,H1,flhG,VC_2067,MinD-related protein; Similar to GP:3695013; identified by sequence similarity; putative. MULTIPLE FILAMENTS,2.790189,6.3000474,Motility,#ff0004
Plate1_Drawer3 07-Aug-2025 11-30-00,H10,trpR,VC_0701,"Trp operon repressor, putative; This protein is an aporepressor. When complexed with L- tryptophan it binds the operator region of the trp operon and prevents the initiation of transcription (By similarity).",7.6278615,3.0149362,Unclassified,#ff00c3
Plate1_Drawer3 07-Aug-2025 11-30-00,H11,greA,VC_0634,"Transcription elongation factor GreA; Necessary for efficient RNA polymerase transcription elongation past template-encoded arresting sites. The arresting sites in DNA have the property of trapping a certain fraction of elongating RNA polymerases that pass through, resulting in locked ternary complexes. Cleavage of the nascent transcript by cleavage factors such as GreA or GreB allows the resumption of elongation from the new 3'terminus. GreA releases sequences of 2 to 3 nucleotides.",7.4538713,5.512439,Unclassified,#ff00c3
Plate1_Drawer3 07-Aug-2025 11-30-00,H12,VC_0419,VC_0419,Cytoplasmic axial filament protein; Similar to SP:P25537 PID:48826 PID:606187 GB:U00096 PID:1789645; identified by sequence similarity; putative.,10.02633,6.9327826,Unclassified,#ff00c3
Plate1_Drawer3 07-Aug-2025 11-30-00,H2,VC_A0940,VC_A0940,"Transcriptional regulator, DeoR family; Similar to SP:P09392 GB:M96795 PID:146186 PID:606358 GB:U00096; identified by sequence similarity; putative.",9.5291395,3.7756314,Unclassified,#ff00c3
Plate1_Drawer3 07-Aug-2025 11-30-00,H3,ectA,VC_A0825,"L-2,4-diaminobutyric acid acetyltransferase; Catalyzes the acetylation of L-2,4-diaminobutyrate (DABA) to gamma-N-acetyl-alpha,gamma-diaminobutyric acid (ADABA) with acetyl coenzyme A.",9.188056,2.804012,Unclassified,#ff00c3
Plate1_Drawer3 07-Aug-2025 11-30-00,H4,VC_A0840,VC_A0840,"Deoxycytidylate deaminase, putative; Similar to SP:P33968 GB:X70289 PID:396216; identified by sequence similarity; putative.",8.699703,7.0328717,Unclassified,#ff00c3
Plate1_Drawer3 07-Aug-2025 11-30-00,H6,VC_2522,VC_2522,Conserved hypothetical protein; Identified by Glimmer2; putative.,7.262035,6.1279664,Unclassified,#ff00c3
Plate1_Drawer3 07-Aug-2025 11-30-00,H7,glmS,VC_0487,"Glucosamine--fructose-6-phosphate aminotransferase (isomerizing); Catalyzes the first step in hexosamine metabolism, converting fructose-6P into glucosamine-6P using glutamine as a nitrogen source.",8.393062,5.9647264,Unclassified,#ff00c3
Plate1_Drawer3 07-Aug-2025 11-30-00,H8,manA,VC_0269,Mannose-6-phosphate isomerase; Similar to SP:P25081 GB:X57117 PID:48820; identified by sequence similarity; putative; Belongs to the mannose-6-phosphate isomerase type 1 family.,2.871738,-0.48117828,O-Antigen Biosynthesis,#0096ff
Plate1_Drawer3 07-Aug-2025 11-30-00,H9,nusB,VC_2267,N utilization substance protein B; Involved in transcription antitermination. Required for transcription of ribosomal RNA (rRNA) genes. Binds specifically to the boxA antiterminator sequence of the ribosomal RNA (rrn) operons.,7.978318,7.95647,Unclassified,#ff00c3
Plate1_Drawer3 22-Jul-2025 10-49-52,A1,ung,VC_2359,uracil-DNA glycosylase; Excises uracil residues from the DNA which can arise as a result of misincorporation of dUMP residues by DNA polymerase or due to deamination of cytosine.,10.799339,5.527767,Unclassified,#ff00c3
Plate1_Drawer3 22-Jul-2025 10-49-52,A10,VC_1462,VC_1462,RstB2 protein; Similar to GP:2564358; identified by sequence similarity; putative.,11.694156,10.023601,Unclassified,#ff00c3
Plate1_Drawer3 22-Jul-2025 10-49-52,A12,wavA,VC_0223,"ADP-heptose--LPS heptosyltransferase II, putative; Similar to GB:L42023 SP:P44011 PID:1003930 PID:1222457 PID:1204774; identified by sequence similarity; putative.",10.273695,9.261691,O-Antigen Biosynthesis,#0096ff
Plate1_Drawer3 22-Jul-2025 10-49-52,A2,VC_2453,VC_2453,Sensor histidine kinase/response regulator; Similar to GB:D10888 SP:P26607 PID:216535 PID:882680 GB:U00096; identified by sequence similarity; putative.,9.591683,5.9512978,Unclassified,#ff00c3
Plate1_Drawer3 22-Jul-2025 10-49-52,A3,VC_2311,VC_2311,HesA/MoeB/ThiF family protein; Similar to GB:D21145 PID:471103 PID:882707 GB:U00096 SP:Q46927; identified by sequence similarity; putative.,10.547554,5.859331,Unclassified,#ff00c3
Plate1_Drawer3 22-Jul-2025 10-49-52,A4,lipA,VC_0943,"Lipoic acid synthetase; Catalyzes the radical-mediated insertion of two sulfur atoms into the C-6 and C-8 positions of the octanoyl moiety bound to the lipoyl domains of lipoate-dependent enzymes, thereby converting the octanoylated domains into lipoylated derivatives.",5.105443,1.0332397,Pyruvate Flux,#39ff14
Plate1_Drawer3 22-Jul-2025 10-49-52,A5,rsmJ,VC_0073,Conserved hypothetical protein; Specifically methylates the guanosine in position 1516 of 16S rRNA.,10.370345,5.5130544,Unclassified,#ff00c3
Plate1_Drawer3 22-Jul-2025 10-49-52,A6,potC,VC_1426,"Spermidine/putrescine ABC transporter, permease protein; Similar to GB:M64519 SP:P23859 PID:147328 GB:U00096 PID:1651551; identified by sequence similarity; putative.",10.577231,6.5981655,Polyamine Import,#14f7f0
Plate1_Drawer3 22-Jul-2025 10-49-52,A7,pckA,VC_2738,Phosphoenolpyruvate carboxykinase; Involved in the gluconeogenesis. Catalyzes the conversion of oxaloacetate (OAA) to phosphoenolpyruvate (PEP) through direct phosphoryl transfer between the nucleoside triphosphate and OAA. Belongs to the phosphoenolpyruvate carboxykinase (ATP) family.,10.540473,1.6196316,Unclassified,#ff00c3
Plate1_Drawer3 22-Jul-2025 10-49-52,A8,rluD,VC_0709,"Ribosomal large subunit pseudouridine synthase D; Responsible for synthesis of pseudouridine from uracil at positions 1911, 1915 and 1917 in 23S ribosomal RNA; Belongs to the pseudouridine synthase RluA family.",11.121762,10.701059,Unclassified,#ff00c3
Plate1_Drawer3 22-Jul-2025 10-49-52,A9,vibB,VC_0771,Vibriobactin-specific isochorismatase; Involved in the biosynthesis of the catechol siderophore vibriobactin. Vibriobactin is a chelating compound involved in transporting iron from the bacterial environment into the cell cytoplasm; Belongs to the isochorismatase family.,5.6517534,1.8993123,Vibriobactin Biosynthesis,#ba17f6
Plate1_Drawer3 22-Jul-2025 10-49-52,B1,flgB,VC_2200,"Flagellar basal-body rod protein FlgB; Structural component of flagellum, the bacterial motility apparatus. Part of the rod structure of flagellar basal body.",10.9707155,-1.7691118,Motility,#ff0004
Plate1_Drawer3 22-Jul-2025 10-49-52,B10,flgP,VC_2206,Conserved hypothetical protein; Identified by Glimmer2; putative.,10.556432,-2.1781046,Motility,#ff0004
Plate1_Drawer3 22-Jul-2025 10-49-52,B11,fliQ,VC_2122,Flagellar biosynthetic protein FliQ; Role in flagellar biosynthesis. Belongs to the FliQ/MopD/SpaQ family.,10.025759,-1.9805975,Motility,#ff0004
Plate1_Drawer3 22-Jul-2025 10-49-52,B12,argF,VC_2508,Ornithine carbamoyltransferase; Reversibly catalyzes the transfer of the carbamoyl group from carbamoyl phosphate (CP) to the N(epsilon) atom of ornithine (ORN) to produce L-citrulline; Belongs to the aspartate/ornithine carbamoyltransferase superfamily. OTCase family.,11.489894,9.623623,Unclassified,#ff00c3
Plate1_Drawer3 22-Jul-2025 10-49-52,B2,fliS,VC_2138,Flagellar protein FliS; Similar to GB:U12816 PID:1254205; identified by sequence similarity; putative.,10.698112,-2.2426353,Motility,#ff0004
Plate1_Drawer3 22-Jul-2025 10-49-52,B3,VC_A1081,VC_A1081,Hypothetical protein; Identified by Glimmer2; putative.,10.88714,5.8105326,Unclassified,#ff00c3
Plate1_Drawer3 22-Jul-2025 10-49-52,B4,VC_1909,VC_1909,Hypothetical protein; Identified by Glimmer2; putative.,10.826266,10.03322,Unclassified,#ff00c3
Plate1_Drawer3 22-Jul-2025 10-49-52,B5,VC_0449,VC_0449,Methyl-accepting chemotaxis protein; Similar to GB:X61367 PID:48195; identified by sequence similarity; putative.,9.520257,6.074614,Unclassified,#ff00c3
Plate1_Drawer3 22-Jul-2025 10-49-52,B6,VC_1498,VC_1498,Conserved hypothetical protein; Identified by Glimmer2; putative.,10.635711,8.532952,Unclassified,#ff00c3
Plate1_Drawer3 22-Jul-2025 10-49-52,B7,VC_2756,VC_2756,Potassium uptake protein TrkH; Low-affinity potassium transport system. Interacts with Trk system potassium uptake protein TrkA; Belongs to the TrkH potassium transport family.,10.988242,5.1359186,Unclassified,#ff00c3
Plate1_Drawer3 22-Jul-2025 10-49-52,B8,VC_0113,VC_0113,Methyltransferase-related protein; Similar to SP:P37431 PID:295895; identified by sequence similarity; putative.,11.051056,5.3289633,Unclassified,#ff00c3
Plate1_Drawer3 22-Jul-2025 10-49-52,B9,VC_1423,VC_1423,Hypothetical protein; Identified by Glimmer2; putative.,11.257065,9.290779,Unclassified,#ff00c3
Plate1_Drawer3 22-Jul-2025 10-49-52,C1,VC_A0588,VC_A0588,"Peptide ABC transporter, ATP-binding protein, putative; Similar to SP:P33916 PID:405909 GB:U00096 PID:1736845 PID:1788506; identified by sequence similarity; putative; Belongs to the ABC transporter superfamily.",11.450981,11.733053,Unclassified,#ff00c3
Plate1_Drawer3 22-Jul-2025 10-49-52,C10,epsC,VC_2734,"General secretion pathway protein C; Involved in a type II secretion system (T2SS, formerly general secretion pathway, GSP) for the export of proteins (By similarity). Required for secretion of cholera toxin through the outer membrane.",11.794964,12.2619705,Unclassified,#ff00c3
Plate1_Drawer3 22-Jul-2025 10-49-52,C11,proQ,VC_1497,"Conserved hypothetical protein; RNA chaperone with significant RNA binding, RNA strand exchange and RNA duplexing activities; Belongs to the ProQ family.",11.00643,10.588771,Unclassified,#ff00c3
Plate1_Drawer3 22-Jul-2025 10-49-52,C12,VC_2627,VC_2627,DamX-related protein; Similar to SP:P11557 GB:Z19601 PID:41226 PID:43274 PID:606322; identified by sequence similarity; putative.,11.396794,10.468608,Unclassified,#ff00c3
Plate1_Drawer3 22-Jul-2025 10-49-52,C2,gshB,VC_0468,Glutathione synthetase; Similar to SP:P04425 GB:X01666 PID:41625 PID:882476 GB:U00096; identified by sequence similarity; putative.,8.306289,3.860897,Unclassified,#ff00c3
Plate1_Drawer3 22-Jul-2025 10-49-52,C3,potB,VC_1427,"Spermidine/putrescine ABC transporter, permease protein; Similar to GB:M64519 SP:P23860 PID:147327 GB:U00096 PID:1651552; identified by sequence similarity; putative.",10.321723,1.4583484,Polyamine Import,#14f7f0
Plate1_Drawer3 22-Jul-2025 10-49-52,C4,flgE,VC_2197,Flagellar hook protein FlgE; Similar to GB:X51737 SP:P16322 GB:X52093 PID:47673; identified by sequence similarity; putative.,10.804743,-0.6485393,Motility,#ff0004
Plate1_Drawer3 22-Jul-2025 10-49-52,C5,glyQ,VC_0021,"glycyl-tRNA synthetase, alpha chain; Similar to SP:P00960 GB:J01622 PID:146222 PID:146225 PID:466698; identified by sequence similarity; putative.",11.068258,9.759776,Unclassified,#ff00c3
Plate1_Drawer3 22-Jul-2025 10-49-52,C6,VC_0462,VC_0462,Twitching motility protein PilT; Similar to SP:P24559 GB:X67095 PID:151490; identified by sequence similarity; putative.,11.714307,9.258865,Unclassified,#ff00c3
Plate1_Drawer3 22-Jul-2025 10-49-52,C7,flhA,VC_2069,"Flagellar biosynthetic protein FlhA; Required for formation of the rod structure of the flagellar apparatus. Together with FliI and FliH, may constitute the export apparatus of flagellin; Belongs to the FHIPEP (flagella/HR/invasion proteins export pore) family.",10.629231,-2.195552,Motility,#ff0004
Plate1_Drawer3 22-Jul-2025 10-49-52,C8,VC_0399,VC_0399,MSHA biogenesis protein MshI; Similar to PID:791156 PID:791153; identified by sequence similarity; putative.,10.726849,5.8693657,Unclassified,#ff00c3
Plate1_Drawer3 22-Jul-2025 10-49-52,C9,fliD,VC_2140,"Flagellar hook-associated protein FliD; FILAMENT CAP Required for the morphogenesis and for the elongation of the flagellar filament by facilitating polymerization of the flagellin monomers at the tip of growing filament. Forms a capping structure, which prevents flagellin subunits (transported through the central channel of the flagellum) from leaking out without polymerization at the distal end (By similarity).",11.57294,4.5583816,Motility,#ff0004
Plate1_Drawer3 22-Jul-2025 10-49-52,D1,VC_0196,VC_0196,ATP-dependent DNA helicase RecQ; Similar to GB:M87049 SP:P15043 GB:M30198 PID:147559 PID:148221; identified by sequence similarity; putative.,11.711734,9.362967,Unclassified,#ff00c3
Plate1_Drawer3 22-Jul-2025 10-49-52,D11,VC_2718; VC_2719,VC_2718; VC_2719,,4.8375287,-6.0735426,Unclassified,#ff00c3
Plate1_Drawer3 22-Jul-2025 10-49-52,D12,wbeG,VC_0245,rfbG protein; Similar to GB:X59554 PID:48387; identified by sequence similarity; putative.,11.056898,9.231544,O-Antigen Biosynthesis,#0096ff
Plate1_Drawer3 22-Jul-2025 10-49-52,D2,VC_1933,VC_1933,Hypothetical protein; Identified by Glimmer2; putative.,10.792599,5.7399306,Unclassified,#ff00c3
Plate1_Drawer3 22-Jul-2025 10-49-52,D3,VC_A0001,VC_A0001,Hypothetical protein; Identified by Glimmer2; putative.,11.104837,10.936348,Unclassified,#ff00c3
Plate1_Drawer3 22-Jul-2025 10-49-52,D4,fadR,VC_1900,Fatty acid metabolism regulator protein; Multifunctional regulator of fatty acid metabolism.,7.4184566,-0.47819266,Unclassified,#ff00c3
Plate1_Drawer3 22-Jul-2025 10-49-52,D5,pilC,VC_2425,Type IV pilin biogenesis protein PilC; Involved in the translocation of the type IV pilin; Belongs to the GSP F family.,11.735821,10.257275,Unclassified,#ff00c3
Plate1_Drawer3 22-Jul-2025 10-49-52,D6,pta,VC_1097,Phosphate acetyltransferase; Involved in acetate metabolism; In the N-terminal section; belongs to the CobB/CobQ family.,10.842425,11.492533,Unclassified,#ff00c3
Plate1_Drawer3 22-Jul-2025 10-49-52,D7,VC_A0800,VC_A0800,creA protein; Similar to SP:P08367 GB:M13608 PID:147249 PID:147691 PID:537237; identified by sequence similarity; putative.,10.828726,1.9749515,Unclassified,#ff00c3
Plate1_Drawer3 22-Jul-2025 10-49-52,D8,wzt,VC_0247,lipopolysaccharide/O-antigen transport protein; Similar to GB:X59554 PID:48389; identified by sequence similarity; putative.,9.198942,4.400861,O-Antigen Biosynthesis,#0096ff
Plate1_Drawer3 22-Jul-2025 10-49-52,D9,wbeM,VC_0250,Iron-containing alcohol dehydrogenase family protein RfbM; Similar to GB:M26941 SP:P13604 PID:144714; identified by sequence similarity; putative.,9.5738,4.9680595,O-Antigen Biosynthesis,#0096ff
Plate1_Drawer3 22-Jul-2025 10-49-52,E1,VC_A0759,VC_A0759,"Arginine ABC transporter, periplasmic arginine-binding protein; Similar to SP:P30859 GB:X67753 GB:X86160 PID:40931 PID:769791; identified by sequence similarity; putative; Belongs to the bacterial solute-binding protein 3 family.",10.697224,6.2182627,Unclassified,#ff00c3
Plate1_Drawer3 22-Jul-2025 10-49-52,E10,VC_1887,VC_1887,Hypothetical protein; Identified by Glimmer2; putative.,7.2669506,2.6824262,Unclassified,#ff00c3
Plate1_Drawer3 22-Jul-2025 10-49-52,E11,VC_A0620,VC_A0620,"Thiosulfate sulfurtransferase SseA, putative; Similar to SP:P31142 GB:U00096 PID:1788869 PID:1799924; identified by sequence similarity; putative.",9.723586,9.888261,Unclassified,#ff00c3
Plate1_Drawer3 22-Jul-2025 10-49-52,E12,trmJ,VC_0746,"RNA methyltransferase, TrmH family; Catalyzes the formation of 2'O-methylated cytidine (Cm32) or 2'O-methylated uridine (Um32) at position 32 in tRNA.",11.60927,12.238226,Unclassified,#ff00c3
Plate1_Drawer3 22-Jul-2025 10-49-52,E2,VC_A0785,VC_A0785,GGDEF family protein; Similar to PID:1651932; identified by sequence similarity; putative.,10.403028,2.1599302,Unclassified,#ff00c3
Plate1_Drawer3 22-Jul-2025 10-49-52,E3,fliE,VC_2134,Flagellar hook-basal body complex protein FliE; Similar to PID:2338730; identified by sequence similarity; putative.,10.646054,-2.1780627,Motility,#ff0004
Plate1_Drawer3 22-Jul-2025 10-49-52,E4,VC_1581,VC_1581,"NADH dehydrogenase, putative; Similar to SP:P33607 PID:397909 GB:U00096 PID:1788614 PID:1799638; identified by sequence similarity; putative.",10.055746,9.403626,Unclassified,#ff00c3
Plate1_Drawer3 22-Jul-2025 10-49-52,E5,fliP,VC_2123,Flagellar biosynthetic protein FliP; Plays a role in the flagellum-specific transport system. Belongs to the FliP/MopC/SpaP family.,10.744743,-2.1396568,Motility,#ff0004
Plate1_Drawer3 22-Jul-2025 10-49-52,E7,VC_2714,VC_2714,Transcriptional regulator OmpR; Similar to PID:2108342; identified by sequence similarity; putative.,9.156499,10.466215,Unclassified,#ff00c3
Plate1_Drawer3 22-Jul-2025 10-49-52,E9,VC_1154,VC_1154,Hypothetical protein; Identified by Glimmer2; putative.,8.999165,9.55665,Unclassified,#ff00c3
Plate1_Drawer3 22-Jul-2025 10-49-52,F10,cdgJ,VC_0137,Conserved hypothetical protein; Phosphodiesterase (PDE) that catalyzes the hydrolysis of cyclic diguanylate (c-di-GMP). Positively regulates motility and negatively regulates biofilm formation.,7.911098,6.1810737,Unclassified,#ff00c3
Plate1_Drawer3 22-Jul-2025 10-49-52,F11,recO,VC_2459,DNA repair protein RecO; Involved in DNA repair and RecF pathway recombination.,8.715096,3.949094,Unclassified,#ff00c3
Plate1_Drawer3 22-Jul-2025 10-49-52,F12,VC_A0999,VC_A0999,"Transcriptional regulator, TetR family; Similar to GB:U00096 PID:1787354; identified by sequence similarity; putative.",10.739858,10.343889,Unclassified,#ff00c3
Plate1_Drawer3 22-Jul-2025 10-49-52,F2,VC_2224,VC_2224,GGDEF family protein; Similar to GB:U00096 PID:1787603; identified by sequence similarity; putative.,9.007326,10.417851,Unclassified,#ff00c3
Plate1_Drawer3 22-Jul-2025 10-49-52,F3,VC_A1099,VC_A1099,"ABC transporter, permease protein; Similar to SP:P33591 GB:X73143 PID:404846 PID:466613 GB:U00096; identified by sequence similarity; putative.",9.809307,11.150607,Unclassified,#ff00c3
Plate1_Drawer3 22-Jul-2025 10-49-52,F4,VC_1320,VC_1320,DNA-binding response regulator; Similar to PID:1079807 SP:P52108 GB:U00096 PID:1742647 PID:1742658; identified by sequence similarity; putative.,11.594471,11.975364,Unclassified,#ff00c3
Plate1_Drawer3 22-Jul-2025 10-49-52,F5,VC_1319,VC_1319,Sensor histidine kinase; Similar to GB:M36795 SP:P08336 GB:X13307 PID:145590 PID:305015; identified by sequence similarity; putative.,10.992022,11.646309,Unclassified,#ff00c3
Plate1_Drawer3 22-Jul-2025 10-49-52,F6,VC_A0536,VC_A0536,Conserved hypothetical protein; Identified by Glimmer2; putative.,10.0018635,9.42847,Unclassified,#ff00c3
Plate1_Drawer3 22-Jul-2025 10-49-52,F7,VC_1414,VC_1414,"Thermostable carboxypeptidase 1; Broad specificity carboxypetidase that releases amino acids sequentially from the C-terminus, including neutral, aromatic, polar and basic residues.",9.090736,10.078141,Unclassified,#ff00c3
Plate1_Drawer3 22-Jul-2025 10-49-52,F8,VC_A0527,VC_A0527,Conserved hypothetical protein; Identified by Glimmer2; putative.,10.250221,11.613809,Unclassified,#ff00c3
Plate1_Drawer3 22-Jul-2025 10-49-52,F9,argH,VC_2641,Argininosuccinate lyase; Similar to SP:P11447 GB:J01590 GB:M21446 PID:145335 PID:396307; identified by sequence similarity; putative.,8.311865,9.696038,Unclassified,#ff00c3
Plate1_Drawer3 22-Jul-2025 10-49-52,G10,rluE,VC_1140,Pseudouridine synthase family 1 protein; Responsible for synthesis of pseudouridine from uracil-2457 in 23S ribosomal RNA; Belongs to the pseudouridine synthase RsuA family.,10.699458,5.0710864,Unclassified,#ff00c3
Plate1_Drawer3 22-Jul-2025 10-49-52,G11,VC_2524,VC_2524,Conserved hypothetical protein; Catalyzes the hydrolysis of 3-deoxy-D-manno-octulosonate 8- phosphate (KDO 8-P) to 3-deoxy-D-manno-octulosonate (KDO) and inorganic phosphate; Belongs to the KdsC family.,8.252885,8.395267,Unclassified,#ff00c3
Plate1_Drawer3 22-Jul-2025 10-49-52,G12,VC_0900,VC_0900,GGDEF family protein; Similar to PID:1652841; identified by sequence similarity; putative.,9.389657,2.9431064,Unclassified,#ff00c3
Plate1_Drawer3 22-Jul-2025 10-49-52,G2,VC_A0171,VC_A0171,Conserved hypothetical protein; Identified by Glimmer2; putative.,10.466359,2.3853917,Unclassified,#ff00c3
Plate1_Drawer3 22-Jul-2025 10-49-52,G3,fliJ,VC_2129,"Flagellar protein FliJ, putative; Similar to PID:1071644 SP:P52613 GB:U00096 PID:1736608 PID:1788252; identified by sequence similarity; putative.",10.973705,-1.6659012,Motility,#ff0004
Plate1_Drawer3 22-Jul-2025 10-49-52,G4,VC_0161,VC_0161,Transcriptional activator IlvY; Similar to GB:L42023 SP:P44821 PID:1005575 PID:1220765 PID:1204932; identified by sequence similarity; putative; Belongs to the LysR transcriptional regulatory family.,10.984098,5.84224,Unclassified,#ff00c3
Plate1_Drawer3 22-Jul-2025 10-49-52,G5,VC_0405,VC_0405,MSHA biogenesis protein MshE; Similar to PID:791156 PID:791159; identified by sequence similarity; putative.,9.958726,9.673254,Unclassified,#ff00c3
Plate1_Drawer3 22-Jul-2025 10-49-52,G6,VC_1295,VC_1295,Conserved hypothetical protein; Phosphodiesterase (PDE) that catalyzes the hydrolysis of cyclic diguanylate (c-di-GMP) to GMP in vitro. Increases motility and decreases biofilm formation in vivo.,9.944238,11.3171,Unclassified,#ff00c3
Plate1_Drawer3 22-Jul-2025 10-49-52,G7,flgD,VC_2198,Basal-body rod modification protein FlgD; Required for flagellar hook formation. May act as a scaffolding protein.,11.574393,-0.92779076,Motility,#ff0004
Plate1_Drawer3 22-Jul-2025 10-49-52,G8,manC,VC_0241,Mannose-1-phosphate guanylyltransferase; Similar to GB:X59554 SP:Q07024 PID:48383; identified by sequence similarity; putative.,2.4102294,-0.7307178,O-Antigen Biosynthesis,#0096ff
Plate1_Drawer3 22-Jul-2025 10-49-52,H1,flhG,VC_2067,MinD-related protein; Similar to GP:3695013; identified by sequence similarity; putative. MULTIPLE FILAMENTS,2.3505492,6.0236063,Motility,#ff0004
Plate1_Drawer3 22-Jul-2025 10-49-52,H10,trpR,VC_0701,"Trp operon repressor, putative; This protein is an aporepressor. When complexed with L- tryptophan it binds the operator region of the trp operon and prevents the initiation of transcription (By similarity).",11.091224,9.229369,Unclassified,#ff00c3
Plate1_Drawer3 22-Jul-2025 10-49-52,H11,greA,VC_0634,"Transcription elongation factor GreA; Necessary for efficient RNA polymerase transcription elongation past template-encoded arresting sites. The arresting sites in DNA have the property of trapping a certain fraction of elongating RNA polymerases that pass through, resulting in locked ternary complexes. Cleavage of the nascent transcript by cleavage factors such as GreA or GreB allows the resumption of elongation from the new 3'terminus. GreA releases sequences of 2 to 3 nucleotides.",10.236184,8.542284,Unclassified,#ff00c3
Plate1_Drawer3 22-Jul-2025 10-49-52,H12,VC_0419,VC_0419,Cytoplasmic axial filament protein; Similar to SP:P25537 PID:48826 PID:606187 GB:U00096 PID:1789645; identified by sequence similarity; putative.,10.228828,6.970007,Unclassified,#ff00c3
Plate1_Drawer3 22-Jul-2025 10-49-52,H2,VC_A0940,VC_A0940,"Transcriptional regulator, DeoR family; Similar to SP:P09392 GB:M96795 PID:146186 PID:606358 GB:U00096; identified by sequence similarity; putative.",10.851284,5.6643386,Unclassified,#ff00c3
Plate1_Drawer3 22-Jul-2025 10-49-52,H3,ectA,VC_A0825,"L-2,4-diaminobutyric acid acetyltransferase; Catalyzes the acetylation of L-2,4-diaminobutyrate (DABA) to gamma-N-acetyl-alpha,gamma-diaminobutyric acid (ADABA) with acetyl coenzyme A.",9.657816,8.599035,Unclassified,#ff00c3
Plate1_Drawer3 22-Jul-2025 10-49-52,H4,VC_A0840,VC_A0840,"Deoxycytidylate deaminase, putative; Similar to SP:P33968 GB:X70289 PID:396216; identified by sequence similarity; putative.",10.482091,6.618778,Unclassified,#ff00c3
Plate1_Drawer3 22-Jul-2025 10-49-52,H6,VC_2522,VC_2522,Conserved hypothetical protein; Identified by Glimmer2; putative.,10.086614,9.039972,Unclassified,#ff00c3
Plate1_Drawer3 22-Jul-2025 10-49-52,H7,glmS,VC_0487,"Glucosamine--fructose-6-phosphate aminotransferase (isomerizing); Catalyzes the first step in hexosamine metabolism, converting fructose-6P into glucosamine-6P using glutamine as a nitrogen source.",10.147709,9.210628,Unclassified,#ff00c3
Plate1_Drawer3 22-Jul-2025 10-49-52,H8,manA,VC_0269,Mannose-6-phosphate isomerase; Similar to SP:P25081 GB:X57117 PID:48820; identified by sequence similarity; putative; Belongs to the mannose-6-phosphate isomerase type 1 family.,2.3828857,-0.7957373,O-Antigen Biosynthesis,#0096ff
Plate1_Drawer3 22-Jul-2025 10-49-52,H9,nusB,VC_2267,N utilization substance protein B; Involved in transcription antitermination. Required for transcription of ribosomal RNA (rRNA) genes. Binds specifically to the boxA antiterminator sequence of the ribosomal RNA (rrn) operons.,10.020645,9.851634,Unclassified,#ff00c3
Plate1_Drawer3 25-Aug-2025 11-47-14,A1,ung,VC_2359,uracil-DNA glycosylase; Excises uracil residues from the DNA which can arise as a result of misincorporation of dUMP residues by DNA polymerase or due to deamination of cytosine.,7.7555537,4.6140146,Unclassified,#ff00c3
Plate1_Drawer3 25-Aug-2025 11-47-14,A10,VC_1462,VC_1462,RstB2 protein; Similar to GP:2564358; identified by sequence similarity; putative.,9.22142,7.589663,Unclassified,#ff00c3
Plate1_Drawer3 25-Aug-2025 11-47-14,A12,wavA,VC_0223,"ADP-heptose--LPS heptosyltransferase II, putative; Similar to GB:L42023 SP:P44011 PID:1003930 PID:1222457 PID:1204774; identified by sequence similarity; putative.",9.269412,5.162839,O-Antigen Biosynthesis,#0096ff
Plate1_Drawer3 25-Aug-2025 11-47-14,A2,VC_2453,VC_2453,Sensor histidine kinase/response regulator; Similar to GB:D10888 SP:P26607 PID:216535 PID:882680 GB:U00096; identified by sequence similarity; putative.,9.121013,6.003057,Unclassified,#ff00c3
Plate1_Drawer3 25-Aug-2025 11-47-14,A3,VC_2311,VC_2311,HesA/MoeB/ThiF family protein; Similar to GB:D21145 PID:471103 PID:882707 GB:U00096 SP:Q46927; identified by sequence similarity; putative.,8.716987,6.085524,Unclassified,#ff00c3
Plate1_Drawer3 25-Aug-2025 11-47-14,A5,rsmJ,VC_0073,Conserved hypothetical protein; Specifically methylates the guanosine in position 1516 of 16S rRNA.,9.784571,7.6194534,Unclassified,#ff00c3
Plate1_Drawer3 25-Aug-2025 11-47-14,A6,potC,VC_1426,"Spermidine/putrescine ABC transporter, permease protein; Similar to GB:M64519 SP:P23859 PID:147328 GB:U00096 PID:1651551; identified by sequence similarity; putative.",10.188014,8.395556,Polyamine Import,#14f7f0
Plate1_Drawer3 25-Aug-2025 11-47-14,A7,pckA,VC_2738,Phosphoenolpyruvate carboxykinase; Involved in the gluconeogenesis. Catalyzes the conversion of oxaloacetate (OAA) to phosphoenolpyruvate (PEP) through direct phosphoryl transfer between the nucleoside triphosphate and OAA. Belongs to the phosphoenolpyruvate carboxykinase (ATP) family.,9.282747,1.504946,Unclassified,#ff00c3
Plate1_Drawer3 25-Aug-2025 11-47-14,A8,rluD,VC_0709,"Ribosomal large subunit pseudouridine synthase D; Responsible for synthesis of pseudouridine from uracil at positions 1911, 1915 and 1917 in 23S ribosomal RNA; Belongs to the pseudouridine synthase RluA family.",7.834037,6.045574,Unclassified,#ff00c3
Plate1_Drawer3 25-Aug-2025 11-47-14,A9,vibB,VC_0771,Vibriobactin-specific isochorismatase; Involved in the biosynthesis of the catechol siderophore vibriobactin. Vibriobactin is a chelating compound involved in transporting iron from the bacterial environment into the cell cytoplasm; Belongs to the isochorismatase family.,5.321417,1.4630939,Vibriobactin Biosynthesis,#ba17f6
Plate1_Drawer3 25-Aug-2025 11-47-14,B1,flgB,VC_2200,"Flagellar basal-body rod protein FlgB; Structural component of flagellum, the bacterial motility apparatus. Part of the rod structure of flagellar basal body.",10.768671,-1.609976,Motility,#ff0004
Plate1_Drawer3 25-Aug-2025 11-47-14,B10,flgP,VC_2206,Conserved hypothetical protein; Identified by Glimmer2; putative.,10.213586,4.982949,Motility,#ff0004
Plate1_Drawer3 25-Aug-2025 11-47-14,B11,fliQ,VC_2122,Flagellar biosynthetic protein FliQ; Role in flagellar biosynthesis. Belongs to the FliQ/MopD/SpaQ family.,8.919136,-0.8771115,Motility,#ff0004
Plate1_Drawer3 25-Aug-2025 11-47-14,B12,argF,VC_2508,Ornithine carbamoyltransferase; Reversibly catalyzes the transfer of the carbamoyl group from carbamoyl phosphate (CP) to the N(epsilon) atom of ornithine (ORN) to produce L-citrulline; Belongs to the aspartate/ornithine carbamoyltransferase superfamily. OTCase family.,6.6935625,6.355023,Unclassified,#ff00c3
Plate1_Drawer3 25-Aug-2025 11-47-14,B2,fliS,VC_2138,Flagellar protein FliS; Similar to GB:U12816 PID:1254205; identified by sequence similarity; putative.,9.518163,-1.3379394,Motility,#ff0004
Plate1_Drawer3 25-Aug-2025 11-47-14,B3,VC_A1081,VC_A1081,Hypothetical protein; Identified by Glimmer2; putative.,9.658255,5.251322,Unclassified,#ff00c3
Plate1_Drawer3 25-Aug-2025 11-47-14,B4,VC_1909,VC_1909,Hypothetical protein; Identified by Glimmer2; putative.,10.4500475,8.429337,Unclassified,#ff00c3
Plate1_Drawer3 25-Aug-2025 11-47-14,B5,VC_0449,VC_0449,Methyl-accepting chemotaxis protein; Similar to GB:X61367 PID:48195; identified by sequence similarity; putative.,7.8919654,8.438511,Unclassified,#ff00c3
Plate1_Drawer3 25-Aug-2025 11-47-14,B6,VC_1498,VC_1498,Conserved hypothetical protein; Identified by Glimmer2; putative.,9.539806,9.158446,Unclassified,#ff00c3
Plate1_Drawer3 25-Aug-2025 11-47-14,B7,VC_2756,VC_2756,Potassium uptake protein TrkH; Low-affinity potassium transport system. Interacts with Trk system potassium uptake protein TrkA; Belongs to the TrkH potassium transport family.,8.986421,4.60643,Unclassified,#ff00c3
Plate1_Drawer3 25-Aug-2025 11-47-14,B8,VC_0113,VC_0113,Methyltransferase-related protein; Similar to SP:P37431 PID:295895; identified by sequence similarity; putative.,8.476839,4.0694494,Unclassified,#ff00c3
Plate1_Drawer3 25-Aug-2025 11-47-14,B9,VC_1423,VC_1423,Hypothetical protein; Identified by Glimmer2; putative.,9.825675,7.7979946,Unclassified,#ff00c3
Plate1_Drawer3 25-Aug-2025 11-47-14,C1,VC_A0588,VC_A0588,"Peptide ABC transporter, ATP-binding protein, putative; Similar to SP:P33916 PID:405909 GB:U00096 PID:1736845 PID:1788506; identified by sequence similarity; putative; Belongs to the ABC transporter superfamily.",7.1137342,6.7710495,Unclassified,#ff00c3
Plate1_Drawer3 25-Aug-2025 11-47-14,C10,epsC,VC_2734,"General secretion pathway protein C; Involved in a type II secretion system (T2SS, formerly general secretion pathway, GSP) for the export of proteins (By similarity). Required for secretion of cholera toxin through the outer membrane.",11.564832,11.940014,Unclassified,#ff00c3
Plate1_Drawer3 25-Aug-2025 11-47-14,C11,proQ,VC_1497,"Conserved hypothetical protein; RNA chaperone with significant RNA binding, RNA strand exchange and RNA duplexing activities; Belongs to the ProQ family.",10.960851,11.43148,Unclassified,#ff00c3
Plate1_Drawer3 25-Aug-2025 11-47-14,C12,VC_2627,VC_2627,DamX-related protein; Similar to SP:P11557 GB:Z19601 PID:41226 PID:43274 PID:606322; identified by sequence similarity; putative.,9.83927,8.635774,Unclassified,#ff00c3
Plate1_Drawer3 25-Aug-2025 11-47-14,C2,gshB,VC_0468,Glutathione synthetase; Similar to SP:P04425 GB:X01666 PID:41625 PID:882476 GB:U00096; identified by sequence similarity; putative.,7.240906,2.9583192,Unclassified,#ff00c3
Plate1_Drawer3 25-Aug-2025 11-47-14,C3,potB,VC_1427,"Spermidine/putrescine ABC transporter, permease protein; Similar to GB:M64519 SP:P23860 PID:147327 GB:U00096 PID:1651552; identified by sequence similarity; putative.",9.765186,1.5341282,Polyamine Import,#14f7f0
Plate1_Drawer3 25-Aug-2025 11-47-14,C4,flgE,VC_2197,Flagellar hook protein FlgE; Similar to GB:X51737 SP:P16322 GB:X52093 PID:47673; identified by sequence similarity; putative.,11.781504,-0.63578194,Motility,#ff0004
Plate1_Drawer3 25-Aug-2025 11-47-14,C5,glyQ,VC_0021,"glycyl-tRNA synthetase, alpha chain; Similar to SP:P00960 GB:J01622 PID:146222 PID:146225 PID:466698; identified by sequence similarity; putative.",9.71698,8.882415,Unclassified,#ff00c3
Plate1_Drawer3 25-Aug-2025 11-47-14,C6,VC_0462,VC_0462,Twitching motility protein PilT; Similar to SP:P24559 GB:X67095 PID:151490; identified by sequence similarity; putative.,10.599696,10.502516,Unclassified,#ff00c3
Plate1_Drawer3 25-Aug-2025 11-47-14,C7,flhA,VC_2069,"Flagellar biosynthetic protein FlhA; Required for formation of the rod structure of the flagellar apparatus. Together with FliI and FliH, may constitute the export apparatus of flagellin; Belongs to the FHIPEP (flagella/HR/invasion proteins export pore) family.",11.029487,3.0705748,Motility,#ff0004
Plate1_Drawer3 25-Aug-2025 11-47-14,C8,VC_0399,VC_0399,MSHA biogenesis protein MshI; Similar to PID:791156 PID:791153; identified by sequence similarity; putative.,9.181643,5.129851,Unclassified,#ff00c3
Plate1_Drawer3 25-Aug-2025 11-47-14,C9,fliD,VC_2140,"Flagellar hook-associated protein FliD; FILAMENT CAP Required for the morphogenesis and for the elongation of the flagellar filament by facilitating polymerization of the flagellin monomers at the tip of growing filament. Forms a capping structure, which prevents flagellin subunits (transported through the central channel of the flagellum) from leaking out without polymerization at the distal end (By similarity).",11.577564,9.471162,Motility,#ff0004
Plate1_Drawer3 25-Aug-2025 11-47-14,D1,VC_0196,VC_0196,ATP-dependent DNA helicase RecQ; Similar to GB:M87049 SP:P15043 GB:M30198 PID:147559 PID:148221; identified by sequence similarity; putative.,8.369349,7.9785647,Unclassified,#ff00c3
Plate1_Drawer3 25-Aug-2025 11-47-14,D11,VC_2718; VC_2719,VC_2718; VC_2719,,4.817599,-6.1362834,Unclassified,#ff00c3
Plate1_Drawer3 25-Aug-2025 11-47-14,D12,wbeG,VC_0245,rfbG protein; Similar to GB:X59554 PID:48387; identified by sequence similarity; putative.,7.842594,5.831234,O-Antigen Biosynthesis,#0096ff
Plate1_Drawer3 25-Aug-2025 11-47-14,D2,VC_1933,VC_1933,Hypothetical protein; Identified by Glimmer2; putative.,8.581149,6.025479,Unclassified,#ff00c3
Plate1_Drawer3 25-Aug-2025 11-47-14,D3,VC_A0001,VC_A0001,Hypothetical protein; Identified by Glimmer2; putative.,8.735587,9.130386,Unclassified,#ff00c3
Plate1_Drawer3 25-Aug-2025 11-47-14,D4,fadR,VC_1900,Fatty acid metabolism regulator protein; Multifunctional regulator of fatty acid metabolism.,7.1623554,-0.48446193,Unclassified,#ff00c3
Plate1_Drawer3 25-Aug-2025 11-47-14,D5,pilC,VC_2425,Type IV pilin biogenesis protein PilC; Involved in the translocation of the type IV pilin; Belongs to the GSP F family.,10.253171,9.497902,Unclassified,#ff00c3
Plate1_Drawer3 25-Aug-2025 11-47-14,D6,pta,VC_1097,Phosphate acetyltransferase; Involved in acetate metabolism; In the N-terminal section; belongs to the CobB/CobQ family.,10.838043,11.898286,Unclassified,#ff00c3
Plate1_Drawer3 25-Aug-2025 11-47-14,D7,VC_A0800,VC_A0800,creA protein; Similar to SP:P08367 GB:M13608 PID:147249 PID:147691 PID:537237; identified by sequence similarity; putative.,9.353855,1.7125224,Unclassified,#ff00c3
Plate1_Drawer3 25-Aug-2025 11-47-14,D8,wzt,VC_0247,lipopolysaccharide/O-antigen transport protein; Similar to GB:X59554 PID:48389; identified by sequence similarity; putative.,11.849698,9.584299,O-Antigen Biosynthesis,#0096ff
Plate1_Drawer3 25-Aug-2025 11-47-14,D9,wbeM,VC_0250,Iron-containing alcohol dehydrogenase family protein RfbM; Similar to GB:M26941 SP:P13604 PID:144714; identified by sequence similarity; putative.,10.959068,5.384499,O-Antigen Biosynthesis,#0096ff
Plate1_Drawer3 25-Aug-2025 11-47-14,E1,VC_A0759,VC_A0759,"Arginine ABC transporter, periplasmic arginine-binding protein; Similar to SP:P30859 GB:X67753 GB:X86160 PID:40931 PID:769791; identified by sequence similarity; putative; Belongs to the bacterial solute-binding protein 3 family.",9.060808,5.1092896,Unclassified,#ff00c3
Plate1_Drawer3 25-Aug-2025 11-47-14,E10,VC_1887,VC_1887,Hypothetical protein; Identified by Glimmer2; putative.,5.244003,-5.8451056,Unclassified,#ff00c3
Plate1_Drawer3 25-Aug-2025 11-47-14,E11,VC_A0620,VC_A0620,"Thiosulfate sulfurtransferase SseA, putative; Similar to SP:P31142 GB:U00096 PID:1788869 PID:1799924; identified by sequence similarity; putative.",10.747451,11.747396,Unclassified,#ff00c3
Plate1_Drawer3 25-Aug-2025 11-47-14,E12,trmJ,VC_0746,"RNA methyltransferase, TrmH family; Catalyzes the formation of 2'O-methylated cytidine (Cm32) or 2'O-methylated uridine (Um32) at position 32 in tRNA.",8.948547,10.659681,Unclassified,#ff00c3
Plate1_Drawer3 25-Aug-2025 11-47-14,E2,VC_A0785,VC_A0785,GGDEF family protein; Similar to PID:1651932; identified by sequence similarity; putative.,10.422774,2.3587337,Unclassified,#ff00c3
Plate1_Drawer3 25-Aug-2025 11-47-14,E3,fliE,VC_2134,Flagellar hook-basal body complex protein FliE; Similar to PID:2338730; identified by sequence similarity; putative.,10.759025,-1.994263,Motility,#ff0004
Plate1_Drawer3 25-Aug-2025 11-47-14,E4,VC_1581,VC_1581,"NADH dehydrogenase, putative; Similar to SP:P33607 PID:397909 GB:U00096 PID:1788614 PID:1799638; identified by sequence similarity; putative.",9.954533,9.687913,Unclassified,#ff00c3
Plate1_Drawer3 25-Aug-2025 11-47-14,E5,fliP,VC_2123,Flagellar biosynthetic protein FliP; Plays a role in the flagellum-specific transport system. Belongs to the FliP/MopC/SpaP family.,10.043753,-1.8588364,Motility,#ff0004
Plate1_Drawer3 25-Aug-2025 11-47-14,E6,lpxM,VC_0212,Lipid A biosynthesis (kdo)2-(lauroyl)-lipid IVA acyltransferase; Catalyzes the transfer of myristate from myristoyl-acyl carrier protein (ACP) to Kdo(2)-(lauroyl)-lipid IV(A) to form Kdo(2)- lipid A.,10.477062,2.7433567,O-Antigen Biosynthesis,#0096ff
Plate1_Drawer3 25-Aug-2025 11-47-14,E7,VC_2714,VC_2714,Transcriptional regulator OmpR; Similar to PID:2108342; identified by sequence similarity; putative.,8.5478325,9.596619,Unclassified,#ff00c3
Plate1_Drawer3 25-Aug-2025 11-47-14,E9,VC_1154,VC_1154,Hypothetical protein; Identified by Glimmer2; putative.,8.808512,10.418204,Unclassified,#ff00c3
Plate1_Drawer3 25-Aug-2025 11-47-14,F10,cdgJ,VC_0137,Conserved hypothetical protein; Phosphodiesterase (PDE) that catalyzes the hydrolysis of cyclic diguanylate (c-di-GMP). Positively regulates motility and negatively regulates biofilm formation.,9.441085,8.064415,Unclassified,#ff00c3
Plate1_Drawer3 25-Aug-2025 11-47-14,F11,recO,VC_2459,DNA repair protein RecO; Involved in DNA repair and RecF pathway recombination.,10.231513,5.000167,Unclassified,#ff00c3
Plate1_Drawer3 25-Aug-2025 11-47-14,F12,VC_A0999,VC_A0999,"Transcriptional regulator, TetR family; Similar to GB:U00096 PID:1787354; identified by sequence similarity; putative.",8.715875,8.637013,Unclassified,#ff00c3
Plate1_Drawer3 25-Aug-2025 11-47-14,F2,VC_2224,VC_2224,GGDEF family protein; Similar to GB:U00096 PID:1787603; identified by sequence similarity; putative.,8.937523,10.106056,Unclassified,#ff00c3
Plate1_Drawer3 25-Aug-2025 11-47-14,F3,VC_A1099,VC_A1099,"ABC transporter, permease protein; Similar to SP:P33591 GB:X73143 PID:404846 PID:466613 GB:U00096; identified by sequence similarity; putative.",8.927078,10.4858,Unclassified,#ff00c3
Plate1_Drawer3 25-Aug-2025 11-47-14,F4,VC_1320,VC_1320,DNA-binding response regulator; Similar to PID:1079807 SP:P52108 GB:U00096 PID:1742647 PID:1742658; identified by sequence similarity; putative.,9.164514,10.490027,Unclassified,#ff00c3
Plate1_Drawer3 25-Aug-2025 11-47-14,F5,VC_1319,VC_1319,Sensor histidine kinase; Similar to GB:M36795 SP:P08336 GB:X13307 PID:145590 PID:305015; identified by sequence similarity; putative.,9.367593,10.901373,Unclassified,#ff00c3
Plate1_Drawer3 25-Aug-2025 11-47-14,F6,VC_A0536,VC_A0536,Conserved hypothetical protein; Identified by Glimmer2; putative.,10.004303,9.321681,Unclassified,#ff00c3
Plate1_Drawer3 25-Aug-2025 11-47-14,F7,VC_1414,VC_1414,"Thermostable carboxypeptidase 1; Broad specificity carboxypetidase that releases amino acids sequentially from the C-terminus, including neutral, aromatic, polar and basic residues.",9.7898655,11.344304,Unclassified,#ff00c3
Plate1_Drawer3 25-Aug-2025 11-47-14,F8,VC_A0527,VC_A0527,Conserved hypothetical protein; Identified by Glimmer2; putative.,8.896983,10.538252,Unclassified,#ff00c3
Plate1_Drawer3 25-Aug-2025 11-47-14,F9,argH,VC_2641,Argininosuccinate lyase; Similar to SP:P11447 GB:J01590 GB:M21446 PID:145335 PID:396307; identified by sequence similarity; putative.,8.847631,10.342217,Unclassified,#ff00c3
Plate1_Drawer3 25-Aug-2025 11-47-14,G10,rluE,VC_1140,Pseudouridine synthase family 1 protein; Responsible for synthesis of pseudouridine from uracil-2457 in 23S ribosomal RNA; Belongs to the pseudouridine synthase RsuA family.,8.650994,3.658389,Unclassified,#ff00c3
Plate1_Drawer3 25-Aug-2025 11-47-14,G11,VC_2524,VC_2524,Conserved hypothetical protein; Catalyzes the hydrolysis of 3-deoxy-D-manno-octulosonate 8- phosphate (KDO 8-P) to 3-deoxy-D-manno-octulosonate (KDO) and inorganic phosphate; Belongs to the KdsC family.,9.389434,9.9424925,Unclassified,#ff00c3
Plate1_Drawer3 25-Aug-2025 11-47-14,G12,VC_0900,VC_0900,GGDEF family protein; Similar to PID:1652841; identified by sequence similarity; putative.,10.468009,2.5973718,Unclassified,#ff00c3
Plate1_Drawer3 25-Aug-2025 11-47-14,G2,VC_A0171,VC_A0171,Conserved hypothetical protein; Identified by Glimmer2; putative.,9.57243,2.927329,Unclassified,#ff00c3
Plate1_Drawer3 25-Aug-2025 11-47-14,G3,fliJ,VC_2129,"Flagellar protein FliJ, putative; Similar to PID:1071644 SP:P52613 GB:U00096 PID:1736608 PID:1788252; identified by sequence similarity; putative.",11.144856,4.047123,Motility,#ff0004
Plate1_Drawer3 25-Aug-2025 11-47-14,G4,VC_0161,VC_0161,Transcriptional activator IlvY; Similar to GB:L42023 SP:P44821 PID:1005575 PID:1220765 PID:1204932; identified by sequence similarity; putative; Belongs to the LysR transcriptional regulatory family.,8.170201,5.782922,Unclassified,#ff00c3
Plate1_Drawer3 25-Aug-2025 11-47-14,G5,VC_0405,VC_0405,MSHA biogenesis protein MshE; Similar to PID:791156 PID:791159; identified by sequence similarity; putative.,8.344676,8.431223,Unclassified,#ff00c3
Plate1_Drawer3 25-Aug-2025 11-47-14,G6,VC_1295,VC_1295,Conserved hypothetical protein; Phosphodiesterase (PDE) that catalyzes the hydrolysis of cyclic diguanylate (c-di-GMP) to GMP in vitro. Increases motility and decreases biofilm formation in vivo.,9.377592,10.580189,Unclassified,#ff00c3
Plate1_Drawer3 25-Aug-2025 11-47-14,G7,flgD,VC_2198,Basal-body rod modification protein FlgD; Required for flagellar hook formation. May act as a scaffolding protein.,10.325045,-0.56522566,Motility,#ff0004
Plate1_Drawer3 25-Aug-2025 11-47-14,G8,manC,VC_0241,Mannose-1-phosphate guanylyltransferase; Similar to GB:X59554 SP:Q07024 PID:48383; identified by sequence similarity; putative.,2.1079707,-0.32139274,O-Antigen Biosynthesis,#0096ff
Plate1_Drawer3 25-Aug-2025 11-47-14,H1,flhG,VC_2067,MinD-related protein; Similar to GP:3695013; identified by sequence similarity; putative. MULTIPLE FILAMENTS,2.8154707,6.3544884,Motility,#ff0004
Plate1_Drawer3 25-Aug-2025 11-47-14,H10,trpR,VC_0701,"Trp operon repressor, putative; This protein is an aporepressor. When complexed with L- tryptophan it binds the operator region of the trp operon and prevents the initiation of transcription (By similarity).",9.33233,6.534276,Unclassified,#ff00c3
Plate1_Drawer3 25-Aug-2025 11-47-14,H11,greA,VC_0634,"Transcription elongation factor GreA; Necessary for efficient RNA polymerase transcription elongation past template-encoded arresting sites. The arresting sites in DNA have the property of trapping a certain fraction of elongating RNA polymerases that pass through, resulting in locked ternary complexes. Cleavage of the nascent transcript by cleavage factors such as GreA or GreB allows the resumption of elongation from the new 3'terminus. GreA releases sequences of 2 to 3 nucleotides.",8.266915,6.485927,Unclassified,#ff00c3
Plate1_Drawer3 25-Aug-2025 11-47-14,H12,VC_0419,VC_0419,Cytoplasmic axial filament protein; Similar to SP:P25537 PID:48826 PID:606187 GB:U00096 PID:1789645; identified by sequence similarity; putative.,9.986321,8.5831175,Unclassified,#ff00c3
Plate1_Drawer3 25-Aug-2025 11-47-14,H2,VC_A0940,VC_A0940,"Transcriptional regulator, DeoR family; Similar to SP:P09392 GB:M96795 PID:146186 PID:606358 GB:U00096; identified by sequence similarity; putative.",8.953163,4.0835614,Unclassified,#ff00c3
Plate1_Drawer3 25-Aug-2025 11-47-14,H3,ectA,VC_A0825,"L-2,4-diaminobutyric acid acetyltransferase; Catalyzes the acetylation of L-2,4-diaminobutyrate (DABA) to gamma-N-acetyl-alpha,gamma-diaminobutyric acid (ADABA) with acetyl coenzyme A.",9.490847,8.578476,Unclassified,#ff00c3
Plate1_Drawer3 25-Aug-2025 11-47-14,H4,VC_A0840,VC_A0840,"Deoxycytidylate deaminase, putative; Similar to SP:P33968 GB:X70289 PID:396216; identified by sequence similarity; putative.",9.959635,7.9402456,Unclassified,#ff00c3
Plate1_Drawer3 25-Aug-2025 11-47-14,H6,VC_2522,VC_2522,Conserved hypothetical protein; Identified by Glimmer2; putative.,8.318142,7.583877,Unclassified,#ff00c3
Plate1_Drawer3 25-Aug-2025 11-47-14,H7,glmS,VC_0487,"Glucosamine--fructose-6-phosphate aminotransferase (isomerizing); Catalyzes the first step in hexosamine metabolism, converting fructose-6P into glucosamine-6P using glutamine as a nitrogen source.",9.767432,7.232471,Unclassified,#ff00c3
Plate1_Drawer3 25-Aug-2025 11-47-14,H8,manA,VC_0269,Mannose-6-phosphate isomerase; Similar to SP:P25081 GB:X57117 PID:48820; identified by sequence similarity; putative; Belongs to the mannose-6-phosphate isomerase type 1 family.,2.302084,-0.5435476,O-Antigen Biosynthesis,#0096ff
Plate1_Drawer3 25-Aug-2025 11-47-14,H9,nusB,VC_2267,N utilization substance protein B; Involved in transcription antitermination. Required for transcription of ribosomal RNA (rRNA) genes. Binds specifically to the boxA antiterminator sequence of the ribosomal RNA (rrn) operons.,9.653009,9.101579,Unclassified,#ff00c3
Plate1_Drawer3 25-Jul-2025 14-06-08,A1,ung,VC_2359,uracil-DNA glycosylase; Excises uracil residues from the DNA which can arise as a result of misincorporation of dUMP residues by DNA polymerase or due to deamination of cytosine.,7.458081,3.3052235,Unclassified,#ff00c3
Plate1_Drawer3 25-Jul-2025 14-06-08,A10,VC_1462,VC_1462,RstB2 protein; Similar to GP:2564358; identified by sequence similarity; putative.,7.3717265,5.9634037,Unclassified,#ff00c3
Plate1_Drawer3 25-Jul-2025 14-06-08,A12,wavA,VC_0223,"ADP-heptose--LPS heptosyltransferase II, putative; Similar to GB:L42023 SP:P44011 PID:1003930 PID:1222457 PID:1204774; identified by sequence similarity; putative.",7.270572,4.0358095,O-Antigen Biosynthesis,#0096ff
Plate1_Drawer3 25-Jul-2025 14-06-08,A2,VC_2453,VC_2453,Sensor histidine kinase/response regulator; Similar to GB:D10888 SP:P26607 PID:216535 PID:882680 GB:U00096; identified by sequence similarity; putative.,7.4496937,5.6419168,Unclassified,#ff00c3
Plate1_Drawer3 25-Jul-2025 14-06-08,A3,VC_2311,VC_2311,HesA/MoeB/ThiF family protein; Similar to GB:D21145 PID:471103 PID:882707 GB:U00096 SP:Q46927; identified by sequence similarity; putative.,7.2764497,4.371653,Unclassified,#ff00c3
Plate1_Drawer3 25-Jul-2025 14-06-08,A4,lipA,VC_0943,"Lipoic acid synthetase; Catalyzes the radical-mediated insertion of two sulfur atoms into the C-6 and C-8 positions of the octanoyl moiety bound to the lipoyl domains of lipoate-dependent enzymes, thereby converting the octanoylated domains into lipoylated derivatives.",4.4309826,1.2751384,Pyruvate Flux,#39ff14
Plate1_Drawer3 25-Jul-2025 14-06-08,A5,rsmJ,VC_0073,Conserved hypothetical protein; Specifically methylates the guanosine in position 1516 of 16S rRNA.,11.848379,12.194521,Unclassified,#ff00c3
Plate1_Drawer3 25-Jul-2025 14-06-08,A6,potC,VC_1426,"Spermidine/putrescine ABC transporter, permease protein; Similar to GB:M64519 SP:P23859 PID:147328 GB:U00096 PID:1651551; identified by sequence similarity; putative.",7.373716,5.9994054,Polyamine Import,#14f7f0
Plate1_Drawer3 25-Jul-2025 14-06-08,A7,pckA,VC_2738,Phosphoenolpyruvate carboxykinase; Involved in the gluconeogenesis. Catalyzes the conversion of oxaloacetate (OAA) to phosphoenolpyruvate (PEP) through direct phosphoryl transfer between the nucleoside triphosphate and OAA. Belongs to the phosphoenolpyruvate carboxykinase (ATP) family.,8.871646,1.3208935,Unclassified,#ff00c3
Plate1_Drawer3 25-Jul-2025 14-06-08,A8,rluD,VC_0709,"Ribosomal large subunit pseudouridine synthase D; Responsible for synthesis of pseudouridine from uracil at positions 1911, 1915 and 1917 in 23S ribosomal RNA; Belongs to the pseudouridine synthase RluA family.",7.000606,5.690572,Unclassified,#ff00c3
Plate1_Drawer3 25-Jul-2025 14-06-08,B1,flgB,VC_2200,"Flagellar basal-body rod protein FlgB; Structural component of flagellum, the bacterial motility apparatus. Part of the rod structure of flagellar basal body.",10.1192875,-0.5986807,Motility,#ff0004
Plate1_Drawer3 25-Jul-2025 14-06-08,B10,flgP,VC_2206,Conserved hypothetical protein; Identified by Glimmer2; putative.,9.336725,1.2107043,Motility,#ff0004
Plate1_Drawer3 25-Jul-2025 14-06-08,B11,fliQ,VC_2122,Flagellar biosynthetic protein FliQ; Role in flagellar biosynthesis. Belongs to the FliQ/MopD/SpaQ family.,9.307107,-1.3409563,Motility,#ff0004
Plate1_Drawer3 25-Jul-2025 14-06-08,B12,argF,VC_2508,Ornithine carbamoyltransferase; Reversibly catalyzes the transfer of the carbamoyl group from carbamoyl phosphate (CP) to the N(epsilon) atom of ornithine (ORN) to produce L-citrulline; Belongs to the aspartate/ornithine carbamoyltransferase superfamily. OTCase family.,7.6496234,7.2115827,Unclassified,#ff00c3
Plate1_Drawer3 25-Jul-2025 14-06-08,B2,fliS,VC_2138,Flagellar protein FliS; Similar to GB:U12816 PID:1254205; identified by sequence similarity; putative.,8.245347,-0.31095922,Motility,#ff0004
Plate1_Drawer3 25-Jul-2025 14-06-08,B3,VC_A1081,VC_A1081,Hypothetical protein; Identified by Glimmer2; putative.,7.5210032,3.1864653,Unclassified,#ff00c3
Plate1_Drawer3 25-Jul-2025 14-06-08,B4,VC_1909,VC_1909,Hypothetical protein; Identified by Glimmer2; putative.,10.297443,8.032263,Unclassified,#ff00c3
Plate1_Drawer3 25-Jul-2025 14-06-08,B5,VC_0449,VC_0449,Methyl-accepting chemotaxis protein; Similar to GB:X61367 PID:48195; identified by sequence similarity; putative.,6.803504,6.822569,Unclassified,#ff00c3
Plate1_Drawer3 25-Jul-2025 14-06-08,B6,VC_1498,VC_1498,Conserved hypothetical protein; Identified by Glimmer2; putative.,7.172027,5.8158607,Unclassified,#ff00c3
Plate1_Drawer3 25-Jul-2025 14-06-08,B7,VC_2756,VC_2756,Potassium uptake protein TrkH; Low-affinity potassium transport system. Interacts with Trk system potassium uptake protein TrkA; Belongs to the TrkH potassium transport family.,7.0570626,4.7113633,Unclassified,#ff00c3
Plate1_Drawer3 25-Jul-2025 14-06-08,B8,VC_0113,VC_0113,Methyltransferase-related protein; Similar to SP:P37431 PID:295895; identified by sequence similarity; putative.,8.050722,3.018607,Unclassified,#ff00c3
Plate1_Drawer3 25-Jul-2025 14-06-08,B9,VC_1423,VC_1423,Hypothetical protein; Identified by Glimmer2; putative.,8.075593,6.223523,Unclassified,#ff00c3
Plate1_Drawer3 25-Jul-2025 14-06-08,C1,VC_A0588,VC_A0588,"Peptide ABC transporter, ATP-binding protein, putative; Similar to SP:P33916 PID:405909 GB:U00096 PID:1736845 PID:1788506; identified by sequence similarity; putative; Belongs to the ABC transporter superfamily.",7.515371,7.5791636,Unclassified,#ff00c3
Plate1_Drawer3 25-Jul-2025 14-06-08,C10,epsC,VC_2734,"General secretion pathway protein C; Involved in a type II secretion system (T2SS, formerly general secretion pathway, GSP) for the export of proteins (By similarity). Required for secretion of cholera toxin through the outer membrane.",7.276893,7.9743648,Unclassified,#ff00c3
Plate1_Drawer3 25-Jul-2025 14-06-08,C11,proQ,VC_1497,"Conserved hypothetical protein; RNA chaperone with significant RNA binding, RNA strand exchange and RNA duplexing activities; Belongs to the ProQ family.",6.9438477,6.8191986,Unclassified,#ff00c3
Plate1_Drawer3 25-Jul-2025 14-06-08,C12,VC_2627,VC_2627,DamX-related protein; Similar to SP:P11557 GB:Z19601 PID:41226 PID:43274 PID:606322; identified by sequence similarity; putative.,7.4207006,5.8816795,Unclassified,#ff00c3
Plate1_Drawer3 25-Jul-2025 14-06-08,C2,gshB,VC_0468,Glutathione synthetase; Similar to SP:P04425 GB:X01666 PID:41625 PID:882476 GB:U00096; identified by sequence similarity; putative.,5.710327,2.1783476,Unclassified,#ff00c3
Plate1_Drawer3 25-Jul-2025 14-06-08,C3,potB,VC_1427,"Spermidine/putrescine ABC transporter, permease protein; Similar to GB:M64519 SP:P23860 PID:147327 GB:U00096 PID:1651552; identified by sequence similarity; putative.",9.105886,1.6951511,Polyamine Import,#14f7f0
Plate1_Drawer3 25-Jul-2025 14-06-08,C4,flgE,VC_2197,Flagellar hook protein FlgE; Similar to GB:X51737 SP:P16322 GB:X52093 PID:47673; identified by sequence similarity; putative.,8.838161,4.8952518,Motility,#ff0004
Plate1_Drawer3 25-Jul-2025 14-06-08,C5,glyQ,VC_0021,"glycyl-tRNA synthetase, alpha chain; Similar to SP:P00960 GB:J01622 PID:146222 PID:146225 PID:466698; identified by sequence similarity; putative.",7.88905,7.7779846,Unclassified,#ff00c3
Plate1_Drawer3 25-Jul-2025 14-06-08,C6,VC_0462,VC_0462,Twitching motility protein PilT; Similar to SP:P24559 GB:X67095 PID:151490; identified by sequence similarity; putative.,6.9576864,5.507833,Unclassified,#ff00c3
Plate1_Drawer3 25-Jul-2025 14-06-08,C7,flhA,VC_2069,"Flagellar biosynthetic protein FlhA; Required for formation of the rod structure of the flagellar apparatus. Together with FliI and FliH, may constitute the export apparatus of flagellin; Belongs to the FHIPEP (flagella/HR/invasion proteins export pore) family.",8.942426,-0.8197831,Motility,#ff0004
Plate1_Drawer3 25-Jul-2025 14-06-08,C8,VC_0399,VC_0399,MSHA biogenesis protein MshI; Similar to PID:791156 PID:791153; identified by sequence similarity; putative.,6.492116,2.4454181,Unclassified,#ff00c3
Plate1_Drawer3 25-Jul-2025 14-06-08,C9,fliD,VC_2140,"Flagellar hook-associated protein FliD; FILAMENT CAP Required for the morphogenesis and for the elongation of the flagellar filament by facilitating polymerization of the flagellin monomers at the tip of growing filament. Forms a capping structure, which prevents flagellin subunits (transported through the central channel of the flagellum) from leaking out without polymerization at the distal end (By similarity).",7.0225344,6.7888207,Motility,#ff0004
Plate1_Drawer3 25-Jul-2025 14-06-08,D1,VC_0196,VC_0196,ATP-dependent DNA helicase RecQ; Similar to GB:M87049 SP:P15043 GB:M30198 PID:147559 PID:148221; identified by sequence similarity; putative.,7.841573,4.1930194,Unclassified,#ff00c3
Plate1_Drawer3 25-Jul-2025 14-06-08,D10,VC_2270,VC_2270,Riboflavin,4.5203705,1.1839893,Unclassified,#ff00c3
Plate1_Drawer3 25-Jul-2025 14-06-08,D11,VC_2718; VC_2719,VC_2718; VC_2719,,4.8284574,-4.9525213,Unclassified,#ff00c3
Plate1_Drawer3 25-Jul-2025 14-06-08,D12,wbeG,VC_0245,rfbG protein; Similar to GB:X59554 PID:48387; identified by sequence similarity; putative.,5.1137877,-4.3958077,O-Antigen Biosynthesis,#0096ff
Plate1_Drawer3 25-Jul-2025 14-06-08,D2,VC_1933,VC_1933,Hypothetical protein; Identified by Glimmer2; putative.,6.8287477,5.3831315,Unclassified,#ff00c3
Plate1_Drawer3 25-Jul-2025 14-06-08,D3,VC_A0001,VC_A0001,Hypothetical protein; Identified by Glimmer2; putative.,7.3923535,6.1705527,Unclassified,#ff00c3
Plate1_Drawer3 25-Jul-2025 14-06-08,D4,fadR,VC_1900,Fatty acid metabolism regulator protein; Multifunctional regulator of fatty acid metabolism.,7.3256207,-0.47587126,Unclassified,#ff00c3
Plate1_Drawer3 25-Jul-2025 14-06-08,D5,pilC,VC_2425,Type IV pilin biogenesis protein PilC; Involved in the translocation of the type IV pilin; Belongs to the GSP F family.,7.393864,7.8180747,Unclassified,#ff00c3
Plate1_Drawer3 25-Jul-2025 14-06-08,D6,pta,VC_1097,Phosphate acetyltransferase; Involved in acetate metabolism; In the N-terminal section; belongs to the CobB/CobQ family.,9.04512,10.047297,Unclassified,#ff00c3
Plate1_Drawer3 25-Jul-2025 14-06-08,D7,VC_A0800,VC_A0800,creA protein; Similar to SP:P08367 GB:M13608 PID:147249 PID:147691 PID:537237; identified by sequence similarity; putative.,7.5386653,0.88489544,Unclassified,#ff00c3
Plate1_Drawer3 25-Jul-2025 14-06-08,D8,wzt,VC_0247,lipopolysaccharide/O-antigen transport protein; Similar to GB:X59554 PID:48389; identified by sequence similarity; putative.,9.493142,4.8893743,O-Antigen Biosynthesis,#0096ff
Plate1_Drawer3 25-Jul-2025 14-06-08,D9,wbeM,VC_0250,Iron-containing alcohol dehydrogenase family protein RfbM; Similar to GB:M26941 SP:P13604 PID:144714; identified by sequence similarity; putative.,9.170847,5.4230576,O-Antigen Biosynthesis,#0096ff
Plate1_Drawer3 25-Jul-2025 14-06-08,E1,VC_A0759,VC_A0759,"Arginine ABC transporter, periplasmic arginine-binding protein; Similar to SP:P30859 GB:X67753 GB:X86160 PID:40931 PID:769791; identified by sequence similarity; putative; Belongs to the bacterial solute-binding protein 3 family.",9.425116,8.000706,Unclassified,#ff00c3
Plate1_Drawer3 25-Jul-2025 14-06-08,E10,VC_1887,VC_1887,Hypothetical protein; Identified by Glimmer2; putative.,6.538499,0.58836704,Unclassified,#ff00c3
Plate1_Drawer3 25-Jul-2025 14-06-08,E11,VC_A0620,VC_A0620,"Thiosulfate sulfurtransferase SseA, putative; Similar to SP:P31142 GB:U00096 PID:1788869 PID:1799924; identified by sequence similarity; putative.",7.2238245,6.9778485,Unclassified,#ff00c3
Plate1_Drawer3 25-Jul-2025 14-06-08,E12,trmJ,VC_0746,"RNA methyltransferase, TrmH family; Catalyzes the formation of 2'O-methylated cytidine (Cm32) or 2'O-methylated uridine (Um32) at position 32 in tRNA.",7.762772,9.495772,Unclassified,#ff00c3
Plate1_Drawer3 25-Jul-2025 14-06-08,E2,VC_A0785,VC_A0785,GGDEF family protein; Similar to PID:1651932; identified by sequence similarity; putative.,9.382737,2.7207243,Unclassified,#ff00c3
Plate1_Drawer3 25-Jul-2025 14-06-08,E3,fliE,VC_2134,Flagellar hook-basal body complex protein FliE; Similar to PID:2338730; identified by sequence similarity; putative.,10.322938,-2.066876,Motility,#ff0004
Plate1_Drawer3 25-Jul-2025 14-06-08,E4,VC_1581,VC_1581,"NADH dehydrogenase, putative; Similar to SP:P33607 PID:397909 GB:U00096 PID:1788614 PID:1799638; identified by sequence similarity; putative.",8.848684,8.541047,Unclassified,#ff00c3
Plate1_Drawer3 25-Jul-2025 14-06-08,E5,fliP,VC_2123,Flagellar biosynthetic protein FliP; Plays a role in the flagellum-specific transport system. Belongs to the FliP/MopC/SpaP family.,8.8916445,-0.8892704,Motility,#ff0004
Plate1_Drawer3 25-Jul-2025 14-06-08,E6,lpxM,VC_0212,Lipid A biosynthesis (kdo)2-(lauroyl)-lipid IVA acyltransferase; Catalyzes the transfer of myristate from myristoyl-acyl carrier protein (ACP) to Kdo(2)-(lauroyl)-lipid IV(A) to form Kdo(2)- lipid A.,8.879026,1.8479174,O-Antigen Biosynthesis,#0096ff
Plate1_Drawer3 25-Jul-2025 14-06-08,E7,VC_2714,VC_2714,Transcriptional regulator OmpR; Similar to PID:2108342; identified by sequence similarity; putative.,7.599344,9.233054,Unclassified,#ff00c3
Plate1_Drawer3 25-Jul-2025 14-06-08,E9,VC_1154,VC_1154,Hypothetical protein; Identified by Glimmer2; putative.,8.492115,9.409816,Unclassified,#ff00c3
Plate1_Drawer3 25-Jul-2025 14-06-08,F10,cdgJ,VC_0137,Conserved hypothetical protein; Phosphodiesterase (PDE) that catalyzes the hydrolysis of cyclic diguanylate (c-di-GMP). Positively regulates motility and negatively regulates biofilm formation.,7.1789517,4.384344,Unclassified,#ff00c3
Plate1_Drawer3 25-Jul-2025 14-06-08,F11,recO,VC_2459,DNA repair protein RecO; Involved in DNA repair and RecF pathway recombination.,8.498796,6.8079123,Unclassified,#ff00c3
Plate1_Drawer3 25-Jul-2025 14-06-08,F12,VC_A0999,VC_A0999,"Transcriptional regulator, TetR family; Similar to GB:U00096 PID:1787354; identified by sequence similarity; putative.",7.8373704,5.8106885,Unclassified,#ff00c3
Plate1_Drawer3 25-Jul-2025 14-06-08,F2,VC_2224,VC_2224,GGDEF family protein; Similar to GB:U00096 PID:1787603; identified by sequence similarity; putative.,7.700138,8.461768,Unclassified,#ff00c3
Plate1_Drawer3 25-Jul-2025 14-06-08,F3,VC_A1099,VC_A1099,"ABC transporter, permease protein; Similar to SP:P33591 GB:X73143 PID:404846 PID:466613 GB:U00096; identified by sequence similarity; putative.",7.7443633,9.564752,Unclassified,#ff00c3
Plate1_Drawer3 25-Jul-2025 14-06-08,F4,VC_1320,VC_1320,DNA-binding response regulator; Similar to PID:1079807 SP:P52108 GB:U00096 PID:1742647 PID:1742658; identified by sequence similarity; putative.,7.620839,9.319235,Unclassified,#ff00c3
Plate1_Drawer3 25-Jul-2025 14-06-08,F5,VC_1319,VC_1319,Sensor histidine kinase; Similar to GB:M36795 SP:P08336 GB:X13307 PID:145590 PID:305015; identified by sequence similarity; putative.,8.066212,9.818576,Unclassified,#ff00c3
Plate1_Drawer3 25-Jul-2025 14-06-08,F6,VC_A0536,VC_A0536,Conserved hypothetical protein; Identified by Glimmer2; putative.,8.179393,7.4625344,Unclassified,#ff00c3
Plate1_Drawer3 25-Jul-2025 14-06-08,F7,VC_1414,VC_1414,"Thermostable carboxypeptidase 1; Broad specificity carboxypetidase that releases amino acids sequentially from the C-terminus, including neutral, aromatic, polar and basic residues.",7.853381,9.42776,Unclassified,#ff00c3
Plate1_Drawer3 25-Jul-2025 14-06-08,F8,VC_A0527,VC_A0527,Conserved hypothetical protein; Identified by Glimmer2; putative.,10.125871,10.820176,Unclassified,#ff00c3
Plate1_Drawer3 25-Jul-2025 14-06-08,F9,argH,VC_2641,Argininosuccinate lyase; Similar to SP:P11447 GB:J01590 GB:M21446 PID:145335 PID:396307; identified by sequence similarity; putative.,7.5813365,8.227267,Unclassified,#ff00c3
Plate1_Drawer3 25-Jul-2025 14-06-08,G10,rluE,VC_1140,Pseudouridine synthase family 1 protein; Responsible for synthesis of pseudouridine from uracil-2457 in 23S ribosomal RNA; Belongs to the pseudouridine synthase RsuA family.,7.3786254,2.989376,Unclassified,#ff00c3
Plate1_Drawer3 25-Jul-2025 14-06-08,G11,VC_2524,VC_2524,Conserved hypothetical protein; Catalyzes the hydrolysis of 3-deoxy-D-manno-octulosonate 8- phosphate (KDO 8-P) to 3-deoxy-D-manno-octulosonate (KDO) and inorganic phosphate; Belongs to the KdsC family.,7.7026987,7.2228274,Unclassified,#ff00c3
Plate1_Drawer3 25-Jul-2025 14-06-08,G12,VC_0900,VC_0900,GGDEF family protein; Similar to PID:1652841; identified by sequence similarity; putative.,8.36942,3.0155473,Unclassified,#ff00c3
Plate1_Drawer3 25-Jul-2025 14-06-08,G2,VC_A0171,VC_A0171,Conserved hypothetical protein; Identified by Glimmer2; putative.,8.581135,2.5784729,Unclassified,#ff00c3
Plate1_Drawer3 25-Jul-2025 14-06-08,G3,fliJ,VC_2129,"Flagellar protein FliJ, putative; Similar to PID:1071644 SP:P52613 GB:U00096 PID:1736608 PID:1788252; identified by sequence similarity; putative.",9.73097,4.666985,Motility,#ff0004
Plate1_Drawer3 25-Jul-2025 14-06-08,G4,VC_0161,VC_0161,Transcriptional activator IlvY; Similar to GB:L42023 SP:P44821 PID:1005575 PID:1220765 PID:1204932; identified by sequence similarity; putative; Belongs to the LysR transcriptional regulatory family.,8.38171,3.2946165,Unclassified,#ff00c3
Plate1_Drawer3 25-Jul-2025 14-06-08,G5,VC_0405,VC_0405,MSHA biogenesis protein MshE; Similar to PID:791156 PID:791159; identified by sequence similarity; putative.,9.713118,8.670383,Unclassified,#ff00c3
Plate1_Drawer3 25-Jul-2025 14-06-08,G6,VC_1295,VC_1295,Conserved hypothetical protein; Phosphodiesterase (PDE) that catalyzes the hydrolysis of cyclic diguanylate (c-di-GMP) to GMP in vitro. Increases motility and decreases biofilm formation in vivo.,7.2966743,7.7511325,Unclassified,#ff00c3
Plate1_Drawer3 25-Jul-2025 14-06-08,G7,flgD,VC_2198,Basal-body rod modification protein FlgD; Required for flagellar hook formation. May act as a scaffolding protein.,10.465548,-0.57672715,Motility,#ff0004
Plate1_Drawer3 25-Jul-2025 14-06-08,G8,manC,VC_0241,Mannose-1-phosphate guanylyltransferase; Similar to GB:X59554 SP:Q07024 PID:48383; identified by sequence similarity; putative.,2.2250383,-0.32946578,O-Antigen Biosynthesis,#0096ff
Plate1_Drawer3 25-Jul-2025 14-06-08,H1,flhG,VC_2067,MinD-related protein; Similar to GP:3695013; identified by sequence similarity; putative. MULTIPLE FILAMENTS,2.6748312,6.200391,Motility,#ff0004
Plate1_Drawer3 25-Jul-2025 14-06-08,H10,trpR,VC_0701,"Trp operon repressor, putative; This protein is an aporepressor. When complexed with L- tryptophan it binds the operator region of the trp operon and prevents the initiation of transcription (By similarity).",7.804188,5.123429,Unclassified,#ff00c3
Plate1_Drawer3 25-Jul-2025 14-06-08,H11,greA,VC_0634,"Transcription elongation factor GreA; Necessary for efficient RNA polymerase transcription elongation past template-encoded arresting sites. The arresting sites in DNA have the property of trapping a certain fraction of elongating RNA polymerases that pass through, resulting in locked ternary complexes. Cleavage of the nascent transcript by cleavage factors such as GreA or GreB allows the resumption of elongation from the new 3'terminus. GreA releases sequences of 2 to 3 nucleotides.",7.0520096,5.316807,Unclassified,#ff00c3
Plate1_Drawer3 25-Jul-2025 14-06-08,H12,VC_0419,VC_0419,Cytoplasmic axial filament protein; Similar to SP:P25537 PID:48826 PID:606187 GB:U00096 PID:1789645; identified by sequence similarity; putative.,10.406115,8.363089,Unclassified,#ff00c3
Plate1_Drawer3 25-Jul-2025 14-06-08,H2,VC_A0940,VC_A0940,"Transcriptional regulator, DeoR family; Similar to SP:P09392 GB:M96795 PID:146186 PID:606358 GB:U00096; identified by sequence similarity; putative.",9.371393,5.1906476,Unclassified,#ff00c3
Plate1_Drawer3 25-Jul-2025 14-06-08,H3,ectA,VC_A0825,"L-2,4-diaminobutyric acid acetyltransferase; Catalyzes the acetylation of L-2,4-diaminobutyrate (DABA) to gamma-N-acetyl-alpha,gamma-diaminobutyric acid (ADABA) with acetyl coenzyme A.",9.771404,8.504282,Unclassified,#ff00c3
Plate1_Drawer3 25-Jul-2025 14-06-08,H4,VC_A0840,VC_A0840,"Deoxycytidylate deaminase, putative; Similar to SP:P33968 GB:X70289 PID:396216; identified by sequence similarity; putative.",9.116519,7.2777467,Unclassified,#ff00c3
Plate1_Drawer3 25-Jul-2025 14-06-08,H6,VC_2522,VC_2522,Conserved hypothetical protein; Identified by Glimmer2; putative.,8.201256,7.857411,Unclassified,#ff00c3
Plate1_Drawer3 25-Jul-2025 14-06-08,H7,glmS,VC_0487,"Glucosamine--fructose-6-phosphate aminotransferase (isomerizing); Catalyzes the first step in hexosamine metabolism, converting fructose-6P into glucosamine-6P using glutamine as a nitrogen source.",9.474556,7.998903,Unclassified,#ff00c3
Plate1_Drawer3 25-Jul-2025 14-06-08,H8,manA,VC_0269,Mannose-6-phosphate isomerase; Similar to SP:P25081 GB:X57117 PID:48820; identified by sequence similarity; putative; Belongs to the mannose-6-phosphate isomerase type 1 family.,2.3240676,-0.7543182,O-Antigen Biosynthesis,#0096ff
Plate1_Drawer3 25-Jul-2025 14-06-08,H9,nusB,VC_2267,N utilization substance protein B; Involved in transcription antitermination. Required for transcription of ribosomal RNA (rRNA) genes. Binds specifically to the boxA antiterminator sequence of the ribosomal RNA (rrn) operons.,7.212151,6.84979,Unclassified,#ff00c3
Plate1_Drawer3 27-Aug-2025 15-51-30,A1,ung,VC_2359,uracil-DNA glycosylase; Excises uracil residues from the DNA which can arise as a result of misincorporation of dUMP residues by DNA polymerase or due to deamination of cytosine.,10.16677,6.0589776,Unclassified,#ff00c3
Plate1_Drawer3 27-Aug-2025 15-51-30,A10,VC_1462,VC_1462,RstB2 protein; Similar to GP:2564358; identified by sequence similarity; putative.,8.095771,6.733823,Unclassified,#ff00c3
Plate1_Drawer3 27-Aug-2025 15-51-30,A12,wavA,VC_0223,"ADP-heptose--LPS heptosyltransferase II, putative; Similar to GB:L42023 SP:P44011 PID:1003930 PID:1222457 PID:1204774; identified by sequence similarity; putative.",7.6031017,5.5577955,O-Antigen Biosynthesis,#0096ff
Plate1_Drawer3 27-Aug-2025 15-51-30,A2,VC_2453,VC_2453,Sensor histidine kinase/response regulator; Similar to GB:D10888 SP:P26607 PID:216535 PID:882680 GB:U00096; identified by sequence similarity; putative.,9.545922,6.148572,Unclassified,#ff00c3
Plate1_Drawer3 27-Aug-2025 15-51-30,A3,VC_2311,VC_2311,HesA/MoeB/ThiF family protein; Similar to GB:D21145 PID:471103 PID:882707 GB:U00096 SP:Q46927; identified by sequence similarity; putative.,10.313191,6.294105,Unclassified,#ff00c3
Plate1_Drawer3 27-Aug-2025 15-51-30,A4,lipA,VC_0943,"Lipoic acid synthetase; Catalyzes the radical-mediated insertion of two sulfur atoms into the C-6 and C-8 positions of the octanoyl moiety bound to the lipoyl domains of lipoate-dependent enzymes, thereby converting the octanoylated domains into lipoylated derivatives.",4.4961624,1.2033815,Pyruvate Flux,#39ff14
Plate1_Drawer3 27-Aug-2025 15-51-30,A5,rsmJ,VC_0073,Conserved hypothetical protein; Specifically methylates the guanosine in position 1516 of 16S rRNA.,8.530585,5.8441715,Unclassified,#ff00c3
Plate1_Drawer3 27-Aug-2025 15-51-30,A6,potC,VC_1426,"Spermidine/putrescine ABC transporter, permease protein; Similar to GB:M64519 SP:P23859 PID:147328 GB:U00096 PID:1651551; identified by sequence similarity; putative.",9.709495,8.566013,Polyamine Import,#14f7f0
Plate1_Drawer3 27-Aug-2025 15-51-30,A7,pckA,VC_2738,Phosphoenolpyruvate carboxykinase; Involved in the gluconeogenesis. Catalyzes the conversion of oxaloacetate (OAA) to phosphoenolpyruvate (PEP) through direct phosphoryl transfer between the nucleoside triphosphate and OAA. Belongs to the phosphoenolpyruvate carboxykinase (ATP) family.,10.149256,1.8336979,Unclassified,#ff00c3
Plate1_Drawer3 27-Aug-2025 15-51-30,A8,rluD,VC_0709,"Ribosomal large subunit pseudouridine synthase D; Responsible for synthesis of pseudouridine from uracil at positions 1911, 1915 and 1917 in 23S ribosomal RNA; Belongs to the pseudouridine synthase RluA family.",8.313817,6.307853,Unclassified,#ff00c3
Plate1_Drawer3 27-Aug-2025 15-51-30,A9,vibB,VC_0771,Vibriobactin-specific isochorismatase; Involved in the biosynthesis of the catechol siderophore vibriobactin. Vibriobactin is a chelating compound involved in transporting iron from the bacterial environment into the cell cytoplasm; Belongs to the isochorismatase family.,5.5459547,1.6219939,Vibriobactin Biosynthesis,#ba17f6
Plate1_Drawer3 27-Aug-2025 15-51-30,B1,flgB,VC_2200,"Flagellar basal-body rod protein FlgB; Structural component of flagellum, the bacterial motility apparatus. Part of the rod structure of flagellar basal body.",8.636604,0.07129381,Motility,#ff0004
Plate1_Drawer3 27-Aug-2025 15-51-30,B10,flgP,VC_2206,Conserved hypothetical protein; Identified by Glimmer2; putative.,9.421776,1.2508485,Motility,#ff0004
Plate1_Drawer3 27-Aug-2025 15-51-30,B11,fliQ,VC_2122,Flagellar biosynthetic protein FliQ; Role in flagellar biosynthesis. Belongs to the FliQ/MopD/SpaQ family.,9.820608,-1.8174831,Motility,#ff0004
Plate1_Drawer3 27-Aug-2025 15-51-30,B12,argF,VC_2508,Ornithine carbamoyltransferase; Reversibly catalyzes the transfer of the carbamoyl group from carbamoyl phosphate (CP) to the N(epsilon) atom of ornithine (ORN) to produce L-citrulline; Belongs to the aspartate/ornithine carbamoyltransferase superfamily. OTCase family.,8.618921,6.8963103,Unclassified,#ff00c3
Plate1_Drawer3 27-Aug-2025 15-51-30,B2,fliS,VC_2138,Flagellar protein FliS; Similar to GB:U12816 PID:1254205; identified by sequence similarity; putative.,9.296284,-1.2255063,Motility,#ff0004
Plate1_Drawer3 27-Aug-2025 15-51-30,B3,VC_A1081,VC_A1081,Hypothetical protein; Identified by Glimmer2; putative.,8.532502,4.4383354,Unclassified,#ff00c3
Plate1_Drawer3 27-Aug-2025 15-51-30,B4,VC_1909,VC_1909,Hypothetical protein; Identified by Glimmer2; putative.,10.123137,8.237037,Unclassified,#ff00c3
Plate1_Drawer3 27-Aug-2025 15-51-30,B5,VC_0449,VC_0449,Methyl-accepting chemotaxis protein; Similar to GB:X61367 PID:48195; identified by sequence similarity; putative.,8.678032,9.373733,Unclassified,#ff00c3
Plate1_Drawer3 27-Aug-2025 15-51-30,B6,VC_1498,VC_1498,Conserved hypothetical protein; Identified by Glimmer2; putative.,9.970003,10.601758,Unclassified,#ff00c3
Plate1_Drawer3 27-Aug-2025 15-51-30,B7,VC_2756,VC_2756,Potassium uptake protein TrkH; Low-affinity potassium transport system. Interacts with Trk system potassium uptake protein TrkA; Belongs to the TrkH potassium transport family.,8.840289,4.0718207,Unclassified,#ff00c3
Plate1_Drawer3 27-Aug-2025 15-51-30,B8,VC_0113,VC_0113,Methyltransferase-related protein; Similar to SP:P37431 PID:295895; identified by sequence similarity; putative.,10.282935,5.118972,Unclassified,#ff00c3
Plate1_Drawer3 27-Aug-2025 15-51-30,B9,VC_1423,VC_1423,Hypothetical protein; Identified by Glimmer2; putative.,9.895768,7.8423963,Unclassified,#ff00c3
Plate1_Drawer3 27-Aug-2025 15-51-30,C1,VC_A0588,VC_A0588,"Peptide ABC transporter, ATP-binding protein, putative; Similar to SP:P33916 PID:405909 GB:U00096 PID:1736845 PID:1788506; identified by sequence similarity; putative; Belongs to the ABC transporter superfamily.",8.23596,9.480959,Unclassified,#ff00c3
Plate1_Drawer3 27-Aug-2025 15-51-30,C10,epsC,VC_2734,"General secretion pathway protein C; Involved in a type II secretion system (T2SS, formerly general secretion pathway, GSP) for the export of proteins (By similarity). Required for secretion of cholera toxin through the outer membrane.",10.436193,11.584171,Unclassified,#ff00c3
Plate1_Drawer3 27-Aug-2025 15-51-30,C11,proQ,VC_1497,"Conserved hypothetical protein; RNA chaperone with significant RNA binding, RNA strand exchange and RNA duplexing activities; Belongs to the ProQ family.",9.329934,9.549622,Unclassified,#ff00c3
Plate1_Drawer3 27-Aug-2025 15-51-30,C12,VC_2627,VC_2627,DamX-related protein; Similar to SP:P11557 GB:Z19601 PID:41226 PID:43274 PID:606322; identified by sequence similarity; putative.,9.584774,7.66453,Unclassified,#ff00c3
Plate1_Drawer3 27-Aug-2025 15-51-30,C2,gshB,VC_0468,Glutathione synthetase; Similar to SP:P04425 GB:X01666 PID:41625 PID:882476 GB:U00096; identified by sequence similarity; putative.,5.8068066,1.7292305,Unclassified,#ff00c3
Plate1_Drawer3 27-Aug-2025 15-51-30,C3,potB,VC_1427,"Spermidine/putrescine ABC transporter, permease protein; Similar to GB:M64519 SP:P23860 PID:147327 GB:U00096 PID:1651552; identified by sequence similarity; putative.",10.490806,1.6001314,Polyamine Import,#14f7f0
Plate1_Drawer3 27-Aug-2025 15-51-30,C4,flgE,VC_2197,Flagellar hook protein FlgE; Similar to GB:X51737 SP:P16322 GB:X52093 PID:47673; identified by sequence similarity; putative.,11.9450245,-0.42976028,Motility,#ff0004
Plate1_Drawer3 27-Aug-2025 15-51-30,C5,glyQ,VC_0021,"glycyl-tRNA synthetase, alpha chain; Similar to SP:P00960 GB:J01622 PID:146222 PID:146225 PID:466698; identified by sequence similarity; putative.",10.104726,10.665308,Unclassified,#ff00c3
Plate1_Drawer3 27-Aug-2025 15-51-30,C6,VC_0462,VC_0462,Twitching motility protein PilT; Similar to SP:P24559 GB:X67095 PID:151490; identified by sequence similarity; putative.,10.72182,9.88335,Unclassified,#ff00c3
Plate1_Drawer3 27-Aug-2025 15-51-30,C7,flhA,VC_2069,"Flagellar biosynthetic protein FlhA; Required for formation of the rod structure of the flagellar apparatus. Together with FliI and FliH, may constitute the export apparatus of flagellin; Belongs to the FHIPEP (flagella/HR/invasion proteins export pore) family.",9.9711685,-1.8612962,Motility,#ff0004
Plate1_Drawer3 27-Aug-2025 15-51-30,C8,VC_0399,VC_0399,MSHA biogenesis protein MshI; Similar to PID:791156 PID:791153; identified by sequence similarity; putative.,9.016181,4.3262897,Unclassified,#ff00c3
Plate1_Drawer3 27-Aug-2025 15-51-30,C9,fliD,VC_2140,"Flagellar hook-associated protein FliD; FILAMENT CAP Required for the morphogenesis and for the elongation of the flagellar filament by facilitating polymerization of the flagellin monomers at the tip of growing filament. Forms a capping structure, which prevents flagellin subunits (transported through the central channel of the flagellum) from leaking out without polymerization at the distal end (By similarity).",10.73811,6.6580625,Motility,#ff0004
Plate1_Drawer3 27-Aug-2025 15-51-30,D1,VC_0196,VC_0196,ATP-dependent DNA helicase RecQ; Similar to GB:M87049 SP:P15043 GB:M30198 PID:147559 PID:148221; identified by sequence similarity; putative.,9.498654,6.7802296,Unclassified,#ff00c3
Plate1_Drawer3 27-Aug-2025 15-51-30,D11,VC_2718; VC_2719,VC_2718; VC_2719,,4.7064905,-5.828544,Unclassified,#ff00c3
Plate1_Drawer3 27-Aug-2025 15-51-30,D12,wbeG,VC_0245,rfbG protein; Similar to GB:X59554 PID:48387; identified by sequence similarity; putative.,10.510612,4.303258,O-Antigen Biosynthesis,#0096ff
Plate1_Drawer3 27-Aug-2025 15-51-30,D2,VC_1933,VC_1933,Hypothetical protein; Identified by Glimmer2; putative.,10.984779,5.8301735,Unclassified,#ff00c3
Plate1_Drawer3 27-Aug-2025 15-51-30,D3,VC_A0001,VC_A0001,Hypothetical protein; Identified by Glimmer2; putative.,10.429243,10.835366,Unclassified,#ff00c3
Plate1_Drawer3 27-Aug-2025 15-51-30,D4,fadR,VC_1900,Fatty acid metabolism regulator protein; Multifunctional regulator of fatty acid metabolism.,7.7966094,-0.3356168,Unclassified,#ff00c3
Plate1_Drawer3 27-Aug-2025 15-51-30,D5,pilC,VC_2425,Type IV pilin biogenesis protein PilC; Involved in the translocation of the type IV pilin; Belongs to the GSP F family.,11.193359,10.392749,Unclassified,#ff00c3
Plate1_Drawer3 27-Aug-2025 15-51-30,D6,pta,VC_1097,Phosphate acetyltransferase; Involved in acetate metabolism; In the N-terminal section; belongs to the CobB/CobQ family.,10.42214,11.206704,Unclassified,#ff00c3
Plate1_Drawer3 27-Aug-2025 15-51-30,D7,VC_A0800,VC_A0800,creA protein; Similar to SP:P08367 GB:M13608 PID:147249 PID:147691 PID:537237; identified by sequence similarity; putative.,9.028848,1.6050472,Unclassified,#ff00c3
Plate1_Drawer3 27-Aug-2025 15-51-30,D8,wzt,VC_0247,lipopolysaccharide/O-antigen transport protein; Similar to GB:X59554 PID:48389; identified by sequence similarity; putative.,8.804018,8.723113,O-Antigen Biosynthesis,#0096ff
Plate1_Drawer3 27-Aug-2025 15-51-30,D9,wbeM,VC_0250,Iron-containing alcohol dehydrogenase family protein RfbM; Similar to GB:M26941 SP:P13604 PID:144714; identified by sequence similarity; putative.,8.03126,8.952441,O-Antigen Biosynthesis,#0096ff
Plate1_Drawer3 27-Aug-2025 15-51-30,E1,VC_A0759,VC_A0759,"Arginine ABC transporter, periplasmic arginine-binding protein; Similar to SP:P30859 GB:X67753 GB:X86160 PID:40931 PID:769791; identified by sequence similarity; putative; Belongs to the bacterial solute-binding protein 3 family.",8.450662,7.056172,Unclassified,#ff00c3
Plate1_Drawer3 27-Aug-2025 15-51-30,E10,VC_1887,VC_1887,Hypothetical protein; Identified by Glimmer2; putative.,5.3003654,-5.923408,Unclassified,#ff00c3
Plate1_Drawer3 27-Aug-2025 15-51-30,E11,VC_A0620,VC_A0620,"Thiosulfate sulfurtransferase SseA, putative; Similar to SP:P31142 GB:U00096 PID:1788869 PID:1799924; identified by sequence similarity; putative.",8.671132,9.225021,Unclassified,#ff00c3
Plate1_Drawer3 27-Aug-2025 15-51-30,E12,trmJ,VC_0746,"RNA methyltransferase, TrmH family; Catalyzes the formation of 2'O-methylated cytidine (Cm32) or 2'O-methylated uridine (Um32) at position 32 in tRNA.",10.548017,11.434621,Unclassified,#ff00c3
Plate1_Drawer3 27-Aug-2025 15-51-30,E2,VC_A0785,VC_A0785,GGDEF family protein; Similar to PID:1651932; identified by sequence similarity; putative.,10.447731,2.6110158,Unclassified,#ff00c3
Plate1_Drawer3 27-Aug-2025 15-51-30,E3,fliE,VC_2134,Flagellar hook-basal body complex protein FliE; Similar to PID:2338730; identified by sequence similarity; putative.,10.118559,-1.7915883,Motility,#ff0004
Plate1_Drawer3 27-Aug-2025 15-51-30,E4,VC_1581,VC_1581,"NADH dehydrogenase, putative; Similar to SP:P33607 PID:397909 GB:U00096 PID:1788614 PID:1799638; identified by sequence similarity; putative.",10.1668625,9.409347,Unclassified,#ff00c3
Plate1_Drawer3 27-Aug-2025 15-51-30,E5,fliP,VC_2123,Flagellar biosynthetic protein FliP; Plays a role in the flagellum-specific transport system. Belongs to the FliP/MopC/SpaP family.,9.040995,-1.3159354,Motility,#ff0004
Plate1_Drawer3 27-Aug-2025 15-51-30,E6,lpxM,VC_0212,Lipid A biosynthesis (kdo)2-(lauroyl)-lipid IVA acyltransferase; Catalyzes the transfer of myristate from myristoyl-acyl carrier protein (ACP) to Kdo(2)-(lauroyl)-lipid IV(A) to form Kdo(2)- lipid A.,11.022829,3.0647502,O-Antigen Biosynthesis,#0096ff
Plate1_Drawer3 27-Aug-2025 15-51-30,E7,VC_2714,VC_2714,Transcriptional regulator OmpR; Similar to PID:2108342; identified by sequence similarity; putative.,9.864684,10.338844,Unclassified,#ff00c3
Plate1_Drawer3 27-Aug-2025 15-51-30,E9,VC_1154,VC_1154,Hypothetical protein; Identified by Glimmer2; putative.,9.155614,10.704515,Unclassified,#ff00c3
Plate1_Drawer3 27-Aug-2025 15-51-30,F10,cdgJ,VC_0137,Conserved hypothetical protein; Phosphodiesterase (PDE) that catalyzes the hydrolysis of cyclic diguanylate (c-di-GMP). Positively regulates motility and negatively regulates biofilm formation.,7.098224,5.275283,Unclassified,#ff00c3
Plate1_Drawer3 27-Aug-2025 15-51-30,F11,recO,VC_2459,DNA repair protein RecO; Involved in DNA repair and RecF pathway recombination.,9.067871,4.5343394,Unclassified,#ff00c3
Plate1_Drawer3 27-Aug-2025 15-51-30,F12,VC_A0999,VC_A0999,"Transcriptional regulator, TetR family; Similar to GB:U00096 PID:1787354; identified by sequence similarity; putative.",8.268379,9.23967,Unclassified,#ff00c3
Plate1_Drawer3 27-Aug-2025 15-51-30,F2,VC_2224,VC_2224,GGDEF family protein; Similar to GB:U00096 PID:1787603; identified by sequence similarity; putative.,10.25808,11.3280735,Unclassified,#ff00c3
Plate1_Drawer3 27-Aug-2025 15-51-30,F3,VC_A1099,VC_A1099,"ABC transporter, permease protein; Similar to SP:P33591 GB:X73143 PID:404846 PID:466613 GB:U00096; identified by sequence similarity; putative.",10.563508,11.236094,Unclassified,#ff00c3
Plate1_Drawer3 27-Aug-2025 15-51-30,F4,VC_1320,VC_1320,DNA-binding response regulator; Similar to PID:1079807 SP:P52108 GB:U00096 PID:1742647 PID:1742658; identified by sequence similarity; putative.,10.362969,11.086136,Unclassified,#ff00c3
Plate1_Drawer3 27-Aug-2025 15-51-30,F5,VC_1319,VC_1319,Sensor histidine kinase; Similar to GB:M36795 SP:P08336 GB:X13307 PID:145590 PID:305015; identified by sequence similarity; putative.,9.457518,11.1078825,Unclassified,#ff00c3
Plate1_Drawer3 27-Aug-2025 15-51-30,F6,VC_A0536,VC_A0536,Conserved hypothetical protein; Identified by Glimmer2; putative.,10.4832735,9.988402,Unclassified,#ff00c3
Plate1_Drawer3 27-Aug-2025 15-51-30,F7,VC_1414,VC_1414,"Thermostable carboxypeptidase 1; Broad specificity carboxypetidase that releases amino acids sequentially from the C-terminus, including neutral, aromatic, polar and basic residues.",9.431655,11.032763,Unclassified,#ff00c3
Plate1_Drawer3 27-Aug-2025 15-51-30,F8,VC_A0527,VC_A0527,Conserved hypothetical protein; Identified by Glimmer2; putative.,9.891585,11.20985,Unclassified,#ff00c3
Plate1_Drawer3 27-Aug-2025 15-51-30,F9,argH,VC_2641,Argininosuccinate lyase; Similar to SP:P11447 GB:J01590 GB:M21446 PID:145335 PID:396307; identified by sequence similarity; putative.,9.865672,10.88727,Unclassified,#ff00c3
Plate1_Drawer3 27-Aug-2025 15-51-30,G10,rluE,VC_1140,Pseudouridine synthase family 1 protein; Responsible for synthesis of pseudouridine from uracil-2457 in 23S ribosomal RNA; Belongs to the pseudouridine synthase RsuA family.,9.369744,4.554447,Unclassified,#ff00c3
Plate1_Drawer3 27-Aug-2025 15-51-30,G11,VC_2524,VC_2524,Conserved hypothetical protein; Catalyzes the hydrolysis of 3-deoxy-D-manno-octulosonate 8- phosphate (KDO 8-P) to 3-deoxy-D-manno-octulosonate (KDO) and inorganic phosphate; Belongs to the KdsC family.,8.03362,8.5034275,Unclassified,#ff00c3
Plate1_Drawer3 27-Aug-2025 15-51-30,G12,VC_0900,VC_0900,GGDEF family protein; Similar to PID:1652841; identified by sequence similarity; putative.,8.733527,2.692586,Unclassified,#ff00c3
Plate1_Drawer3 27-Aug-2025 15-51-30,G2,VC_A0171,VC_A0171,Conserved hypothetical protein; Identified by Glimmer2; putative.,10.4348,2.4732945,Unclassified,#ff00c3
Plate1_Drawer3 27-Aug-2025 15-51-30,G3,fliJ,VC_2129,"Flagellar protein FliJ, putative; Similar to PID:1071644 SP:P52613 GB:U00096 PID:1736608 PID:1788252; identified by sequence similarity; putative.",11.408082,4.0909514,Motility,#ff0004
Plate1_Drawer3 27-Aug-2025 15-51-30,G4,VC_0161,VC_0161,Transcriptional activator IlvY; Similar to GB:L42023 SP:P44821 PID:1005575 PID:1220765 PID:1204932; identified by sequence similarity; putative; Belongs to the LysR transcriptional regulatory family.,7.7428493,5.334267,Unclassified,#ff00c3
Plate1_Drawer3 27-Aug-2025 15-51-30,G5,VC_0405,VC_0405,MSHA biogenesis protein MshE; Similar to PID:791156 PID:791159; identified by sequence similarity; putative.,9.721181,9.395028,Unclassified,#ff00c3
Plate1_Drawer3 27-Aug-2025 15-51-30,G6,VC_1295,VC_1295,Conserved hypothetical protein; Phosphodiesterase (PDE) that catalyzes the hydrolysis of cyclic diguanylate (c-di-GMP) to GMP in vitro. Increases motility and decreases biofilm formation in vivo.,10.276102,11.584754,Unclassified,#ff00c3
Plate1_Drawer3 27-Aug-2025 15-51-30,G7,flgD,VC_2198,Basal-body rod modification protein FlgD; Required for flagellar hook formation. May act as a scaffolding protein.,11.670771,-0.9848919,Motility,#ff0004
Plate1_Drawer3 27-Aug-2025 15-51-30,G8,manC,VC_0241,Mannose-1-phosphate guanylyltransferase; Similar to GB:X59554 SP:Q07024 PID:48383; identified by sequence similarity; putative.,2.3715453,-0.83335614,O-Antigen Biosynthesis,#0096ff
Plate1_Drawer3 27-Aug-2025 15-51-30,H1,flhG,VC_2067,MinD-related protein; Similar to GP:3695013; identified by sequence similarity; putative. MULTIPLE FILAMENTS,2.696414,6.219435,Motility,#ff0004
Plate1_Drawer3 27-Aug-2025 15-51-30,H10,trpR,VC_0701,"Trp operon repressor, putative; This protein is an aporepressor. When complexed with L- tryptophan it binds the operator region of the trp operon and prevents the initiation of transcription (By similarity).",9.428703,5.3124294,Unclassified,#ff00c3
Plate1_Drawer3 27-Aug-2025 15-51-30,H11,greA,VC_0634,"Transcription elongation factor GreA; Necessary for efficient RNA polymerase transcription elongation past template-encoded arresting sites. The arresting sites in DNA have the property of trapping a certain fraction of elongating RNA polymerases that pass through, resulting in locked ternary complexes. Cleavage of the nascent transcript by cleavage factors such as GreA or GreB allows the resumption of elongation from the new 3'terminus. GreA releases sequences of 2 to 3 nucleotides.",8.77625,7.2764792,Unclassified,#ff00c3
Plate1_Drawer3 27-Aug-2025 15-51-30,H12,VC_0419,VC_0419,Cytoplasmic axial filament protein; Similar to SP:P25537 PID:48826 PID:606187 GB:U00096 PID:1789645; identified by sequence similarity; putative.,10.101636,8.042877,Unclassified,#ff00c3
Plate1_Drawer3 27-Aug-2025 15-51-30,H2,VC_A0940,VC_A0940,"Transcriptional regulator, DeoR family; Similar to SP:P09392 GB:M96795 PID:146186 PID:606358 GB:U00096; identified by sequence similarity; putative.",9.584598,3.6989067,Unclassified,#ff00c3
Plate1_Drawer3 27-Aug-2025 15-51-30,H3,ectA,VC_A0825,"L-2,4-diaminobutyric acid acetyltransferase; Catalyzes the acetylation of L-2,4-diaminobutyrate (DABA) to gamma-N-acetyl-alpha,gamma-diaminobutyric acid (ADABA) with acetyl coenzyme A.",10.020528,8.338131,Unclassified,#ff00c3
Plate1_Drawer3 27-Aug-2025 15-51-30,H4,VC_A0840,VC_A0840,"Deoxycytidylate deaminase, putative; Similar to SP:P33968 GB:X70289 PID:396216; identified by sequence similarity; putative.",9.311112,7.4859686,Unclassified,#ff00c3
Plate1_Drawer3 27-Aug-2025 15-51-30,H6,VC_2522,VC_2522,Conserved hypothetical protein; Identified by Glimmer2; putative.,10.126169,8.237574,Unclassified,#ff00c3
Plate1_Drawer3 27-Aug-2025 15-51-30,H7,glmS,VC_0487,"Glucosamine--fructose-6-phosphate aminotransferase (isomerizing); Catalyzes the first step in hexosamine metabolism, converting fructose-6P into glucosamine-6P using glutamine as a nitrogen source.",9.715248,7.5376425,Unclassified,#ff00c3
Plate1_Drawer3 27-Aug-2025 15-51-30,H8,manA,VC_0269,Mannose-6-phosphate isomerase; Similar to SP:P25081 GB:X57117 PID:48820; identified by sequence similarity; putative; Belongs to the mannose-6-phosphate isomerase type 1 family.,2.3852386,-0.8402896,O-Antigen Biosynthesis,#0096ff
Plate1_Drawer3 27-Aug-2025 15-51-30,H9,nusB,VC_2267,N utilization substance protein B; Involved in transcription antitermination. Required for transcription of ribosomal RNA (rRNA) genes. Binds specifically to the boxA antiterminator sequence of the ribosomal RNA (rrn) operons.,9.817358,9.515098,Unclassified,#ff00c3
Plate1_Drawer3 29-Aug-2025 10-38-44,A1,ung,VC_2359,uracil-DNA glycosylase; Excises uracil residues from the DNA which can arise as a result of misincorporation of dUMP residues by DNA polymerase or due to deamination of cytosine.,9.5441065,4.852023,Unclassified,#ff00c3
Plate1_Drawer3 29-Aug-2025 10-38-44,A10,VC_1462,VC_1462,RstB2 protein; Similar to GP:2564358; identified by sequence similarity; putative.,8.154569,6.33552,Unclassified,#ff00c3
Plate1_Drawer3 29-Aug-2025 10-38-44,A12,wavA,VC_0223,"ADP-heptose--LPS heptosyltransferase II, putative; Similar to GB:L42023 SP:P44011 PID:1003930 PID:1222457 PID:1204774; identified by sequence similarity; putative.",8.123563,5.453065,O-Antigen Biosynthesis,#0096ff
Plate1_Drawer3 29-Aug-2025 10-38-44,A2,VC_2453,VC_2453,Sensor histidine kinase/response regulator; Similar to GB:D10888 SP:P26607 PID:216535 PID:882680 GB:U00096; identified by sequence similarity; putative.,9.228889,6.0047545,Unclassified,#ff00c3
Plate1_Drawer3 29-Aug-2025 10-38-44,A3,VC_2311,VC_2311,HesA/MoeB/ThiF family protein; Similar to GB:D21145 PID:471103 PID:882707 GB:U00096 SP:Q46927; identified by sequence similarity; putative.,9.266474,5.566414,Unclassified,#ff00c3
Plate1_Drawer3 29-Aug-2025 10-38-44,A4,lipA,VC_0943,"Lipoic acid synthetase; Catalyzes the radical-mediated insertion of two sulfur atoms into the C-6 and C-8 positions of the octanoyl moiety bound to the lipoyl domains of lipoate-dependent enzymes, thereby converting the octanoylated domains into lipoylated derivatives.",4.6783056,1.0685318,Pyruvate Flux,#39ff14
Plate1_Drawer3 29-Aug-2025 10-38-44,A5,rsmJ,VC_0073,Conserved hypothetical protein; Specifically methylates the guanosine in position 1516 of 16S rRNA.,8.4579935,4.1435876,Unclassified,#ff00c3
Plate1_Drawer3 29-Aug-2025 10-38-44,A7,pckA,VC_2738,Phosphoenolpyruvate carboxykinase; Involved in the gluconeogenesis. Catalyzes the conversion of oxaloacetate (OAA) to phosphoenolpyruvate (PEP) through direct phosphoryl transfer between the nucleoside triphosphate and OAA. Belongs to the phosphoenolpyruvate carboxykinase (ATP) family.,9.194873,1.6319925,Unclassified,#ff00c3
Plate1_Drawer3 29-Aug-2025 10-38-44,A8,rluD,VC_0709,"Ribosomal large subunit pseudouridine synthase D; Responsible for synthesis of pseudouridine from uracil at positions 1911, 1915 and 1917 in 23S ribosomal RNA; Belongs to the pseudouridine synthase RluA family.",7.18694,5.762317,Unclassified,#ff00c3
Plate1_Drawer3 29-Aug-2025 10-38-44,B1,flgB,VC_2200,"Flagellar basal-body rod protein FlgB; Structural component of flagellum, the bacterial motility apparatus. Part of the rod structure of flagellar basal body.",7.2242327,0.6006011,Motility,#ff0004
Plate1_Drawer3 29-Aug-2025 10-38-44,B10,flgP,VC_2206,Conserved hypothetical protein; Identified by Glimmer2; putative.,9.138893,1.3635217,Motility,#ff0004
Plate1_Drawer3 29-Aug-2025 10-38-44,B11,fliQ,VC_2122,Flagellar biosynthetic protein FliQ; Role in flagellar biosynthesis. Belongs to the FliQ/MopD/SpaQ family.,9.208936,-1.399189,Motility,#ff0004
Plate1_Drawer3 29-Aug-2025 10-38-44,B12,argF,VC_2508,Ornithine carbamoyltransferase; Reversibly catalyzes the transfer of the carbamoyl group from carbamoyl phosphate (CP) to the N(epsilon) atom of ornithine (ORN) to produce L-citrulline; Belongs to the aspartate/ornithine carbamoyltransferase superfamily. OTCase family.,7.9643736,7.1926975,Unclassified,#ff00c3
Plate1_Drawer3 29-Aug-2025 10-38-44,B2,fliS,VC_2138,Flagellar protein FliS; Similar to GB:U12816 PID:1254205; identified by sequence similarity; putative.,9.603561,-1.5522158,Motility,#ff0004
Plate1_Drawer3 29-Aug-2025 10-38-44,B3,VC_A1081,VC_A1081,Hypothetical protein; Identified by Glimmer2; putative.,9.379495,4.4101634,Unclassified,#ff00c3
Plate1_Drawer3 29-Aug-2025 10-38-44,B4,VC_1909,VC_1909,Hypothetical protein; Identified by Glimmer2; putative.,10.664008,8.54054,Unclassified,#ff00c3
Plate1_Drawer3 29-Aug-2025 10-38-44,B5,VC_0449,VC_0449,Methyl-accepting chemotaxis protein; Similar to GB:X61367 PID:48195; identified by sequence similarity; putative.,7.6411076,7.126441,Unclassified,#ff00c3
Plate1_Drawer3 29-Aug-2025 10-38-44,B6,VC_1498,VC_1498,Conserved hypothetical protein; Identified by Glimmer2; putative.,9.427929,8.58273,Unclassified,#ff00c3
Plate1_Drawer3 29-Aug-2025 10-38-44,B7,VC_2756,VC_2756,Potassium uptake protein TrkH; Low-affinity potassium transport system. Interacts with Trk system potassium uptake protein TrkA; Belongs to the TrkH potassium transport family.,9.523575,4.323996,Unclassified,#ff00c3
Plate1_Drawer3 29-Aug-2025 10-38-44,B8,VC_0113,VC_0113,Methyltransferase-related protein; Similar to SP:P37431 PID:295895; identified by sequence similarity; putative.,8.777337,4.211908,Unclassified,#ff00c3
Plate1_Drawer3 29-Aug-2025 10-38-44,B9,VC_1423,VC_1423,Hypothetical protein; Identified by Glimmer2; putative.,8.491966,6.5151463,Unclassified,#ff00c3
Plate1_Drawer3 29-Aug-2025 10-38-44,C1,VC_A0588,VC_A0588,"Peptide ABC transporter, ATP-binding protein, putative; Similar to SP:P33916 PID:405909 GB:U00096 PID:1736845 PID:1788506; identified by sequence similarity; putative; Belongs to the ABC transporter superfamily.",8.020839,8.637979,Unclassified,#ff00c3
Plate1_Drawer3 29-Aug-2025 10-38-44,C10,epsC,VC_2734,"General secretion pathway protein C; Involved in a type II secretion system (T2SS, formerly general secretion pathway, GSP) for the export of proteins (By similarity). Required for secretion of cholera toxin through the outer membrane.",9.13271,10.29888,Unclassified,#ff00c3
Plate1_Drawer3 29-Aug-2025 10-38-44,C11,proQ,VC_1497,"Conserved hypothetical protein; RNA chaperone with significant RNA binding, RNA strand exchange and RNA duplexing activities; Belongs to the ProQ family.",7.8453526,8.325436,Unclassified,#ff00c3
Plate1_Drawer3 29-Aug-2025 10-38-44,C12,VC_2627,VC_2627,DamX-related protein; Similar to SP:P11557 GB:Z19601 PID:41226 PID:43274 PID:606322; identified by sequence similarity; putative.,8.416727,6.6227627,Unclassified,#ff00c3
Plate1_Drawer3 29-Aug-2025 10-38-44,C2,gshB,VC_0468,Glutathione synthetase; Similar to SP:P04425 GB:X01666 PID:41625 PID:882476 GB:U00096; identified by sequence similarity; putative.,6.1585307,2.7626247,Unclassified,#ff00c3
Plate1_Drawer3 29-Aug-2025 10-38-44,C3,potB,VC_1427,"Spermidine/putrescine ABC transporter, permease protein; Similar to GB:M64519 SP:P23860 PID:147327 GB:U00096 PID:1651552; identified by sequence similarity; putative.",10.6095295,1.5384791,Polyamine Import,#14f7f0
Plate1_Drawer3 29-Aug-2025 10-38-44,C4,flgE,VC_2197,Flagellar hook protein FlgE; Similar to GB:X51737 SP:P16322 GB:X52093 PID:47673; identified by sequence similarity; putative.,11.805849,-0.65240943,Motility,#ff0004
Plate1_Drawer3 29-Aug-2025 10-38-44,C5,glyQ,VC_0021,"glycyl-tRNA synthetase, alpha chain; Similar to SP:P00960 GB:J01622 PID:146222 PID:146225 PID:466698; identified by sequence similarity; putative.",8.364736,7.5551076,Unclassified,#ff00c3
Plate1_Drawer3 29-Aug-2025 10-38-44,C6,VC_0462,VC_0462,Twitching motility protein PilT; Similar to SP:P24559 GB:X67095 PID:151490; identified by sequence similarity; putative.,9.062614,6.228508,Unclassified,#ff00c3
Plate1_Drawer3 29-Aug-2025 10-38-44,C8,VC_0399,VC_0399,MSHA biogenesis protein MshI; Similar to PID:791156 PID:791153; identified by sequence similarity; putative.,8.163859,4.233734,Unclassified,#ff00c3
Plate1_Drawer3 29-Aug-2025 10-38-44,C9,fliD,VC_2140,"Flagellar hook-associated protein FliD; FILAMENT CAP Required for the morphogenesis and for the elongation of the flagellar filament by facilitating polymerization of the flagellin monomers at the tip of growing filament. Forms a capping structure, which prevents flagellin subunits (transported through the central channel of the flagellum) from leaking out without polymerization at the distal end (By similarity).",10.293205,7.313858,Motility,#ff0004
Plate1_Drawer3 29-Aug-2025 10-38-44,D1,VC_0196,VC_0196,ATP-dependent DNA helicase RecQ; Similar to GB:M87049 SP:P15043 GB:M30198 PID:147559 PID:148221; identified by sequence similarity; putative.,8.656966,5.7955766,Unclassified,#ff00c3
Plate1_Drawer3 29-Aug-2025 10-38-44,D10,VC_2270,VC_2270,Riboflavin,5.251336,1.3082614,Unclassified,#ff00c3
Plate1_Drawer3 29-Aug-2025 10-38-44,D12,wbeG,VC_0245,rfbG protein; Similar to GB:X59554 PID:48387; identified by sequence similarity; putative.,9.011812,3.2031622,O-Antigen Biosynthesis,#0096ff
Plate1_Drawer3 29-Aug-2025 10-38-44,D2,VC_1933,VC_1933,Hypothetical protein; Identified by Glimmer2; putative.,8.781948,4.794021,Unclassified,#ff00c3
Plate1_Drawer3 29-Aug-2025 10-38-44,D3,VC_A0001,VC_A0001,Hypothetical protein; Identified by Glimmer2; putative.,8.923305,8.448173,Unclassified,#ff00c3
Plate1_Drawer3 29-Aug-2025 10-38-44,D5,pilC,VC_2425,Type IV pilin biogenesis protein PilC; Involved in the translocation of the type IV pilin; Belongs to the GSP F family.,9.280538,9.034366,Unclassified,#ff00c3
Plate1_Drawer3 29-Aug-2025 10-38-44,E1,VC_A0759,VC_A0759,"Arginine ABC transporter, periplasmic arginine-binding protein; Similar to SP:P30859 GB:X67753 GB:X86160 PID:40931 PID:769791; identified by sequence similarity; putative; Belongs to the bacterial solute-binding protein 3 family.",7.703077,5.61244,Unclassified,#ff00c3
Plate1_Drawer3 29-Aug-2025 10-38-44,E10,VC_1887,VC_1887,Hypothetical protein; Identified by Glimmer2; putative.,5.2004886,-5.7759695,Unclassified,#ff00c3
Plate1_Drawer3 29-Aug-2025 10-38-44,E11,VC_A0620,VC_A0620,"Thiosulfate sulfurtransferase SseA, putative; Similar to SP:P31142 GB:U00096 PID:1788869 PID:1799924; identified by sequence similarity; putative.",10.481278,10.587086,Unclassified,#ff00c3
Plate1_Drawer3 29-Aug-2025 10-38-44,E12,trmJ,VC_0746,"RNA methyltransferase, TrmH family; Catalyzes the formation of 2'O-methylated cytidine (Cm32) or 2'O-methylated uridine (Um32) at position 32 in tRNA.",8.061397,9.666761,Unclassified,#ff00c3
Plate1_Drawer3 29-Aug-2025 10-38-44,E2,VC_A0785,VC_A0785,GGDEF family protein; Similar to PID:1651932; identified by sequence similarity; putative.,8.521915,2.3129537,Unclassified,#ff00c3
Plate1_Drawer3 29-Aug-2025 10-38-44,E3,fliE,VC_2134,Flagellar hook-basal body complex protein FliE; Similar to PID:2338730; identified by sequence similarity; putative.,10.1124115,2.3450818,Motility,#ff0004
Plate1_Drawer3 29-Aug-2025 10-38-44,E4,VC_1581,VC_1581,"NADH dehydrogenase, putative; Similar to SP:P33607 PID:397909 GB:U00096 PID:1788614 PID:1799638; identified by sequence similarity; putative.",7.885137,7.238989,Unclassified,#ff00c3
Plate1_Drawer3 29-Aug-2025 10-38-44,E5,fliP,VC_2123,Flagellar biosynthetic protein FliP; Plays a role in the flagellum-specific transport system. Belongs to the FliP/MopC/SpaP family.,9.382086,-1.3390793,Motility,#ff0004
Plate1_Drawer3 29-Aug-2025 10-38-44,E6,lpxM,VC_0212,Lipid A biosynthesis (kdo)2-(lauroyl)-lipid IVA acyltransferase; Catalyzes the transfer of myristate from myristoyl-acyl carrier protein (ACP) to Kdo(2)-(lauroyl)-lipid IV(A) to form Kdo(2)- lipid A.,10.315993,2.712447,O-Antigen Biosynthesis,#0096ff
Plate1_Drawer3 29-Aug-2025 10-38-44,F10,cdgJ,VC_0137,Conserved hypothetical protein; Phosphodiesterase (PDE) that catalyzes the hydrolysis of cyclic diguanylate (c-di-GMP). Positively regulates motility and negatively regulates biofilm formation.,7.055598,5.9984417,Unclassified,#ff00c3
Plate1_Drawer3 29-Aug-2025 10-38-44,F11,recO,VC_2459,DNA repair protein RecO; Involved in DNA repair and RecF pathway recombination.,8.694378,2.861539,Unclassified,#ff00c3
Plate1_Drawer3 29-Aug-2025 10-38-44,F12,VC_A0999,VC_A0999,"Transcriptional regulator, TetR family; Similar to GB:U00096 PID:1787354; identified by sequence similarity; putative.",7.942819,6.532216,Unclassified,#ff00c3
Plate1_Drawer3 29-Aug-2025 10-38-44,F2,VC_2224,VC_2224,GGDEF family protein; Similar to GB:U00096 PID:1787603; identified by sequence similarity; putative.,8.447534,9.783021,Unclassified,#ff00c3
Plate1_Drawer3 29-Aug-2025 10-38-44,F3,VC_A1099,VC_A1099,"ABC transporter, permease protein; Similar to SP:P33591 GB:X73143 PID:404846 PID:466613 GB:U00096; identified by sequence similarity; putative.",9.658016,10.816503,Unclassified,#ff00c3
Plate1_Drawer3 29-Aug-2025 10-38-44,F4,VC_1320,VC_1320,DNA-binding response regulator; Similar to PID:1079807 SP:P52108 GB:U00096 PID:1742647 PID:1742658; identified by sequence similarity; putative.,8.870049,9.348557,Unclassified,#ff00c3
Plate1_Drawer3 29-Aug-2025 10-38-44,F5,VC_1319,VC_1319,Sensor histidine kinase; Similar to GB:M36795 SP:P08336 GB:X13307 PID:145590 PID:305015; identified by sequence similarity; putative.,8.922596,9.679988,Unclassified,#ff00c3
Plate1_Drawer3 29-Aug-2025 10-38-44,F6,VC_A0536,VC_A0536,Conserved hypothetical protein; Identified by Glimmer2; putative.,8.243549,9.507722,Unclassified,#ff00c3
Plate1_Drawer3 29-Aug-2025 10-38-44,F7,VC_1414,VC_1414,"Thermostable carboxypeptidase 1; Broad specificity carboxypetidase that releases amino acids sequentially from the C-terminus, including neutral, aromatic, polar and basic residues.",8.115369,9.732638,Unclassified,#ff00c3
Plate1_Drawer3 29-Aug-2025 10-38-44,F8,VC_A0527,VC_A0527,Conserved hypothetical protein; Identified by Glimmer2; putative.,7.3559246,8.168206,Unclassified,#ff00c3
Plate1_Drawer3 29-Aug-2025 10-38-44,F9,argH,VC_2641,Argininosuccinate lyase; Similar to SP:P11447 GB:J01590 GB:M21446 PID:145335 PID:396307; identified by sequence similarity; putative.,10.613803,11.737261,Unclassified,#ff00c3
Plate1_Drawer3 29-Aug-2025 10-38-44,G10,rluE,VC_1140,Pseudouridine synthase family 1 protein; Responsible for synthesis of pseudouridine from uracil-2457 in 23S ribosomal RNA; Belongs to the pseudouridine synthase RsuA family.,9.237544,2.42933,Unclassified,#ff00c3
Plate1_Drawer3 29-Aug-2025 10-38-44,G11,VC_2524,VC_2524,Conserved hypothetical protein; Catalyzes the hydrolysis of 3-deoxy-D-manno-octulosonate 8- phosphate (KDO 8-P) to 3-deoxy-D-manno-octulosonate (KDO) and inorganic phosphate; Belongs to the KdsC family.,9.467433,9.842811,Unclassified,#ff00c3
Plate1_Drawer3 29-Aug-2025 10-38-44,G12,VC_0900,VC_0900,GGDEF family protein; Similar to PID:1652841; identified by sequence similarity; putative.,9.515928,2.5947325,Unclassified,#ff00c3
Plate1_Drawer3 29-Aug-2025 10-38-44,G2,VC_A0171,VC_A0171,Conserved hypothetical protein; Identified by Glimmer2; putative.,9.831265,2.1831055,Unclassified,#ff00c3
Plate1_Drawer3 29-Aug-2025 10-38-44,G3,fliJ,VC_2129,"Flagellar protein FliJ, putative; Similar to PID:1071644 SP:P52613 GB:U00096 PID:1736608 PID:1788252; identified by sequence similarity; putative.",10.441067,3.3138113,Motility,#ff0004
Plate1_Drawer3 29-Aug-2025 10-38-44,G4,VC_0161,VC_0161,Transcriptional activator IlvY; Similar to GB:L42023 SP:P44821 PID:1005575 PID:1220765 PID:1204932; identified by sequence similarity; putative; Belongs to the LysR transcriptional regulatory family.,9.264382,5.1803374,Unclassified,#ff00c3
Plate1_Drawer3 29-Aug-2025 10-38-44,G5,VC_0405,VC_0405,MSHA biogenesis protein MshE; Similar to PID:791156 PID:791159; identified by sequence similarity; putative.,7.7942243,7.34814,Unclassified,#ff00c3
Plate1_Drawer3 29-Aug-2025 10-38-44,G6,VC_1295,VC_1295,Conserved hypothetical protein; Phosphodiesterase (PDE) that catalyzes the hydrolysis of cyclic diguanylate (c-di-GMP) to GMP in vitro. Increases motility and decreases biofilm formation in vivo.,7.899376,9.156966,Unclassified,#ff00c3
Plate1_Drawer3 29-Aug-2025 10-38-44,G7,flgD,VC_2198,Basal-body rod modification protein FlgD; Required for flagellar hook formation. May act as a scaffolding protein.,11.692324,-0.9547774,Motility,#ff0004
Plate1_Drawer3 29-Aug-2025 10-38-44,G8,manC,VC_0241,Mannose-1-phosphate guanylyltransferase; Similar to GB:X59554 SP:Q07024 PID:48383; identified by sequence similarity; putative.,2.2236857,-0.47103867,O-Antigen Biosynthesis,#0096ff
Plate1_Drawer3 29-Aug-2025 10-38-44,H1,flhG,VC_2067,MinD-related protein; Similar to GP:3695013; identified by sequence similarity; putative. MULTIPLE FILAMENTS,2.9084673,6.3832955,Motility,#ff0004
Plate1_Drawer3 29-Aug-2025 10-38-44,H10,trpR,VC_0701,"Trp operon repressor, putative; This protein is an aporepressor. When complexed with L- tryptophan it binds the operator region of the trp operon and prevents the initiation of transcription (By similarity).",8.723932,3.9822237,Unclassified,#ff00c3
Plate1_Drawer3 29-Aug-2025 10-38-44,H11,greA,VC_0634,"Transcription elongation factor GreA; Necessary for efficient RNA polymerase transcription elongation past template-encoded arresting sites. The arresting sites in DNA have the property of trapping a certain fraction of elongating RNA polymerases that pass through, resulting in locked ternary complexes. Cleavage of the nascent transcript by cleavage factors such as GreA or GreB allows the resumption of elongation from the new 3'terminus. GreA releases sequences of 2 to 3 nucleotides.",9.952554,9.291339,Unclassified,#ff00c3
Plate1_Drawer3 29-Aug-2025 10-38-44,H2,VC_A0940,VC_A0940,"Transcriptional regulator, DeoR family; Similar to SP:P09392 GB:M96795 PID:146186 PID:606358 GB:U00096; identified by sequence similarity; putative.",8.941756,4.0692315,Unclassified,#ff00c3
Plate1_Drawer3 29-Aug-2025 10-38-44,H3,ectA,VC_A0825,"L-2,4-diaminobutyric acid acetyltransferase; Catalyzes the acetylation of L-2,4-diaminobutyrate (DABA) to gamma-N-acetyl-alpha,gamma-diaminobutyric acid (ADABA) with acetyl coenzyme A.",8.211479,6.979697,Unclassified,#ff00c3
Plate1_Drawer3 29-Aug-2025 10-38-44,H4,VC_A0840,VC_A0840,"Deoxycytidylate deaminase, putative; Similar to SP:P33968 GB:X70289 PID:396216; identified by sequence similarity; putative.",8.98631,6.6981544,Unclassified,#ff00c3
Plate1_Drawer3 29-Aug-2025 10-38-44,H6,VC_2522,VC_2522,Conserved hypothetical protein; Identified by Glimmer2; putative.,8.292591,7.378367,Unclassified,#ff00c3
Plate1_Drawer3 29-Aug-2025 10-38-44,H8,manA,VC_0269,Mannose-6-phosphate isomerase; Similar to SP:P25081 GB:X57117 PID:48820; identified by sequence similarity; putative; Belongs to the mannose-6-phosphate isomerase type 1 family.,2.4130049,-0.6946179,O-Antigen Biosynthesis,#0096ff
Plate1_Drawer3 29-Aug-2025 10-38-44,H9,nusB,VC_2267,N utilization substance protein B; Involved in transcription antitermination. Required for transcription of ribosomal RNA (rRNA) genes. Binds specifically to the boxA antiterminator sequence of the ribosomal RNA (rrn) operons.,7.916951,7.2336507,Unclassified,#ff00c3
Plate1_Drawer3 31-Jul-2025 10-11-19,A1,ung,VC_2359,uracil-DNA glycosylase; Excises uracil residues from the DNA which can arise as a result of misincorporation of dUMP residues by DNA polymerase or due to deamination of cytosine.,7.1969876,5.2084537,Unclassified,#ff00c3
Plate1_Drawer3 31-Jul-2025 10-11-19,A10,VC_1462,VC_1462,RstB2 protein; Similar to GP:2564358; identified by sequence similarity; putative.,9.470301,8.132546,Unclassified,#ff00c3
Plate1_Drawer3 31-Jul-2025 10-11-19,A12,wavA,VC_0223,"ADP-heptose--LPS heptosyltransferase II, putative; Similar to GB:L42023 SP:P44011 PID:1003930 PID:1222457 PID:1204774; identified by sequence similarity; putative.",9.188936,5.363934,O-Antigen Biosynthesis,#0096ff
Plate1_Drawer3 31-Jul-2025 10-11-19,A2,VC_2453,VC_2453,Sensor histidine kinase/response regulator; Similar to GB:D10888 SP:P26607 PID:216535 PID:882680 GB:U00096; identified by sequence similarity; putative.,10.90554,6.7136374,Unclassified,#ff00c3
Plate1_Drawer3 31-Jul-2025 10-11-19,A3,VC_2311,VC_2311,HesA/MoeB/ThiF family protein; Similar to GB:D21145 PID:471103 PID:882707 GB:U00096 SP:Q46927; identified by sequence similarity; putative.,11.116549,6.397887,Unclassified,#ff00c3
Plate1_Drawer3 31-Jul-2025 10-11-19,A4,lipA,VC_0943,"Lipoic acid synthetase; Catalyzes the radical-mediated insertion of two sulfur atoms into the C-6 and C-8 positions of the octanoyl moiety bound to the lipoyl domains of lipoate-dependent enzymes, thereby converting the octanoylated domains into lipoylated derivatives.",6.1066513,1.4946402,Pyruvate Flux,#39ff14
Plate1_Drawer3 31-Jul-2025 10-11-19,A5,rsmJ,VC_0073,Conserved hypothetical protein; Specifically methylates the guanosine in position 1516 of 16S rRNA.,8.7751665,9.463856,Unclassified,#ff00c3
Plate1_Drawer3 31-Jul-2025 10-11-19,A6,potC,VC_1426,"Spermidine/putrescine ABC transporter, permease protein; Similar to GB:M64519 SP:P23859 PID:147328 GB:U00096 PID:1651551; identified by sequence similarity; putative.",8.890743,6.508915,Polyamine Import,#14f7f0
Plate1_Drawer3 31-Jul-2025 10-11-19,A7,pckA,VC_2738,Phosphoenolpyruvate carboxykinase; Involved in the gluconeogenesis. Catalyzes the conversion of oxaloacetate (OAA) to phosphoenolpyruvate (PEP) through direct phosphoryl transfer between the nucleoside triphosphate and OAA. Belongs to the phosphoenolpyruvate carboxykinase (ATP) family.,9.966241,1.8867899,Unclassified,#ff00c3
Plate1_Drawer3 31-Jul-2025 10-11-19,A8,rluD,VC_0709,"Ribosomal large subunit pseudouridine synthase D; Responsible for synthesis of pseudouridine from uracil at positions 1911, 1915 and 1917 in 23S ribosomal RNA; Belongs to the pseudouridine synthase RluA family.",9.117631,7.9648557,Unclassified,#ff00c3
Plate1_Drawer3 31-Jul-2025 10-11-19,B1,flgB,VC_2200,"Flagellar basal-body rod protein FlgB; Structural component of flagellum, the bacterial motility apparatus. Part of the rod structure of flagellar basal body.",10.761762,-1.5768255,Motility,#ff0004
Plate1_Drawer3 31-Jul-2025 10-11-19,B10,flgP,VC_2206,Conserved hypothetical protein; Identified by Glimmer2; putative.,9.014331,1.3787901,Motility,#ff0004
Plate1_Drawer3 31-Jul-2025 10-11-19,B11,fliQ,VC_2122,Flagellar biosynthetic protein FliQ; Role in flagellar biosynthesis. Belongs to the FliQ/MopD/SpaQ family.,9.777994,-1.3932991,Motility,#ff0004
Plate1_Drawer3 31-Jul-2025 10-11-19,B12,argF,VC_2508,Ornithine carbamoyltransferase; Reversibly catalyzes the transfer of the carbamoyl group from carbamoyl phosphate (CP) to the N(epsilon) atom of ornithine (ORN) to produce L-citrulline; Belongs to the aspartate/ornithine carbamoyltransferase superfamily. OTCase family.,7.6088095,7.303011,Unclassified,#ff00c3
Plate1_Drawer3 31-Jul-2025 10-11-19,B2,fliS,VC_2138,Flagellar protein FliS; Similar to GB:U12816 PID:1254205; identified by sequence similarity; putative.,10.573835,-2.2090163,Motility,#ff0004
Plate1_Drawer3 31-Jul-2025 10-11-19,B3,VC_A1081,VC_A1081,Hypothetical protein; Identified by Glimmer2; putative.,10.41342,5.6348705,Unclassified,#ff00c3
Plate1_Drawer3 31-Jul-2025 10-11-19,B4,VC_1909,VC_1909,Hypothetical protein; Identified by Glimmer2; putative.,8.819582,7.3147335,Unclassified,#ff00c3
Plate1_Drawer3 31-Jul-2025 10-11-19,B5,VC_0449,VC_0449,Methyl-accepting chemotaxis protein; Similar to GB:X61367 PID:48195; identified by sequence similarity; putative.,9.748004,10.906561,Unclassified,#ff00c3
Plate1_Drawer3 31-Jul-2025 10-11-19,B6,VC_1498,VC_1498,Conserved hypothetical protein; Identified by Glimmer2; putative.,7.380298,7.38033,Unclassified,#ff00c3
Plate1_Drawer3 31-Jul-2025 10-11-19,B7,VC_2756,VC_2756,Potassium uptake protein TrkH; Low-affinity potassium transport system. Interacts with Trk system potassium uptake protein TrkA; Belongs to the TrkH potassium transport family.,8.889526,4.284561,Unclassified,#ff00c3
Plate1_Drawer3 31-Jul-2025 10-11-19,B8,VC_0113,VC_0113,Methyltransferase-related protein; Similar to SP:P37431 PID:295895; identified by sequence similarity; putative.,8.678846,3.8559554,Unclassified,#ff00c3
Plate1_Drawer3 31-Jul-2025 10-11-19,B9,VC_1423,VC_1423,Hypothetical protein; Identified by Glimmer2; putative.,9.67356,8.11687,Unclassified,#ff00c3
Plate1_Drawer3 31-Jul-2025 10-11-19,C1,VC_A0588,VC_A0588,"Peptide ABC transporter, ATP-binding protein, putative; Similar to SP:P33916 PID:405909 GB:U00096 PID:1736845 PID:1788506; identified by sequence similarity; putative; Belongs to the ABC transporter superfamily.",10.176086,10.535112,Unclassified,#ff00c3
Plate1_Drawer3 31-Jul-2025 10-11-19,C10,epsC,VC_2734,"General secretion pathway protein C; Involved in a type II secretion system (T2SS, formerly general secretion pathway, GSP) for the export of proteins (By similarity). Required for secretion of cholera toxin through the outer membrane.",9.008702,10.115014,Unclassified,#ff00c3
Plate1_Drawer3 31-Jul-2025 10-11-19,C11,proQ,VC_1497,"Conserved hypothetical protein; RNA chaperone with significant RNA binding, RNA strand exchange and RNA duplexing activities; Belongs to the ProQ family.",9.794541,10.246378,Unclassified,#ff00c3
Plate1_Drawer3 31-Jul-2025 10-11-19,C12,VC_2627,VC_2627,DamX-related protein; Similar to SP:P11557 GB:Z19601 PID:41226 PID:43274 PID:606322; identified by sequence similarity; putative.,10.737748,10.599709,Unclassified,#ff00c3
Plate1_Drawer3 31-Jul-2025 10-11-19,C2,gshB,VC_0468,Glutathione synthetase; Similar to SP:P04425 GB:X01666 PID:41625 PID:882476 GB:U00096; identified by sequence similarity; putative.,7.7234783,6.5523205,Unclassified,#ff00c3
Plate1_Drawer3 31-Jul-2025 10-11-19,C3,potB,VC_1427,"Spermidine/putrescine ABC transporter, permease protein; Similar to GB:M64519 SP:P23860 PID:147327 GB:U00096 PID:1651552; identified by sequence similarity; putative.",9.065566,1.514742,Polyamine Import,#14f7f0
Plate1_Drawer3 31-Jul-2025 10-11-19,C4,flgE,VC_2197,Flagellar hook protein FlgE; Similar to GB:X51737 SP:P16322 GB:X52093 PID:47673; identified by sequence similarity; putative.,10.966205,-0.58920985,Motility,#ff0004
Plate1_Drawer3 31-Jul-2025 10-11-19,C5,glyQ,VC_0021,"glycyl-tRNA synthetase, alpha chain; Similar to SP:P00960 GB:J01622 PID:146222 PID:146225 PID:466698; identified by sequence similarity; putative.",10.790099,11.010263,Unclassified,#ff00c3
Plate1_Drawer3 31-Jul-2025 10-11-19,C6,VC_0462,VC_0462,Twitching motility protein PilT; Similar to SP:P24559 GB:X67095 PID:151490; identified by sequence similarity; putative.,9.184147,8.91421,Unclassified,#ff00c3
Plate1_Drawer3 31-Jul-2025 10-11-19,C7,flhA,VC_2069,"Flagellar biosynthetic protein FlhA; Required for formation of the rod structure of the flagellar apparatus. Together with FliI and FliH, may constitute the export apparatus of flagellin; Belongs to the FHIPEP (flagella/HR/invasion proteins export pore) family.",9.754967,-1.3928659,Motility,#ff0004
Plate1_Drawer3 31-Jul-2025 10-11-19,C8,VC_0399,VC_0399,MSHA biogenesis protein MshI; Similar to PID:791156 PID:791153; identified by sequence similarity; putative.,6.983767,2.8676984,Unclassified,#ff00c3
Plate1_Drawer3 31-Jul-2025 10-11-19,C9,fliD,VC_2140,"Flagellar hook-associated protein FliD; FILAMENT CAP Required for the morphogenesis and for the elongation of the flagellar filament by facilitating polymerization of the flagellin monomers at the tip of growing filament. Forms a capping structure, which prevents flagellin subunits (transported through the central channel of the flagellum) from leaking out without polymerization at the distal end (By similarity).",10.1734495,11.362479,Motility,#ff0004
Plate1_Drawer3 31-Jul-2025 10-11-19,D1,VC_0196,VC_0196,ATP-dependent DNA helicase RecQ; Similar to GB:M87049 SP:P15043 GB:M30198 PID:147559 PID:148221; identified by sequence similarity; putative.,9.281722,5.090067,Unclassified,#ff00c3
Plate1_Drawer3 31-Jul-2025 10-11-19,D10,VC_2270,VC_2270,Riboflavin,5.6167283,2.0831761,Unclassified,#ff00c3
Plate1_Drawer3 31-Jul-2025 10-11-19,D11,VC_2718; VC_2719,VC_2718; VC_2719,,4.7521615,-5.935182,Unclassified,#ff00c3
Plate1_Drawer3 31-Jul-2025 10-11-19,D12,wbeG,VC_0245,rfbG protein; Similar to GB:X59554 PID:48387; identified by sequence similarity; putative.,10.51526,4.344578,O-Antigen Biosynthesis,#0096ff
Plate1_Drawer3 31-Jul-2025 10-11-19,D2,VC_1933,VC_1933,Hypothetical protein; Identified by Glimmer2; putative.,11.166064,6.5355034,Unclassified,#ff00c3
Plate1_Drawer3 31-Jul-2025 10-11-19,D3,VC_A0001,VC_A0001,Hypothetical protein; Identified by Glimmer2; putative.,9.8812065,9.624876,Unclassified,#ff00c3
Plate1_Drawer3 31-Jul-2025 10-11-19,D4,fadR,VC_1900,Fatty acid metabolism regulator protein; Multifunctional regulator of fatty acid metabolism.,7.401996,-0.4873032,Unclassified,#ff00c3
Plate1_Drawer3 31-Jul-2025 10-11-19,D5,pilC,VC_2425,Type IV pilin biogenesis protein PilC; Involved in the translocation of the type IV pilin; Belongs to the GSP F family.,8.909377,8.368269,Unclassified,#ff00c3
Plate1_Drawer3 31-Jul-2025 10-11-19,D6,pta,VC_1097,Phosphate acetyltransferase; Involved in acetate metabolism; In the N-terminal section; belongs to the CobB/CobQ family.,11.008055,11.998893,Unclassified,#ff00c3
Plate1_Drawer3 31-Jul-2025 10-11-19,D7,VC_A0800,VC_A0800,creA protein; Similar to SP:P08367 GB:M13608 PID:147249 PID:147691 PID:537237; identified by sequence similarity; putative.,10.05439,2.1834323,Unclassified,#ff00c3
Plate1_Drawer3 31-Jul-2025 10-11-19,D8,wzt,VC_0247,lipopolysaccharide/O-antigen transport protein; Similar to GB:X59554 PID:48389; identified by sequence similarity; putative.,11.324879,10.307026,O-Antigen Biosynthesis,#0096ff
Plate1_Drawer3 31-Jul-2025 10-11-19,D9,wbeM,VC_0250,Iron-containing alcohol dehydrogenase family protein RfbM; Similar to GB:M26941 SP:P13604 PID:144714; identified by sequence similarity; putative.,11.787084,9.527928,O-Antigen Biosynthesis,#0096ff
Plate1_Drawer3 31-Jul-2025 10-11-19,E1,VC_A0759,VC_A0759,"Arginine ABC transporter, periplasmic arginine-binding protein; Similar to SP:P30859 GB:X67753 GB:X86160 PID:40931 PID:769791; identified by sequence similarity; putative; Belongs to the bacterial solute-binding protein 3 family.",11.228546,9.310862,Unclassified,#ff00c3
Plate1_Drawer3 31-Jul-2025 10-11-19,E10,VC_1887,VC_1887,Hypothetical protein; Identified by Glimmer2; putative.,5.127611,-6.047729,Unclassified,#ff00c3
Plate1_Drawer3 31-Jul-2025 10-11-19,E11,VC_A0620,VC_A0620,"Thiosulfate sulfurtransferase SseA, putative; Similar to SP:P31142 GB:U00096 PID:1788869 PID:1799924; identified by sequence similarity; putative.",9.9185295,11.306162,Unclassified,#ff00c3
Plate1_Drawer3 31-Jul-2025 10-11-19,E12,trmJ,VC_0746,"RNA methyltransferase, TrmH family; Catalyzes the formation of 2'O-methylated cytidine (Cm32) or 2'O-methylated uridine (Um32) at position 32 in tRNA.",11.451253,12.217296,Unclassified,#ff00c3
Plate1_Drawer3 31-Jul-2025 10-11-19,E2,VC_A0785,VC_A0785,GGDEF family protein; Similar to PID:1651932; identified by sequence similarity; putative.,10.835709,5.317538,Unclassified,#ff00c3
Plate1_Drawer3 31-Jul-2025 10-11-19,E3,fliE,VC_2134,Flagellar hook-basal body complex protein FliE; Similar to PID:2338730; identified by sequence similarity; putative.,10.476087,-2.0382931,Motility,#ff0004
Plate1_Drawer3 31-Jul-2025 10-11-19,E4,VC_1581,VC_1581,"NADH dehydrogenase, putative; Similar to SP:P33607 PID:397909 GB:U00096 PID:1788614 PID:1799638; identified by sequence similarity; putative.",10.733618,10.903381,Unclassified,#ff00c3
Plate1_Drawer3 31-Jul-2025 10-11-19,E5,fliP,VC_2123,Flagellar biosynthetic protein FliP; Plays a role in the flagellum-specific transport system. Belongs to the FliP/MopC/SpaP family.,10.733328,-2.1974027,Motility,#ff0004
Plate1_Drawer3 31-Jul-2025 10-11-19,E6,lpxM,VC_0212,Lipid A biosynthesis (kdo)2-(lauroyl)-lipid IVA acyltransferase; Catalyzes the transfer of myristate from myristoyl-acyl carrier protein (ACP) to Kdo(2)-(lauroyl)-lipid IV(A) to form Kdo(2)- lipid A.,11.134069,3.1972156,O-Antigen Biosynthesis,#0096ff
Plate1_Drawer3 31-Jul-2025 10-11-19,E7,VC_2714,VC_2714,Transcriptional regulator OmpR; Similar to PID:2108342; identified by sequence similarity; putative.,11.2663,12.003812,Unclassified,#ff00c3
Plate1_Drawer3 31-Jul-2025 10-11-19,E9,VC_1154,VC_1154,Hypothetical protein; Identified by Glimmer2; putative.,11.115787,12.090956,Unclassified,#ff00c3
Plate1_Drawer3 31-Jul-2025 10-11-19,F10,cdgJ,VC_0137,Conserved hypothetical protein; Phosphodiesterase (PDE) that catalyzes the hydrolysis of cyclic diguanylate (c-di-GMP). Positively regulates motility and negatively regulates biofilm formation.,7.118231,5.9738517,Unclassified,#ff00c3
Plate1_Drawer3 31-Jul-2025 10-11-19,F11,recO,VC_2459,DNA repair protein RecO; Involved in DNA repair and RecF pathway recombination.,9.329288,7.049283,Unclassified,#ff00c3
Plate1_Drawer3 31-Jul-2025 10-11-19,F12,VC_A0999,VC_A0999,"Transcriptional regulator, TetR family; Similar to GB:U00096 PID:1787354; identified by sequence similarity; putative.",9.967961,9.124685,Unclassified,#ff00c3
Plate1_Drawer3 31-Jul-2025 10-11-19,F2,VC_2224,VC_2224,GGDEF family protein; Similar to GB:U00096 PID:1787603; identified by sequence similarity; putative.,11.83575,12.291561,Unclassified,#ff00c3
Plate1_Drawer3 31-Jul-2025 10-11-19,F3,VC_A1099,VC_A1099,"ABC transporter, permease protein; Similar to SP:P33591 GB:X73143 PID:404846 PID:466613 GB:U00096; identified by sequence similarity; putative.",10.812902,11.874715,Unclassified,#ff00c3
Plate1_Drawer3 31-Jul-2025 10-11-19,F4,VC_1320,VC_1320,DNA-binding response regulator; Similar to PID:1079807 SP:P52108 GB:U00096 PID:1742647 PID:1742658; identified by sequence similarity; putative.,11.109581,12.110705,Unclassified,#ff00c3
Plate1_Drawer3 31-Jul-2025 10-11-19,F5,VC_1319,VC_1319,Sensor histidine kinase; Similar to GB:M36795 SP:P08336 GB:X13307 PID:145590 PID:305015; identified by sequence similarity; putative.,10.911481,11.907327,Unclassified,#ff00c3
Plate1_Drawer3 31-Jul-2025 10-11-19,F6,VC_A0536,VC_A0536,Conserved hypothetical protein; Identified by Glimmer2; putative.,10.975615,11.069283,Unclassified,#ff00c3
Plate1_Drawer3 31-Jul-2025 10-11-19,F7,VC_1414,VC_1414,"Thermostable carboxypeptidase 1; Broad specificity carboxypetidase that releases amino acids sequentially from the C-terminus, including neutral, aromatic, polar and basic residues.",8.995858,10.618179,Unclassified,#ff00c3
Plate1_Drawer3 31-Jul-2025 10-11-19,F8,VC_A0527,VC_A0527,Conserved hypothetical protein; Identified by Glimmer2; putative.,11.178462,12.055431,Unclassified,#ff00c3
Plate1_Drawer3 31-Jul-2025 10-11-19,F9,argH,VC_2641,Argininosuccinate lyase; Similar to SP:P11447 GB:J01590 GB:M21446 PID:145335 PID:396307; identified by sequence similarity; putative.,10.239971,10.800844,Unclassified,#ff00c3
Plate1_Drawer3 31-Jul-2025 10-11-19,G10,rluE,VC_1140,Pseudouridine synthase family 1 protein; Responsible for synthesis of pseudouridine from uracil-2457 in 23S ribosomal RNA; Belongs to the pseudouridine synthase RsuA family.,8.493715,5.8172183,Unclassified,#ff00c3
Plate1_Drawer3 31-Jul-2025 10-11-19,G11,VC_2524,VC_2524,Conserved hypothetical protein; Catalyzes the hydrolysis of 3-deoxy-D-manno-octulosonate 8- phosphate (KDO 8-P) to 3-deoxy-D-manno-octulosonate (KDO) and inorganic phosphate; Belongs to the KdsC family.,8.770706,9.474727,Unclassified,#ff00c3
Plate1_Drawer3 31-Jul-2025 10-11-19,G12,VC_0900,VC_0900,GGDEF family protein; Similar to PID:1652841; identified by sequence similarity; putative.,10.679047,3.3000119,Unclassified,#ff00c3
Plate1_Drawer3 31-Jul-2025 10-11-19,G2,VC_A0171,VC_A0171,Conserved hypothetical protein; Identified by Glimmer2; putative.,9.570561,3.726518,Unclassified,#ff00c3
Plate1_Drawer3 31-Jul-2025 10-11-19,G3,fliJ,VC_2129,"Flagellar protein FliJ, putative; Similar to PID:1071644 SP:P52613 GB:U00096 PID:1736608 PID:1788252; identified by sequence similarity; putative.",10.457816,8.138098,Motility,#ff0004
Plate1_Drawer3 31-Jul-2025 10-11-19,G4,VC_0161,VC_0161,Transcriptional activator IlvY; Similar to GB:L42023 SP:P44821 PID:1005575 PID:1220765 PID:1204932; identified by sequence similarity; putative; Belongs to the LysR transcriptional regulatory family.,7.615343,4.0764008,Unclassified,#ff00c3
Plate1_Drawer3 31-Jul-2025 10-11-19,G5,VC_0405,VC_0405,MSHA biogenesis protein MshE; Similar to PID:791156 PID:791159; identified by sequence similarity; putative.,10.498496,11.058615,Unclassified,#ff00c3
Plate1_Drawer3 31-Jul-2025 10-11-19,G6,VC_1295,VC_1295,Conserved hypothetical protein; Phosphodiesterase (PDE) that catalyzes the hydrolysis of cyclic diguanylate (c-di-GMP) to GMP in vitro. Increases motility and decreases biofilm formation in vivo.,11.127131,12.090019,Unclassified,#ff00c3
Plate1_Drawer3 31-Jul-2025 10-11-19,G7,flgD,VC_2198,Basal-body rod modification protein FlgD; Required for flagellar hook formation. May act as a scaffolding protein.,11.626661,-0.97291493,Motility,#ff0004
Plate1_Drawer3 31-Jul-2025 10-11-19,G8,manC,VC_0241,Mannose-1-phosphate guanylyltransferase; Similar to GB:X59554 SP:Q07024 PID:48383; identified by sequence similarity; putative.,2.1665854,-0.33105728,O-Antigen Biosynthesis,#0096ff
Plate1_Drawer3 31-Jul-2025 10-11-19,H1,flhG,VC_2067,MinD-related protein; Similar to GP:3695013; identified by sequence similarity; putative. MULTIPLE FILAMENTS,2.359948,6.0026574,Motility,#ff0004
Plate1_Drawer3 31-Jul-2025 10-11-19,H10,trpR,VC_0701,"Trp operon repressor, putative; This protein is an aporepressor. When complexed with L- tryptophan it binds the operator region of the trp operon and prevents the initiation of transcription (By similarity).",7.8089514,5.351211,Unclassified,#ff00c3
Plate1_Drawer3 31-Jul-2025 10-11-19,H11,greA,VC_0634,"Transcription elongation factor GreA; Necessary for efficient RNA polymerase transcription elongation past template-encoded arresting sites. The arresting sites in DNA have the property of trapping a certain fraction of elongating RNA polymerases that pass through, resulting in locked ternary complexes. Cleavage of the nascent transcript by cleavage factors such as GreA or GreB allows the resumption of elongation from the new 3'terminus. GreA releases sequences of 2 to 3 nucleotides.",7.6877594,6.4120455,Unclassified,#ff00c3
Plate1_Drawer3 31-Jul-2025 10-11-19,H12,VC_0419,VC_0419,Cytoplasmic axial filament protein; Similar to SP:P25537 PID:48826 PID:606187 GB:U00096 PID:1789645; identified by sequence similarity; putative.,10.426463,9.95988,Unclassified,#ff00c3
Plate1_Drawer3 31-Jul-2025 10-11-19,H2,VC_A0940,VC_A0940,"Transcriptional regulator, DeoR family; Similar to SP:P09392 GB:M96795 PID:146186 PID:606358 GB:U00096; identified by sequence similarity; putative.",11.588181,9.588222,Unclassified,#ff00c3
Plate1_Drawer3 31-Jul-2025 10-11-19,H3,ectA,VC_A0825,"L-2,4-diaminobutyric acid acetyltransferase; Catalyzes the acetylation of L-2,4-diaminobutyrate (DABA) to gamma-N-acetyl-alpha,gamma-diaminobutyric acid (ADABA) with acetyl coenzyme A.",11.042597,9.582748,Unclassified,#ff00c3
Plate1_Drawer3 31-Jul-2025 10-11-19,H4,VC_A0840,VC_A0840,"Deoxycytidylate deaminase, putative; Similar to SP:P33968 GB:X70289 PID:396216; identified by sequence similarity; putative.",11.239453,10.679214,Unclassified,#ff00c3
Plate1_Drawer3 31-Jul-2025 10-11-19,H6,VC_2522,VC_2522,Conserved hypothetical protein; Identified by Glimmer2; putative.,11.251664,10.404245,Unclassified,#ff00c3
Plate1_Drawer3 31-Jul-2025 10-11-19,H7,glmS,VC_0487,"Glucosamine--fructose-6-phosphate aminotransferase (isomerizing); Catalyzes the first step in hexosamine metabolism, converting fructose-6P into glucosamine-6P using glutamine as a nitrogen source.",11.09455,10.342173,Unclassified,#ff00c3
Plate1_Drawer3 31-Jul-2025 10-11-19,H8,manA,VC_0269,Mannose-6-phosphate isomerase; Similar to SP:P25081 GB:X57117 PID:48820; identified by sequence similarity; putative; Belongs to the mannose-6-phosphate isomerase type 1 family.,2.0706837,-0.27355036,O-Antigen Biosynthesis,#0096ff
Plate1_Drawer3 31-Jul-2025 10-11-19,H9,nusB,VC_2267,N utilization substance protein B; Involved in transcription antitermination. Required for transcription of ribosomal RNA (rRNA) genes. Binds specifically to the boxA antiterminator sequence of the ribosomal RNA (rrn) operons.,10.039616,10.625011,Unclassified,#ff00c3
Plate1_Drawer4 02-Oct-2025 11-49-46,A1,ung,VC_2359,uracil-DNA glycosylase; Excises uracil residues from the DNA which can arise as a result of misincorporation of dUMP residues by DNA polymerase or due to deamination of cytosine.,9.687941,5.6180887,Unclassified,#ff00c3
Plate1_Drawer4 02-Oct-2025 11-49-46,A10,VC_1462,VC_1462,RstB2 protein; Similar to GP:2564358; identified by sequence similarity; putative.,8.530886,8.67095,Unclassified,#ff00c3
Plate1_Drawer4 02-Oct-2025 11-49-46,A12,wavA,VC_0223,"ADP-heptose--LPS heptosyltransferase II, putative; Similar to GB:L42023 SP:P44011 PID:1003930 PID:1222457 PID:1204774; identified by sequence similarity; putative.",7.282302,7.649591,O-Antigen Biosynthesis,#0096ff
Plate1_Drawer4 02-Oct-2025 11-49-46,A3,VC_2311,VC_2311,HesA/MoeB/ThiF family protein; Similar to GB:D21145 PID:471103 PID:882707 GB:U00096 SP:Q46927; identified by sequence similarity; putative.,9.861634,4.762494,Unclassified,#ff00c3
Plate1_Drawer4 02-Oct-2025 11-49-46,A4,lipA,VC_0943,"Lipoic acid synthetase; Catalyzes the radical-mediated insertion of two sulfur atoms into the C-6 and C-8 positions of the octanoyl moiety bound to the lipoyl domains of lipoate-dependent enzymes, thereby converting the octanoylated domains into lipoylated derivatives.",4.468001,1.2090611,Pyruvate Flux,#39ff14
Plate1_Drawer4 02-Oct-2025 11-49-46,A5,rsmJ,VC_0073,Conserved hypothetical protein; Specifically methylates the guanosine in position 1516 of 16S rRNA.,9.625685,5.5458183,Unclassified,#ff00c3
Plate1_Drawer4 02-Oct-2025 11-49-46,A6,potC,VC_1426,"Spermidine/putrescine ABC transporter, permease protein; Similar to GB:M64519 SP:P23859 PID:147328 GB:U00096 PID:1651551; identified by sequence similarity; putative.",7.1687684,6.0471497,Polyamine Import,#14f7f0
Plate1_Drawer4 02-Oct-2025 11-49-46,A7,pckA,VC_2738,Phosphoenolpyruvate carboxykinase; Involved in the gluconeogenesis. Catalyzes the conversion of oxaloacetate (OAA) to phosphoenolpyruvate (PEP) through direct phosphoryl transfer between the nucleoside triphosphate and OAA. Belongs to the phosphoenolpyruvate carboxykinase (ATP) family.,8.990798,1.7756515,Unclassified,#ff00c3
Plate1_Drawer4 02-Oct-2025 11-49-46,A8,rluD,VC_0709,"Ribosomal large subunit pseudouridine synthase D; Responsible for synthesis of pseudouridine from uracil at positions 1911, 1915 and 1917 in 23S ribosomal RNA; Belongs to the pseudouridine synthase RluA family.",7.141242,5.853378,Unclassified,#ff00c3
Plate1_Drawer4 02-Oct-2025 11-49-46,B1,flgB,VC_2200,"Flagellar basal-body rod protein FlgB; Structural component of flagellum, the bacterial motility apparatus. Part of the rod structure of flagellar basal body.",6.0275083,1.4682425,Motility,#ff0004
Plate1_Drawer4 02-Oct-2025 11-49-46,B10,flgP,VC_2206,Conserved hypothetical protein; Identified by Glimmer2; putative.,7.9470367,0.42991602,Motility,#ff0004
Plate1_Drawer4 02-Oct-2025 11-49-46,B11,fliQ,VC_2122,Flagellar biosynthetic protein FliQ; Role in flagellar biosynthesis. Belongs to the FliQ/MopD/SpaQ family.,7.077937,0.9441027,Motility,#ff0004
Plate1_Drawer4 02-Oct-2025 11-49-46,B12,argF,VC_2508,Ornithine carbamoyltransferase; Reversibly catalyzes the transfer of the carbamoyl group from carbamoyl phosphate (CP) to the N(epsilon) atom of ornithine (ORN) to produce L-citrulline; Belongs to the aspartate/ornithine carbamoyltransferase superfamily. OTCase family.,9.569492,6.0948286,Unclassified,#ff00c3
Plate1_Drawer4 02-Oct-2025 11-49-46,B2,fliS,VC_2138,Flagellar protein FliS; Similar to GB:U12816 PID:1254205; identified by sequence similarity; putative.,7.0920634,0.7374213,Motility,#ff0004
Plate1_Drawer4 02-Oct-2025 11-49-46,B3,VC_A1081,VC_A1081,Hypothetical protein; Identified by Glimmer2; putative.,7.503795,5.507984,Unclassified,#ff00c3
Plate1_Drawer4 02-Oct-2025 11-49-46,B4,VC_1909,VC_1909,Hypothetical protein; Identified by Glimmer2; putative.,8.262629,8.164242,Unclassified,#ff00c3
Plate1_Drawer4 02-Oct-2025 11-49-46,B5,VC_0449,VC_0449,Methyl-accepting chemotaxis protein; Similar to GB:X61367 PID:48195; identified by sequence similarity; putative.,9.670054,9.740063,Unclassified,#ff00c3
Plate1_Drawer4 02-Oct-2025 11-49-46,B6,VC_1498,VC_1498,Conserved hypothetical protein; Identified by Glimmer2; putative.,6.9830213,5.5515475,Unclassified,#ff00c3
Plate1_Drawer4 02-Oct-2025 11-49-46,B7,VC_2756,VC_2756,Potassium uptake protein TrkH; Low-affinity potassium transport system. Interacts with Trk system potassium uptake protein TrkA; Belongs to the TrkH potassium transport family.,8.030264,9.856249,Unclassified,#ff00c3
Plate1_Drawer4 02-Oct-2025 11-49-46,B8,VC_0113,VC_0113,Methyltransferase-related protein; Similar to SP:P37431 PID:295895; identified by sequence similarity; putative.,8.227929,9.555315,Unclassified,#ff00c3
Plate1_Drawer4 02-Oct-2025 11-49-46,B9,VC_1423,VC_1423,Hypothetical protein; Identified by Glimmer2; putative.,7.362234,5.5565863,Unclassified,#ff00c3
Plate1_Drawer4 02-Oct-2025 11-49-46,C1,VC_A0588,VC_A0588,"Peptide ABC transporter, ATP-binding protein, putative; Similar to SP:P33916 PID:405909 GB:U00096 PID:1736845 PID:1788506; identified by sequence similarity; putative; Belongs to the ABC transporter superfamily.",7.2396517,7.5445237,Unclassified,#ff00c3
Plate1_Drawer4 02-Oct-2025 11-49-46,C10,epsC,VC_2734,"General secretion pathway protein C; Involved in a type II secretion system (T2SS, formerly general secretion pathway, GSP) for the export of proteins (By similarity). Required for secretion of cholera toxin through the outer membrane.",7.7111735,9.527262,Unclassified,#ff00c3
Plate1_Drawer4 02-Oct-2025 11-49-46,C11,proQ,VC_1497,"Conserved hypothetical protein; RNA chaperone with significant RNA binding, RNA strand exchange and RNA duplexing activities; Belongs to the ProQ family.",6.976782,7.054855,Unclassified,#ff00c3
Plate1_Drawer4 02-Oct-2025 11-49-46,C12,VC_2627,VC_2627,DamX-related protein; Similar to SP:P11557 GB:Z19601 PID:41226 PID:43274 PID:606322; identified by sequence similarity; putative.,9.276355,7.8515267,Unclassified,#ff00c3
Plate1_Drawer4 02-Oct-2025 11-49-46,C2,gshB,VC_0468,Glutathione synthetase; Similar to SP:P04425 GB:X01666 PID:41625 PID:882476 GB:U00096; identified by sequence similarity; putative.,4.5465307,1.15784,Unclassified,#ff00c3
Plate1_Drawer4 02-Oct-2025 11-49-46,C3,potB,VC_1427,"Spermidine/putrescine ABC transporter, permease protein; Similar to GB:M64519 SP:P23860 PID:147327 GB:U00096 PID:1651552; identified by sequence similarity; putative.",9.868395,1.6424371,Polyamine Import,#14f7f0
Plate1_Drawer4 02-Oct-2025 11-49-46,C4,flgE,VC_2197,Flagellar hook protein FlgE; Similar to GB:X51737 SP:P16322 GB:X52093 PID:47673; identified by sequence similarity; putative.,6.0403347,1.7710508,Motility,#ff0004
Plate1_Drawer4 02-Oct-2025 11-49-46,C5,glyQ,VC_0021,"glycyl-tRNA synthetase, alpha chain; Similar to SP:P00960 GB:J01622 PID:146222 PID:146225 PID:466698; identified by sequence similarity; putative.",10.328711,8.534647,Unclassified,#ff00c3
Plate1_Drawer4 02-Oct-2025 11-49-46,C6,VC_0462,VC_0462,Twitching motility protein PilT; Similar to SP:P24559 GB:X67095 PID:151490; identified by sequence similarity; putative.,9.783685,10.5199585,Unclassified,#ff00c3
Plate1_Drawer4 02-Oct-2025 11-49-46,C7,flhA,VC_2069,"Flagellar biosynthetic protein FlhA; Required for formation of the rod structure of the flagellar apparatus. Together with FliI and FliH, may constitute the export apparatus of flagellin; Belongs to the FHIPEP (flagella/HR/invasion proteins export pore) family.",10.07102,-1.7917058,Motility,#ff0004
Plate1_Drawer4 02-Oct-2025 11-49-46,C8,VC_0399,VC_0399,MSHA biogenesis protein MshI; Similar to PID:791156 PID:791153; identified by sequence similarity; putative.,9.188919,5.883955,Unclassified,#ff00c3
Plate1_Drawer4 02-Oct-2025 11-49-46,C9,fliD,VC_2140,"Flagellar hook-associated protein FliD; FILAMENT CAP Required for the morphogenesis and for the elongation of the flagellar filament by facilitating polymerization of the flagellin monomers at the tip of growing filament. Forms a capping structure, which prevents flagellin subunits (transported through the central channel of the flagellum) from leaking out without polymerization at the distal end (By similarity).",9.062611,4.9851437,Motility,#ff0004
Plate1_Drawer4 02-Oct-2025 11-49-46,D1,VC_0196,VC_0196,ATP-dependent DNA helicase RecQ; Similar to GB:M87049 SP:P15043 GB:M30198 PID:147559 PID:148221; identified by sequence similarity; putative.,7.8500195,5.9711475,Unclassified,#ff00c3
Plate1_Drawer4 02-Oct-2025 11-49-46,D10,VC_2270,VC_2270,Riboflavin,8.7176695,9.884419,Unclassified,#ff00c3
Plate1_Drawer4 02-Oct-2025 11-49-46,D11,VC_2718; VC_2719,VC_2718; VC_2719,,5.984539,0.50275105,Unclassified,#ff00c3
Plate1_Drawer4 02-Oct-2025 11-49-46,D2,VC_1933,VC_1933,Hypothetical protein; Identified by Glimmer2; putative.,9.59881,4.249426,Unclassified,#ff00c3
Plate1_Drawer4 02-Oct-2025 11-49-46,D3,VC_A0001,VC_A0001,Hypothetical protein; Identified by Glimmer2; putative.,7.175372,5.781604,Unclassified,#ff00c3
Plate1_Drawer4 02-Oct-2025 11-49-46,D4,fadR,VC_1900,Fatty acid metabolism regulator protein; Multifunctional regulator of fatty acid metabolism.,5.0539837,0.7556052,Unclassified,#ff00c3
Plate1_Drawer4 02-Oct-2025 11-49-46,D5,pilC,VC_2425,Type IV pilin biogenesis protein PilC; Involved in the translocation of the type IV pilin; Belongs to the GSP F family.,8.78513,7.2079997,Unclassified,#ff00c3
Plate1_Drawer4 02-Oct-2025 11-49-46,D6,pta,VC_1097,Phosphate acetyltransferase; Involved in acetate metabolism; In the N-terminal section; belongs to the CobB/CobQ family.,8.508668,9.357385,Unclassified,#ff00c3
Plate1_Drawer4 02-Oct-2025 11-49-46,D7,VC_A0800,VC_A0800,creA protein; Similar to SP:P08367 GB:M13608 PID:147249 PID:147691 PID:537237; identified by sequence similarity; putative.,7.4551754,0.7879406,Unclassified,#ff00c3
Plate1_Drawer4 02-Oct-2025 11-49-46,D8,wzt,VC_0247,lipopolysaccharide/O-antigen transport protein; Similar to GB:X59554 PID:48389; identified by sequence similarity; putative.,8.682309,9.959462,O-Antigen Biosynthesis,#0096ff
Plate1_Drawer4 02-Oct-2025 11-49-46,D9,wbeM,VC_0250,Iron-containing alcohol dehydrogenase family protein RfbM; Similar to GB:M26941 SP:P13604 PID:144714; identified by sequence similarity; putative.,8.048913,9.683868,O-Antigen Biosynthesis,#0096ff
Plate1_Drawer4 02-Oct-2025 11-49-46,E1,VC_A0759,VC_A0759,"Arginine ABC transporter, periplasmic arginine-binding protein; Similar to SP:P30859 GB:X67753 GB:X86160 PID:40931 PID:769791; identified by sequence similarity; putative; Belongs to the bacterial solute-binding protein 3 family.",7.915649,9.053524,Unclassified,#ff00c3
Plate1_Drawer4 02-Oct-2025 11-49-46,E11,VC_A0620,VC_A0620,"Thiosulfate sulfurtransferase SseA, putative; Similar to SP:P31142 GB:U00096 PID:1788869 PID:1799924; identified by sequence similarity; putative.",8.204098,8.99725,Unclassified,#ff00c3
Plate1_Drawer4 02-Oct-2025 11-49-46,E12,trmJ,VC_0746,"RNA methyltransferase, TrmH family; Catalyzes the formation of 2'O-methylated cytidine (Cm32) or 2'O-methylated uridine (Um32) at position 32 in tRNA.",8.506914,9.013007,Unclassified,#ff00c3
Plate1_Drawer4 02-Oct-2025 11-49-46,E2,VC_A0785,VC_A0785,GGDEF family protein; Similar to PID:1651932; identified by sequence similarity; putative.,8.479677,3.3074129,Unclassified,#ff00c3
Plate1_Drawer4 02-Oct-2025 11-49-46,E3,fliE,VC_2134,Flagellar hook-basal body complex protein FliE; Similar to PID:2338730; identified by sequence similarity; putative.,6.2834206,1.3798634,Motility,#ff0004
Plate1_Drawer4 02-Oct-2025 11-49-46,E4,VC_1581,VC_1581,"NADH dehydrogenase, putative; Similar to SP:P33607 PID:397909 GB:U00096 PID:1788614 PID:1799638; identified by sequence similarity; putative.",8.84006,8.312379,Unclassified,#ff00c3
Plate1_Drawer4 02-Oct-2025 11-49-46,E5,fliP,VC_2123,Flagellar biosynthetic protein FliP; Plays a role in the flagellum-specific transport system. Belongs to the FliP/MopC/SpaP family.,9.869422,-1.3180346,Motility,#ff0004
Plate1_Drawer4 02-Oct-2025 11-49-46,E6,lpxM,VC_0212,Lipid A biosynthesis (kdo)2-(lauroyl)-lipid IVA acyltransferase; Catalyzes the transfer of myristate from myristoyl-acyl carrier protein (ACP) to Kdo(2)-(lauroyl)-lipid IV(A) to form Kdo(2)- lipid A.,9.476162,3.1720374,O-Antigen Biosynthesis,#0096ff
Plate1_Drawer4 02-Oct-2025 11-49-46,E7,VC_2714,VC_2714,Transcriptional regulator OmpR; Similar to PID:2108342; identified by sequence similarity; putative.,7.653835,8.833144,Unclassified,#ff00c3
Plate1_Drawer4 02-Oct-2025 11-49-46,E9,VC_1154,VC_1154,Hypothetical protein; Identified by Glimmer2; putative.,9.151551,10.27331,Unclassified,#ff00c3
Plate1_Drawer4 02-Oct-2025 11-49-46,F10,cdgJ,VC_0137,Conserved hypothetical protein; Phosphodiesterase (PDE) that catalyzes the hydrolysis of cyclic diguanylate (c-di-GMP). Positively regulates motility and negatively regulates biofilm formation.,9.69783,5.957006,Unclassified,#ff00c3
Plate1_Drawer4 02-Oct-2025 11-49-46,F11,recO,VC_2459,DNA repair protein RecO; Involved in DNA repair and RecF pathway recombination.,8.307625,9.324018,Unclassified,#ff00c3
Plate1_Drawer4 02-Oct-2025 11-49-46,F12,VC_A0999,VC_A0999,"Transcriptional regulator, TetR family; Similar to GB:U00096 PID:1787354; identified by sequence similarity; putative.",8.403761,8.138975,Unclassified,#ff00c3
Plate1_Drawer4 02-Oct-2025 11-49-46,F2,VC_2224,VC_2224,GGDEF family protein; Similar to GB:U00096 PID:1787603; identified by sequence similarity; putative.,9.909138,7.1829524,Unclassified,#ff00c3
Plate1_Drawer4 02-Oct-2025 11-49-46,F3,VC_A1099,VC_A1099,"ABC transporter, permease protein; Similar to SP:P33591 GB:X73143 PID:404846 PID:466613 GB:U00096; identified by sequence similarity; putative.",8.103635,8.9060755,Unclassified,#ff00c3
Plate1_Drawer4 02-Oct-2025 11-49-46,F4,VC_1320,VC_1320,DNA-binding response regulator; Similar to PID:1079807 SP:P52108 GB:U00096 PID:1742647 PID:1742658; identified by sequence similarity; putative.,7.3417163,8.169647,Unclassified,#ff00c3
Plate1_Drawer4 02-Oct-2025 11-49-46,F5,VC_1319,VC_1319,Sensor histidine kinase; Similar to GB:M36795 SP:P08336 GB:X13307 PID:145590 PID:305015; identified by sequence similarity; putative.,7.353916,8.107425,Unclassified,#ff00c3
Plate1_Drawer4 02-Oct-2025 11-49-46,F6,VC_A0536,VC_A0536,Conserved hypothetical protein; Identified by Glimmer2; putative.,7.5333395,7.731816,Unclassified,#ff00c3
Plate1_Drawer4 02-Oct-2025 11-49-46,F7,VC_1414,VC_1414,"Thermostable carboxypeptidase 1; Broad specificity carboxypetidase that releases amino acids sequentially from the C-terminus, including neutral, aromatic, polar and basic residues.",8.336595,10.063431,Unclassified,#ff00c3
Plate1_Drawer4 02-Oct-2025 11-49-46,F8,VC_A0527,VC_A0527,Conserved hypothetical protein; Identified by Glimmer2; putative.,8.468058,9.434303,Unclassified,#ff00c3
Plate1_Drawer4 02-Oct-2025 11-49-46,F9,argH,VC_2641,Argininosuccinate lyase; Similar to SP:P11447 GB:J01590 GB:M21446 PID:145335 PID:396307; identified by sequence similarity; putative.,7.6042447,9.022641,Unclassified,#ff00c3
Plate1_Drawer4 02-Oct-2025 11-49-46,G1,guaB,VC_0767,"Inosine-5`-monophosphate dehydrogenase; Catalyzes the conversion of inosine 5'-phosphate (IMP) to xanthosine 5'-phosphate (XMP), the first committed and rate-limiting step in the de novo synthesis of guanine nucleotides, and therefore plays an important role in the regulation of cell growth. Belongs to the IMPDH/GMPR family.",7.8670626,9.578475,Unclassified,#ff00c3
Plate1_Drawer4 02-Oct-2025 11-49-46,G10,rluE,VC_1140,Pseudouridine synthase family 1 protein; Responsible for synthesis of pseudouridine from uracil-2457 in 23S ribosomal RNA; Belongs to the pseudouridine synthase RsuA family.,9.636694,8.402072,Unclassified,#ff00c3
Plate1_Drawer4 02-Oct-2025 11-49-46,G11,VC_2524,VC_2524,Conserved hypothetical protein; Catalyzes the hydrolysis of 3-deoxy-D-manno-octulosonate 8- phosphate (KDO 8-P) to 3-deoxy-D-manno-octulosonate (KDO) and inorganic phosphate; Belongs to the KdsC family.,9.0150795,8.514496,Unclassified,#ff00c3
Plate1_Drawer4 02-Oct-2025 11-49-46,G12,VC_0900,VC_0900,GGDEF family protein; Similar to PID:1652841; identified by sequence similarity; putative.,9.53702,4.303723,Unclassified,#ff00c3
Plate1_Drawer4 02-Oct-2025 11-49-46,G2,VC_A0171,VC_A0171,Conserved hypothetical protein; Identified by Glimmer2; putative.,8.540712,3.9156399,Unclassified,#ff00c3
Plate1_Drawer4 02-Oct-2025 11-49-46,G3,fliJ,VC_2129,"Flagellar protein FliJ, putative; Similar to PID:1071644 SP:P52613 GB:U00096 PID:1736608 PID:1788252; identified by sequence similarity; putative.",7.2741647,0.98159695,Motility,#ff0004
Plate1_Drawer4 02-Oct-2025 11-49-46,G4,VC_0161,VC_0161,Transcriptional activator IlvY; Similar to GB:L42023 SP:P44821 PID:1005575 PID:1220765 PID:1204932; identified by sequence similarity; putative; Belongs to the LysR transcriptional regulatory family.,7.9992313,6.8839107,Unclassified,#ff00c3
Plate1_Drawer4 02-Oct-2025 11-49-46,G5,VC_0405,VC_0405,MSHA biogenesis protein MshE; Similar to PID:791156 PID:791159; identified by sequence similarity; putative.,7.2895966,7.612049,Unclassified,#ff00c3
Plate1_Drawer4 02-Oct-2025 11-49-46,G6,VC_1295,VC_1295,Conserved hypothetical protein; Phosphodiesterase (PDE) that catalyzes the hydrolysis of cyclic diguanylate (c-di-GMP) to GMP in vitro. Increases motility and decreases biofilm formation in vivo.,7.2632823,8.06704,Unclassified,#ff00c3
Plate1_Drawer4 02-Oct-2025 11-49-46,G8,manC,VC_0241,Mannose-1-phosphate guanylyltransferase; Similar to GB:X59554 SP:Q07024 PID:48383; identified by sequence similarity; putative.,3.88854,-0.18076868,O-Antigen Biosynthesis,#0096ff
Plate1_Drawer4 02-Oct-2025 11-49-46,H1,flhG,VC_2067,MinD-related protein; Similar to GP:3695013; identified by sequence similarity; putative. MULTIPLE FILAMENTS,2.8901107,6.390427,Motility,#ff0004
Plate1_Drawer4 02-Oct-2025 11-49-46,H10,trpR,VC_0701,"Trp operon repressor, putative; This protein is an aporepressor. When complexed with L- tryptophan it binds the operator region of the trp operon and prevents the initiation of transcription (By similarity).",7.894459,8.105955,Unclassified,#ff00c3
Plate1_Drawer4 02-Oct-2025 11-49-46,H11,greA,VC_0634,"Transcription elongation factor GreA; Necessary for efficient RNA polymerase transcription elongation past template-encoded arresting sites. The arresting sites in DNA have the property of trapping a certain fraction of elongating RNA polymerases that pass through, resulting in locked ternary complexes. Cleavage of the nascent transcript by cleavage factors such as GreA or GreB allows the resumption of elongation from the new 3'terminus. GreA releases sequences of 2 to 3 nucleotides.",7.91137,6.6002727,Unclassified,#ff00c3
Plate1_Drawer4 02-Oct-2025 11-49-46,H12,VC_0419,VC_0419,Cytoplasmic axial filament protein; Similar to SP:P25537 PID:48826 PID:606187 GB:U00096 PID:1789645; identified by sequence similarity; putative.,9.505362,7.4728503,Unclassified,#ff00c3
Plate1_Drawer4 02-Oct-2025 11-49-46,H2,VC_A0940,VC_A0940,"Transcriptional regulator, DeoR family; Similar to SP:P09392 GB:M96795 PID:146186 PID:606358 GB:U00096; identified by sequence similarity; putative.",8.928984,3.4741745,Unclassified,#ff00c3
Plate1_Drawer4 02-Oct-2025 11-49-46,H3,ectA,VC_A0825,"L-2,4-diaminobutyric acid acetyltransferase; Catalyzes the acetylation of L-2,4-diaminobutyrate (DABA) to gamma-N-acetyl-alpha,gamma-diaminobutyric acid (ADABA) with acetyl coenzyme A.",7.3192334,7.7620215,Unclassified,#ff00c3
Plate1_Drawer4 02-Oct-2025 11-49-46,H4,VC_A0840,VC_A0840,"Deoxycytidylate deaminase, putative; Similar to SP:P33968 GB:X70289 PID:396216; identified by sequence similarity; putative.",7.1729093,5.5081663,Unclassified,#ff00c3
Plate1_Drawer4 02-Oct-2025 11-49-46,H6,VC_2522,VC_2522,Conserved hypothetical protein; Identified by Glimmer2; putative.,7.797568,7.6307406,Unclassified,#ff00c3
Plate1_Drawer4 02-Oct-2025 11-49-46,H7,glmS,VC_0487,"Glucosamine--fructose-6-phosphate aminotransferase (isomerizing); Catalyzes the first step in hexosamine metabolism, converting fructose-6P into glucosamine-6P using glutamine as a nitrogen source.",7.491758,6.951046,Unclassified,#ff00c3
Plate1_Drawer4 02-Oct-2025 11-49-46,H8,manA,VC_0269,Mannose-6-phosphate isomerase; Similar to SP:P25081 GB:X57117 PID:48820; identified by sequence similarity; putative; Belongs to the mannose-6-phosphate isomerase type 1 family.,3.1632214,-0.39566982,O-Antigen Biosynthesis,#0096ff
Plate1_Drawer4 02-Oct-2025 11-49-46,H9,nusB,VC_2267,N utilization substance protein B; Involved in transcription antitermination. Required for transcription of ribosomal RNA (rRNA) genes. Binds specifically to the boxA antiterminator sequence of the ribosomal RNA (rrn) operons.,7.753172,7.988082,Unclassified,#ff00c3
Plate1_Drawer4 31-Jul-2025 10-59-36,A1,ung,VC_2359,uracil-DNA glycosylase; Excises uracil residues from the DNA which can arise as a result of misincorporation of dUMP residues by DNA polymerase or due to deamination of cytosine.,7.5445313,4.6378474,Unclassified,#ff00c3
Plate1_Drawer4 31-Jul-2025 10-59-36,A10,VC_1462,VC_1462,RstB2 protein; Similar to GP:2564358; identified by sequence similarity; putative.,9.165517,7.623525,Unclassified,#ff00c3
Plate1_Drawer4 31-Jul-2025 10-59-36,A12,wavA,VC_0223,"ADP-heptose--LPS heptosyltransferase II, putative; Similar to GB:L42023 SP:P44011 PID:1003930 PID:1222457 PID:1204774; identified by sequence similarity; putative.",8.5716305,5.4263005,O-Antigen Biosynthesis,#0096ff
Plate1_Drawer4 31-Jul-2025 10-59-36,A2,VC_2453,VC_2453,Sensor histidine kinase/response regulator; Similar to GB:D10888 SP:P26607 PID:216535 PID:882680 GB:U00096; identified by sequence similarity; putative.,9.711827,6.050597,Unclassified,#ff00c3
Plate1_Drawer4 31-Jul-2025 10-59-36,A3,VC_2311,VC_2311,HesA/MoeB/ThiF family protein; Similar to GB:D21145 PID:471103 PID:882707 GB:U00096 SP:Q46927; identified by sequence similarity; putative.,11.153813,6.5232515,Unclassified,#ff00c3
Plate1_Drawer4 31-Jul-2025 10-59-36,A4,lipA,VC_0943,"Lipoic acid synthetase; Catalyzes the radical-mediated insertion of two sulfur atoms into the C-6 and C-8 positions of the octanoyl moiety bound to the lipoyl domains of lipoate-dependent enzymes, thereby converting the octanoylated domains into lipoylated derivatives.",4.979109,1.1255916,Pyruvate Flux,#39ff14
Plate1_Drawer4 31-Jul-2025 10-59-36,A5,rsmJ,VC_0073,Conserved hypothetical protein; Specifically methylates the guanosine in position 1516 of 16S rRNA.,9.129141,9.055965,Unclassified,#ff00c3
Plate1_Drawer4 31-Jul-2025 10-59-36,A6,potC,VC_1426,"Spermidine/putrescine ABC transporter, permease protein; Similar to GB:M64519 SP:P23859 PID:147328 GB:U00096 PID:1651551; identified by sequence similarity; putative.",9.102277,7.4816666,Polyamine Import,#14f7f0
Plate1_Drawer4 31-Jul-2025 10-59-36,A7,pckA,VC_2738,Phosphoenolpyruvate carboxykinase; Involved in the gluconeogenesis. Catalyzes the conversion of oxaloacetate (OAA) to phosphoenolpyruvate (PEP) through direct phosphoryl transfer between the nucleoside triphosphate and OAA. Belongs to the phosphoenolpyruvate carboxykinase (ATP) family.,9.210127,1.515994,Unclassified,#ff00c3
Plate1_Drawer4 31-Jul-2025 10-59-36,A8,rluD,VC_0709,"Ribosomal large subunit pseudouridine synthase D; Responsible for synthesis of pseudouridine from uracil at positions 1911, 1915 and 1917 in 23S ribosomal RNA; Belongs to the pseudouridine synthase RluA family.",9.548765,7.819739,Unclassified,#ff00c3
Plate1_Drawer4 31-Jul-2025 10-59-36,A9,vibB,VC_0771,Vibriobactin-specific isochorismatase; Involved in the biosynthesis of the catechol siderophore vibriobactin. Vibriobactin is a chelating compound involved in transporting iron from the bacterial environment into the cell cytoplasm; Belongs to the isochorismatase family.,5.6493764,2.0723429,Vibriobactin Biosynthesis,#ba17f6
Plate1_Drawer4 31-Jul-2025 10-59-36,B1,flgB,VC_2200,"Flagellar basal-body rod protein FlgB; Structural component of flagellum, the bacterial motility apparatus. Part of the rod structure of flagellar basal body.",10.767784,-1.4982235,Motility,#ff0004
Plate1_Drawer4 31-Jul-2025 10-59-36,B10,flgP,VC_2206,Conserved hypothetical protein; Identified by Glimmer2; putative.,9.275565,1.1580871,Motility,#ff0004
Plate1_Drawer4 31-Jul-2025 10-59-36,B11,fliQ,VC_2122,Flagellar biosynthetic protein FliQ; Role in flagellar biosynthesis. Belongs to the FliQ/MopD/SpaQ family.,9.224397,-1.1653128,Motility,#ff0004
Plate1_Drawer4 31-Jul-2025 10-59-36,B12,argF,VC_2508,Ornithine carbamoyltransferase; Reversibly catalyzes the transfer of the carbamoyl group from carbamoyl phosphate (CP) to the N(epsilon) atom of ornithine (ORN) to produce L-citrulline; Belongs to the aspartate/ornithine carbamoyltransferase superfamily. OTCase family.,9.556471,8.492465,Unclassified,#ff00c3
Plate1_Drawer4 31-Jul-2025 10-59-36,B2,fliS,VC_2138,Flagellar protein FliS; Similar to GB:U12816 PID:1254205; identified by sequence similarity; putative.,10.904636,-2.1962967,Motility,#ff0004
Plate1_Drawer4 31-Jul-2025 10-59-36,B3,VC_A1081,VC_A1081,Hypothetical protein; Identified by Glimmer2; putative.,10.650425,5.5732393,Unclassified,#ff00c3
Plate1_Drawer4 31-Jul-2025 10-59-36,B4,VC_1909,VC_1909,Hypothetical protein; Identified by Glimmer2; putative.,7.434887,6.5181856,Unclassified,#ff00c3
Plate1_Drawer4 31-Jul-2025 10-59-36,B5,VC_0449,VC_0449,Methyl-accepting chemotaxis protein; Similar to GB:X61367 PID:48195; identified by sequence similarity; putative.,9.231155,9.778862,Unclassified,#ff00c3
Plate1_Drawer4 31-Jul-2025 10-59-36,B6,VC_1498,VC_1498,Conserved hypothetical protein; Identified by Glimmer2; putative.,8.385349,6.4616766,Unclassified,#ff00c3
Plate1_Drawer4 31-Jul-2025 10-59-36,B7,VC_2756,VC_2756,Potassium uptake protein TrkH; Low-affinity potassium transport system. Interacts with Trk system potassium uptake protein TrkA; Belongs to the TrkH potassium transport family.,9.159187,4.9503007,Unclassified,#ff00c3
Plate1_Drawer4 31-Jul-2025 10-59-36,B8,VC_0113,VC_0113,Methyltransferase-related protein; Similar to SP:P37431 PID:295895; identified by sequence similarity; putative.,8.7523155,3.6499639,Unclassified,#ff00c3
Plate1_Drawer4 31-Jul-2025 10-59-36,B9,VC_1423,VC_1423,Hypothetical protein; Identified by Glimmer2; putative.,10.655559,8.989465,Unclassified,#ff00c3
Plate1_Drawer4 31-Jul-2025 10-59-36,C1,VC_A0588,VC_A0588,"Peptide ABC transporter, ATP-binding protein, putative; Similar to SP:P33916 PID:405909 GB:U00096 PID:1736845 PID:1788506; identified by sequence similarity; putative; Belongs to the ABC transporter superfamily.",9.994712,10.2983055,Unclassified,#ff00c3
Plate1_Drawer4 31-Jul-2025 10-59-36,C10,epsC,VC_2734,"General secretion pathway protein C; Involved in a type II secretion system (T2SS, formerly general secretion pathway, GSP) for the export of proteins (By similarity). Required for secretion of cholera toxin through the outer membrane.",9.309339,10.361472,Unclassified,#ff00c3
Plate1_Drawer4 31-Jul-2025 10-59-36,C11,proQ,VC_1497,"Conserved hypothetical protein; RNA chaperone with significant RNA binding, RNA strand exchange and RNA duplexing activities; Belongs to the ProQ family.",9.298748,9.748114,Unclassified,#ff00c3
Plate1_Drawer4 31-Jul-2025 10-59-36,C12,VC_2627,VC_2627,DamX-related protein; Similar to SP:P11557 GB:Z19601 PID:41226 PID:43274 PID:606322; identified by sequence similarity; putative.,11.595427,11.93448,Unclassified,#ff00c3
Plate1_Drawer4 31-Jul-2025 10-59-36,C2,gshB,VC_0468,Glutathione synthetase; Similar to SP:P04425 GB:X01666 PID:41625 PID:882476 GB:U00096; identified by sequence similarity; putative.,6.3986893,2.7215059,Unclassified,#ff00c3
Plate1_Drawer4 31-Jul-2025 10-59-36,C3,potB,VC_1427,"Spermidine/putrescine ABC transporter, permease protein; Similar to GB:M64519 SP:P23860 PID:147327 GB:U00096 PID:1651552; identified by sequence similarity; putative.",9.584642,1.550583,Polyamine Import,#14f7f0
Plate1_Drawer4 31-Jul-2025 10-59-36,C4,flgE,VC_2197,Flagellar hook protein FlgE; Similar to GB:X51737 SP:P16322 GB:X52093 PID:47673; identified by sequence similarity; putative.,11.699318,-0.7617675,Motility,#ff0004
Plate1_Drawer4 31-Jul-2025 10-59-36,C5,glyQ,VC_0021,"glycyl-tRNA synthetase, alpha chain; Similar to SP:P00960 GB:J01622 PID:146222 PID:146225 PID:466698; identified by sequence similarity; putative.",9.313742,9.391024,Unclassified,#ff00c3
Plate1_Drawer4 31-Jul-2025 10-59-36,C6,VC_0462,VC_0462,Twitching motility protein PilT; Similar to SP:P24559 GB:X67095 PID:151490; identified by sequence similarity; putative.,8.537774,8.881973,Unclassified,#ff00c3
Plate1_Drawer4 31-Jul-2025 10-59-36,C7,flhA,VC_2069,"Flagellar biosynthetic protein FlhA; Required for formation of the rod structure of the flagellar apparatus. Together with FliI and FliH, may constitute the export apparatus of flagellin; Belongs to the FHIPEP (flagella/HR/invasion proteins export pore) family.",9.413109,-1.1363609,Motility,#ff0004
Plate1_Drawer4 31-Jul-2025 10-59-36,C8,VC_0399,VC_0399,MSHA biogenesis protein MshI; Similar to PID:791156 PID:791153; identified by sequence similarity; putative.,6.4308186,2.3575213,Unclassified,#ff00c3
Plate1_Drawer4 31-Jul-2025 10-59-36,C9,fliD,VC_2140,"Flagellar hook-associated protein FliD; FILAMENT CAP Required for the morphogenesis and for the elongation of the flagellar filament by facilitating polymerization of the flagellin monomers at the tip of growing filament. Forms a capping structure, which prevents flagellin subunits (transported through the central channel of the flagellum) from leaking out without polymerization at the distal end (By similarity).",11.119686,9.54235,Motility,#ff0004
Plate1_Drawer4 31-Jul-2025 10-59-36,D1,VC_0196,VC_0196,ATP-dependent DNA helicase RecQ; Similar to GB:M87049 SP:P15043 GB:M30198 PID:147559 PID:148221; identified by sequence similarity; putative.,8.631834,5.3857865,Unclassified,#ff00c3
Plate1_Drawer4 31-Jul-2025 10-59-36,D10,VC_2270,VC_2270,Riboflavin,6.18956,1.8325233,Unclassified,#ff00c3
Plate1_Drawer4 31-Jul-2025 10-59-36,D11,VC_2718; VC_2719,VC_2718; VC_2719,,4.8234386,-6.0250835,Unclassified,#ff00c3
Plate1_Drawer4 31-Jul-2025 10-59-36,D12,wbeG,VC_0245,rfbG protein; Similar to GB:X59554 PID:48387; identified by sequence similarity; putative.,10.745858,4.763688,O-Antigen Biosynthesis,#0096ff
Plate1_Drawer4 31-Jul-2025 10-59-36,D2,VC_1933,VC_1933,Hypothetical protein; Identified by Glimmer2; putative.,11.179233,6.5567226,Unclassified,#ff00c3
Plate1_Drawer4 31-Jul-2025 10-59-36,D3,VC_A0001,VC_A0001,Hypothetical protein; Identified by Glimmer2; putative.,8.622514,8.899619,Unclassified,#ff00c3
Plate1_Drawer4 31-Jul-2025 10-59-36,D4,fadR,VC_1900,Fatty acid metabolism regulator protein; Multifunctional regulator of fatty acid metabolism.,7.3386016,-0.46785468,Unclassified,#ff00c3
Plate1_Drawer4 31-Jul-2025 10-59-36,D5,pilC,VC_2425,Type IV pilin biogenesis protein PilC; Involved in the translocation of the type IV pilin; Belongs to the GSP F family.,7.315747,7.75094,Unclassified,#ff00c3
Plate1_Drawer4 31-Jul-2025 10-59-36,D6,pta,VC_1097,Phosphate acetyltransferase; Involved in acetate metabolism; In the N-terminal section; belongs to the CobB/CobQ family.,10.86096,11.83975,Unclassified,#ff00c3
Plate1_Drawer4 31-Jul-2025 10-59-36,D7,VC_A0800,VC_A0800,creA protein; Similar to SP:P08367 GB:M13608 PID:147249 PID:147691 PID:537237; identified by sequence similarity; putative.,10.635346,1.9522728,Unclassified,#ff00c3
Plate1_Drawer4 31-Jul-2025 10-59-36,D8,wzt,VC_0247,lipopolysaccharide/O-antigen transport protein; Similar to GB:X59554 PID:48389; identified by sequence similarity; putative.,11.467686,10.820665,O-Antigen Biosynthesis,#0096ff
Plate1_Drawer4 31-Jul-2025 10-59-36,D9,wbeM,VC_0250,Iron-containing alcohol dehydrogenase family protein RfbM; Similar to GB:M26941 SP:P13604 PID:144714; identified by sequence similarity; putative.,10.936408,9.179069,O-Antigen Biosynthesis,#0096ff
Plate1_Drawer4 31-Jul-2025 10-59-36,E1,VC_A0759,VC_A0759,"Arginine ABC transporter, periplasmic arginine-binding protein; Similar to SP:P30859 GB:X67753 GB:X86160 PID:40931 PID:769791; identified by sequence similarity; putative; Belongs to the bacterial solute-binding protein 3 family.",10.818111,9.123482,Unclassified,#ff00c3
Plate1_Drawer4 31-Jul-2025 10-59-36,E10,VC_1887,VC_1887,Hypothetical protein; Identified by Glimmer2; putative.,5.1554832,-6.034539,Unclassified,#ff00c3
Plate1_Drawer4 31-Jul-2025 10-59-36,E11,VC_A0620,VC_A0620,"Thiosulfate sulfurtransferase SseA, putative; Similar to SP:P31142 GB:U00096 PID:1788869 PID:1799924; identified by sequence similarity; putative.",10.329596,11.334244,Unclassified,#ff00c3
Plate1_Drawer4 31-Jul-2025 10-59-36,E12,trmJ,VC_0746,"RNA methyltransferase, TrmH family; Catalyzes the formation of 2'O-methylated cytidine (Cm32) or 2'O-methylated uridine (Um32) at position 32 in tRNA.",10.685859,11.510506,Unclassified,#ff00c3
Plate1_Drawer4 31-Jul-2025 10-59-36,E2,VC_A0785,VC_A0785,GGDEF family protein; Similar to PID:1651932; identified by sequence similarity; putative.,10.317346,3.5879717,Unclassified,#ff00c3
Plate1_Drawer4 31-Jul-2025 10-59-36,E3,fliE,VC_2134,Flagellar hook-basal body complex protein FliE; Similar to PID:2338730; identified by sequence similarity; putative.,10.828165,-2.2180018,Motility,#ff0004
Plate1_Drawer4 31-Jul-2025 10-59-36,E4,VC_1581,VC_1581,"NADH dehydrogenase, putative; Similar to SP:P33607 PID:397909 GB:U00096 PID:1788614 PID:1799638; identified by sequence similarity; putative.",11.040647,10.914005,Unclassified,#ff00c3
Plate1_Drawer4 31-Jul-2025 10-59-36,E5,fliP,VC_2123,Flagellar biosynthetic protein FliP; Plays a role in the flagellum-specific transport system. Belongs to the FliP/MopC/SpaP family.,10.974638,-2.2323906,Motility,#ff0004
Plate1_Drawer4 31-Jul-2025 10-59-36,E6,lpxM,VC_0212,Lipid A biosynthesis (kdo)2-(lauroyl)-lipid IVA acyltransferase; Catalyzes the transfer of myristate from myristoyl-acyl carrier protein (ACP) to Kdo(2)-(lauroyl)-lipid IV(A) to form Kdo(2)- lipid A.,11.123583,3.1830223,O-Antigen Biosynthesis,#0096ff
Plate1_Drawer4 31-Jul-2025 10-59-36,E7,VC_2714,VC_2714,Transcriptional regulator OmpR; Similar to PID:2108342; identified by sequence similarity; putative.,10.967336,12.031477,Unclassified,#ff00c3
Plate1_Drawer4 31-Jul-2025 10-59-36,E9,VC_1154,VC_1154,Hypothetical protein; Identified by Glimmer2; putative.,10.7186365,11.737865,Unclassified,#ff00c3
Plate1_Drawer4 31-Jul-2025 10-59-36,F10,cdgJ,VC_0137,Conserved hypothetical protein; Phosphodiesterase (PDE) that catalyzes the hydrolysis of cyclic diguanylate (c-di-GMP). Positively regulates motility and negatively regulates biofilm formation.,7.0624857,5.5941243,Unclassified,#ff00c3
Plate1_Drawer4 31-Jul-2025 10-59-36,F11,recO,VC_2459,DNA repair protein RecO; Involved in DNA repair and RecF pathway recombination.,11.102543,5.9467063,Unclassified,#ff00c3
Plate1_Drawer4 31-Jul-2025 10-59-36,F12,VC_A0999,VC_A0999,"Transcriptional regulator, TetR family; Similar to GB:U00096 PID:1787354; identified by sequence similarity; putative.",10.0069685,8.460443,Unclassified,#ff00c3
Plate1_Drawer4 31-Jul-2025 10-59-36,F2,VC_2224,VC_2224,GGDEF family protein; Similar to GB:U00096 PID:1787603; identified by sequence similarity; putative.,11.099716,11.85439,Unclassified,#ff00c3
Plate1_Drawer4 31-Jul-2025 10-59-36,F3,VC_A1099,VC_A1099,"ABC transporter, permease protein; Similar to SP:P33591 GB:X73143 PID:404846 PID:466613 GB:U00096; identified by sequence similarity; putative.",10.393141,10.965375,Unclassified,#ff00c3
Plate1_Drawer4 31-Jul-2025 10-59-36,F4,VC_1320,VC_1320,DNA-binding response regulator; Similar to PID:1079807 SP:P52108 GB:U00096 PID:1742647 PID:1742658; identified by sequence similarity; putative.,11.240064,11.96637,Unclassified,#ff00c3
Plate1_Drawer4 31-Jul-2025 10-59-36,F5,VC_1319,VC_1319,Sensor histidine kinase; Similar to GB:M36795 SP:P08336 GB:X13307 PID:145590 PID:305015; identified by sequence similarity; putative.,10.433869,11.550018,Unclassified,#ff00c3
Plate1_Drawer4 31-Jul-2025 10-59-36,F6,VC_A0536,VC_A0536,Conserved hypothetical protein; Identified by Glimmer2; putative.,10.994732,11.16386,Unclassified,#ff00c3
Plate1_Drawer4 31-Jul-2025 10-59-36,F7,VC_1414,VC_1414,"Thermostable carboxypeptidase 1; Broad specificity carboxypetidase that releases amino acids sequentially from the C-terminus, including neutral, aromatic, polar and basic residues.",9.905878,11.049211,Unclassified,#ff00c3
Plate1_Drawer4 31-Jul-2025 10-59-36,F8,VC_A0527,VC_A0527,Conserved hypothetical protein; Identified by Glimmer2; putative.,10.00798,11.396607,Unclassified,#ff00c3
Plate1_Drawer4 31-Jul-2025 10-59-36,F9,argH,VC_2641,Argininosuccinate lyase; Similar to SP:P11447 GB:J01590 GB:M21446 PID:145335 PID:396307; identified by sequence similarity; putative.,10.82708,11.868487,Unclassified,#ff00c3
Plate1_Drawer4 31-Jul-2025 10-59-36,G10,rluE,VC_1140,Pseudouridine synthase family 1 protein; Responsible for synthesis of pseudouridine from uracil-2457 in 23S ribosomal RNA; Belongs to the pseudouridine synthase RsuA family.,9.440632,6.807879,Unclassified,#ff00c3
Plate1_Drawer4 31-Jul-2025 10-59-36,G11,VC_2524,VC_2524,Conserved hypothetical protein; Catalyzes the hydrolysis of 3-deoxy-D-manno-octulosonate 8- phosphate (KDO 8-P) to 3-deoxy-D-manno-octulosonate (KDO) and inorganic phosphate; Belongs to the KdsC family.,8.464914,8.610537,Unclassified,#ff00c3
Plate1_Drawer4 31-Jul-2025 10-59-36,G12,VC_0900,VC_0900,GGDEF family protein; Similar to PID:1652841; identified by sequence similarity; putative.,10.662415,3.6046484,Unclassified,#ff00c3
Plate1_Drawer4 31-Jul-2025 10-59-36,G2,VC_A0171,VC_A0171,Conserved hypothetical protein; Identified by Glimmer2; putative.,10.841504,4.809025,Unclassified,#ff00c3
Plate1_Drawer4 31-Jul-2025 10-59-36,G3,fliJ,VC_2129,"Flagellar protein FliJ, putative; Similar to PID:1071644 SP:P52613 GB:U00096 PID:1736608 PID:1788252; identified by sequence similarity; putative.",10.331031,6.9475555,Motility,#ff0004
Plate1_Drawer4 31-Jul-2025 10-59-36,G4,VC_0161,VC_0161,Transcriptional activator IlvY; Similar to GB:L42023 SP:P44821 PID:1005575 PID:1220765 PID:1204932; identified by sequence similarity; putative; Belongs to the LysR transcriptional regulatory family.,8.669583,4.5745826,Unclassified,#ff00c3
Plate1_Drawer4 31-Jul-2025 10-59-36,G5,VC_0405,VC_0405,MSHA biogenesis protein MshE; Similar to PID:791156 PID:791159; identified by sequence similarity; putative.,10.373572,10.062638,Unclassified,#ff00c3
Plate1_Drawer4 31-Jul-2025 10-59-36,G6,VC_1295,VC_1295,Conserved hypothetical protein; Phosphodiesterase (PDE) that catalyzes the hydrolysis of cyclic diguanylate (c-di-GMP) to GMP in vitro. Increases motility and decreases biofilm formation in vivo.,11.061338,12.076352,Unclassified,#ff00c3
Plate1_Drawer4 31-Jul-2025 10-59-36,G7,flgD,VC_2198,Basal-body rod modification protein FlgD; Required for flagellar hook formation. May act as a scaffolding protein.,11.676267,-0.99221706,Motility,#ff0004
Plate1_Drawer4 31-Jul-2025 10-59-36,G8,manC,VC_0241,Mannose-1-phosphate guanylyltransferase; Similar to GB:X59554 SP:Q07024 PID:48383; identified by sequence similarity; putative.,2.165637,-0.39513138,O-Antigen Biosynthesis,#0096ff
Plate1_Drawer4 31-Jul-2025 10-59-36,H1,flhG,VC_2067,MinD-related protein; Similar to GP:3695013; identified by sequence similarity; putative. MULTIPLE FILAMENTS,2.393622,5.960136,Motility,#ff0004
Plate1_Drawer4 31-Jul-2025 10-59-36,H10,trpR,VC_0701,"Trp operon repressor, putative; This protein is an aporepressor. When complexed with L- tryptophan it binds the operator region of the trp operon and prevents the initiation of transcription (By similarity).",9.403666,4.9917917,Unclassified,#ff00c3
Plate1_Drawer4 31-Jul-2025 10-59-36,H11,greA,VC_0634,"Transcription elongation factor GreA; Necessary for efficient RNA polymerase transcription elongation past template-encoded arresting sites. The arresting sites in DNA have the property of trapping a certain fraction of elongating RNA polymerases that pass through, resulting in locked ternary complexes. Cleavage of the nascent transcript by cleavage factors such as GreA or GreB allows the resumption of elongation from the new 3'terminus. GreA releases sequences of 2 to 3 nucleotides.",8.731731,6.7699933,Unclassified,#ff00c3
Plate1_Drawer4 31-Jul-2025 10-59-36,H12,VC_0419,VC_0419,Cytoplasmic axial filament protein; Similar to SP:P25537 PID:48826 PID:606187 GB:U00096 PID:1789645; identified by sequence similarity; putative.,11.008019,9.553876,Unclassified,#ff00c3
Plate1_Drawer4 31-Jul-2025 10-59-36,H2,VC_A0940,VC_A0940,"Transcriptional regulator, DeoR family; Similar to SP:P09392 GB:M96795 PID:146186 PID:606358 GB:U00096; identified by sequence similarity; putative.",11.14465,6.032403,Unclassified,#ff00c3
Plate1_Drawer4 31-Jul-2025 10-59-36,H3,ectA,VC_A0825,"L-2,4-diaminobutyric acid acetyltransferase; Catalyzes the acetylation of L-2,4-diaminobutyrate (DABA) to gamma-N-acetyl-alpha,gamma-diaminobutyric acid (ADABA) with acetyl coenzyme A.",11.474802,10.514123,Unclassified,#ff00c3
Plate1_Drawer4 31-Jul-2025 10-59-36,H4,VC_A0840,VC_A0840,"Deoxycytidylate deaminase, putative; Similar to SP:P33968 GB:X70289 PID:396216; identified by sequence similarity; putative.",11.21041,9.6074,Unclassified,#ff00c3
Plate1_Drawer4 31-Jul-2025 10-59-36,H6,VC_2522,VC_2522,Conserved hypothetical protein; Identified by Glimmer2; putative.,11.273114,11.351717,Unclassified,#ff00c3
Plate1_Drawer4 31-Jul-2025 10-59-36,H7,glmS,VC_0487,"Glucosamine--fructose-6-phosphate aminotransferase (isomerizing); Catalyzes the first step in hexosamine metabolism, converting fructose-6P into glucosamine-6P using glutamine as a nitrogen source.",10.377943,10.554386,Unclassified,#ff00c3
Plate1_Drawer4 31-Jul-2025 10-59-36,H8,manA,VC_0269,Mannose-6-phosphate isomerase; Similar to SP:P25081 GB:X57117 PID:48820; identified by sequence similarity; putative; Belongs to the mannose-6-phosphate isomerase type 1 family.,2.247502,-0.6934858,O-Antigen Biosynthesis,#0096ff
Plate1_Drawer4 31-Jul-2025 10-59-36,H9,nusB,VC_2267,N utilization substance protein B; Involved in transcription antitermination. Required for transcription of ribosomal RNA (rRNA) genes. Binds specifically to the boxA antiterminator sequence of the ribosomal RNA (rrn) operons.,10.013095,10.208675,Unclassified,#ff00c3
Plate2_Drawer3 02-Oct-2025 11-50-13,A1,flgK,VC_2191,Flagellar hook-associated protein FlgM; Similar to PID:2443633; identified by sequence similarity; putative. HOOK FILSMENT JUNCTION,8.524235,4.2561283,Motility,#ff0004
Plate2_Drawer3 02-Oct-2025 11-50-13,A10,VC_2523,VC_2523,Conserved hypothetical protein; Identified by Glimmer2; putative.,8.804872,8.500499,Unclassified,#ff00c3
Plate2_Drawer3 02-Oct-2025 11-50-13,A11,fliR,VC_2121,Flagellar biosynthetic protein FliR; Role in flagellar biosynthesis. Belongs to the FliR/MopE/SpaR family.,7.273747,0.6419118,Motility,#ff0004
Plate2_Drawer3 02-Oct-2025 11-50-13,A12,argR,VC_0431,Arginine repressor; Regulates arginine biosynthesis genes.,8.089778,6.88942,Unclassified,#ff00c3
Plate2_Drawer3 02-Oct-2025 11-50-13,A2,flrB,VC_2136,Sensory box sensor histidine kinase; Similar to PID:2338728; identified by sequence similarity; putative.,6.5372915,1.2888415,Motility,#ff0004
Plate2_Drawer3 02-Oct-2025 11-50-13,A3,rjg,VC_0264,Conserved hypothetical protein; Identified by Glimmer2; putative.,8.1061535,9.72884,Unclassified,#ff00c3
Plate2_Drawer3 02-Oct-2025 11-50-13,A4,fliA,VC_2066,RNA polymerase sigma factor for flagellar operon FliA; Sigma factors are initiation factors that promote the attachment of RNA polymerase to specific initiation sites and are then released. This sigma factor controls the expression of flagella-related genes; Belongs to the sigma-70 factor family. FliA subfamily.,9.083906,-0.1525334,Motility,#ff0004
Plate2_Drawer3 02-Oct-2025 11-50-13,A5,flgM,VC_2204,"Negative regulator of flagellin synthesis FlgM, putative; Similar to GB:L14437 SP:P39809 PID:451869 PID:1762336 GB:AL009126; identified by sequence similarity; putative.",10.076067,9.694327,Motility,#ff0004
Plate2_Drawer3 02-Oct-2025 11-50-13,A6,flrA,VC_2137,Sigma-54 dependent transcriptional activator; Similar to PID:2338727; identified by sequence similarity; putative.,9.2422905,-0.1417628,Motility,#ff0004
Plate2_Drawer3 02-Oct-2025 11-50-13,A7,VC_1291,VC_1291,Conserved hypothetical protein; Identified by Glimmer2; putative.,9.185629,7.0743856,Unclassified,#ff00c3
Plate2_Drawer3 02-Oct-2025 11-50-13,A8,thiI,VC_0894,"Thiamin biosynthesis protein ThiI; Catalyzes the ATP-dependent transfer of a sulfur to tRNA to produce 4-thiouridine in position 8 of tRNAs, which functions as a near-UV photosensor. Also catalyzes the transfer of sulfur to the sulfur carrier protein ThiS, forming ThiS-thiocarboxylate. This is a step in the synthesis of thiazole, in the thiamine biosynthesis pathway. The sulfur is donated as persulfide by IscS.",5.9452777,2.8417037,Unclassified,#ff00c3
Plate2_Drawer3 02-Oct-2025 11-50-13,A9,flhB,VC_2120,"Flagellar biosynthetic protein FlhB; Required for formation of the rod structure in the basal body of the flagellar apparatus. Together with FliI and FliH, may constitute the export apparatus of flagellin; Belongs to the type III secretion exporter family.",7.541232,0.62962884,Motility,#ff0004
Plate2_Drawer3 02-Oct-2025 11-50-13,B1,aroE,VC_0056,"Shikimate 5-dehydrogenase; Involved in the biosynthesis of the chorismate, which leads to the biosynthesis of aromatic amino acids. Catalyzes the reversible NADPH linked reduction of 3-dehydroshikimate (DHSA) to yield shikimate (SA).",9.97773,10.710368,Unclassified,#ff00c3
Plate2_Drawer3 02-Oct-2025 11-50-13,B10,wbeN,VC_0251,Acyl protein synthase/acyl-CoA reductase RfbN; Similar to GB:X59554 PID:48393; identified by sequence similarity; putative.,8.2548275,9.350189,O-Antigen Biosynthesis,#0096ff
Plate2_Drawer3 02-Oct-2025 11-50-13,B11,wbeL,VC_0249,rfbL protein; Similar to GB:X59554 PID:48391; identified by sequence similarity; putative.,3.4406044,-0.34319675,O-Antigen Biosynthesis,#0096ff
Plate2_Drawer3 02-Oct-2025 11-50-13,B12,pstB1,VC_0726,"Phosphate ABC transporter, ATP-binding protein; Part of the ABC transporter complex PstSACB involved in phosphate import. Responsible for energy coupling to the transport system; Belongs to the ABC transporter superfamily. Phosphate importer (TC 3.A.1.7) family.",8.741334,9.771177,Unclassified,#ff00c3
Plate2_Drawer3 02-Oct-2025 11-50-13,B4,VC_A0146,VC_A0146,Conserved hypothetical protein; Identified by Glimmer2; putative.,8.238127,6.665829,Unclassified,#ff00c3
Plate2_Drawer3 02-Oct-2025 11-50-13,B5,VC_0289,VC_0289,Gluconate utilization system gnt-I transcriptional repressor; Similar to PID:1304069; identified by sequence similarity; putative.,7.6654434,9.258132,Unclassified,#ff00c3
Plate2_Drawer3 02-Oct-2025 11-50-13,B6,VC_A0005,VC_A0005,Hypothetical protein; Identified by Glimmer2; putative.,8.290862,8.109657,Unclassified,#ff00c3
Plate2_Drawer3 02-Oct-2025 11-50-13,B8,mltF,VC_0866,"Transglycosylase, Slt family; Murein-degrading enzyme that degrades murein glycan strands and insoluble, high-molecular weight murein sacculi, with the concomitant formation of a 1,6-anhydromuramoyl product. Lytic transglycosylases (LTs) play an integral role in the metabolism of the peptidoglycan (PG) sacculus. Their lytic action creates space within the PG sacculus to allow for its expansion as well as for the insertion of various structures such as secretion systems and flagella. In the N-terminal section; belongs to the bacterial solute- binding protein 3 family.",7.1551437,4.3968887,Unclassified,#ff00c3
Plate2_Drawer3 02-Oct-2025 11-50-13,B9,VC_A0726,VC_A0726,"Molybdenum ABC transporter, periplasmic molybdenum-binding protein; Similar to GB:L34009 SP:P37329 PID:504498 PID:973214 PID:1147817; identified by sequence similarity; putative.",7.9130545,7.0218577,Unclassified,#ff00c3
Plate2_Drawer3 02-Oct-2025 11-50-13,C1,VC_1885,VC_1885,Hypothetical protein; Identified by Glimmer2; putative.,2.3289428,6.0618443,Unclassified,#ff00c3
Plate2_Drawer3 02-Oct-2025 11-50-13,C10,flgF,VC_2196,Flagellar basal-body rod protein FlgF; Similar to GB:U00096 SP:P75938 PID:1787317; identified by sequence similarity; putative; Belongs to the flagella basal body rod proteins family.,7.779349,0.6030908,Motility,#ff0004
Plate2_Drawer3 02-Oct-2025 11-50-13,C11,VC_2441,VC_2441,Conserved hypothetical protein; Identified by Glimmer2; putative.,7.61917,4.4913964,Unclassified,#ff00c3
Plate2_Drawer3 02-Oct-2025 11-50-13,C12,VC_1710,VC_1710,Conserved hypothetical protein; Identified by Glimmer2; putative.,10.272914,11.066003,Unclassified,#ff00c3
Plate2_Drawer3 02-Oct-2025 11-50-13,C2,aroQ,VC_0297,3-dehydroquinate dehydratase; Catalyzes a trans-dehydration via an enolate intermediate. Belongs to the type-II 3-dehydroquinase family.,10.396063,11.640252,Unclassified,#ff00c3
Plate2_Drawer3 02-Oct-2025 11-50-13,C3,VC_1359,VC_1359,"Amino acid ABC transporter, ATP-binding protein; Similar to PID:1154897; identified by sequence similarity; putative.",5.091559,-4.309775,Unclassified,#ff00c3
Plate2_Drawer3 02-Oct-2025 11-50-13,C4,VC_A0328,VC_A0328,"Biphenyl-2,3-diol 1,2-dioxygenase III-related protein; Similar to GB:X75635 SP:P47233 PID:473121; identified by sequence similarity; putative.",9.426835,8.276139,Unclassified,#ff00c3
Plate2_Drawer3 02-Oct-2025 11-50-13,C5,VC_1350,VC_1350,"Antioxidant, putative; Thiol-specific peroxidase that catalyzes the reduction of hydrogen peroxide and organic hydroperoxides to water and alcohols, respectively. Plays a role in cell protection against oxidative stress by detoxifying peroxides; Belongs to the peroxiredoxin family. Prx5 subfamily.",7.578307,6.343874,Unclassified,#ff00c3
Plate2_Drawer3 02-Oct-2025 11-50-13,C6,manB,VC_0242,Phosphomannomutase; Involved in GDP-mannose biosynthesis which serves as the activated sugar nucleotide precursor for mannose residues in cell surface polysaccharides; Belongs to the phosphohexose mutase family.,7.901344,6.09209,O-Antigen Biosynthesis,#0096ff
Plate2_Drawer3 02-Oct-2025 11-50-13,C7,mrcA,VC_2635,Penicillin-binding protein 1A; Cell wall formation. Synthesis of cross-linked peptidoglycan from the lipid intermediates. The enzyme has a penicillin-insensitive transglycosylase N-terminal domain (formation of linear glycan strands) and a penicillin-sensitive transpeptidase C-terminal domain (cross- linking of the peptide subunits).,7.028841,1.0927359,Unclassified,#ff00c3
Plate2_Drawer3 02-Oct-2025 11-50-13,C8,VC_A0079,VC_A0079,Conserved hypothetical protein; Identified by Glimmer2; putative.,8.737776,0.23873162,Unclassified,#ff00c3
Plate2_Drawer3 02-Oct-2025 11-50-13,C9,potA,VC_1428,"Spermidine/putrescine ABC transporter, ATP-binding protein; Part of the ABC transporter complex PotABCD involved in spermidine/putrescine import. Responsible for energy coupling to the transport system; Belongs to the ABC transporter superfamily. Spermidine/putrescine importer (TC 3.A.1.11.1) family.",10.14462,1.8544159,Polyamine Import,#14f7f0
Plate2_Drawer3 02-Oct-2025 11-50-13,D1,VC_A0340,VC_A0340,Hypothetical protein; Identified by Glimmer2; putative.,9.181002,9.672317,Unclassified,#ff00c3
Plate2_Drawer3 02-Oct-2025 11-50-13,D10,bioD,VC_1115,"Dethiobiotin synthetase; Catalyzes a mechanistically unusual reaction, the ATP- dependent insertion of CO2 between the N7 and N8 nitrogen atoms of 7,8- diaminopelargonic acid (DAPA) to form an ureido ring.",5.885947,0.58598757,Biotin Biosynthesis,#ff9f1c
Plate2_Drawer3 02-Oct-2025 11-50-13,D11,flaA,VC_2188,Flagellin core protein A; Flagellin is the subunit protein which polymerizes to form the filaments of bacterial flagella. FlaA is required to form a core or scaffold into which the other flagellins are inserted to provide structural integrity. Essential for flagellar synthesis and motility; important for full virulence.,5.8779974,0.696464,Motility,#ff0004
Plate2_Drawer3 02-Oct-2025 11-50-13,D12,wavL,VC_0239,Conserved hypothetical protein; Identified by Glimmer2; putative.,3.8467479,-0.24230488,O-Antigen Biosynthesis,#0096ff
Plate2_Drawer3 02-Oct-2025 11-50-13,D2,VC_0745,VC_0745,Inositol monophosphate family protein; Similar to GB:M34828 SP:P22783 PID:147899 GB:U00096 PID:1788882; identified by sequence similarity; putative; Belongs to the inositol monophosphatase superfamily.,7.2900434,3.045743,Unclassified,#ff00c3
Plate2_Drawer3 02-Oct-2025 11-50-13,D3,VC_2485,VC_2485,"Transcriptional regulator, LysR family; Similar to GB:D10483 SP:P10151 GB:M21150 PID:1128961 PID:146605; identified by sequence similarity; putative; Belongs to the LysR transcriptional regulatory family.",9.661245,5.253612,Unclassified,#ff00c3
Plate2_Drawer3 02-Oct-2025 11-50-13,D4,rimO,VC_2620,Conserved hypothetical protein; Catalyzes the methylthiolation of an aspartic acid residue of ribosomal protein S12; Belongs to the methylthiotransferase family. RimO subfamily.,9.111117,10.39787,Unclassified,#ff00c3
Plate2_Drawer3 02-Oct-2025 11-50-13,D5,bioA,VC_1111,"Adenosylmethionine-8-amino-7-oxononanoate aminotransferase; Catalyzes the transfer of the alpha-amino group from S- adenosyl-L-methionine (SAM) to 7-keto-8-aminopelargonic acid (KAPA) to form 7,8-diaminopelargonic acid (DAPA). It is the only animotransferase known to utilize SAM as an amino donor; Belongs to the class-III pyridoxal-phosphate-dependent aminotransferase family. BioA subfamily.",6.0852036,0.5414584,Biotin Biosynthesis,#ff9f1c
Plate2_Drawer3 02-Oct-2025 11-50-13,D6,wbeT,VC_0259,Lipopolysaccharide biosynthesis protein RfbV; Similar to GB:X59554 PID:48400 PID:1929424; identified by sequence similarity; putative.,4.810346,-4.079236,O-Antigen Biosynthesis,#0096ff
Plate2_Drawer3 02-Oct-2025 11-50-13,D7,VC_0929,VC_0929,Hypothetical protein; Identified by Glimmer2; putative.,9.163374,5.4334736,Unclassified,#ff00c3
Plate2_Drawer3 02-Oct-2025 11-50-13,D8,flgT,VC_2208,Hypothetical protein; Identified by Glimmer2; putative.,7.719716,0.70652753,Motility,#ff0004
Plate2_Drawer3 02-Oct-2025 11-50-13,D9,glyA1,VC_0941,"Serine hydroxymethyltransferase; Catalyzes the reversible interconversion of serine and glycine with tetrahydrofolate (THF) serving as the one-carbon carrier. This reaction serves as the major source of one-carbon groups required for the biosynthesis of purines, thymidylate, methionine, and other important biomolecules. Also exhibits THF-independent aldolase activity toward beta-hydroxyamino acids, producing glycine and aldehydes, via a retro-aldol mechanism.",6.163283,1.5520103,Unclassified,#ff00c3
Plate2_Drawer3 02-Oct-2025 11-50-13,E1,VC_1003,VC_1003,Bacteriocin production protein; Similar to GB:J01666 SP:P08550 PID:146367 PID:147415 GB:U00096; identified by sequence similarity; putative.,5.102152,0.5850762,Unclassified,#ff00c3
Plate2_Drawer3 02-Oct-2025 11-50-13,E10,flgA,VC_2203,"Flagellar protein, putative; Similar to PID:1272364; identified by sequence similarity; putative.",8.600137,4.3574843,Motility,#ff0004
Plate2_Drawer3 02-Oct-2025 11-50-13,E11,VC_A0187,VC_A0187,Hypothetical protein; Identified by Glimmer2; putative.,10.201518,9.390796,Unclassified,#ff00c3
Plate2_Drawer3 02-Oct-2025 11-50-13,E12,VC_1652,VC_1652,Response regulator VieA; Similar to GP:3123891; identified by sequence similarity; putative.,10.697429,11.729218,Unclassified,#ff00c3
Plate2_Drawer3 02-Oct-2025 11-50-13,E2,fliL,VC_2130,Flagellum-specific ATP synthase FliI; Similar to PID:1071643 SP:P52612 GB:U00096 PID:1736607 PID:1788251; identified by sequence similarity; putative.,9.224893,-0.95434445,Motility,#ff0004
Plate2_Drawer3 02-Oct-2025 11-50-13,E3,pdhE2,VC_2413,"Pyruvate dehydrogenase, E2 component, dihydrolipoamide acetyltransferase; The pyruvate dehydrogenase complex catalyzes the overall conversion of pyruvate to acetyl-CoA and CO(2).",5.073627,1.0478411,Pyruvate Flux,#39ff14
Plate2_Drawer3 02-Oct-2025 11-50-13,E4,VC_0134,VC_0134,Conserved hypothetical protein; Identified by Glimmer2; putative.,8.6957245,9.145858,Unclassified,#ff00c3
Plate2_Drawer3 02-Oct-2025 11-50-13,E5,grx,VC_1146,Glutaredoxin 1; Has a glutathione-disulfide oxidoreductase activity in the presence of NADPH and glutathione reductase. Reduces low molecular weight disulfides and proteins (By similarity).,8.555525,9.476226,Unclassified,#ff00c3
Plate2_Drawer3 02-Oct-2025 11-50-13,E6,cheW,VC_2059,Purine-binding chemotaxis protein CheW; Similar to GB:M13462 SP:P07365 PID:145520 GB:U00096 PID:1736540; identified by sequence similarity; putative.,8.447381,6.454364,Motility,#ff0004
Plate2_Drawer3 02-Oct-2025 11-50-13,E7,nfuA,VC_2720,"Conserved hypothetical protein; Involved in iron-sulfur cluster biogenesis. Binds a 4Fe-4S cluster, can transfer this cluster to apoproteins, and thereby intervenes in the maturation of Fe/S proteins. Could also act as a scaffold/chaperone for damaged Fe/S proteins.",6.367605,2.5072222,Unclassified,#ff00c3
Plate2_Drawer3 02-Oct-2025 11-50-13,E8,groS2,VC_A0819,"Chaperonin, 10 Kd subunit; Binds to Cpn60 in the presence of Mg-ATP and suppresses the ATPase activity of the latter.",7.105739,7.641166,Unclassified,#ff00c3
Plate2_Drawer3 02-Oct-2025 11-50-13,E9,potD1,VC_1424,"Spermidine/putrescine ABC transporter, periplasmic spermidine/putrescine-binding protein; Required for the activity of the bacterial periplasmic transport system of putrescine; Belongs to the bacterial solute-binding protein PotD/PotF family.",9.9802265,1.8646492,Polyamine Import,#14f7f0
Plate2_Drawer3 02-Oct-2025 11-50-13,F1,bioF,VC_1113,"8-amino-7-oxononanoate synthase; Catalyzes the decarboxylative condensation of pimeloyl-[acyl- carrier protein] and L-alanine to produce 8-amino-7-oxononanoate (AON), [acyl-carrier protein], and carbon dioxide.",5.4709253,0.68868715,Biotin Biosynthesis,#ff9f1c
Plate2_Drawer3 02-Oct-2025 11-50-13,F10,WT,WT,,8.107781,9.808986,WT,#000000
Plate2_Drawer3 02-Oct-2025 11-50-13,F2,flgO,VC_2207,Hypothetical protein; Identified by Glimmer2; putative.,10.238249,2.0383291,Motility,#ff0004
Plate2_Drawer3 02-Oct-2025 11-50-13,F3,hslO,VC_2736,Conserved hypothetical protein; Redox regulated molecular chaperone. Protects both thermally unfolding and oxidatively damaged proteins from irreversible aggregation. Plays an important role in the bacterial defense system toward oxidative stress.,9.6179,8.584563,Unclassified,#ff00c3
Plate2_Drawer3 02-Oct-2025 11-50-13,F4,bioC,VC_1114,Biotin synthesis protein BioC; Converts the free carboxyl group of a malonyl-thioester to its methyl ester by transfer of a methyl group from S-adenosyl-L- methionine (SAM). It allows to synthesize pimeloyl-ACP via the fatty acid synthetic pathway.,5.989153,0.59695244,Biotin Biosynthesis,#ff9f1c
Plate2_Drawer3 02-Oct-2025 11-50-13,F5,dnaN,VC_0013,"DNA polymerase III, beta chain; Confers DNA tethering and processivity to DNA polymerases and other proteins. Acts as a clamp, forming a ring around DNA (a reaction catalyzed by the clamp-loading complex) which diffuses in an ATP- independent manner freely and bidirectionally along dsDNA. Initially characterized for its ability to contact the catalytic subunit of DNA polymerase III (Pol III), a complex, multichain enzyme responsible for most of the replicative synthesis in bacteria; Pol III exhibits 3'-5' exonuclease proofreading activity. The beta chain is required for initiation of r [...] ",8.638671,8.768455,Unclassified,#ff00c3
Plate2_Drawer3 02-Oct-2025 11-50-13,F6,mutH,VC_0668,DNA mismatch repair protein MutH; Sequence-specific endonuclease that cleaves unmethylated GATC sequences. It is involved in DNA mismatch repair; Belongs to the MutH family.,8.784665,8.706233,Unclassified,#ff00c3
Plate2_Drawer3 02-Oct-2025 11-50-13,F7,pabC,VC_2018,"4-amino-4-deoxychorismate lyase; Involved in the biosynthesis of p-aminobenzoate (PABA), a precursor of tetrahydrofolate. Converts 4-amino-4-deoxychorismate into 4-aminobenzoate (PABA) and pyruvate (By similarity).",7.440815,6.617731,Unclassified,#ff00c3
Plate2_Drawer3 02-Oct-2025 11-50-13,F8,lexA,VC_0092,"LexA repressor; Represses a number of genes involved in the response to DNA damage (SOS response), including recA and lexA. In the presence of single-stranded DNA, RecA interacts with LexA causing an autocatalytic cleavage which disrupts the DNA-binding part of LexA, leading to derepression of the SOS regulon and eventually DNA repair.",6.1116667,2.0490649,Unclassified,#ff00c3
Plate2_Drawer3 02-Oct-2025 11-50-13,F9,VC_2271,VC_2271,"Riboflavin-specific deaminase; Converts 2,5-diamino-6-(ribosylamino)-4(3h)-pyrimidinone 5'- phosphate into 5-amino-6-(ribosylamino)-2,4(1h,3h)-pyrimidinedione 5'- phosphate; In the C-terminal section; belongs to the HTP reductase family.",10.535332,8.357754,Unclassified,#ff00c3
Plate2_Drawer5 02-Oct-2025 12-04-35,A1,flgK,VC_2191,Flagellar hook-associated protein FlgM; Similar to PID:2443633; identified by sequence similarity; putative. HOOK FILSMENT JUNCTION,7.482938,5.71416,Motility,#ff0004
Plate2_Drawer5 02-Oct-2025 12-04-35,A10,VC_2523,VC_2523,Conserved hypothetical protein; Identified by Glimmer2; putative.,8.404496,8.493705,Unclassified,#ff00c3
Plate2_Drawer5 02-Oct-2025 12-04-35,A11,fliR,VC_2121,Flagellar biosynthetic protein FliR; Role in flagellar biosynthesis. Belongs to the FliR/MopE/SpaR family.,7.1222353,0.6233427,Motility,#ff0004
Plate2_Drawer5 02-Oct-2025 12-04-35,A12,argR,VC_0431,Arginine repressor; Regulates arginine biosynthesis genes.,7.0114784,5.6954494,Unclassified,#ff00c3
Plate2_Drawer5 02-Oct-2025 12-04-35,A2,flrB,VC_2136,Sensory box sensor histidine kinase; Similar to PID:2338728; identified by sequence similarity; putative.,6.576249,1.4838457,Motility,#ff0004
Plate2_Drawer5 02-Oct-2025 12-04-35,A3,rjg,VC_0264,Conserved hypothetical protein; Identified by Glimmer2; putative.,8.1176,9.6684265,Unclassified,#ff00c3
Plate2_Drawer5 02-Oct-2025 12-04-35,A4,fliA,VC_2066,RNA polymerase sigma factor for flagellar operon FliA; Sigma factors are initiation factors that promote the attachment of RNA polymerase to specific initiation sites and are then released. This sigma factor controls the expression of flagella-related genes; Belongs to the sigma-70 factor family. FliA subfamily.,8.946923,0.13575907,Motility,#ff0004
Plate2_Drawer5 02-Oct-2025 12-04-35,A5,flgM,VC_2204,"Negative regulator of flagellin synthesis FlgM, putative; Similar to GB:L14437 SP:P39809 PID:451869 PID:1762336 GB:AL009126; identified by sequence similarity; putative.",7.998196,8.266653,Motility,#ff0004
Plate2_Drawer5 02-Oct-2025 12-04-35,A6,flrA,VC_2137,Sigma-54 dependent transcriptional activator; Similar to PID:2338727; identified by sequence similarity; putative.,9.050075,-0.04139961,Motility,#ff0004
Plate2_Drawer5 02-Oct-2025 12-04-35,A7,VC_1291,VC_1291,Conserved hypothetical protein; Identified by Glimmer2; putative.,10.154414,9.174067,Unclassified,#ff00c3
Plate2_Drawer5 02-Oct-2025 12-04-35,A8,thiI,VC_0894,"Thiamin biosynthesis protein ThiI; Catalyzes the ATP-dependent transfer of a sulfur to tRNA to produce 4-thiouridine in position 8 of tRNAs, which functions as a near-UV photosensor. Also catalyzes the transfer of sulfur to the sulfur carrier protein ThiS, forming ThiS-thiocarboxylate. This is a step in the synthesis of thiazole, in the thiamine biosynthesis pathway. The sulfur is donated as persulfide by IscS.",5.9332547,2.8978324,Unclassified,#ff00c3
Plate2_Drawer5 02-Oct-2025 12-04-35,A9,flhB,VC_2120,"Flagellar biosynthetic protein FlhB; Required for formation of the rod structure in the basal body of the flagellar apparatus. Together with FliI and FliH, may constitute the export apparatus of flagellin; Belongs to the type III secretion exporter family.",7.302653,0.7362958,Motility,#ff0004
Plate2_Drawer5 02-Oct-2025 12-04-35,B1,aroE,VC_0056,"Shikimate 5-dehydrogenase; Involved in the biosynthesis of the chorismate, which leads to the biosynthesis of aromatic amino acids. Catalyzes the reversible NADPH linked reduction of 3-dehydroshikimate (DHSA) to yield shikimate (SA).",8.356903,9.398077,Unclassified,#ff00c3
Plate2_Drawer5 02-Oct-2025 12-04-35,B10,wbeN,VC_0251,Acyl protein synthase/acyl-CoA reductase RfbN; Similar to GB:X59554 PID:48393; identified by sequence similarity; putative.,8.65026,9.385476,O-Antigen Biosynthesis,#0096ff
Plate2_Drawer5 02-Oct-2025 12-04-35,B11,wbeL,VC_0249,rfbL protein; Similar to GB:X59554 PID:48391; identified by sequence similarity; putative.,3.802728,-0.2538987,O-Antigen Biosynthesis,#0096ff
Plate2_Drawer5 02-Oct-2025 12-04-35,B12,pstB1,VC_0726,"Phosphate ABC transporter, ATP-binding protein; Part of the ABC transporter complex PstSACB involved in phosphate import. Responsible for energy coupling to the transport system; Belongs to the ABC transporter superfamily. Phosphate importer (TC 3.A.1.7) family.",8.182126,8.449118,Unclassified,#ff00c3
Plate2_Drawer5 02-Oct-2025 12-04-35,B4,VC_A0146,VC_A0146,Conserved hypothetical protein; Identified by Glimmer2; putative.,7.830511,5.845214,Unclassified,#ff00c3
Plate2_Drawer5 02-Oct-2025 12-04-35,B5,VC_0289,VC_0289,Gluconate utilization system gnt-I transcriptional repressor; Similar to PID:1304069; identified by sequence similarity; putative.,8.605124,9.378068,Unclassified,#ff00c3
Plate2_Drawer5 02-Oct-2025 12-04-35,B6,VC_A0005,VC_A0005,Hypothetical protein; Identified by Glimmer2; putative.,7.3009768,6.8710494,Unclassified,#ff00c3
Plate2_Drawer5 02-Oct-2025 12-04-35,B8,mltF,VC_0866,"Transglycosylase, Slt family; Murein-degrading enzyme that degrades murein glycan strands and insoluble, high-molecular weight murein sacculi, with the concomitant formation of a 1,6-anhydromuramoyl product. Lytic transglycosylases (LTs) play an integral role in the metabolism of the peptidoglycan (PG) sacculus. Their lytic action creates space within the PG sacculus to allow for its expansion as well as for the insertion of various structures such as secretion systems and flagella. In the N-terminal section; belongs to the bacterial solute- binding protein 3 family.",7.1385913,4.5372,Unclassified,#ff00c3
Plate2_Drawer5 02-Oct-2025 12-04-35,B9,VC_A0726,VC_A0726,"Molybdenum ABC transporter, periplasmic molybdenum-binding protein; Similar to GB:L34009 SP:P37329 PID:504498 PID:973214 PID:1147817; identified by sequence similarity; putative.",7.643793,5.933911,Unclassified,#ff00c3
Plate2_Drawer5 02-Oct-2025 12-04-35,C1,VC_1885,VC_1885,Hypothetical protein; Identified by Glimmer2; putative.,2.3499992,6.031249,Unclassified,#ff00c3
Plate2_Drawer5 02-Oct-2025 12-04-35,C10,flgF,VC_2196,Flagellar basal-body rod protein FlgF; Similar to GB:U00096 SP:P75938 PID:1787317; identified by sequence similarity; putative; Belongs to the flagella basal body rod proteins family.,8.520679,0.15866221,Motility,#ff0004
Plate2_Drawer5 02-Oct-2025 12-04-35,C11,VC_2441,VC_2441,Conserved hypothetical protein; Identified by Glimmer2; putative.,7.4702935,4.2681932,Unclassified,#ff00c3
Plate2_Drawer5 02-Oct-2025 12-04-35,C12,VC_1710,VC_1710,Conserved hypothetical protein; Identified by Glimmer2; putative.,8.865302,10.027509,Unclassified,#ff00c3
Plate2_Drawer5 02-Oct-2025 12-04-35,C2,aroQ,VC_0297,3-dehydroquinate dehydratase; Catalyzes a trans-dehydration via an enolate intermediate. Belongs to the type-II 3-dehydroquinase family.,8.979817,10.318107,Unclassified,#ff00c3
Plate2_Drawer5 02-Oct-2025 12-04-35,C3,VC_1359,VC_1359,"Amino acid ABC transporter, ATP-binding protein; Similar to PID:1154897; identified by sequence similarity; putative.",5.109233,-4.4164453,Unclassified,#ff00c3
Plate2_Drawer5 02-Oct-2025 12-04-35,C4,VC_A0328,VC_A0328,"Biphenyl-2,3-diol 1,2-dioxygenase III-related protein; Similar to GB:X75635 SP:P47233 PID:473121; identified by sequence similarity; putative.",9.458254,8.097844,Unclassified,#ff00c3
Plate2_Drawer5 02-Oct-2025 12-04-35,C5,VC_1350,VC_1350,"Antioxidant, putative; Thiol-specific peroxidase that catalyzes the reduction of hydrogen peroxide and organic hydroperoxides to water and alcohols, respectively. Plays a role in cell protection against oxidative stress by detoxifying peroxides; Belongs to the peroxiredoxin family. Prx5 subfamily.",6.757295,6.0243807,Unclassified,#ff00c3
Plate2_Drawer5 02-Oct-2025 12-04-35,C6,manB,VC_0242,Phosphomannomutase; Involved in GDP-mannose biosynthesis which serves as the activated sugar nucleotide precursor for mannose residues in cell surface polysaccharides; Belongs to the phosphohexose mutase family.,8.33061,5.2732997,O-Antigen Biosynthesis,#0096ff
Plate2_Drawer5 02-Oct-2025 12-04-35,C7,mrcA,VC_2635,Penicillin-binding protein 1A; Cell wall formation. Synthesis of cross-linked peptidoglycan from the lipid intermediates. The enzyme has a penicillin-insensitive transglycosylase N-terminal domain (formation of linear glycan strands) and a penicillin-sensitive transpeptidase C-terminal domain (cross- linking of the peptide subunits).,5.9234357,1.3103939,Unclassified,#ff00c3
Plate2_Drawer5 02-Oct-2025 12-04-35,C8,VC_A0079,VC_A0079,Conserved hypothetical protein; Identified by Glimmer2; putative.,8.378549,0.185419,Unclassified,#ff00c3
Plate2_Drawer5 02-Oct-2025 12-04-35,C9,potA,VC_1428,"Spermidine/putrescine ABC transporter, ATP-binding protein; Part of the ABC transporter complex PotABCD involved in spermidine/putrescine import. Responsible for energy coupling to the transport system; Belongs to the ABC transporter superfamily. Spermidine/putrescine importer (TC 3.A.1.11.1) family.",9.292443,1.4929852,Polyamine Import,#14f7f0
Plate2_Drawer5 02-Oct-2025 12-04-35,D1,VC_A0340,VC_A0340,Hypothetical protein; Identified by Glimmer2; putative.,9.440889,9.618159,Unclassified,#ff00c3
Plate2_Drawer5 02-Oct-2025 12-04-35,D10,bioD,VC_1115,"Dethiobiotin synthetase; Catalyzes a mechanistically unusual reaction, the ATP- dependent insertion of CO2 between the N7 and N8 nitrogen atoms of 7,8- diaminopelargonic acid (DAPA) to form an ureido ring.",5.961825,0.5257249,Biotin Biosynthesis,#ff9f1c
Plate2_Drawer5 02-Oct-2025 12-04-35,D11,flaA,VC_2188,Flagellin core protein A; Flagellin is the subunit protein which polymerizes to form the filaments of bacterial flagella. FlaA is required to form a core or scaffold into which the other flagellins are inserted to provide structural integrity. Essential for flagellar synthesis and motility; important for full virulence.,6.0308266,1.1075908,Motility,#ff0004
Plate2_Drawer5 02-Oct-2025 12-04-35,D12,wavL,VC_0239,Conserved hypothetical protein; Identified by Glimmer2; putative.,3.9323335,-0.18254915,O-Antigen Biosynthesis,#0096ff
Plate2_Drawer5 02-Oct-2025 12-04-35,D2,VC_0745,VC_0745,Inositol monophosphate family protein; Similar to GB:M34828 SP:P22783 PID:147899 GB:U00096 PID:1788882; identified by sequence similarity; putative; Belongs to the inositol monophosphatase superfamily.,6.953066,3.1692376,Unclassified,#ff00c3
Plate2_Drawer5 02-Oct-2025 12-04-35,D3,VC_2485,VC_2485,"Transcriptional regulator, LysR family; Similar to GB:D10483 SP:P10151 GB:M21150 PID:1128961 PID:146605; identified by sequence similarity; putative; Belongs to the LysR transcriptional regulatory family.",8.736219,5.243317,Unclassified,#ff00c3
Plate2_Drawer5 02-Oct-2025 12-04-35,D4,rimO,VC_2620,Conserved hypothetical protein; Catalyzes the methylthiolation of an aspartic acid residue of ribosomal protein S12; Belongs to the methylthiotransferase family. RimO subfamily.,7.8869276,8.702814,Unclassified,#ff00c3
Plate2_Drawer5 02-Oct-2025 12-04-35,D5,bioA,VC_1111,"Adenosylmethionine-8-amino-7-oxononanoate aminotransferase; Catalyzes the transfer of the alpha-amino group from S- adenosyl-L-methionine (SAM) to 7-keto-8-aminopelargonic acid (KAPA) to form 7,8-diaminopelargonic acid (DAPA). It is the only animotransferase known to utilize SAM as an amino donor; Belongs to the class-III pyridoxal-phosphate-dependent aminotransferase family. BioA subfamily.",5.8526263,0.5111337,Biotin Biosynthesis,#ff9f1c
Plate2_Drawer5 02-Oct-2025 12-04-35,D6,wbeT,VC_0259,Lipopolysaccharide biosynthesis protein RfbV; Similar to GB:X59554 PID:48400 PID:1929424; identified by sequence similarity; putative.,4.8154445,-3.9951634,O-Antigen Biosynthesis,#0096ff
Plate2_Drawer5 02-Oct-2025 12-04-35,D7,VC_0929,VC_0929,Hypothetical protein; Identified by Glimmer2; putative.,8.646617,5.630406,Unclassified,#ff00c3
Plate2_Drawer5 02-Oct-2025 12-04-35,D8,flgT,VC_2208,Hypothetical protein; Identified by Glimmer2; putative.,8.802683,0.099563286,Motility,#ff0004
Plate2_Drawer5 02-Oct-2025 12-04-35,D9,glyA1,VC_0941,"Serine hydroxymethyltransferase; Catalyzes the reversible interconversion of serine and glycine with tetrahydrofolate (THF) serving as the one-carbon carrier. This reaction serves as the major source of one-carbon groups required for the biosynthesis of purines, thymidylate, methionine, and other important biomolecules. Also exhibits THF-independent aldolase activity toward beta-hydroxyamino acids, producing glycine and aldehydes, via a retro-aldol mechanism.",6.2024126,1.6240759,Unclassified,#ff00c3
Plate2_Drawer5 02-Oct-2025 12-04-35,E1,VC_1003,VC_1003,Bacteriocin production protein; Similar to GB:J01666 SP:P08550 PID:146367 PID:147415 GB:U00096; identified by sequence similarity; putative.,5.0579205,0.565159,Unclassified,#ff00c3
Plate2_Drawer5 02-Oct-2025 12-04-35,E10,flgA,VC_2203,"Flagellar protein, putative; Similar to PID:1272364; identified by sequence similarity; putative.",8.349555,3.842224,Motility,#ff0004
Plate2_Drawer5 02-Oct-2025 12-04-35,E11,VC_A0187,VC_A0187,Hypothetical protein; Identified by Glimmer2; putative.,9.094196,8.476693,Unclassified,#ff00c3
Plate2_Drawer5 02-Oct-2025 12-04-35,E12,VC_1652,VC_1652,Response regulator VieA; Similar to GP:3123891; identified by sequence similarity; putative.,8.584593,10.199598,Unclassified,#ff00c3
Plate2_Drawer5 02-Oct-2025 12-04-35,E2,fliL,VC_2130,Flagellum-specific ATP synthase FliI; Similar to PID:1071643 SP:P52612 GB:U00096 PID:1736607 PID:1788251; identified by sequence similarity; putative.,7.724678,0.40848187,Motility,#ff0004
Plate2_Drawer5 02-Oct-2025 12-04-35,E3,pdhE2,VC_2413,"Pyruvate dehydrogenase, E2 component, dihydrolipoamide acetyltransferase; The pyruvate dehydrogenase complex catalyzes the overall conversion of pyruvate to acetyl-CoA and CO(2).",4.4671493,1.2115172,Pyruvate Flux,#39ff14
Plate2_Drawer5 02-Oct-2025 12-04-35,E4,VC_0134,VC_0134,Conserved hypothetical protein; Identified by Glimmer2; putative.,8.940391,9.120352,Unclassified,#ff00c3
Plate2_Drawer5 02-Oct-2025 12-04-35,E5,grx,VC_1146,Glutaredoxin 1; Has a glutathione-disulfide oxidoreductase activity in the presence of NADPH and glutathione reductase. Reduces low molecular weight disulfides and proteins (By similarity).,6.94692,7.6905518,Unclassified,#ff00c3
Plate2_Drawer5 02-Oct-2025 12-04-35,E6,cheW,VC_2059,Purine-binding chemotaxis protein CheW; Similar to GB:M13462 SP:P07365 PID:145520 GB:U00096 PID:1736540; identified by sequence similarity; putative.,7.516254,3.6850939,Motility,#ff0004
Plate2_Drawer5 02-Oct-2025 12-04-35,E7,nfuA,VC_2720,"Conserved hypothetical protein; Involved in iron-sulfur cluster biogenesis. Binds a 4Fe-4S cluster, can transfer this cluster to apoproteins, and thereby intervenes in the maturation of Fe/S proteins. Could also act as a scaffold/chaperone for damaged Fe/S proteins.",5.2949657,1.5706342,Unclassified,#ff00c3
Plate2_Drawer5 02-Oct-2025 12-04-35,E8,groS2,VC_A0819,"Chaperonin, 10 Kd subunit; Binds to Cpn60 in the presence of Mg-ATP and suppresses the ATPase activity of the latter.",7.289868,7.8028064,Unclassified,#ff00c3
Plate2_Drawer5 02-Oct-2025 12-04-35,E9,potD1,VC_1424,"Spermidine/putrescine ABC transporter, periplasmic spermidine/putrescine-binding protein; Required for the activity of the bacterial periplasmic transport system of putrescine; Belongs to the bacterial solute-binding protein PotD/PotF family.",7.6810646,0.84382164,Polyamine Import,#14f7f0
Plate2_Drawer5 02-Oct-2025 12-04-35,F1,bioF,VC_1113,"8-amino-7-oxononanoate synthase; Catalyzes the decarboxylative condensation of pimeloyl-[acyl- carrier protein] and L-alanine to produce 8-amino-7-oxononanoate (AON), [acyl-carrier protein], and carbon dioxide.",5.844911,0.49958593,Biotin Biosynthesis,#ff9f1c
Plate2_Drawer5 02-Oct-2025 12-04-35,F10,WT,WT,,8.662503,9.653667,WT,#000000
Plate2_Drawer5 02-Oct-2025 12-04-35,F2,flgO,VC_2207,Hypothetical protein; Identified by Glimmer2; putative.,9.807309,1.7996684,Motility,#ff0004
Plate2_Drawer5 02-Oct-2025 12-04-35,F3,hslO,VC_2736,Conserved hypothetical protein; Redox regulated molecular chaperone. Protects both thermally unfolding and oxidatively damaged proteins from irreversible aggregation. Plays an important role in the bacterial defense system toward oxidative stress.,8.399784,7.9260654,Unclassified,#ff00c3
Plate2_Drawer5 02-Oct-2025 12-04-35,F4,bioC,VC_1114,Biotin synthesis protein BioC; Converts the free carboxyl group of a malonyl-thioester to its methyl ester by transfer of a methyl group from S-adenosyl-L- methionine (SAM). It allows to synthesize pimeloyl-ACP via the fatty acid synthetic pathway.,5.9910407,0.4923749,Biotin Biosynthesis,#ff9f1c
Plate2_Drawer5 02-Oct-2025 12-04-35,F5,dnaN,VC_0013,"DNA polymerase III, beta chain; Confers DNA tethering and processivity to DNA polymerases and other proteins. Acts as a clamp, forming a ring around DNA (a reaction catalyzed by the clamp-loading complex) which diffuses in an ATP- independent manner freely and bidirectionally along dsDNA. Initially characterized for its ability to contact the catalytic subunit of DNA polymerase III (Pol III), a complex, multichain enzyme responsible for most of the replicative synthesis in bacteria; Pol III exhibits 3'-5' exonuclease proofreading activity. The beta chain is required for initiation of r [...] ",7.282926,7.590418,Unclassified,#ff00c3
Plate2_Drawer5 02-Oct-2025 12-04-35,F6,mutH,VC_0668,DNA mismatch repair protein MutH; Sequence-specific endonuclease that cleaves unmethylated GATC sequences. It is involved in DNA mismatch repair; Belongs to the MutH family.,9.266301,9.721755,Unclassified,#ff00c3
Plate2_Drawer5 02-Oct-2025 12-04-35,F7,pabC,VC_2018,"4-amino-4-deoxychorismate lyase; Involved in the biosynthesis of p-aminobenzoate (PABA), a precursor of tetrahydrofolate. Converts 4-amino-4-deoxychorismate into 4-aminobenzoate (PABA) and pyruvate (By similarity).",7.37745,7.4679117,Unclassified,#ff00c3
Plate2_Drawer5 02-Oct-2025 12-04-35,F8,lexA,VC_0092,"LexA repressor; Represses a number of genes involved in the response to DNA damage (SOS response), including recA and lexA. In the presence of single-stranded DNA, RecA interacts with LexA causing an autocatalytic cleavage which disrupts the DNA-binding part of LexA, leading to derepression of the SOS regulon and eventually DNA repair.",5.753598,1.8173758,Unclassified,#ff00c3
Plate2_Drawer5 02-Oct-2025 12-04-35,F9,VC_2271,VC_2271,"Riboflavin-specific deaminase; Converts 2,5-diamino-6-(ribosylamino)-4(3h)-pyrimidinone 5'- phosphate into 5-amino-6-(ribosylamino)-2,4(1h,3h)-pyrimidinedione 5'- phosphate; In the C-terminal section; belongs to the HTP reductase family.",9.520813,6.682645,Unclassified,#ff00c3
Plate2_Drawer5 07-Aug-2025 12-51-44,A1,flgK,VC_2191,Flagellar hook-associated protein FlgM; Similar to PID:2443633; identified by sequence similarity; putative. HOOK FILSMENT JUNCTION,10.546553,9.339658,Motility,#ff0004
Plate2_Drawer5 07-Aug-2025 12-51-44,A10,VC_2523,VC_2523,Conserved hypothetical protein; Identified by Glimmer2; putative.,7.5418735,6.8787713,Unclassified,#ff00c3
Plate2_Drawer5 07-Aug-2025 12-51-44,A11,fliR,VC_2121,Flagellar biosynthetic protein FliR; Role in flagellar biosynthesis. Belongs to the FliR/MopE/SpaR family.,9.873137,-1.8722445,Motility,#ff0004
Plate2_Drawer5 07-Aug-2025 12-51-44,A12,argR,VC_0431,Arginine repressor; Regulates arginine biosynthesis genes.,9.592836,8.202163,Unclassified,#ff00c3
Plate2_Drawer5 07-Aug-2025 12-51-44,A2,flrB,VC_2136,Sensory box sensor histidine kinase; Similar to PID:2338728; identified by sequence similarity; putative.,7.590514,0.54636973,Motility,#ff0004
Plate2_Drawer5 07-Aug-2025 12-51-44,A3,rjg,VC_0264,Conserved hypothetical protein; Identified by Glimmer2; putative.,9.217506,9.0401,Unclassified,#ff00c3
Plate2_Drawer5 07-Aug-2025 12-51-44,A4,fliA,VC_2066,RNA polymerase sigma factor for flagellar operon FliA; Sigma factors are initiation factors that promote the attachment of RNA polymerase to specific initiation sites and are then released. This sigma factor controls the expression of flagella-related genes; Belongs to the sigma-70 factor family. FliA subfamily.,10.205779,-1.278519,Motility,#ff0004
Plate2_Drawer5 07-Aug-2025 12-51-44,A5,flgM,VC_2204,"Negative regulator of flagellin synthesis FlgM, putative; Similar to GB:L14437 SP:P39809 PID:451869 PID:1762336 GB:AL009126; identified by sequence similarity; putative.",8.127876,8.096453,Motility,#ff0004
Plate2_Drawer5 07-Aug-2025 12-51-44,A6,flrA,VC_2137,Sigma-54 dependent transcriptional activator; Similar to PID:2338727; identified by sequence similarity; putative.,9.540229,-1.0460516,Motility,#ff0004
Plate2_Drawer5 07-Aug-2025 12-51-44,A7,VC_1291,VC_1291,Conserved hypothetical protein; Identified by Glimmer2; putative.,8.757152,6.274664,Unclassified,#ff00c3
Plate2_Drawer5 07-Aug-2025 12-51-44,A8,thiI,VC_0894,"Thiamin biosynthesis protein ThiI; Catalyzes the ATP-dependent transfer of a sulfur to tRNA to produce 4-thiouridine in position 8 of tRNAs, which functions as a near-UV photosensor. Also catalyzes the transfer of sulfur to the sulfur carrier protein ThiS, forming ThiS-thiocarboxylate. This is a step in the synthesis of thiazole, in the thiamine biosynthesis pathway. The sulfur is donated as persulfide by IscS.",10.706752,11.525672,Unclassified,#ff00c3
Plate2_Drawer5 07-Aug-2025 12-51-44,A9,flhB,VC_2120,"Flagellar biosynthetic protein FlhB; Required for formation of the rod structure in the basal body of the flagellar apparatus. Together with FliI and FliH, may constitute the export apparatus of flagellin; Belongs to the type III secretion exporter family.",8.725383,-0.77079266,Motility,#ff0004
Plate2_Drawer5 07-Aug-2025 12-51-44,B1,aroE,VC_0056,"Shikimate 5-dehydrogenase; Involved in the biosynthesis of the chorismate, which leads to the biosynthesis of aromatic amino acids. Catalyzes the reversible NADPH linked reduction of 3-dehydroshikimate (DHSA) to yield shikimate (SA).",7.39547,7.7150483,Unclassified,#ff00c3
Plate2_Drawer5 07-Aug-2025 12-51-44,B10,wbeN,VC_0251,Acyl protein synthase/acyl-CoA reductase RfbN; Similar to GB:X59554 PID:48393; identified by sequence similarity; putative.,8.812592,4.87863,O-Antigen Biosynthesis,#0096ff
Plate2_Drawer5 07-Aug-2025 12-51-44,B11,wbeL,VC_0249,rfbL protein; Similar to GB:X59554 PID:48391; identified by sequence similarity; putative.,2.605134,-0.7869035,O-Antigen Biosynthesis,#0096ff
Plate2_Drawer5 07-Aug-2025 12-51-44,B12,pstB1,VC_0726,"Phosphate ABC transporter, ATP-binding protein; Part of the ABC transporter complex PstSACB involved in phosphate import. Responsible for energy coupling to the transport system; Belongs to the ABC transporter superfamily. Phosphate importer (TC 3.A.1.7) family.",9.392997,10.514949,Unclassified,#ff00c3
Plate2_Drawer5 07-Aug-2025 12-51-44,B4,VC_A0146,VC_A0146,Conserved hypothetical protein; Identified by Glimmer2; putative.,10.50099,8.911782,Unclassified,#ff00c3
Plate2_Drawer5 07-Aug-2025 12-51-44,B5,VC_0289,VC_0289,Gluconate utilization system gnt-I transcriptional repressor; Similar to PID:1304069; identified by sequence similarity; putative.,9.493759,11.108453,Unclassified,#ff00c3
Plate2_Drawer5 07-Aug-2025 12-51-44,B6,VC_A0005,VC_A0005,Hypothetical protein; Identified by Glimmer2; putative.,10.008797,10.474497,Unclassified,#ff00c3
Plate2_Drawer5 07-Aug-2025 12-51-44,B8,mltF,VC_0866,"Transglycosylase, Slt family; Murein-degrading enzyme that degrades murein glycan strands and insoluble, high-molecular weight murein sacculi, with the concomitant formation of a 1,6-anhydromuramoyl product. Lytic transglycosylases (LTs) play an integral role in the metabolism of the peptidoglycan (PG) sacculus. Their lytic action creates space within the PG sacculus to allow for its expansion as well as for the insertion of various structures such as secretion systems and flagella. In the N-terminal section; belongs to the bacterial solute- binding protein 3 family.",9.687173,6.1418366,Unclassified,#ff00c3
Plate2_Drawer5 07-Aug-2025 12-51-44,B9,VC_A0726,VC_A0726,"Molybdenum ABC transporter, periplasmic molybdenum-binding protein; Similar to GB:L34009 SP:P37329 PID:504498 PID:973214 PID:1147817; identified by sequence similarity; putative.",9.820832,8.839451,Unclassified,#ff00c3
Plate2_Drawer5 07-Aug-2025 12-51-44,C1,VC_1885,VC_1885,Hypothetical protein; Identified by Glimmer2; putative.,2.3913112,6.060862,Unclassified,#ff00c3
Plate2_Drawer5 07-Aug-2025 12-51-44,C10,flgF,VC_2196,Flagellar basal-body rod protein FlgF; Similar to GB:U00096 SP:P75938 PID:1787317; identified by sequence similarity; putative; Belongs to the flagella basal body rod proteins family.,10.152774,-1.0911053,Motility,#ff0004
Plate2_Drawer5 07-Aug-2025 12-51-44,C11,VC_2441,VC_2441,Conserved hypothetical protein; Identified by Glimmer2; putative.,7.1888394,3.360305,Unclassified,#ff00c3
Plate2_Drawer5 07-Aug-2025 12-51-44,C12,VC_1710,VC_1710,Conserved hypothetical protein; Identified by Glimmer2; putative.,9.123035,9.245784,Unclassified,#ff00c3
Plate2_Drawer5 07-Aug-2025 12-51-44,C2,aroQ,VC_0297,3-dehydroquinate dehydratase; Catalyzes a trans-dehydration via an enolate intermediate. Belongs to the type-II 3-dehydroquinase family.,6.707168,6.7117543,Unclassified,#ff00c3
Plate2_Drawer5 07-Aug-2025 12-51-44,C3,VC_1359,VC_1359,"Amino acid ABC transporter, ATP-binding protein; Similar to PID:1154897; identified by sequence similarity; putative.",5.0763392,-4.5095115,Unclassified,#ff00c3
Plate2_Drawer5 07-Aug-2025 12-51-44,C4,VC_A0328,VC_A0328,"Biphenyl-2,3-diol 1,2-dioxygenase III-related protein; Similar to GB:X75635 SP:P47233 PID:473121; identified by sequence similarity; putative.",10.749886,9.162452,Unclassified,#ff00c3
Plate2_Drawer5 07-Aug-2025 12-51-44,C5,VC_1350,VC_1350,"Antioxidant, putative; Thiol-specific peroxidase that catalyzes the reduction of hydrogen peroxide and organic hydroperoxides to water and alcohols, respectively. Plays a role in cell protection against oxidative stress by detoxifying peroxides; Belongs to the peroxiredoxin family. Prx5 subfamily.",10.539434,8.7174225,Unclassified,#ff00c3
Plate2_Drawer5 07-Aug-2025 12-51-44,C6,manB,VC_0242,Phosphomannomutase; Involved in GDP-mannose biosynthesis which serves as the activated sugar nucleotide precursor for mannose residues in cell surface polysaccharides; Belongs to the phosphohexose mutase family.,8.287744,5.555206,O-Antigen Biosynthesis,#0096ff
Plate2_Drawer5 07-Aug-2025 12-51-44,C7,mrcA,VC_2635,Penicillin-binding protein 1A; Cell wall formation. Synthesis of cross-linked peptidoglycan from the lipid intermediates. The enzyme has a penicillin-insensitive transglycosylase N-terminal domain (formation of linear glycan strands) and a penicillin-sensitive transpeptidase C-terminal domain (cross- linking of the peptide subunits).,9.356772,2.6344693,Unclassified,#ff00c3
Plate2_Drawer5 07-Aug-2025 12-51-44,C8,VC_A0079,VC_A0079,Conserved hypothetical protein; Identified by Glimmer2; putative.,8.645407,6.08597,Unclassified,#ff00c3
Plate2_Drawer5 07-Aug-2025 12-51-44,C9,potA,VC_1428,"Spermidine/putrescine ABC transporter, ATP-binding protein; Part of the ABC transporter complex PotABCD involved in spermidine/putrescine import. Responsible for energy coupling to the transport system; Belongs to the ABC transporter superfamily. Spermidine/putrescine importer (TC 3.A.1.11.1) family.",10.209534,1.4953551,Polyamine Import,#14f7f0
Plate2_Drawer5 07-Aug-2025 12-51-44,D1,VC_A0340,VC_A0340,Hypothetical protein; Identified by Glimmer2; putative.,10.996951,8.745003,Unclassified,#ff00c3
Plate2_Drawer5 07-Aug-2025 12-51-44,D10,bioD,VC_1115,"Dethiobiotin synthetase; Catalyzes a mechanistically unusual reaction, the ATP- dependent insertion of CO2 between the N7 and N8 nitrogen atoms of 7,8- diaminopelargonic acid (DAPA) to form an ureido ring.",4.5517592,-5.4491644,Biotin Biosynthesis,#ff9f1c
Plate2_Drawer5 07-Aug-2025 12-51-44,D11,flaA,VC_2188,Flagellin core protein A; Flagellin is the subunit protein which polymerizes to form the filaments of bacterial flagella. FlaA is required to form a core or scaffold into which the other flagellins are inserted to provide structural integrity. Essential for flagellar synthesis and motility; important for full virulence.,9.907952,-1.191898,Motility,#ff0004
Plate2_Drawer5 07-Aug-2025 12-51-44,D12,wavL,VC_0239,Conserved hypothetical protein; Identified by Glimmer2; putative.,3.992359,-0.15246089,O-Antigen Biosynthesis,#0096ff
Plate2_Drawer5 07-Aug-2025 12-51-44,D2,VC_0745,VC_0745,Inositol monophosphate family protein; Similar to GB:M34828 SP:P22783 PID:147899 GB:U00096 PID:1788882; identified by sequence similarity; putative; Belongs to the inositol monophosphatase superfamily.,7.1519814,3.0119195,Unclassified,#ff00c3
Plate2_Drawer5 07-Aug-2025 12-51-44,D3,VC_2485,VC_2485,"Transcriptional regulator, LysR family; Similar to GB:D10483 SP:P10151 GB:M21150 PID:1128961 PID:146605; identified by sequence similarity; putative; Belongs to the LysR transcriptional regulatory family.",8.041596,3.3380897,Unclassified,#ff00c3
Plate2_Drawer5 07-Aug-2025 12-51-44,D4,rimO,VC_2620,Conserved hypothetical protein; Catalyzes the methylthiolation of an aspartic acid residue of ribosomal protein S12; Belongs to the methylthiotransferase family. RimO subfamily.,7.799489,8.926353,Unclassified,#ff00c3
Plate2_Drawer5 07-Aug-2025 12-51-44,D5,bioA,VC_1111,"Adenosylmethionine-8-amino-7-oxononanoate aminotransferase; Catalyzes the transfer of the alpha-amino group from S- adenosyl-L-methionine (SAM) to 7-keto-8-aminopelargonic acid (KAPA) to form 7,8-diaminopelargonic acid (DAPA). It is the only animotransferase known to utilize SAM as an amino donor; Belongs to the class-III pyridoxal-phosphate-dependent aminotransferase family. BioA subfamily.",4.742867,-5.9727106,Biotin Biosynthesis,#ff9f1c
Plate2_Drawer5 07-Aug-2025 12-51-44,D6,wbeT,VC_0259,Lipopolysaccharide biosynthesis protein RfbV; Similar to GB:X59554 PID:48400 PID:1929424; identified by sequence similarity; putative.,4.798897,-4.0005403,O-Antigen Biosynthesis,#0096ff
Plate2_Drawer5 07-Aug-2025 12-51-44,D7,VC_0929,VC_0929,Hypothetical protein; Identified by Glimmer2; putative.,10.940688,6.0025783,Unclassified,#ff00c3
Plate2_Drawer5 07-Aug-2025 12-51-44,D8,flgT,VC_2208,Hypothetical protein; Identified by Glimmer2; putative.,8.649325,0.21860014,Motility,#ff0004
Plate2_Drawer5 07-Aug-2025 12-51-44,D9,glyA1,VC_0941,"Serine hydroxymethyltransferase; Catalyzes the reversible interconversion of serine and glycine with tetrahydrofolate (THF) serving as the one-carbon carrier. This reaction serves as the major source of one-carbon groups required for the biosynthesis of purines, thymidylate, methionine, and other important biomolecules. Also exhibits THF-independent aldolase activity toward beta-hydroxyamino acids, producing glycine and aldehydes, via a retro-aldol mechanism.",6.890252,2.91426,Unclassified,#ff00c3
Plate2_Drawer5 07-Aug-2025 12-51-44,E1,VC_1003,VC_1003,Bacteriocin production protein; Similar to GB:J01666 SP:P08550 PID:146367 PID:147415 GB:U00096; identified by sequence similarity; putative.,5.1322107,0.6148236,Unclassified,#ff00c3
Plate2_Drawer5 07-Aug-2025 12-51-44,E10,flgA,VC_2203,"Flagellar protein, putative; Similar to PID:1272364; identified by sequence similarity; putative.",9.791678,3.8650513,Motility,#ff0004
Plate2_Drawer5 07-Aug-2025 12-51-44,E11,VC_A0187,VC_A0187,Hypothetical protein; Identified by Glimmer2; putative.,7.7814183,2.6164908,Unclassified,#ff00c3
Plate2_Drawer5 07-Aug-2025 12-51-44,E12,VC_1652,VC_1652,Response regulator VieA; Similar to GP:3123891; identified by sequence similarity; putative.,9.300483,10.705396,Unclassified,#ff00c3
Plate2_Drawer5 07-Aug-2025 12-51-44,E2,fliL,VC_2130,Flagellum-specific ATP synthase FliI; Similar to PID:1071643 SP:P52612 GB:U00096 PID:1736607 PID:1788251; identified by sequence similarity; putative.,9.312472,-0.9727294,Motility,#ff0004
Plate2_Drawer5 07-Aug-2025 12-51-44,E3,pdhE2,VC_2413,"Pyruvate dehydrogenase, E2 component, dihydrolipoamide acetyltransferase; The pyruvate dehydrogenase complex catalyzes the overall conversion of pyruvate to acetyl-CoA and CO(2).",5.24408,1.2978916,Pyruvate Flux,#39ff14
Plate2_Drawer5 07-Aug-2025 12-51-44,E4,VC_0134,VC_0134,Conserved hypothetical protein; Identified by Glimmer2; putative.,11.087706,11.872574,Unclassified,#ff00c3
Plate2_Drawer5 07-Aug-2025 12-51-44,E5,grx,VC_1146,Glutaredoxin 1; Has a glutathione-disulfide oxidoreductase activity in the presence of NADPH and glutathione reductase. Reduces low molecular weight disulfides and proteins (By similarity).,10.777661,11.858602,Unclassified,#ff00c3
Plate2_Drawer5 07-Aug-2025 12-51-44,E6,cheW,VC_2059,Purine-binding chemotaxis protein CheW; Similar to GB:M13462 SP:P07365 PID:145520 GB:U00096 PID:1736540; identified by sequence similarity; putative.,11.561106,4.4647117,Motility,#ff0004
Plate2_Drawer5 07-Aug-2025 12-51-44,E7,nfuA,VC_2720,"Conserved hypothetical protein; Involved in iron-sulfur cluster biogenesis. Binds a 4Fe-4S cluster, can transfer this cluster to apoproteins, and thereby intervenes in the maturation of Fe/S proteins. Could also act as a scaffold/chaperone for damaged Fe/S proteins.",7.0028815,5.6600933,Unclassified,#ff00c3
Plate2_Drawer5 07-Aug-2025 12-51-44,E8,groS2,VC_A0819,"Chaperonin, 10 Kd subunit; Binds to Cpn60 in the presence of Mg-ATP and suppresses the ATPase activity of the latter.",11.84721,12.278113,Unclassified,#ff00c3
Plate2_Drawer5 07-Aug-2025 12-51-44,E9,potD1,VC_1424,"Spermidine/putrescine ABC transporter, periplasmic spermidine/putrescine-binding protein; Required for the activity of the bacterial periplasmic transport system of putrescine; Belongs to the bacterial solute-binding protein PotD/PotF family.",10.321058,1.7741495,Polyamine Import,#14f7f0
Plate2_Drawer5 07-Aug-2025 12-51-44,F1,bioF,VC_1113,"8-amino-7-oxononanoate synthase; Catalyzes the decarboxylative condensation of pimeloyl-[acyl- carrier protein] and L-alanine to produce 8-amino-7-oxononanoate (AON), [acyl-carrier protein], and carbon dioxide.",4.869473,-5.1637363,Biotin Biosynthesis,#ff9f1c
Plate2_Drawer5 07-Aug-2025 12-51-44,F10,WT,WT,,10.008527,11.159339,WT,#000000
Plate2_Drawer5 07-Aug-2025 12-51-44,F2,flgO,VC_2207,Hypothetical protein; Identified by Glimmer2; putative.,10.189024,2.000662,Motility,#ff0004
Plate2_Drawer5 07-Aug-2025 12-51-44,F3,hslO,VC_2736,Conserved hypothetical protein; Redox regulated molecular chaperone. Protects both thermally unfolding and oxidatively damaged proteins from irreversible aggregation. Plays an important role in the bacterial defense system toward oxidative stress.,10.942955,10.948338,Unclassified,#ff00c3
Plate2_Drawer5 07-Aug-2025 12-51-44,F4,bioC,VC_1114,Biotin synthesis protein BioC; Converts the free carboxyl group of a malonyl-thioester to its methyl ester by transfer of a methyl group from S-adenosyl-L- methionine (SAM). It allows to synthesize pimeloyl-ACP via the fatty acid synthetic pathway.,4.605537,-5.440184,Biotin Biosynthesis,#ff9f1c
Plate2_Drawer5 07-Aug-2025 12-51-44,F5,dnaN,VC_0013,"DNA polymerase III, beta chain; Confers DNA tethering and processivity to DNA polymerases and other proteins. Acts as a clamp, forming a ring around DNA (a reaction catalyzed by the clamp-loading complex) which diffuses in an ATP- independent manner freely and bidirectionally along dsDNA. Initially characterized for its ability to contact the catalytic subunit of DNA polymerase III (Pol III), a complex, multichain enzyme responsible for most of the replicative synthesis in bacteria; Pol III exhibits 3'-5' exonuclease proofreading activity. The beta chain is required for initiation of r [...] ",11.413629,10.138455,Unclassified,#ff00c3
Plate2_Drawer5 07-Aug-2025 12-51-44,F6,mutH,VC_0668,DNA mismatch repair protein MutH; Sequence-specific endonuclease that cleaves unmethylated GATC sequences. It is involved in DNA mismatch repair; Belongs to the MutH family.,9.286764,9.055717,Unclassified,#ff00c3
Plate2_Drawer5 07-Aug-2025 12-51-44,F7,pabC,VC_2018,"4-amino-4-deoxychorismate lyase; Involved in the biosynthesis of p-aminobenzoate (PABA), a precursor of tetrahydrofolate. Converts 4-amino-4-deoxychorismate into 4-aminobenzoate (PABA) and pyruvate (By similarity).",9.09538,5.3224783,Unclassified,#ff00c3
Plate2_Drawer5 07-Aug-2025 12-51-44,F8,lexA,VC_0092,"LexA repressor; Represses a number of genes involved in the response to DNA damage (SOS response), including recA and lexA. In the presence of single-stranded DNA, RecA interacts with LexA causing an autocatalytic cleavage which disrupts the DNA-binding part of LexA, leading to derepression of the SOS regulon and eventually DNA repair.",7.4528403,4.0035152,Unclassified,#ff00c3
Plate2_Drawer5 07-Aug-2025 12-51-44,F9,VC_2271,VC_2271,"Riboflavin-specific deaminase; Converts 2,5-diamino-6-(ribosylamino)-4(3h)-pyrimidinone 5'- phosphate into 5-amino-6-(ribosylamino)-2,4(1h,3h)-pyrimidinedione 5'- phosphate; In the C-terminal section; belongs to the HTP reductase family.",9.414859,4.8656054,Unclassified,#ff00c3
Plate2_Drawer5 22-Jul-2025 11-23-32,A1,flgK,VC_2191,Flagellar hook-associated protein FlgM; Similar to PID:2443633; identified by sequence similarity; putative. HOOK FILSMENT JUNCTION,10.080424,-1.3307914,Motility,#ff0004
Plate2_Drawer5 22-Jul-2025 11-23-32,A10,VC_2523,VC_2523,Conserved hypothetical protein; Identified by Glimmer2; putative.,10.159125,8.742802,Unclassified,#ff00c3
Plate2_Drawer5 22-Jul-2025 11-23-32,A11,fliR,VC_2121,Flagellar biosynthetic protein FliR; Role in flagellar biosynthesis. Belongs to the FliR/MopE/SpaR family.,9.383142,-1.5147685,Motility,#ff0004
Plate2_Drawer5 22-Jul-2025 11-23-32,A12,argR,VC_0431,Arginine repressor; Regulates arginine biosynthesis genes.,8.047644,6.303917,Unclassified,#ff00c3
Plate2_Drawer5 22-Jul-2025 11-23-32,A2,flrB,VC_2136,Sensory box sensor histidine kinase; Similar to PID:2338728; identified by sequence similarity; putative.,9.260448,-0.3423922,Motility,#ff0004
Plate2_Drawer5 22-Jul-2025 11-23-32,A3,rjg,VC_0264,Conserved hypothetical protein; Identified by Glimmer2; putative.,10.280177,11.027519,Unclassified,#ff00c3
Plate2_Drawer5 22-Jul-2025 11-23-32,A4,fliA,VC_2066,RNA polymerase sigma factor for flagellar operon FliA; Sigma factors are initiation factors that promote the attachment of RNA polymerase to specific initiation sites and are then released. This sigma factor controls the expression of flagella-related genes; Belongs to the sigma-70 factor family. FliA subfamily.,10.416733,-1.2538823,Motility,#ff0004
Plate2_Drawer5 22-Jul-2025 11-23-32,A5,flgM,VC_2204,"Negative regulator of flagellin synthesis FlgM, putative; Similar to GB:L14437 SP:P39809 PID:451869 PID:1762336 GB:AL009126; identified by sequence similarity; putative.",11.040675,11.01057,Motility,#ff0004
Plate2_Drawer5 22-Jul-2025 11-23-32,A6,flrA,VC_2137,Sigma-54 dependent transcriptional activator; Similar to PID:2338727; identified by sequence similarity; putative.,9.239096,-0.34074607,Motility,#ff0004
Plate2_Drawer5 22-Jul-2025 11-23-32,A7,VC_1291,VC_1291,Conserved hypothetical protein; Identified by Glimmer2; putative.,10.357105,8.4854765,Unclassified,#ff00c3
Plate2_Drawer5 22-Jul-2025 11-23-32,A8,thiI,VC_0894,"Thiamin biosynthesis protein ThiI; Catalyzes the ATP-dependent transfer of a sulfur to tRNA to produce 4-thiouridine in position 8 of tRNAs, which functions as a near-UV photosensor. Also catalyzes the transfer of sulfur to the sulfur carrier protein ThiS, forming ThiS-thiocarboxylate. This is a step in the synthesis of thiazole, in the thiamine biosynthesis pathway. The sulfur is donated as persulfide by IscS.",6.3738546,1.6986854,Unclassified,#ff00c3
Plate2_Drawer5 22-Jul-2025 11-23-32,A9,flhB,VC_2120,"Flagellar biosynthetic protein FlhB; Required for formation of the rod structure in the basal body of the flagellar apparatus. Together with FliI and FliH, may constitute the export apparatus of flagellin; Belongs to the type III secretion exporter family.",9.033757,-0.98732156,Motility,#ff0004
Plate2_Drawer5 22-Jul-2025 11-23-32,B1,aroE,VC_0056,"Shikimate 5-dehydrogenase; Involved in the biosynthesis of the chorismate, which leads to the biosynthesis of aromatic amino acids. Catalyzes the reversible NADPH linked reduction of 3-dehydroshikimate (DHSA) to yield shikimate (SA).",10.159142,8.099014,Unclassified,#ff00c3
Plate2_Drawer5 22-Jul-2025 11-23-32,B10,wbeN,VC_0251,Acyl protein synthase/acyl-CoA reductase RfbN; Similar to GB:X59554 PID:48393; identified by sequence similarity; putative.,6.708256,6.0821276,O-Antigen Biosynthesis,#0096ff
Plate2_Drawer5 22-Jul-2025 11-23-32,B11,wbeL,VC_0249,rfbL protein; Similar to GB:X59554 PID:48391; identified by sequence similarity; putative.,7.8752565,-0.31401542,O-Antigen Biosynthesis,#0096ff
Plate2_Drawer5 22-Jul-2025 11-23-32,B12,pstB1,VC_0726,"Phosphate ABC transporter, ATP-binding protein; Part of the ABC transporter complex PstSACB involved in phosphate import. Responsible for energy coupling to the transport system; Belongs to the ABC transporter superfamily. Phosphate importer (TC 3.A.1.7) family.",9.122005,9.336421,Unclassified,#ff00c3
Plate2_Drawer5 22-Jul-2025 11-23-32,B4,VC_A0146,VC_A0146,Conserved hypothetical protein; Identified by Glimmer2; putative.,10.517997,1.2737802,Unclassified,#ff00c3
Plate2_Drawer5 22-Jul-2025 11-23-32,B5,VC_0289,VC_0289,Gluconate utilization system gnt-I transcriptional repressor; Similar to PID:1304069; identified by sequence similarity; putative.,9.921822,10.13573,Unclassified,#ff00c3
Plate2_Drawer5 22-Jul-2025 11-23-32,B6,VC_A0005,VC_A0005,Hypothetical protein; Identified by Glimmer2; putative.,10.110245,8.85094,Unclassified,#ff00c3
Plate2_Drawer5 22-Jul-2025 11-23-32,B8,mltF,VC_0866,"Transglycosylase, Slt family; Murein-degrading enzyme that degrades murein glycan strands and insoluble, high-molecular weight murein sacculi, with the concomitant formation of a 1,6-anhydromuramoyl product. Lytic transglycosylases (LTs) play an integral role in the metabolism of the peptidoglycan (PG) sacculus. Their lytic action creates space within the PG sacculus to allow for its expansion as well as for the insertion of various structures such as secretion systems and flagella. In the N-terminal section; belongs to the bacterial solute- binding protein 3 family.",9.839486,5.9311833,Unclassified,#ff00c3
Plate2_Drawer5 22-Jul-2025 11-23-32,B9,VC_A0726,VC_A0726,"Molybdenum ABC transporter, periplasmic molybdenum-binding protein; Similar to GB:L34009 SP:P37329 PID:504498 PID:973214 PID:1147817; identified by sequence similarity; putative.",8.151147,6.7689486,Unclassified,#ff00c3
Plate2_Drawer5 22-Jul-2025 11-23-32,C1,VC_1885,VC_1885,Hypothetical protein; Identified by Glimmer2; putative.,2.7292702,6.2083826,Unclassified,#ff00c3
Plate2_Drawer5 22-Jul-2025 11-23-32,C10,flgF,VC_2196,Flagellar basal-body rod protein FlgF; Similar to GB:U00096 SP:P75938 PID:1787317; identified by sequence similarity; putative; Belongs to the flagella basal body rod proteins family.,10.641064,-1.4587455,Motility,#ff0004
Plate2_Drawer5 22-Jul-2025 11-23-32,C11,VC_2441,VC_2441,Conserved hypothetical protein; Identified by Glimmer2; putative.,11.336388,9.540848,Unclassified,#ff00c3
Plate2_Drawer5 22-Jul-2025 11-23-32,C12,VC_1710,VC_1710,Conserved hypothetical protein; Identified by Glimmer2; putative.,10.75357,11.6770525,Unclassified,#ff00c3
Plate2_Drawer5 22-Jul-2025 11-23-32,C3,VC_1359,VC_1359,"Amino acid ABC transporter, ATP-binding protein; Similar to PID:1154897; identified by sequence similarity; putative.",5.1097937,-4.486803,Unclassified,#ff00c3
Plate2_Drawer5 22-Jul-2025 11-23-32,C4,VC_A0328,VC_A0328,"Biphenyl-2,3-diol 1,2-dioxygenase III-related protein; Similar to GB:X75635 SP:P47233 PID:473121; identified by sequence similarity; putative.",10.407193,9.120505,Unclassified,#ff00c3
Plate2_Drawer5 22-Jul-2025 11-23-32,C5,VC_1350,VC_1350,"Antioxidant, putative; Thiol-specific peroxidase that catalyzes the reduction of hydrogen peroxide and organic hydroperoxides to water and alcohols, respectively. Plays a role in cell protection against oxidative stress by detoxifying peroxides; Belongs to the peroxiredoxin family. Prx5 subfamily.",10.728545,8.984488,Unclassified,#ff00c3
Plate2_Drawer5 22-Jul-2025 11-23-32,C6,manB,VC_0242,Phosphomannomutase; Involved in GDP-mannose biosynthesis which serves as the activated sugar nucleotide precursor for mannose residues in cell surface polysaccharides; Belongs to the phosphohexose mutase family.,8.890061,4.5035024,O-Antigen Biosynthesis,#0096ff
Plate2_Drawer5 22-Jul-2025 11-23-32,C7,mrcA,VC_2635,Penicillin-binding protein 1A; Cell wall formation. Synthesis of cross-linked peptidoglycan from the lipid intermediates. The enzyme has a penicillin-insensitive transglycosylase N-terminal domain (formation of linear glycan strands) and a penicillin-sensitive transpeptidase C-terminal domain (cross- linking of the peptide subunits).,7.1383953,-0.46811512,Unclassified,#ff00c3
Plate2_Drawer5 22-Jul-2025 11-23-32,C8,VC_A0079,VC_A0079,Conserved hypothetical protein; Identified by Glimmer2; putative.,10.951779,-2.1840584,Unclassified,#ff00c3
Plate2_Drawer5 22-Jul-2025 11-23-32,C9,potA,VC_1428,"Spermidine/putrescine ABC transporter, ATP-binding protein; Part of the ABC transporter complex PotABCD involved in spermidine/putrescine import. Responsible for energy coupling to the transport system; Belongs to the ABC transporter superfamily. Spermidine/putrescine importer (TC 3.A.1.11.1) family.",10.8178625,1.3501809,Polyamine Import,#14f7f0
Plate2_Drawer5 22-Jul-2025 11-23-32,D1,VC_A0340,VC_A0340,Hypothetical protein; Identified by Glimmer2; putative.,8.875017,8.396163,Unclassified,#ff00c3
Plate2_Drawer5 22-Jul-2025 11-23-32,D10,bioD,VC_1115,"Dethiobiotin synthetase; Catalyzes a mechanistically unusual reaction, the ATP- dependent insertion of CO2 between the N7 and N8 nitrogen atoms of 7,8- diaminopelargonic acid (DAPA) to form an ureido ring.",4.6450334,-5.580597,Biotin Biosynthesis,#ff9f1c
Plate2_Drawer5 22-Jul-2025 11-23-32,D11,flaA,VC_2188,Flagellin core protein A; Flagellin is the subunit protein which polymerizes to form the filaments of bacterial flagella. FlaA is required to form a core or scaffold into which the other flagellins are inserted to provide structural integrity. Essential for flagellar synthesis and motility; important for full virulence.,10.762026,-2.1983492,Motility,#ff0004
Plate2_Drawer5 22-Jul-2025 11-23-32,D12,wavL,VC_0239,Conserved hypothetical protein; Identified by Glimmer2; putative.,4.5854063,1.1518022,O-Antigen Biosynthesis,#0096ff
Plate2_Drawer5 22-Jul-2025 11-23-32,D2,VC_0745,VC_0745,Inositol monophosphate family protein; Similar to GB:M34828 SP:P22783 PID:147899 GB:U00096 PID:1788882; identified by sequence similarity; putative; Belongs to the inositol monophosphatase superfamily.,9.165468,6.0200353,Unclassified,#ff00c3
Plate2_Drawer5 22-Jul-2025 11-23-32,D3,VC_2485,VC_2485,"Transcriptional regulator, LysR family; Similar to GB:D10483 SP:P10151 GB:M21150 PID:1128961 PID:146605; identified by sequence similarity; putative; Belongs to the LysR transcriptional regulatory family.",10.470209,2.29251,Unclassified,#ff00c3
Plate2_Drawer5 22-Jul-2025 11-23-32,D4,rimO,VC_2620,Conserved hypothetical protein; Catalyzes the methylthiolation of an aspartic acid residue of ribosomal protein S12; Belongs to the methylthiotransferase family. RimO subfamily.,10.9432,11.588474,Unclassified,#ff00c3
Plate2_Drawer5 22-Jul-2025 11-23-32,D5,bioA,VC_1111,"Adenosylmethionine-8-amino-7-oxononanoate aminotransferase; Catalyzes the transfer of the alpha-amino group from S- adenosyl-L-methionine (SAM) to 7-keto-8-aminopelargonic acid (KAPA) to form 7,8-diaminopelargonic acid (DAPA). It is the only animotransferase known to utilize SAM as an amino donor; Belongs to the class-III pyridoxal-phosphate-dependent aminotransferase family. BioA subfamily.",4.7603145,-5.68331,Biotin Biosynthesis,#ff9f1c
Plate2_Drawer5 22-Jul-2025 11-23-32,D6,wbeT,VC_0259,Lipopolysaccharide biosynthesis protein RfbV; Similar to GB:X59554 PID:48400 PID:1929424; identified by sequence similarity; putative.,4.914082,-4.1569242,O-Antigen Biosynthesis,#0096ff
Plate2_Drawer5 22-Jul-2025 11-23-32,D7,VC_0929,VC_0929,Hypothetical protein; Identified by Glimmer2; putative.,10.973815,5.537003,Unclassified,#ff00c3
Plate2_Drawer5 22-Jul-2025 11-23-32,D8,flgT,VC_2208,Hypothetical protein; Identified by Glimmer2; putative.,11.072872,-1.9661078,Motility,#ff0004
Plate2_Drawer5 22-Jul-2025 11-23-32,D9,glyA1,VC_0941,"Serine hydroxymethyltransferase; Catalyzes the reversible interconversion of serine and glycine with tetrahydrofolate (THF) serving as the one-carbon carrier. This reaction serves as the major source of one-carbon groups required for the biosynthesis of purines, thymidylate, methionine, and other important biomolecules. Also exhibits THF-independent aldolase activity toward beta-hydroxyamino acids, producing glycine and aldehydes, via a retro-aldol mechanism.",6.182174,1.6064066,Unclassified,#ff00c3
Plate2_Drawer5 22-Jul-2025 11-23-32,E1,VC_1003,VC_1003,Bacteriocin production protein; Similar to GB:J01666 SP:P08550 PID:146367 PID:147415 GB:U00096; identified by sequence similarity; putative.,5.1353617,0.5999621,Unclassified,#ff00c3
Plate2_Drawer5 22-Jul-2025 11-23-32,E10,flgA,VC_2203,"Flagellar protein, putative; Similar to PID:1272364; identified by sequence similarity; putative.",11.648773,4.939681,Motility,#ff0004
Plate2_Drawer5 22-Jul-2025 11-23-32,E11,VC_A0187,VC_A0187,Hypothetical protein; Identified by Glimmer2; putative.,10.824762,6.175092,Unclassified,#ff00c3
Plate2_Drawer5 22-Jul-2025 11-23-32,E12,VC_1652,VC_1652,Response regulator VieA; Similar to GP:3123891; identified by sequence similarity; putative.,10.156262,10.24855,Unclassified,#ff00c3
Plate2_Drawer5 22-Jul-2025 11-23-32,E2,fliL,VC_2130,Flagellum-specific ATP synthase FliI; Similar to PID:1071643 SP:P52612 GB:U00096 PID:1736607 PID:1788251; identified by sequence similarity; putative.,11.1164,-1.9996685,Motility,#ff0004
Plate2_Drawer5 22-Jul-2025 11-23-32,E3,pdhE2,VC_2413,"Pyruvate dehydrogenase, E2 component, dihydrolipoamide acetyltransferase; The pyruvate dehydrogenase complex catalyzes the overall conversion of pyruvate to acetyl-CoA and CO(2).",5.976854,1.3239064,Pyruvate Flux,#39ff14
Plate2_Drawer5 22-Jul-2025 11-23-32,E4,VC_0134,VC_0134,Conserved hypothetical protein; Identified by Glimmer2; putative.,10.876085,11.155748,Unclassified,#ff00c3
Plate2_Drawer5 22-Jul-2025 11-23-32,E5,grx,VC_1146,Glutaredoxin 1; Has a glutathione-disulfide oxidoreductase activity in the presence of NADPH and glutathione reductase. Reduces low molecular weight disulfides and proteins (By similarity).,10.743794,11.732645,Unclassified,#ff00c3
Plate2_Drawer5 22-Jul-2025 11-23-32,E6,cheW,VC_2059,Purine-binding chemotaxis protein CheW; Similar to GB:M13462 SP:P07365 PID:145520 GB:U00096 PID:1736540; identified by sequence similarity; putative.,11.547525,4.4288554,Motility,#ff0004
Plate2_Drawer5 22-Jul-2025 11-23-32,E7,nfuA,VC_2720,"Conserved hypothetical protein; Involved in iron-sulfur cluster biogenesis. Binds a 4Fe-4S cluster, can transfer this cluster to apoproteins, and thereby intervenes in the maturation of Fe/S proteins. Could also act as a scaffold/chaperone for damaged Fe/S proteins.",8.351776,6.618468,Unclassified,#ff00c3
Plate2_Drawer5 22-Jul-2025 11-23-32,E8,groS2,VC_A0819,"Chaperonin, 10 Kd subunit; Binds to Cpn60 in the presence of Mg-ATP and suppresses the ATPase activity of the latter.",8.800213,10.325629,Unclassified,#ff00c3
Plate2_Drawer5 22-Jul-2025 11-23-32,E9,potD1,VC_1424,"Spermidine/putrescine ABC transporter, periplasmic spermidine/putrescine-binding protein; Required for the activity of the bacterial periplasmic transport system of putrescine; Belongs to the bacterial solute-binding protein PotD/PotF family.",10.78328,1.4384282,Polyamine Import,#14f7f0
Plate2_Drawer5 22-Jul-2025 11-23-32,F1,bioF,VC_1113,"8-amino-7-oxononanoate synthase; Catalyzes the decarboxylative condensation of pimeloyl-[acyl- carrier protein] and L-alanine to produce 8-amino-7-oxononanoate (AON), [acyl-carrier protein], and carbon dioxide.",4.7417064,-5.5051236,Biotin Biosynthesis,#ff9f1c
Plate2_Drawer5 22-Jul-2025 11-23-32,F10,WT,WT,,9.535155,10.806575,WT,#000000
Plate2_Drawer5 22-Jul-2025 11-23-32,F2,flgO,VC_2207,Hypothetical protein; Identified by Glimmer2; putative.,10.849659,1.3416566,Motility,#ff0004
Plate2_Drawer5 22-Jul-2025 11-23-32,F3,hslO,VC_2736,Conserved hypothetical protein; Redox regulated molecular chaperone. Protects both thermally unfolding and oxidatively damaged proteins from irreversible aggregation. Plays an important role in the bacterial defense system toward oxidative stress.,10.154922,9.419291,Unclassified,#ff00c3
Plate2_Drawer5 22-Jul-2025 11-23-32,F4,bioC,VC_1114,Biotin synthesis protein BioC; Converts the free carboxyl group of a malonyl-thioester to its methyl ester by transfer of a methyl group from S-adenosyl-L- methionine (SAM). It allows to synthesize pimeloyl-ACP via the fatty acid synthetic pathway.,4.8546376,-6.0848875,Biotin Biosynthesis,#ff9f1c
Plate2_Drawer5 22-Jul-2025 11-23-32,F5,dnaN,VC_0013,"DNA polymerase III, beta chain; Confers DNA tethering and processivity to DNA polymerases and other proteins. Acts as a clamp, forming a ring around DNA (a reaction catalyzed by the clamp-loading complex) which diffuses in an ATP- independent manner freely and bidirectionally along dsDNA. Initially characterized for its ability to contact the catalytic subunit of DNA polymerase III (Pol III), a complex, multichain enzyme responsible for most of the replicative synthesis in bacteria; Pol III exhibits 3'-5' exonuclease proofreading activity. The beta chain is required for initiation of r [...] ",11.295446,6.1012855,Unclassified,#ff00c3
Plate2_Drawer5 22-Jul-2025 11-23-32,F6,mutH,VC_0668,DNA mismatch repair protein MutH; Sequence-specific endonuclease that cleaves unmethylated GATC sequences. It is involved in DNA mismatch repair; Belongs to the MutH family.,10.654284,10.539643,Unclassified,#ff00c3
Plate2_Drawer5 22-Jul-2025 11-23-32,F7,pabC,VC_2018,"4-amino-4-deoxychorismate lyase; Involved in the biosynthesis of p-aminobenzoate (PABA), a precursor of tetrahydrofolate. Converts 4-amino-4-deoxychorismate into 4-aminobenzoate (PABA) and pyruvate (By similarity).",8.188045,7.151604,Unclassified,#ff00c3
Plate2_Drawer5 22-Jul-2025 11-23-32,F8,lexA,VC_0092,"LexA repressor; Represses a number of genes involved in the response to DNA damage (SOS response), including recA and lexA. In the presence of single-stranded DNA, RecA interacts with LexA causing an autocatalytic cleavage which disrupts the DNA-binding part of LexA, leading to derepression of the SOS regulon and eventually DNA repair.",11.563769,-0.86115754,Unclassified,#ff00c3
Plate2_Drawer5 22-Jul-2025 11-23-32,F9,VC_2271,VC_2271,"Riboflavin-specific deaminase; Converts 2,5-diamino-6-(ribosylamino)-4(3h)-pyrimidinone 5'- phosphate into 5-amino-6-(ribosylamino)-2,4(1h,3h)-pyrimidinedione 5'- phosphate; In the C-terminal section; belongs to the HTP reductase family.",10.931297,5.2078614,Unclassified,#ff00c3
Plate2_Drawer5 25-Aug-2025 13-08-37,A1,flgK,VC_2191,Flagellar hook-associated protein FlgM; Similar to PID:2443633; identified by sequence similarity; putative. HOOK FILSMENT JUNCTION,9.305758,6.9938283,Motility,#ff0004
Plate2_Drawer5 25-Aug-2025 13-08-37,A10,VC_2523,VC_2523,Conserved hypothetical protein; Identified by Glimmer2; putative.,9.332228,9.498296,Unclassified,#ff00c3
Plate2_Drawer5 25-Aug-2025 13-08-37,A11,fliR,VC_2121,Flagellar biosynthetic protein FliR; Role in flagellar biosynthesis. Belongs to the FliR/MopE/SpaR family.,7.9462824,-0.05121343,Motility,#ff0004
Plate2_Drawer5 25-Aug-2025 13-08-37,A12,argR,VC_0431,Arginine repressor; Regulates arginine biosynthesis genes.,9.2706585,8.421933,Unclassified,#ff00c3
Plate2_Drawer5 25-Aug-2025 13-08-37,A2,flrB,VC_2136,Sensory box sensor histidine kinase; Similar to PID:2338728; identified by sequence similarity; putative.,8.51857,0.108504884,Motility,#ff0004
Plate2_Drawer5 25-Aug-2025 13-08-37,A3,rjg,VC_0264,Conserved hypothetical protein; Identified by Glimmer2; putative.,10.969256,11.700352,Unclassified,#ff00c3
Plate2_Drawer5 25-Aug-2025 13-08-37,A4,fliA,VC_2066,RNA polymerase sigma factor for flagellar operon FliA; Sigma factors are initiation factors that promote the attachment of RNA polymerase to specific initiation sites and are then released. This sigma factor controls the expression of flagella-related genes; Belongs to the sigma-70 factor family. FliA subfamily.,10.6975155,-1.4973685,Motility,#ff0004
Plate2_Drawer5 25-Aug-2025 13-08-37,A5,flgM,VC_2204,"Negative regulator of flagellin synthesis FlgM, putative; Similar to GB:L14437 SP:P39809 PID:451869 PID:1762336 GB:AL009126; identified by sequence similarity; putative.",9.659364,9.838077,Motility,#ff0004
Plate2_Drawer5 25-Aug-2025 13-08-37,A6,flrA,VC_2137,Sigma-54 dependent transcriptional activator; Similar to PID:2338727; identified by sequence similarity; putative.,9.821888,-0.69327027,Motility,#ff0004
Plate2_Drawer5 25-Aug-2025 13-08-37,A7,VC_1291,VC_1291,Conserved hypothetical protein; Identified by Glimmer2; putative.,8.592751,6.5971894,Unclassified,#ff00c3
Plate2_Drawer5 25-Aug-2025 13-08-37,A8,thiI,VC_0894,"Thiamin biosynthesis protein ThiI; Catalyzes the ATP-dependent transfer of a sulfur to tRNA to produce 4-thiouridine in position 8 of tRNAs, which functions as a near-UV photosensor. Also catalyzes the transfer of sulfur to the sulfur carrier protein ThiS, forming ThiS-thiocarboxylate. This is a step in the synthesis of thiazole, in the thiamine biosynthesis pathway. The sulfur is donated as persulfide by IscS.",9.3668585,10.761149,Unclassified,#ff00c3
Plate2_Drawer5 25-Aug-2025 13-08-37,A9,flhB,VC_2120,"Flagellar biosynthetic protein FlhB; Required for formation of the rod structure in the basal body of the flagellar apparatus. Together with FliI and FliH, may constitute the export apparatus of flagellin; Belongs to the type III secretion exporter family.",9.020903,-1.3622146,Motility,#ff0004
Plate2_Drawer5 25-Aug-2025 13-08-37,B1,aroE,VC_0056,"Shikimate 5-dehydrogenase; Involved in the biosynthesis of the chorismate, which leads to the biosynthesis of aromatic amino acids. Catalyzes the reversible NADPH linked reduction of 3-dehydroshikimate (DHSA) to yield shikimate (SA).",9.321013,9.992584,Unclassified,#ff00c3
Plate2_Drawer5 25-Aug-2025 13-08-37,B10,wbeN,VC_0251,Acyl protein synthase/acyl-CoA reductase RfbN; Similar to GB:X59554 PID:48393; identified by sequence similarity; putative.,9.767269,4.1272235,O-Antigen Biosynthesis,#0096ff
Plate2_Drawer5 25-Aug-2025 13-08-37,B11,wbeL,VC_0249,rfbL protein; Similar to GB:X59554 PID:48391; identified by sequence similarity; putative.,2.2887592,-0.5445911,O-Antigen Biosynthesis,#0096ff
Plate2_Drawer5 25-Aug-2025 13-08-37,B12,pstB1,VC_0726,"Phosphate ABC transporter, ATP-binding protein; Part of the ABC transporter complex PstSACB involved in phosphate import. Responsible for energy coupling to the transport system; Belongs to the ABC transporter superfamily. Phosphate importer (TC 3.A.1.7) family.",9.299731,9.952677,Unclassified,#ff00c3
Plate2_Drawer5 25-Aug-2025 13-08-37,B4,VC_A0146,VC_A0146,Conserved hypothetical protein; Identified by Glimmer2; putative.,11.403316,9.795762,Unclassified,#ff00c3
Plate2_Drawer5 25-Aug-2025 13-08-37,B5,VC_0289,VC_0289,Gluconate utilization system gnt-I transcriptional repressor; Similar to PID:1304069; identified by sequence similarity; putative.,11.095672,11.787087,Unclassified,#ff00c3
Plate2_Drawer5 25-Aug-2025 13-08-37,B6,VC_A0005,VC_A0005,Hypothetical protein; Identified by Glimmer2; putative.,9.856922,9.7060175,Unclassified,#ff00c3
Plate2_Drawer5 25-Aug-2025 13-08-37,B8,mltF,VC_0866,"Transglycosylase, Slt family; Murein-degrading enzyme that degrades murein glycan strands and insoluble, high-molecular weight murein sacculi, with the concomitant formation of a 1,6-anhydromuramoyl product. Lytic transglycosylases (LTs) play an integral role in the metabolism of the peptidoglycan (PG) sacculus. Their lytic action creates space within the PG sacculus to allow for its expansion as well as for the insertion of various structures such as secretion systems and flagella. In the N-terminal section; belongs to the bacterial solute- binding protein 3 family.",7.31212,4.711823,Unclassified,#ff00c3
Plate2_Drawer5 25-Aug-2025 13-08-37,B9,VC_A0726,VC_A0726,"Molybdenum ABC transporter, periplasmic molybdenum-binding protein; Similar to GB:L34009 SP:P37329 PID:504498 PID:973214 PID:1147817; identified by sequence similarity; putative.",9.168346,7.5137835,Unclassified,#ff00c3
Plate2_Drawer5 25-Aug-2025 13-08-37,C1,VC_1885,VC_1885,Hypothetical protein; Identified by Glimmer2; putative.,2.3378143,6.0717044,Unclassified,#ff00c3
Plate2_Drawer5 25-Aug-2025 13-08-37,C10,flgF,VC_2196,Flagellar basal-body rod protein FlgF; Similar to GB:U00096 SP:P75938 PID:1787317; identified by sequence similarity; putative; Belongs to the flagella basal body rod proteins family.,8.016404,0.43979424,Motility,#ff0004
Plate2_Drawer5 25-Aug-2025 13-08-37,C11,VC_2441,VC_2441,Conserved hypothetical protein; Identified by Glimmer2; putative.,8.850116,8.295724,Unclassified,#ff00c3
Plate2_Drawer5 25-Aug-2025 13-08-37,C12,VC_1710,VC_1710,Conserved hypothetical protein; Identified by Glimmer2; putative.,8.972738,10.087623,Unclassified,#ff00c3
Plate2_Drawer5 25-Aug-2025 13-08-37,C2,aroQ,VC_0297,3-dehydroquinate dehydratase; Catalyzes a trans-dehydration via an enolate intermediate. Belongs to the type-II 3-dehydroquinase family.,5.8471713,2.7992682,Unclassified,#ff00c3
Plate2_Drawer5 25-Aug-2025 13-08-37,C3,VC_1359,VC_1359,"Amino acid ABC transporter, ATP-binding protein; Similar to PID:1154897; identified by sequence similarity; putative.",5.081334,-4.30557,Unclassified,#ff00c3
Plate2_Drawer5 25-Aug-2025 13-08-37,C4,VC_A0328,VC_A0328,"Biphenyl-2,3-diol 1,2-dioxygenase III-related protein; Similar to GB:X75635 SP:P47233 PID:473121; identified by sequence similarity; putative.",10.553316,8.904897,Unclassified,#ff00c3
Plate2_Drawer5 25-Aug-2025 13-08-37,C5,VC_1350,VC_1350,"Antioxidant, putative; Thiol-specific peroxidase that catalyzes the reduction of hydrogen peroxide and organic hydroperoxides to water and alcohols, respectively. Plays a role in cell protection against oxidative stress by detoxifying peroxides; Belongs to the peroxiredoxin family. Prx5 subfamily.",10.893669,10.387066,Unclassified,#ff00c3
Plate2_Drawer5 25-Aug-2025 13-08-37,C6,manB,VC_0242,Phosphomannomutase; Involved in GDP-mannose biosynthesis which serves as the activated sugar nucleotide precursor for mannose residues in cell surface polysaccharides; Belongs to the phosphohexose mutase family.,10.248851,4.3535867,O-Antigen Biosynthesis,#0096ff
Plate2_Drawer5 25-Aug-2025 13-08-37,C7,mrcA,VC_2635,Penicillin-binding protein 1A; Cell wall formation. Synthesis of cross-linked peptidoglycan from the lipid intermediates. The enzyme has a penicillin-insensitive transglycosylase N-terminal domain (formation of linear glycan strands) and a penicillin-sensitive transpeptidase C-terminal domain (cross- linking of the peptide subunits).,9.026726,1.2655742,Unclassified,#ff00c3
Plate2_Drawer5 25-Aug-2025 13-08-37,C8,VC_A0079,VC_A0079,Conserved hypothetical protein; Identified by Glimmer2; putative.,10.319075,3.268759,Unclassified,#ff00c3
Plate2_Drawer5 25-Aug-2025 13-08-37,C9,potA,VC_1428,"Spermidine/putrescine ABC transporter, ATP-binding protein; Part of the ABC transporter complex PotABCD involved in spermidine/putrescine import. Responsible for energy coupling to the transport system; Belongs to the ABC transporter superfamily. Spermidine/putrescine importer (TC 3.A.1.11.1) family.",10.101175,1.8293693,Polyamine Import,#14f7f0
Plate2_Drawer5 25-Aug-2025 13-08-37,D1,VC_A0340,VC_A0340,Hypothetical protein; Identified by Glimmer2; putative.,11.859849,9.493861,Unclassified,#ff00c3
Plate2_Drawer5 25-Aug-2025 13-08-37,D10,bioD,VC_1115,"Dethiobiotin synthetase; Catalyzes a mechanistically unusual reaction, the ATP- dependent insertion of CO2 between the N7 and N8 nitrogen atoms of 7,8- diaminopelargonic acid (DAPA) to form an ureido ring.",4.8042684,-6.0442033,Biotin Biosynthesis,#ff9f1c
Plate2_Drawer5 25-Aug-2025 13-08-37,D11,flaA,VC_2188,Flagellin core protein A; Flagellin is the subunit protein which polymerizes to form the filaments of bacterial flagella. FlaA is required to form a core or scaffold into which the other flagellins are inserted to provide structural integrity. Essential for flagellar synthesis and motility; important for full virulence.,8.769496,-0.86399084,Motility,#ff0004
Plate2_Drawer5 25-Aug-2025 13-08-37,D12,wavL,VC_0239,Conserved hypothetical protein; Identified by Glimmer2; putative.,4.03767,-0.1299947,O-Antigen Biosynthesis,#0096ff
Plate2_Drawer5 25-Aug-2025 13-08-37,D2,VC_0745,VC_0745,Inositol monophosphate family protein; Similar to GB:M34828 SP:P22783 PID:147899 GB:U00096 PID:1788882; identified by sequence similarity; putative; Belongs to the inositol monophosphatase superfamily.,9.284432,5.6211853,Unclassified,#ff00c3
Plate2_Drawer5 25-Aug-2025 13-08-37,D3,VC_2485,VC_2485,"Transcriptional regulator, LysR family; Similar to GB:D10483 SP:P10151 GB:M21150 PID:1128961 PID:146605; identified by sequence similarity; putative; Belongs to the LysR transcriptional regulatory family.",9.345745,3.1161432,Unclassified,#ff00c3
Plate2_Drawer5 25-Aug-2025 13-08-37,D4,rimO,VC_2620,Conserved hypothetical protein; Catalyzes the methylthiolation of an aspartic acid residue of ribosomal protein S12; Belongs to the methylthiotransferase family. RimO subfamily.,10.606986,11.346565,Unclassified,#ff00c3
Plate2_Drawer5 25-Aug-2025 13-08-37,D5,bioA,VC_1111,"Adenosylmethionine-8-amino-7-oxononanoate aminotransferase; Catalyzes the transfer of the alpha-amino group from S- adenosyl-L-methionine (SAM) to 7-keto-8-aminopelargonic acid (KAPA) to form 7,8-diaminopelargonic acid (DAPA). It is the only animotransferase known to utilize SAM as an amino donor; Belongs to the class-III pyridoxal-phosphate-dependent aminotransferase family. BioA subfamily.",4.7962594,-5.9121575,Biotin Biosynthesis,#ff9f1c
Plate2_Drawer5 25-Aug-2025 13-08-37,D6,wbeT,VC_0259,Lipopolysaccharide biosynthesis protein RfbV; Similar to GB:X59554 PID:48400 PID:1929424; identified by sequence similarity; putative.,4.805143,-4.01096,O-Antigen Biosynthesis,#0096ff
Plate2_Drawer5 25-Aug-2025 13-08-37,D7,VC_0929,VC_0929,Hypothetical protein; Identified by Glimmer2; putative.,11.08867,5.67225,Unclassified,#ff00c3
Plate2_Drawer5 25-Aug-2025 13-08-37,D8,flgT,VC_2208,Hypothetical protein; Identified by Glimmer2; putative.,9.409739,-0.63368964,Motility,#ff0004
Plate2_Drawer5 25-Aug-2025 13-08-37,D9,glyA1,VC_0941,"Serine hydroxymethyltransferase; Catalyzes the reversible interconversion of serine and glycine with tetrahydrofolate (THF) serving as the one-carbon carrier. This reaction serves as the major source of one-carbon groups required for the biosynthesis of purines, thymidylate, methionine, and other important biomolecules. Also exhibits THF-independent aldolase activity toward beta-hydroxyamino acids, producing glycine and aldehydes, via a retro-aldol mechanism.",7.1599593,2.8281927,Unclassified,#ff00c3
Plate2_Drawer5 25-Aug-2025 13-08-37,E1,VC_1003,VC_1003,Bacteriocin production protein; Similar to GB:J01666 SP:P08550 PID:146367 PID:147415 GB:U00096; identified by sequence similarity; putative.,6.7509027,2.7478578,Unclassified,#ff00c3
Plate2_Drawer5 25-Aug-2025 13-08-37,E10,flgA,VC_2203,"Flagellar protein, putative; Similar to PID:1272364; identified by sequence similarity; putative.",11.245144,4.208801,Motility,#ff0004
Plate2_Drawer5 25-Aug-2025 13-08-37,E11,VC_A0187,VC_A0187,Hypothetical protein; Identified by Glimmer2; putative.,10.788106,5.631196,Unclassified,#ff00c3
Plate2_Drawer5 25-Aug-2025 13-08-37,E12,VC_1652,VC_1652,Response regulator VieA; Similar to GP:3123891; identified by sequence similarity; putative.,10.529361,11.066908,Unclassified,#ff00c3
Plate2_Drawer5 25-Aug-2025 13-08-37,E2,fliL,VC_2130,Flagellum-specific ATP synthase FliI; Similar to PID:1071643 SP:P52612 GB:U00096 PID:1736607 PID:1788251; identified by sequence similarity; putative.,7.525911,0.59481615,Motility,#ff0004
Plate2_Drawer5 25-Aug-2025 13-08-37,E3,pdhE2,VC_2413,"Pyruvate dehydrogenase, E2 component, dihydrolipoamide acetyltransferase; The pyruvate dehydrogenase complex catalyzes the overall conversion of pyruvate to acetyl-CoA and CO(2).",5.297156,1.3423657,Pyruvate Flux,#39ff14
Plate2_Drawer5 25-Aug-2025 13-08-37,E4,VC_0134,VC_0134,Conserved hypothetical protein; Identified by Glimmer2; putative.,11.204312,12.048041,Unclassified,#ff00c3
Plate2_Drawer5 25-Aug-2025 13-08-37,E5,grx,VC_1146,Glutaredoxin 1; Has a glutathione-disulfide oxidoreductase activity in the presence of NADPH and glutathione reductase. Reduces low molecular weight disulfides and proteins (By similarity).,10.916903,11.892324,Unclassified,#ff00c3
Plate2_Drawer5 25-Aug-2025 13-08-37,E6,cheW,VC_2059,Purine-binding chemotaxis protein CheW; Similar to GB:M13462 SP:P07365 PID:145520 GB:U00096 PID:1736540; identified by sequence similarity; putative.,11.514772,4.4100957,Motility,#ff0004
Plate2_Drawer5 25-Aug-2025 13-08-37,E7,nfuA,VC_2720,"Conserved hypothetical protein; Involved in iron-sulfur cluster biogenesis. Binds a 4Fe-4S cluster, can transfer this cluster to apoproteins, and thereby intervenes in the maturation of Fe/S proteins. Could also act as a scaffold/chaperone for damaged Fe/S proteins.",6.837055,5.3396163,Unclassified,#ff00c3
Plate2_Drawer5 25-Aug-2025 13-08-37,E8,groS2,VC_A0819,"Chaperonin, 10 Kd subunit; Binds to Cpn60 in the presence of Mg-ATP and suppresses the ATPase activity of the latter.",10.593314,11.569883,Unclassified,#ff00c3
Plate2_Drawer5 25-Aug-2025 13-08-37,E9,potD1,VC_1424,"Spermidine/putrescine ABC transporter, periplasmic spermidine/putrescine-binding protein; Required for the activity of the bacterial periplasmic transport system of putrescine; Belongs to the bacterial solute-binding protein PotD/PotF family.",10.586018,1.9548366,Polyamine Import,#14f7f0
Plate2_Drawer5 25-Aug-2025 13-08-37,F1,bioF,VC_1113,"8-amino-7-oxononanoate synthase; Catalyzes the decarboxylative condensation of pimeloyl-[acyl- carrier protein] and L-alanine to produce 8-amino-7-oxononanoate (AON), [acyl-carrier protein], and carbon dioxide.",4.6206155,-5.3822103,Biotin Biosynthesis,#ff9f1c
Plate2_Drawer5 25-Aug-2025 13-08-37,F10,WT,WT,,9.989655,11.225047,WT,#000000
Plate2_Drawer5 25-Aug-2025 13-08-37,F2,flgO,VC_2207,Hypothetical protein; Identified by Glimmer2; putative.,10.501705,1.5754399,Motility,#ff0004
Plate2_Drawer5 25-Aug-2025 13-08-37,F3,hslO,VC_2736,Conserved hypothetical protein; Redox regulated molecular chaperone. Protects both thermally unfolding and oxidatively damaged proteins from irreversible aggregation. Plays an important role in the bacterial defense system toward oxidative stress.,8.426101,8.654953,Unclassified,#ff00c3
Plate2_Drawer5 25-Aug-2025 13-08-37,F4,bioC,VC_1114,Biotin synthesis protein BioC; Converts the free carboxyl group of a malonyl-thioester to its methyl ester by transfer of a methyl group from S-adenosyl-L- methionine (SAM). It allows to synthesize pimeloyl-ACP via the fatty acid synthetic pathway.,4.7637796,-5.8869243,Biotin Biosynthesis,#ff9f1c
Plate2_Drawer5 25-Aug-2025 13-08-37,F5,dnaN,VC_0013,"DNA polymerase III, beta chain; Confers DNA tethering and processivity to DNA polymerases and other proteins. Acts as a clamp, forming a ring around DNA (a reaction catalyzed by the clamp-loading complex) which diffuses in an ATP- independent manner freely and bidirectionally along dsDNA. Initially characterized for its ability to contact the catalytic subunit of DNA polymerase III (Pol III), a complex, multichain enzyme responsible for most of the replicative synthesis in bacteria; Pol III exhibits 3'-5' exonuclease proofreading activity. The beta chain is required for initiation of r [...] ",10.9868145,5.67222,Unclassified,#ff00c3
Plate2_Drawer5 25-Aug-2025 13-08-37,F6,mutH,VC_0668,DNA mismatch repair protein MutH; Sequence-specific endonuclease that cleaves unmethylated GATC sequences. It is involved in DNA mismatch repair; Belongs to the MutH family.,7.669195,8.048992,Unclassified,#ff00c3
Plate2_Drawer5 25-Aug-2025 13-08-37,F7,pabC,VC_2018,"4-amino-4-deoxychorismate lyase; Involved in the biosynthesis of p-aminobenzoate (PABA), a precursor of tetrahydrofolate. Converts 4-amino-4-deoxychorismate into 4-aminobenzoate (PABA) and pyruvate (By similarity).",7.4298525,5.259021,Unclassified,#ff00c3
Plate2_Drawer5 25-Aug-2025 13-08-37,F8,lexA,VC_0092,"LexA repressor; Represses a number of genes involved in the response to DNA damage (SOS response), including recA and lexA. In the presence of single-stranded DNA, RecA interacts with LexA causing an autocatalytic cleavage which disrupts the DNA-binding part of LexA, leading to derepression of the SOS regulon and eventually DNA repair.",9.601165,5.3035474,Unclassified,#ff00c3
Plate2_Drawer5 25-Aug-2025 13-08-37,F9,VC_2271,VC_2271,"Riboflavin-specific deaminase; Converts 2,5-diamino-6-(ribosylamino)-4(3h)-pyrimidinone 5'- phosphate into 5-amino-6-(ribosylamino)-2,4(1h,3h)-pyrimidinedione 5'- phosphate; In the C-terminal section; belongs to the HTP reductase family.",10.9786415,5.638101,Unclassified,#ff00c3
Plate2_Drawer5 25-Jul-2025 15-13-08,A1,flgK,VC_2191,Flagellar hook-associated protein FlgM; Similar to PID:2443633; identified by sequence similarity; putative. HOOK FILSMENT JUNCTION,10.811406,6.3187976,Motility,#ff0004
Plate2_Drawer5 25-Jul-2025 15-13-08,A10,VC_2523,VC_2523,Conserved hypothetical protein; Identified by Glimmer2; putative.,6.8064632,5.852355,Unclassified,#ff00c3
Plate2_Drawer5 25-Jul-2025 15-13-08,A11,fliR,VC_2121,Flagellar biosynthetic protein FliR; Role in flagellar biosynthesis. Belongs to the FliR/MopE/SpaR family.,7.9463,0.28477454,Motility,#ff0004
Plate2_Drawer5 25-Jul-2025 15-13-08,A12,argR,VC_0431,Arginine repressor; Regulates arginine biosynthesis genes.,7.133324,5.244071,Unclassified,#ff00c3
Plate2_Drawer5 25-Jul-2025 15-13-08,A2,flrB,VC_2136,Sensory box sensor histidine kinase; Similar to PID:2338728; identified by sequence similarity; putative.,9.70611,-1.3627167,Motility,#ff0004
Plate2_Drawer5 25-Jul-2025 15-13-08,A3,rjg,VC_0264,Conserved hypothetical protein; Identified by Glimmer2; putative.,7.5626082,7.7497196,Unclassified,#ff00c3
Plate2_Drawer5 25-Jul-2025 15-13-08,A4,fliA,VC_2066,RNA polymerase sigma factor for flagellar operon FliA; Sigma factors are initiation factors that promote the attachment of RNA polymerase to specific initiation sites and are then released. This sigma factor controls the expression of flagella-related genes; Belongs to the sigma-70 factor family. FliA subfamily.,8.633279,0.23638359,Motility,#ff0004
Plate2_Drawer5 25-Jul-2025 15-13-08,A5,flgM,VC_2204,"Negative regulator of flagellin synthesis FlgM, putative; Similar to GB:L14437 SP:P39809 PID:451869 PID:1762336 GB:AL009126; identified by sequence similarity; putative.",6.963531,6.6948323,Motility,#ff0004
Plate2_Drawer5 25-Jul-2025 15-13-08,A6,flrA,VC_2137,Sigma-54 dependent transcriptional activator; Similar to PID:2338727; identified by sequence similarity; putative.,9.225362,-0.33374107,Motility,#ff0004
Plate2_Drawer5 25-Jul-2025 15-13-08,A7,VC_1291,VC_1291,Conserved hypothetical protein; Identified by Glimmer2; putative.,7.300345,5.9857063,Unclassified,#ff00c3
Plate2_Drawer5 25-Jul-2025 15-13-08,A8,thiI,VC_0894,"Thiamin biosynthesis protein ThiI; Catalyzes the ATP-dependent transfer of a sulfur to tRNA to produce 4-thiouridine in position 8 of tRNAs, which functions as a near-UV photosensor. Also catalyzes the transfer of sulfur to the sulfur carrier protein ThiS, forming ThiS-thiocarboxylate. This is a step in the synthesis of thiazole, in the thiamine biosynthesis pathway. The sulfur is donated as persulfide by IscS.",6.643303,6.5031037,Unclassified,#ff00c3
Plate2_Drawer5 25-Jul-2025 15-13-08,A9,flhB,VC_2120,"Flagellar biosynthetic protein FlhB; Required for formation of the rod structure in the basal body of the flagellar apparatus. Together with FliI and FliH, may constitute the export apparatus of flagellin; Belongs to the type III secretion exporter family.",7.908828,0.16917212,Motility,#ff0004
Plate2_Drawer5 25-Jul-2025 15-13-08,B1,aroE,VC_0056,"Shikimate 5-dehydrogenase; Involved in the biosynthesis of the chorismate, which leads to the biosynthesis of aromatic amino acids. Catalyzes the reversible NADPH linked reduction of 3-dehydroshikimate (DHSA) to yield shikimate (SA).",8.224296,9.257175,Unclassified,#ff00c3
Plate2_Drawer5 25-Jul-2025 15-13-08,B10,wbeN,VC_0251,Acyl protein synthase/acyl-CoA reductase RfbN; Similar to GB:X59554 PID:48393; identified by sequence similarity; putative.,8.756443,4.4646497,O-Antigen Biosynthesis,#0096ff
Plate2_Drawer5 25-Jul-2025 15-13-08,B11,wbeL,VC_0249,rfbL protein; Similar to GB:X59554 PID:48391; identified by sequence similarity; putative.,3.3383026,-0.36127257,O-Antigen Biosynthesis,#0096ff
Plate2_Drawer5 25-Jul-2025 15-13-08,B12,pstB1,VC_0726,"Phosphate ABC transporter, ATP-binding protein; Part of the ABC transporter complex PstSACB involved in phosphate import. Responsible for energy coupling to the transport system; Belongs to the ABC transporter superfamily. Phosphate importer (TC 3.A.1.7) family.",7.9231157,8.211134,Unclassified,#ff00c3
Plate2_Drawer5 25-Jul-2025 15-13-08,B4,VC_A0146,VC_A0146,Conserved hypothetical protein; Identified by Glimmer2; putative.,10.2960005,2.0015016,Unclassified,#ff00c3
Plate2_Drawer5 25-Jul-2025 15-13-08,B5,VC_0289,VC_0289,Gluconate utilization system gnt-I transcriptional repressor; Similar to PID:1304069; identified by sequence similarity; putative.,8.28243,9.164698,Unclassified,#ff00c3
Plate2_Drawer5 25-Jul-2025 15-13-08,B6,VC_A0005,VC_A0005,Hypothetical protein; Identified by Glimmer2; putative.,7.7509675,7.0426226,Unclassified,#ff00c3
Plate2_Drawer5 25-Jul-2025 15-13-08,B8,mltF,VC_0866,"Transglycosylase, Slt family; Murein-degrading enzyme that degrades murein glycan strands and insoluble, high-molecular weight murein sacculi, with the concomitant formation of a 1,6-anhydromuramoyl product. Lytic transglycosylases (LTs) play an integral role in the metabolism of the peptidoglycan (PG) sacculus. Their lytic action creates space within the PG sacculus to allow for its expansion as well as for the insertion of various structures such as secretion systems and flagella. In the N-terminal section; belongs to the bacterial solute- binding protein 3 family.",7.137867,4.152675,Unclassified,#ff00c3
Plate2_Drawer5 25-Jul-2025 15-13-08,B9,VC_A0726,VC_A0726,"Molybdenum ABC transporter, periplasmic molybdenum-binding protein; Similar to GB:L34009 SP:P37329 PID:504498 PID:973214 PID:1147817; identified by sequence similarity; putative.",7.8821464,6.942089,Unclassified,#ff00c3
Plate2_Drawer5 25-Jul-2025 15-13-08,C1,VC_1885,VC_1885,Hypothetical protein; Identified by Glimmer2; putative.,2.8271763,6.3051586,Unclassified,#ff00c3
Plate2_Drawer5 25-Jul-2025 15-13-08,C10,flgF,VC_2196,Flagellar basal-body rod protein FlgF; Similar to GB:U00096 SP:P75938 PID:1787317; identified by sequence similarity; putative; Belongs to the flagella basal body rod proteins family.,8.706773,0.101697415,Motility,#ff0004
Plate2_Drawer5 25-Jul-2025 15-13-08,C11,VC_2441,VC_2441,Conserved hypothetical protein; Identified by Glimmer2; putative.,6.9392033,3.6547518,Unclassified,#ff00c3
Plate2_Drawer5 25-Jul-2025 15-13-08,C12,VC_1710,VC_1710,Conserved hypothetical protein; Identified by Glimmer2; putative.,7.5546603,7.524308,Unclassified,#ff00c3
Plate2_Drawer5 25-Jul-2025 15-13-08,C3,VC_1359,VC_1359,"Amino acid ABC transporter, ATP-binding protein; Similar to PID:1154897; identified by sequence similarity; putative.",5.12803,-4.400553,Unclassified,#ff00c3
Plate2_Drawer5 25-Jul-2025 15-13-08,C4,VC_A0328,VC_A0328,"Biphenyl-2,3-diol 1,2-dioxygenase III-related protein; Similar to GB:X75635 SP:P47233 PID:473121; identified by sequence similarity; putative.",7.7674704,6.8927617,Unclassified,#ff00c3
Plate2_Drawer5 25-Jul-2025 15-13-08,C5,VC_1350,VC_1350,"Antioxidant, putative; Thiol-specific peroxidase that catalyzes the reduction of hydrogen peroxide and organic hydroperoxides to water and alcohols, respectively. Plays a role in cell protection against oxidative stress by detoxifying peroxides; Belongs to the peroxiredoxin family. Prx5 subfamily.",8.0900955,6.599943,Unclassified,#ff00c3
Plate2_Drawer5 25-Jul-2025 15-13-08,C6,manB,VC_0242,Phosphomannomutase; Involved in GDP-mannose biosynthesis which serves as the activated sugar nucleotide precursor for mannose residues in cell surface polysaccharides; Belongs to the phosphohexose mutase family.,10.064493,4.3006616,O-Antigen Biosynthesis,#0096ff
Plate2_Drawer5 25-Jul-2025 15-13-08,C7,mrcA,VC_2635,Penicillin-binding protein 1A; Cell wall formation. Synthesis of cross-linked peptidoglycan from the lipid intermediates. The enzyme has a penicillin-insensitive transglycosylase N-terminal domain (formation of linear glycan strands) and a penicillin-sensitive transpeptidase C-terminal domain (cross- linking of the peptide subunits).,6.9925585,0.8471478,Unclassified,#ff00c3
Plate2_Drawer5 25-Jul-2025 15-13-08,C8,VC_A0079,VC_A0079,Conserved hypothetical protein; Identified by Glimmer2; putative.,7.2012177,0.7835865,Unclassified,#ff00c3
Plate2_Drawer5 25-Jul-2025 15-13-08,C9,potA,VC_1428,"Spermidine/putrescine ABC transporter, ATP-binding protein; Part of the ABC transporter complex PotABCD involved in spermidine/putrescine import. Responsible for energy coupling to the transport system; Belongs to the ABC transporter superfamily. Spermidine/putrescine importer (TC 3.A.1.11.1) family.",7.2209,0.8506975,Polyamine Import,#14f7f0
Plate2_Drawer5 25-Jul-2025 15-13-08,D1,VC_A0340,VC_A0340,Hypothetical protein; Identified by Glimmer2; putative.,8.857082,9.048646,Unclassified,#ff00c3
Plate2_Drawer5 25-Jul-2025 15-13-08,D10,bioD,VC_1115,"Dethiobiotin synthetase; Catalyzes a mechanistically unusual reaction, the ATP- dependent insertion of CO2 between the N7 and N8 nitrogen atoms of 7,8- diaminopelargonic acid (DAPA) to form an ureido ring.",4.6476755,-5.0377126,Biotin Biosynthesis,#ff9f1c
Plate2_Drawer5 25-Jul-2025 15-13-08,D11,flaA,VC_2188,Flagellin core protein A; Flagellin is the subunit protein which polymerizes to form the filaments of bacterial flagella. FlaA is required to form a core or scaffold into which the other flagellins are inserted to provide structural integrity. Essential for flagellar synthesis and motility; important for full virulence.,9.155615,-1.2919161,Motility,#ff0004
Plate2_Drawer5 25-Jul-2025 15-13-08,D12,wavL,VC_0239,Conserved hypothetical protein; Identified by Glimmer2; putative.,3.9366179,-0.19798136,O-Antigen Biosynthesis,#0096ff
Plate2_Drawer5 25-Jul-2025 15-13-08,D2,VC_0745,VC_0745,Inositol monophosphate family protein; Similar to GB:M34828 SP:P22783 PID:147899 GB:U00096 PID:1788882; identified by sequence similarity; putative; Belongs to the inositol monophosphatase superfamily.,6.7548,2.7813263,Unclassified,#ff00c3
Plate2_Drawer5 25-Jul-2025 15-13-08,D3,VC_2485,VC_2485,"Transcriptional regulator, LysR family; Similar to GB:D10483 SP:P10151 GB:M21150 PID:1128961 PID:146605; identified by sequence similarity; putative; Belongs to the LysR transcriptional regulatory family.",8.311575,2.9466324,Unclassified,#ff00c3
Plate2_Drawer5 25-Jul-2025 15-13-08,D4,rimO,VC_2620,Conserved hypothetical protein; Catalyzes the methylthiolation of an aspartic acid residue of ribosomal protein S12; Belongs to the methylthiotransferase family. RimO subfamily.,7.508374,8.053891,Unclassified,#ff00c3
Plate2_Drawer5 25-Jul-2025 15-13-08,D5,bioA,VC_1111,"Adenosylmethionine-8-amino-7-oxononanoate aminotransferase; Catalyzes the transfer of the alpha-amino group from S- adenosyl-L-methionine (SAM) to 7-keto-8-aminopelargonic acid (KAPA) to form 7,8-diaminopelargonic acid (DAPA). It is the only animotransferase known to utilize SAM as an amino donor; Belongs to the class-III pyridoxal-phosphate-dependent aminotransferase family. BioA subfamily.",4.793133,-5.5841885,Biotin Biosynthesis,#ff9f1c
Plate2_Drawer5 25-Jul-2025 15-13-08,D6,wbeT,VC_0259,Lipopolysaccharide biosynthesis protein RfbV; Similar to GB:X59554 PID:48400 PID:1929424; identified by sequence similarity; putative.,4.8499494,-4.0113926,O-Antigen Biosynthesis,#0096ff
Plate2_Drawer5 25-Jul-2025 15-13-08,D7,VC_0929,VC_0929,Hypothetical protein; Identified by Glimmer2; putative.,7.972408,3.6803594,Unclassified,#ff00c3
Plate2_Drawer5 25-Jul-2025 15-13-08,D8,flgT,VC_2208,Hypothetical protein; Identified by Glimmer2; putative.,9.369117,-0.42600095,Motility,#ff0004
Plate2_Drawer5 25-Jul-2025 15-13-08,D9,glyA1,VC_0941,"Serine hydroxymethyltransferase; Catalyzes the reversible interconversion of serine and glycine with tetrahydrofolate (THF) serving as the one-carbon carrier. This reaction serves as the major source of one-carbon groups required for the biosynthesis of purines, thymidylate, methionine, and other important biomolecules. Also exhibits THF-independent aldolase activity toward beta-hydroxyamino acids, producing glycine and aldehydes, via a retro-aldol mechanism.",6.1098638,1.4105046,Unclassified,#ff00c3
Plate2_Drawer5 25-Jul-2025 15-13-08,E1,VC_1003,VC_1003,Bacteriocin production protein; Similar to GB:J01666 SP:P08550 PID:146367 PID:147415 GB:U00096; identified by sequence similarity; putative.,6.6331134,0.67542577,Unclassified,#ff00c3
Plate2_Drawer5 25-Jul-2025 15-13-08,E10,flgA,VC_2203,"Flagellar protein, putative; Similar to PID:1272364; identified by sequence similarity; putative.",10.825606,4.0112133,Motility,#ff0004
Plate2_Drawer5 25-Jul-2025 15-13-08,E11,VC_A0187,VC_A0187,Hypothetical protein; Identified by Glimmer2; putative.,7.029367,4.3424296,Unclassified,#ff00c3
Plate2_Drawer5 25-Jul-2025 15-13-08,E12,VC_1652,VC_1652,Response regulator VieA; Similar to GP:3123891; identified by sequence similarity; putative.,7.211885,7.923978,Unclassified,#ff00c3
Plate2_Drawer5 25-Jul-2025 15-13-08,E2,fliL,VC_2130,Flagellum-specific ATP synthase FliI; Similar to PID:1071643 SP:P52612 GB:U00096 PID:1736607 PID:1788251; identified by sequence similarity; putative.,9.05872,-1.273247,Motility,#ff0004
Plate2_Drawer5 25-Jul-2025 15-13-08,E3,pdhE2,VC_2413,"Pyruvate dehydrogenase, E2 component, dihydrolipoamide acetyltransferase; The pyruvate dehydrogenase complex catalyzes the overall conversion of pyruvate to acetyl-CoA and CO(2).",5.0766587,1.0096911,Pyruvate Flux,#39ff14
Plate2_Drawer5 25-Jul-2025 15-13-08,E4,VC_0134,VC_0134,Conserved hypothetical protein; Identified by Glimmer2; putative.,7.3651714,7.8552527,Unclassified,#ff00c3
Plate2_Drawer5 25-Jul-2025 15-13-08,E5,grx,VC_1146,Glutaredoxin 1; Has a glutathione-disulfide oxidoreductase activity in the presence of NADPH and glutathione reductase. Reduces low molecular weight disulfides and proteins (By similarity).,7.65497,8.834614,Unclassified,#ff00c3
Plate2_Drawer5 25-Jul-2025 15-13-08,E6,cheW,VC_2059,Purine-binding chemotaxis protein CheW; Similar to GB:M13462 SP:P07365 PID:145520 GB:U00096 PID:1736540; identified by sequence similarity; putative.,11.231612,3.9502,Motility,#ff0004
Plate2_Drawer5 25-Jul-2025 15-13-08,E7,nfuA,VC_2720,"Conserved hypothetical protein; Involved in iron-sulfur cluster biogenesis. Binds a 4Fe-4S cluster, can transfer this cluster to apoproteins, and thereby intervenes in the maturation of Fe/S proteins. Could also act as a scaffold/chaperone for damaged Fe/S proteins.",6.5737014,2.7265248,Unclassified,#ff00c3
Plate2_Drawer5 25-Jul-2025 15-13-08,E8,groS2,VC_A0819,"Chaperonin, 10 Kd subunit; Binds to Cpn60 in the presence of Mg-ATP and suppresses the ATPase activity of the latter.",8.115649,9.79825,Unclassified,#ff00c3
Plate2_Drawer5 25-Jul-2025 15-13-08,E9,potD1,VC_1424,"Spermidine/putrescine ABC transporter, periplasmic spermidine/putrescine-binding protein; Required for the activity of the bacterial periplasmic transport system of putrescine; Belongs to the bacterial solute-binding protein PotD/PotF family.",9.313065,1.5145811,Polyamine Import,#14f7f0
Plate2_Drawer5 25-Jul-2025 15-13-08,F1,bioF,VC_1113,"8-amino-7-oxononanoate synthase; Catalyzes the decarboxylative condensation of pimeloyl-[acyl- carrier protein] and L-alanine to produce 8-amino-7-oxononanoate (AON), [acyl-carrier protein], and carbon dioxide.",4.6194525,-5.281599,Biotin Biosynthesis,#ff9f1c
Plate2_Drawer5 25-Jul-2025 15-13-08,F10,WT,WT,,7.7483,8.380706,WT,#000000
Plate2_Drawer5 25-Jul-2025 15-13-08,F2,flgO,VC_2207,Hypothetical protein; Identified by Glimmer2; putative.,6.748921,1.2890768,Motility,#ff0004
Plate2_Drawer5 25-Jul-2025 15-13-08,F3,hslO,VC_2736,Conserved hypothetical protein; Redox regulated molecular chaperone. Protects both thermally unfolding and oxidatively damaged proteins from irreversible aggregation. Plays an important role in the bacterial defense system toward oxidative stress.,7.448589,5.962837,Unclassified,#ff00c3
Plate2_Drawer5 25-Jul-2025 15-13-08,F4,bioC,VC_1114,Biotin synthesis protein BioC; Converts the free carboxyl group of a malonyl-thioester to its methyl ester by transfer of a methyl group from S-adenosyl-L- methionine (SAM). It allows to synthesize pimeloyl-ACP via the fatty acid synthetic pathway.,4.788059,-5.6264634,Biotin Biosynthesis,#ff9f1c
Plate2_Drawer5 25-Jul-2025 15-13-08,F5,dnaN,VC_0013,"DNA polymerase III, beta chain; Confers DNA tethering and processivity to DNA polymerases and other proteins. Acts as a clamp, forming a ring around DNA (a reaction catalyzed by the clamp-loading complex) which diffuses in an ATP- independent manner freely and bidirectionally along dsDNA. Initially characterized for its ability to contact the catalytic subunit of DNA polymerase III (Pol III), a complex, multichain enzyme responsible for most of the replicative synthesis in bacteria; Pol III exhibits 3'-5' exonuclease proofreading activity. The beta chain is required for initiation of r [...] ",7.8205314,6.754443,Unclassified,#ff00c3
Plate2_Drawer5 25-Jul-2025 15-13-08,F6,mutH,VC_0668,DNA mismatch repair protein MutH; Sequence-specific endonuclease that cleaves unmethylated GATC sequences. It is involved in DNA mismatch repair; Belongs to the MutH family.,9.481447,9.401155,Unclassified,#ff00c3
Plate2_Drawer5 25-Jul-2025 15-13-08,F7,pabC,VC_2018,"4-amino-4-deoxychorismate lyase; Involved in the biosynthesis of p-aminobenzoate (PABA), a precursor of tetrahydrofolate. Converts 4-amino-4-deoxychorismate into 4-aminobenzoate (PABA) and pyruvate (By similarity).",6.8928328,6.0326004,Unclassified,#ff00c3
Plate2_Drawer5 25-Jul-2025 15-13-08,F8,lexA,VC_0092,"LexA repressor; Represses a number of genes involved in the response to DNA damage (SOS response), including recA and lexA. In the presence of single-stranded DNA, RecA interacts with LexA causing an autocatalytic cleavage which disrupts the DNA-binding part of LexA, leading to derepression of the SOS regulon and eventually DNA repair.",7.375583,4.464801,Unclassified,#ff00c3
Plate2_Drawer5 25-Jul-2025 15-13-08,F9,VC_2271,VC_2271,"Riboflavin-specific deaminase; Converts 2,5-diamino-6-(ribosylamino)-4(3h)-pyrimidinone 5'- phosphate into 5-amino-6-(ribosylamino)-2,4(1h,3h)-pyrimidinedione 5'- phosphate; In the C-terminal section; belongs to the HTP reductase family.",8.50203,4.394877,Unclassified,#ff00c3
Plate2_Drawer5 27-Aug-2025 16-58-44,A1,flgK,VC_2191,Flagellar hook-associated protein FlgM; Similar to PID:2443633; identified by sequence similarity; putative. HOOK FILSMENT JUNCTION,10.065909,9.018122,Motility,#ff0004
Plate2_Drawer5 27-Aug-2025 16-58-44,A10,VC_2523,VC_2523,Conserved hypothetical protein; Identified by Glimmer2; putative.,9.7184305,9.660832,Unclassified,#ff00c3
Plate2_Drawer5 27-Aug-2025 16-58-44,A11,fliR,VC_2121,Flagellar biosynthetic protein FliR; Role in flagellar biosynthesis. Belongs to the FliR/MopE/SpaR family.,9.769768,-1.7598308,Motility,#ff0004
Plate2_Drawer5 27-Aug-2025 16-58-44,A12,argR,VC_0431,Arginine repressor; Regulates arginine biosynthesis genes.,8.771699,7.1006627,Unclassified,#ff00c3
Plate2_Drawer5 27-Aug-2025 16-58-44,A2,flrB,VC_2136,Sensory box sensor histidine kinase; Similar to PID:2338728; identified by sequence similarity; putative.,7.9345503,0.40696132,Motility,#ff0004
Plate2_Drawer5 27-Aug-2025 16-58-44,A3,rjg,VC_0264,Conserved hypothetical protein; Identified by Glimmer2; putative.,11.644077,11.962986,Unclassified,#ff00c3
Plate2_Drawer5 27-Aug-2025 16-58-44,A4,fliA,VC_2066,RNA polymerase sigma factor for flagellar operon FliA; Sigma factors are initiation factors that promote the attachment of RNA polymerase to specific initiation sites and are then released. This sigma factor controls the expression of flagella-related genes; Belongs to the sigma-70 factor family. FliA subfamily.,10.666298,-1.4770908,Motility,#ff0004
Plate2_Drawer5 27-Aug-2025 16-58-44,A5,flgM,VC_2204,"Negative regulator of flagellin synthesis FlgM, putative; Similar to GB:L14437 SP:P39809 PID:451869 PID:1762336 GB:AL009126; identified by sequence similarity; putative.",10.771179,10.284818,Motility,#ff0004
Plate2_Drawer5 27-Aug-2025 16-58-44,A6,flrA,VC_2137,Sigma-54 dependent transcriptional activator; Similar to PID:2338727; identified by sequence similarity; putative.,10.211571,-1.1854386,Motility,#ff0004
Plate2_Drawer5 27-Aug-2025 16-58-44,A7,VC_1291,VC_1291,Conserved hypothetical protein; Identified by Glimmer2; putative.,10.463362,8.473322,Unclassified,#ff00c3
Plate2_Drawer5 27-Aug-2025 16-58-44,A8,thiI,VC_0894,"Thiamin biosynthesis protein ThiI; Catalyzes the ATP-dependent transfer of a sulfur to tRNA to produce 4-thiouridine in position 8 of tRNAs, which functions as a near-UV photosensor. Also catalyzes the transfer of sulfur to the sulfur carrier protein ThiS, forming ThiS-thiocarboxylate. This is a step in the synthesis of thiazole, in the thiamine biosynthesis pathway. The sulfur is donated as persulfide by IscS.",10.244861,11.576684,Unclassified,#ff00c3
Plate2_Drawer5 27-Aug-2025 16-58-44,A9,flhB,VC_2120,"Flagellar biosynthetic protein FlhB; Required for formation of the rod structure in the basal body of the flagellar apparatus. Together with FliI and FliH, may constitute the export apparatus of flagellin; Belongs to the type III secretion exporter family.",8.641915,-0.6647545,Motility,#ff0004
Plate2_Drawer5 27-Aug-2025 16-58-44,B1,aroE,VC_0056,"Shikimate 5-dehydrogenase; Involved in the biosynthesis of the chorismate, which leads to the biosynthesis of aromatic amino acids. Catalyzes the reversible NADPH linked reduction of 3-dehydroshikimate (DHSA) to yield shikimate (SA).",10.39388,10.953052,Unclassified,#ff00c3
Plate2_Drawer5 27-Aug-2025 16-58-44,B10,wbeN,VC_0251,Acyl protein synthase/acyl-CoA reductase RfbN; Similar to GB:X59554 PID:48393; identified by sequence similarity; putative.,9.489639,4.8530526,O-Antigen Biosynthesis,#0096ff
Plate2_Drawer5 27-Aug-2025 16-58-44,B11,wbeL,VC_0249,rfbL protein; Similar to GB:X59554 PID:48391; identified by sequence similarity; putative.,2.36312,-0.7503078,O-Antigen Biosynthesis,#0096ff
Plate2_Drawer5 27-Aug-2025 16-58-44,B12,pstB1,VC_0726,"Phosphate ABC transporter, ATP-binding protein; Part of the ABC transporter complex PstSACB involved in phosphate import. Responsible for energy coupling to the transport system; Belongs to the ABC transporter superfamily. Phosphate importer (TC 3.A.1.7) family.",10.753543,11.575872,Unclassified,#ff00c3
Plate2_Drawer5 27-Aug-2025 16-58-44,B4,VC_A0146,VC_A0146,Conserved hypothetical protein; Identified by Glimmer2; putative.,11.41462,10.122676,Unclassified,#ff00c3
Plate2_Drawer5 27-Aug-2025 16-58-44,B5,VC_0289,VC_0289,Gluconate utilization system gnt-I transcriptional repressor; Similar to PID:1304069; identified by sequence similarity; putative.,11.418643,11.819742,Unclassified,#ff00c3
Plate2_Drawer5 27-Aug-2025 16-58-44,B6,VC_A0005,VC_A0005,Hypothetical protein; Identified by Glimmer2; putative.,11.070332,10.860508,Unclassified,#ff00c3
Plate2_Drawer5 27-Aug-2025 16-58-44,B8,mltF,VC_0866,"Transglycosylase, Slt family; Murein-degrading enzyme that degrades murein glycan strands and insoluble, high-molecular weight murein sacculi, with the concomitant formation of a 1,6-anhydromuramoyl product. Lytic transglycosylases (LTs) play an integral role in the metabolism of the peptidoglycan (PG) sacculus. Their lytic action creates space within the PG sacculus to allow for its expansion as well as for the insertion of various structures such as secretion systems and flagella. In the N-terminal section; belongs to the bacterial solute- binding protein 3 family.",7.686005,5.1531057,Unclassified,#ff00c3
Plate2_Drawer5 27-Aug-2025 16-58-44,B9,VC_A0726,VC_A0726,"Molybdenum ABC transporter, periplasmic molybdenum-binding protein; Similar to GB:L34009 SP:P37329 PID:504498 PID:973214 PID:1147817; identified by sequence similarity; putative.",9.985983,9.127234,Unclassified,#ff00c3
Plate2_Drawer5 27-Aug-2025 16-58-44,C1,VC_1885,VC_1885,Hypothetical protein; Identified by Glimmer2; putative.,2.3780663,6.0170765,Unclassified,#ff00c3
Plate2_Drawer5 27-Aug-2025 16-58-44,C10,flgF,VC_2196,Flagellar basal-body rod protein FlgF; Similar to GB:U00096 SP:P75938 PID:1787317; identified by sequence similarity; putative; Belongs to the flagella basal body rod proteins family.,9.214521,-0.2907718,Motility,#ff0004
Plate2_Drawer5 27-Aug-2025 16-58-44,C11,VC_2441,VC_2441,Conserved hypothetical protein; Identified by Glimmer2; putative.,8.354382,6.138948,Unclassified,#ff00c3
Plate2_Drawer5 27-Aug-2025 16-58-44,C12,VC_1710,VC_1710,Conserved hypothetical protein; Identified by Glimmer2; putative.,11.038836,11.676092,Unclassified,#ff00c3
Plate2_Drawer5 27-Aug-2025 16-58-44,C2,aroQ,VC_0297,3-dehydroquinate dehydratase; Catalyzes a trans-dehydration via an enolate intermediate. Belongs to the type-II 3-dehydroquinase family.,6.888714,6.8543973,Unclassified,#ff00c3
Plate2_Drawer5 27-Aug-2025 16-58-44,C3,VC_1359,VC_1359,"Amino acid ABC transporter, ATP-binding protein; Similar to PID:1154897; identified by sequence similarity; putative.",5.0287185,-4.246168,Unclassified,#ff00c3
Plate2_Drawer5 27-Aug-2025 16-58-44,C4,VC_A0328,VC_A0328,"Biphenyl-2,3-diol 1,2-dioxygenase III-related protein; Similar to GB:X75635 SP:P47233 PID:473121; identified by sequence similarity; putative.",11.255554,10.696354,Unclassified,#ff00c3
Plate2_Drawer5 27-Aug-2025 16-58-44,C5,VC_1350,VC_1350,"Antioxidant, putative; Thiol-specific peroxidase that catalyzes the reduction of hydrogen peroxide and organic hydroperoxides to water and alcohols, respectively. Plays a role in cell protection against oxidative stress by detoxifying peroxides; Belongs to the peroxiredoxin family. Prx5 subfamily.",10.867715,9.826556,Unclassified,#ff00c3
Plate2_Drawer5 27-Aug-2025 16-58-44,C6,manB,VC_0242,Phosphomannomutase; Involved in GDP-mannose biosynthesis which serves as the activated sugar nucleotide precursor for mannose residues in cell surface polysaccharides; Belongs to the phosphohexose mutase family.,10.202777,4.2899146,O-Antigen Biosynthesis,#0096ff
Plate2_Drawer5 27-Aug-2025 16-58-44,C7,mrcA,VC_2635,Penicillin-binding protein 1A; Cell wall formation. Synthesis of cross-linked peptidoglycan from the lipid intermediates. The enzyme has a penicillin-insensitive transglycosylase N-terminal domain (formation of linear glycan strands) and a penicillin-sensitive transpeptidase C-terminal domain (cross- linking of the peptide subunits).,10.363429,1.6655614,Unclassified,#ff00c3
Plate2_Drawer5 27-Aug-2025 16-58-44,C8,VC_A0079,VC_A0079,Conserved hypothetical protein; Identified by Glimmer2; putative.,10.226097,-1.3677361,Unclassified,#ff00c3
Plate2_Drawer5 27-Aug-2025 16-58-44,C9,potA,VC_1428,"Spermidine/putrescine ABC transporter, ATP-binding protein; Part of the ABC transporter complex PotABCD involved in spermidine/putrescine import. Responsible for energy coupling to the transport system; Belongs to the ABC transporter superfamily. Spermidine/putrescine importer (TC 3.A.1.11.1) family.",10.52292,1.5664272,Polyamine Import,#14f7f0
Plate2_Drawer5 27-Aug-2025 16-58-44,D1,VC_A0340,VC_A0340,Hypothetical protein; Identified by Glimmer2; putative.,9.296435,8.595211,Unclassified,#ff00c3
Plate2_Drawer5 27-Aug-2025 16-58-44,D10,bioD,VC_1115,"Dethiobiotin synthetase; Catalyzes a mechanistically unusual reaction, the ATP- dependent insertion of CO2 between the N7 and N8 nitrogen atoms of 7,8- diaminopelargonic acid (DAPA) to form an ureido ring.",4.864778,-6.052571,Biotin Biosynthesis,#ff9f1c
Plate2_Drawer5 27-Aug-2025 16-58-44,D11,flaA,VC_2188,Flagellin core protein A; Flagellin is the subunit protein which polymerizes to form the filaments of bacterial flagella. FlaA is required to form a core or scaffold into which the other flagellins are inserted to provide structural integrity. Essential for flagellar synthesis and motility; important for full virulence.,9.088429,-1.330844,Motility,#ff0004
Plate2_Drawer5 27-Aug-2025 16-58-44,D12,wavL,VC_0239,Conserved hypothetical protein; Identified by Glimmer2; putative.,3.89166,-0.22705723,O-Antigen Biosynthesis,#0096ff
Plate2_Drawer5 27-Aug-2025 16-58-44,D2,VC_0745,VC_0745,Inositol monophosphate family protein; Similar to GB:M34828 SP:P22783 PID:147899 GB:U00096 PID:1788882; identified by sequence similarity; putative; Belongs to the inositol monophosphatase superfamily.,9.060257,5.799759,Unclassified,#ff00c3
Plate2_Drawer5 27-Aug-2025 16-58-44,D3,VC_2485,VC_2485,"Transcriptional regulator, LysR family; Similar to GB:D10483 SP:P10151 GB:M21150 PID:1128961 PID:146605; identified by sequence similarity; putative; Belongs to the LysR transcriptional regulatory family.",10.707194,2.5733645,Unclassified,#ff00c3
Plate2_Drawer5 27-Aug-2025 16-58-44,D4,rimO,VC_2620,Conserved hypothetical protein; Catalyzes the methylthiolation of an aspartic acid residue of ribosomal protein S12; Belongs to the methylthiotransferase family. RimO subfamily.,11.236844,12.01442,Unclassified,#ff00c3
Plate2_Drawer5 27-Aug-2025 16-58-44,D5,bioA,VC_1111,"Adenosylmethionine-8-amino-7-oxononanoate aminotransferase; Catalyzes the transfer of the alpha-amino group from S- adenosyl-L-methionine (SAM) to 7-keto-8-aminopelargonic acid (KAPA) to form 7,8-diaminopelargonic acid (DAPA). It is the only animotransferase known to utilize SAM as an amino donor; Belongs to the class-III pyridoxal-phosphate-dependent aminotransferase family. BioA subfamily.",4.782126,-5.76043,Biotin Biosynthesis,#ff9f1c
Plate2_Drawer5 27-Aug-2025 16-58-44,D6,wbeT,VC_0259,Lipopolysaccharide biosynthesis protein RfbV; Similar to GB:X59554 PID:48400 PID:1929424; identified by sequence similarity; putative.,4.827543,-3.9593513,O-Antigen Biosynthesis,#0096ff
Plate2_Drawer5 27-Aug-2025 16-58-44,D7,VC_0929,VC_0929,Hypothetical protein; Identified by Glimmer2; putative.,10.384275,5.725101,Unclassified,#ff00c3
Plate2_Drawer5 27-Aug-2025 16-58-44,D8,flgT,VC_2208,Hypothetical protein; Identified by Glimmer2; putative.,10.814908,-2.09233,Motility,#ff0004
Plate2_Drawer5 27-Aug-2025 16-58-44,D9,glyA1,VC_0941,"Serine hydroxymethyltransferase; Catalyzes the reversible interconversion of serine and glycine with tetrahydrofolate (THF) serving as the one-carbon carrier. This reaction serves as the major source of one-carbon groups required for the biosynthesis of purines, thymidylate, methionine, and other important biomolecules. Also exhibits THF-independent aldolase activity toward beta-hydroxyamino acids, producing glycine and aldehydes, via a retro-aldol mechanism.",7.1394033,2.880089,Unclassified,#ff00c3
Plate2_Drawer5 27-Aug-2025 16-58-44,E1,VC_1003,VC_1003,Bacteriocin production protein; Similar to GB:J01666 SP:P08550 PID:146367 PID:147415 GB:U00096; identified by sequence similarity; putative.,5.4458485,0.84306145,Unclassified,#ff00c3
Plate2_Drawer5 27-Aug-2025 16-58-44,E10,flgA,VC_2203,"Flagellar protein, putative; Similar to PID:1272364; identified by sequence similarity; putative.",11.699906,4.966309,Motility,#ff0004
Plate2_Drawer5 27-Aug-2025 16-58-44,E11,VC_A0187,VC_A0187,Hypothetical protein; Identified by Glimmer2; putative.,11.071943,6.0098395,Unclassified,#ff00c3
Plate2_Drawer5 27-Aug-2025 16-58-44,E12,VC_1652,VC_1652,Response regulator VieA; Similar to GP:3123891; identified by sequence similarity; putative.,10.566278,11.527718,Unclassified,#ff00c3
Plate2_Drawer5 27-Aug-2025 16-58-44,E2,fliL,VC_2130,Flagellum-specific ATP synthase FliI; Similar to PID:1071643 SP:P52612 GB:U00096 PID:1736607 PID:1788251; identified by sequence similarity; putative.,7.344234,0.7686184,Motility,#ff0004
Plate2_Drawer5 27-Aug-2025 16-58-44,E3,pdhE2,VC_2413,"Pyruvate dehydrogenase, E2 component, dihydrolipoamide acetyltransferase; The pyruvate dehydrogenase complex catalyzes the overall conversion of pyruvate to acetyl-CoA and CO(2).",4.875621,1.187239,Pyruvate Flux,#39ff14
Plate2_Drawer5 27-Aug-2025 16-58-44,E4,VC_0134,VC_0134,Conserved hypothetical protein; Identified by Glimmer2; putative.,10.437344,10.419705,Unclassified,#ff00c3
Plate2_Drawer5 27-Aug-2025 16-58-44,E5,grx,VC_1146,Glutaredoxin 1; Has a glutathione-disulfide oxidoreductase activity in the presence of NADPH and glutathione reductase. Reduces low molecular weight disulfides and proteins (By similarity).,10.946613,11.873358,Unclassified,#ff00c3
Plate2_Drawer5 27-Aug-2025 16-58-44,E6,cheW,VC_2059,Purine-binding chemotaxis protein CheW; Similar to GB:M13462 SP:P07365 PID:145520 GB:U00096 PID:1736540; identified by sequence similarity; putative.,11.524689,4.396948,Motility,#ff0004
Plate2_Drawer5 27-Aug-2025 16-58-44,E7,nfuA,VC_2720,"Conserved hypothetical protein; Involved in iron-sulfur cluster biogenesis. Binds a 4Fe-4S cluster, can transfer this cluster to apoproteins, and thereby intervenes in the maturation of Fe/S proteins. Could also act as a scaffold/chaperone for damaged Fe/S proteins.",7.013,5.196004,Unclassified,#ff00c3
Plate2_Drawer5 27-Aug-2025 16-58-44,E8,groS2,VC_A0819,"Chaperonin, 10 Kd subunit; Binds to Cpn60 in the presence of Mg-ATP and suppresses the ATPase activity of the latter.",10.774798,11.672519,Unclassified,#ff00c3
Plate2_Drawer5 27-Aug-2025 16-58-44,E9,potD1,VC_1424,"Spermidine/putrescine ABC transporter, periplasmic spermidine/putrescine-binding protein; Required for the activity of the bacterial periplasmic transport system of putrescine; Belongs to the bacterial solute-binding protein PotD/PotF family.",10.333362,1.8013347,Polyamine Import,#14f7f0
Plate2_Drawer5 27-Aug-2025 16-58-44,F1,bioF,VC_1113,"8-amino-7-oxononanoate synthase; Catalyzes the decarboxylative condensation of pimeloyl-[acyl- carrier protein] and L-alanine to produce 8-amino-7-oxononanoate (AON), [acyl-carrier protein], and carbon dioxide.",4.7718134,-6.1088567,Biotin Biosynthesis,#ff9f1c
Plate2_Drawer5 27-Aug-2025 16-58-44,F10,WT,WT,,11.216618,12.143306,WT,#000000
Plate2_Drawer5 27-Aug-2025 16-58-44,F2,flgO,VC_2207,Hypothetical protein; Identified by Glimmer2; putative.,10.407025,1.7828876,Motility,#ff0004
Plate2_Drawer5 27-Aug-2025 16-58-44,F3,hslO,VC_2736,Conserved hypothetical protein; Redox regulated molecular chaperone. Protects both thermally unfolding and oxidatively damaged proteins from irreversible aggregation. Plays an important role in the bacterial defense system toward oxidative stress.,9.99356,9.716488,Unclassified,#ff00c3
Plate2_Drawer5 27-Aug-2025 16-58-44,F4,bioC,VC_1114,Biotin synthesis protein BioC; Converts the free carboxyl group of a malonyl-thioester to its methyl ester by transfer of a methyl group from S-adenosyl-L- methionine (SAM). It allows to synthesize pimeloyl-ACP via the fatty acid synthetic pathway.,4.7901163,-6.1347933,Biotin Biosynthesis,#ff9f1c
Plate2_Drawer5 27-Aug-2025 16-58-44,F5,dnaN,VC_0013,"DNA polymerase III, beta chain; Confers DNA tethering and processivity to DNA polymerases and other proteins. Acts as a clamp, forming a ring around DNA (a reaction catalyzed by the clamp-loading complex) which diffuses in an ATP- independent manner freely and bidirectionally along dsDNA. Initially characterized for its ability to contact the catalytic subunit of DNA polymerase III (Pol III), a complex, multichain enzyme responsible for most of the replicative synthesis in bacteria; Pol III exhibits 3'-5' exonuclease proofreading activity. The beta chain is required for initiation of r [...] ",11.054455,10.423729,Unclassified,#ff00c3
Plate2_Drawer5 27-Aug-2025 16-58-44,F6,mutH,VC_0668,DNA mismatch repair protein MutH; Sequence-specific endonuclease that cleaves unmethylated GATC sequences. It is involved in DNA mismatch repair; Belongs to the MutH family.,10.307727,10.870262,Unclassified,#ff00c3
Plate2_Drawer5 27-Aug-2025 16-58-44,F7,pabC,VC_2018,"4-amino-4-deoxychorismate lyase; Involved in the biosynthesis of p-aminobenzoate (PABA), a precursor of tetrahydrofolate. Converts 4-amino-4-deoxychorismate into 4-aminobenzoate (PABA) and pyruvate (By similarity).",8.982818,7.2703986,Unclassified,#ff00c3
Plate2_Drawer5 27-Aug-2025 16-58-44,F8,lexA,VC_0092,"LexA repressor; Represses a number of genes involved in the response to DNA damage (SOS response), including recA and lexA. In the presence of single-stranded DNA, RecA interacts with LexA causing an autocatalytic cleavage which disrupts the DNA-binding part of LexA, leading to derepression of the SOS regulon and eventually DNA repair.",10.626682,5.83769,Unclassified,#ff00c3
Plate2_Drawer5 27-Aug-2025 16-58-44,F9,VC_2271,VC_2271,"Riboflavin-specific deaminase; Converts 2,5-diamino-6-(ribosylamino)-4(3h)-pyrimidinone 5'- phosphate into 5-amino-6-(ribosylamino)-2,4(1h,3h)-pyrimidinedione 5'- phosphate; In the C-terminal section; belongs to the HTP reductase family.",10.978074,5.247958,Unclassified,#ff00c3
Plate2_Drawer5 29-Aug-2025 11-37-42,A1,flgK,VC_2191,Flagellar hook-associated protein FlgM; Similar to PID:2443633; identified by sequence similarity; putative. HOOK FILSMENT JUNCTION,11.509446,11.249191,Motility,#ff0004
Plate2_Drawer5 29-Aug-2025 11-37-42,A10,VC_2523,VC_2523,Conserved hypothetical protein; Identified by Glimmer2; putative.,8.535917,7.8217244,Unclassified,#ff00c3
Plate2_Drawer5 29-Aug-2025 11-37-42,A11,fliR,VC_2121,Flagellar biosynthetic protein FliR; Role in flagellar biosynthesis. Belongs to the FliR/MopE/SpaR family.,7.8268504,-0.11954503,Motility,#ff0004
Plate2_Drawer5 29-Aug-2025 11-37-42,A12,argR,VC_0431,Arginine repressor; Regulates arginine biosynthesis genes.,10.048828,8.365274,Unclassified,#ff00c3
Plate2_Drawer5 29-Aug-2025 11-37-42,A2,flrB,VC_2136,Sensory box sensor histidine kinase; Similar to PID:2338728; identified by sequence similarity; putative.,7.283093,0.7051354,Motility,#ff0004
Plate2_Drawer5 29-Aug-2025 11-37-42,A3,rjg,VC_0264,Conserved hypothetical protein; Identified by Glimmer2; putative.,9.178773,9.332921,Unclassified,#ff00c3
Plate2_Drawer5 29-Aug-2025 11-37-42,A4,fliA,VC_2066,RNA polymerase sigma factor for flagellar operon FliA; Sigma factors are initiation factors that promote the attachment of RNA polymerase to specific initiation sites and are then released. This sigma factor controls the expression of flagella-related genes; Belongs to the sigma-70 factor family. FliA subfamily.,10.401799,-1.4619946,Motility,#ff0004
Plate2_Drawer5 29-Aug-2025 11-37-42,A5,flgM,VC_2204,"Negative regulator of flagellin synthesis FlgM, putative; Similar to GB:L14437 SP:P39809 PID:451869 PID:1762336 GB:AL009126; identified by sequence similarity; putative.",8.840712,8.60838,Motility,#ff0004
Plate2_Drawer5 29-Aug-2025 11-37-42,A6,flrA,VC_2137,Sigma-54 dependent transcriptional activator; Similar to PID:2338727; identified by sequence similarity; putative.,10.152849,-1.3579587,Motility,#ff0004
Plate2_Drawer5 29-Aug-2025 11-37-42,A7,VC_1291,VC_1291,Conserved hypothetical protein; Identified by Glimmer2; putative.,10.67239,8.811595,Unclassified,#ff00c3
Plate2_Drawer5 29-Aug-2025 11-37-42,A8,thiI,VC_0894,"Thiamin biosynthesis protein ThiI; Catalyzes the ATP-dependent transfer of a sulfur to tRNA to produce 4-thiouridine in position 8 of tRNAs, which functions as a near-UV photosensor. Also catalyzes the transfer of sulfur to the sulfur carrier protein ThiS, forming ThiS-thiocarboxylate. This is a step in the synthesis of thiazole, in the thiamine biosynthesis pathway. The sulfur is donated as persulfide by IscS.",10.782211,11.643852,Unclassified,#ff00c3
Plate2_Drawer5 29-Aug-2025 11-37-42,A9,flhB,VC_2120,"Flagellar biosynthetic protein FlhB; Required for formation of the rod structure in the basal body of the flagellar apparatus. Together with FliI and FliH, may constitute the export apparatus of flagellin; Belongs to the type III secretion exporter family.",7.7074485,0.29482484,Motility,#ff0004
Plate2_Drawer5 29-Aug-2025 11-37-42,B10,wbeN,VC_0251,Acyl protein synthase/acyl-CoA reductase RfbN; Similar to GB:X59554 PID:48393; identified by sequence similarity; putative.,9.928279,4.480551,O-Antigen Biosynthesis,#0096ff
Plate2_Drawer5 29-Aug-2025 11-37-42,B11,wbeL,VC_0249,rfbL protein; Similar to GB:X59554 PID:48391; identified by sequence similarity; putative.,2.1449223,-0.30363032,O-Antigen Biosynthesis,#0096ff
Plate2_Drawer5 29-Aug-2025 11-37-42,B12,pstB1,VC_0726,"Phosphate ABC transporter, ATP-binding protein; Part of the ABC transporter complex PstSACB involved in phosphate import. Responsible for energy coupling to the transport system; Belongs to the ABC transporter superfamily. Phosphate importer (TC 3.A.1.7) family.",9.801235,10.6904,Unclassified,#ff00c3
Plate2_Drawer5 29-Aug-2025 11-37-42,B4,VC_A0146,VC_A0146,Conserved hypothetical protein; Identified by Glimmer2; putative.,11.548706,9.366201,Unclassified,#ff00c3
Plate2_Drawer5 29-Aug-2025 11-37-42,B5,VC_0289,VC_0289,Gluconate utilization system gnt-I transcriptional repressor; Similar to PID:1304069; identified by sequence similarity; putative.,10.2664385,10.98904,Unclassified,#ff00c3
Plate2_Drawer5 29-Aug-2025 11-37-42,B6,VC_A0005,VC_A0005,Hypothetical protein; Identified by Glimmer2; putative.,8.240936,8.85397,Unclassified,#ff00c3
Plate2_Drawer5 29-Aug-2025 11-37-42,B8,mltF,VC_0866,"Transglycosylase, Slt family; Murein-degrading enzyme that degrades murein glycan strands and insoluble, high-molecular weight murein sacculi, with the concomitant formation of a 1,6-anhydromuramoyl product. Lytic transglycosylases (LTs) play an integral role in the metabolism of the peptidoglycan (PG) sacculus. Their lytic action creates space within the PG sacculus to allow for its expansion as well as for the insertion of various structures such as secretion systems and flagella. In the N-terminal section; belongs to the bacterial solute- binding protein 3 family.",7.177313,4.4972405,Unclassified,#ff00c3
Plate2_Drawer5 29-Aug-2025 11-37-42,B9,VC_A0726,VC_A0726,"Molybdenum ABC transporter, periplasmic molybdenum-binding protein; Similar to GB:L34009 SP:P37329 PID:504498 PID:973214 PID:1147817; identified by sequence similarity; putative.",8.320238,7.835385,Unclassified,#ff00c3
Plate2_Drawer5 29-Aug-2025 11-37-42,C1,VC_1885,VC_1885,Hypothetical protein; Identified by Glimmer2; putative.,2.3547995,6.049135,Unclassified,#ff00c3
Plate2_Drawer5 29-Aug-2025 11-37-42,C10,flgF,VC_2196,Flagellar basal-body rod protein FlgF; Similar to GB:U00096 SP:P75938 PID:1787317; identified by sequence similarity; putative; Belongs to the flagella basal body rod proteins family.,9.786556,-0.7340019,Motility,#ff0004
Plate2_Drawer5 29-Aug-2025 11-37-42,C11,VC_2441,VC_2441,Conserved hypothetical protein; Identified by Glimmer2; putative.,7.3947654,3.4801426,Unclassified,#ff00c3
Plate2_Drawer5 29-Aug-2025 11-37-42,C12,VC_1710,VC_1710,Conserved hypothetical protein; Identified by Glimmer2; putative.,8.142405,9.049179,Unclassified,#ff00c3
Plate2_Drawer5 29-Aug-2025 11-37-42,C2,aroQ,VC_0297,3-dehydroquinate dehydratase; Catalyzes a trans-dehydration via an enolate intermediate. Belongs to the type-II 3-dehydroquinase family.,5.8674,2.8447313,Unclassified,#ff00c3
Plate2_Drawer5 29-Aug-2025 11-37-42,C3,VC_1359,VC_1359,"Amino acid ABC transporter, ATP-binding protein; Similar to PID:1154897; identified by sequence similarity; putative.",5.0878735,-4.290762,Unclassified,#ff00c3
Plate2_Drawer5 29-Aug-2025 11-37-42,C4,VC_A0328,VC_A0328,"Biphenyl-2,3-diol 1,2-dioxygenase III-related protein; Similar to GB:X75635 SP:P47233 PID:473121; identified by sequence similarity; putative.",10.827054,9.159445,Unclassified,#ff00c3
Plate2_Drawer5 29-Aug-2025 11-37-42,C5,VC_1350,VC_1350,"Antioxidant, putative; Thiol-specific peroxidase that catalyzes the reduction of hydrogen peroxide and organic hydroperoxides to water and alcohols, respectively. Plays a role in cell protection against oxidative stress by detoxifying peroxides; Belongs to the peroxiredoxin family. Prx5 subfamily.",10.532635,8.322529,Unclassified,#ff00c3
Plate2_Drawer5 29-Aug-2025 11-37-42,C6,manB,VC_0242,Phosphomannomutase; Involved in GDP-mannose biosynthesis which serves as the activated sugar nucleotide precursor for mannose residues in cell surface polysaccharides; Belongs to the phosphohexose mutase family.,10.123611,4.18925,O-Antigen Biosynthesis,#0096ff
Plate2_Drawer5 29-Aug-2025 11-37-42,C7,mrcA,VC_2635,Penicillin-binding protein 1A; Cell wall formation. Synthesis of cross-linked peptidoglycan from the lipid intermediates. The enzyme has a penicillin-insensitive transglycosylase N-terminal domain (formation of linear glycan strands) and a penicillin-sensitive transpeptidase C-terminal domain (cross- linking of the peptide subunits).,9.3763075,1.6260741,Unclassified,#ff00c3
Plate2_Drawer5 29-Aug-2025 11-37-42,C8,VC_A0079,VC_A0079,Conserved hypothetical protein; Identified by Glimmer2; putative.,10.08101,2.9085965,Unclassified,#ff00c3
Plate2_Drawer5 29-Aug-2025 11-37-42,C9,potA,VC_1428,"Spermidine/putrescine ABC transporter, ATP-binding protein; Part of the ABC transporter complex PotABCD involved in spermidine/putrescine import. Responsible for energy coupling to the transport system; Belongs to the ABC transporter superfamily. Spermidine/putrescine importer (TC 3.A.1.11.1) family.",10.380528,1.6321945,Polyamine Import,#14f7f0
Plate2_Drawer5 29-Aug-2025 11-37-42,D1,VC_A0340,VC_A0340,Hypothetical protein; Identified by Glimmer2; putative.,11.74576,9.545612,Unclassified,#ff00c3
Plate2_Drawer5 29-Aug-2025 11-37-42,D10,bioD,VC_1115,"Dethiobiotin synthetase; Catalyzes a mechanistically unusual reaction, the ATP- dependent insertion of CO2 between the N7 and N8 nitrogen atoms of 7,8- diaminopelargonic acid (DAPA) to form an ureido ring.",4.9114175,-6.0370903,Biotin Biosynthesis,#ff9f1c
Plate2_Drawer5 29-Aug-2025 11-37-42,D11,flaA,VC_2188,Flagellin core protein A; Flagellin is the subunit protein which polymerizes to form the filaments of bacterial flagella. FlaA is required to form a core or scaffold into which the other flagellins are inserted to provide structural integrity. Essential for flagellar synthesis and motility; important for full virulence.,10.069537,-1.935181,Motility,#ff0004
Plate2_Drawer5 29-Aug-2025 11-37-42,D12,wavL,VC_0239,Conserved hypothetical protein; Identified by Glimmer2; putative.,3.814853,-0.30737114,O-Antigen Biosynthesis,#0096ff
Plate2_Drawer5 29-Aug-2025 11-37-42,D2,VC_0745,VC_0745,Inositol monophosphate family protein; Similar to GB:M34828 SP:P22783 PID:147899 GB:U00096 PID:1788882; identified by sequence similarity; putative; Belongs to the inositol monophosphatase superfamily.,7.712861,3.6788065,Unclassified,#ff00c3
Plate2_Drawer5 29-Aug-2025 11-37-42,D3,VC_2485,VC_2485,"Transcriptional regulator, LysR family; Similar to GB:D10483 SP:P10151 GB:M21150 PID:1128961 PID:146605; identified by sequence similarity; putative; Belongs to the LysR transcriptional regulatory family.",9.066782,2.991132,Unclassified,#ff00c3
Plate2_Drawer5 29-Aug-2025 11-37-42,D4,rimO,VC_2620,Conserved hypothetical protein; Catalyzes the methylthiolation of an aspartic acid residue of ribosomal protein S12; Belongs to the methylthiotransferase family. RimO subfamily.,10.49944,11.001133,Unclassified,#ff00c3
Plate2_Drawer5 29-Aug-2025 11-37-42,D5,bioA,VC_1111,"Adenosylmethionine-8-amino-7-oxononanoate aminotransferase; Catalyzes the transfer of the alpha-amino group from S- adenosyl-L-methionine (SAM) to 7-keto-8-aminopelargonic acid (KAPA) to form 7,8-diaminopelargonic acid (DAPA). It is the only animotransferase known to utilize SAM as an amino donor; Belongs to the class-III pyridoxal-phosphate-dependent aminotransferase family. BioA subfamily.",4.8002462,-5.656388,Biotin Biosynthesis,#ff9f1c
Plate2_Drawer5 29-Aug-2025 11-37-42,D6,wbeT,VC_0259,Lipopolysaccharide biosynthesis protein RfbV; Similar to GB:X59554 PID:48400 PID:1929424; identified by sequence similarity; putative.,4.9375057,-4.1827116,O-Antigen Biosynthesis,#0096ff
Plate2_Drawer5 29-Aug-2025 11-37-42,D7,VC_0929,VC_0929,Hypothetical protein; Identified by Glimmer2; putative.,10.72382,5.5062985,Unclassified,#ff00c3
Plate2_Drawer5 29-Aug-2025 11-37-42,D8,flgT,VC_2208,Hypothetical protein; Identified by Glimmer2; putative.,10.836146,-2.1688414,Motility,#ff0004
Plate2_Drawer5 29-Aug-2025 11-37-42,D9,glyA1,VC_0941,"Serine hydroxymethyltransferase; Catalyzes the reversible interconversion of serine and glycine with tetrahydrofolate (THF) serving as the one-carbon carrier. This reaction serves as the major source of one-carbon groups required for the biosynthesis of purines, thymidylate, methionine, and other important biomolecules. Also exhibits THF-independent aldolase activity toward beta-hydroxyamino acids, producing glycine and aldehydes, via a retro-aldol mechanism.",7.3468466,2.9711323,Unclassified,#ff00c3
Plate2_Drawer5 29-Aug-2025 11-37-42,E1,VC_1003,VC_1003,Bacteriocin production protein; Similar to GB:J01666 SP:P08550 PID:146367 PID:147415 GB:U00096; identified by sequence similarity; putative.,5.3022137,0.5760442,Unclassified,#ff00c3
Plate2_Drawer5 29-Aug-2025 11-37-42,E10,flgA,VC_2203,"Flagellar protein, putative; Similar to PID:1272364; identified by sequence similarity; putative.",11.432922,4.24344,Motility,#ff0004
Plate2_Drawer5 29-Aug-2025 11-37-42,E11,VC_A0187,VC_A0187,Hypothetical protein; Identified by Glimmer2; putative.,9.775096,5.319788,Unclassified,#ff00c3
Plate2_Drawer5 29-Aug-2025 11-37-42,E12,VC_1652,VC_1652,Response regulator VieA; Similar to GP:3123891; identified by sequence similarity; putative.,9.987567,11.235858,Unclassified,#ff00c3
Plate2_Drawer5 29-Aug-2025 11-37-42,E2,fliL,VC_2130,Flagellum-specific ATP synthase FliI; Similar to PID:1071643 SP:P52612 GB:U00096 PID:1736607 PID:1788251; identified by sequence similarity; putative.,10.880139,-2.1543694,Motility,#ff0004
Plate2_Drawer5 29-Aug-2025 11-37-42,E3,pdhE2,VC_2413,"Pyruvate dehydrogenase, E2 component, dihydrolipoamide acetyltransferase; The pyruvate dehydrogenase complex catalyzes the overall conversion of pyruvate to acetyl-CoA and CO(2).",5.1495986,1.142264,Pyruvate Flux,#39ff14
Plate2_Drawer5 29-Aug-2025 11-37-42,E4,VC_0134,VC_0134,Conserved hypothetical protein; Identified by Glimmer2; putative.,10.641352,11.334436,Unclassified,#ff00c3
Plate2_Drawer5 29-Aug-2025 11-37-42,E5,grx,VC_1146,Glutaredoxin 1; Has a glutathione-disulfide oxidoreductase activity in the presence of NADPH and glutathione reductase. Reduces low molecular weight disulfides and proteins (By similarity).,10.302416,11.587619,Unclassified,#ff00c3
Plate2_Drawer5 29-Aug-2025 11-37-42,E6,cheW,VC_2059,Purine-binding chemotaxis protein CheW; Similar to GB:M13462 SP:P07365 PID:145520 GB:U00096 PID:1736540; identified by sequence similarity; putative.,11.302972,3.9726243,Motility,#ff0004
Plate2_Drawer5 29-Aug-2025 11-37-42,E7,nfuA,VC_2720,"Conserved hypothetical protein; Involved in iron-sulfur cluster biogenesis. Binds a 4Fe-4S cluster, can transfer this cluster to apoproteins, and thereby intervenes in the maturation of Fe/S proteins. Could also act as a scaffold/chaperone for damaged Fe/S proteins.",6.8993664,3.4389508,Unclassified,#ff00c3
Plate2_Drawer5 29-Aug-2025 11-37-42,E8,groS2,VC_A0819,"Chaperonin, 10 Kd subunit; Binds to Cpn60 in the presence of Mg-ATP and suppresses the ATPase activity of the latter.",11.121641,12.085726,Unclassified,#ff00c3
Plate2_Drawer5 29-Aug-2025 11-37-42,E9,potD1,VC_1424,"Spermidine/putrescine ABC transporter, periplasmic spermidine/putrescine-binding protein; Required for the activity of the bacterial periplasmic transport system of putrescine; Belongs to the bacterial solute-binding protein PotD/PotF family.",10.260367,2.1253915,Polyamine Import,#14f7f0
Plate2_Drawer5 29-Aug-2025 11-37-42,F1,bioF,VC_1113,"8-amino-7-oxononanoate synthase; Catalyzes the decarboxylative condensation of pimeloyl-[acyl- carrier protein] and L-alanine to produce 8-amino-7-oxononanoate (AON), [acyl-carrier protein], and carbon dioxide.",4.84172,-5.9812956,Biotin Biosynthesis,#ff9f1c
Plate2_Drawer5 29-Aug-2025 11-37-42,F10,WT,WT,,9.1512785,10.453524,WT,#000000
Plate2_Drawer5 29-Aug-2025 11-37-42,F2,flgO,VC_2207,Hypothetical protein; Identified by Glimmer2; putative.,10.446634,1.5404581,Motility,#ff0004
Plate2_Drawer5 29-Aug-2025 11-37-42,F3,hslO,VC_2736,Conserved hypothetical protein; Redox regulated molecular chaperone. Protects both thermally unfolding and oxidatively damaged proteins from irreversible aggregation. Plays an important role in the bacterial defense system toward oxidative stress.,8.021087,6.676598,Unclassified,#ff00c3
Plate2_Drawer5 29-Aug-2025 11-37-42,F4,bioC,VC_1114,Biotin synthesis protein BioC; Converts the free carboxyl group of a malonyl-thioester to its methyl ester by transfer of a methyl group from S-adenosyl-L- methionine (SAM). It allows to synthesize pimeloyl-ACP via the fatty acid synthetic pathway.,4.7490063,-6.089707,Biotin Biosynthesis,#ff9f1c
Plate2_Drawer5 29-Aug-2025 11-37-42,F5,dnaN,VC_0013,"DNA polymerase III, beta chain; Confers DNA tethering and processivity to DNA polymerases and other proteins. Acts as a clamp, forming a ring around DNA (a reaction catalyzed by the clamp-loading complex) which diffuses in an ATP- independent manner freely and bidirectionally along dsDNA. Initially characterized for its ability to contact the catalytic subunit of DNA polymerase III (Pol III), a complex, multichain enzyme responsible for most of the replicative synthesis in bacteria; Pol III exhibits 3'-5' exonuclease proofreading activity. The beta chain is required for initiation of r [...] ",10.446398,10.031208,Unclassified,#ff00c3
Plate2_Drawer5 29-Aug-2025 11-37-42,F6,mutH,VC_0668,DNA mismatch repair protein MutH; Sequence-specific endonuclease that cleaves unmethylated GATC sequences. It is involved in DNA mismatch repair; Belongs to the MutH family.,8.189685,7.748312,Unclassified,#ff00c3
Plate2_Drawer5 29-Aug-2025 11-37-42,F7,pabC,VC_2018,"4-amino-4-deoxychorismate lyase; Involved in the biosynthesis of p-aminobenzoate (PABA), a precursor of tetrahydrofolate. Converts 4-amino-4-deoxychorismate into 4-aminobenzoate (PABA) and pyruvate (By similarity).",9.257819,5.3365946,Unclassified,#ff00c3
Plate2_Drawer5 29-Aug-2025 11-37-42,F8,lexA,VC_0092,"LexA repressor; Represses a number of genes involved in the response to DNA damage (SOS response), including recA and lexA. In the presence of single-stranded DNA, RecA interacts with LexA causing an autocatalytic cleavage which disrupts the DNA-binding part of LexA, leading to derepression of the SOS regulon and eventually DNA repair.",9.590257,5.505133,Unclassified,#ff00c3
Plate2_Drawer5 29-Aug-2025 11-37-42,F9,VC_2271,VC_2271,"Riboflavin-specific deaminase; Converts 2,5-diamino-6-(ribosylamino)-4(3h)-pyrimidinone 5'- phosphate into 5-amino-6-(ribosylamino)-2,4(1h,3h)-pyrimidinedione 5'- phosphate; In the C-terminal section; belongs to the HTP reductase family.",9.011941,4.3992033,Unclassified,#ff00c3
Plate2_Drawer6 02-Oct-2025 11-50-43,A1,flgK,VC_2191,Flagellar hook-associated protein FlgM; Similar to PID:2443633; identified by sequence similarity; putative. HOOK FILSMENT JUNCTION,7.0236583,5.2805934,Motility,#ff0004
Plate2_Drawer6 02-Oct-2025 11-50-43,A10,VC_2523,VC_2523,Conserved hypothetical protein; Identified by Glimmer2; putative.,8.70286,8.588353,Unclassified,#ff00c3
Plate2_Drawer6 02-Oct-2025 11-50-43,A11,fliR,VC_2121,Flagellar biosynthetic protein FliR; Role in flagellar biosynthesis. Belongs to the FliR/MopE/SpaR family.,7.3366027,0.6285128,Motility,#ff0004
Plate2_Drawer6 02-Oct-2025 11-50-43,A12,argR,VC_0431,Arginine repressor; Regulates arginine biosynthesis genes.,7.113062,6.021648,Unclassified,#ff00c3
Plate2_Drawer6 02-Oct-2025 11-50-43,A2,flrB,VC_2136,Sensory box sensor histidine kinase; Similar to PID:2338728; identified by sequence similarity; putative.,6.732016,1.1934894,Motility,#ff0004
Plate2_Drawer6 02-Oct-2025 11-50-43,A3,rjg,VC_0264,Conserved hypothetical protein; Identified by Glimmer2; putative.,8.577761,9.670249,Unclassified,#ff00c3
Plate2_Drawer6 02-Oct-2025 11-50-43,A4,fliA,VC_2066,RNA polymerase sigma factor for flagellar operon FliA; Sigma factors are initiation factors that promote the attachment of RNA polymerase to specific initiation sites and are then released. This sigma factor controls the expression of flagella-related genes; Belongs to the sigma-70 factor family. FliA subfamily.,8.994352,0.028711757,Motility,#ff0004
Plate2_Drawer6 02-Oct-2025 11-50-43,A5,flgM,VC_2204,"Negative regulator of flagellin synthesis FlgM, putative; Similar to GB:L14437 SP:P39809 PID:451869 PID:1762336 GB:AL009126; identified by sequence similarity; putative.",8.037062,7.615652,Motility,#ff0004
Plate2_Drawer6 02-Oct-2025 11-50-43,A6,flrA,VC_2137,Sigma-54 dependent transcriptional activator; Similar to PID:2338727; identified by sequence similarity; putative.,9.46342,-0.45242482,Motility,#ff0004
Plate2_Drawer6 02-Oct-2025 11-50-43,A7,VC_1291,VC_1291,Conserved hypothetical protein; Identified by Glimmer2; putative.,10.289008,8.425242,Unclassified,#ff00c3
Plate2_Drawer6 02-Oct-2025 11-50-43,A8,thiI,VC_0894,"Thiamin biosynthesis protein ThiI; Catalyzes the ATP-dependent transfer of a sulfur to tRNA to produce 4-thiouridine in position 8 of tRNAs, which functions as a near-UV photosensor. Also catalyzes the transfer of sulfur to the sulfur carrier protein ThiS, forming ThiS-thiocarboxylate. This is a step in the synthesis of thiazole, in the thiamine biosynthesis pathway. The sulfur is donated as persulfide by IscS.",5.857752,2.789086,Unclassified,#ff00c3
Plate2_Drawer6 02-Oct-2025 11-50-43,A9,flhB,VC_2120,"Flagellar biosynthetic protein FlhB; Required for formation of the rod structure in the basal body of the flagellar apparatus. Together with FliI and FliH, may constitute the export apparatus of flagellin; Belongs to the type III secretion exporter family.",7.2144856,0.784136,Motility,#ff0004
Plate2_Drawer6 02-Oct-2025 11-50-43,B1,aroE,VC_0056,"Shikimate 5-dehydrogenase; Involved in the biosynthesis of the chorismate, which leads to the biosynthesis of aromatic amino acids. Catalyzes the reversible NADPH linked reduction of 3-dehydroshikimate (DHSA) to yield shikimate (SA).",8.334515,8.675747,Unclassified,#ff00c3
Plate2_Drawer6 02-Oct-2025 11-50-43,B10,wbeN,VC_0251,Acyl protein synthase/acyl-CoA reductase RfbN; Similar to GB:X59554 PID:48393; identified by sequence similarity; putative.,7.4891295,7.510196,O-Antigen Biosynthesis,#0096ff
Plate2_Drawer6 02-Oct-2025 11-50-43,B11,wbeL,VC_0249,rfbL protein; Similar to GB:X59554 PID:48391; identified by sequence similarity; putative.,3.4151475,-0.3453201,O-Antigen Biosynthesis,#0096ff
Plate2_Drawer6 02-Oct-2025 11-50-43,B12,pstB1,VC_0726,"Phosphate ABC transporter, ATP-binding protein; Part of the ABC transporter complex PstSACB involved in phosphate import. Responsible for energy coupling to the transport system; Belongs to the ABC transporter superfamily. Phosphate importer (TC 3.A.1.7) family.",7.095408,7.1186695,Unclassified,#ff00c3
Plate2_Drawer6 02-Oct-2025 11-50-43,B4,VC_A0146,VC_A0146,Conserved hypothetical protein; Identified by Glimmer2; putative.,8.183851,5.3645854,Unclassified,#ff00c3
Plate2_Drawer6 02-Oct-2025 11-50-43,B5,VC_0289,VC_0289,Gluconate utilization system gnt-I transcriptional repressor; Similar to PID:1304069; identified by sequence similarity; putative.,7.5620327,9.263019,Unclassified,#ff00c3
Plate2_Drawer6 02-Oct-2025 11-50-43,B6,VC_A0005,VC_A0005,Hypothetical protein; Identified by Glimmer2; putative.,7.252297,6.7145553,Unclassified,#ff00c3
Plate2_Drawer6 02-Oct-2025 11-50-43,B8,mltF,VC_0866,"Transglycosylase, Slt family; Murein-degrading enzyme that degrades murein glycan strands and insoluble, high-molecular weight murein sacculi, with the concomitant formation of a 1,6-anhydromuramoyl product. Lytic transglycosylases (LTs) play an integral role in the metabolism of the peptidoglycan (PG) sacculus. Their lytic action creates space within the PG sacculus to allow for its expansion as well as for the insertion of various structures such as secretion systems and flagella. In the N-terminal section; belongs to the bacterial solute- binding protein 3 family.",7.012899,4.1818833,Unclassified,#ff00c3
Plate2_Drawer6 02-Oct-2025 11-50-43,B9,VC_A0726,VC_A0726,"Molybdenum ABC transporter, periplasmic molybdenum-binding protein; Similar to GB:L34009 SP:P37329 PID:504498 PID:973214 PID:1147817; identified by sequence similarity; putative.",7.2956166,6.5731106,Unclassified,#ff00c3
Plate2_Drawer6 02-Oct-2025 11-50-43,C1,VC_1885,VC_1885,Hypothetical protein; Identified by Glimmer2; putative.,2.3464184,6.054118,Unclassified,#ff00c3
Plate2_Drawer6 02-Oct-2025 11-50-43,C10,flgF,VC_2196,Flagellar basal-body rod protein FlgF; Similar to GB:U00096 SP:P75938 PID:1787317; identified by sequence similarity; putative; Belongs to the flagella basal body rod proteins family.,8.873513,0.06704001,Motility,#ff0004
Plate2_Drawer6 02-Oct-2025 11-50-43,C11,VC_2441,VC_2441,Conserved hypothetical protein; Identified by Glimmer2; putative.,7.452335,4.2433853,Unclassified,#ff00c3
Plate2_Drawer6 02-Oct-2025 11-50-43,C12,VC_1710,VC_1710,Conserved hypothetical protein; Identified by Glimmer2; putative.,7.013694,7.455615,Unclassified,#ff00c3
Plate2_Drawer6 02-Oct-2025 11-50-43,C2,aroQ,VC_0297,3-dehydroquinate dehydratase; Catalyzes a trans-dehydration via an enolate intermediate. Belongs to the type-II 3-dehydroquinase family.,8.185288,9.8892,Unclassified,#ff00c3
Plate2_Drawer6 02-Oct-2025 11-50-43,C3,VC_1359,VC_1359,"Amino acid ABC transporter, ATP-binding protein; Similar to PID:1154897; identified by sequence similarity; putative.",5.0438757,-4.33691,Unclassified,#ff00c3
Plate2_Drawer6 02-Oct-2025 11-50-43,C4,VC_A0328,VC_A0328,"Biphenyl-2,3-diol 1,2-dioxygenase III-related protein; Similar to GB:X75635 SP:P47233 PID:473121; identified by sequence similarity; putative.",9.184028,7.5690527,Unclassified,#ff00c3
Plate2_Drawer6 02-Oct-2025 11-50-43,C5,VC_1350,VC_1350,"Antioxidant, putative; Thiol-specific peroxidase that catalyzes the reduction of hydrogen peroxide and organic hydroperoxides to water and alcohols, respectively. Plays a role in cell protection against oxidative stress by detoxifying peroxides; Belongs to the peroxiredoxin family. Prx5 subfamily.",6.7216144,6.029216,Unclassified,#ff00c3
Plate2_Drawer6 02-Oct-2025 11-50-43,C6,manB,VC_0242,Phosphomannomutase; Involved in GDP-mannose biosynthesis which serves as the activated sugar nucleotide precursor for mannose residues in cell surface polysaccharides; Belongs to the phosphohexose mutase family.,7.5650525,3.9534101,O-Antigen Biosynthesis,#0096ff
Plate2_Drawer6 02-Oct-2025 11-50-43,C7,mrcA,VC_2635,Penicillin-binding protein 1A; Cell wall formation. Synthesis of cross-linked peptidoglycan from the lipid intermediates. The enzyme has a penicillin-insensitive transglycosylase N-terminal domain (formation of linear glycan strands) and a penicillin-sensitive transpeptidase C-terminal domain (cross- linking of the peptide subunits).,6.929012,1.0706062,Unclassified,#ff00c3
Plate2_Drawer6 02-Oct-2025 11-50-43,C8,VC_A0079,VC_A0079,Conserved hypothetical protein; Identified by Glimmer2; putative.,8.6097555,0.410809,Unclassified,#ff00c3
Plate2_Drawer6 02-Oct-2025 11-50-43,C9,potA,VC_1428,"Spermidine/putrescine ABC transporter, ATP-binding protein; Part of the ABC transporter complex PotABCD involved in spermidine/putrescine import. Responsible for energy coupling to the transport system; Belongs to the ABC transporter superfamily. Spermidine/putrescine importer (TC 3.A.1.11.1) family.",9.187688,1.3933247,Polyamine Import,#14f7f0
Plate2_Drawer6 02-Oct-2025 11-50-43,D1,VC_A0340,VC_A0340,Hypothetical protein; Identified by Glimmer2; putative.,7.8187804,7.854727,Unclassified,#ff00c3
Plate2_Drawer6 02-Oct-2025 11-50-43,D10,bioD,VC_1115,"Dethiobiotin synthetase; Catalyzes a mechanistically unusual reaction, the ATP- dependent insertion of CO2 between the N7 and N8 nitrogen atoms of 7,8- diaminopelargonic acid (DAPA) to form an ureido ring.",5.9535956,0.5181885,Biotin Biosynthesis,#ff9f1c
Plate2_Drawer6 02-Oct-2025 11-50-43,D11,flaA,VC_2188,Flagellin core protein A; Flagellin is the subunit protein which polymerizes to form the filaments of bacterial flagella. FlaA is required to form a core or scaffold into which the other flagellins are inserted to provide structural integrity. Essential for flagellar synthesis and motility; important for full virulence.,6.0560827,0.6110639,Motility,#ff0004
Plate2_Drawer6 02-Oct-2025 11-50-43,D12,wavL,VC_0239,Conserved hypothetical protein; Identified by Glimmer2; putative.,3.9102988,-0.21778013,O-Antigen Biosynthesis,#0096ff
Plate2_Drawer6 02-Oct-2025 11-50-43,D2,VC_0745,VC_0745,Inositol monophosphate family protein; Similar to GB:M34828 SP:P22783 PID:147899 GB:U00096 PID:1788882; identified by sequence similarity; putative; Belongs to the inositol monophosphatase superfamily.,6.2555437,1.7721113,Unclassified,#ff00c3
Plate2_Drawer6 02-Oct-2025 11-50-43,D3,VC_2485,VC_2485,"Transcriptional regulator, LysR family; Similar to GB:D10483 SP:P10151 GB:M21150 PID:1128961 PID:146605; identified by sequence similarity; putative; Belongs to the LysR transcriptional regulatory family.",9.228357,4.8954725,Unclassified,#ff00c3
Plate2_Drawer6 02-Oct-2025 11-50-43,D4,rimO,VC_2620,Conserved hypothetical protein; Catalyzes the methylthiolation of an aspartic acid residue of ribosomal protein S12; Belongs to the methylthiotransferase family. RimO subfamily.,7.907132,9.478363,Unclassified,#ff00c3
Plate2_Drawer6 02-Oct-2025 11-50-43,D5,bioA,VC_1111,"Adenosylmethionine-8-amino-7-oxononanoate aminotransferase; Catalyzes the transfer of the alpha-amino group from S- adenosyl-L-methionine (SAM) to 7-keto-8-aminopelargonic acid (KAPA) to form 7,8-diaminopelargonic acid (DAPA). It is the only animotransferase known to utilize SAM as an amino donor; Belongs to the class-III pyridoxal-phosphate-dependent aminotransferase family. BioA subfamily.",5.8952003,0.50857294,Biotin Biosynthesis,#ff9f1c
Plate2_Drawer6 02-Oct-2025 11-50-43,D6,wbeT,VC_0259,Lipopolysaccharide biosynthesis protein RfbV; Similar to GB:X59554 PID:48400 PID:1929424; identified by sequence similarity; putative.,4.82117,-3.9767778,O-Antigen Biosynthesis,#0096ff
Plate2_Drawer6 02-Oct-2025 11-50-43,D7,VC_0929,VC_0929,Hypothetical protein; Identified by Glimmer2; putative.,8.643058,4.3615327,Unclassified,#ff00c3
Plate2_Drawer6 02-Oct-2025 11-50-43,D8,flgT,VC_2208,Hypothetical protein; Identified by Glimmer2; putative.,8.966247,0.055322655,Motility,#ff0004
Plate2_Drawer6 02-Oct-2025 11-50-43,D9,glyA1,VC_0941,"Serine hydroxymethyltransferase; Catalyzes the reversible interconversion of serine and glycine with tetrahydrofolate (THF) serving as the one-carbon carrier. This reaction serves as the major source of one-carbon groups required for the biosynthesis of purines, thymidylate, methionine, and other important biomolecules. Also exhibits THF-independent aldolase activity toward beta-hydroxyamino acids, producing glycine and aldehydes, via a retro-aldol mechanism.",6.002782,1.4799491,Unclassified,#ff00c3
Plate2_Drawer6 02-Oct-2025 11-50-43,E1,VC_1003,VC_1003,Bacteriocin production protein; Similar to GB:J01666 SP:P08550 PID:146367 PID:147415 GB:U00096; identified by sequence similarity; putative.,5.029044,0.5396721,Unclassified,#ff00c3
Plate2_Drawer6 02-Oct-2025 11-50-43,E10,flgA,VC_2203,"Flagellar protein, putative; Similar to PID:1272364; identified by sequence similarity; putative.",8.717513,4.25638,Motility,#ff0004
Plate2_Drawer6 02-Oct-2025 11-50-43,E11,VC_A0187,VC_A0187,Hypothetical protein; Identified by Glimmer2; putative.,9.337308,8.226747,Unclassified,#ff00c3
Plate2_Drawer6 02-Oct-2025 11-50-43,E12,VC_1652,VC_1652,Response regulator VieA; Similar to GP:3123891; identified by sequence similarity; putative.,7.9835978,7.8358116,Unclassified,#ff00c3
Plate2_Drawer6 02-Oct-2025 11-50-43,E2,fliL,VC_2130,Flagellum-specific ATP synthase FliI; Similar to PID:1071643 SP:P52612 GB:U00096 PID:1736607 PID:1788251; identified by sequence similarity; putative.,8.060848,0.38815784,Motility,#ff0004
Plate2_Drawer6 02-Oct-2025 11-50-43,E3,pdhE2,VC_2413,"Pyruvate dehydrogenase, E2 component, dihydrolipoamide acetyltransferase; The pyruvate dehydrogenase complex catalyzes the overall conversion of pyruvate to acetyl-CoA and CO(2).",4.457694,1.2303498,Pyruvate Flux,#39ff14
Plate2_Drawer6 02-Oct-2025 11-50-43,E4,VC_0134,VC_0134,Conserved hypothetical protein; Identified by Glimmer2; putative.,9.589978,8.460877,Unclassified,#ff00c3
Plate2_Drawer6 02-Oct-2025 11-50-43,E6,cheW,VC_2059,Purine-binding chemotaxis protein CheW; Similar to GB:M13462 SP:P07365 PID:145520 GB:U00096 PID:1736540; identified by sequence similarity; putative.,8.3887205,3.8009953,Motility,#ff0004
Plate2_Drawer6 02-Oct-2025 11-50-43,E7,nfuA,VC_2720,"Conserved hypothetical protein; Involved in iron-sulfur cluster biogenesis. Binds a 4Fe-4S cluster, can transfer this cluster to apoproteins, and thereby intervenes in the maturation of Fe/S proteins. Could also act as a scaffold/chaperone for damaged Fe/S proteins.",5.410805,1.4376514,Unclassified,#ff00c3
Plate2_Drawer6 02-Oct-2025 11-50-43,E8,groS2,VC_A0819,"Chaperonin, 10 Kd subunit; Binds to Cpn60 in the presence of Mg-ATP and suppresses the ATPase activity of the latter.",7.19831,7.803278,Unclassified,#ff00c3
Plate2_Drawer6 02-Oct-2025 11-50-43,E9,potD1,VC_1424,"Spermidine/putrescine ABC transporter, periplasmic spermidine/putrescine-binding protein; Required for the activity of the bacterial periplasmic transport system of putrescine; Belongs to the bacterial solute-binding protein PotD/PotF family.",7.4134707,0.9150283,Polyamine Import,#14f7f0
Plate2_Drawer6 02-Oct-2025 11-50-43,F1,bioF,VC_1113,"8-amino-7-oxononanoate synthase; Catalyzes the decarboxylative condensation of pimeloyl-[acyl- carrier protein] and L-alanine to produce 8-amino-7-oxononanoate (AON), [acyl-carrier protein], and carbon dioxide.",5.856825,0.5152134,Biotin Biosynthesis,#ff9f1c
Plate2_Drawer6 02-Oct-2025 11-50-43,F10,WT,WT,,7.739818,9.369571,WT,#000000
Plate2_Drawer6 02-Oct-2025 11-50-43,F2,flgO,VC_2207,Hypothetical protein; Identified by Glimmer2; putative.,9.65618,1.6693355,Motility,#ff0004
Plate2_Drawer6 02-Oct-2025 11-50-43,F3,hslO,VC_2736,Conserved hypothetical protein; Redox regulated molecular chaperone. Protects both thermally unfolding and oxidatively damaged proteins from irreversible aggregation. Plays an important role in the bacterial defense system toward oxidative stress.,7.4561596,7.1250396,Unclassified,#ff00c3
Plate2_Drawer6 02-Oct-2025 11-50-43,F4,bioC,VC_1114,Biotin synthesis protein BioC; Converts the free carboxyl group of a malonyl-thioester to its methyl ester by transfer of a methyl group from S-adenosyl-L- methionine (SAM). It allows to synthesize pimeloyl-ACP via the fatty acid synthetic pathway.,5.8646135,0.5094748,Biotin Biosynthesis,#ff9f1c
Plate2_Drawer6 02-Oct-2025 11-50-43,F5,dnaN,VC_0013,"DNA polymerase III, beta chain; Confers DNA tethering and processivity to DNA polymerases and other proteins. Acts as a clamp, forming a ring around DNA (a reaction catalyzed by the clamp-loading complex) which diffuses in an ATP- independent manner freely and bidirectionally along dsDNA. Initially characterized for its ability to contact the catalytic subunit of DNA polymerase III (Pol III), a complex, multichain enzyme responsible for most of the replicative synthesis in bacteria; Pol III exhibits 3'-5' exonuclease proofreading activity. The beta chain is required for initiation of r [...] ",7.135239,6.734747,Unclassified,#ff00c3
Plate2_Drawer6 02-Oct-2025 11-50-43,F6,mutH,VC_0668,DNA mismatch repair protein MutH; Sequence-specific endonuclease that cleaves unmethylated GATC sequences. It is involved in DNA mismatch repair; Belongs to the MutH family.,9.340063,8.864739,Unclassified,#ff00c3
Plate2_Drawer6 02-Oct-2025 11-50-43,F7,pabC,VC_2018,"4-amino-4-deoxychorismate lyase; Involved in the biosynthesis of p-aminobenzoate (PABA), a precursor of tetrahydrofolate. Converts 4-amino-4-deoxychorismate into 4-aminobenzoate (PABA) and pyruvate (By similarity).",8.068769,7.435328,Unclassified,#ff00c3
Plate2_Drawer6 02-Oct-2025 11-50-43,F8,lexA,VC_0092,"LexA repressor; Represses a number of genes involved in the response to DNA damage (SOS response), including recA and lexA. In the presence of single-stranded DNA, RecA interacts with LexA causing an autocatalytic cleavage which disrupts the DNA-binding part of LexA, leading to derepression of the SOS regulon and eventually DNA repair.",6.030271,1.944397,Unclassified,#ff00c3
Plate2_Drawer6 02-Oct-2025 11-50-43,F9,VC_2271,VC_2271,"Riboflavin-specific deaminase; Converts 2,5-diamino-6-(ribosylamino)-4(3h)-pyrimidinone 5'- phosphate into 5-amino-6-(ribosylamino)-2,4(1h,3h)-pyrimidinedione 5'- phosphate; In the C-terminal section; belongs to the HTP reductase family.",7.8527346,9.352042,Unclassified,#ff00c3
Plate2_Drawer6 07-Aug-2025 12-51-44,A1,flgK,VC_2191,Flagellar hook-associated protein FlgM; Similar to PID:2443633; identified by sequence similarity; putative. HOOK FILSMENT JUNCTION,9.767384,8.527017,Motility,#ff0004
Plate2_Drawer6 07-Aug-2025 12-51-44,A10,VC_2523,VC_2523,Conserved hypothetical protein; Identified by Glimmer2; putative.,7.3365088,6.6529894,Unclassified,#ff00c3
Plate2_Drawer6 07-Aug-2025 12-51-44,A11,fliR,VC_2121,Flagellar biosynthetic protein FliR; Role in flagellar biosynthesis. Belongs to the FliR/MopE/SpaR family.,9.221624,-1.1997375,Motility,#ff0004
Plate2_Drawer6 07-Aug-2025 12-51-44,A12,argR,VC_0431,Arginine repressor; Regulates arginine biosynthesis genes.,8.153966,6.6141253,Unclassified,#ff00c3
Plate2_Drawer6 07-Aug-2025 12-51-44,A2,flrB,VC_2136,Sensory box sensor histidine kinase; Similar to PID:2338728; identified by sequence similarity; putative.,8.208239,0.09417087,Motility,#ff0004
Plate2_Drawer6 07-Aug-2025 12-51-44,A3,rjg,VC_0264,Conserved hypothetical protein; Identified by Glimmer2; putative.,7.765684,8.296399,Unclassified,#ff00c3
Plate2_Drawer6 07-Aug-2025 12-51-44,A4,fliA,VC_2066,RNA polymerase sigma factor for flagellar operon FliA; Sigma factors are initiation factors that promote the attachment of RNA polymerase to specific initiation sites and are then released. This sigma factor controls the expression of flagella-related genes; Belongs to the sigma-70 factor family. FliA subfamily.,9.827081,-0.66719866,Motility,#ff0004
Plate2_Drawer6 07-Aug-2025 12-51-44,A5,flgM,VC_2204,"Negative regulator of flagellin synthesis FlgM, putative; Similar to GB:L14437 SP:P39809 PID:451869 PID:1762336 GB:AL009126; identified by sequence similarity; putative.",7.5719295,6.422004,Motility,#ff0004
Plate2_Drawer6 07-Aug-2025 12-51-44,A6,flrA,VC_2137,Sigma-54 dependent transcriptional activator; Similar to PID:2338727; identified by sequence similarity; putative.,9.550276,-1.2062353,Motility,#ff0004
Plate2_Drawer6 07-Aug-2025 12-51-44,A7,VC_1291,VC_1291,Conserved hypothetical protein; Identified by Glimmer2; putative.,7.817148,5.080669,Unclassified,#ff00c3
Plate2_Drawer6 07-Aug-2025 12-51-44,A8,thiI,VC_0894,"Thiamin biosynthesis protein ThiI; Catalyzes the ATP-dependent transfer of a sulfur to tRNA to produce 4-thiouridine in position 8 of tRNAs, which functions as a near-UV photosensor. Also catalyzes the transfer of sulfur to the sulfur carrier protein ThiS, forming ThiS-thiocarboxylate. This is a step in the synthesis of thiazole, in the thiamine biosynthesis pathway. The sulfur is donated as persulfide by IscS.",8.47318,9.425987,Unclassified,#ff00c3
Plate2_Drawer6 07-Aug-2025 12-51-44,A9,flhB,VC_2120,"Flagellar biosynthetic protein FlhB; Required for formation of the rod structure in the basal body of the flagellar apparatus. Together with FliI and FliH, may constitute the export apparatus of flagellin; Belongs to the type III secretion exporter family.",9.166975,-1.37958,Motility,#ff0004
Plate2_Drawer6 07-Aug-2025 12-51-44,B1,aroE,VC_0056,"Shikimate 5-dehydrogenase; Involved in the biosynthesis of the chorismate, which leads to the biosynthesis of aromatic amino acids. Catalyzes the reversible NADPH linked reduction of 3-dehydroshikimate (DHSA) to yield shikimate (SA).",7.334354,7.869811,Unclassified,#ff00c3
Plate2_Drawer6 07-Aug-2025 12-51-44,B10,wbeN,VC_0251,Acyl protein synthase/acyl-CoA reductase RfbN; Similar to GB:X59554 PID:48393; identified by sequence similarity; putative.,9.296917,6.035908,O-Antigen Biosynthesis,#0096ff
Plate2_Drawer6 07-Aug-2025 12-51-44,B11,wbeL,VC_0249,rfbL protein; Similar to GB:X59554 PID:48391; identified by sequence similarity; putative.,2.5870333,-0.79978186,O-Antigen Biosynthesis,#0096ff
Plate2_Drawer6 07-Aug-2025 12-51-44,B12,pstB1,VC_0726,"Phosphate ABC transporter, ATP-binding protein; Part of the ABC transporter complex PstSACB involved in phosphate import. Responsible for energy coupling to the transport system; Belongs to the ABC transporter superfamily. Phosphate importer (TC 3.A.1.7) family.",8.516119,9.782492,Unclassified,#ff00c3
Plate2_Drawer6 07-Aug-2025 12-51-44,B4,VC_A0146,VC_A0146,Conserved hypothetical protein; Identified by Glimmer2; putative.,9.059729,7.732226,Unclassified,#ff00c3
Plate2_Drawer6 07-Aug-2025 12-51-44,B5,VC_0289,VC_0289,Gluconate utilization system gnt-I transcriptional repressor; Similar to PID:1304069; identified by sequence similarity; putative.,9.257775,10.268008,Unclassified,#ff00c3
Plate2_Drawer6 07-Aug-2025 12-51-44,B6,VC_A0005,VC_A0005,Hypothetical protein; Identified by Glimmer2; putative.,9.949332,9.584689,Unclassified,#ff00c3
Plate2_Drawer6 07-Aug-2025 12-51-44,B8,mltF,VC_0866,"Transglycosylase, Slt family; Murein-degrading enzyme that degrades murein glycan strands and insoluble, high-molecular weight murein sacculi, with the concomitant formation of a 1,6-anhydromuramoyl product. Lytic transglycosylases (LTs) play an integral role in the metabolism of the peptidoglycan (PG) sacculus. Their lytic action creates space within the PG sacculus to allow for its expansion as well as for the insertion of various structures such as secretion systems and flagella. In the N-terminal section; belongs to the bacterial solute- binding protein 3 family.",9.71247,5.985135,Unclassified,#ff00c3
Plate2_Drawer6 07-Aug-2025 12-51-44,B9,VC_A0726,VC_A0726,"Molybdenum ABC transporter, periplasmic molybdenum-binding protein; Similar to GB:L34009 SP:P37329 PID:504498 PID:973214 PID:1147817; identified by sequence similarity; putative.",9.452902,8.551487,Unclassified,#ff00c3
Plate2_Drawer6 07-Aug-2025 12-51-44,C1,VC_1885,VC_1885,Hypothetical protein; Identified by Glimmer2; putative.,2.814711,6.2806997,Unclassified,#ff00c3
Plate2_Drawer6 07-Aug-2025 12-51-44,C10,flgF,VC_2196,Flagellar basal-body rod protein FlgF; Similar to GB:U00096 SP:P75938 PID:1787317; identified by sequence similarity; putative; Belongs to the flagella basal body rod proteins family.,10.432218,-1.3410671,Motility,#ff0004
Plate2_Drawer6 07-Aug-2025 12-51-44,C11,VC_2441,VC_2441,Conserved hypothetical protein; Identified by Glimmer2; putative.,7.0148807,3.417611,Unclassified,#ff00c3
Plate2_Drawer6 07-Aug-2025 12-51-44,C12,VC_1710,VC_1710,Conserved hypothetical protein; Identified by Glimmer2; putative.,9.074784,8.948083,Unclassified,#ff00c3
Plate2_Drawer6 07-Aug-2025 12-51-44,C2,aroQ,VC_0297,3-dehydroquinate dehydratase; Catalyzes a trans-dehydration via an enolate intermediate. Belongs to the type-II 3-dehydroquinase family.,6.673204,6.664586,Unclassified,#ff00c3
Plate2_Drawer6 07-Aug-2025 12-51-44,C3,VC_1359,VC_1359,"Amino acid ABC transporter, ATP-binding protein; Similar to PID:1154897; identified by sequence similarity; putative.",4.868872,-4.8729596,Unclassified,#ff00c3
Plate2_Drawer6 07-Aug-2025 12-51-44,C4,VC_A0328,VC_A0328,"Biphenyl-2,3-diol 1,2-dioxygenase III-related protein; Similar to GB:X75635 SP:P47233 PID:473121; identified by sequence similarity; putative.",9.260497,7.7372417,Unclassified,#ff00c3
Plate2_Drawer6 07-Aug-2025 12-51-44,C5,VC_1350,VC_1350,"Antioxidant, putative; Thiol-specific peroxidase that catalyzes the reduction of hydrogen peroxide and organic hydroperoxides to water and alcohols, respectively. Plays a role in cell protection against oxidative stress by detoxifying peroxides; Belongs to the peroxiredoxin family. Prx5 subfamily.",9.988179,7.714102,Unclassified,#ff00c3
Plate2_Drawer6 07-Aug-2025 12-51-44,C6,manB,VC_0242,Phosphomannomutase; Involved in GDP-mannose biosynthesis which serves as the activated sugar nucleotide precursor for mannose residues in cell surface polysaccharides; Belongs to the phosphohexose mutase family.,9.542745,4.933604,O-Antigen Biosynthesis,#0096ff
Plate2_Drawer6 07-Aug-2025 12-51-44,C7,mrcA,VC_2635,Penicillin-binding protein 1A; Cell wall formation. Synthesis of cross-linked peptidoglycan from the lipid intermediates. The enzyme has a penicillin-insensitive transglycosylase N-terminal domain (formation of linear glycan strands) and a penicillin-sensitive transpeptidase C-terminal domain (cross- linking of the peptide subunits).,8.828305,1.6696321,Unclassified,#ff00c3
Plate2_Drawer6 07-Aug-2025 12-51-44,C8,VC_A0079,VC_A0079,Conserved hypothetical protein; Identified by Glimmer2; putative.,10.335502,2.9181151,Unclassified,#ff00c3
Plate2_Drawer6 07-Aug-2025 12-51-44,C9,potA,VC_1428,"Spermidine/putrescine ABC transporter, ATP-binding protein; Part of the ABC transporter complex PotABCD involved in spermidine/putrescine import. Responsible for energy coupling to the transport system; Belongs to the ABC transporter superfamily. Spermidine/putrescine importer (TC 3.A.1.11.1) family.",10.602581,1.3565229,Polyamine Import,#14f7f0
Plate2_Drawer6 07-Aug-2025 12-51-44,D1,VC_A0340,VC_A0340,Hypothetical protein; Identified by Glimmer2; putative.,9.561964,5.8786764,Unclassified,#ff00c3
Plate2_Drawer6 07-Aug-2025 12-51-44,D10,bioD,VC_1115,"Dethiobiotin synthetase; Catalyzes a mechanistically unusual reaction, the ATP- dependent insertion of CO2 between the N7 and N8 nitrogen atoms of 7,8- diaminopelargonic acid (DAPA) to form an ureido ring.",4.7130003,-5.870027,Biotin Biosynthesis,#ff9f1c
Plate2_Drawer6 07-Aug-2025 12-51-44,D11,flaA,VC_2188,Flagellin core protein A; Flagellin is the subunit protein which polymerizes to form the filaments of bacterial flagella. FlaA is required to form a core or scaffold into which the other flagellins are inserted to provide structural integrity. Essential for flagellar synthesis and motility; important for full virulence.,9.806574,-1.363447,Motility,#ff0004
Plate2_Drawer6 07-Aug-2025 12-51-44,D12,wavL,VC_0239,Conserved hypothetical protein; Identified by Glimmer2; putative.,4.4423504,0.1294143,O-Antigen Biosynthesis,#0096ff
Plate2_Drawer6 07-Aug-2025 12-51-44,D2,VC_0745,VC_0745,Inositol monophosphate family protein; Similar to GB:M34828 SP:P22783 PID:147899 GB:U00096 PID:1788882; identified by sequence similarity; putative; Belongs to the inositol monophosphatase superfamily.,6.8388762,2.8347368,Unclassified,#ff00c3
Plate2_Drawer6 07-Aug-2025 12-51-44,D3,VC_2485,VC_2485,"Transcriptional regulator, LysR family; Similar to GB:D10483 SP:P10151 GB:M21150 PID:1128961 PID:146605; identified by sequence similarity; putative; Belongs to the LysR transcriptional regulatory family.",7.838944,2.727447,Unclassified,#ff00c3
Plate2_Drawer6 07-Aug-2025 12-51-44,D4,rimO,VC_2620,Conserved hypothetical protein; Catalyzes the methylthiolation of an aspartic acid residue of ribosomal protein S12; Belongs to the methylthiotransferase family. RimO subfamily.,7.6747026,8.712853,Unclassified,#ff00c3
Plate2_Drawer6 07-Aug-2025 12-51-44,D5,bioA,VC_1111,"Adenosylmethionine-8-amino-7-oxononanoate aminotransferase; Catalyzes the transfer of the alpha-amino group from S- adenosyl-L-methionine (SAM) to 7-keto-8-aminopelargonic acid (KAPA) to form 7,8-diaminopelargonic acid (DAPA). It is the only animotransferase known to utilize SAM as an amino donor; Belongs to the class-III pyridoxal-phosphate-dependent aminotransferase family. BioA subfamily.",4.558206,-5.505136,Biotin Biosynthesis,#ff9f1c
Plate2_Drawer6 07-Aug-2025 12-51-44,D6,wbeT,VC_0259,Lipopolysaccharide biosynthesis protein RfbV; Similar to GB:X59554 PID:48400 PID:1929424; identified by sequence similarity; putative.,4.8081994,-3.9986806,O-Antigen Biosynthesis,#0096ff
Plate2_Drawer6 07-Aug-2025 12-51-44,D7,VC_0929,VC_0929,Hypothetical protein; Identified by Glimmer2; putative.,10.296914,5.7648053,Unclassified,#ff00c3
Plate2_Drawer6 07-Aug-2025 12-51-44,D8,flgT,VC_2208,Hypothetical protein; Identified by Glimmer2; putative.,9.435042,-0.45133844,Motility,#ff0004
Plate2_Drawer6 07-Aug-2025 12-51-44,D9,glyA1,VC_0941,"Serine hydroxymethyltransferase; Catalyzes the reversible interconversion of serine and glycine with tetrahydrofolate (THF) serving as the one-carbon carrier. This reaction serves as the major source of one-carbon groups required for the biosynthesis of purines, thymidylate, methionine, and other important biomolecules. Also exhibits THF-independent aldolase activity toward beta-hydroxyamino acids, producing glycine and aldehydes, via a retro-aldol mechanism.",6.781515,2.762831,Unclassified,#ff00c3
Plate2_Drawer6 07-Aug-2025 12-51-44,E1,VC_1003,VC_1003,Bacteriocin production protein; Similar to GB:J01666 SP:P08550 PID:146367 PID:147415 GB:U00096; identified by sequence similarity; putative.,5.082269,0.6614813,Unclassified,#ff00c3
Plate2_Drawer6 07-Aug-2025 12-51-44,E10,flgA,VC_2203,"Flagellar protein, putative; Similar to PID:1272364; identified by sequence similarity; putative.",11.206404,4.113659,Motility,#ff0004
Plate2_Drawer6 07-Aug-2025 12-51-44,E11,VC_A0187,VC_A0187,Hypothetical protein; Identified by Glimmer2; putative.,8.020872,2.7461665,Unclassified,#ff00c3
Plate2_Drawer6 07-Aug-2025 12-51-44,E12,VC_1652,VC_1652,Response regulator VieA; Similar to GP:3123891; identified by sequence similarity; putative.,7.9651227,9.640879,Unclassified,#ff00c3
Plate2_Drawer6 07-Aug-2025 12-51-44,E2,fliL,VC_2130,Flagellum-specific ATP synthase FliI; Similar to PID:1071643 SP:P52612 GB:U00096 PID:1736607 PID:1788251; identified by sequence similarity; putative.,9.353589,-0.88252985,Motility,#ff0004
Plate2_Drawer6 07-Aug-2025 12-51-44,E3,pdhE2,VC_2413,"Pyruvate dehydrogenase, E2 component, dihydrolipoamide acetyltransferase; The pyruvate dehydrogenase complex catalyzes the overall conversion of pyruvate to acetyl-CoA and CO(2).",4.817238,1.0708132,Pyruvate Flux,#39ff14
Plate2_Drawer6 07-Aug-2025 12-51-44,E4,VC_0134,VC_0134,Conserved hypothetical protein; Identified by Glimmer2; putative.,8.880435,10.002929,Unclassified,#ff00c3
Plate2_Drawer6 07-Aug-2025 12-51-44,E5,grx,VC_1146,Glutaredoxin 1; Has a glutathione-disulfide oxidoreductase activity in the presence of NADPH and glutathione reductase. Reduces low molecular weight disulfides and proteins (By similarity).,9.815316,11.33497,Unclassified,#ff00c3
Plate2_Drawer6 07-Aug-2025 12-51-44,E6,cheW,VC_2059,Purine-binding chemotaxis protein CheW; Similar to GB:M13462 SP:P07365 PID:145520 GB:U00096 PID:1736540; identified by sequence similarity; putative.,11.455448,4.221505,Motility,#ff0004
Plate2_Drawer6 07-Aug-2025 12-51-44,E7,nfuA,VC_2720,"Conserved hypothetical protein; Involved in iron-sulfur cluster biogenesis. Binds a 4Fe-4S cluster, can transfer this cluster to apoproteins, and thereby intervenes in the maturation of Fe/S proteins. Could also act as a scaffold/chaperone for damaged Fe/S proteins.",6.871158,3.3871465,Unclassified,#ff00c3
Plate2_Drawer6 07-Aug-2025 12-51-44,E8,groS2,VC_A0819,"Chaperonin, 10 Kd subunit; Binds to Cpn60 in the presence of Mg-ATP and suppresses the ATPase activity of the latter.",11.221922,12.010793,Unclassified,#ff00c3
Plate2_Drawer6 07-Aug-2025 12-51-44,E9,potD1,VC_1424,"Spermidine/putrescine ABC transporter, periplasmic spermidine/putrescine-binding protein; Required for the activity of the bacterial periplasmic transport system of putrescine; Belongs to the bacterial solute-binding protein PotD/PotF family.",10.598349,1.8951052,Polyamine Import,#14f7f0
Plate2_Drawer6 07-Aug-2025 12-51-44,F1,bioF,VC_1113,"8-amino-7-oxononanoate synthase; Catalyzes the decarboxylative condensation of pimeloyl-[acyl- carrier protein] and L-alanine to produce 8-amino-7-oxononanoate (AON), [acyl-carrier protein], and carbon dioxide.",4.716314,-5.1175714,Biotin Biosynthesis,#ff9f1c
Plate2_Drawer6 07-Aug-2025 12-51-44,F10,WT,WT,,9.344805,10.871212,WT,#000000
Plate2_Drawer6 07-Aug-2025 12-51-44,F2,flgO,VC_2207,Hypothetical protein; Identified by Glimmer2; putative.,10.200381,1.686199,Motility,#ff0004
Plate2_Drawer6 07-Aug-2025 12-51-44,F3,hslO,VC_2736,Conserved hypothetical protein; Redox regulated molecular chaperone. Protects both thermally unfolding and oxidatively damaged proteins from irreversible aggregation. Plays an important role in the bacterial defense system toward oxidative stress.,8.298424,8.646896,Unclassified,#ff00c3
Plate2_Drawer6 07-Aug-2025 12-51-44,F4,bioC,VC_1114,Biotin synthesis protein BioC; Converts the free carboxyl group of a malonyl-thioester to its methyl ester by transfer of a methyl group from S-adenosyl-L- methionine (SAM). It allows to synthesize pimeloyl-ACP via the fatty acid synthetic pathway.,4.584018,-5.3246646,Biotin Biosynthesis,#ff9f1c
Plate2_Drawer6 07-Aug-2025 12-51-44,F5,dnaN,VC_0013,"DNA polymerase III, beta chain; Confers DNA tethering and processivity to DNA polymerases and other proteins. Acts as a clamp, forming a ring around DNA (a reaction catalyzed by the clamp-loading complex) which diffuses in an ATP- independent manner freely and bidirectionally along dsDNA. Initially characterized for its ability to contact the catalytic subunit of DNA polymerase III (Pol III), a complex, multichain enzyme responsible for most of the replicative synthesis in bacteria; Pol III exhibits 3'-5' exonuclease proofreading activity. The beta chain is required for initiation of r [...] ",10.720763,8.627248,Unclassified,#ff00c3
Plate2_Drawer6 07-Aug-2025 12-51-44,F6,mutH,VC_0668,DNA mismatch repair protein MutH; Sequence-specific endonuclease that cleaves unmethylated GATC sequences. It is involved in DNA mismatch repair; Belongs to the MutH family.,8.702963,7.801012,Unclassified,#ff00c3
Plate2_Drawer6 07-Aug-2025 12-51-44,F7,pabC,VC_2018,"4-amino-4-deoxychorismate lyase; Involved in the biosynthesis of p-aminobenzoate (PABA), a precursor of tetrahydrofolate. Converts 4-amino-4-deoxychorismate into 4-aminobenzoate (PABA) and pyruvate (By similarity).",8.551951,4.5015874,Unclassified,#ff00c3
Plate2_Drawer6 07-Aug-2025 12-51-44,F8,lexA,VC_0092,"LexA repressor; Represses a number of genes involved in the response to DNA damage (SOS response), including recA and lexA. In the presence of single-stranded DNA, RecA interacts with LexA causing an autocatalytic cleavage which disrupts the DNA-binding part of LexA, leading to derepression of the SOS regulon and eventually DNA repair.",9.061486,4.8545785,Unclassified,#ff00c3
Plate2_Drawer6 07-Aug-2025 12-51-44,F9,VC_2271,VC_2271,"Riboflavin-specific deaminase; Converts 2,5-diamino-6-(ribosylamino)-4(3h)-pyrimidinone 5'- phosphate into 5-amino-6-(ribosylamino)-2,4(1h,3h)-pyrimidinedione 5'- phosphate; In the C-terminal section; belongs to the HTP reductase family.",8.928118,4.653244,Unclassified,#ff00c3
Plate2_Drawer6 22-Jul-2025 11-24-18,A1,flgK,VC_2191,Flagellar hook-associated protein FlgM; Similar to PID:2443633; identified by sequence similarity; putative. HOOK FILSMENT JUNCTION,11.226757,3.710213,Motility,#ff0004
Plate2_Drawer6 22-Jul-2025 11-24-18,A10,VC_2523,VC_2523,Conserved hypothetical protein; Identified by Glimmer2; putative.,10.300635,8.019875,Unclassified,#ff00c3
Plate2_Drawer6 22-Jul-2025 11-24-18,A11,fliR,VC_2121,Flagellar biosynthetic protein FliR; Role in flagellar biosynthesis. Belongs to the FliR/MopE/SpaR family.,9.139885,-1.3752638,Motility,#ff0004
Plate2_Drawer6 22-Jul-2025 11-24-18,A12,argR,VC_0431,Arginine repressor; Regulates arginine biosynthesis genes.,8.407058,6.394955,Unclassified,#ff00c3
Plate2_Drawer6 22-Jul-2025 11-24-18,A2,flrB,VC_2136,Sensory box sensor histidine kinase; Similar to PID:2338728; identified by sequence similarity; putative.,9.249138,-0.33898088,Motility,#ff0004
Plate2_Drawer6 22-Jul-2025 11-24-18,A3,rjg,VC_0264,Conserved hypothetical protein; Identified by Glimmer2; putative.,9.105238,10.247784,Unclassified,#ff00c3
Plate2_Drawer6 22-Jul-2025 11-24-18,A4,fliA,VC_2066,RNA polymerase sigma factor for flagellar operon FliA; Sigma factors are initiation factors that promote the attachment of RNA polymerase to specific initiation sites and are then released. This sigma factor controls the expression of flagella-related genes; Belongs to the sigma-70 factor family. FliA subfamily.,9.936939,-0.7070477,Motility,#ff0004
Plate2_Drawer6 22-Jul-2025 11-24-18,A5,flgM,VC_2204,"Negative regulator of flagellin synthesis FlgM, putative; Similar to GB:L14437 SP:P39809 PID:451869 PID:1762336 GB:AL009126; identified by sequence similarity; putative.",10.032534,9.300479,Motility,#ff0004
Plate2_Drawer6 22-Jul-2025 11-24-18,A6,flrA,VC_2137,Sigma-54 dependent transcriptional activator; Similar to PID:2338727; identified by sequence similarity; putative.,9.138977,-0.23159577,Motility,#ff0004
Plate2_Drawer6 22-Jul-2025 11-24-18,A7,VC_1291,VC_1291,Conserved hypothetical protein; Identified by Glimmer2; putative.,10.424439,7.6235538,Unclassified,#ff00c3
Plate2_Drawer6 22-Jul-2025 11-24-18,A8,thiI,VC_0894,"Thiamin biosynthesis protein ThiI; Catalyzes the ATP-dependent transfer of a sulfur to tRNA to produce 4-thiouridine in position 8 of tRNAs, which functions as a near-UV photosensor. Also catalyzes the transfer of sulfur to the sulfur carrier protein ThiS, forming ThiS-thiocarboxylate. This is a step in the synthesis of thiazole, in the thiamine biosynthesis pathway. The sulfur is donated as persulfide by IscS.",5.8837004,2.8154745,Unclassified,#ff00c3
Plate2_Drawer6 22-Jul-2025 11-24-18,A9,flhB,VC_2120,"Flagellar biosynthetic protein FlhB; Required for formation of the rod structure in the basal body of the flagellar apparatus. Together with FliI and FliH, may constitute the export apparatus of flagellin; Belongs to the type III secretion exporter family.",9.817405,-1.8498423,Motility,#ff0004
Plate2_Drawer6 22-Jul-2025 11-24-18,B1,aroE,VC_0056,"Shikimate 5-dehydrogenase; Involved in the biosynthesis of the chorismate, which leads to the biosynthesis of aromatic amino acids. Catalyzes the reversible NADPH linked reduction of 3-dehydroshikimate (DHSA) to yield shikimate (SA).",8.236209,6.577886,Unclassified,#ff00c3
Plate2_Drawer6 22-Jul-2025 11-24-18,B10,wbeN,VC_0251,Acyl protein synthase/acyl-CoA reductase RfbN; Similar to GB:X59554 PID:48393; identified by sequence similarity; putative.,7.4390864,5.4326906,O-Antigen Biosynthesis,#0096ff
Plate2_Drawer6 22-Jul-2025 11-24-18,B11,wbeL,VC_0249,rfbL protein; Similar to GB:X59554 PID:48391; identified by sequence similarity; putative.,7.8620286,-0.3319677,O-Antigen Biosynthesis,#0096ff
Plate2_Drawer6 22-Jul-2025 11-24-18,B12,pstB1,VC_0726,"Phosphate ABC transporter, ATP-binding protein; Part of the ABC transporter complex PstSACB involved in phosphate import. Responsible for energy coupling to the transport system; Belongs to the ABC transporter superfamily. Phosphate importer (TC 3.A.1.7) family.",9.189398,9.369532,Unclassified,#ff00c3
Plate2_Drawer6 22-Jul-2025 11-24-18,B4,VC_A0146,VC_A0146,Conserved hypothetical protein; Identified by Glimmer2; putative.,10.288799,1.2093025,Unclassified,#ff00c3
Plate2_Drawer6 22-Jul-2025 11-24-18,B5,VC_0289,VC_0289,Gluconate utilization system gnt-I transcriptional repressor; Similar to PID:1304069; identified by sequence similarity; putative.,8.712191,10.456219,Unclassified,#ff00c3
Plate2_Drawer6 22-Jul-2025 11-24-18,B6,VC_A0005,VC_A0005,Hypothetical protein; Identified by Glimmer2; putative.,10.249619,8.1594925,Unclassified,#ff00c3
Plate2_Drawer6 22-Jul-2025 11-24-18,B8,mltF,VC_0866,"Transglycosylase, Slt family; Murein-degrading enzyme that degrades murein glycan strands and insoluble, high-molecular weight murein sacculi, with the concomitant formation of a 1,6-anhydromuramoyl product. Lytic transglycosylases (LTs) play an integral role in the metabolism of the peptidoglycan (PG) sacculus. Their lytic action creates space within the PG sacculus to allow for its expansion as well as for the insertion of various structures such as secretion systems and flagella. In the N-terminal section; belongs to the bacterial solute- binding protein 3 family.",9.8506565,5.921566,Unclassified,#ff00c3
Plate2_Drawer6 22-Jul-2025 11-24-18,B9,VC_A0726,VC_A0726,"Molybdenum ABC transporter, periplasmic molybdenum-binding protein; Similar to GB:L34009 SP:P37329 PID:504498 PID:973214 PID:1147817; identified by sequence similarity; putative.",8.022606,6.697259,Unclassified,#ff00c3
Plate2_Drawer6 22-Jul-2025 11-24-18,C1,VC_1885,VC_1885,Hypothetical protein; Identified by Glimmer2; putative.,2.7642214,6.262548,Unclassified,#ff00c3
Plate2_Drawer6 22-Jul-2025 11-24-18,C10,flgF,VC_2196,Flagellar basal-body rod protein FlgF; Similar to GB:U00096 SP:P75938 PID:1787317; identified by sequence similarity; putative; Belongs to the flagella basal body rod proteins family.,10.473401,-1.3355205,Motility,#ff0004
Plate2_Drawer6 22-Jul-2025 11-24-18,C11,VC_2441,VC_2441,Conserved hypothetical protein; Identified by Glimmer2; putative.,10.2875,7.167633,Unclassified,#ff00c3
Plate2_Drawer6 22-Jul-2025 11-24-18,C12,VC_1710,VC_1710,Conserved hypothetical protein; Identified by Glimmer2; putative.,10.602244,10.987189,Unclassified,#ff00c3
Plate2_Drawer6 22-Jul-2025 11-24-18,C3,VC_1359,VC_1359,"Amino acid ABC transporter, ATP-binding protein; Similar to PID:1154897; identified by sequence similarity; putative.",4.9925604,-4.243708,Unclassified,#ff00c3
Plate2_Drawer6 22-Jul-2025 11-24-18,C4,VC_A0328,VC_A0328,"Biphenyl-2,3-diol 1,2-dioxygenase III-related protein; Similar to GB:X75635 SP:P47233 PID:473121; identified by sequence similarity; putative.",9.455923,8.54369,Unclassified,#ff00c3
Plate2_Drawer6 22-Jul-2025 11-24-18,C5,VC_1350,VC_1350,"Antioxidant, putative; Thiol-specific peroxidase that catalyzes the reduction of hydrogen peroxide and organic hydroperoxides to water and alcohols, respectively. Plays a role in cell protection against oxidative stress by detoxifying peroxides; Belongs to the peroxiredoxin family. Prx5 subfamily.",10.767849,9.465847,Unclassified,#ff00c3
Plate2_Drawer6 22-Jul-2025 11-24-18,C6,manB,VC_0242,Phosphomannomutase; Involved in GDP-mannose biosynthesis which serves as the activated sugar nucleotide precursor for mannose residues in cell surface polysaccharides; Belongs to the phosphohexose mutase family.,8.946821,4.91452,O-Antigen Biosynthesis,#0096ff
Plate2_Drawer6 22-Jul-2025 11-24-18,C7,mrcA,VC_2635,Penicillin-binding protein 1A; Cell wall formation. Synthesis of cross-linked peptidoglycan from the lipid intermediates. The enzyme has a penicillin-insensitive transglycosylase N-terminal domain (formation of linear glycan strands) and a penicillin-sensitive transpeptidase C-terminal domain (cross- linking of the peptide subunits).,7.122754,-0.47052884,Unclassified,#ff00c3
Plate2_Drawer6 22-Jul-2025 11-24-18,C8,VC_A0079,VC_A0079,Conserved hypothetical protein; Identified by Glimmer2; putative.,10.325756,-2.1304786,Unclassified,#ff00c3
Plate2_Drawer6 22-Jul-2025 11-24-18,C9,potA,VC_1428,"Spermidine/putrescine ABC transporter, ATP-binding protein; Part of the ABC transporter complex PotABCD involved in spermidine/putrescine import. Responsible for energy coupling to the transport system; Belongs to the ABC transporter superfamily. Spermidine/putrescine importer (TC 3.A.1.11.1) family.",10.639686,1.5912774,Polyamine Import,#14f7f0
Plate2_Drawer6 22-Jul-2025 11-24-18,D1,VC_A0340,VC_A0340,Hypothetical protein; Identified by Glimmer2; putative.,8.633215,8.7478075,Unclassified,#ff00c3
Plate2_Drawer6 22-Jul-2025 11-24-18,D10,bioD,VC_1115,"Dethiobiotin synthetase; Catalyzes a mechanistically unusual reaction, the ATP- dependent insertion of CO2 between the N7 and N8 nitrogen atoms of 7,8- diaminopelargonic acid (DAPA) to form an ureido ring.",4.938259,-5.2444687,Biotin Biosynthesis,#ff9f1c
Plate2_Drawer6 22-Jul-2025 11-24-18,D11,flaA,VC_2188,Flagellin core protein A; Flagellin is the subunit protein which polymerizes to form the filaments of bacterial flagella. FlaA is required to form a core or scaffold into which the other flagellins are inserted to provide structural integrity. Essential for flagellar synthesis and motility; important for full virulence.,10.715208,-2.1463668,Motility,#ff0004
Plate2_Drawer6 22-Jul-2025 11-24-18,D12,wavL,VC_0239,Conserved hypothetical protein; Identified by Glimmer2; putative.,4.0281577,-0.14235927,O-Antigen Biosynthesis,#0096ff
Plate2_Drawer6 22-Jul-2025 11-24-18,D2,VC_0745,VC_0745,Inositol monophosphate family protein; Similar to GB:M34828 SP:P22783 PID:147899 GB:U00096 PID:1788882; identified by sequence similarity; putative; Belongs to the inositol monophosphatase superfamily.,9.029671,5.9421244,Unclassified,#ff00c3
Plate2_Drawer6 22-Jul-2025 11-24-18,D3,VC_2485,VC_2485,"Transcriptional regulator, LysR family; Similar to GB:D10483 SP:P10151 GB:M21150 PID:1128961 PID:146605; identified by sequence similarity; putative; Belongs to the LysR transcriptional regulatory family.",10.0541,2.330859,Unclassified,#ff00c3
Plate2_Drawer6 22-Jul-2025 11-24-18,D4,rimO,VC_2620,Conserved hypothetical protein; Catalyzes the methylthiolation of an aspartic acid residue of ribosomal protein S12; Belongs to the methylthiotransferase family. RimO subfamily.,10.651226,11.140811,Unclassified,#ff00c3
Plate2_Drawer6 22-Jul-2025 11-24-18,D5,bioA,VC_1111,"Adenosylmethionine-8-amino-7-oxononanoate aminotransferase; Catalyzes the transfer of the alpha-amino group from S- adenosyl-L-methionine (SAM) to 7-keto-8-aminopelargonic acid (KAPA) to form 7,8-diaminopelargonic acid (DAPA). It is the only animotransferase known to utilize SAM as an amino donor; Belongs to the class-III pyridoxal-phosphate-dependent aminotransferase family. BioA subfamily.",4.947967,-5.1618767,Biotin Biosynthesis,#ff9f1c
Plate2_Drawer6 22-Jul-2025 11-24-18,D6,wbeT,VC_0259,Lipopolysaccharide biosynthesis protein RfbV; Similar to GB:X59554 PID:48400 PID:1929424; identified by sequence similarity; putative.,4.7368507,-4.4044113,O-Antigen Biosynthesis,#0096ff
Plate2_Drawer6 22-Jul-2025 11-24-18,D7,VC_0929,VC_0929,Hypothetical protein; Identified by Glimmer2; putative.,11.059268,5.408934,Unclassified,#ff00c3
Plate2_Drawer6 22-Jul-2025 11-24-18,D8,flgT,VC_2208,Hypothetical protein; Identified by Glimmer2; putative.,10.603464,-1.4362779,Motility,#ff0004
Plate2_Drawer6 22-Jul-2025 11-24-18,D9,glyA1,VC_0941,"Serine hydroxymethyltransferase; Catalyzes the reversible interconversion of serine and glycine with tetrahydrofolate (THF) serving as the one-carbon carrier. This reaction serves as the major source of one-carbon groups required for the biosynthesis of purines, thymidylate, methionine, and other important biomolecules. Also exhibits THF-independent aldolase activity toward beta-hydroxyamino acids, producing glycine and aldehydes, via a retro-aldol mechanism.",6.190687,1.593653,Unclassified,#ff00c3
Plate2_Drawer6 22-Jul-2025 11-24-18,E1,VC_1003,VC_1003,Bacteriocin production protein; Similar to GB:J01666 SP:P08550 PID:146367 PID:147415 GB:U00096; identified by sequence similarity; putative.,5.175415,0.5896337,Unclassified,#ff00c3
Plate2_Drawer6 22-Jul-2025 11-24-18,E10,flgA,VC_2203,"Flagellar protein, putative; Similar to PID:1272364; identified by sequence similarity; putative.",11.632322,4.8799715,Motility,#ff0004
Plate2_Drawer6 22-Jul-2025 11-24-18,E11,VC_A0187,VC_A0187,Hypothetical protein; Identified by Glimmer2; putative.,10.802132,6.1457033,Unclassified,#ff00c3
Plate2_Drawer6 22-Jul-2025 11-24-18,E12,VC_1652,VC_1652,Response regulator VieA; Similar to GP:3123891; identified by sequence similarity; putative.,10.582154,11.132933,Unclassified,#ff00c3
Plate2_Drawer6 22-Jul-2025 11-24-18,E2,fliL,VC_2130,Flagellum-specific ATP synthase FliI; Similar to PID:1071643 SP:P52612 GB:U00096 PID:1736607 PID:1788251; identified by sequence similarity; putative.,10.8158245,-1.7851518,Motility,#ff0004
Plate2_Drawer6 22-Jul-2025 11-24-18,E3,pdhE2,VC_2413,"Pyruvate dehydrogenase, E2 component, dihydrolipoamide acetyltransferase; The pyruvate dehydrogenase complex catalyzes the overall conversion of pyruvate to acetyl-CoA and CO(2).",5.1496243,0.608478,Pyruvate Flux,#39ff14
Plate2_Drawer6 22-Jul-2025 11-24-18,E4,VC_0134,VC_0134,Conserved hypothetical protein; Identified by Glimmer2; putative.,10.974075,11.561928,Unclassified,#ff00c3
Plate2_Drawer6 22-Jul-2025 11-24-18,E5,grx,VC_1146,Glutaredoxin 1; Has a glutathione-disulfide oxidoreductase activity in the presence of NADPH and glutathione reductase. Reduces low molecular weight disulfides and proteins (By similarity).,9.99174,11.21537,Unclassified,#ff00c3
Plate2_Drawer6 22-Jul-2025 11-24-18,E6,cheW,VC_2059,Purine-binding chemotaxis protein CheW; Similar to GB:M13462 SP:P07365 PID:145520 GB:U00096 PID:1736540; identified by sequence similarity; putative.,11.606551,4.5627923,Motility,#ff0004
Plate2_Drawer6 22-Jul-2025 11-24-18,E7,nfuA,VC_2720,"Conserved hypothetical protein; Involved in iron-sulfur cluster biogenesis. Binds a 4Fe-4S cluster, can transfer this cluster to apoproteins, and thereby intervenes in the maturation of Fe/S proteins. Could also act as a scaffold/chaperone for damaged Fe/S proteins.",6.956265,5.6824064,Unclassified,#ff00c3
Plate2_Drawer6 22-Jul-2025 11-24-18,E8,groS2,VC_A0819,"Chaperonin, 10 Kd subunit; Binds to Cpn60 in the presence of Mg-ATP and suppresses the ATPase activity of the latter.",9.837584,10.719254,Unclassified,#ff00c3
Plate2_Drawer6 22-Jul-2025 11-24-18,E9,potD1,VC_1424,"Spermidine/putrescine ABC transporter, periplasmic spermidine/putrescine-binding protein; Required for the activity of the bacterial periplasmic transport system of putrescine; Belongs to the bacterial solute-binding protein PotD/PotF family.",10.751774,1.4478557,Polyamine Import,#14f7f0
Plate2_Drawer6 22-Jul-2025 11-24-18,F1,bioF,VC_1113,"8-amino-7-oxononanoate synthase; Catalyzes the decarboxylative condensation of pimeloyl-[acyl- carrier protein] and L-alanine to produce 8-amino-7-oxononanoate (AON), [acyl-carrier protein], and carbon dioxide.",4.7676067,-5.8715425,Biotin Biosynthesis,#ff9f1c
Plate2_Drawer6 22-Jul-2025 11-24-18,F10,WT,WT,,8.398116,9.85064,WT,#000000
Plate2_Drawer6 22-Jul-2025 11-24-18,F2,flgO,VC_2207,Hypothetical protein; Identified by Glimmer2; putative.,10.824822,1.9714128,Motility,#ff0004
Plate2_Drawer6 22-Jul-2025 11-24-18,F3,hslO,VC_2736,Conserved hypothetical protein; Redox regulated molecular chaperone. Protects both thermally unfolding and oxidatively damaged proteins from irreversible aggregation. Plays an important role in the bacterial defense system toward oxidative stress.,10.056656,8.207886,Unclassified,#ff00c3
Plate2_Drawer6 22-Jul-2025 11-24-18,F4,bioC,VC_1114,Biotin synthesis protein BioC; Converts the free carboxyl group of a malonyl-thioester to its methyl ester by transfer of a methyl group from S-adenosyl-L- methionine (SAM). It allows to synthesize pimeloyl-ACP via the fatty acid synthetic pathway.,4.7914705,-5.9947834,Biotin Biosynthesis,#ff9f1c
Plate2_Drawer6 22-Jul-2025 11-24-18,F5,dnaN,VC_0013,"DNA polymerase III, beta chain; Confers DNA tethering and processivity to DNA polymerases and other proteins. Acts as a clamp, forming a ring around DNA (a reaction catalyzed by the clamp-loading complex) which diffuses in an ATP- independent manner freely and bidirectionally along dsDNA. Initially characterized for its ability to contact the catalytic subunit of DNA polymerase III (Pol III), a complex, multichain enzyme responsible for most of the replicative synthesis in bacteria; Pol III exhibits 3'-5' exonuclease proofreading activity. The beta chain is required for initiation of r [...] ",11.281646,5.9806614,Unclassified,#ff00c3
Plate2_Drawer6 22-Jul-2025 11-24-18,F6,mutH,VC_0668,DNA mismatch repair protein MutH; Sequence-specific endonuclease that cleaves unmethylated GATC sequences. It is involved in DNA mismatch repair; Belongs to the MutH family.,10.870953,9.516626,Unclassified,#ff00c3
Plate2_Drawer6 22-Jul-2025 11-24-18,F7,pabC,VC_2018,"4-amino-4-deoxychorismate lyase; Involved in the biosynthesis of p-aminobenzoate (PABA), a precursor of tetrahydrofolate. Converts 4-amino-4-deoxychorismate into 4-aminobenzoate (PABA) and pyruvate (By similarity).",8.14944,7.2975016,Unclassified,#ff00c3
Plate2_Drawer6 22-Jul-2025 11-24-18,F8,lexA,VC_0092,"LexA repressor; Represses a number of genes involved in the response to DNA damage (SOS response), including recA and lexA. In the presence of single-stranded DNA, RecA interacts with LexA causing an autocatalytic cleavage which disrupts the DNA-binding part of LexA, leading to derepression of the SOS regulon and eventually DNA repair.",10.890432,-1.44109,Unclassified,#ff00c3
Plate2_Drawer6 22-Jul-2025 11-24-18,F9,VC_2271,VC_2271,"Riboflavin-specific deaminase; Converts 2,5-diamino-6-(ribosylamino)-4(3h)-pyrimidinone 5'- phosphate into 5-amino-6-(ribosylamino)-2,4(1h,3h)-pyrimidinedione 5'- phosphate; In the C-terminal section; belongs to the HTP reductase family.",10.978561,5.345796,Unclassified,#ff00c3
Plate2_Drawer6 25-Aug-2025 13-08-37,A1,flgK,VC_2191,Flagellar hook-associated protein FlgM; Similar to PID:2443633; identified by sequence similarity; putative. HOOK FILSMENT JUNCTION,9.649501,4.9246182,Motility,#ff0004
Plate2_Drawer6 25-Aug-2025 13-08-37,A10,VC_2523,VC_2523,Conserved hypothetical protein; Identified by Glimmer2; putative.,8.860057,8.476661,Unclassified,#ff00c3
Plate2_Drawer6 25-Aug-2025 13-08-37,A11,fliR,VC_2121,Flagellar biosynthetic protein FliR; Role in flagellar biosynthesis. Belongs to the FliR/MopE/SpaR family.,7.953437,-0.16843143,Motility,#ff0004
Plate2_Drawer6 25-Aug-2025 13-08-37,A12,argR,VC_0431,Arginine repressor; Regulates arginine biosynthesis genes.,8.621682,6.8746405,Unclassified,#ff00c3
Plate2_Drawer6 25-Aug-2025 13-08-37,A2,flrB,VC_2136,Sensory box sensor histidine kinase; Similar to PID:2338728; identified by sequence similarity; putative.,9.173262,-0.26218092,Motility,#ff0004
Plate2_Drawer6 25-Aug-2025 13-08-37,A3,rjg,VC_0264,Conserved hypothetical protein; Identified by Glimmer2; putative.,9.269139,10.532469,Unclassified,#ff00c3
Plate2_Drawer6 25-Aug-2025 13-08-37,A4,fliA,VC_2066,RNA polymerase sigma factor for flagellar operon FliA; Sigma factors are initiation factors that promote the attachment of RNA polymerase to specific initiation sites and are then released. This sigma factor controls the expression of flagella-related genes; Belongs to the sigma-70 factor family. FliA subfamily.,10.6502905,-1.4513531,Motility,#ff0004
Plate2_Drawer6 25-Aug-2025 13-08-37,A5,flgM,VC_2204,"Negative regulator of flagellin synthesis FlgM, putative; Similar to GB:L14437 SP:P39809 PID:451869 PID:1762336 GB:AL009126; identified by sequence similarity; putative.",9.961738,9.968127,Motility,#ff0004
Plate2_Drawer6 25-Aug-2025 13-08-37,A6,flrA,VC_2137,Sigma-54 dependent transcriptional activator; Similar to PID:2338727; identified by sequence similarity; putative.,10.237304,-1.0986354,Motility,#ff0004
Plate2_Drawer6 25-Aug-2025 13-08-37,A7,VC_1291,VC_1291,Conserved hypothetical protein; Identified by Glimmer2; putative.,9.357898,6.3165326,Unclassified,#ff00c3
Plate2_Drawer6 25-Aug-2025 13-08-37,A8,thiI,VC_0894,"Thiamin biosynthesis protein ThiI; Catalyzes the ATP-dependent transfer of a sulfur to tRNA to produce 4-thiouridine in position 8 of tRNAs, which functions as a near-UV photosensor. Also catalyzes the transfer of sulfur to the sulfur carrier protein ThiS, forming ThiS-thiocarboxylate. This is a step in the synthesis of thiazole, in the thiamine biosynthesis pathway. The sulfur is donated as persulfide by IscS.",7.7111177,9.501823,Unclassified,#ff00c3
Plate2_Drawer6 25-Aug-2025 13-08-37,A9,flhB,VC_2120,"Flagellar biosynthetic protein FlhB; Required for formation of the rod structure in the basal body of the flagellar apparatus. Together with FliI and FliH, may constitute the export apparatus of flagellin; Belongs to the type III secretion exporter family.",9.052131,-1.0829756,Motility,#ff0004
Plate2_Drawer6 25-Aug-2025 13-08-37,B1,aroE,VC_0056,"Shikimate 5-dehydrogenase; Involved in the biosynthesis of the chorismate, which leads to the biosynthesis of aromatic amino acids. Catalyzes the reversible NADPH linked reduction of 3-dehydroshikimate (DHSA) to yield shikimate (SA).",8.257373,9.675551,Unclassified,#ff00c3
Plate2_Drawer6 25-Aug-2025 13-08-37,B10,wbeN,VC_0251,Acyl protein synthase/acyl-CoA reductase RfbN; Similar to GB:X59554 PID:48393; identified by sequence similarity; putative.,9.092995,4.61832,O-Antigen Biosynthesis,#0096ff
Plate2_Drawer6 25-Aug-2025 13-08-37,B11,wbeL,VC_0249,rfbL protein; Similar to GB:X59554 PID:48391; identified by sequence similarity; putative.,2.581822,-0.8161216,O-Antigen Biosynthesis,#0096ff
Plate2_Drawer6 25-Aug-2025 13-08-37,B12,pstB1,VC_0726,"Phosphate ABC transporter, ATP-binding protein; Part of the ABC transporter complex PstSACB involved in phosphate import. Responsible for energy coupling to the transport system; Belongs to the ABC transporter superfamily. Phosphate importer (TC 3.A.1.7) family.",7.824549,9.38029,Unclassified,#ff00c3
Plate2_Drawer6 25-Aug-2025 13-08-37,B4,VC_A0146,VC_A0146,Conserved hypothetical protein; Identified by Glimmer2; putative.,11.055563,5.574965,Unclassified,#ff00c3
Plate2_Drawer6 25-Aug-2025 13-08-37,B5,VC_0289,VC_0289,Gluconate utilization system gnt-I transcriptional repressor; Similar to PID:1304069; identified by sequence similarity; putative.,9.198977,10.248832,Unclassified,#ff00c3
Plate2_Drawer6 25-Aug-2025 13-08-37,B6,VC_A0005,VC_A0005,Hypothetical protein; Identified by Glimmer2; putative.,9.610419,9.491071,Unclassified,#ff00c3
Plate2_Drawer6 25-Aug-2025 13-08-37,B8,mltF,VC_0866,"Transglycosylase, Slt family; Murein-degrading enzyme that degrades murein glycan strands and insoluble, high-molecular weight murein sacculi, with the concomitant formation of a 1,6-anhydromuramoyl product. Lytic transglycosylases (LTs) play an integral role in the metabolism of the peptidoglycan (PG) sacculus. Their lytic action creates space within the PG sacculus to allow for its expansion as well as for the insertion of various structures such as secretion systems and flagella. In the N-terminal section; belongs to the bacterial solute- binding protein 3 family.",7.262221,4.5333757,Unclassified,#ff00c3
Plate2_Drawer6 25-Aug-2025 13-08-37,B9,VC_A0726,VC_A0726,"Molybdenum ABC transporter, periplasmic molybdenum-binding protein; Similar to GB:L34009 SP:P37329 PID:504498 PID:973214 PID:1147817; identified by sequence similarity; putative.",9.1345625,8.43929,Unclassified,#ff00c3
Plate2_Drawer6 25-Aug-2025 13-08-37,C1,VC_1885,VC_1885,Hypothetical protein; Identified by Glimmer2; putative.,2.7749515,6.274219,Unclassified,#ff00c3
Plate2_Drawer6 25-Aug-2025 13-08-37,C10,flgF,VC_2196,Flagellar basal-body rod protein FlgF; Similar to GB:U00096 SP:P75938 PID:1787317; identified by sequence similarity; putative; Belongs to the flagella basal body rod proteins family.,9.3336935,-0.42355925,Motility,#ff0004
Plate2_Drawer6 25-Aug-2025 13-08-37,C11,VC_2441,VC_2441,Conserved hypothetical protein; Identified by Glimmer2; putative.,8.376126,6.3666606,Unclassified,#ff00c3
Plate2_Drawer6 25-Aug-2025 13-08-37,C12,VC_1710,VC_1710,Conserved hypothetical protein; Identified by Glimmer2; putative.,8.930788,9.894957,Unclassified,#ff00c3
Plate2_Drawer6 25-Aug-2025 13-08-37,C2,aroQ,VC_0297,3-dehydroquinate dehydratase; Catalyzes a trans-dehydration via an enolate intermediate. Belongs to the type-II 3-dehydroquinase family.,5.8046603,2.5445285,Unclassified,#ff00c3
Plate2_Drawer6 25-Aug-2025 13-08-37,C3,VC_1359,VC_1359,"Amino acid ABC transporter, ATP-binding protein; Similar to PID:1154897; identified by sequence similarity; putative.",4.9934216,-4.185114,Unclassified,#ff00c3
Plate2_Drawer6 25-Aug-2025 13-08-37,C4,VC_A0328,VC_A0328,"Biphenyl-2,3-diol 1,2-dioxygenase III-related protein; Similar to GB:X75635 SP:P47233 PID:473121; identified by sequence similarity; putative.",9.673356,8.293791,Unclassified,#ff00c3
Plate2_Drawer6 25-Aug-2025 13-08-37,C5,VC_1350,VC_1350,"Antioxidant, putative; Thiol-specific peroxidase that catalyzes the reduction of hydrogen peroxide and organic hydroperoxides to water and alcohols, respectively. Plays a role in cell protection against oxidative stress by detoxifying peroxides; Belongs to the peroxiredoxin family. Prx5 subfamily.",10.363935,8.517456,Unclassified,#ff00c3
Plate2_Drawer6 25-Aug-2025 13-08-37,C6,manB,VC_0242,Phosphomannomutase; Involved in GDP-mannose biosynthesis which serves as the activated sugar nucleotide precursor for mannose residues in cell surface polysaccharides; Belongs to the phosphohexose mutase family.,10.450609,4.2869215,O-Antigen Biosynthesis,#0096ff
Plate2_Drawer6 25-Aug-2025 13-08-37,C7,mrcA,VC_2635,Penicillin-binding protein 1A; Cell wall formation. Synthesis of cross-linked peptidoglycan from the lipid intermediates. The enzyme has a penicillin-insensitive transglycosylase N-terminal domain (formation of linear glycan strands) and a penicillin-sensitive transpeptidase C-terminal domain (cross- linking of the peptide subunits).,9.005859,1.2108642,Unclassified,#ff00c3
Plate2_Drawer6 25-Aug-2025 13-08-37,C8,VC_A0079,VC_A0079,Conserved hypothetical protein; Identified by Glimmer2; putative.,10.156693,3.183911,Unclassified,#ff00c3
Plate2_Drawer6 25-Aug-2025 13-08-37,C9,potA,VC_1428,"Spermidine/putrescine ABC transporter, ATP-binding protein; Part of the ABC transporter complex PotABCD involved in spermidine/putrescine import. Responsible for energy coupling to the transport system; Belongs to the ABC transporter superfamily. Spermidine/putrescine importer (TC 3.A.1.11.1) family.",9.698279,1.6019299,Polyamine Import,#14f7f0
Plate2_Drawer6 25-Aug-2025 13-08-37,D1,VC_A0340,VC_A0340,Hypothetical protein; Identified by Glimmer2; putative.,11.802919,9.496021,Unclassified,#ff00c3
Plate2_Drawer6 25-Aug-2025 13-08-37,D10,bioD,VC_1115,"Dethiobiotin synthetase; Catalyzes a mechanistically unusual reaction, the ATP- dependent insertion of CO2 between the N7 and N8 nitrogen atoms of 7,8- diaminopelargonic acid (DAPA) to form an ureido ring.",4.882378,-6.017016,Biotin Biosynthesis,#ff9f1c
Plate2_Drawer6 25-Aug-2025 13-08-37,D11,flaA,VC_2188,Flagellin core protein A; Flagellin is the subunit protein which polymerizes to form the filaments of bacterial flagella. FlaA is required to form a core or scaffold into which the other flagellins are inserted to provide structural integrity. Essential for flagellar synthesis and motility; important for full virulence.,9.052433,-1.353112,Motility,#ff0004
Plate2_Drawer6 25-Aug-2025 13-08-37,D12,wavL,VC_0239,Conserved hypothetical protein; Identified by Glimmer2; putative.,3.841171,-0.25175488,O-Antigen Biosynthesis,#0096ff
Plate2_Drawer6 25-Aug-2025 13-08-37,D2,VC_0745,VC_0745,Inositol monophosphate family protein; Similar to GB:M34828 SP:P22783 PID:147899 GB:U00096 PID:1788882; identified by sequence similarity; putative; Belongs to the inositol monophosphatase superfamily.,7.3632956,3.1789422,Unclassified,#ff00c3
Plate2_Drawer6 25-Aug-2025 13-08-37,D3,VC_2485,VC_2485,"Transcriptional regulator, LysR family; Similar to GB:D10483 SP:P10151 GB:M21150 PID:1128961 PID:146605; identified by sequence similarity; putative; Belongs to the LysR transcriptional regulatory family.",9.323739,2.808515,Unclassified,#ff00c3
Plate2_Drawer6 25-Aug-2025 13-08-37,D4,rimO,VC_2620,Conserved hypothetical protein; Catalyzes the methylthiolation of an aspartic acid residue of ribosomal protein S12; Belongs to the methylthiotransferase family. RimO subfamily.,10.781023,11.676302,Unclassified,#ff00c3
Plate2_Drawer6 25-Aug-2025 13-08-37,D5,bioA,VC_1111,"Adenosylmethionine-8-amino-7-oxononanoate aminotransferase; Catalyzes the transfer of the alpha-amino group from S- adenosyl-L-methionine (SAM) to 7-keto-8-aminopelargonic acid (KAPA) to form 7,8-diaminopelargonic acid (DAPA). It is the only animotransferase known to utilize SAM as an amino donor; Belongs to the class-III pyridoxal-phosphate-dependent aminotransferase family. BioA subfamily.",4.6336656,-5.6513734,Biotin Biosynthesis,#ff9f1c
Plate2_Drawer6 25-Aug-2025 13-08-37,D6,wbeT,VC_0259,Lipopolysaccharide biosynthesis protein RfbV; Similar to GB:X59554 PID:48400 PID:1929424; identified by sequence similarity; putative.,4.8163347,-3.9747386,O-Antigen Biosynthesis,#0096ff
Plate2_Drawer6 25-Aug-2025 13-08-37,D7,VC_0929,VC_0929,Hypothetical protein; Identified by Glimmer2; putative.,11.033805,5.638044,Unclassified,#ff00c3
Plate2_Drawer6 25-Aug-2025 13-08-37,D8,flgT,VC_2208,Hypothetical protein; Identified by Glimmer2; putative.,10.689789,-1.4867574,Motility,#ff0004
Plate2_Drawer6 25-Aug-2025 13-08-37,D9,glyA1,VC_0941,"Serine hydroxymethyltransferase; Catalyzes the reversible interconversion of serine and glycine with tetrahydrofolate (THF) serving as the one-carbon carrier. This reaction serves as the major source of one-carbon groups required for the biosynthesis of purines, thymidylate, methionine, and other important biomolecules. Also exhibits THF-independent aldolase activity toward beta-hydroxyamino acids, producing glycine and aldehydes, via a retro-aldol mechanism.",7.251254,2.8498733,Unclassified,#ff00c3
Plate2_Drawer6 25-Aug-2025 13-08-37,E1,VC_1003,VC_1003,Bacteriocin production protein; Similar to GB:J01666 SP:P08550 PID:146367 PID:147415 GB:U00096; identified by sequence similarity; putative.,5.134065,0.6336376,Unclassified,#ff00c3
Plate2_Drawer6 25-Aug-2025 13-08-37,E10,flgA,VC_2203,"Flagellar protein, putative; Similar to PID:1272364; identified by sequence similarity; putative.",11.677408,4.8126774,Motility,#ff0004
Plate2_Drawer6 25-Aug-2025 13-08-37,E11,VC_A0187,VC_A0187,Hypothetical protein; Identified by Glimmer2; putative.,10.867806,5.640593,Unclassified,#ff00c3
Plate2_Drawer6 25-Aug-2025 13-08-37,E12,VC_1652,VC_1652,Response regulator VieA; Similar to GP:3123891; identified by sequence similarity; putative.,9.4245615,10.671911,Unclassified,#ff00c3
Plate2_Drawer6 25-Aug-2025 13-08-37,E2,fliL,VC_2130,Flagellum-specific ATP synthase FliI; Similar to PID:1071643 SP:P52612 GB:U00096 PID:1736607 PID:1788251; identified by sequence similarity; putative.,8.0798435,0.40950197,Motility,#ff0004
Plate2_Drawer6 25-Aug-2025 13-08-37,E3,pdhE2,VC_2413,"Pyruvate dehydrogenase, E2 component, dihydrolipoamide acetyltransferase; The pyruvate dehydrogenase complex catalyzes the overall conversion of pyruvate to acetyl-CoA and CO(2).",4.624684,1.1024654,Pyruvate Flux,#39ff14
Plate2_Drawer6 25-Aug-2025 13-08-37,E4,VC_0134,VC_0134,Conserved hypothetical protein; Identified by Glimmer2; putative.,10.7938595,11.393382,Unclassified,#ff00c3
Plate2_Drawer6 25-Aug-2025 13-08-37,E5,grx,VC_1146,Glutaredoxin 1; Has a glutathione-disulfide oxidoreductase activity in the presence of NADPH and glutathione reductase. Reduces low molecular weight disulfides and proteins (By similarity).,10.125645,11.3607025,Unclassified,#ff00c3
Plate2_Drawer6 25-Aug-2025 13-08-37,E6,cheW,VC_2059,Purine-binding chemotaxis protein CheW; Similar to GB:M13462 SP:P07365 PID:145520 GB:U00096 PID:1736540; identified by sequence similarity; putative.,11.31723,4.0635424,Motility,#ff0004
Plate2_Drawer6 25-Aug-2025 13-08-37,E7,nfuA,VC_2720,"Conserved hypothetical protein; Involved in iron-sulfur cluster biogenesis. Binds a 4Fe-4S cluster, can transfer this cluster to apoproteins, and thereby intervenes in the maturation of Fe/S proteins. Could also act as a scaffold/chaperone for damaged Fe/S proteins.",6.896665,3.4711897,Unclassified,#ff00c3
Plate2_Drawer6 25-Aug-2025 13-08-37,E8,groS2,VC_A0819,"Chaperonin, 10 Kd subunit; Binds to Cpn60 in the presence of Mg-ATP and suppresses the ATPase activity of the latter.",9.675456,10.513306,Unclassified,#ff00c3
Plate2_Drawer6 25-Aug-2025 13-08-37,E9,potD1,VC_1424,"Spermidine/putrescine ABC transporter, periplasmic spermidine/putrescine-binding protein; Required for the activity of the bacterial periplasmic transport system of putrescine; Belongs to the bacterial solute-binding protein PotD/PotF family.",10.620197,1.4063998,Polyamine Import,#14f7f0
Plate2_Drawer6 25-Aug-2025 13-08-37,F1,bioF,VC_1113,"8-amino-7-oxononanoate synthase; Catalyzes the decarboxylative condensation of pimeloyl-[acyl- carrier protein] and L-alanine to produce 8-amino-7-oxononanoate (AON), [acyl-carrier protein], and carbon dioxide.",4.5415196,-5.1955247,Biotin Biosynthesis,#ff9f1c
Plate2_Drawer6 25-Aug-2025 13-08-37,F10,WT,WT,,8.579034,9.962256,WT,#000000
Plate2_Drawer6 25-Aug-2025 13-08-37,F2,flgO,VC_2207,Hypothetical protein; Identified by Glimmer2; putative.,10.72955,1.3530228,Motility,#ff0004
Plate2_Drawer6 25-Aug-2025 13-08-37,F3,hslO,VC_2736,Conserved hypothetical protein; Redox regulated molecular chaperone. Protects both thermally unfolding and oxidatively damaged proteins from irreversible aggregation. Plays an important role in the bacterial defense system toward oxidative stress.,7.305143,6.114931,Unclassified,#ff00c3
Plate2_Drawer6 25-Aug-2025 13-08-37,F4,bioC,VC_1114,Biotin synthesis protein BioC; Converts the free carboxyl group of a malonyl-thioester to its methyl ester by transfer of a methyl group from S-adenosyl-L- methionine (SAM). It allows to synthesize pimeloyl-ACP via the fatty acid synthetic pathway.,4.6046166,-5.561928,Biotin Biosynthesis,#ff9f1c
Plate2_Drawer6 25-Aug-2025 13-08-37,F5,dnaN,VC_0013,"DNA polymerase III, beta chain; Confers DNA tethering and processivity to DNA polymerases and other proteins. Acts as a clamp, forming a ring around DNA (a reaction catalyzed by the clamp-loading complex) which diffuses in an ATP- independent manner freely and bidirectionally along dsDNA. Initially characterized for its ability to contact the catalytic subunit of DNA polymerase III (Pol III), a complex, multichain enzyme responsible for most of the replicative synthesis in bacteria; Pol III exhibits 3'-5' exonuclease proofreading activity. The beta chain is required for initiation of r [...] ",9.4923,4.48683,Unclassified,#ff00c3
Plate2_Drawer6 25-Aug-2025 13-08-37,F6,mutH,VC_0668,DNA mismatch repair protein MutH; Sequence-specific endonuclease that cleaves unmethylated GATC sequences. It is involved in DNA mismatch repair; Belongs to the MutH family.,8.529397,8.649598,Unclassified,#ff00c3
Plate2_Drawer6 25-Aug-2025 13-08-37,F7,pabC,VC_2018,"4-amino-4-deoxychorismate lyase; Involved in the biosynthesis of p-aminobenzoate (PABA), a precursor of tetrahydrofolate. Converts 4-amino-4-deoxychorismate into 4-aminobenzoate (PABA) and pyruvate (By similarity).",6.9528766,5.553659,Unclassified,#ff00c3
Plate2_Drawer6 25-Aug-2025 13-08-37,F8,lexA,VC_0092,"LexA repressor; Represses a number of genes involved in the response to DNA damage (SOS response), including recA and lexA. In the presence of single-stranded DNA, RecA interacts with LexA causing an autocatalytic cleavage which disrupts the DNA-binding part of LexA, leading to derepression of the SOS regulon and eventually DNA repair.",8.080651,4.1088495,Unclassified,#ff00c3
Plate2_Drawer6 25-Aug-2025 13-08-37,F9,VC_2271,VC_2271,"Riboflavin-specific deaminase; Converts 2,5-diamino-6-(ribosylamino)-4(3h)-pyrimidinone 5'- phosphate into 5-amino-6-(ribosylamino)-2,4(1h,3h)-pyrimidinedione 5'- phosphate; In the C-terminal section; belongs to the HTP reductase family.",10.759629,5.2706137,Unclassified,#ff00c3
Plate2_Drawer6 25-Jul-2025 15-13-08,A1,flgK,VC_2191,Flagellar hook-associated protein FlgM; Similar to PID:2443633; identified by sequence similarity; putative. HOOK FILSMENT JUNCTION,10.546889,8.392165,Motility,#ff0004
Plate2_Drawer6 25-Jul-2025 15-13-08,A10,VC_2523,VC_2523,Conserved hypothetical protein; Identified by Glimmer2; putative.,7.897284,7.3234777,Unclassified,#ff00c3
Plate2_Drawer6 25-Jul-2025 15-13-08,A11,fliR,VC_2121,Flagellar biosynthetic protein FliR; Role in flagellar biosynthesis. Belongs to the FliR/MopE/SpaR family.,7.860532,0.0857807,Motility,#ff0004
Plate2_Drawer6 25-Jul-2025 15-13-08,A12,argR,VC_0431,Arginine repressor; Regulates arginine biosynthesis genes.,7.462468,5.775649,Unclassified,#ff00c3
Plate2_Drawer6 25-Jul-2025 15-13-08,A2,flrB,VC_2136,Sensory box sensor histidine kinase; Similar to PID:2338728; identified by sequence similarity; putative.,9.215296,-0.33038878,Motility,#ff0004
Plate2_Drawer6 25-Jul-2025 15-13-08,A3,rjg,VC_0264,Conserved hypothetical protein; Identified by Glimmer2; putative.,8.076154,9.30727,Unclassified,#ff00c3
Plate2_Drawer6 25-Jul-2025 15-13-08,A4,fliA,VC_2066,RNA polymerase sigma factor for flagellar operon FliA; Sigma factors are initiation factors that promote the attachment of RNA polymerase to specific initiation sites and are then released. This sigma factor controls the expression of flagella-related genes; Belongs to the sigma-70 factor family. FliA subfamily.,8.9630165,-0.02041167,Motility,#ff0004
Plate2_Drawer6 25-Jul-2025 15-13-08,A5,flgM,VC_2204,"Negative regulator of flagellin synthesis FlgM, putative; Similar to GB:L14437 SP:P39809 PID:451869 PID:1762336 GB:AL009126; identified by sequence similarity; putative.",7.3515697,6.8383446,Motility,#ff0004
Plate2_Drawer6 25-Jul-2025 15-13-08,A6,flrA,VC_2137,Sigma-54 dependent transcriptional activator; Similar to PID:2338727; identified by sequence similarity; putative.,10.159925,-1.0413435,Motility,#ff0004
Plate2_Drawer6 25-Jul-2025 15-13-08,A7,VC_1291,VC_1291,Conserved hypothetical protein; Identified by Glimmer2; putative.,7.8300104,5.669514,Unclassified,#ff00c3
Plate2_Drawer6 25-Jul-2025 15-13-08,A8,thiI,VC_0894,"Thiamin biosynthesis protein ThiI; Catalyzes the ATP-dependent transfer of a sulfur to tRNA to produce 4-thiouridine in position 8 of tRNAs, which functions as a near-UV photosensor. Also catalyzes the transfer of sulfur to the sulfur carrier protein ThiS, forming ThiS-thiocarboxylate. This is a step in the synthesis of thiazole, in the thiamine biosynthesis pathway. The sulfur is donated as persulfide by IscS.",6.986816,6.894303,Unclassified,#ff00c3
Plate2_Drawer6 25-Jul-2025 15-13-08,A9,flhB,VC_2120,"Flagellar biosynthetic protein FlhB; Required for formation of the rod structure in the basal body of the flagellar apparatus. Together with FliI and FliH, may constitute the export apparatus of flagellin; Belongs to the type III secretion exporter family.",9.003653,-1.3023353,Motility,#ff0004
Plate2_Drawer6 25-Jul-2025 15-13-08,B1,aroE,VC_0056,"Shikimate 5-dehydrogenase; Involved in the biosynthesis of the chorismate, which leads to the biosynthesis of aromatic amino acids. Catalyzes the reversible NADPH linked reduction of 3-dehydroshikimate (DHSA) to yield shikimate (SA).",8.770601,9.589614,Unclassified,#ff00c3
Plate2_Drawer6 25-Jul-2025 15-13-08,B10,wbeN,VC_0251,Acyl protein synthase/acyl-CoA reductase RfbN; Similar to GB:X59554 PID:48393; identified by sequence similarity; putative.,8.933161,4.4730606,O-Antigen Biosynthesis,#0096ff
Plate2_Drawer6 25-Jul-2025 15-13-08,B11,wbeL,VC_0249,rfbL protein; Similar to GB:X59554 PID:48391; identified by sequence similarity; putative.,3.1606953,-0.37867,O-Antigen Biosynthesis,#0096ff
Plate2_Drawer6 25-Jul-2025 15-13-08,B12,pstB1,VC_0726,"Phosphate ABC transporter, ATP-binding protein; Part of the ABC transporter complex PstSACB involved in phosphate import. Responsible for energy coupling to the transport system; Belongs to the ABC transporter superfamily. Phosphate importer (TC 3.A.1.7) family.",8.894148,9.81721,Unclassified,#ff00c3
Plate2_Drawer6 25-Jul-2025 15-13-08,B4,VC_A0146,VC_A0146,Conserved hypothetical protein; Identified by Glimmer2; putative.,10.566392,3.4412997,Unclassified,#ff00c3
Plate2_Drawer6 25-Jul-2025 15-13-08,B5,VC_0289,VC_0289,Gluconate utilization system gnt-I transcriptional repressor; Similar to PID:1304069; identified by sequence similarity; putative.,9.041816,10.423026,Unclassified,#ff00c3
Plate2_Drawer6 25-Jul-2025 15-13-08,B6,VC_A0005,VC_A0005,Hypothetical protein; Identified by Glimmer2; putative.,8.502439,8.214232,Unclassified,#ff00c3
Plate2_Drawer6 25-Jul-2025 15-13-08,B8,mltF,VC_0866,"Transglycosylase, Slt family; Murein-degrading enzyme that degrades murein glycan strands and insoluble, high-molecular weight murein sacculi, with the concomitant formation of a 1,6-anhydromuramoyl product. Lytic transglycosylases (LTs) play an integral role in the metabolism of the peptidoglycan (PG) sacculus. Their lytic action creates space within the PG sacculus to allow for its expansion as well as for the insertion of various structures such as secretion systems and flagella. In the N-terminal section; belongs to the bacterial solute- binding protein 3 family.",7.3463936,4.519328,Unclassified,#ff00c3
Plate2_Drawer6 25-Jul-2025 15-13-08,B9,VC_A0726,VC_A0726,"Molybdenum ABC transporter, periplasmic molybdenum-binding protein; Similar to GB:L34009 SP:P37329 PID:504498 PID:973214 PID:1147817; identified by sequence similarity; putative.",9.174719,8.514589,Unclassified,#ff00c3
Plate2_Drawer6 25-Jul-2025 15-13-08,C1,VC_1885,VC_1885,Hypothetical protein; Identified by Glimmer2; putative.,2.7480829,6.2571483,Unclassified,#ff00c3
Plate2_Drawer6 25-Jul-2025 15-13-08,C10,flgF,VC_2196,Flagellar basal-body rod protein FlgF; Similar to GB:U00096 SP:P75938 PID:1787317; identified by sequence similarity; putative; Belongs to the flagella basal body rod proteins family.,8.516398,0.17086491,Motility,#ff0004
Plate2_Drawer6 25-Jul-2025 15-13-08,C11,VC_2441,VC_2441,Conserved hypothetical protein; Identified by Glimmer2; putative.,7.0226836,4.582004,Unclassified,#ff00c3
Plate2_Drawer6 25-Jul-2025 15-13-08,C12,VC_1710,VC_1710,Conserved hypothetical protein; Identified by Glimmer2; putative.,9.415621,9.807785,Unclassified,#ff00c3
Plate2_Drawer6 25-Jul-2025 15-13-08,C3,VC_1359,VC_1359,"Amino acid ABC transporter, ATP-binding protein; Similar to PID:1154897; identified by sequence similarity; putative.",5.1396084,-4.422086,Unclassified,#ff00c3
Plate2_Drawer6 25-Jul-2025 15-13-08,C4,VC_A0328,VC_A0328,"Biphenyl-2,3-diol 1,2-dioxygenase III-related protein; Similar to GB:X75635 SP:P47233 PID:473121; identified by sequence similarity; putative.",8.621649,7.2384844,Unclassified,#ff00c3
Plate2_Drawer6 25-Jul-2025 15-13-08,C5,VC_1350,VC_1350,"Antioxidant, putative; Thiol-specific peroxidase that catalyzes the reduction of hydrogen peroxide and organic hydroperoxides to water and alcohols, respectively. Plays a role in cell protection against oxidative stress by detoxifying peroxides; Belongs to the peroxiredoxin family. Prx5 subfamily.",9.191099,7.3209763,Unclassified,#ff00c3
Plate2_Drawer6 25-Jul-2025 15-13-08,C6,manB,VC_0242,Phosphomannomutase; Involved in GDP-mannose biosynthesis which serves as the activated sugar nucleotide precursor for mannose residues in cell surface polysaccharides; Belongs to the phosphohexose mutase family.,8.55157,3.0988836,O-Antigen Biosynthesis,#0096ff
Plate2_Drawer6 25-Jul-2025 15-13-08,C7,mrcA,VC_2635,Penicillin-binding protein 1A; Cell wall formation. Synthesis of cross-linked peptidoglycan from the lipid intermediates. The enzyme has a penicillin-insensitive transglycosylase N-terminal domain (formation of linear glycan strands) and a penicillin-sensitive transpeptidase C-terminal domain (cross- linking of the peptide subunits).,7.1601977,0.8065641,Unclassified,#ff00c3
Plate2_Drawer6 25-Jul-2025 15-13-08,C8,VC_A0079,VC_A0079,Conserved hypothetical protein; Identified by Glimmer2; putative.,7.451761,0.6259277,Unclassified,#ff00c3
Plate2_Drawer6 25-Jul-2025 15-13-08,C9,potA,VC_1428,"Spermidine/putrescine ABC transporter, ATP-binding protein; Part of the ABC transporter complex PotABCD involved in spermidine/putrescine import. Responsible for energy coupling to the transport system; Belongs to the ABC transporter superfamily. Spermidine/putrescine importer (TC 3.A.1.11.1) family.",9.027211,1.3688539,Polyamine Import,#14f7f0
Plate2_Drawer6 25-Jul-2025 15-13-08,D1,VC_A0340,VC_A0340,Hypothetical protein; Identified by Glimmer2; putative.,9.666914,9.9350605,Unclassified,#ff00c3
Plate2_Drawer6 25-Jul-2025 15-13-08,D10,bioD,VC_1115,"Dethiobiotin synthetase; Catalyzes a mechanistically unusual reaction, the ATP- dependent insertion of CO2 between the N7 and N8 nitrogen atoms of 7,8- diaminopelargonic acid (DAPA) to form an ureido ring.",4.6712127,-5.1388793,Biotin Biosynthesis,#ff9f1c
Plate2_Drawer6 25-Jul-2025 15-13-08,D11,flaA,VC_2188,Flagellin core protein A; Flagellin is the subunit protein which polymerizes to form the filaments of bacterial flagella. FlaA is required to form a core or scaffold into which the other flagellins are inserted to provide structural integrity. Essential for flagellar synthesis and motility; important for full virulence.,8.721539,-0.77513045,Motility,#ff0004
Plate2_Drawer6 25-Jul-2025 15-13-08,D12,wavL,VC_0239,Conserved hypothetical protein; Identified by Glimmer2; putative.,3.813237,-0.27739388,O-Antigen Biosynthesis,#0096ff
Plate2_Drawer6 25-Jul-2025 15-13-08,D2,VC_0745,VC_0745,Inositol monophosphate family protein; Similar to GB:M34828 SP:P22783 PID:147899 GB:U00096 PID:1788882; identified by sequence similarity; putative; Belongs to the inositol monophosphatase superfamily.,7.4538765,4.649807,Unclassified,#ff00c3
Plate2_Drawer6 25-Jul-2025 15-13-08,D3,VC_2485,VC_2485,"Transcriptional regulator, LysR family; Similar to GB:D10483 SP:P10151 GB:M21150 PID:1128961 PID:146605; identified by sequence similarity; putative; Belongs to the LysR transcriptional regulatory family.",8.713493,2.9575002,Unclassified,#ff00c3
Plate2_Drawer6 25-Jul-2025 15-13-08,D4,rimO,VC_2620,Conserved hypothetical protein; Catalyzes the methylthiolation of an aspartic acid residue of ribosomal protein S12; Belongs to the methylthiotransferase family. RimO subfamily.,9.04988,9.646627,Unclassified,#ff00c3
Plate2_Drawer6 25-Jul-2025 15-13-08,D5,bioA,VC_1111,"Adenosylmethionine-8-amino-7-oxononanoate aminotransferase; Catalyzes the transfer of the alpha-amino group from S- adenosyl-L-methionine (SAM) to 7-keto-8-aminopelargonic acid (KAPA) to form 7,8-diaminopelargonic acid (DAPA). It is the only animotransferase known to utilize SAM as an amino donor; Belongs to the class-III pyridoxal-phosphate-dependent aminotransferase family. BioA subfamily.",4.989372,-5.3997927,Biotin Biosynthesis,#ff9f1c
Plate2_Drawer6 25-Jul-2025 15-13-08,D6,wbeT,VC_0259,Lipopolysaccharide biosynthesis protein RfbV; Similar to GB:X59554 PID:48400 PID:1929424; identified by sequence similarity; putative.,4.852691,-4.019495,O-Antigen Biosynthesis,#0096ff
Plate2_Drawer6 25-Jul-2025 15-13-08,D7,VC_0929,VC_0929,Hypothetical protein; Identified by Glimmer2; putative.,8.1929455,3.9543157,Unclassified,#ff00c3
Plate2_Drawer6 25-Jul-2025 15-13-08,D8,flgT,VC_2208,Hypothetical protein; Identified by Glimmer2; putative.,9.26715,-0.32945433,Motility,#ff0004
Plate2_Drawer6 25-Jul-2025 15-13-08,D9,glyA1,VC_0941,"Serine hydroxymethyltransferase; Catalyzes the reversible interconversion of serine and glycine with tetrahydrofolate (THF) serving as the one-carbon carrier. This reaction serves as the major source of one-carbon groups required for the biosynthesis of purines, thymidylate, methionine, and other important biomolecules. Also exhibits THF-independent aldolase activity toward beta-hydroxyamino acids, producing glycine and aldehydes, via a retro-aldol mechanism.",6.1640906,1.5224729,Unclassified,#ff00c3
Plate2_Drawer6 25-Jul-2025 15-13-08,E1,VC_1003,VC_1003,Bacteriocin production protein; Similar to GB:J01666 SP:P08550 PID:146367 PID:147415 GB:U00096; identified by sequence similarity; putative.,6.944315,0.75774294,Unclassified,#ff00c3
Plate2_Drawer6 25-Jul-2025 15-13-08,E10,flgA,VC_2203,"Flagellar protein, putative; Similar to PID:1272364; identified by sequence similarity; putative.",10.942759,4.0749717,Motility,#ff0004
Plate2_Drawer6 25-Jul-2025 15-13-08,E11,VC_A0187,VC_A0187,Hypothetical protein; Identified by Glimmer2; putative.,8.5124035,4.511049,Unclassified,#ff00c3
Plate2_Drawer6 25-Jul-2025 15-13-08,E12,VC_1652,VC_1652,Response regulator VieA; Similar to GP:3123891; identified by sequence similarity; putative.,7.8722916,7.9602976,Unclassified,#ff00c3
Plate2_Drawer6 25-Jul-2025 15-13-08,E2,fliL,VC_2130,Flagellum-specific ATP synthase FliI; Similar to PID:1071643 SP:P52612 GB:U00096 PID:1736607 PID:1788251; identified by sequence similarity; putative.,9.923794,-1.7152176,Motility,#ff0004
Plate2_Drawer6 25-Jul-2025 15-13-08,E3,pdhE2,VC_2413,"Pyruvate dehydrogenase, E2 component, dihydrolipoamide acetyltransferase; The pyruvate dehydrogenase complex catalyzes the overall conversion of pyruvate to acetyl-CoA and CO(2).",6.1825233,1.6391147,Pyruvate Flux,#39ff14
Plate2_Drawer6 25-Jul-2025 15-13-08,E4,VC_0134,VC_0134,Conserved hypothetical protein; Identified by Glimmer2; putative.,8.114294,8.8920965,Unclassified,#ff00c3
Plate2_Drawer6 25-Jul-2025 15-13-08,E5,grx,VC_1146,Glutaredoxin 1; Has a glutathione-disulfide oxidoreductase activity in the presence of NADPH and glutathione reductase. Reduces low molecular weight disulfides and proteins (By similarity).,8.342998,10.075453,Unclassified,#ff00c3
Plate2_Drawer6 25-Jul-2025 15-13-08,E6,cheW,VC_2059,Purine-binding chemotaxis protein CheW; Similar to GB:M13462 SP:P07365 PID:145520 GB:U00096 PID:1736540; identified by sequence similarity; putative.,10.764573,3.9442422,Motility,#ff0004
Plate2_Drawer6 25-Jul-2025 15-13-08,E7,nfuA,VC_2720,"Conserved hypothetical protein; Involved in iron-sulfur cluster biogenesis. Binds a 4Fe-4S cluster, can transfer this cluster to apoproteins, and thereby intervenes in the maturation of Fe/S proteins. Could also act as a scaffold/chaperone for damaged Fe/S proteins.",6.8884544,4.20913,Unclassified,#ff00c3
Plate2_Drawer6 25-Jul-2025 15-13-08,E8,groS2,VC_A0819,"Chaperonin, 10 Kd subunit; Binds to Cpn60 in the presence of Mg-ATP and suppresses the ATPase activity of the latter.",8.462131,9.688705,Unclassified,#ff00c3
Plate2_Drawer6 25-Jul-2025 15-13-08,E9,potD1,VC_1424,"Spermidine/putrescine ABC transporter, periplasmic spermidine/putrescine-binding protein; Required for the activity of the bacterial periplasmic transport system of putrescine; Belongs to the bacterial solute-binding protein PotD/PotF family.",8.846764,1.7461805,Polyamine Import,#14f7f0
Plate2_Drawer6 25-Jul-2025 15-13-08,F1,bioF,VC_1113,"8-amino-7-oxononanoate synthase; Catalyzes the decarboxylative condensation of pimeloyl-[acyl- carrier protein] and L-alanine to produce 8-amino-7-oxononanoate (AON), [acyl-carrier protein], and carbon dioxide.",4.720986,-5.578881,Biotin Biosynthesis,#ff9f1c
Plate2_Drawer6 25-Jul-2025 15-13-08,F10,WT,WT,,8.233325,9.76724,WT,#000000
Plate2_Drawer6 25-Jul-2025 15-13-08,F2,flgO,VC_2207,Hypothetical protein; Identified by Glimmer2; putative.,7.157518,0.97133565,Motility,#ff0004
Plate2_Drawer6 25-Jul-2025 15-13-08,F3,hslO,VC_2736,Conserved hypothetical protein; Redox regulated molecular chaperone. Protects both thermally unfolding and oxidatively damaged proteins from irreversible aggregation. Plays an important role in the bacterial defense system toward oxidative stress.,7.9821396,7.08155,Unclassified,#ff00c3
Plate2_Drawer6 25-Jul-2025 15-13-08,F4,bioC,VC_1114,Biotin synthesis protein BioC; Converts the free carboxyl group of a malonyl-thioester to its methyl ester by transfer of a methyl group from S-adenosyl-L- methionine (SAM). It allows to synthesize pimeloyl-ACP via the fatty acid synthetic pathway.,4.571746,-5.3439536,Biotin Biosynthesis,#ff9f1c
Plate2_Drawer6 25-Jul-2025 15-13-08,F5,dnaN,VC_0013,"DNA polymerase III, beta chain; Confers DNA tethering and processivity to DNA polymerases and other proteins. Acts as a clamp, forming a ring around DNA (a reaction catalyzed by the clamp-loading complex) which diffuses in an ATP- independent manner freely and bidirectionally along dsDNA. Initially characterized for its ability to contact the catalytic subunit of DNA polymerase III (Pol III), a complex, multichain enzyme responsible for most of the replicative synthesis in bacteria; Pol III exhibits 3'-5' exonuclease proofreading activity. The beta chain is required for initiation of r [...] ",8.35477,7.8762035,Unclassified,#ff00c3
Plate2_Drawer6 25-Jul-2025 15-13-08,F6,mutH,VC_0668,DNA mismatch repair protein MutH; Sequence-specific endonuclease that cleaves unmethylated GATC sequences. It is involved in DNA mismatch repair; Belongs to the MutH family.,8.083809,9.443839,Unclassified,#ff00c3
Plate2_Drawer6 25-Jul-2025 15-13-08,F7,pabC,VC_2018,"4-amino-4-deoxychorismate lyase; Involved in the biosynthesis of p-aminobenzoate (PABA), a precursor of tetrahydrofolate. Converts 4-amino-4-deoxychorismate into 4-aminobenzoate (PABA) and pyruvate (By similarity).",8.0168915,5.6919765,Unclassified,#ff00c3
Plate2_Drawer6 25-Jul-2025 15-13-08,F8,lexA,VC_0092,"LexA repressor; Represses a number of genes involved in the response to DNA damage (SOS response), including recA and lexA. In the presence of single-stranded DNA, RecA interacts with LexA causing an autocatalytic cleavage which disrupts the DNA-binding part of LexA, leading to derepression of the SOS regulon and eventually DNA repair.",7.387058,4.4473753,Unclassified,#ff00c3
Plate2_Drawer6 25-Jul-2025 15-13-08,F9,VC_2271,VC_2271,"Riboflavin-specific deaminase; Converts 2,5-diamino-6-(ribosylamino)-4(3h)-pyrimidinone 5'- phosphate into 5-amino-6-(ribosylamino)-2,4(1h,3h)-pyrimidinedione 5'- phosphate; In the C-terminal section; belongs to the HTP reductase family.",9.627422,4.8589325,Unclassified,#ff00c3
Plate2_Drawer6 27-Aug-2025 16-58-44,A1,flgK,VC_2191,Flagellar hook-associated protein FlgM; Similar to PID:2443633; identified by sequence similarity; putative. HOOK FILSMENT JUNCTION,9.114976,6.921183,Motility,#ff0004
Plate2_Drawer6 27-Aug-2025 16-58-44,A10,VC_2523,VC_2523,Conserved hypothetical protein; Identified by Glimmer2; putative.,9.58425,8.516965,Unclassified,#ff00c3
Plate2_Drawer6 27-Aug-2025 16-58-44,A11,fliR,VC_2121,Flagellar biosynthetic protein FliR; Role in flagellar biosynthesis. Belongs to the FliR/MopE/SpaR family.,9.359434,-1.3673174,Motility,#ff0004
Plate2_Drawer6 27-Aug-2025 16-58-44,A12,argR,VC_0431,Arginine repressor; Regulates arginine biosynthesis genes.,7.832803,6.2750545,Unclassified,#ff00c3
Plate2_Drawer6 27-Aug-2025 16-58-44,A2,flrB,VC_2136,Sensory box sensor histidine kinase; Similar to PID:2338728; identified by sequence similarity; putative.,7.5618696,0.53025144,Motility,#ff0004
Plate2_Drawer6 27-Aug-2025 16-58-44,A3,rjg,VC_0264,Conserved hypothetical protein; Identified by Glimmer2; putative.,9.086779,10.1009865,Unclassified,#ff00c3
Plate2_Drawer6 27-Aug-2025 16-58-44,A4,fliA,VC_2066,RNA polymerase sigma factor for flagellar operon FliA; Sigma factors are initiation factors that promote the attachment of RNA polymerase to specific initiation sites and are then released. This sigma factor controls the expression of flagella-related genes; Belongs to the sigma-70 factor family. FliA subfamily.,10.5213585,-1.3765036,Motility,#ff0004
Plate2_Drawer6 27-Aug-2025 16-58-44,A5,flgM,VC_2204,"Negative regulator of flagellin synthesis FlgM, putative; Similar to GB:L14437 SP:P39809 PID:451869 PID:1762336 GB:AL009126; identified by sequence similarity; putative.",9.861305,8.320104,Motility,#ff0004
Plate2_Drawer6 27-Aug-2025 16-58-44,A6,flrA,VC_2137,Sigma-54 dependent transcriptional activator; Similar to PID:2338727; identified by sequence similarity; putative.,10.354662,-1.3624874,Motility,#ff0004
Plate2_Drawer6 27-Aug-2025 16-58-44,A7,VC_1291,VC_1291,Conserved hypothetical protein; Identified by Glimmer2; putative.,9.910356,6.5348186,Unclassified,#ff00c3
Plate2_Drawer6 27-Aug-2025 16-58-44,A8,thiI,VC_0894,"Thiamin biosynthesis protein ThiI; Catalyzes the ATP-dependent transfer of a sulfur to tRNA to produce 4-thiouridine in position 8 of tRNAs, which functions as a near-UV photosensor. Also catalyzes the transfer of sulfur to the sulfur carrier protein ThiS, forming ThiS-thiocarboxylate. This is a step in the synthesis of thiazole, in the thiamine biosynthesis pathway. The sulfur is donated as persulfide by IscS.",8.134724,9.732676,Unclassified,#ff00c3
Plate2_Drawer6 27-Aug-2025 16-58-44,A9,flhB,VC_2120,"Flagellar biosynthetic protein FlhB; Required for formation of the rod structure in the basal body of the flagellar apparatus. Together with FliI and FliH, may constitute the export apparatus of flagellin; Belongs to the type III secretion exporter family.",8.991909,-1.3520006,Motility,#ff0004
Plate2_Drawer6 27-Aug-2025 16-58-44,B1,aroE,VC_0056,"Shikimate 5-dehydrogenase; Involved in the biosynthesis of the chorismate, which leads to the biosynthesis of aromatic amino acids. Catalyzes the reversible NADPH linked reduction of 3-dehydroshikimate (DHSA) to yield shikimate (SA).",8.273152,8.575734,Unclassified,#ff00c3
Plate2_Drawer6 27-Aug-2025 16-58-44,B10,wbeN,VC_0251,Acyl protein synthase/acyl-CoA reductase RfbN; Similar to GB:X59554 PID:48393; identified by sequence similarity; putative.,9.775344,5.064431,O-Antigen Biosynthesis,#0096ff
Plate2_Drawer6 27-Aug-2025 16-58-44,B11,wbeL,VC_0249,rfbL protein; Similar to GB:X59554 PID:48391; identified by sequence similarity; putative.,2.2910776,-0.5459563,O-Antigen Biosynthesis,#0096ff
Plate2_Drawer6 27-Aug-2025 16-58-44,B12,pstB1,VC_0726,"Phosphate ABC transporter, ATP-binding protein; Part of the ABC transporter complex PstSACB involved in phosphate import. Responsible for energy coupling to the transport system; Belongs to the ABC transporter superfamily. Phosphate importer (TC 3.A.1.7) family.",8.820104,9.999312,Unclassified,#ff00c3
Plate2_Drawer6 27-Aug-2025 16-58-44,B4,VC_A0146,VC_A0146,Conserved hypothetical protein; Identified by Glimmer2; putative.,10.978361,5.8869457,Unclassified,#ff00c3
Plate2_Drawer6 27-Aug-2025 16-58-44,B5,VC_0289,VC_0289,Gluconate utilization system gnt-I transcriptional repressor; Similar to PID:1304069; identified by sequence similarity; putative.,9.600979,10.804438,Unclassified,#ff00c3
Plate2_Drawer6 27-Aug-2025 16-58-44,B6,VC_A0005,VC_A0005,Hypothetical protein; Identified by Glimmer2; putative.,9.868895,9.849188,Unclassified,#ff00c3
Plate2_Drawer6 27-Aug-2025 16-58-44,B8,mltF,VC_0866,"Transglycosylase, Slt family; Murein-degrading enzyme that degrades murein glycan strands and insoluble, high-molecular weight murein sacculi, with the concomitant formation of a 1,6-anhydromuramoyl product. Lytic transglycosylases (LTs) play an integral role in the metabolism of the peptidoglycan (PG) sacculus. Their lytic action creates space within the PG sacculus to allow for its expansion as well as for the insertion of various structures such as secretion systems and flagella. In the N-terminal section; belongs to the bacterial solute- binding protein 3 family.",7.450248,4.921352,Unclassified,#ff00c3
Plate2_Drawer6 27-Aug-2025 16-58-44,B9,VC_A0726,VC_A0726,"Molybdenum ABC transporter, periplasmic molybdenum-binding protein; Similar to GB:L34009 SP:P37329 PID:504498 PID:973214 PID:1147817; identified by sequence similarity; putative.",9.200488,9.256676,Unclassified,#ff00c3
Plate2_Drawer6 27-Aug-2025 16-58-44,C1,VC_1885,VC_1885,Hypothetical protein; Identified by Glimmer2; putative.,2.341574,6.0187817,Unclassified,#ff00c3
Plate2_Drawer6 27-Aug-2025 16-58-44,C10,flgF,VC_2196,Flagellar basal-body rod protein FlgF; Similar to GB:U00096 SP:P75938 PID:1787317; identified by sequence similarity; putative; Belongs to the flagella basal body rod proteins family.,9.312069,-0.27586424,Motility,#ff0004
Plate2_Drawer6 27-Aug-2025 16-58-44,C11,VC_2441,VC_2441,Conserved hypothetical protein; Identified by Glimmer2; putative.,8.33977,6.1509376,Unclassified,#ff00c3
Plate2_Drawer6 27-Aug-2025 16-58-44,C12,VC_1710,VC_1710,Conserved hypothetical protein; Identified by Glimmer2; putative.,10.414458,11.052176,Unclassified,#ff00c3
Plate2_Drawer6 27-Aug-2025 16-58-44,C2,aroQ,VC_0297,3-dehydroquinate dehydratase; Catalyzes a trans-dehydration via an enolate intermediate. Belongs to the type-II 3-dehydroquinase family.,6.584709,6.324008,Unclassified,#ff00c3
Plate2_Drawer6 27-Aug-2025 16-58-44,C3,VC_1359,VC_1359,"Amino acid ABC transporter, ATP-binding protein; Similar to PID:1154897; identified by sequence similarity; putative.",5.1612105,-4.467102,Unclassified,#ff00c3
Plate2_Drawer6 27-Aug-2025 16-58-44,C4,VC_A0328,VC_A0328,"Biphenyl-2,3-diol 1,2-dioxygenase III-related protein; Similar to GB:X75635 SP:P47233 PID:473121; identified by sequence similarity; putative.",10.767232,9.10884,Unclassified,#ff00c3
Plate2_Drawer6 27-Aug-2025 16-58-44,C5,VC_1350,VC_1350,"Antioxidant, putative; Thiol-specific peroxidase that catalyzes the reduction of hydrogen peroxide and organic hydroperoxides to water and alcohols, respectively. Plays a role in cell protection against oxidative stress by detoxifying peroxides; Belongs to the peroxiredoxin family. Prx5 subfamily.",10.590506,7.9491606,Unclassified,#ff00c3
Plate2_Drawer6 27-Aug-2025 16-58-44,C6,manB,VC_0242,Phosphomannomutase; Involved in GDP-mannose biosynthesis which serves as the activated sugar nucleotide precursor for mannose residues in cell surface polysaccharides; Belongs to the phosphohexose mutase family.,10.235379,4.2755194,O-Antigen Biosynthesis,#0096ff
Plate2_Drawer6 27-Aug-2025 16-58-44,C7,mrcA,VC_2635,Penicillin-binding protein 1A; Cell wall formation. Synthesis of cross-linked peptidoglycan from the lipid intermediates. The enzyme has a penicillin-insensitive transglycosylase N-terminal domain (formation of linear glycan strands) and a penicillin-sensitive transpeptidase C-terminal domain (cross- linking of the peptide subunits).,9.614575,1.5330316,Unclassified,#ff00c3
Plate2_Drawer6 27-Aug-2025 16-58-44,C8,VC_A0079,VC_A0079,Conserved hypothetical protein; Identified by Glimmer2; putative.,10.409611,2.762274,Unclassified,#ff00c3
Plate2_Drawer6 27-Aug-2025 16-58-44,C9,potA,VC_1428,"Spermidine/putrescine ABC transporter, ATP-binding protein; Part of the ABC transporter complex PotABCD involved in spermidine/putrescine import. Responsible for energy coupling to the transport system; Belongs to the ABC transporter superfamily. Spermidine/putrescine importer (TC 3.A.1.11.1) family.",10.400397,1.8032954,Polyamine Import,#14f7f0
Plate2_Drawer6 27-Aug-2025 16-58-44,D1,VC_A0340,VC_A0340,Hypothetical protein; Identified by Glimmer2; putative.,7.5688977,7.0047107,Unclassified,#ff00c3
Plate2_Drawer6 27-Aug-2025 16-58-44,D10,bioD,VC_1115,"Dethiobiotin synthetase; Catalyzes a mechanistically unusual reaction, the ATP- dependent insertion of CO2 between the N7 and N8 nitrogen atoms of 7,8- diaminopelargonic acid (DAPA) to form an ureido ring.",4.8589206,-5.821662,Biotin Biosynthesis,#ff9f1c
Plate2_Drawer6 27-Aug-2025 16-58-44,D11,flaA,VC_2188,Flagellin core protein A; Flagellin is the subunit protein which polymerizes to form the filaments of bacterial flagella. FlaA is required to form a core or scaffold into which the other flagellins are inserted to provide structural integrity. Essential for flagellar synthesis and motility; important for full virulence.,9.276181,-1.1463923,Motility,#ff0004
Plate2_Drawer6 27-Aug-2025 16-58-44,D12,wavL,VC_0239,Conserved hypothetical protein; Identified by Glimmer2; putative.,4.101149,-0.08546469,O-Antigen Biosynthesis,#0096ff
Plate2_Drawer6 27-Aug-2025 16-58-44,D2,VC_0745,VC_0745,Inositol monophosphate family protein; Similar to GB:M34828 SP:P22783 PID:147899 GB:U00096 PID:1788882; identified by sequence similarity; putative; Belongs to the inositol monophosphatase superfamily.,7.6948156,3.6342492,Unclassified,#ff00c3
Plate2_Drawer6 27-Aug-2025 16-58-44,D3,VC_2485,VC_2485,"Transcriptional regulator, LysR family; Similar to GB:D10483 SP:P10151 GB:M21150 PID:1128961 PID:146605; identified by sequence similarity; putative; Belongs to the LysR transcriptional regulatory family.",10.350012,2.356621,Unclassified,#ff00c3
Plate2_Drawer6 27-Aug-2025 16-58-44,D4,rimO,VC_2620,Conserved hypothetical protein; Catalyzes the methylthiolation of an aspartic acid residue of ribosomal protein S12; Belongs to the methylthiotransferase family. RimO subfamily.,10.598458,11.601189,Unclassified,#ff00c3
Plate2_Drawer6 27-Aug-2025 16-58-44,D5,bioA,VC_1111,"Adenosylmethionine-8-amino-7-oxononanoate aminotransferase; Catalyzes the transfer of the alpha-amino group from S- adenosyl-L-methionine (SAM) to 7-keto-8-aminopelargonic acid (KAPA) to form 7,8-diaminopelargonic acid (DAPA). It is the only animotransferase known to utilize SAM as an amino donor; Belongs to the class-III pyridoxal-phosphate-dependent aminotransferase family. BioA subfamily.",4.9519186,-5.7720623,Biotin Biosynthesis,#ff9f1c
Plate2_Drawer6 27-Aug-2025 16-58-44,D6,wbeT,VC_0259,Lipopolysaccharide biosynthesis protein RfbV; Similar to GB:X59554 PID:48400 PID:1929424; identified by sequence similarity; putative.,4.821771,-3.943238,O-Antigen Biosynthesis,#0096ff
Plate2_Drawer6 27-Aug-2025 16-58-44,D7,VC_0929,VC_0929,Hypothetical protein; Identified by Glimmer2; putative.,9.377929,4.498324,Unclassified,#ff00c3
Plate2_Drawer6 27-Aug-2025 16-58-44,D8,flgT,VC_2208,Hypothetical protein; Identified by Glimmer2; putative.,10.845048,-2.130757,Motility,#ff0004
Plate2_Drawer6 27-Aug-2025 16-58-44,D9,glyA1,VC_0941,"Serine hydroxymethyltransferase; Catalyzes the reversible interconversion of serine and glycine with tetrahydrofolate (THF) serving as the one-carbon carrier. This reaction serves as the major source of one-carbon groups required for the biosynthesis of purines, thymidylate, methionine, and other important biomolecules. Also exhibits THF-independent aldolase activity toward beta-hydroxyamino acids, producing glycine and aldehydes, via a retro-aldol mechanism.",6.9420056,2.960649,Unclassified,#ff00c3
Plate2_Drawer6 27-Aug-2025 16-58-44,E1,VC_1003,VC_1003,Bacteriocin production protein; Similar to GB:J01666 SP:P08550 PID:146367 PID:147415 GB:U00096; identified by sequence similarity; putative.,5.124388,0.5475045,Unclassified,#ff00c3
Plate2_Drawer6 27-Aug-2025 16-58-44,E10,flgA,VC_2203,"Flagellar protein, putative; Similar to PID:1272364; identified by sequence similarity; putative.",11.644759,4.8920565,Motility,#ff0004
Plate2_Drawer6 27-Aug-2025 16-58-44,E11,VC_A0187,VC_A0187,Hypothetical protein; Identified by Glimmer2; putative.,10.850513,5.711419,Unclassified,#ff00c3
Plate2_Drawer6 27-Aug-2025 16-58-44,E12,VC_1652,VC_1652,Response regulator VieA; Similar to GP:3123891; identified by sequence similarity; putative.,9.388742,10.034676,Unclassified,#ff00c3
Plate2_Drawer6 27-Aug-2025 16-58-44,E2,fliL,VC_2130,Flagellum-specific ATP synthase FliI; Similar to PID:1071643 SP:P52612 GB:U00096 PID:1736607 PID:1788251; identified by sequence similarity; putative.,8.06324,0.23059656,Motility,#ff0004
Plate2_Drawer6 27-Aug-2025 16-58-44,E3,pdhE2,VC_2413,"Pyruvate dehydrogenase, E2 component, dihydrolipoamide acetyltransferase; The pyruvate dehydrogenase complex catalyzes the overall conversion of pyruvate to acetyl-CoA and CO(2).",4.481853,1.2032498,Pyruvate Flux,#39ff14
Plate2_Drawer6 27-Aug-2025 16-58-44,E4,VC_0134,VC_0134,Conserved hypothetical protein; Identified by Glimmer2; putative.,10.28603,10.868046,Unclassified,#ff00c3
Plate2_Drawer6 27-Aug-2025 16-58-44,E5,grx,VC_1146,Glutaredoxin 1; Has a glutathione-disulfide oxidoreductase activity in the presence of NADPH and glutathione reductase. Reduces low molecular weight disulfides and proteins (By similarity).,10.517777,11.550468,Unclassified,#ff00c3
Plate2_Drawer6 27-Aug-2025 16-58-44,E6,cheW,VC_2059,Purine-binding chemotaxis protein CheW; Similar to GB:M13462 SP:P07365 PID:145520 GB:U00096 PID:1736540; identified by sequence similarity; putative.,11.300994,4.055403,Motility,#ff0004
Plate2_Drawer6 27-Aug-2025 16-58-44,E7,nfuA,VC_2720,"Conserved hypothetical protein; Involved in iron-sulfur cluster biogenesis. Binds a 4Fe-4S cluster, can transfer this cluster to apoproteins, and thereby intervenes in the maturation of Fe/S proteins. Could also act as a scaffold/chaperone for damaged Fe/S proteins.",6.616931,2.7456853,Unclassified,#ff00c3
Plate2_Drawer6 27-Aug-2025 16-58-44,E8,groS2,VC_A0819,"Chaperonin, 10 Kd subunit; Binds to Cpn60 in the presence of Mg-ATP and suppresses the ATPase activity of the latter.",10.43564,11.545449,Unclassified,#ff00c3
Plate2_Drawer6 27-Aug-2025 16-58-44,E9,potD1,VC_1424,"Spermidine/putrescine ABC transporter, periplasmic spermidine/putrescine-binding protein; Required for the activity of the bacterial periplasmic transport system of putrescine; Belongs to the bacterial solute-binding protein PotD/PotF family.",10.694128,1.3812425,Polyamine Import,#14f7f0
Plate2_Drawer6 27-Aug-2025 16-58-44,F1,bioF,VC_1113,"8-amino-7-oxononanoate synthase; Catalyzes the decarboxylative condensation of pimeloyl-[acyl- carrier protein] and L-alanine to produce 8-amino-7-oxononanoate (AON), [acyl-carrier protein], and carbon dioxide.",4.8368626,-5.651986,Biotin Biosynthesis,#ff9f1c
Plate2_Drawer6 27-Aug-2025 16-58-44,F10,WT,WT,,10.461594,11.543832,WT,#000000
Plate2_Drawer6 27-Aug-2025 16-58-44,F2,flgO,VC_2207,Hypothetical protein; Identified by Glimmer2; putative.,10.445722,1.6883571,Motility,#ff0004
Plate2_Drawer6 27-Aug-2025 16-58-44,F3,hslO,VC_2736,Conserved hypothetical protein; Redox regulated molecular chaperone. Protects both thermally unfolding and oxidatively damaged proteins from irreversible aggregation. Plays an important role in the bacterial defense system toward oxidative stress.,8.483955,8.594762,Unclassified,#ff00c3
Plate2_Drawer6 27-Aug-2025 16-58-44,F4,bioC,VC_1114,Biotin synthesis protein BioC; Converts the free carboxyl group of a malonyl-thioester to its methyl ester by transfer of a methyl group from S-adenosyl-L- methionine (SAM). It allows to synthesize pimeloyl-ACP via the fatty acid synthetic pathway.,4.8248663,-5.829105,Biotin Biosynthesis,#ff9f1c
Plate2_Drawer6 27-Aug-2025 16-58-44,F5,dnaN,VC_0013,"DNA polymerase III, beta chain; Confers DNA tethering and processivity to DNA polymerases and other proteins. Acts as a clamp, forming a ring around DNA (a reaction catalyzed by the clamp-loading complex) which diffuses in an ATP- independent manner freely and bidirectionally along dsDNA. Initially characterized for its ability to contact the catalytic subunit of DNA polymerase III (Pol III), a complex, multichain enzyme responsible for most of the replicative synthesis in bacteria; Pol III exhibits 3'-5' exonuclease proofreading activity. The beta chain is required for initiation of r [...] ",11.05529,9.60165,Unclassified,#ff00c3
Plate2_Drawer6 27-Aug-2025 16-58-44,F6,mutH,VC_0668,DNA mismatch repair protein MutH; Sequence-specific endonuclease that cleaves unmethylated GATC sequences. It is involved in DNA mismatch repair; Belongs to the MutH family.,9.642553,10.441953,Unclassified,#ff00c3
Plate2_Drawer6 27-Aug-2025 16-58-44,F7,pabC,VC_2018,"4-amino-4-deoxychorismate lyase; Involved in the biosynthesis of p-aminobenzoate (PABA), a precursor of tetrahydrofolate. Converts 4-amino-4-deoxychorismate into 4-aminobenzoate (PABA) and pyruvate (By similarity).",8.323906,7.28976,Unclassified,#ff00c3
Plate2_Drawer6 27-Aug-2025 16-58-44,F8,lexA,VC_0092,"LexA repressor; Represses a number of genes involved in the response to DNA damage (SOS response), including recA and lexA. In the presence of single-stranded DNA, RecA interacts with LexA causing an autocatalytic cleavage which disrupts the DNA-binding part of LexA, leading to derepression of the SOS regulon and eventually DNA repair.",9.421201,5.649663,Unclassified,#ff00c3
Plate2_Drawer6 27-Aug-2025 16-58-44,F9,VC_2271,VC_2271,"Riboflavin-specific deaminase; Converts 2,5-diamino-6-(ribosylamino)-4(3h)-pyrimidinone 5'- phosphate into 5-amino-6-(ribosylamino)-2,4(1h,3h)-pyrimidinedione 5'- phosphate; In the C-terminal section; belongs to the HTP reductase family.",10.890125,5.5357127,Unclassified,#ff00c3
Plate2_Drawer6 29-Aug-2025 11-38-09,A1,flgK,VC_2191,Flagellar hook-associated protein FlgM; Similar to PID:2443633; identified by sequence similarity; putative. HOOK FILSMENT JUNCTION,10.854976,10.134139,Motility,#ff0004
Plate2_Drawer6 29-Aug-2025 11-38-09,A10,VC_2523,VC_2523,Conserved hypothetical protein; Identified by Glimmer2; putative.,7.5556536,7.412064,Unclassified,#ff00c3
Plate2_Drawer6 29-Aug-2025 11-38-09,A11,fliR,VC_2121,Flagellar biosynthetic protein FliR; Role in flagellar biosynthesis. Belongs to the FliR/MopE/SpaR family.,8.660794,-0.73932976,Motility,#ff0004
Plate2_Drawer6 29-Aug-2025 11-38-09,A12,argR,VC_0431,Arginine repressor; Regulates arginine biosynthesis genes.,9.418074,7.651242,Unclassified,#ff00c3
Plate2_Drawer6 29-Aug-2025 11-38-09,A2,flrB,VC_2136,Sensory box sensor histidine kinase; Similar to PID:2338728; identified by sequence similarity; putative.,7.3955297,0.49613938,Motility,#ff0004
Plate2_Drawer6 29-Aug-2025 11-38-09,A3,rjg,VC_0264,Conserved hypothetical protein; Identified by Glimmer2; putative.,8.030578,9.04318,Unclassified,#ff00c3
Plate2_Drawer6 29-Aug-2025 11-38-09,A4,fliA,VC_2066,RNA polymerase sigma factor for flagellar operon FliA; Sigma factors are initiation factors that promote the attachment of RNA polymerase to specific initiation sites and are then released. This sigma factor controls the expression of flagella-related genes; Belongs to the sigma-70 factor family. FliA subfamily.,9.469659,-0.49765423,Motility,#ff0004
Plate2_Drawer6 29-Aug-2025 11-38-09,A5,flgM,VC_2204,"Negative regulator of flagellin synthesis FlgM, putative; Similar to GB:L14437 SP:P39809 PID:451869 PID:1762336 GB:AL009126; identified by sequence similarity; putative.",9.406264,7.4979267,Motility,#ff0004
Plate2_Drawer6 29-Aug-2025 11-38-09,A6,flrA,VC_2137,Sigma-54 dependent transcriptional activator; Similar to PID:2338727; identified by sequence similarity; putative.,10.233297,-1.4601649,Motility,#ff0004
Plate2_Drawer6 29-Aug-2025 11-38-09,A7,VC_1291,VC_1291,Conserved hypothetical protein; Identified by Glimmer2; putative.,9.491247,7.4971647,Unclassified,#ff00c3
Plate2_Drawer6 29-Aug-2025 11-38-09,A8,thiI,VC_0894,"Thiamin biosynthesis protein ThiI; Catalyzes the ATP-dependent transfer of a sulfur to tRNA to produce 4-thiouridine in position 8 of tRNAs, which functions as a near-UV photosensor. Also catalyzes the transfer of sulfur to the sulfur carrier protein ThiS, forming ThiS-thiocarboxylate. This is a step in the synthesis of thiazole, in the thiamine biosynthesis pathway. The sulfur is donated as persulfide by IscS.",8.508533,10.219662,Unclassified,#ff00c3
Plate2_Drawer6 29-Aug-2025 11-38-09,A9,flhB,VC_2120,"Flagellar biosynthetic protein FlhB; Required for formation of the rod structure in the basal body of the flagellar apparatus. Together with FliI and FliH, may constitute the export apparatus of flagellin; Belongs to the type III secretion exporter family.",6.97294,0.61905605,Motility,#ff0004
Plate2_Drawer6 29-Aug-2025 11-38-09,B10,wbeN,VC_0251,Acyl protein synthase/acyl-CoA reductase RfbN; Similar to GB:X59554 PID:48393; identified by sequence similarity; putative.,9.909544,4.3922176,O-Antigen Biosynthesis,#0096ff
Plate2_Drawer6 29-Aug-2025 11-38-09,B11,wbeL,VC_0249,rfbL protein; Similar to GB:X59554 PID:48391; identified by sequence similarity; putative.,2.13736,-0.292475,O-Antigen Biosynthesis,#0096ff
Plate2_Drawer6 29-Aug-2025 11-38-09,B12,pstB1,VC_0726,"Phosphate ABC transporter, ATP-binding protein; Part of the ABC transporter complex PstSACB involved in phosphate import. Responsible for energy coupling to the transport system; Belongs to the ABC transporter superfamily. Phosphate importer (TC 3.A.1.7) family.",9.315112,10.101036,Unclassified,#ff00c3
Plate2_Drawer6 29-Aug-2025 11-38-09,B4,VC_A0146,VC_A0146,Conserved hypothetical protein; Identified by Glimmer2; putative.,10.588009,5.728266,Unclassified,#ff00c3
Plate2_Drawer6 29-Aug-2025 11-38-09,B5,VC_0289,VC_0289,Gluconate utilization system gnt-I transcriptional repressor; Similar to PID:1304069; identified by sequence similarity; putative.,9.530388,10.846109,Unclassified,#ff00c3
Plate2_Drawer6 29-Aug-2025 11-38-09,B6,VC_A0005,VC_A0005,Hypothetical protein; Identified by Glimmer2; putative.,7.5716963,6.9072814,Unclassified,#ff00c3
Plate2_Drawer6 29-Aug-2025 11-38-09,B8,mltF,VC_0866,"Transglycosylase, Slt family; Murein-degrading enzyme that degrades murein glycan strands and insoluble, high-molecular weight murein sacculi, with the concomitant formation of a 1,6-anhydromuramoyl product. Lytic transglycosylases (LTs) play an integral role in the metabolism of the peptidoglycan (PG) sacculus. Their lytic action creates space within the PG sacculus to allow for its expansion as well as for the insertion of various structures such as secretion systems and flagella. In the N-terminal section; belongs to the bacterial solute- binding protein 3 family.",7.2987466,4.4640093,Unclassified,#ff00c3
Plate2_Drawer6 29-Aug-2025 11-38-09,B9,VC_A0726,VC_A0726,"Molybdenum ABC transporter, periplasmic molybdenum-binding protein; Similar to GB:L34009 SP:P37329 PID:504498 PID:973214 PID:1147817; identified by sequence similarity; putative.",8.577329,7.2262425,Unclassified,#ff00c3
Plate2_Drawer6 29-Aug-2025 11-38-09,C1,VC_1885,VC_1885,Hypothetical protein; Identified by Glimmer2; putative.,2.6656613,6.2047515,Unclassified,#ff00c3
Plate2_Drawer6 29-Aug-2025 11-38-09,C10,flgF,VC_2196,Flagellar basal-body rod protein FlgF; Similar to GB:U00096 SP:P75938 PID:1787317; identified by sequence similarity; putative; Belongs to the flagella basal body rod proteins family.,9.624572,-0.53944445,Motility,#ff0004
Plate2_Drawer6 29-Aug-2025 11-38-09,C11,VC_2441,VC_2441,Conserved hypothetical protein; Identified by Glimmer2; putative.,8.215626,4.747192,Unclassified,#ff00c3
Plate2_Drawer6 29-Aug-2025 11-38-09,C12,VC_1710,VC_1710,Conserved hypothetical protein; Identified by Glimmer2; putative.,8.648854,9.568706,Unclassified,#ff00c3
Plate2_Drawer6 29-Aug-2025 11-38-09,C2,aroQ,VC_0297,3-dehydroquinate dehydratase; Catalyzes a trans-dehydration via an enolate intermediate. Belongs to the type-II 3-dehydroquinase family.,5.853923,2.8092618,Unclassified,#ff00c3
Plate2_Drawer6 29-Aug-2025 11-38-09,C3,VC_1359,VC_1359,"Amino acid ABC transporter, ATP-binding protein; Similar to PID:1154897; identified by sequence similarity; putative.",4.9994273,-4.191907,Unclassified,#ff00c3
Plate2_Drawer6 29-Aug-2025 11-38-09,C4,VC_A0328,VC_A0328,"Biphenyl-2,3-diol 1,2-dioxygenase III-related protein; Similar to GB:X75635 SP:P47233 PID:473121; identified by sequence similarity; putative.",9.908804,8.717998,Unclassified,#ff00c3
Plate2_Drawer6 29-Aug-2025 11-38-09,C5,VC_1350,VC_1350,"Antioxidant, putative; Thiol-specific peroxidase that catalyzes the reduction of hydrogen peroxide and organic hydroperoxides to water and alcohols, respectively. Plays a role in cell protection against oxidative stress by detoxifying peroxides; Belongs to the peroxiredoxin family. Prx5 subfamily.",10.470953,7.681109,Unclassified,#ff00c3
Plate2_Drawer6 29-Aug-2025 11-38-09,C6,manB,VC_0242,Phosphomannomutase; Involved in GDP-mannose biosynthesis which serves as the activated sugar nucleotide precursor for mannose residues in cell surface polysaccharides; Belongs to the phosphohexose mutase family.,10.114542,4.217199,O-Antigen Biosynthesis,#0096ff
Plate2_Drawer6 29-Aug-2025 11-38-09,C7,mrcA,VC_2635,Penicillin-binding protein 1A; Cell wall formation. Synthesis of cross-linked peptidoglycan from the lipid intermediates. The enzyme has a penicillin-insensitive transglycosylase N-terminal domain (formation of linear glycan strands) and a penicillin-sensitive transpeptidase C-terminal domain (cross- linking of the peptide subunits).,8.9397955,1.3362226,Unclassified,#ff00c3
Plate2_Drawer6 29-Aug-2025 11-38-09,C8,VC_A0079,VC_A0079,Conserved hypothetical protein; Identified by Glimmer2; putative.,9.052406,0.5128071,Unclassified,#ff00c3
Plate2_Drawer6 29-Aug-2025 11-38-09,C9,potA,VC_1428,"Spermidine/putrescine ABC transporter, ATP-binding protein; Part of the ABC transporter complex PotABCD involved in spermidine/putrescine import. Responsible for energy coupling to the transport system; Belongs to the ABC transporter superfamily. Spermidine/putrescine importer (TC 3.A.1.11.1) family.",10.648723,1.8594956,Polyamine Import,#14f7f0
Plate2_Drawer6 29-Aug-2025 11-38-09,D1,VC_A0340,VC_A0340,Hypothetical protein; Identified by Glimmer2; putative.,10.666715,8.972264,Unclassified,#ff00c3
Plate2_Drawer6 29-Aug-2025 11-38-09,D10,bioD,VC_1115,"Dethiobiotin synthetase; Catalyzes a mechanistically unusual reaction, the ATP- dependent insertion of CO2 between the N7 and N8 nitrogen atoms of 7,8- diaminopelargonic acid (DAPA) to form an ureido ring.",4.770697,-6.091606,Biotin Biosynthesis,#ff9f1c
Plate2_Drawer6 29-Aug-2025 11-38-09,D11,flaA,VC_2188,Flagellin core protein A; Flagellin is the subunit protein which polymerizes to form the filaments of bacterial flagella. FlaA is required to form a core or scaffold into which the other flagellins are inserted to provide structural integrity. Essential for flagellar synthesis and motility; important for full virulence.,9.190272,-1.2235655,Motility,#ff0004
Plate2_Drawer6 29-Aug-2025 11-38-09,D12,wavL,VC_0239,Conserved hypothetical protein; Identified by Glimmer2; putative.,3.6216385,-0.3160882,O-Antigen Biosynthesis,#0096ff
Plate2_Drawer6 29-Aug-2025 11-38-09,D2,VC_0745,VC_0745,Inositol monophosphate family protein; Similar to GB:M34828 SP:P22783 PID:147899 GB:U00096 PID:1788882; identified by sequence similarity; putative; Belongs to the inositol monophosphatase superfamily.,7.1446805,3.0598953,Unclassified,#ff00c3
Plate2_Drawer6 29-Aug-2025 11-38-09,D3,VC_2485,VC_2485,"Transcriptional regulator, LysR family; Similar to GB:D10483 SP:P10151 GB:M21150 PID:1128961 PID:146605; identified by sequence similarity; putative; Belongs to the LysR transcriptional regulatory family.",9.194248,3.137202,Unclassified,#ff00c3
Plate2_Drawer6 29-Aug-2025 11-38-09,D4,rimO,VC_2620,Conserved hypothetical protein; Catalyzes the methylthiolation of an aspartic acid residue of ribosomal protein S12; Belongs to the methylthiotransferase family. RimO subfamily.,10.064301,11.41292,Unclassified,#ff00c3
Plate2_Drawer6 29-Aug-2025 11-38-09,D5,bioA,VC_1111,"Adenosylmethionine-8-amino-7-oxononanoate aminotransferase; Catalyzes the transfer of the alpha-amino group from S- adenosyl-L-methionine (SAM) to 7-keto-8-aminopelargonic acid (KAPA) to form 7,8-diaminopelargonic acid (DAPA). It is the only animotransferase known to utilize SAM as an amino donor; Belongs to the class-III pyridoxal-phosphate-dependent aminotransferase family. BioA subfamily.",4.916742,-5.21461,Biotin Biosynthesis,#ff9f1c
Plate2_Drawer6 29-Aug-2025 11-38-09,D6,wbeT,VC_0259,Lipopolysaccharide biosynthesis protein RfbV; Similar to GB:X59554 PID:48400 PID:1929424; identified by sequence similarity; putative.,4.8457165,-4.015756,O-Antigen Biosynthesis,#0096ff
Plate2_Drawer6 29-Aug-2025 11-38-09,D7,VC_0929,VC_0929,Hypothetical protein; Identified by Glimmer2; putative.,10.82533,5.703779,Unclassified,#ff00c3
Plate2_Drawer6 29-Aug-2025 11-38-09,D8,flgT,VC_2208,Hypothetical protein; Identified by Glimmer2; putative.,10.965099,-2.2217302,Motility,#ff0004
Plate2_Drawer6 29-Aug-2025 11-38-09,D9,glyA1,VC_0941,"Serine hydroxymethyltransferase; Catalyzes the reversible interconversion of serine and glycine with tetrahydrofolate (THF) serving as the one-carbon carrier. This reaction serves as the major source of one-carbon groups required for the biosynthesis of purines, thymidylate, methionine, and other important biomolecules. Also exhibits THF-independent aldolase activity toward beta-hydroxyamino acids, producing glycine and aldehydes, via a retro-aldol mechanism.",7.0293303,2.9937286,Unclassified,#ff00c3
Plate2_Drawer6 29-Aug-2025 11-38-09,E1,VC_1003,VC_1003,Bacteriocin production protein; Similar to GB:J01666 SP:P08550 PID:146367 PID:147415 GB:U00096; identified by sequence similarity; putative.,5.042828,0.5547897,Unclassified,#ff00c3
Plate2_Drawer6 29-Aug-2025 11-38-09,E10,flgA,VC_2203,"Flagellar protein, putative; Similar to PID:1272364; identified by sequence similarity; putative.",11.563412,4.6756988,Motility,#ff0004
Plate2_Drawer6 29-Aug-2025 11-38-09,E11,VC_A0187,VC_A0187,Hypothetical protein; Identified by Glimmer2; putative.,9.28641,4.6963024,Unclassified,#ff00c3
Plate2_Drawer6 29-Aug-2025 11-38-09,E12,VC_1652,VC_1652,Response regulator VieA; Similar to GP:3123891; identified by sequence similarity; putative.,8.049143,9.589135,Unclassified,#ff00c3
Plate2_Drawer6 29-Aug-2025 11-38-09,E2,fliL,VC_2130,Flagellum-specific ATP synthase FliI; Similar to PID:1071643 SP:P52612 GB:U00096 PID:1736607 PID:1788251; identified by sequence similarity; putative.,9.904098,-1.3985256,Motility,#ff0004
Plate2_Drawer6 29-Aug-2025 11-38-09,E3,pdhE2,VC_2413,"Pyruvate dehydrogenase, E2 component, dihydrolipoamide acetyltransferase; The pyruvate dehydrogenase complex catalyzes the overall conversion of pyruvate to acetyl-CoA and CO(2).",4.551786,1.167591,Pyruvate Flux,#39ff14
Plate2_Drawer6 29-Aug-2025 11-38-09,E4,VC_0134,VC_0134,Conserved hypothetical protein; Identified by Glimmer2; putative.,9.028299,10.236691,Unclassified,#ff00c3
Plate2_Drawer6 29-Aug-2025 11-38-09,E5,grx,VC_1146,Glutaredoxin 1; Has a glutathione-disulfide oxidoreductase activity in the presence of NADPH and glutathione reductase. Reduces low molecular weight disulfides and proteins (By similarity).,10.334913,11.517447,Unclassified,#ff00c3
Plate2_Drawer6 29-Aug-2025 11-38-09,E6,cheW,VC_2059,Purine-binding chemotaxis protein CheW; Similar to GB:M13462 SP:P07365 PID:145520 GB:U00096 PID:1736540; identified by sequence similarity; putative.,11.6064005,4.8667045,Motility,#ff0004
Plate2_Drawer6 29-Aug-2025 11-38-09,E7,nfuA,VC_2720,"Conserved hypothetical protein; Involved in iron-sulfur cluster biogenesis. Binds a 4Fe-4S cluster, can transfer this cluster to apoproteins, and thereby intervenes in the maturation of Fe/S proteins. Could also act as a scaffold/chaperone for damaged Fe/S proteins.",6.9586935,3.5893602,Unclassified,#ff00c3
Plate2_Drawer6 29-Aug-2025 11-38-09,E8,groS2,VC_A0819,"Chaperonin, 10 Kd subunit; Binds to Cpn60 in the presence of Mg-ATP and suppresses the ATPase activity of the latter.",10.580664,11.0251465,Unclassified,#ff00c3
Plate2_Drawer6 29-Aug-2025 11-38-09,E9,potD1,VC_1424,"Spermidine/putrescine ABC transporter, periplasmic spermidine/putrescine-binding protein; Required for the activity of the bacterial periplasmic transport system of putrescine; Belongs to the bacterial solute-binding protein PotD/PotF family.",8.893936,1.6892236,Polyamine Import,#14f7f0
Plate2_Drawer6 29-Aug-2025 11-38-09,F1,bioF,VC_1113,"8-amino-7-oxononanoate synthase; Catalyzes the decarboxylative condensation of pimeloyl-[acyl- carrier protein] and L-alanine to produce 8-amino-7-oxononanoate (AON), [acyl-carrier protein], and carbon dioxide.",4.842663,-5.7253695,Biotin Biosynthesis,#ff9f1c
Plate2_Drawer6 29-Aug-2025 11-38-09,F10,WT,WT,,8.89477,10.070571,WT,#000000
Plate2_Drawer6 29-Aug-2025 11-38-09,F2,flgO,VC_2207,Hypothetical protein; Identified by Glimmer2; putative.,9.255878,1.4625562,Motility,#ff0004
Plate2_Drawer6 29-Aug-2025 11-38-09,F3,hslO,VC_2736,Conserved hypothetical protein; Redox regulated molecular chaperone. Protects both thermally unfolding and oxidatively damaged proteins from irreversible aggregation. Plays an important role in the bacterial defense system toward oxidative stress.,8.0899105,6.6381845,Unclassified,#ff00c3
Plate2_Drawer6 29-Aug-2025 11-38-09,F4,bioC,VC_1114,Biotin synthesis protein BioC; Converts the free carboxyl group of a malonyl-thioester to its methyl ester by transfer of a methyl group from S-adenosyl-L- methionine (SAM). It allows to synthesize pimeloyl-ACP via the fatty acid synthetic pathway.,4.9016056,-5.8525085,Biotin Biosynthesis,#ff9f1c
Plate2_Drawer6 29-Aug-2025 11-38-09,F5,dnaN,VC_0013,"DNA polymerase III, beta chain; Confers DNA tethering and processivity to DNA polymerases and other proteins. Acts as a clamp, forming a ring around DNA (a reaction catalyzed by the clamp-loading complex) which diffuses in an ATP- independent manner freely and bidirectionally along dsDNA. Initially characterized for its ability to contact the catalytic subunit of DNA polymerase III (Pol III), a complex, multichain enzyme responsible for most of the replicative synthesis in bacteria; Pol III exhibits 3'-5' exonuclease proofreading activity. The beta chain is required for initiation of r [...] ",10.416315,9.006371,Unclassified,#ff00c3
Plate2_Drawer6 29-Aug-2025 11-38-09,F6,mutH,VC_0668,DNA mismatch repair protein MutH; Sequence-specific endonuclease that cleaves unmethylated GATC sequences. It is involved in DNA mismatch repair; Belongs to the MutH family.,7.4562616,6.7670674,Unclassified,#ff00c3
Plate2_Drawer6 29-Aug-2025 11-38-09,F7,pabC,VC_2018,"4-amino-4-deoxychorismate lyase; Involved in the biosynthesis of p-aminobenzoate (PABA), a precursor of tetrahydrofolate. Converts 4-amino-4-deoxychorismate into 4-aminobenzoate (PABA) and pyruvate (By similarity).",7.757157,5.752561,Unclassified,#ff00c3
Plate2_Drawer6 29-Aug-2025 11-38-09,F8,lexA,VC_0092,"LexA repressor; Represses a number of genes involved in the response to DNA damage (SOS response), including recA and lexA. In the presence of single-stranded DNA, RecA interacts with LexA causing an autocatalytic cleavage which disrupts the DNA-binding part of LexA, leading to derepression of the SOS regulon and eventually DNA repair.",7.665078,4.513531,Unclassified,#ff00c3
Plate2_Drawer6 29-Aug-2025 11-38-09,F9,VC_2271,VC_2271,"Riboflavin-specific deaminase; Converts 2,5-diamino-6-(ribosylamino)-4(3h)-pyrimidinone 5'- phosphate into 5-amino-6-(ribosylamino)-2,4(1h,3h)-pyrimidinedione 5'- phosphate; In the C-terminal section; belongs to the HTP reductase family.",9.154625,4.106406,Unclassified,#ff00c3
Plate2_Drawer6 31-Jul-2025 10-59-37,A1,flgK,VC_2191,Flagellar hook-associated protein FlgM; Similar to PID:2443633; identified by sequence similarity; putative. HOOK FILSMENT JUNCTION,10.67706,9.522862,Motility,#ff0004
Plate2_Drawer6 31-Jul-2025 10-59-37,A10,VC_2523,VC_2523,Conserved hypothetical protein; Identified by Glimmer2; putative.,7.6314483,7.1254215,Unclassified,#ff00c3
Plate2_Drawer6 31-Jul-2025 10-59-37,A11,fliR,VC_2121,Flagellar biosynthetic protein FliR; Role in flagellar biosynthesis. Belongs to the FliR/MopE/SpaR family.,8.241688,-0.20348096,Motility,#ff0004
Plate2_Drawer6 31-Jul-2025 10-59-37,A12,argR,VC_0431,Arginine repressor; Regulates arginine biosynthesis genes.,7.215592,6.7551413,Unclassified,#ff00c3
Plate2_Drawer6 31-Jul-2025 10-59-37,A2,flrB,VC_2136,Sensory box sensor histidine kinase; Similar to PID:2338728; identified by sequence similarity; putative.,8.45351,0.14092158,Motility,#ff0004
Plate2_Drawer6 31-Jul-2025 10-59-37,A3,rjg,VC_0264,Conserved hypothetical protein; Identified by Glimmer2; putative.,8.165622,8.735652,Unclassified,#ff00c3
Plate2_Drawer6 31-Jul-2025 10-59-37,A4,fliA,VC_2066,RNA polymerase sigma factor for flagellar operon FliA; Sigma factors are initiation factors that promote the attachment of RNA polymerase to specific initiation sites and are then released. This sigma factor controls the expression of flagella-related genes; Belongs to the sigma-70 factor family. FliA subfamily.,8.812653,0.05862608,Motility,#ff0004
Plate2_Drawer6 31-Jul-2025 10-59-37,A5,flgM,VC_2204,"Negative regulator of flagellin synthesis FlgM, putative; Similar to GB:L14437 SP:P39809 PID:451869 PID:1762336 GB:AL009126; identified by sequence similarity; putative.",7.8978906,7.784594,Motility,#ff0004
Plate2_Drawer6 31-Jul-2025 10-59-37,A6,flrA,VC_2137,Sigma-54 dependent transcriptional activator; Similar to PID:2338727; identified by sequence similarity; putative.,11.140472,4.0633016,Motility,#ff0004
Plate2_Drawer6 31-Jul-2025 10-59-37,A7,VC_1291,VC_1291,Conserved hypothetical protein; Identified by Glimmer2; putative.,7.518434,6.221157,Unclassified,#ff00c3
Plate2_Drawer6 31-Jul-2025 10-59-37,A8,thiI,VC_0894,"Thiamin biosynthesis protein ThiI; Catalyzes the ATP-dependent transfer of a sulfur to tRNA to produce 4-thiouridine in position 8 of tRNAs, which functions as a near-UV photosensor. Also catalyzes the transfer of sulfur to the sulfur carrier protein ThiS, forming ThiS-thiocarboxylate. This is a step in the synthesis of thiazole, in the thiamine biosynthesis pathway. The sulfur is donated as persulfide by IscS.",8.28231,9.90393,Unclassified,#ff00c3
Plate2_Drawer6 31-Jul-2025 10-59-37,A9,flhB,VC_2120,"Flagellar biosynthetic protein FlhB; Required for formation of the rod structure in the basal body of the flagellar apparatus. Together with FliI and FliH, may constitute the export apparatus of flagellin; Belongs to the type III secretion exporter family.",8.053492,0.015149308,Motility,#ff0004
Plate2_Drawer6 31-Jul-2025 10-59-37,B1,aroE,VC_0056,"Shikimate 5-dehydrogenase; Involved in the biosynthesis of the chorismate, which leads to the biosynthesis of aromatic amino acids. Catalyzes the reversible NADPH linked reduction of 3-dehydroshikimate (DHSA) to yield shikimate (SA).",7.7552605,8.344852,Unclassified,#ff00c3
Plate2_Drawer6 31-Jul-2025 10-59-37,B10,wbeN,VC_0251,Acyl protein synthase/acyl-CoA reductase RfbN; Similar to GB:X59554 PID:48393; identified by sequence similarity; putative.,10.635552,8.809476,O-Antigen Biosynthesis,#0096ff
Plate2_Drawer6 31-Jul-2025 10-59-37,B11,wbeL,VC_0249,rfbL protein; Similar to GB:X59554 PID:48391; identified by sequence similarity; putative.,2.4808133,-0.33843306,O-Antigen Biosynthesis,#0096ff
Plate2_Drawer6 31-Jul-2025 10-59-37,B12,pstB1,VC_0726,"Phosphate ABC transporter, ATP-binding protein; Part of the ABC transporter complex PstSACB involved in phosphate import. Responsible for energy coupling to the transport system; Belongs to the ABC transporter superfamily. Phosphate importer (TC 3.A.1.7) family.",8.011974,9.10987,Unclassified,#ff00c3
Plate2_Drawer6 31-Jul-2025 10-59-37,B4,VC_A0146,VC_A0146,Conserved hypothetical protein; Identified by Glimmer2; putative.,9.141563,9.598271,Unclassified,#ff00c3
Plate2_Drawer6 31-Jul-2025 10-59-37,B5,VC_0289,VC_0289,Gluconate utilization system gnt-I transcriptional repressor; Similar to PID:1304069; identified by sequence similarity; putative.,7.2938933,8.022911,Unclassified,#ff00c3
Plate2_Drawer6 31-Jul-2025 10-59-37,B6,VC_A0005,VC_A0005,Hypothetical protein; Identified by Glimmer2; putative.,7.0756826,6.673824,Unclassified,#ff00c3
Plate2_Drawer6 31-Jul-2025 10-59-37,B8,mltF,VC_0866,"Transglycosylase, Slt family; Murein-degrading enzyme that degrades murein glycan strands and insoluble, high-molecular weight murein sacculi, with the concomitant formation of a 1,6-anhydromuramoyl product. Lytic transglycosylases (LTs) play an integral role in the metabolism of the peptidoglycan (PG) sacculus. Their lytic action creates space within the PG sacculus to allow for its expansion as well as for the insertion of various structures such as secretion systems and flagella. In the N-terminal section; belongs to the bacterial solute- binding protein 3 family.",9.839714,5.9029427,Unclassified,#ff00c3
Plate2_Drawer6 31-Jul-2025 10-59-37,B9,VC_A0726,VC_A0726,"Molybdenum ABC transporter, periplasmic molybdenum-binding protein; Similar to GB:L34009 SP:P37329 PID:504498 PID:973214 PID:1147817; identified by sequence similarity; putative.",8.056216,7.251497,Unclassified,#ff00c3
Plate2_Drawer6 31-Jul-2025 10-59-37,C1,VC_1885,VC_1885,Hypothetical protein; Identified by Glimmer2; putative.,2.8199801,6.301581,Unclassified,#ff00c3
Plate2_Drawer6 31-Jul-2025 10-59-37,C10,flgF,VC_2196,Flagellar basal-body rod protein FlgF; Similar to GB:U00096 SP:P75938 PID:1787317; identified by sequence similarity; putative; Belongs to the flagella basal body rod proteins family.,8.983859,0.0059810746,Motility,#ff0004
Plate2_Drawer6 31-Jul-2025 10-59-37,C11,VC_2441,VC_2441,Conserved hypothetical protein; Identified by Glimmer2; putative.,7.0594344,4.9152975,Unclassified,#ff00c3
Plate2_Drawer6 31-Jul-2025 10-59-37,C12,VC_1710,VC_1710,Conserved hypothetical protein; Identified by Glimmer2; putative.,7.1075826,7.5214953,Unclassified,#ff00c3
Plate2_Drawer6 31-Jul-2025 10-59-37,C2,aroQ,VC_0297,3-dehydroquinate dehydratase; Catalyzes a trans-dehydration via an enolate intermediate. Belongs to the type-II 3-dehydroquinase family.,5.874935,2.8458252,Unclassified,#ff00c3
Plate2_Drawer6 31-Jul-2025 10-59-37,C3,VC_1359,VC_1359,"Amino acid ABC transporter, ATP-binding protein; Similar to PID:1154897; identified by sequence similarity; putative.",4.9321656,-4.206245,Unclassified,#ff00c3
Plate2_Drawer6 31-Jul-2025 10-59-37,C4,VC_A0328,VC_A0328,"Biphenyl-2,3-diol 1,2-dioxygenase III-related protein; Similar to GB:X75635 SP:P47233 PID:473121; identified by sequence similarity; putative.",10.462668,8.42818,Unclassified,#ff00c3
Plate2_Drawer6 31-Jul-2025 10-59-37,C5,VC_1350,VC_1350,"Antioxidant, putative; Thiol-specific peroxidase that catalyzes the reduction of hydrogen peroxide and organic hydroperoxides to water and alcohols, respectively. Plays a role in cell protection against oxidative stress by detoxifying peroxides; Belongs to the peroxiredoxin family. Prx5 subfamily.",9.373342,7.633384,Unclassified,#ff00c3
Plate2_Drawer6 31-Jul-2025 10-59-37,C6,manB,VC_0242,Phosphomannomutase; Involved in GDP-mannose biosynthesis which serves as the activated sugar nucleotide precursor for mannose residues in cell surface polysaccharides; Belongs to the phosphohexose mutase family.,10.08558,4.197301,O-Antigen Biosynthesis,#0096ff
Plate2_Drawer6 31-Jul-2025 10-59-37,C7,mrcA,VC_2635,Penicillin-binding protein 1A; Cell wall formation. Synthesis of cross-linked peptidoglycan from the lipid intermediates. The enzyme has a penicillin-insensitive transglycosylase N-terminal domain (formation of linear glycan strands) and a penicillin-sensitive transpeptidase C-terminal domain (cross- linking of the peptide subunits).,10.269809,1.8686688,Unclassified,#ff00c3
Plate2_Drawer6 31-Jul-2025 10-59-37,C8,VC_A0079,VC_A0079,Conserved hypothetical protein; Identified by Glimmer2; putative.,9.019348,-1.3221563,Unclassified,#ff00c3
Plate2_Drawer6 31-Jul-2025 10-59-37,C9,potA,VC_1428,"Spermidine/putrescine ABC transporter, ATP-binding protein; Part of the ABC transporter complex PotABCD involved in spermidine/putrescine import. Responsible for energy coupling to the transport system; Belongs to the ABC transporter superfamily. Spermidine/putrescine importer (TC 3.A.1.11.1) family.",10.3622875,1.7383473,Polyamine Import,#14f7f0
Plate2_Drawer6 31-Jul-2025 10-59-37,D1,VC_A0340,VC_A0340,Hypothetical protein; Identified by Glimmer2; putative.,11.036443,8.72768,Unclassified,#ff00c3
Plate2_Drawer6 31-Jul-2025 10-59-37,D10,bioD,VC_1115,"Dethiobiotin synthetase; Catalyzes a mechanistically unusual reaction, the ATP- dependent insertion of CO2 between the N7 and N8 nitrogen atoms of 7,8- diaminopelargonic acid (DAPA) to form an ureido ring.",4.6562114,-5.5074873,Biotin Biosynthesis,#ff9f1c
Plate2_Drawer6 31-Jul-2025 10-59-37,D11,flaA,VC_2188,Flagellin core protein A; Flagellin is the subunit protein which polymerizes to form the filaments of bacterial flagella. FlaA is required to form a core or scaffold into which the other flagellins are inserted to provide structural integrity. Essential for flagellar synthesis and motility; important for full virulence.,10.044196,-1.9024168,Motility,#ff0004
Plate2_Drawer6 31-Jul-2025 10-59-37,D12,wavL,VC_0239,Conserved hypothetical protein; Identified by Glimmer2; putative.,4.047503,-0.1279591,O-Antigen Biosynthesis,#0096ff
Plate2_Drawer6 31-Jul-2025 10-59-37,D2,VC_0745,VC_0745,Inositol monophosphate family protein; Similar to GB:M34828 SP:P22783 PID:147899 GB:U00096 PID:1788882; identified by sequence similarity; putative; Belongs to the inositol monophosphatase superfamily.,7.380068,3.0874655,Unclassified,#ff00c3
Plate2_Drawer6 31-Jul-2025 10-59-37,D3,VC_2485,VC_2485,"Transcriptional regulator, LysR family; Similar to GB:D10483 SP:P10151 GB:M21150 PID:1128961 PID:146605; identified by sequence similarity; putative; Belongs to the LysR transcriptional regulatory family.",7.3186564,3.6756315,Unclassified,#ff00c3
Plate2_Drawer6 31-Jul-2025 10-59-37,D4,rimO,VC_2620,Conserved hypothetical protein; Catalyzes the methylthiolation of an aspartic acid residue of ribosomal protein S12; Belongs to the methylthiotransferase family. RimO subfamily.,6.9555283,7.537156,Unclassified,#ff00c3
Plate2_Drawer6 31-Jul-2025 10-59-37,D5,bioA,VC_1111,"Adenosylmethionine-8-amino-7-oxononanoate aminotransferase; Catalyzes the transfer of the alpha-amino group from S- adenosyl-L-methionine (SAM) to 7-keto-8-aminopelargonic acid (KAPA) to form 7,8-diaminopelargonic acid (DAPA). It is the only animotransferase known to utilize SAM as an amino donor; Belongs to the class-III pyridoxal-phosphate-dependent aminotransferase family. BioA subfamily.",4.689913,-5.1999993,Biotin Biosynthesis,#ff9f1c
Plate2_Drawer6 31-Jul-2025 10-59-37,D6,wbeT,VC_0259,Lipopolysaccharide biosynthesis protein RfbV; Similar to GB:X59554 PID:48400 PID:1929424; identified by sequence similarity; putative.,4.8423004,-3.9371204,O-Antigen Biosynthesis,#0096ff
Plate2_Drawer6 31-Jul-2025 10-59-37,D8,flgT,VC_2208,Hypothetical protein; Identified by Glimmer2; putative.,10.376144,-1.2741226,Motility,#ff0004
Plate2_Drawer6 31-Jul-2025 10-59-37,D9,glyA1,VC_0941,"Serine hydroxymethyltransferase; Catalyzes the reversible interconversion of serine and glycine with tetrahydrofolate (THF) serving as the one-carbon carrier. This reaction serves as the major source of one-carbon groups required for the biosynthesis of purines, thymidylate, methionine, and other important biomolecules. Also exhibits THF-independent aldolase activity toward beta-hydroxyamino acids, producing glycine and aldehydes, via a retro-aldol mechanism.",6.0161667,1.3834903,Unclassified,#ff00c3
Plate2_Drawer6 31-Jul-2025 10-59-37,E1,VC_1003,VC_1003,Bacteriocin production protein; Similar to GB:J01666 SP:P08550 PID:146367 PID:147415 GB:U00096; identified by sequence similarity; putative.,5.091476,0.586145,Unclassified,#ff00c3
Plate2_Drawer6 31-Jul-2025 10-59-37,E10,flgA,VC_2203,"Flagellar protein, putative; Similar to PID:1272364; identified by sequence similarity; putative.",11.237133,4.196768,Motility,#ff0004
Plate2_Drawer6 31-Jul-2025 10-59-37,E11,VC_A0187,VC_A0187,Hypothetical protein; Identified by Glimmer2; putative.,8.718563,2.574251,Unclassified,#ff00c3
Plate2_Drawer6 31-Jul-2025 10-59-37,E12,VC_1652,VC_1652,Response regulator VieA; Similar to GP:3123891; identified by sequence similarity; putative.,9.115096,9.432959,Unclassified,#ff00c3
Plate2_Drawer6 31-Jul-2025 10-59-37,E2,fliL,VC_2130,Flagellum-specific ATP synthase FliI; Similar to PID:1071643 SP:P52612 GB:U00096 PID:1736607 PID:1788251; identified by sequence similarity; putative.,9.399393,-0.7845585,Motility,#ff0004
Plate2_Drawer6 31-Jul-2025 10-59-37,E3,pdhE2,VC_2413,"Pyruvate dehydrogenase, E2 component, dihydrolipoamide acetyltransferase; The pyruvate dehydrogenase complex catalyzes the overall conversion of pyruvate to acetyl-CoA and CO(2).",4.4877157,1.2110173,Pyruvate Flux,#39ff14
Plate2_Drawer6 31-Jul-2025 10-59-37,E4,VC_0134,VC_0134,Conserved hypothetical protein; Identified by Glimmer2; putative.,9.622779,10.553242,Unclassified,#ff00c3
Plate2_Drawer6 31-Jul-2025 10-59-37,E5,grx,VC_1146,Glutaredoxin 1; Has a glutathione-disulfide oxidoreductase activity in the presence of NADPH and glutathione reductase. Reduces low molecular weight disulfides and proteins (By similarity).,8.053755,9.7190075,Unclassified,#ff00c3
Plate2_Drawer6 31-Jul-2025 10-59-37,E6,cheW,VC_2059,Purine-binding chemotaxis protein CheW; Similar to GB:M13462 SP:P07365 PID:145520 GB:U00096 PID:1736540; identified by sequence similarity; putative.,11.615591,4.858115,Motility,#ff0004
Plate2_Drawer6 31-Jul-2025 10-59-37,E7,nfuA,VC_2720,"Conserved hypothetical protein; Involved in iron-sulfur cluster biogenesis. Binds a 4Fe-4S cluster, can transfer this cluster to apoproteins, and thereby intervenes in the maturation of Fe/S proteins. Could also act as a scaffold/chaperone for damaged Fe/S proteins.",6.5134344,3.0375333,Unclassified,#ff00c3
Plate2_Drawer6 31-Jul-2025 10-59-37,E8,groS2,VC_A0819,"Chaperonin, 10 Kd subunit; Binds to Cpn60 in the presence of Mg-ATP and suppresses the ATPase activity of the latter.",9.24403,9.983214,Unclassified,#ff00c3
Plate2_Drawer6 31-Jul-2025 10-59-37,E9,potD1,VC_1424,"Spermidine/putrescine ABC transporter, periplasmic spermidine/putrescine-binding protein; Required for the activity of the bacterial periplasmic transport system of putrescine; Belongs to the bacterial solute-binding protein PotD/PotF family.",8.843613,1.6969393,Polyamine Import,#14f7f0
Plate2_Drawer6 31-Jul-2025 10-59-37,F1,bioF,VC_1113,"8-amino-7-oxononanoate synthase; Catalyzes the decarboxylative condensation of pimeloyl-[acyl- carrier protein] and L-alanine to produce 8-amino-7-oxononanoate (AON), [acyl-carrier protein], and carbon dioxide.",4.9588995,-5.185194,Biotin Biosynthesis,#ff9f1c
Plate2_Drawer6 31-Jul-2025 10-59-37,F10,WT,WT,,9.924995,11.332928,WT,#000000
Plate2_Drawer6 31-Jul-2025 10-59-37,F2,flgO,VC_2207,Hypothetical protein; Identified by Glimmer2; putative.,7.455005,0.8139437,Motility,#ff0004
Plate2_Drawer6 31-Jul-2025 10-59-37,F3,hslO,VC_2736,Conserved hypothetical protein; Redox regulated molecular chaperone. Protects both thermally unfolding and oxidatively damaged proteins from irreversible aggregation. Plays an important role in the bacterial defense system toward oxidative stress.,7.159998,6.0516686,Unclassified,#ff00c3
Plate2_Drawer6 31-Jul-2025 10-59-37,F4,bioC,VC_1114,Biotin synthesis protein BioC; Converts the free carboxyl group of a malonyl-thioester to its methyl ester by transfer of a methyl group from S-adenosyl-L- methionine (SAM). It allows to synthesize pimeloyl-ACP via the fatty acid synthetic pathway.,4.5630593,-5.345153,Biotin Biosynthesis,#ff9f1c
Plate2_Drawer6 31-Jul-2025 10-59-37,F5,dnaN,VC_0013,"DNA polymerase III, beta chain; Confers DNA tethering and processivity to DNA polymerases and other proteins. Acts as a clamp, forming a ring around DNA (a reaction catalyzed by the clamp-loading complex) which diffuses in an ATP- independent manner freely and bidirectionally along dsDNA. Initially characterized for its ability to contact the catalytic subunit of DNA polymerase III (Pol III), a complex, multichain enzyme responsible for most of the replicative synthesis in bacteria; Pol III exhibits 3'-5' exonuclease proofreading activity. The beta chain is required for initiation of r [...] ",8.90879,4.195592,Unclassified,#ff00c3
Plate2_Drawer6 31-Jul-2025 10-59-37,F6,mutH,VC_0668,DNA mismatch repair protein MutH; Sequence-specific endonuclease that cleaves unmethylated GATC sequences. It is involved in DNA mismatch repair; Belongs to the MutH family.,8.137121,6.9329453,Unclassified,#ff00c3
Plate2_Drawer6 31-Jul-2025 10-59-37,F7,pabC,VC_2018,"4-amino-4-deoxychorismate lyase; Involved in the biosynthesis of p-aminobenzoate (PABA), a precursor of tetrahydrofolate. Converts 4-amino-4-deoxychorismate into 4-aminobenzoate (PABA) and pyruvate (By similarity).",7.814989,2.5490594,Unclassified,#ff00c3
Plate2_Drawer6 31-Jul-2025 10-59-37,F8,lexA,VC_0092,"LexA repressor; Represses a number of genes involved in the response to DNA damage (SOS response), including recA and lexA. In the presence of single-stranded DNA, RecA interacts with LexA causing an autocatalytic cleavage which disrupts the DNA-binding part of LexA, leading to derepression of the SOS regulon and eventually DNA repair.",8.662507,2.9152062,Unclassified,#ff00c3
Plate2_Drawer6 31-Jul-2025 10-59-37,F9,VC_2271,VC_2271,"Riboflavin-specific deaminase; Converts 2,5-diamino-6-(ribosylamino)-4(3h)-pyrimidinone 5'- phosphate into 5-amino-6-(ribosylamino)-2,4(1h,3h)-pyrimidinedione 5'- phosphate; In the C-terminal section; belongs to the HTP reductase family.",8.009951,2.9323406,Unclassified,#ff00c3
Plate2_Drawer7 07-Aug-2025 12-51-45,A1,flgK,VC_2191,Flagellar hook-associated protein FlgM; Similar to PID:2443633; identified by sequence similarity; putative. HOOK FILSMENT JUNCTION,10.323177,9.104256,Motility,#ff0004
Plate2_Drawer7 07-Aug-2025 12-51-45,A10,VC_2523,VC_2523,Conserved hypothetical protein; Identified by Glimmer2; putative.,7.1542706,6.734498,Unclassified,#ff00c3
Plate2_Drawer7 07-Aug-2025 12-51-45,A11,fliR,VC_2121,Flagellar biosynthetic protein FliR; Role in flagellar biosynthesis. Belongs to the FliR/MopE/SpaR family.,9.28367,-1.3786608,Motility,#ff0004
Plate2_Drawer7 07-Aug-2025 12-51-45,A12,argR,VC_0431,Arginine repressor; Regulates arginine biosynthesis genes.,8.42708,6.594758,Unclassified,#ff00c3
Plate2_Drawer7 07-Aug-2025 12-51-45,A2,flrB,VC_2136,Sensory box sensor histidine kinase; Similar to PID:2338728; identified by sequence similarity; putative.,8.412073,0.1038599,Motility,#ff0004
Plate2_Drawer7 07-Aug-2025 12-51-45,A3,rjg,VC_0264,Conserved hypothetical protein; Identified by Glimmer2; putative.,8.780009,8.704153,Unclassified,#ff00c3
Plate2_Drawer7 07-Aug-2025 12-51-45,A4,fliA,VC_2066,RNA polymerase sigma factor for flagellar operon FliA; Sigma factors are initiation factors that promote the attachment of RNA polymerase to specific initiation sites and are then released. This sigma factor controls the expression of flagella-related genes; Belongs to the sigma-70 factor family. FliA subfamily.,10.230211,-1.116784,Motility,#ff0004
Plate2_Drawer7 07-Aug-2025 12-51-45,A5,flgM,VC_2204,"Negative regulator of flagellin synthesis FlgM, putative; Similar to GB:L14437 SP:P39809 PID:451869 PID:1762336 GB:AL009126; identified by sequence similarity; putative.",8.011853,7.168215,Motility,#ff0004
Plate2_Drawer7 07-Aug-2025 12-51-45,A6,flrA,VC_2137,Sigma-54 dependent transcriptional activator; Similar to PID:2338727; identified by sequence similarity; putative.,10.056808,-1.4773625,Motility,#ff0004
Plate2_Drawer7 07-Aug-2025 12-51-45,A7,VC_1291,VC_1291,Conserved hypothetical protein; Identified by Glimmer2; putative.,7.258748,5.9891686,Unclassified,#ff00c3
Plate2_Drawer7 07-Aug-2025 12-51-45,A8,thiI,VC_0894,"Thiamin biosynthesis protein ThiI; Catalyzes the ATP-dependent transfer of a sulfur to tRNA to produce 4-thiouridine in position 8 of tRNAs, which functions as a near-UV photosensor. Also catalyzes the transfer of sulfur to the sulfur carrier protein ThiS, forming ThiS-thiocarboxylate. This is a step in the synthesis of thiazole, in the thiamine biosynthesis pathway. The sulfur is donated as persulfide by IscS.",7.928003,9.553855,Unclassified,#ff00c3
Plate2_Drawer7 07-Aug-2025 12-51-45,A9,flhB,VC_2120,"Flagellar biosynthetic protein FlhB; Required for formation of the rod structure in the basal body of the flagellar apparatus. Together with FliI and FliH, may constitute the export apparatus of flagellin; Belongs to the type III secretion exporter family.",8.724106,-0.7748765,Motility,#ff0004
Plate2_Drawer7 07-Aug-2025 12-51-45,B1,aroE,VC_0056,"Shikimate 5-dehydrogenase; Involved in the biosynthesis of the chorismate, which leads to the biosynthesis of aromatic amino acids. Catalyzes the reversible NADPH linked reduction of 3-dehydroshikimate (DHSA) to yield shikimate (SA).",6.921192,6.790551,Unclassified,#ff00c3
Plate2_Drawer7 07-Aug-2025 12-51-45,B10,wbeN,VC_0251,Acyl protein synthase/acyl-CoA reductase RfbN; Similar to GB:X59554 PID:48393; identified by sequence similarity; putative.,9.7340355,5.1742024,O-Antigen Biosynthesis,#0096ff
Plate2_Drawer7 07-Aug-2025 12-51-45,B11,wbeL,VC_0249,rfbL protein; Similar to GB:X59554 PID:48391; identified by sequence similarity; putative.,2.5709984,-0.832694,O-Antigen Biosynthesis,#0096ff
Plate2_Drawer7 07-Aug-2025 12-51-45,B12,pstB1,VC_0726,"Phosphate ABC transporter, ATP-binding protein; Part of the ABC transporter complex PstSACB involved in phosphate import. Responsible for energy coupling to the transport system; Belongs to the ABC transporter superfamily. Phosphate importer (TC 3.A.1.7) family.",9.183571,10.44161,Unclassified,#ff00c3
Plate2_Drawer7 07-Aug-2025 12-51-45,B4,VC_A0146,VC_A0146,Conserved hypothetical protein; Identified by Glimmer2; putative.,8.389206,7.8718033,Unclassified,#ff00c3
Plate2_Drawer7 07-Aug-2025 12-51-45,B5,VC_0289,VC_0289,Gluconate utilization system gnt-I transcriptional repressor; Similar to PID:1304069; identified by sequence similarity; putative.,9.030262,10.116032,Unclassified,#ff00c3
Plate2_Drawer7 07-Aug-2025 12-51-45,B6,VC_A0005,VC_A0005,Hypothetical protein; Identified by Glimmer2; putative.,10.305787,9.723556,Unclassified,#ff00c3
Plate2_Drawer7 07-Aug-2025 12-51-45,B8,mltF,VC_0866,"Transglycosylase, Slt family; Murein-degrading enzyme that degrades murein glycan strands and insoluble, high-molecular weight murein sacculi, with the concomitant formation of a 1,6-anhydromuramoyl product. Lytic transglycosylases (LTs) play an integral role in the metabolism of the peptidoglycan (PG) sacculus. Their lytic action creates space within the PG sacculus to allow for its expansion as well as for the insertion of various structures such as secretion systems and flagella. In the N-terminal section; belongs to the bacterial solute- binding protein 3 family.",9.763082,5.9984117,Unclassified,#ff00c3
Plate2_Drawer7 07-Aug-2025 12-51-45,B9,VC_A0726,VC_A0726,"Molybdenum ABC transporter, periplasmic molybdenum-binding protein; Similar to GB:L34009 SP:P37329 PID:504498 PID:973214 PID:1147817; identified by sequence similarity; putative.",8.779912,8.268876,Unclassified,#ff00c3
Plate2_Drawer7 07-Aug-2025 12-51-45,C1,VC_1885,VC_1885,Hypothetical protein; Identified by Glimmer2; putative.,2.8110073,6.30775,Unclassified,#ff00c3
Plate2_Drawer7 07-Aug-2025 12-51-45,C10,flgF,VC_2196,Flagellar basal-body rod protein FlgF; Similar to GB:U00096 SP:P75938 PID:1787317; identified by sequence similarity; putative; Belongs to the flagella basal body rod proteins family.,10.434757,-1.3303262,Motility,#ff0004
Plate2_Drawer7 07-Aug-2025 12-51-45,C11,VC_2441,VC_2441,Conserved hypothetical protein; Identified by Glimmer2; putative.,7.124731,3.5528908,Unclassified,#ff00c3
Plate2_Drawer7 07-Aug-2025 12-51-45,C12,VC_1710,VC_1710,Conserved hypothetical protein; Identified by Glimmer2; putative.,9.150902,7.9148154,Unclassified,#ff00c3
Plate2_Drawer7 07-Aug-2025 12-51-45,C2,aroQ,VC_0297,3-dehydroquinate dehydratase; Catalyzes a trans-dehydration via an enolate intermediate. Belongs to the type-II 3-dehydroquinase family.,6.5856457,6.345641,Unclassified,#ff00c3
Plate2_Drawer7 07-Aug-2025 12-51-45,C3,VC_1359,VC_1359,"Amino acid ABC transporter, ATP-binding protein; Similar to PID:1154897; identified by sequence similarity; putative.",4.9722,-4.185856,Unclassified,#ff00c3
Plate2_Drawer7 07-Aug-2025 12-51-45,C4,VC_A0328,VC_A0328,"Biphenyl-2,3-diol 1,2-dioxygenase III-related protein; Similar to GB:X75635 SP:P47233 PID:473121; identified by sequence similarity; putative.",9.603229,8.433876,Unclassified,#ff00c3
Plate2_Drawer7 07-Aug-2025 12-51-45,C5,VC_1350,VC_1350,"Antioxidant, putative; Thiol-specific peroxidase that catalyzes the reduction of hydrogen peroxide and organic hydroperoxides to water and alcohols, respectively. Plays a role in cell protection against oxidative stress by detoxifying peroxides; Belongs to the peroxiredoxin family. Prx5 subfamily.",10.523182,8.870973,Unclassified,#ff00c3
Plate2_Drawer7 07-Aug-2025 12-51-45,C6,manB,VC_0242,Phosphomannomutase; Involved in GDP-mannose biosynthesis which serves as the activated sugar nucleotide precursor for mannose residues in cell surface polysaccharides; Belongs to the phosphohexose mutase family.,9.398972,5.26323,O-Antigen Biosynthesis,#0096ff
Plate2_Drawer7 07-Aug-2025 12-51-45,C7,mrcA,VC_2635,Penicillin-binding protein 1A; Cell wall formation. Synthesis of cross-linked peptidoglycan from the lipid intermediates. The enzyme has a penicillin-insensitive transglycosylase N-terminal domain (formation of linear glycan strands) and a penicillin-sensitive transpeptidase C-terminal domain (cross- linking of the peptide subunits).,8.759359,1.7363065,Unclassified,#ff00c3
Plate2_Drawer7 07-Aug-2025 12-51-45,C8,VC_A0079,VC_A0079,Conserved hypothetical protein; Identified by Glimmer2; putative.,10.233122,2.7642195,Unclassified,#ff00c3
Plate2_Drawer7 07-Aug-2025 12-51-45,C9,potA,VC_1428,"Spermidine/putrescine ABC transporter, ATP-binding protein; Part of the ABC transporter complex PotABCD involved in spermidine/putrescine import. Responsible for energy coupling to the transport system; Belongs to the ABC transporter superfamily. Spermidine/putrescine importer (TC 3.A.1.11.1) family.",10.376503,1.5890353,Polyamine Import,#14f7f0
Plate2_Drawer7 07-Aug-2025 12-51-45,D1,VC_A0340,VC_A0340,Hypothetical protein; Identified by Glimmer2; putative.,7.9630876,5.3586154,Unclassified,#ff00c3
Plate2_Drawer7 07-Aug-2025 12-51-45,D10,bioD,VC_1115,"Dethiobiotin synthetase; Catalyzes a mechanistically unusual reaction, the ATP- dependent insertion of CO2 between the N7 and N8 nitrogen atoms of 7,8- diaminopelargonic acid (DAPA) to form an ureido ring.",4.671387,-5.65727,Biotin Biosynthesis,#ff9f1c
Plate2_Drawer7 07-Aug-2025 12-51-45,D11,flaA,VC_2188,Flagellin core protein A; Flagellin is the subunit protein which polymerizes to form the filaments of bacterial flagella. FlaA is required to form a core or scaffold into which the other flagellins are inserted to provide structural integrity. Essential for flagellar synthesis and motility; important for full virulence.,9.889665,-1.3450594,Motility,#ff0004
Plate2_Drawer7 07-Aug-2025 12-51-45,D12,wavL,VC_0239,Conserved hypothetical protein; Identified by Glimmer2; putative.,4.0272665,-0.13557322,O-Antigen Biosynthesis,#0096ff
Plate2_Drawer7 07-Aug-2025 12-51-45,D2,VC_0745,VC_0745,Inositol monophosphate family protein; Similar to GB:M34828 SP:P22783 PID:147899 GB:U00096 PID:1788882; identified by sequence similarity; putative; Belongs to the inositol monophosphatase superfamily.,6.8127007,2.7261994,Unclassified,#ff00c3
Plate2_Drawer7 07-Aug-2025 12-51-45,D3,VC_2485,VC_2485,"Transcriptional regulator, LysR family; Similar to GB:D10483 SP:P10151 GB:M21150 PID:1128961 PID:146605; identified by sequence similarity; putative; Belongs to the LysR transcriptional regulatory family.",7.726943,2.8980677,Unclassified,#ff00c3
Plate2_Drawer7 07-Aug-2025 12-51-45,D4,rimO,VC_2620,Conserved hypothetical protein; Catalyzes the methylthiolation of an aspartic acid residue of ribosomal protein S12; Belongs to the methylthiotransferase family. RimO subfamily.,7.7698684,9.161102,Unclassified,#ff00c3
Plate2_Drawer7 07-Aug-2025 12-51-45,D5,bioA,VC_1111,"Adenosylmethionine-8-amino-7-oxononanoate aminotransferase; Catalyzes the transfer of the alpha-amino group from S- adenosyl-L-methionine (SAM) to 7-keto-8-aminopelargonic acid (KAPA) to form 7,8-diaminopelargonic acid (DAPA). It is the only animotransferase known to utilize SAM as an amino donor; Belongs to the class-III pyridoxal-phosphate-dependent aminotransferase family. BioA subfamily.",4.8051715,-5.3776727,Biotin Biosynthesis,#ff9f1c
Plate2_Drawer7 07-Aug-2025 12-51-45,D6,wbeT,VC_0259,Lipopolysaccharide biosynthesis protein RfbV; Similar to GB:X59554 PID:48400 PID:1929424; identified by sequence similarity; putative.,4.800329,-3.997007,O-Antigen Biosynthesis,#0096ff
Plate2_Drawer7 07-Aug-2025 12-51-45,D7,VC_0929,VC_0929,Hypothetical protein; Identified by Glimmer2; putative.,10.377321,5.463951,Unclassified,#ff00c3
Plate2_Drawer7 07-Aug-2025 12-51-45,D8,flgT,VC_2208,Hypothetical protein; Identified by Glimmer2; putative.,10.346823,-1.2304054,Motility,#ff0004
Plate2_Drawer7 07-Aug-2025 12-51-45,D9,glyA1,VC_0941,"Serine hydroxymethyltransferase; Catalyzes the reversible interconversion of serine and glycine with tetrahydrofolate (THF) serving as the one-carbon carrier. This reaction serves as the major source of one-carbon groups required for the biosynthesis of purines, thymidylate, methionine, and other important biomolecules. Also exhibits THF-independent aldolase activity toward beta-hydroxyamino acids, producing glycine and aldehydes, via a retro-aldol mechanism.",6.3433466,1.5684513,Unclassified,#ff00c3
Plate2_Drawer7 07-Aug-2025 12-51-45,E1,VC_1003,VC_1003,Bacteriocin production protein; Similar to GB:J01666 SP:P08550 PID:146367 PID:147415 GB:U00096; identified by sequence similarity; putative.,5.047646,0.5179051,Unclassified,#ff00c3
Plate2_Drawer7 07-Aug-2025 12-51-45,E10,flgA,VC_2203,"Flagellar protein, putative; Similar to PID:1272364; identified by sequence similarity; putative.",11.331214,4.1456547,Motility,#ff0004
Plate2_Drawer7 07-Aug-2025 12-51-45,E11,VC_A0187,VC_A0187,Hypothetical protein; Identified by Glimmer2; putative.,7.5129967,2.9469702,Unclassified,#ff00c3
Plate2_Drawer7 07-Aug-2025 12-51-45,E12,VC_1652,VC_1652,Response regulator VieA; Similar to GP:3123891; identified by sequence similarity; putative.,8.867611,9.884185,Unclassified,#ff00c3
Plate2_Drawer7 07-Aug-2025 12-51-45,E2,fliL,VC_2130,Flagellum-specific ATP synthase FliI; Similar to PID:1071643 SP:P52612 GB:U00096 PID:1736607 PID:1788251; identified by sequence similarity; putative.,9.263897,-0.9222411,Motility,#ff0004
Plate2_Drawer7 07-Aug-2025 12-51-45,E3,pdhE2,VC_2413,"Pyruvate dehydrogenase, E2 component, dihydrolipoamide acetyltransferase; The pyruvate dehydrogenase complex catalyzes the overall conversion of pyruvate to acetyl-CoA and CO(2).",4.4535346,1.2571917,Pyruvate Flux,#39ff14
Plate2_Drawer7 07-Aug-2025 12-51-45,E4,VC_0134,VC_0134,Conserved hypothetical protein; Identified by Glimmer2; putative.,9.061049,10.628247,Unclassified,#ff00c3
Plate2_Drawer7 07-Aug-2025 12-51-45,E5,grx,VC_1146,Glutaredoxin 1; Has a glutathione-disulfide oxidoreductase activity in the presence of NADPH and glutathione reductase. Reduces low molecular weight disulfides and proteins (By similarity).,9.04496,10.640613,Unclassified,#ff00c3
Plate2_Drawer7 07-Aug-2025 12-51-45,E6,cheW,VC_2059,Purine-binding chemotaxis protein CheW; Similar to GB:M13462 SP:P07365 PID:145520 GB:U00096 PID:1736540; identified by sequence similarity; putative.,11.479702,4.281773,Motility,#ff0004
Plate2_Drawer7 07-Aug-2025 12-51-45,E7,nfuA,VC_2720,"Conserved hypothetical protein; Involved in iron-sulfur cluster biogenesis. Binds a 4Fe-4S cluster, can transfer this cluster to apoproteins, and thereby intervenes in the maturation of Fe/S proteins. Could also act as a scaffold/chaperone for damaged Fe/S proteins.",6.557737,2.9928918,Unclassified,#ff00c3
Plate2_Drawer7 07-Aug-2025 12-51-45,E8,groS2,VC_A0819,"Chaperonin, 10 Kd subunit; Binds to Cpn60 in the presence of Mg-ATP and suppresses the ATPase activity of the latter.",11.460512,11.909141,Unclassified,#ff00c3
Plate2_Drawer7 07-Aug-2025 12-51-45,E9,potD1,VC_1424,"Spermidine/putrescine ABC transporter, periplasmic spermidine/putrescine-binding protein; Required for the activity of the bacterial periplasmic transport system of putrescine; Belongs to the bacterial solute-binding protein PotD/PotF family.",10.595357,1.9307109,Polyamine Import,#14f7f0
Plate2_Drawer7 07-Aug-2025 12-51-45,F1,bioF,VC_1113,"8-amino-7-oxononanoate synthase; Catalyzes the decarboxylative condensation of pimeloyl-[acyl- carrier protein] and L-alanine to produce 8-amino-7-oxononanoate (AON), [acyl-carrier protein], and carbon dioxide.",4.705704,-5.0963106,Biotin Biosynthesis,#ff9f1c
Plate2_Drawer7 07-Aug-2025 12-51-45,F10,WT,WT,,8.5037985,10.247663,WT,#000000
Plate2_Drawer7 07-Aug-2025 12-51-45,F2,flgO,VC_2207,Hypothetical protein; Identified by Glimmer2; putative.,9.929022,1.8569089,Motility,#ff0004
Plate2_Drawer7 07-Aug-2025 12-51-45,F3,hslO,VC_2736,Conserved hypothetical protein; Redox regulated molecular chaperone. Protects both thermally unfolding and oxidatively damaged proteins from irreversible aggregation. Plays an important role in the bacterial defense system toward oxidative stress.,8.791817,8.39523,Unclassified,#ff00c3
Plate2_Drawer7 07-Aug-2025 12-51-45,F4,bioC,VC_1114,Biotin synthesis protein BioC; Converts the free carboxyl group of a malonyl-thioester to its methyl ester by transfer of a methyl group from S-adenosyl-L- methionine (SAM). It allows to synthesize pimeloyl-ACP via the fatty acid synthetic pathway.,4.8955092,-5.316651,Biotin Biosynthesis,#ff9f1c
Plate2_Drawer7 07-Aug-2025 12-51-45,F5,dnaN,VC_0013,"DNA polymerase III, beta chain; Confers DNA tethering and processivity to DNA polymerases and other proteins. Acts as a clamp, forming a ring around DNA (a reaction catalyzed by the clamp-loading complex) which diffuses in an ATP- independent manner freely and bidirectionally along dsDNA. Initially characterized for its ability to contact the catalytic subunit of DNA polymerase III (Pol III), a complex, multichain enzyme responsible for most of the replicative synthesis in bacteria; Pol III exhibits 3'-5' exonuclease proofreading activity. The beta chain is required for initiation of r [...] ",9.8533745,8.4518175,Unclassified,#ff00c3
Plate2_Drawer7 07-Aug-2025 12-51-45,F6,mutH,VC_0668,DNA mismatch repair protein MutH; Sequence-specific endonuclease that cleaves unmethylated GATC sequences. It is involved in DNA mismatch repair; Belongs to the MutH family.,7.5673475,7.6251006,Unclassified,#ff00c3
Plate2_Drawer7 07-Aug-2025 12-51-45,F7,pabC,VC_2018,"4-amino-4-deoxychorismate lyase; Involved in the biosynthesis of p-aminobenzoate (PABA), a precursor of tetrahydrofolate. Converts 4-amino-4-deoxychorismate into 4-aminobenzoate (PABA) and pyruvate (By similarity).",8.254579,5.5281334,Unclassified,#ff00c3
Plate2_Drawer7 07-Aug-2025 12-51-45,F8,lexA,VC_0092,"LexA repressor; Represses a number of genes involved in the response to DNA damage (SOS response), including recA and lexA. In the presence of single-stranded DNA, RecA interacts with LexA causing an autocatalytic cleavage which disrupts the DNA-binding part of LexA, leading to derepression of the SOS regulon and eventually DNA repair.",9.352085,5.1855817,Unclassified,#ff00c3
Plate2_Drawer7 07-Aug-2025 12-51-45,F9,VC_2271,VC_2271,"Riboflavin-specific deaminase; Converts 2,5-diamino-6-(ribosylamino)-4(3h)-pyrimidinone 5'- phosphate into 5-amino-6-(ribosylamino)-2,4(1h,3h)-pyrimidinedione 5'- phosphate; In the C-terminal section; belongs to the HTP reductase family.",9.477537,4.507796,Unclassified,#ff00c3
Plate2_Drawer7 22-Jul-2025 11-36-38,A1,flgK,VC_2191,Flagellar hook-associated protein FlgM; Similar to PID:2443633; identified by sequence similarity; putative. HOOK FILSMENT JUNCTION,9.648791,-1.683236,Motility,#ff0004
Plate2_Drawer7 22-Jul-2025 11-36-38,A10,VC_2523,VC_2523,Conserved hypothetical protein; Identified by Glimmer2; putative.,10.366427,7.8318553,Unclassified,#ff00c3
Plate2_Drawer7 22-Jul-2025 11-36-38,A11,fliR,VC_2121,Flagellar biosynthetic protein FliR; Role in flagellar biosynthesis. Belongs to the FliR/MopE/SpaR family.,9.226478,-1.2795424,Motility,#ff0004
Plate2_Drawer7 22-Jul-2025 11-36-38,A12,argR,VC_0431,Arginine repressor; Regulates arginine biosynthesis genes.,8.177305,6.030482,Unclassified,#ff00c3
Plate2_Drawer7 22-Jul-2025 11-36-38,A2,flrB,VC_2136,Sensory box sensor histidine kinase; Similar to PID:2338728; identified by sequence similarity; putative.,9.282311,-0.2812975,Motility,#ff0004
Plate2_Drawer7 22-Jul-2025 11-36-38,A3,rjg,VC_0264,Conserved hypothetical protein; Identified by Glimmer2; putative.,9.512621,9.961016,Unclassified,#ff00c3
Plate2_Drawer7 22-Jul-2025 11-36-38,A4,fliA,VC_2066,RNA polymerase sigma factor for flagellar operon FliA; Sigma factors are initiation factors that promote the attachment of RNA polymerase to specific initiation sites and are then released. This sigma factor controls the expression of flagella-related genes; Belongs to the sigma-70 factor family. FliA subfamily.,10.2435465,-1.1193799,Motility,#ff0004
Plate2_Drawer7 22-Jul-2025 11-36-38,A5,flgM,VC_2204,"Negative regulator of flagellin synthesis FlgM, putative; Similar to GB:L14437 SP:P39809 PID:451869 PID:1762336 GB:AL009126; identified by sequence similarity; putative.",9.941385,9.655733,Motility,#ff0004
Plate2_Drawer7 22-Jul-2025 11-36-38,A6,flrA,VC_2137,Sigma-54 dependent transcriptional activator; Similar to PID:2338727; identified by sequence similarity; putative.,10.122457,-1.1282946,Motility,#ff0004
Plate2_Drawer7 22-Jul-2025 11-36-38,A7,VC_1291,VC_1291,Conserved hypothetical protein; Identified by Glimmer2; putative.,10.645999,6.561985,Unclassified,#ff00c3
Plate2_Drawer7 22-Jul-2025 11-36-38,A8,thiI,VC_0894,"Thiamin biosynthesis protein ThiI; Catalyzes the ATP-dependent transfer of a sulfur to tRNA to produce 4-thiouridine in position 8 of tRNAs, which functions as a near-UV photosensor. Also catalyzes the transfer of sulfur to the sulfur carrier protein ThiS, forming ThiS-thiocarboxylate. This is a step in the synthesis of thiazole, in the thiamine biosynthesis pathway. The sulfur is donated as persulfide by IscS.",6.599542,2.4525757,Unclassified,#ff00c3
Plate2_Drawer7 22-Jul-2025 11-36-38,A9,flhB,VC_2120,"Flagellar biosynthetic protein FlhB; Required for formation of the rod structure in the basal body of the flagellar apparatus. Together with FliI and FliH, may constitute the export apparatus of flagellin; Belongs to the type III secretion exporter family.",9.938825,-1.6928983,Motility,#ff0004
Plate2_Drawer7 22-Jul-2025 11-36-38,B1,aroE,VC_0056,"Shikimate 5-dehydrogenase; Involved in the biosynthesis of the chorismate, which leads to the biosynthesis of aromatic amino acids. Catalyzes the reversible NADPH linked reduction of 3-dehydroshikimate (DHSA) to yield shikimate (SA).",9.449668,7.3635373,Unclassified,#ff00c3
Plate2_Drawer7 22-Jul-2025 11-36-38,B10,wbeN,VC_0251,Acyl protein synthase/acyl-CoA reductase RfbN; Similar to GB:X59554 PID:48393; identified by sequence similarity; putative.,7.454501,3.7847,O-Antigen Biosynthesis,#0096ff
Plate2_Drawer7 22-Jul-2025 11-36-38,B11,wbeL,VC_0249,rfbL protein; Similar to GB:X59554 PID:48391; identified by sequence similarity; putative.,7.5228744,-0.46628076,O-Antigen Biosynthesis,#0096ff
Plate2_Drawer7 22-Jul-2025 11-36-38,B12,pstB1,VC_0726,"Phosphate ABC transporter, ATP-binding protein; Part of the ABC transporter complex PstSACB involved in phosphate import. Responsible for energy coupling to the transport system; Belongs to the ABC transporter superfamily. Phosphate importer (TC 3.A.1.7) family.",8.430641,9.234012,Unclassified,#ff00c3
Plate2_Drawer7 22-Jul-2025 11-36-38,B4,VC_A0146,VC_A0146,Conserved hypothetical protein; Identified by Glimmer2; putative.,10.564118,1.2884908,Unclassified,#ff00c3
Plate2_Drawer7 22-Jul-2025 11-36-38,B5,VC_0289,VC_0289,Gluconate utilization system gnt-I transcriptional repressor; Similar to PID:1304069; identified by sequence similarity; putative.,8.757112,8.950188,Unclassified,#ff00c3
Plate2_Drawer7 22-Jul-2025 11-36-38,B6,VC_A0005,VC_A0005,Hypothetical protein; Identified by Glimmer2; putative.,9.3372345,8.088765,Unclassified,#ff00c3
Plate2_Drawer7 22-Jul-2025 11-36-38,B8,mltF,VC_0866,"Transglycosylase, Slt family; Murein-degrading enzyme that degrades murein glycan strands and insoluble, high-molecular weight murein sacculi, with the concomitant formation of a 1,6-anhydromuramoyl product. Lytic transglycosylases (LTs) play an integral role in the metabolism of the peptidoglycan (PG) sacculus. Their lytic action creates space within the PG sacculus to allow for its expansion as well as for the insertion of various structures such as secretion systems and flagella. In the N-terminal section; belongs to the bacterial solute- binding protein 3 family.",9.7620125,5.9859676,Unclassified,#ff00c3
Plate2_Drawer7 22-Jul-2025 11-36-38,B9,VC_A0726,VC_A0726,"Molybdenum ABC transporter, periplasmic molybdenum-binding protein; Similar to GB:L34009 SP:P37329 PID:504498 PID:973214 PID:1147817; identified by sequence similarity; putative.",7.7881203,6.5970697,Unclassified,#ff00c3
Plate2_Drawer7 22-Jul-2025 11-36-38,C1,VC_1885,VC_1885,Hypothetical protein; Identified by Glimmer2; putative.,2.8017635,6.2936583,Unclassified,#ff00c3
Plate2_Drawer7 22-Jul-2025 11-36-38,C10,flgF,VC_2196,Flagellar basal-body rod protein FlgF; Similar to GB:U00096 SP:P75938 PID:1787317; identified by sequence similarity; putative; Belongs to the flagella basal body rod proteins family.,10.642876,-1.5269063,Motility,#ff0004
Plate2_Drawer7 22-Jul-2025 11-36-38,C11,VC_2441,VC_2441,Conserved hypothetical protein; Identified by Glimmer2; putative.,10.005499,7.2570615,Unclassified,#ff00c3
Plate2_Drawer7 22-Jul-2025 11-36-38,C12,VC_1710,VC_1710,Conserved hypothetical protein; Identified by Glimmer2; putative.,11.040194,11.33583,Unclassified,#ff00c3
Plate2_Drawer7 22-Jul-2025 11-36-38,C3,VC_1359,VC_1359,"Amino acid ABC transporter, ATP-binding protein; Similar to PID:1154897; identified by sequence similarity; putative.",5.024621,-4.2622013,Unclassified,#ff00c3
Plate2_Drawer7 22-Jul-2025 11-36-38,C4,VC_A0328,VC_A0328,"Biphenyl-2,3-diol 1,2-dioxygenase III-related protein; Similar to GB:X75635 SP:P47233 PID:473121; identified by sequence similarity; putative.",9.821966,8.697783,Unclassified,#ff00c3
Plate2_Drawer7 22-Jul-2025 11-36-38,C5,VC_1350,VC_1350,"Antioxidant, putative; Thiol-specific peroxidase that catalyzes the reduction of hydrogen peroxide and organic hydroperoxides to water and alcohols, respectively. Plays a role in cell protection against oxidative stress by detoxifying peroxides; Belongs to the peroxiredoxin family. Prx5 subfamily.",10.863657,9.494743,Unclassified,#ff00c3
Plate2_Drawer7 22-Jul-2025 11-36-38,C6,manB,VC_0242,Phosphomannomutase; Involved in GDP-mannose biosynthesis which serves as the activated sugar nucleotide precursor for mannose residues in cell surface polysaccharides; Belongs to the phosphohexose mutase family.,8.723394,4.522469,O-Antigen Biosynthesis,#0096ff
Plate2_Drawer7 22-Jul-2025 11-36-38,C7,mrcA,VC_2635,Penicillin-binding protein 1A; Cell wall formation. Synthesis of cross-linked peptidoglycan from the lipid intermediates. The enzyme has a penicillin-insensitive transglycosylase N-terminal domain (formation of linear glycan strands) and a penicillin-sensitive transpeptidase C-terminal domain (cross- linking of the peptide subunits).,7.1476693,-0.4809933,Unclassified,#ff00c3
Plate2_Drawer7 22-Jul-2025 11-36-38,C8,VC_A0079,VC_A0079,Conserved hypothetical protein; Identified by Glimmer2; putative.,10.737049,-2.1248598,Unclassified,#ff00c3
Plate2_Drawer7 22-Jul-2025 11-36-38,C9,potA,VC_1428,"Spermidine/putrescine ABC transporter, ATP-binding protein; Part of the ABC transporter complex PotABCD involved in spermidine/putrescine import. Responsible for energy coupling to the transport system; Belongs to the ABC transporter superfamily. Spermidine/putrescine importer (TC 3.A.1.11.1) family.",10.813716,1.4237591,Polyamine Import,#14f7f0
Plate2_Drawer7 22-Jul-2025 11-36-38,D1,VC_A0340,VC_A0340,Hypothetical protein; Identified by Glimmer2; putative.,8.394922,9.009283,Unclassified,#ff00c3
Plate2_Drawer7 22-Jul-2025 11-36-38,D10,bioD,VC_1115,"Dethiobiotin synthetase; Catalyzes a mechanistically unusual reaction, the ATP- dependent insertion of CO2 between the N7 and N8 nitrogen atoms of 7,8- diaminopelargonic acid (DAPA) to form an ureido ring.",4.552703,-5.4080153,Biotin Biosynthesis,#ff9f1c
Plate2_Drawer7 22-Jul-2025 11-36-38,D11,flaA,VC_2188,Flagellin core protein A; Flagellin is the subunit protein which polymerizes to form the filaments of bacterial flagella. FlaA is required to form a core or scaffold into which the other flagellins are inserted to provide structural integrity. Essential for flagellar synthesis and motility; important for full virulence.,10.675158,-2.176952,Motility,#ff0004
Plate2_Drawer7 22-Jul-2025 11-36-38,D12,wavL,VC_0239,Conserved hypothetical protein; Identified by Glimmer2; putative.,4.951193,0.51110566,O-Antigen Biosynthesis,#0096ff
Plate2_Drawer7 22-Jul-2025 11-36-38,D2,VC_0745,VC_0745,Inositol monophosphate family protein; Similar to GB:M34828 SP:P22783 PID:147899 GB:U00096 PID:1788882; identified by sequence similarity; putative; Belongs to the inositol monophosphatase superfamily.,9.529236,5.629434,Unclassified,#ff00c3
Plate2_Drawer7 22-Jul-2025 11-36-38,D3,VC_2485,VC_2485,"Transcriptional regulator, LysR family; Similar to GB:D10483 SP:P10151 GB:M21150 PID:1128961 PID:146605; identified by sequence similarity; putative; Belongs to the LysR transcriptional regulatory family.",9.742504,1.5881099,Unclassified,#ff00c3
Plate2_Drawer7 22-Jul-2025 11-36-38,D4,rimO,VC_2620,Conserved hypothetical protein; Catalyzes the methylthiolation of an aspartic acid residue of ribosomal protein S12; Belongs to the methylthiotransferase family. RimO subfamily.,10.811991,11.1262665,Unclassified,#ff00c3
Plate2_Drawer7 22-Jul-2025 11-36-38,D5,bioA,VC_1111,"Adenosylmethionine-8-amino-7-oxononanoate aminotransferase; Catalyzes the transfer of the alpha-amino group from S- adenosyl-L-methionine (SAM) to 7-keto-8-aminopelargonic acid (KAPA) to form 7,8-diaminopelargonic acid (DAPA). It is the only animotransferase known to utilize SAM as an amino donor; Belongs to the class-III pyridoxal-phosphate-dependent aminotransferase family. BioA subfamily.",4.5466475,-5.3398247,Biotin Biosynthesis,#ff9f1c
Plate2_Drawer7 22-Jul-2025 11-36-38,D6,wbeT,VC_0259,Lipopolysaccharide biosynthesis protein RfbV; Similar to GB:X59554 PID:48400 PID:1929424; identified by sequence similarity; putative.,4.8196197,-4.309822,O-Antigen Biosynthesis,#0096ff
Plate2_Drawer7 22-Jul-2025 11-36-38,D7,VC_0929,VC_0929,Hypothetical protein; Identified by Glimmer2; putative.,10.8788595,5.738109,Unclassified,#ff00c3
Plate2_Drawer7 22-Jul-2025 11-36-38,D8,flgT,VC_2208,Hypothetical protein; Identified by Glimmer2; putative.,10.898049,-1.7599082,Motility,#ff0004
Plate2_Drawer7 22-Jul-2025 11-36-38,D9,glyA1,VC_0941,"Serine hydroxymethyltransferase; Catalyzes the reversible interconversion of serine and glycine with tetrahydrofolate (THF) serving as the one-carbon carrier. This reaction serves as the major source of one-carbon groups required for the biosynthesis of purines, thymidylate, methionine, and other important biomolecules. Also exhibits THF-independent aldolase activity toward beta-hydroxyamino acids, producing glycine and aldehydes, via a retro-aldol mechanism.",6.197661,1.5838218,Unclassified,#ff00c3
Plate2_Drawer7 22-Jul-2025 11-36-38,E1,VC_1003,VC_1003,Bacteriocin production protein; Similar to GB:J01666 SP:P08550 PID:146367 PID:147415 GB:U00096; identified by sequence similarity; putative.,5.165358,0.58255416,Unclassified,#ff00c3
Plate2_Drawer7 22-Jul-2025 11-36-38,E10,flgA,VC_2203,"Flagellar protein, putative; Similar to PID:1272364; identified by sequence similarity; putative.",11.682277,4.8755846,Motility,#ff0004
Plate2_Drawer7 22-Jul-2025 11-36-38,E11,VC_A0187,VC_A0187,Hypothetical protein; Identified by Glimmer2; putative.,9.923545,6.7527475,Unclassified,#ff00c3
Plate2_Drawer7 22-Jul-2025 11-36-38,E12,VC_1652,VC_1652,Response regulator VieA; Similar to GP:3123891; identified by sequence similarity; putative.,9.504295,9.560293,Unclassified,#ff00c3
Plate2_Drawer7 22-Jul-2025 11-36-38,E2,fliL,VC_2130,Flagellum-specific ATP synthase FliI; Similar to PID:1071643 SP:P52612 GB:U00096 PID:1736607 PID:1788251; identified by sequence similarity; putative.,10.740337,-1.8096559,Motility,#ff0004
Plate2_Drawer7 22-Jul-2025 11-36-38,E3,pdhE2,VC_2413,"Pyruvate dehydrogenase, E2 component, dihydrolipoamide acetyltransferase; The pyruvate dehydrogenase complex catalyzes the overall conversion of pyruvate to acetyl-CoA and CO(2).",5.1314507,0.93908644,Pyruvate Flux,#39ff14
Plate2_Drawer7 22-Jul-2025 11-36-38,E4,VC_0134,VC_0134,Conserved hypothetical protein; Identified by Glimmer2; putative.,11.405682,11.692254,Unclassified,#ff00c3
Plate2_Drawer7 22-Jul-2025 11-36-38,E5,grx,VC_1146,Glutaredoxin 1; Has a glutathione-disulfide oxidoreductase activity in the presence of NADPH and glutathione reductase. Reduces low molecular weight disulfides and proteins (By similarity).,9.501784,11.074816,Unclassified,#ff00c3
Plate2_Drawer7 22-Jul-2025 11-36-38,E6,cheW,VC_2059,Purine-binding chemotaxis protein CheW; Similar to GB:M13462 SP:P07365 PID:145520 GB:U00096 PID:1736540; identified by sequence similarity; putative.,11.404203,4.068661,Motility,#ff0004
Plate2_Drawer7 22-Jul-2025 11-36-38,E7,nfuA,VC_2720,"Conserved hypothetical protein; Involved in iron-sulfur cluster biogenesis. Binds a 4Fe-4S cluster, can transfer this cluster to apoproteins, and thereby intervenes in the maturation of Fe/S proteins. Could also act as a scaffold/chaperone for damaged Fe/S proteins.",6.990356,3.3396242,Unclassified,#ff00c3
Plate2_Drawer7 22-Jul-2025 11-36-38,E8,groS2,VC_A0819,"Chaperonin, 10 Kd subunit; Binds to Cpn60 in the presence of Mg-ATP and suppresses the ATPase activity of the latter.",8.867721,9.983652,Unclassified,#ff00c3
Plate2_Drawer7 22-Jul-2025 11-36-38,E9,potD1,VC_1424,"Spermidine/putrescine ABC transporter, periplasmic spermidine/putrescine-binding protein; Required for the activity of the bacterial periplasmic transport system of putrescine; Belongs to the bacterial solute-binding protein PotD/PotF family.",10.786652,1.6044618,Polyamine Import,#14f7f0
Plate2_Drawer7 22-Jul-2025 11-36-38,F1,bioF,VC_1113,"8-amino-7-oxononanoate synthase; Catalyzes the decarboxylative condensation of pimeloyl-[acyl- carrier protein] and L-alanine to produce 8-amino-7-oxononanoate (AON), [acyl-carrier protein], and carbon dioxide.",4.710683,-5.6832733,Biotin Biosynthesis,#ff9f1c
Plate2_Drawer7 22-Jul-2025 11-36-38,F10,WT,WT,,7.305772,8.096635,WT,#000000
Plate2_Drawer7 22-Jul-2025 11-36-38,F2,flgO,VC_2207,Hypothetical protein; Identified by Glimmer2; putative.,10.854166,1.3468351,Motility,#ff0004
Plate2_Drawer7 22-Jul-2025 11-36-38,F3,hslO,VC_2736,Conserved hypothetical protein; Redox regulated molecular chaperone. Protects both thermally unfolding and oxidatively damaged proteins from irreversible aggregation. Plays an important role in the bacterial defense system toward oxidative stress.,9.786078,8.347405,Unclassified,#ff00c3
Plate2_Drawer7 22-Jul-2025 11-36-38,F4,bioC,VC_1114,Biotin synthesis protein BioC; Converts the free carboxyl group of a malonyl-thioester to its methyl ester by transfer of a methyl group from S-adenosyl-L- methionine (SAM). It allows to synthesize pimeloyl-ACP via the fatty acid synthetic pathway.,4.8175178,-5.9449315,Biotin Biosynthesis,#ff9f1c
Plate2_Drawer7 22-Jul-2025 11-36-38,F5,dnaN,VC_0013,"DNA polymerase III, beta chain; Confers DNA tethering and processivity to DNA polymerases and other proteins. Acts as a clamp, forming a ring around DNA (a reaction catalyzed by the clamp-loading complex) which diffuses in an ATP- independent manner freely and bidirectionally along dsDNA. Initially characterized for its ability to contact the catalytic subunit of DNA polymerase III (Pol III), a complex, multichain enzyme responsible for most of the replicative synthesis in bacteria; Pol III exhibits 3'-5' exonuclease proofreading activity. The beta chain is required for initiation of r [...] ",11.087068,6.049692,Unclassified,#ff00c3
Plate2_Drawer7 22-Jul-2025 11-36-38,F6,mutH,VC_0668,DNA mismatch repair protein MutH; Sequence-specific endonuclease that cleaves unmethylated GATC sequences. It is involved in DNA mismatch repair; Belongs to the MutH family.,9.940736,9.278635,Unclassified,#ff00c3
Plate2_Drawer7 22-Jul-2025 11-36-38,F7,pabC,VC_2018,"4-amino-4-deoxychorismate lyase; Involved in the biosynthesis of p-aminobenzoate (PABA), a precursor of tetrahydrofolate. Converts 4-amino-4-deoxychorismate into 4-aminobenzoate (PABA) and pyruvate (By similarity).",7.2934723,6.3154817,Unclassified,#ff00c3
Plate2_Drawer7 22-Jul-2025 11-36-38,F8,lexA,VC_0092,"LexA repressor; Represses a number of genes involved in the response to DNA damage (SOS response), including recA and lexA. In the presence of single-stranded DNA, RecA interacts with LexA causing an autocatalytic cleavage which disrupts the DNA-binding part of LexA, leading to derepression of the SOS regulon and eventually DNA repair.",10.009026,4.5143437,Unclassified,#ff00c3
Plate2_Drawer7 22-Jul-2025 11-36-38,F9,VC_2271,VC_2271,"Riboflavin-specific deaminase; Converts 2,5-diamino-6-(ribosylamino)-4(3h)-pyrimidinone 5'- phosphate into 5-amino-6-(ribosylamino)-2,4(1h,3h)-pyrimidinedione 5'- phosphate; In the C-terminal section; belongs to the HTP reductase family.",10.608678,4.8812675,Unclassified,#ff00c3
Plate2_Drawer7 25-Aug-2025 13-08-37,A1,flgK,VC_2191,Flagellar hook-associated protein FlgM; Similar to PID:2443633; identified by sequence similarity; putative. HOOK FILSMENT JUNCTION,9.831649,6.5359344,Motility,#ff0004
Plate2_Drawer7 25-Aug-2025 13-08-37,A10,VC_2523,VC_2523,Conserved hypothetical protein; Identified by Glimmer2; putative.,8.96394,8.204414,Unclassified,#ff00c3
Plate2_Drawer7 25-Aug-2025 13-08-37,A11,fliR,VC_2121,Flagellar biosynthetic protein FliR; Role in flagellar biosynthesis. Belongs to the FliR/MopE/SpaR family.,8.984259,-1.3363227,Motility,#ff0004
Plate2_Drawer7 25-Aug-2025 13-08-37,A12,argR,VC_0431,Arginine repressor; Regulates arginine biosynthesis genes.,8.904753,7.167505,Unclassified,#ff00c3
Plate2_Drawer7 25-Aug-2025 13-08-37,A2,flrB,VC_2136,Sensory box sensor histidine kinase; Similar to PID:2338728; identified by sequence similarity; putative.,9.207889,-0.29750788,Motility,#ff0004
Plate2_Drawer7 25-Aug-2025 13-08-37,A3,rjg,VC_0264,Conserved hypothetical protein; Identified by Glimmer2; putative.,9.973043,10.573299,Unclassified,#ff00c3
Plate2_Drawer7 25-Aug-2025 13-08-37,A4,fliA,VC_2066,RNA polymerase sigma factor for flagellar operon FliA; Sigma factors are initiation factors that promote the attachment of RNA polymerase to specific initiation sites and are then released. This sigma factor controls the expression of flagella-related genes; Belongs to the sigma-70 factor family. FliA subfamily.,10.536077,-1.395825,Motility,#ff0004
Plate2_Drawer7 25-Aug-2025 13-08-37,A5,flgM,VC_2204,"Negative regulator of flagellin synthesis FlgM, putative; Similar to GB:L14437 SP:P39809 PID:451869 PID:1762336 GB:AL009126; identified by sequence similarity; putative.",10.565231,8.645431,Motility,#ff0004
Plate2_Drawer7 25-Aug-2025 13-08-37,A6,flrA,VC_2137,Sigma-54 dependent transcriptional activator; Similar to PID:2338727; identified by sequence similarity; putative.,10.235782,-1.1370316,Motility,#ff0004
Plate2_Drawer7 25-Aug-2025 13-08-37,A7,VC_1291,VC_1291,Conserved hypothetical protein; Identified by Glimmer2; putative.,9.642435,6.5300727,Unclassified,#ff00c3
Plate2_Drawer7 25-Aug-2025 13-08-37,A8,thiI,VC_0894,"Thiamin biosynthesis protein ThiI; Catalyzes the ATP-dependent transfer of a sulfur to tRNA to produce 4-thiouridine in position 8 of tRNAs, which functions as a near-UV photosensor. Also catalyzes the transfer of sulfur to the sulfur carrier protein ThiS, forming ThiS-thiocarboxylate. This is a step in the synthesis of thiazole, in the thiamine biosynthesis pathway. The sulfur is donated as persulfide by IscS.",8.808352,9.93906,Unclassified,#ff00c3
Plate2_Drawer7 25-Aug-2025 13-08-37,A9,flhB,VC_2120,"Flagellar biosynthetic protein FlhB; Required for formation of the rod structure in the basal body of the flagellar apparatus. Together with FliI and FliH, may constitute the export apparatus of flagellin; Belongs to the type III secretion exporter family.",8.977512,-1.0126784,Motility,#ff0004
Plate2_Drawer7 25-Aug-2025 13-08-37,B1,aroE,VC_0056,"Shikimate 5-dehydrogenase; Involved in the biosynthesis of the chorismate, which leads to the biosynthesis of aromatic amino acids. Catalyzes the reversible NADPH linked reduction of 3-dehydroshikimate (DHSA) to yield shikimate (SA).",8.327946,9.739836,Unclassified,#ff00c3
Plate2_Drawer7 25-Aug-2025 13-08-37,B10,wbeN,VC_0251,Acyl protein synthase/acyl-CoA reductase RfbN; Similar to GB:X59554 PID:48393; identified by sequence similarity; putative.,9.047644,4.788433,O-Antigen Biosynthesis,#0096ff
Plate2_Drawer7 25-Aug-2025 13-08-37,B11,wbeL,VC_0249,rfbL protein; Similar to GB:X59554 PID:48391; identified by sequence similarity; putative.,2.5208359,-0.83798045,O-Antigen Biosynthesis,#0096ff
Plate2_Drawer7 25-Aug-2025 13-08-37,B12,pstB1,VC_0726,"Phosphate ABC transporter, ATP-binding protein; Part of the ABC transporter complex PstSACB involved in phosphate import. Responsible for energy coupling to the transport system; Belongs to the ABC transporter superfamily. Phosphate importer (TC 3.A.1.7) family.",7.790474,9.410206,Unclassified,#ff00c3
Plate2_Drawer7 25-Aug-2025 13-08-37,B4,VC_A0146,VC_A0146,Conserved hypothetical protein; Identified by Glimmer2; putative.,11.028235,5.6107483,Unclassified,#ff00c3
Plate2_Drawer7 25-Aug-2025 13-08-37,B5,VC_0289,VC_0289,Gluconate utilization system gnt-I transcriptional repressor; Similar to PID:1304069; identified by sequence similarity; putative.,8.588979,10.305409,Unclassified,#ff00c3
Plate2_Drawer7 25-Aug-2025 13-08-37,B6,VC_A0005,VC_A0005,Hypothetical protein; Identified by Glimmer2; putative.,9.276964,9.447177,Unclassified,#ff00c3
Plate2_Drawer7 25-Aug-2025 13-08-37,B8,mltF,VC_0866,"Transglycosylase, Slt family; Murein-degrading enzyme that degrades murein glycan strands and insoluble, high-molecular weight murein sacculi, with the concomitant formation of a 1,6-anhydromuramoyl product. Lytic transglycosylases (LTs) play an integral role in the metabolism of the peptidoglycan (PG) sacculus. Their lytic action creates space within the PG sacculus to allow for its expansion as well as for the insertion of various structures such as secretion systems and flagella. In the N-terminal section; belongs to the bacterial solute- binding protein 3 family.",7.509346,4.9588485,Unclassified,#ff00c3
Plate2_Drawer7 25-Aug-2025 13-08-37,B9,VC_A0726,VC_A0726,"Molybdenum ABC transporter, periplasmic molybdenum-binding protein; Similar to GB:L34009 SP:P37329 PID:504498 PID:973214 PID:1147817; identified by sequence similarity; putative.",8.224175,7.3463054,Unclassified,#ff00c3
Plate2_Drawer7 25-Aug-2025 13-08-37,C1,VC_1885,VC_1885,Hypothetical protein; Identified by Glimmer2; putative.,2.8546698,6.3472743,Unclassified,#ff00c3
Plate2_Drawer7 25-Aug-2025 13-08-37,C10,flgF,VC_2196,Flagellar basal-body rod protein FlgF; Similar to GB:U00096 SP:P75938 PID:1787317; identified by sequence similarity; putative; Belongs to the flagella basal body rod proteins family.,8.285289,0.27654302,Motility,#ff0004
Plate2_Drawer7 25-Aug-2025 13-08-37,C11,VC_2441,VC_2441,Conserved hypothetical protein; Identified by Glimmer2; putative.,8.357957,6.4137177,Unclassified,#ff00c3
Plate2_Drawer7 25-Aug-2025 13-08-37,C12,VC_1710,VC_1710,Conserved hypothetical protein; Identified by Glimmer2; putative.,9.388847,9.667797,Unclassified,#ff00c3
Plate2_Drawer7 25-Aug-2025 13-08-37,C2,aroQ,VC_0297,3-dehydroquinate dehydratase; Catalyzes a trans-dehydration via an enolate intermediate. Belongs to the type-II 3-dehydroquinase family.,5.8569064,2.7871792,Unclassified,#ff00c3
Plate2_Drawer7 25-Aug-2025 13-08-37,C3,VC_1359,VC_1359,"Amino acid ABC transporter, ATP-binding protein; Similar to PID:1154897; identified by sequence similarity; putative.",5.0726886,-4.339388,Unclassified,#ff00c3
Plate2_Drawer7 25-Aug-2025 13-08-37,C4,VC_A0328,VC_A0328,"Biphenyl-2,3-diol 1,2-dioxygenase III-related protein; Similar to GB:X75635 SP:P47233 PID:473121; identified by sequence similarity; putative.",9.547486,8.490909,Unclassified,#ff00c3
Plate2_Drawer7 25-Aug-2025 13-08-37,C5,VC_1350,VC_1350,"Antioxidant, putative; Thiol-specific peroxidase that catalyzes the reduction of hydrogen peroxide and organic hydroperoxides to water and alcohols, respectively. Plays a role in cell protection against oxidative stress by detoxifying peroxides; Belongs to the peroxiredoxin family. Prx5 subfamily.",10.572952,8.194231,Unclassified,#ff00c3
Plate2_Drawer7 25-Aug-2025 13-08-37,C6,manB,VC_0242,Phosphomannomutase; Involved in GDP-mannose biosynthesis which serves as the activated sugar nucleotide precursor for mannose residues in cell surface polysaccharides; Belongs to the phosphohexose mutase family.,9.954869,4.2371325,O-Antigen Biosynthesis,#0096ff
Plate2_Drawer7 25-Aug-2025 13-08-37,C7,mrcA,VC_2635,Penicillin-binding protein 1A; Cell wall formation. Synthesis of cross-linked peptidoglycan from the lipid intermediates. The enzyme has a penicillin-insensitive transglycosylase N-terminal domain (formation of linear glycan strands) and a penicillin-sensitive transpeptidase C-terminal domain (cross- linking of the peptide subunits).,8.877427,1.5706253,Unclassified,#ff00c3
Plate2_Drawer7 25-Aug-2025 13-08-37,C8,VC_A0079,VC_A0079,Conserved hypothetical protein; Identified by Glimmer2; putative.,10.228829,2.9437869,Unclassified,#ff00c3
Plate2_Drawer7 25-Aug-2025 13-08-37,C9,potA,VC_1428,"Spermidine/putrescine ABC transporter, ATP-binding protein; Part of the ABC transporter complex PotABCD involved in spermidine/putrescine import. Responsible for energy coupling to the transport system; Belongs to the ABC transporter superfamily. Spermidine/putrescine importer (TC 3.A.1.11.1) family.",9.715559,1.5774758,Polyamine Import,#14f7f0
Plate2_Drawer7 25-Aug-2025 13-08-37,D1,VC_A0340,VC_A0340,Hypothetical protein; Identified by Glimmer2; putative.,11.78837,9.529393,Unclassified,#ff00c3
Plate2_Drawer7 25-Aug-2025 13-08-37,D10,bioD,VC_1115,"Dethiobiotin synthetase; Catalyzes a mechanistically unusual reaction, the ATP- dependent insertion of CO2 between the N7 and N8 nitrogen atoms of 7,8- diaminopelargonic acid (DAPA) to form an ureido ring.",4.7785745,-5.9521465,Biotin Biosynthesis,#ff9f1c
Plate2_Drawer7 25-Aug-2025 13-08-37,D11,flaA,VC_2188,Flagellin core protein A; Flagellin is the subunit protein which polymerizes to form the filaments of bacterial flagella. FlaA is required to form a core or scaffold into which the other flagellins are inserted to provide structural integrity. Essential for flagellar synthesis and motility; important for full virulence.,8.312244,-0.30615774,Motility,#ff0004
Plate2_Drawer7 25-Aug-2025 13-08-37,D12,wavL,VC_0239,Conserved hypothetical protein; Identified by Glimmer2; putative.,3.83742,-0.2736939,O-Antigen Biosynthesis,#0096ff
Plate2_Drawer7 25-Aug-2025 13-08-37,D2,VC_0745,VC_0745,Inositol monophosphate family protein; Similar to GB:M34828 SP:P22783 PID:147899 GB:U00096 PID:1788882; identified by sequence similarity; putative; Belongs to the inositol monophosphatase superfamily.,7.625763,3.11203,Unclassified,#ff00c3
Plate2_Drawer7 25-Aug-2025 13-08-37,D3,VC_2485,VC_2485,"Transcriptional regulator, LysR family; Similar to GB:D10483 SP:P10151 GB:M21150 PID:1128961 PID:146605; identified by sequence similarity; putative; Belongs to the LysR transcriptional regulatory family.",9.925636,2.3771737,Unclassified,#ff00c3
Plate2_Drawer7 25-Aug-2025 13-08-37,D4,rimO,VC_2620,Conserved hypothetical protein; Catalyzes the methylthiolation of an aspartic acid residue of ribosomal protein S12; Belongs to the methylthiotransferase family. RimO subfamily.,10.357194,11.403661,Unclassified,#ff00c3
Plate2_Drawer7 25-Aug-2025 13-08-37,D5,bioA,VC_1111,"Adenosylmethionine-8-amino-7-oxononanoate aminotransferase; Catalyzes the transfer of the alpha-amino group from S- adenosyl-L-methionine (SAM) to 7-keto-8-aminopelargonic acid (KAPA) to form 7,8-diaminopelargonic acid (DAPA). It is the only animotransferase known to utilize SAM as an amino donor; Belongs to the class-III pyridoxal-phosphate-dependent aminotransferase family. BioA subfamily.",4.5822673,-5.428026,Biotin Biosynthesis,#ff9f1c
Plate2_Drawer7 25-Aug-2025 13-08-37,D6,wbeT,VC_0259,Lipopolysaccharide biosynthesis protein RfbV; Similar to GB:X59554 PID:48400 PID:1929424; identified by sequence similarity; putative.,4.826628,-3.961472,O-Antigen Biosynthesis,#0096ff
Plate2_Drawer7 25-Aug-2025 13-08-37,D7,VC_0929,VC_0929,Hypothetical protein; Identified by Glimmer2; putative.,10.883344,5.7446284,Unclassified,#ff00c3
Plate2_Drawer7 25-Aug-2025 13-08-37,D8,flgT,VC_2208,Hypothetical protein; Identified by Glimmer2; putative.,10.45206,-1.4475023,Motility,#ff0004
Plate2_Drawer7 25-Aug-2025 13-08-37,D9,glyA1,VC_0941,"Serine hydroxymethyltransferase; Catalyzes the reversible interconversion of serine and glycine with tetrahydrofolate (THF) serving as the one-carbon carrier. This reaction serves as the major source of one-carbon groups required for the biosynthesis of purines, thymidylate, methionine, and other important biomolecules. Also exhibits THF-independent aldolase activity toward beta-hydroxyamino acids, producing glycine and aldehydes, via a retro-aldol mechanism.",7.2843,2.8556619,Unclassified,#ff00c3
Plate2_Drawer7 25-Aug-2025 13-08-37,E1,VC_1003,VC_1003,Bacteriocin production protein; Similar to GB:J01666 SP:P08550 PID:146367 PID:147415 GB:U00096; identified by sequence similarity; putative.,5.111456,0.648039,Unclassified,#ff00c3
Plate2_Drawer7 25-Aug-2025 13-08-37,E10,flgA,VC_2203,"Flagellar protein, putative; Similar to PID:1272364; identified by sequence similarity; putative.",11.331763,4.1249475,Motility,#ff0004
Plate2_Drawer7 25-Aug-2025 13-08-37,E11,VC_A0187,VC_A0187,Hypothetical protein; Identified by Glimmer2; putative.,9.6506605,4.9104486,Unclassified,#ff00c3
Plate2_Drawer7 25-Aug-2025 13-08-37,E12,VC_1652,VC_1652,Response regulator VieA; Similar to GP:3123891; identified by sequence similarity; putative.,8.363246,8.775905,Unclassified,#ff00c3
Plate2_Drawer7 25-Aug-2025 13-08-37,E2,fliL,VC_2130,Flagellum-specific ATP synthase FliI; Similar to PID:1071643 SP:P52612 GB:U00096 PID:1736607 PID:1788251; identified by sequence similarity; putative.,7.9706826,0.44358596,Motility,#ff0004
Plate2_Drawer7 25-Aug-2025 13-08-37,E3,pdhE2,VC_2413,"Pyruvate dehydrogenase, E2 component, dihydrolipoamide acetyltransferase; The pyruvate dehydrogenase complex catalyzes the overall conversion of pyruvate to acetyl-CoA and CO(2).",4.530209,1.177578,Pyruvate Flux,#39ff14
Plate2_Drawer7 25-Aug-2025 13-08-37,E4,VC_0134,VC_0134,Conserved hypothetical protein; Identified by Glimmer2; putative.,10.92602,11.91207,Unclassified,#ff00c3
Plate2_Drawer7 25-Aug-2025 13-08-37,E5,grx,VC_1146,Glutaredoxin 1; Has a glutathione-disulfide oxidoreductase activity in the presence of NADPH and glutathione reductase. Reduces low molecular weight disulfides and proteins (By similarity).,9.869127,10.871775,Unclassified,#ff00c3
Plate2_Drawer7 25-Aug-2025 13-08-37,E6,cheW,VC_2059,Purine-binding chemotaxis protein CheW; Similar to GB:M13462 SP:P07365 PID:145520 GB:U00096 PID:1736540; identified by sequence similarity; putative.,11.415278,4.211817,Motility,#ff0004
Plate2_Drawer7 25-Aug-2025 13-08-37,E7,nfuA,VC_2720,"Conserved hypothetical protein; Involved in iron-sulfur cluster biogenesis. Binds a 4Fe-4S cluster, can transfer this cluster to apoproteins, and thereby intervenes in the maturation of Fe/S proteins. Could also act as a scaffold/chaperone for damaged Fe/S proteins.",6.830258,3.341137,Unclassified,#ff00c3
Plate2_Drawer7 25-Aug-2025 13-08-37,E8,groS2,VC_A0819,"Chaperonin, 10 Kd subunit; Binds to Cpn60 in the presence of Mg-ATP and suppresses the ATPase activity of the latter.",8.874542,10.579381,Unclassified,#ff00c3
Plate2_Drawer7 25-Aug-2025 13-08-37,E9,potD1,VC_1424,"Spermidine/putrescine ABC transporter, periplasmic spermidine/putrescine-binding protein; Required for the activity of the bacterial periplasmic transport system of putrescine; Belongs to the bacterial solute-binding protein PotD/PotF family.",10.379668,1.7622763,Polyamine Import,#14f7f0
Plate2_Drawer7 25-Aug-2025 13-08-37,F1,bioF,VC_1113,"8-amino-7-oxononanoate synthase; Catalyzes the decarboxylative condensation of pimeloyl-[acyl- carrier protein] and L-alanine to produce 8-amino-7-oxononanoate (AON), [acyl-carrier protein], and carbon dioxide.",4.9402523,-5.174159,Biotin Biosynthesis,#ff9f1c
Plate2_Drawer7 25-Aug-2025 13-08-37,F10,WT,WT,,8.991211,10.510949,WT,#000000
Plate2_Drawer7 25-Aug-2025 13-08-37,F2,flgO,VC_2207,Hypothetical protein; Identified by Glimmer2; putative.,10.518815,1.5741092,Motility,#ff0004
Plate2_Drawer7 25-Aug-2025 13-08-37,F3,hslO,VC_2736,Conserved hypothetical protein; Redox regulated molecular chaperone. Protects both thermally unfolding and oxidatively damaged proteins from irreversible aggregation. Plays an important role in the bacterial defense system toward oxidative stress.,7.4057074,6.268781,Unclassified,#ff00c3
Plate2_Drawer7 25-Aug-2025 13-08-37,F4,bioC,VC_1114,Biotin synthesis protein BioC; Converts the free carboxyl group of a malonyl-thioester to its methyl ester by transfer of a methyl group from S-adenosyl-L- methionine (SAM). It allows to synthesize pimeloyl-ACP via the fatty acid synthetic pathway.,4.8884354,-5.691499,Biotin Biosynthesis,#ff9f1c
Plate2_Drawer7 25-Aug-2025 13-08-37,F5,dnaN,VC_0013,"DNA polymerase III, beta chain; Confers DNA tethering and processivity to DNA polymerases and other proteins. Acts as a clamp, forming a ring around DNA (a reaction catalyzed by the clamp-loading complex) which diffuses in an ATP- independent manner freely and bidirectionally along dsDNA. Initially characterized for its ability to contact the catalytic subunit of DNA polymerase III (Pol III), a complex, multichain enzyme responsible for most of the replicative synthesis in bacteria; Pol III exhibits 3'-5' exonuclease proofreading activity. The beta chain is required for initiation of r [...] ",9.369331,4.849189,Unclassified,#ff00c3
Plate2_Drawer7 25-Aug-2025 13-08-37,F6,mutH,VC_0668,DNA mismatch repair protein MutH; Sequence-specific endonuclease that cleaves unmethylated GATC sequences. It is involved in DNA mismatch repair; Belongs to the MutH family.,7.499024,7.793728,Unclassified,#ff00c3
Plate2_Drawer7 25-Aug-2025 13-08-37,F7,pabC,VC_2018,"4-amino-4-deoxychorismate lyase; Involved in the biosynthesis of p-aminobenzoate (PABA), a precursor of tetrahydrofolate. Converts 4-amino-4-deoxychorismate into 4-aminobenzoate (PABA) and pyruvate (By similarity).",7.63938,3.9068794,Unclassified,#ff00c3
Plate2_Drawer7 25-Aug-2025 13-08-37,F8,lexA,VC_0092,"LexA repressor; Represses a number of genes involved in the response to DNA damage (SOS response), including recA and lexA. In the presence of single-stranded DNA, RecA interacts with LexA causing an autocatalytic cleavage which disrupts the DNA-binding part of LexA, leading to derepression of the SOS regulon and eventually DNA repair.",7.3172174,3.8988452,Unclassified,#ff00c3
Plate2_Drawer7 25-Aug-2025 13-08-37,F9,VC_2271,VC_2271,"Riboflavin-specific deaminase; Converts 2,5-diamino-6-(ribosylamino)-4(3h)-pyrimidinone 5'- phosphate into 5-amino-6-(ribosylamino)-2,4(1h,3h)-pyrimidinedione 5'- phosphate; In the C-terminal section; belongs to the HTP reductase family.",9.311369,4.2614803,Unclassified,#ff00c3
Plate2_Drawer7 25-Jul-2025 15-13-08,A1,flgK,VC_2191,Flagellar hook-associated protein FlgM; Similar to PID:2443633; identified by sequence similarity; putative. HOOK FILSMENT JUNCTION,9.85496,6.396065,Motility,#ff0004
Plate2_Drawer7 25-Jul-2025 15-13-08,A10,VC_2523,VC_2523,Conserved hypothetical protein; Identified by Glimmer2; putative.,6.8843217,5.8916874,Unclassified,#ff00c3
Plate2_Drawer7 25-Jul-2025 15-13-08,A11,fliR,VC_2121,Flagellar biosynthetic protein FliR; Role in flagellar biosynthesis. Belongs to the FliR/MopE/SpaR family.,7.8666024,0.20514528,Motility,#ff0004
Plate2_Drawer7 25-Jul-2025 15-13-08,A12,argR,VC_0431,Arginine repressor; Regulates arginine biosynthesis genes.,7.006566,5.086229,Unclassified,#ff00c3
Plate2_Drawer7 25-Jul-2025 15-13-08,A2,flrB,VC_2136,Sensory box sensor histidine kinase; Similar to PID:2338728; identified by sequence similarity; putative.,9.141033,-0.27259374,Motility,#ff0004
Plate2_Drawer7 25-Jul-2025 15-13-08,A3,rjg,VC_0264,Conserved hypothetical protein; Identified by Glimmer2; putative.,6.8690386,7.424952,Unclassified,#ff00c3
Plate2_Drawer7 25-Jul-2025 15-13-08,A4,fliA,VC_2066,RNA polymerase sigma factor for flagellar operon FliA; Sigma factors are initiation factors that promote the attachment of RNA polymerase to specific initiation sites and are then released. This sigma factor controls the expression of flagella-related genes; Belongs to the sigma-70 factor family. FliA subfamily.,8.99542,-0.06598005,Motility,#ff0004
Plate2_Drawer7 25-Jul-2025 15-13-08,A5,flgM,VC_2204,"Negative regulator of flagellin synthesis FlgM, putative; Similar to GB:L14437 SP:P39809 PID:451869 PID:1762336 GB:AL009126; identified by sequence similarity; putative.",6.946398,6.234451,Motility,#ff0004
Plate2_Drawer7 25-Jul-2025 15-13-08,A6,flrA,VC_2137,Sigma-54 dependent transcriptional activator; Similar to PID:2338727; identified by sequence similarity; putative.,9.111632,-0.24765272,Motility,#ff0004
Plate2_Drawer7 25-Jul-2025 15-13-08,A7,VC_1291,VC_1291,Conserved hypothetical protein; Identified by Glimmer2; putative.,7.5613656,6.275442,Unclassified,#ff00c3
Plate2_Drawer7 25-Jul-2025 15-13-08,A8,thiI,VC_0894,"Thiamin biosynthesis protein ThiI; Catalyzes the ATP-dependent transfer of a sulfur to tRNA to produce 4-thiouridine in position 8 of tRNAs, which functions as a near-UV photosensor. Also catalyzes the transfer of sulfur to the sulfur carrier protein ThiS, forming ThiS-thiocarboxylate. This is a step in the synthesis of thiazole, in the thiamine biosynthesis pathway. The sulfur is donated as persulfide by IscS.",6.590828,6.3719172,Unclassified,#ff00c3
Plate2_Drawer7 25-Jul-2025 15-13-08,A9,flhB,VC_2120,"Flagellar biosynthetic protein FlhB; Required for formation of the rod structure in the basal body of the flagellar apparatus. Together with FliI and FliH, may constitute the export apparatus of flagellin; Belongs to the type III secretion exporter family.",8.079485,0.1496487,Motility,#ff0004
Plate2_Drawer7 25-Jul-2025 15-13-08,B1,aroE,VC_0056,"Shikimate 5-dehydrogenase; Involved in the biosynthesis of the chorismate, which leads to the biosynthesis of aromatic amino acids. Catalyzes the reversible NADPH linked reduction of 3-dehydroshikimate (DHSA) to yield shikimate (SA).",8.803434,9.396898,Unclassified,#ff00c3
Plate2_Drawer7 25-Jul-2025 15-13-08,B10,wbeN,VC_0251,Acyl protein synthase/acyl-CoA reductase RfbN; Similar to GB:X59554 PID:48393; identified by sequence similarity; putative.,8.45657,4.3739114,O-Antigen Biosynthesis,#0096ff
Plate2_Drawer7 25-Jul-2025 15-13-08,B11,wbeL,VC_0249,rfbL protein; Similar to GB:X59554 PID:48391; identified by sequence similarity; putative.,3.379538,-0.35876372,O-Antigen Biosynthesis,#0096ff
Plate2_Drawer7 25-Jul-2025 15-13-08,B12,pstB1,VC_0726,"Phosphate ABC transporter, ATP-binding protein; Part of the ABC transporter complex PstSACB involved in phosphate import. Responsible for energy coupling to the transport system; Belongs to the ABC transporter superfamily. Phosphate importer (TC 3.A.1.7) family.",7.62475,7.5999613,Unclassified,#ff00c3
Plate2_Drawer7 25-Jul-2025 15-13-08,B4,VC_A0146,VC_A0146,Conserved hypothetical protein; Identified by Glimmer2; putative.,10.503515,2.2643628,Unclassified,#ff00c3
Plate2_Drawer7 25-Jul-2025 15-13-08,B5,VC_0289,VC_0289,Gluconate utilization system gnt-I transcriptional repressor; Similar to PID:1304069; identified by sequence similarity; putative.,8.394863,9.43589,Unclassified,#ff00c3
Plate2_Drawer7 25-Jul-2025 15-13-08,B6,VC_A0005,VC_A0005,Hypothetical protein; Identified by Glimmer2; putative.,7.612797,6.326252,Unclassified,#ff00c3
Plate2_Drawer7 25-Jul-2025 15-13-08,B8,mltF,VC_0866,"Transglycosylase, Slt family; Murein-degrading enzyme that degrades murein glycan strands and insoluble, high-molecular weight murein sacculi, with the concomitant formation of a 1,6-anhydromuramoyl product. Lytic transglycosylases (LTs) play an integral role in the metabolism of the peptidoglycan (PG) sacculus. Their lytic action creates space within the PG sacculus to allow for its expansion as well as for the insertion of various structures such as secretion systems and flagella. In the N-terminal section; belongs to the bacterial solute- binding protein 3 family.",7.1693225,4.4863586,Unclassified,#ff00c3
Plate2_Drawer7 25-Jul-2025 15-13-08,B9,VC_A0726,VC_A0726,"Molybdenum ABC transporter, periplasmic molybdenum-binding protein; Similar to GB:L34009 SP:P37329 PID:504498 PID:973214 PID:1147817; identified by sequence similarity; putative.",7.302251,6.621986,Unclassified,#ff00c3
Plate2_Drawer7 25-Jul-2025 15-13-08,C1,VC_1885,VC_1885,Hypothetical protein; Identified by Glimmer2; putative.,2.8204029,6.308269,Unclassified,#ff00c3
Plate2_Drawer7 25-Jul-2025 15-13-08,C10,flgF,VC_2196,Flagellar basal-body rod protein FlgF; Similar to GB:U00096 SP:P75938 PID:1787317; identified by sequence similarity; putative; Belongs to the flagella basal body rod proteins family.,7.959805,0.4035472,Motility,#ff0004
Plate2_Drawer7 25-Jul-2025 15-13-08,C11,VC_2441,VC_2441,Conserved hypothetical protein; Identified by Glimmer2; putative.,6.9365273,5.0729017,Unclassified,#ff00c3
Plate2_Drawer7 25-Jul-2025 15-13-08,C12,VC_1710,VC_1710,Conserved hypothetical protein; Identified by Glimmer2; putative.,8.210441,9.0328665,Unclassified,#ff00c3
Plate2_Drawer7 25-Jul-2025 15-13-08,C3,VC_1359,VC_1359,"Amino acid ABC transporter, ATP-binding protein; Similar to PID:1154897; identified by sequence similarity; putative.",5.1060348,-4.444907,Unclassified,#ff00c3
Plate2_Drawer7 25-Jul-2025 15-13-08,C4,VC_A0328,VC_A0328,"Biphenyl-2,3-diol 1,2-dioxygenase III-related protein; Similar to GB:X75635 SP:P47233 PID:473121; identified by sequence similarity; putative.",7.784004,7.699277,Unclassified,#ff00c3
Plate2_Drawer7 25-Jul-2025 15-13-08,C5,VC_1350,VC_1350,"Antioxidant, putative; Thiol-specific peroxidase that catalyzes the reduction of hydrogen peroxide and organic hydroperoxides to water and alcohols, respectively. Plays a role in cell protection against oxidative stress by detoxifying peroxides; Belongs to the peroxiredoxin family. Prx5 subfamily.",7.310279,5.9074416,Unclassified,#ff00c3
Plate2_Drawer7 25-Jul-2025 15-13-08,C6,manB,VC_0242,Phosphomannomutase; Involved in GDP-mannose biosynthesis which serves as the activated sugar nucleotide precursor for mannose residues in cell surface polysaccharides; Belongs to the phosphohexose mutase family.,9.969506,4.4190216,O-Antigen Biosynthesis,#0096ff
Plate2_Drawer7 25-Jul-2025 15-13-08,C7,mrcA,VC_2635,Penicillin-binding protein 1A; Cell wall formation. Synthesis of cross-linked peptidoglycan from the lipid intermediates. The enzyme has a penicillin-insensitive transglycosylase N-terminal domain (formation of linear glycan strands) and a penicillin-sensitive transpeptidase C-terminal domain (cross- linking of the peptide subunits).,7.050929,0.72963274,Unclassified,#ff00c3
Plate2_Drawer7 25-Jul-2025 15-13-08,C8,VC_A0079,VC_A0079,Conserved hypothetical protein; Identified by Glimmer2; putative.,7.5635056,0.68378365,Unclassified,#ff00c3
Plate2_Drawer7 25-Jul-2025 15-13-08,C9,potA,VC_1428,"Spermidine/putrescine ABC transporter, ATP-binding protein; Part of the ABC transporter complex PotABCD involved in spermidine/putrescine import. Responsible for energy coupling to the transport system; Belongs to the ABC transporter superfamily. Spermidine/putrescine importer (TC 3.A.1.11.1) family.",8.872902,1.6811773,Polyamine Import,#14f7f0
Plate2_Drawer7 25-Jul-2025 15-13-08,D1,VC_A0340,VC_A0340,Hypothetical protein; Identified by Glimmer2; putative.,9.353905,9.046855,Unclassified,#ff00c3
Plate2_Drawer7 25-Jul-2025 15-13-08,D10,bioD,VC_1115,"Dethiobiotin synthetase; Catalyzes a mechanistically unusual reaction, the ATP- dependent insertion of CO2 between the N7 and N8 nitrogen atoms of 7,8- diaminopelargonic acid (DAPA) to form an ureido ring.",4.684513,-4.870395,Biotin Biosynthesis,#ff9f1c
Plate2_Drawer7 25-Jul-2025 15-13-08,D11,flaA,VC_2188,Flagellin core protein A; Flagellin is the subunit protein which polymerizes to form the filaments of bacterial flagella. FlaA is required to form a core or scaffold into which the other flagellins are inserted to provide structural integrity. Essential for flagellar synthesis and motility; important for full virulence.,8.764369,-0.8572857,Motility,#ff0004
Plate2_Drawer7 25-Jul-2025 15-13-08,D12,wavL,VC_0239,Conserved hypothetical protein; Identified by Glimmer2; putative.,4.225239,-0.010806479,O-Antigen Biosynthesis,#0096ff
Plate2_Drawer7 25-Jul-2025 15-13-08,D2,VC_0745,VC_0745,Inositol monophosphate family protein; Similar to GB:M34828 SP:P22783 PID:147899 GB:U00096 PID:1788882; identified by sequence similarity; putative; Belongs to the inositol monophosphatase superfamily.,7.1649647,3.3989334,Unclassified,#ff00c3
Plate2_Drawer7 25-Jul-2025 15-13-08,D3,VC_2485,VC_2485,"Transcriptional regulator, LysR family; Similar to GB:D10483 SP:P10151 GB:M21150 PID:1128961 PID:146605; identified by sequence similarity; putative; Belongs to the LysR transcriptional regulatory family.",9.202768,3.1758063,Unclassified,#ff00c3
Plate2_Drawer7 25-Jul-2025 15-13-08,D4,rimO,VC_2620,Conserved hypothetical protein; Catalyzes the methylthiolation of an aspartic acid residue of ribosomal protein S12; Belongs to the methylthiotransferase family. RimO subfamily.,8.40734,10.0326,Unclassified,#ff00c3
Plate2_Drawer7 25-Jul-2025 15-13-08,D5,bioA,VC_1111,"Adenosylmethionine-8-amino-7-oxononanoate aminotransferase; Catalyzes the transfer of the alpha-amino group from S- adenosyl-L-methionine (SAM) to 7-keto-8-aminopelargonic acid (KAPA) to form 7,8-diaminopelargonic acid (DAPA). It is the only animotransferase known to utilize SAM as an amino donor; Belongs to the class-III pyridoxal-phosphate-dependent aminotransferase family. BioA subfamily.",4.668226,-5.0788393,Biotin Biosynthesis,#ff9f1c
Plate2_Drawer7 25-Jul-2025 15-13-08,D6,wbeT,VC_0259,Lipopolysaccharide biosynthesis protein RfbV; Similar to GB:X59554 PID:48400 PID:1929424; identified by sequence similarity; putative.,4.845296,-3.995294,O-Antigen Biosynthesis,#0096ff
Plate2_Drawer7 25-Jul-2025 15-13-08,D7,VC_0929,VC_0929,Hypothetical protein; Identified by Glimmer2; putative.,7.2557607,3.990035,Unclassified,#ff00c3
Plate2_Drawer7 25-Jul-2025 15-13-08,D8,flgT,VC_2208,Hypothetical protein; Identified by Glimmer2; putative.,8.854718,-0.11407288,Motility,#ff0004
Plate2_Drawer7 25-Jul-2025 15-13-08,D9,glyA1,VC_0941,"Serine hydroxymethyltransferase; Catalyzes the reversible interconversion of serine and glycine with tetrahydrofolate (THF) serving as the one-carbon carrier. This reaction serves as the major source of one-carbon groups required for the biosynthesis of purines, thymidylate, methionine, and other important biomolecules. Also exhibits THF-independent aldolase activity toward beta-hydroxyamino acids, producing glycine and aldehydes, via a retro-aldol mechanism.",6.161094,1.5342215,Unclassified,#ff00c3
Plate2_Drawer7 25-Jul-2025 15-13-08,E1,VC_1003,VC_1003,Bacteriocin production protein; Similar to GB:J01666 SP:P08550 PID:146367 PID:147415 GB:U00096; identified by sequence similarity; putative.,6.8947425,0.6623738,Unclassified,#ff00c3
Plate2_Drawer7 25-Jul-2025 15-13-08,E10,flgA,VC_2203,"Flagellar protein, putative; Similar to PID:1272364; identified by sequence similarity; putative.",8.450754,3.7454753,Motility,#ff0004
Plate2_Drawer7 25-Jul-2025 15-13-08,E11,VC_A0187,VC_A0187,Hypothetical protein; Identified by Glimmer2; putative.,7.785968,3.3297994,Unclassified,#ff00c3
Plate2_Drawer7 25-Jul-2025 15-13-08,E12,VC_1652,VC_1652,Response regulator VieA; Similar to GP:3123891; identified by sequence similarity; putative.,7.211295,7.9182963,Unclassified,#ff00c3
Plate2_Drawer7 25-Jul-2025 15-13-08,E2,fliL,VC_2130,Flagellum-specific ATP synthase FliI; Similar to PID:1071643 SP:P52612 GB:U00096 PID:1736607 PID:1788251; identified by sequence similarity; putative.,9.160747,-0.32492638,Motility,#ff0004
Plate2_Drawer7 25-Jul-2025 15-13-08,E3,pdhE2,VC_2413,"Pyruvate dehydrogenase, E2 component, dihydrolipoamide acetyltransferase; The pyruvate dehydrogenase complex catalyzes the overall conversion of pyruvate to acetyl-CoA and CO(2).",5.143286,1.0980304,Pyruvate Flux,#39ff14
Plate2_Drawer7 25-Jul-2025 15-13-08,E4,VC_0134,VC_0134,Conserved hypothetical protein; Identified by Glimmer2; putative.,7.333859,8.087494,Unclassified,#ff00c3
Plate2_Drawer7 25-Jul-2025 15-13-08,E5,grx,VC_1146,Glutaredoxin 1; Has a glutathione-disulfide oxidoreductase activity in the presence of NADPH and glutathione reductase. Reduces low molecular weight disulfides and proteins (By similarity).,7.4503884,8.625048,Unclassified,#ff00c3
Plate2_Drawer7 25-Jul-2025 15-13-08,E6,cheW,VC_2059,Purine-binding chemotaxis protein CheW; Similar to GB:M13462 SP:P07365 PID:145520 GB:U00096 PID:1736540; identified by sequence similarity; putative.,10.618248,3.9074905,Motility,#ff0004
Plate2_Drawer7 25-Jul-2025 15-13-08,E7,nfuA,VC_2720,"Conserved hypothetical protein; Involved in iron-sulfur cluster biogenesis. Binds a 4Fe-4S cluster, can transfer this cluster to apoproteins, and thereby intervenes in the maturation of Fe/S proteins. Could also act as a scaffold/chaperone for damaged Fe/S proteins.",6.753579,2.7860215,Unclassified,#ff00c3
Plate2_Drawer7 25-Jul-2025 15-13-08,E8,groS2,VC_A0819,"Chaperonin, 10 Kd subunit; Binds to Cpn60 in the presence of Mg-ATP and suppresses the ATPase activity of the latter.",7.845903,8.692524,Unclassified,#ff00c3
Plate2_Drawer7 25-Jul-2025 15-13-08,E9,potD1,VC_1424,"Spermidine/putrescine ABC transporter, periplasmic spermidine/putrescine-binding protein; Required for the activity of the bacterial periplasmic transport system of putrescine; Belongs to the bacterial solute-binding protein PotD/PotF family.",7.8856997,0.89426965,Polyamine Import,#14f7f0
Plate2_Drawer7 25-Jul-2025 15-13-08,F1,bioF,VC_1113,"8-amino-7-oxononanoate synthase; Catalyzes the decarboxylative condensation of pimeloyl-[acyl- carrier protein] and L-alanine to produce 8-amino-7-oxononanoate (AON), [acyl-carrier protein], and carbon dioxide.",4.738488,-5.375214,Biotin Biosynthesis,#ff9f1c
Plate2_Drawer7 25-Jul-2025 15-13-08,F10,WT,WT,,7.8541803,8.645518,WT,#000000
Plate2_Drawer7 25-Jul-2025 15-13-08,F2,flgO,VC_2207,Hypothetical protein; Identified by Glimmer2; putative.,6.627373,1.2185776,Motility,#ff0004
Plate2_Drawer7 25-Jul-2025 15-13-08,F3,hslO,VC_2736,Conserved hypothetical protein; Redox regulated molecular chaperone. Protects both thermally unfolding and oxidatively damaged proteins from irreversible aggregation. Plays an important role in the bacterial defense system toward oxidative stress.,8.132927,7.3031087,Unclassified,#ff00c3
Plate2_Drawer7 25-Jul-2025 15-13-08,F4,bioC,VC_1114,Biotin synthesis protein BioC; Converts the free carboxyl group of a malonyl-thioester to its methyl ester by transfer of a methyl group from S-adenosyl-L- methionine (SAM). It allows to synthesize pimeloyl-ACP via the fatty acid synthetic pathway.,4.9571934,-5.19178,Biotin Biosynthesis,#ff9f1c
Plate2_Drawer7 25-Jul-2025 15-13-08,F5,dnaN,VC_0013,"DNA polymerase III, beta chain; Confers DNA tethering and processivity to DNA polymerases and other proteins. Acts as a clamp, forming a ring around DNA (a reaction catalyzed by the clamp-loading complex) which diffuses in an ATP- independent manner freely and bidirectionally along dsDNA. Initially characterized for its ability to contact the catalytic subunit of DNA polymerase III (Pol III), a complex, multichain enzyme responsible for most of the replicative synthesis in bacteria; Pol III exhibits 3'-5' exonuclease proofreading activity. The beta chain is required for initiation of r [...] ",7.256826,6.1373076,Unclassified,#ff00c3
Plate2_Drawer7 25-Jul-2025 15-13-08,F6,mutH,VC_0668,DNA mismatch repair protein MutH; Sequence-specific endonuclease that cleaves unmethylated GATC sequences. It is involved in DNA mismatch repair; Belongs to the MutH family.,7.385909,7.8384576,Unclassified,#ff00c3
Plate2_Drawer7 25-Jul-2025 15-13-08,F7,pabC,VC_2018,"4-amino-4-deoxychorismate lyase; Involved in the biosynthesis of p-aminobenzoate (PABA), a precursor of tetrahydrofolate. Converts 4-amino-4-deoxychorismate into 4-aminobenzoate (PABA) and pyruvate (By similarity).",8.389721,4.5980654,Unclassified,#ff00c3
Plate2_Drawer7 25-Jul-2025 15-13-08,F8,lexA,VC_0092,"LexA repressor; Represses a number of genes involved in the response to DNA damage (SOS response), including recA and lexA. In the presence of single-stranded DNA, RecA interacts with LexA causing an autocatalytic cleavage which disrupts the DNA-binding part of LexA, leading to derepression of the SOS regulon and eventually DNA repair.",7.6120853,3.2241867,Unclassified,#ff00c3
Plate2_Drawer7 25-Jul-2025 15-13-08,F9,VC_2271,VC_2271,"Riboflavin-specific deaminase; Converts 2,5-diamino-6-(ribosylamino)-4(3h)-pyrimidinone 5'- phosphate into 5-amino-6-(ribosylamino)-2,4(1h,3h)-pyrimidinedione 5'- phosphate; In the C-terminal section; belongs to the HTP reductase family.",9.199018,4.618237,Unclassified,#ff00c3
Plate2_Drawer7 27-Aug-2025 16-58-45,A1,flgK,VC_2191,Flagellar hook-associated protein FlgM; Similar to PID:2443633; identified by sequence similarity; putative. HOOK FILSMENT JUNCTION,10.46206,7.6729817,Motility,#ff0004
Plate2_Drawer7 27-Aug-2025 16-58-45,A10,VC_2523,VC_2523,Conserved hypothetical protein; Identified by Glimmer2; putative.,9.7879095,9.113907,Unclassified,#ff00c3
Plate2_Drawer7 27-Aug-2025 16-58-45,A11,fliR,VC_2121,Flagellar biosynthetic protein FliR; Role in flagellar biosynthesis. Belongs to the FliR/MopE/SpaR family.,8.0189,-0.18115252,Motility,#ff0004
Plate2_Drawer7 27-Aug-2025 16-58-45,A12,argR,VC_0431,Arginine repressor; Regulates arginine biosynthesis genes.,8.283602,6.4929457,Unclassified,#ff00c3
Plate2_Drawer7 27-Aug-2025 16-58-45,A2,flrB,VC_2136,Sensory box sensor histidine kinase; Similar to PID:2338728; identified by sequence similarity; putative.,7.7581224,0.36743635,Motility,#ff0004
Plate2_Drawer7 27-Aug-2025 16-58-45,A3,rjg,VC_0264,Conserved hypothetical protein; Identified by Glimmer2; putative.,9.905861,9.782397,Unclassified,#ff00c3
Plate2_Drawer7 27-Aug-2025 16-58-45,A4,fliA,VC_2066,RNA polymerase sigma factor for flagellar operon FliA; Sigma factors are initiation factors that promote the attachment of RNA polymerase to specific initiation sites and are then released. This sigma factor controls the expression of flagella-related genes; Belongs to the sigma-70 factor family. FliA subfamily.,10.608773,-1.4800673,Motility,#ff0004
Plate2_Drawer7 27-Aug-2025 16-58-45,A5,flgM,VC_2204,"Negative regulator of flagellin synthesis FlgM, putative; Similar to GB:L14437 SP:P39809 PID:451869 PID:1762336 GB:AL009126; identified by sequence similarity; putative.",10.028618,9.4498205,Motility,#ff0004
Plate2_Drawer7 27-Aug-2025 16-58-45,A6,flrA,VC_2137,Sigma-54 dependent transcriptional activator; Similar to PID:2338727; identified by sequence similarity; putative.,10.2285385,-1.1225523,Motility,#ff0004
Plate2_Drawer7 27-Aug-2025 16-58-45,A7,VC_1291,VC_1291,Conserved hypothetical protein; Identified by Glimmer2; putative.,9.830422,6.7611575,Unclassified,#ff00c3
Plate2_Drawer7 27-Aug-2025 16-58-45,A8,thiI,VC_0894,"Thiamin biosynthesis protein ThiI; Catalyzes the ATP-dependent transfer of a sulfur to tRNA to produce 4-thiouridine in position 8 of tRNAs, which functions as a near-UV photosensor. Also catalyzes the transfer of sulfur to the sulfur carrier protein ThiS, forming ThiS-thiocarboxylate. This is a step in the synthesis of thiazole, in the thiamine biosynthesis pathway. The sulfur is donated as persulfide by IscS.",8.359511,9.525328,Unclassified,#ff00c3
Plate2_Drawer7 27-Aug-2025 16-58-45,A9,flhB,VC_2120,"Flagellar biosynthetic protein FlhB; Required for formation of the rod structure in the basal body of the flagellar apparatus. Together with FliI and FliH, may constitute the export apparatus of flagellin; Belongs to the type III secretion exporter family.",8.931319,-0.9696697,Motility,#ff0004
Plate2_Drawer7 27-Aug-2025 16-58-45,B1,aroE,VC_0056,"Shikimate 5-dehydrogenase; Involved in the biosynthesis of the chorismate, which leads to the biosynthesis of aromatic amino acids. Catalyzes the reversible NADPH linked reduction of 3-dehydroshikimate (DHSA) to yield shikimate (SA).",8.52073,8.727239,Unclassified,#ff00c3
Plate2_Drawer7 27-Aug-2025 16-58-45,B10,wbeN,VC_0251,Acyl protein synthase/acyl-CoA reductase RfbN; Similar to GB:X59554 PID:48393; identified by sequence similarity; putative.,10.25647,5.296594,O-Antigen Biosynthesis,#0096ff
Plate2_Drawer7 27-Aug-2025 16-58-45,B11,wbeL,VC_0249,rfbL protein; Similar to GB:X59554 PID:48391; identified by sequence similarity; putative.,2.143269,-0.3380545,O-Antigen Biosynthesis,#0096ff
Plate2_Drawer7 27-Aug-2025 16-58-45,B12,pstB1,VC_0726,"Phosphate ABC transporter, ATP-binding protein; Part of the ABC transporter complex PstSACB involved in phosphate import. Responsible for energy coupling to the transport system; Belongs to the ABC transporter superfamily. Phosphate importer (TC 3.A.1.7) family.",8.871165,9.836577,Unclassified,#ff00c3
Plate2_Drawer7 27-Aug-2025 16-58-45,B4,VC_A0146,VC_A0146,Conserved hypothetical protein; Identified by Glimmer2; putative.,11.100304,5.9483337,Unclassified,#ff00c3
Plate2_Drawer7 27-Aug-2025 16-58-45,B5,VC_0289,VC_0289,Gluconate utilization system gnt-I transcriptional repressor; Similar to PID:1304069; identified by sequence similarity; putative.,9.425284,10.776122,Unclassified,#ff00c3
Plate2_Drawer7 27-Aug-2025 16-58-45,B6,VC_A0005,VC_A0005,Hypothetical protein; Identified by Glimmer2; putative.,10.012903,10.246772,Unclassified,#ff00c3
Plate2_Drawer7 27-Aug-2025 16-58-45,B8,mltF,VC_0866,"Transglycosylase, Slt family; Murein-degrading enzyme that degrades murein glycan strands and insoluble, high-molecular weight murein sacculi, with the concomitant formation of a 1,6-anhydromuramoyl product. Lytic transglycosylases (LTs) play an integral role in the metabolism of the peptidoglycan (PG) sacculus. Their lytic action creates space within the PG sacculus to allow for its expansion as well as for the insertion of various structures such as secretion systems and flagella. In the N-terminal section; belongs to the bacterial solute- binding protein 3 family.",7.2491665,4.536097,Unclassified,#ff00c3
Plate2_Drawer7 27-Aug-2025 16-58-45,B9,VC_A0726,VC_A0726,"Molybdenum ABC transporter, periplasmic molybdenum-binding protein; Similar to GB:L34009 SP:P37329 PID:504498 PID:973214 PID:1147817; identified by sequence similarity; putative.",9.547989,8.13341,Unclassified,#ff00c3
Plate2_Drawer7 27-Aug-2025 16-58-45,C1,VC_1885,VC_1885,Hypothetical protein; Identified by Glimmer2; putative.,2.3219035,6.05001,Unclassified,#ff00c3
Plate2_Drawer7 27-Aug-2025 16-58-45,C10,flgF,VC_2196,Flagellar basal-body rod protein FlgF; Similar to GB:U00096 SP:P75938 PID:1787317; identified by sequence similarity; putative; Belongs to the flagella basal body rod proteins family.,8.2574215,0.28459212,Motility,#ff0004
Plate2_Drawer7 27-Aug-2025 16-58-45,C11,VC_2441,VC_2441,Conserved hypothetical protein; Identified by Glimmer2; putative.,8.36444,6.1099916,Unclassified,#ff00c3
Plate2_Drawer7 27-Aug-2025 16-58-45,C12,VC_1710,VC_1710,Conserved hypothetical protein; Identified by Glimmer2; putative.,9.122244,10.171588,Unclassified,#ff00c3
Plate2_Drawer7 27-Aug-2025 16-58-45,C2,aroQ,VC_0297,3-dehydroquinate dehydratase; Catalyzes a trans-dehydration via an enolate intermediate. Belongs to the type-II 3-dehydroquinase family.,6.6060977,6.523915,Unclassified,#ff00c3
Plate2_Drawer7 27-Aug-2025 16-58-45,C3,VC_1359,VC_1359,"Amino acid ABC transporter, ATP-binding protein; Similar to PID:1154897; identified by sequence similarity; putative.",5.0149646,-4.235646,Unclassified,#ff00c3
Plate2_Drawer7 27-Aug-2025 16-58-45,C4,VC_A0328,VC_A0328,"Biphenyl-2,3-diol 1,2-dioxygenase III-related protein; Similar to GB:X75635 SP:P47233 PID:473121; identified by sequence similarity; putative.",10.787362,9.13667,Unclassified,#ff00c3
Plate2_Drawer7 27-Aug-2025 16-58-45,C5,VC_1350,VC_1350,"Antioxidant, putative; Thiol-specific peroxidase that catalyzes the reduction of hydrogen peroxide and organic hydroperoxides to water and alcohols, respectively. Plays a role in cell protection against oxidative stress by detoxifying peroxides; Belongs to the peroxiredoxin family. Prx5 subfamily.",10.356086,8.685383,Unclassified,#ff00c3
Plate2_Drawer7 27-Aug-2025 16-58-45,C6,manB,VC_0242,Phosphomannomutase; Involved in GDP-mannose biosynthesis which serves as the activated sugar nucleotide precursor for mannose residues in cell surface polysaccharides; Belongs to the phosphohexose mutase family.,10.224637,4.2390056,O-Antigen Biosynthesis,#0096ff
Plate2_Drawer7 27-Aug-2025 16-58-45,C7,mrcA,VC_2635,Penicillin-binding protein 1A; Cell wall formation. Synthesis of cross-linked peptidoglycan from the lipid intermediates. The enzyme has a penicillin-insensitive transglycosylase N-terminal domain (formation of linear glycan strands) and a penicillin-sensitive transpeptidase C-terminal domain (cross- linking of the peptide subunits).,9.097691,1.4194554,Unclassified,#ff00c3
Plate2_Drawer7 27-Aug-2025 16-58-45,C8,VC_A0079,VC_A0079,Conserved hypothetical protein; Identified by Glimmer2; putative.,9.929773,-1.2020652,Unclassified,#ff00c3
Plate2_Drawer7 27-Aug-2025 16-58-45,C9,potA,VC_1428,"Spermidine/putrescine ABC transporter, ATP-binding protein; Part of the ABC transporter complex PotABCD involved in spermidine/putrescine import. Responsible for energy coupling to the transport system; Belongs to the ABC transporter superfamily. Spermidine/putrescine importer (TC 3.A.1.11.1) family.",10.459188,1.6726731,Polyamine Import,#14f7f0
Plate2_Drawer7 27-Aug-2025 16-58-45,D1,VC_A0340,VC_A0340,Hypothetical protein; Identified by Glimmer2; putative.,7.819429,6.6743784,Unclassified,#ff00c3
Plate2_Drawer7 27-Aug-2025 16-58-45,D10,bioD,VC_1115,"Dethiobiotin synthetase; Catalyzes a mechanistically unusual reaction, the ATP- dependent insertion of CO2 between the N7 and N8 nitrogen atoms of 7,8- diaminopelargonic acid (DAPA) to form an ureido ring.",4.6661167,-5.809173,Biotin Biosynthesis,#ff9f1c
Plate2_Drawer7 27-Aug-2025 16-58-45,D11,flaA,VC_2188,Flagellin core protein A; Flagellin is the subunit protein which polymerizes to form the filaments of bacterial flagella. FlaA is required to form a core or scaffold into which the other flagellins are inserted to provide structural integrity. Essential for flagellar synthesis and motility; important for full virulence.,9.260005,-1.2619957,Motility,#ff0004
Plate2_Drawer7 27-Aug-2025 16-58-45,D12,wavL,VC_0239,Conserved hypothetical protein; Identified by Glimmer2; putative.,4.0466347,-0.12588702,O-Antigen Biosynthesis,#0096ff
Plate2_Drawer7 27-Aug-2025 16-58-45,D2,VC_0745,VC_0745,Inositol monophosphate family protein; Similar to GB:M34828 SP:P22783 PID:147899 GB:U00096 PID:1788882; identified by sequence similarity; putative; Belongs to the inositol monophosphatase superfamily.,7.781695,3.7389886,Unclassified,#ff00c3
Plate2_Drawer7 27-Aug-2025 16-58-45,D3,VC_2485,VC_2485,"Transcriptional regulator, LysR family; Similar to GB:D10483 SP:P10151 GB:M21150 PID:1128961 PID:146605; identified by sequence similarity; putative; Belongs to the LysR transcriptional regulatory family.",9.937026,2.5277393,Unclassified,#ff00c3
Plate2_Drawer7 27-Aug-2025 16-58-45,D4,rimO,VC_2620,Conserved hypothetical protein; Catalyzes the methylthiolation of an aspartic acid residue of ribosomal protein S12; Belongs to the methylthiotransferase family. RimO subfamily.,10.450293,11.115036,Unclassified,#ff00c3
Plate2_Drawer7 27-Aug-2025 16-58-45,D5,bioA,VC_1111,"Adenosylmethionine-8-amino-7-oxononanoate aminotransferase; Catalyzes the transfer of the alpha-amino group from S- adenosyl-L-methionine (SAM) to 7-keto-8-aminopelargonic acid (KAPA) to form 7,8-diaminopelargonic acid (DAPA). It is the only animotransferase known to utilize SAM as an amino donor; Belongs to the class-III pyridoxal-phosphate-dependent aminotransferase family. BioA subfamily.",4.8374643,-5.7736745,Biotin Biosynthesis,#ff9f1c
Plate2_Drawer7 27-Aug-2025 16-58-45,D6,wbeT,VC_0259,Lipopolysaccharide biosynthesis protein RfbV; Similar to GB:X59554 PID:48400 PID:1929424; identified by sequence similarity; putative.,4.83666,-3.9603865,O-Antigen Biosynthesis,#0096ff
Plate2_Drawer7 27-Aug-2025 16-58-45,D7,VC_0929,VC_0929,Hypothetical protein; Identified by Glimmer2; putative.,9.918301,5.3748894,Unclassified,#ff00c3
Plate2_Drawer7 27-Aug-2025 16-58-45,D8,flgT,VC_2208,Hypothetical protein; Identified by Glimmer2; putative.,10.4848175,-2.1179044,Motility,#ff0004
Plate2_Drawer7 27-Aug-2025 16-58-45,D9,glyA1,VC_0941,"Serine hydroxymethyltransferase; Catalyzes the reversible interconversion of serine and glycine with tetrahydrofolate (THF) serving as the one-carbon carrier. This reaction serves as the major source of one-carbon groups required for the biosynthesis of purines, thymidylate, methionine, and other important biomolecules. Also exhibits THF-independent aldolase activity toward beta-hydroxyamino acids, producing glycine and aldehydes, via a retro-aldol mechanism.",7.083252,2.858833,Unclassified,#ff00c3
Plate2_Drawer7 27-Aug-2025 16-58-45,E1,VC_1003,VC_1003,Bacteriocin production protein; Similar to GB:J01666 SP:P08550 PID:146367 PID:147415 GB:U00096; identified by sequence similarity; putative.,5.2996607,0.5915015,Unclassified,#ff00c3
Plate2_Drawer7 27-Aug-2025 16-58-45,E10,flgA,VC_2203,"Flagellar protein, putative; Similar to PID:1272364; identified by sequence similarity; putative.",11.688158,4.926544,Motility,#ff0004
Plate2_Drawer7 27-Aug-2025 16-58-45,E11,VC_A0187,VC_A0187,Hypothetical protein; Identified by Glimmer2; putative.,10.386234,5.515813,Unclassified,#ff00c3
Plate2_Drawer7 27-Aug-2025 16-58-45,E12,VC_1652,VC_1652,Response regulator VieA; Similar to GP:3123891; identified by sequence similarity; putative.,10.6353445,8.147469,Unclassified,#ff00c3
Plate2_Drawer7 27-Aug-2025 16-58-45,E2,fliL,VC_2130,Flagellum-specific ATP synthase FliI; Similar to PID:1071643 SP:P52612 GB:U00096 PID:1736607 PID:1788251; identified by sequence similarity; putative.,8.18381,0.10399887,Motility,#ff0004
Plate2_Drawer7 27-Aug-2025 16-58-45,E3,pdhE2,VC_2413,"Pyruvate dehydrogenase, E2 component, dihydrolipoamide acetyltransferase; The pyruvate dehydrogenase complex catalyzes the overall conversion of pyruvate to acetyl-CoA and CO(2).",4.460333,1.2311667,Pyruvate Flux,#39ff14
Plate2_Drawer7 27-Aug-2025 16-58-45,E4,VC_0134,VC_0134,Conserved hypothetical protein; Identified by Glimmer2; putative.,9.400592,10.288995,Unclassified,#ff00c3
Plate2_Drawer7 27-Aug-2025 16-58-45,E5,grx,VC_1146,Glutaredoxin 1; Has a glutathione-disulfide oxidoreductase activity in the presence of NADPH and glutathione reductase. Reduces low molecular weight disulfides and proteins (By similarity).,9.9302845,11.081586,Unclassified,#ff00c3
Plate2_Drawer7 27-Aug-2025 16-58-45,E6,cheW,VC_2059,Purine-binding chemotaxis protein CheW; Similar to GB:M13462 SP:P07365 PID:145520 GB:U00096 PID:1736540; identified by sequence similarity; putative.,11.4161415,4.1554394,Motility,#ff0004
Plate2_Drawer7 27-Aug-2025 16-58-45,E7,nfuA,VC_2720,"Conserved hypothetical protein; Involved in iron-sulfur cluster biogenesis. Binds a 4Fe-4S cluster, can transfer this cluster to apoproteins, and thereby intervenes in the maturation of Fe/S proteins. Could also act as a scaffold/chaperone for damaged Fe/S proteins.",6.586077,2.8578813,Unclassified,#ff00c3
Plate2_Drawer7 27-Aug-2025 16-58-45,E8,groS2,VC_A0819,"Chaperonin, 10 Kd subunit; Binds to Cpn60 in the presence of Mg-ATP and suppresses the ATPase activity of the latter.",10.28602,11.462655,Unclassified,#ff00c3
Plate2_Drawer7 27-Aug-2025 16-58-45,E9,potD1,VC_1424,"Spermidine/putrescine ABC transporter, periplasmic spermidine/putrescine-binding protein; Required for the activity of the bacterial periplasmic transport system of putrescine; Belongs to the bacterial solute-binding protein PotD/PotF family.",10.632101,1.4729509,Polyamine Import,#14f7f0
Plate2_Drawer7 27-Aug-2025 16-58-45,F1,bioF,VC_1113,"8-amino-7-oxononanoate synthase; Catalyzes the decarboxylative condensation of pimeloyl-[acyl- carrier protein] and L-alanine to produce 8-amino-7-oxononanoate (AON), [acyl-carrier protein], and carbon dioxide.",4.7924185,-5.7009506,Biotin Biosynthesis,#ff9f1c
Plate2_Drawer7 27-Aug-2025 16-58-45,F10,WT,WT,,9.872856,10.944926,WT,#000000
Plate2_Drawer7 27-Aug-2025 16-58-45,F2,flgO,VC_2207,Hypothetical protein; Identified by Glimmer2; putative.,10.52308,1.3266796,Motility,#ff0004
Plate2_Drawer7 27-Aug-2025 16-58-45,F3,hslO,VC_2736,Conserved hypothetical protein; Redox regulated molecular chaperone. Protects both thermally unfolding and oxidatively damaged proteins from irreversible aggregation. Plays an important role in the bacterial defense system toward oxidative stress.,8.25037,8.275544,Unclassified,#ff00c3
Plate2_Drawer7 27-Aug-2025 16-58-45,F4,bioC,VC_1114,Biotin synthesis protein BioC; Converts the free carboxyl group of a malonyl-thioester to its methyl ester by transfer of a methyl group from S-adenosyl-L- methionine (SAM). It allows to synthesize pimeloyl-ACP via the fatty acid synthetic pathway.,4.983846,-5.5610723,Biotin Biosynthesis,#ff9f1c
Plate2_Drawer7 27-Aug-2025 16-58-45,F5,dnaN,VC_0013,"DNA polymerase III, beta chain; Confers DNA tethering and processivity to DNA polymerases and other proteins. Acts as a clamp, forming a ring around DNA (a reaction catalyzed by the clamp-loading complex) which diffuses in an ATP- independent manner freely and bidirectionally along dsDNA. Initially characterized for its ability to contact the catalytic subunit of DNA polymerase III (Pol III), a complex, multichain enzyme responsible for most of the replicative synthesis in bacteria; Pol III exhibits 3'-5' exonuclease proofreading activity. The beta chain is required for initiation of r [...] ",10.479292,8.916673,Unclassified,#ff00c3
Plate2_Drawer7 27-Aug-2025 16-58-45,F6,mutH,VC_0668,DNA mismatch repair protein MutH; Sequence-specific endonuclease that cleaves unmethylated GATC sequences. It is involved in DNA mismatch repair; Belongs to the MutH family.,9.316077,9.856574,Unclassified,#ff00c3
Plate2_Drawer7 27-Aug-2025 16-58-45,F7,pabC,VC_2018,"4-amino-4-deoxychorismate lyase; Involved in the biosynthesis of p-aminobenzoate (PABA), a precursor of tetrahydrofolate. Converts 4-amino-4-deoxychorismate into 4-aminobenzoate (PABA) and pyruvate (By similarity).",9.230045,5.144818,Unclassified,#ff00c3
Plate2_Drawer7 27-Aug-2025 16-58-45,F8,lexA,VC_0092,"LexA repressor; Represses a number of genes involved in the response to DNA damage (SOS response), including recA and lexA. In the presence of single-stranded DNA, RecA interacts with LexA causing an autocatalytic cleavage which disrupts the DNA-binding part of LexA, leading to derepression of the SOS regulon and eventually DNA repair.",9.894381,4.7659044,Unclassified,#ff00c3
Plate2_Drawer7 27-Aug-2025 16-58-45,F9,VC_2271,VC_2271,"Riboflavin-specific deaminase; Converts 2,5-diamino-6-(ribosylamino)-4(3h)-pyrimidinone 5'- phosphate into 5-amino-6-(ribosylamino)-2,4(1h,3h)-pyrimidinedione 5'- phosphate; In the C-terminal section; belongs to the HTP reductase family.",10.987896,5.529089,Unclassified,#ff00c3
Plate2_Drawer7 29-Aug-2025 11-38-38,A1,flgK,VC_2191,Flagellar hook-associated protein FlgM; Similar to PID:2443633; identified by sequence similarity; putative. HOOK FILSMENT JUNCTION,10.950788,10.414943,Motility,#ff0004
Plate2_Drawer7 29-Aug-2025 11-38-38,A10,VC_2523,VC_2523,Conserved hypothetical protein; Identified by Glimmer2; putative.,7.9977903,6.9337225,Unclassified,#ff00c3
Plate2_Drawer7 29-Aug-2025 11-38-38,A11,fliR,VC_2121,Flagellar biosynthetic protein FliR; Role in flagellar biosynthesis. Belongs to the FliR/MopE/SpaR family.,7.952709,-0.1758814,Motility,#ff0004
Plate2_Drawer7 29-Aug-2025 11-38-38,A12,argR,VC_0431,Arginine repressor; Regulates arginine biosynthesis genes.,9.450863,7.578773,Unclassified,#ff00c3
Plate2_Drawer7 29-Aug-2025 11-38-38,A2,flrB,VC_2136,Sensory box sensor histidine kinase; Similar to PID:2338728; identified by sequence similarity; putative.,7.168218,0.7917345,Motility,#ff0004
Plate2_Drawer7 29-Aug-2025 11-38-38,A3,rjg,VC_0264,Conserved hypothetical protein; Identified by Glimmer2; putative.,8.272713,9.052073,Unclassified,#ff00c3
Plate2_Drawer7 29-Aug-2025 11-38-38,A4,fliA,VC_2066,RNA polymerase sigma factor for flagellar operon FliA; Sigma factors are initiation factors that promote the attachment of RNA polymerase to specific initiation sites and are then released. This sigma factor controls the expression of flagella-related genes; Belongs to the sigma-70 factor family. FliA subfamily.,9.040012,-0.25817963,Motility,#ff0004
Plate2_Drawer7 29-Aug-2025 11-38-38,A5,flgM,VC_2204,"Negative regulator of flagellin synthesis FlgM, putative; Similar to GB:L14437 SP:P39809 PID:451869 PID:1762336 GB:AL009126; identified by sequence similarity; putative.",7.296688,6.6773043,Motility,#ff0004
Plate2_Drawer7 29-Aug-2025 11-38-38,A6,flrA,VC_2137,Sigma-54 dependent transcriptional activator; Similar to PID:2338727; identified by sequence similarity; putative.,10.278751,-1.284602,Motility,#ff0004
Plate2_Drawer7 29-Aug-2025 11-38-38,A7,VC_1291,VC_1291,Conserved hypothetical protein; Identified by Glimmer2; putative.,10.518427,7.858977,Unclassified,#ff00c3
Plate2_Drawer7 29-Aug-2025 11-38-38,A8,thiI,VC_0894,"Thiamin biosynthesis protein ThiI; Catalyzes the ATP-dependent transfer of a sulfur to tRNA to produce 4-thiouridine in position 8 of tRNAs, which functions as a near-UV photosensor. Also catalyzes the transfer of sulfur to the sulfur carrier protein ThiS, forming ThiS-thiocarboxylate. This is a step in the synthesis of thiazole, in the thiamine biosynthesis pathway. The sulfur is donated as persulfide by IscS.",8.038352,9.157883,Unclassified,#ff00c3
Plate2_Drawer7 29-Aug-2025 11-38-38,A9,flhB,VC_2120,"Flagellar biosynthetic protein FlhB; Required for formation of the rod structure in the basal body of the flagellar apparatus. Together with FliI and FliH, may constitute the export apparatus of flagellin; Belongs to the type III secretion exporter family.",7.454536,0.5835362,Motility,#ff0004
Plate2_Drawer7 29-Aug-2025 11-38-38,B10,wbeN,VC_0251,Acyl protein synthase/acyl-CoA reductase RfbN; Similar to GB:X59554 PID:48393; identified by sequence similarity; putative.,9.929696,4.434285,O-Antigen Biosynthesis,#0096ff
Plate2_Drawer7 29-Aug-2025 11-38-38,B11,wbeL,VC_0249,rfbL protein; Similar to GB:X59554 PID:48391; identified by sequence similarity; putative.,2.1993392,-0.43969628,O-Antigen Biosynthesis,#0096ff
Plate2_Drawer7 29-Aug-2025 11-38-38,B12,pstB1,VC_0726,"Phosphate ABC transporter, ATP-binding protein; Part of the ABC transporter complex PstSACB involved in phosphate import. Responsible for energy coupling to the transport system; Belongs to the ABC transporter superfamily. Phosphate importer (TC 3.A.1.7) family.",8.428001,9.18095,Unclassified,#ff00c3
Plate2_Drawer7 29-Aug-2025 11-38-38,B4,VC_A0146,VC_A0146,Conserved hypothetical protein; Identified by Glimmer2; putative.,9.90906,6.916556,Unclassified,#ff00c3
Plate2_Drawer7 29-Aug-2025 11-38-38,B5,VC_0289,VC_0289,Gluconate utilization system gnt-I transcriptional repressor; Similar to PID:1304069; identified by sequence similarity; putative.,9.889254,10.978735,Unclassified,#ff00c3
Plate2_Drawer7 29-Aug-2025 11-38-38,B6,VC_A0005,VC_A0005,Hypothetical protein; Identified by Glimmer2; putative.,8.123915,8.290493,Unclassified,#ff00c3
Plate2_Drawer7 29-Aug-2025 11-38-38,B8,mltF,VC_0866,"Transglycosylase, Slt family; Murein-degrading enzyme that degrades murein glycan strands and insoluble, high-molecular weight murein sacculi, with the concomitant formation of a 1,6-anhydromuramoyl product. Lytic transglycosylases (LTs) play an integral role in the metabolism of the peptidoglycan (PG) sacculus. Their lytic action creates space within the PG sacculus to allow for its expansion as well as for the insertion of various structures such as secretion systems and flagella. In the N-terminal section; belongs to the bacterial solute- binding protein 3 family.",7.1622357,4.6051946,Unclassified,#ff00c3
Plate2_Drawer7 29-Aug-2025 11-38-38,B9,VC_A0726,VC_A0726,"Molybdenum ABC transporter, periplasmic molybdenum-binding protein; Similar to GB:L34009 SP:P37329 PID:504498 PID:973214 PID:1147817; identified by sequence similarity; putative.",7.236964,6.8049917,Unclassified,#ff00c3
Plate2_Drawer7 29-Aug-2025 11-38-38,C1,VC_1885,VC_1885,Hypothetical protein; Identified by Glimmer2; putative.,2.661952,6.175817,Unclassified,#ff00c3
Plate2_Drawer7 29-Aug-2025 11-38-38,C10,flgF,VC_2196,Flagellar basal-body rod protein FlgF; Similar to GB:U00096 SP:P75938 PID:1787317; identified by sequence similarity; putative; Belongs to the flagella basal body rod proteins family.,9.059713,-0.09407928,Motility,#ff0004
Plate2_Drawer7 29-Aug-2025 11-38-38,C11,VC_2441,VC_2441,Conserved hypothetical protein; Identified by Glimmer2; putative.,7.4305735,3.4586039,Unclassified,#ff00c3
Plate2_Drawer7 29-Aug-2025 11-38-38,C12,VC_1710,VC_1710,Conserved hypothetical protein; Identified by Glimmer2; putative.,8.640346,8.722899,Unclassified,#ff00c3
Plate2_Drawer7 29-Aug-2025 11-38-38,C2,aroQ,VC_0297,3-dehydroquinate dehydratase; Catalyzes a trans-dehydration via an enolate intermediate. Belongs to the type-II 3-dehydroquinase family.,5.8956604,2.9103534,Unclassified,#ff00c3
Plate2_Drawer7 29-Aug-2025 11-38-38,C3,VC_1359,VC_1359,"Amino acid ABC transporter, ATP-binding protein; Similar to PID:1154897; identified by sequence similarity; putative.",5.0863814,-4.319726,Unclassified,#ff00c3
Plate2_Drawer7 29-Aug-2025 11-38-38,C4,VC_A0328,VC_A0328,"Biphenyl-2,3-diol 1,2-dioxygenase III-related protein; Similar to GB:X75635 SP:P47233 PID:473121; identified by sequence similarity; putative.",10.759647,8.826976,Unclassified,#ff00c3
Plate2_Drawer7 29-Aug-2025 11-38-38,C5,VC_1350,VC_1350,"Antioxidant, putative; Thiol-specific peroxidase that catalyzes the reduction of hydrogen peroxide and organic hydroperoxides to water and alcohols, respectively. Plays a role in cell protection against oxidative stress by detoxifying peroxides; Belongs to the peroxiredoxin family. Prx5 subfamily.",10.227546,8.205076,Unclassified,#ff00c3
Plate2_Drawer7 29-Aug-2025 11-38-38,C6,manB,VC_0242,Phosphomannomutase; Involved in GDP-mannose biosynthesis which serves as the activated sugar nucleotide precursor for mannose residues in cell surface polysaccharides; Belongs to the phosphohexose mutase family.,10.029015,4.2933927,O-Antigen Biosynthesis,#0096ff
Plate2_Drawer7 29-Aug-2025 11-38-38,C7,mrcA,VC_2635,Penicillin-binding protein 1A; Cell wall formation. Synthesis of cross-linked peptidoglycan from the lipid intermediates. The enzyme has a penicillin-insensitive transglycosylase N-terminal domain (formation of linear glycan strands) and a penicillin-sensitive transpeptidase C-terminal domain (cross- linking of the peptide subunits).,8.697867,1.7484884,Unclassified,#ff00c3
Plate2_Drawer7 29-Aug-2025 11-38-38,C8,VC_A0079,VC_A0079,Conserved hypothetical protein; Identified by Glimmer2; putative.,10.303435,2.807489,Unclassified,#ff00c3
Plate2_Drawer7 29-Aug-2025 11-38-38,C9,potA,VC_1428,"Spermidine/putrescine ABC transporter, ATP-binding protein; Part of the ABC transporter complex PotABCD involved in spermidine/putrescine import. Responsible for energy coupling to the transport system; Belongs to the ABC transporter superfamily. Spermidine/putrescine importer (TC 3.A.1.11.1) family.",10.278274,1.7700912,Polyamine Import,#14f7f0
Plate2_Drawer7 29-Aug-2025 11-38-38,D1,VC_A0340,VC_A0340,Hypothetical protein; Identified by Glimmer2; putative.,10.792352,8.894586,Unclassified,#ff00c3
Plate2_Drawer7 29-Aug-2025 11-38-38,D10,bioD,VC_1115,"Dethiobiotin synthetase; Catalyzes a mechanistically unusual reaction, the ATP- dependent insertion of CO2 between the N7 and N8 nitrogen atoms of 7,8- diaminopelargonic acid (DAPA) to form an ureido ring.",4.828822,-5.839536,Biotin Biosynthesis,#ff9f1c
Plate2_Drawer7 29-Aug-2025 11-38-38,D11,flaA,VC_2188,Flagellin core protein A; Flagellin is the subunit protein which polymerizes to form the filaments of bacterial flagella. FlaA is required to form a core or scaffold into which the other flagellins are inserted to provide structural integrity. Essential for flagellar synthesis and motility; important for full virulence.,9.775682,-1.4740939,Motility,#ff0004
Plate2_Drawer7 29-Aug-2025 11-38-38,D12,wavL,VC_0239,Conserved hypothetical protein; Identified by Glimmer2; putative.,3.6026063,-0.33910555,O-Antigen Biosynthesis,#0096ff
Plate2_Drawer7 29-Aug-2025 11-38-38,D2,VC_0745,VC_0745,Inositol monophosphate family protein; Similar to GB:M34828 SP:P22783 PID:147899 GB:U00096 PID:1788882; identified by sequence similarity; putative; Belongs to the inositol monophosphatase superfamily.,7.540881,3.010097,Unclassified,#ff00c3
Plate2_Drawer7 29-Aug-2025 11-38-38,D3,VC_2485,VC_2485,"Transcriptional regulator, LysR family; Similar to GB:D10483 SP:P10151 GB:M21150 PID:1128961 PID:146605; identified by sequence similarity; putative; Belongs to the LysR transcriptional regulatory family.",9.657832,3.0072296,Unclassified,#ff00c3
Plate2_Drawer7 29-Aug-2025 11-38-38,D4,rimO,VC_2620,Conserved hypothetical protein; Catalyzes the methylthiolation of an aspartic acid residue of ribosomal protein S12; Belongs to the methylthiotransferase family. RimO subfamily.,8.905576,10.21254,Unclassified,#ff00c3
Plate2_Drawer7 29-Aug-2025 11-38-38,D5,bioA,VC_1111,"Adenosylmethionine-8-amino-7-oxononanoate aminotransferase; Catalyzes the transfer of the alpha-amino group from S- adenosyl-L-methionine (SAM) to 7-keto-8-aminopelargonic acid (KAPA) to form 7,8-diaminopelargonic acid (DAPA). It is the only animotransferase known to utilize SAM as an amino donor; Belongs to the class-III pyridoxal-phosphate-dependent aminotransferase family. BioA subfamily.",4.9271107,-5.7914968,Biotin Biosynthesis,#ff9f1c
Plate2_Drawer7 29-Aug-2025 11-38-38,D6,wbeT,VC_0259,Lipopolysaccharide biosynthesis protein RfbV; Similar to GB:X59554 PID:48400 PID:1929424; identified by sequence similarity; putative.,4.909538,-4.082976,O-Antigen Biosynthesis,#0096ff
Plate2_Drawer7 29-Aug-2025 11-38-38,D7,VC_0929,VC_0929,Hypothetical protein; Identified by Glimmer2; putative.,10.836926,5.9300404,Unclassified,#ff00c3
Plate2_Drawer7 29-Aug-2025 11-38-38,D8,flgT,VC_2208,Hypothetical protein; Identified by Glimmer2; putative.,10.986196,-2.0666738,Motility,#ff0004
Plate2_Drawer7 29-Aug-2025 11-38-38,D9,glyA1,VC_0941,"Serine hydroxymethyltransferase; Catalyzes the reversible interconversion of serine and glycine with tetrahydrofolate (THF) serving as the one-carbon carrier. This reaction serves as the major source of one-carbon groups required for the biosynthesis of purines, thymidylate, methionine, and other important biomolecules. Also exhibits THF-independent aldolase activity toward beta-hydroxyamino acids, producing glycine and aldehydes, via a retro-aldol mechanism.",7.041351,2.9463146,Unclassified,#ff00c3
Plate2_Drawer7 29-Aug-2025 11-38-38,E1,VC_1003,VC_1003,Bacteriocin production protein; Similar to GB:J01666 SP:P08550 PID:146367 PID:147415 GB:U00096; identified by sequence similarity; putative.,5.111003,0.5920446,Unclassified,#ff00c3
Plate2_Drawer7 29-Aug-2025 11-38-38,E10,flgA,VC_2203,"Flagellar protein, putative; Similar to PID:1272364; identified by sequence similarity; putative.",11.337819,4.2945046,Motility,#ff0004
Plate2_Drawer7 29-Aug-2025 11-38-38,E11,VC_A0187,VC_A0187,Hypothetical protein; Identified by Glimmer2; putative.,8.978612,6.01119,Unclassified,#ff00c3
Plate2_Drawer7 29-Aug-2025 11-38-38,E12,VC_1652,VC_1652,Response regulator VieA; Similar to GP:3123891; identified by sequence similarity; putative.,9.040689,9.62005,Unclassified,#ff00c3
Plate2_Drawer7 29-Aug-2025 11-38-38,E2,fliL,VC_2130,Flagellum-specific ATP synthase FliI; Similar to PID:1071643 SP:P52612 GB:U00096 PID:1736607 PID:1788251; identified by sequence similarity; putative.,9.324318,-1.0269934,Motility,#ff0004
Plate2_Drawer7 29-Aug-2025 11-38-38,E3,pdhE2,VC_2413,"Pyruvate dehydrogenase, E2 component, dihydrolipoamide acetyltransferase; The pyruvate dehydrogenase complex catalyzes the overall conversion of pyruvate to acetyl-CoA and CO(2).",4.4431562,1.2583077,Pyruvate Flux,#39ff14
Plate2_Drawer7 29-Aug-2025 11-38-38,E4,VC_0134,VC_0134,Conserved hypothetical protein; Identified by Glimmer2; putative.,9.2802105,10.371686,Unclassified,#ff00c3
Plate2_Drawer7 29-Aug-2025 11-38-38,E5,grx,VC_1146,Glutaredoxin 1; Has a glutathione-disulfide oxidoreductase activity in the presence of NADPH and glutathione reductase. Reduces low molecular weight disulfides and proteins (By similarity).,9.40159,10.919404,Unclassified,#ff00c3
Plate2_Drawer7 29-Aug-2025 11-38-38,E6,cheW,VC_2059,Purine-binding chemotaxis protein CheW; Similar to GB:M13462 SP:P07365 PID:145520 GB:U00096 PID:1736540; identified by sequence similarity; putative.,11.592384,4.538065,Motility,#ff0004
Plate2_Drawer7 29-Aug-2025 11-38-38,E7,nfuA,VC_2720,"Conserved hypothetical protein; Involved in iron-sulfur cluster biogenesis. Binds a 4Fe-4S cluster, can transfer this cluster to apoproteins, and thereby intervenes in the maturation of Fe/S proteins. Could also act as a scaffold/chaperone for damaged Fe/S proteins.",6.625566,2.6782508,Unclassified,#ff00c3
Plate2_Drawer7 29-Aug-2025 11-38-38,E8,groS2,VC_A0819,"Chaperonin, 10 Kd subunit; Binds to Cpn60 in the presence of Mg-ATP and suppresses the ATPase activity of the latter.",10.198477,11.378622,Unclassified,#ff00c3
Plate2_Drawer7 29-Aug-2025 11-38-38,E9,potD1,VC_1424,"Spermidine/putrescine ABC transporter, periplasmic spermidine/putrescine-binding protein; Required for the activity of the bacterial periplasmic transport system of putrescine; Belongs to the bacterial solute-binding protein PotD/PotF family.",9.1589775,1.5660098,Polyamine Import,#14f7f0
Plate2_Drawer7 29-Aug-2025 11-38-38,F1,bioF,VC_1113,"8-amino-7-oxononanoate synthase; Catalyzes the decarboxylative condensation of pimeloyl-[acyl- carrier protein] and L-alanine to produce 8-amino-7-oxononanoate (AON), [acyl-carrier protein], and carbon dioxide.",4.8436704,-5.8267665,Biotin Biosynthesis,#ff9f1c
Plate2_Drawer7 29-Aug-2025 11-38-38,F10,WT,WT,,8.211219,9.204516,WT,#000000
Plate2_Drawer7 29-Aug-2025 11-38-38,F2,flgO,VC_2207,Hypothetical protein; Identified by Glimmer2; putative.,9.589325,1.6065012,Motility,#ff0004
Plate2_Drawer7 29-Aug-2025 11-38-38,F3,hslO,VC_2736,Conserved hypothetical protein; Redox regulated molecular chaperone. Protects both thermally unfolding and oxidatively damaged proteins from irreversible aggregation. Plays an important role in the bacterial defense system toward oxidative stress.,8.282138,6.3438663,Unclassified,#ff00c3
Plate2_Drawer7 29-Aug-2025 11-38-38,F4,bioC,VC_1114,Biotin synthesis protein BioC; Converts the free carboxyl group of a malonyl-thioester to its methyl ester by transfer of a methyl group from S-adenosyl-L- methionine (SAM). It allows to synthesize pimeloyl-ACP via the fatty acid synthetic pathway.,4.585362,-5.6419077,Biotin Biosynthesis,#ff9f1c
Plate2_Drawer7 29-Aug-2025 11-38-38,F5,dnaN,VC_0013,"DNA polymerase III, beta chain; Confers DNA tethering and processivity to DNA polymerases and other proteins. Acts as a clamp, forming a ring around DNA (a reaction catalyzed by the clamp-loading complex) which diffuses in an ATP- independent manner freely and bidirectionally along dsDNA. Initially characterized for its ability to contact the catalytic subunit of DNA polymerase III (Pol III), a complex, multichain enzyme responsible for most of the replicative synthesis in bacteria; Pol III exhibits 3'-5' exonuclease proofreading activity. The beta chain is required for initiation of r [...] ",9.507079,9.362581,Unclassified,#ff00c3
Plate2_Drawer7 29-Aug-2025 11-38-38,F6,mutH,VC_0668,DNA mismatch repair protein MutH; Sequence-specific endonuclease that cleaves unmethylated GATC sequences. It is involved in DNA mismatch repair; Belongs to the MutH family.,7.656617,7.7747707,Unclassified,#ff00c3
Plate2_Drawer7 29-Aug-2025 11-38-38,F7,pabC,VC_2018,"4-amino-4-deoxychorismate lyase; Involved in the biosynthesis of p-aminobenzoate (PABA), a precursor of tetrahydrofolate. Converts 4-amino-4-deoxychorismate into 4-aminobenzoate (PABA) and pyruvate (By similarity).",7.9681406,5.4950795,Unclassified,#ff00c3
Plate2_Drawer7 29-Aug-2025 11-38-38,F8,lexA,VC_0092,"LexA repressor; Represses a number of genes involved in the response to DNA damage (SOS response), including recA and lexA. In the presence of single-stranded DNA, RecA interacts with LexA causing an autocatalytic cleavage which disrupts the DNA-binding part of LexA, leading to derepression of the SOS regulon and eventually DNA repair.",9.637031,5.3141985,Unclassified,#ff00c3
Plate2_Drawer7 29-Aug-2025 11-38-38,F9,VC_2271,VC_2271,"Riboflavin-specific deaminase; Converts 2,5-diamino-6-(ribosylamino)-4(3h)-pyrimidinone 5'- phosphate into 5-amino-6-(ribosylamino)-2,4(1h,3h)-pyrimidinedione 5'- phosphate; In the C-terminal section; belongs to the HTP reductase family.",9.158435,3.2669253,Unclassified,#ff00c3
Plate2_Drawer7 31-Jul-2025 10-59-37,A1,flgK,VC_2191,Flagellar hook-associated protein FlgM; Similar to PID:2443633; identified by sequence similarity; putative. HOOK FILSMENT JUNCTION,10.347711,9.012194,Motility,#ff0004
Plate2_Drawer7 31-Jul-2025 10-59-37,A10,VC_2523,VC_2523,Conserved hypothetical protein; Identified by Glimmer2; putative.,7.69714,7.0176764,Unclassified,#ff00c3
Plate2_Drawer7 31-Jul-2025 10-59-37,A11,fliR,VC_2121,Flagellar biosynthetic protein FliR; Role in flagellar biosynthesis. Belongs to the FliR/MopE/SpaR family.,8.142239,-0.052261572,Motility,#ff0004
Plate2_Drawer7 31-Jul-2025 10-59-37,A12,argR,VC_0431,Arginine repressor; Regulates arginine biosynthesis genes.,7.3672404,6.0469265,Unclassified,#ff00c3
Plate2_Drawer7 31-Jul-2025 10-59-37,A2,flrB,VC_2136,Sensory box sensor histidine kinase; Similar to PID:2338728; identified by sequence similarity; putative.,8.502611,0.13105501,Motility,#ff0004
Plate2_Drawer7 31-Jul-2025 10-59-37,A3,rjg,VC_0264,Conserved hypothetical protein; Identified by Glimmer2; putative.,9.049131,10.1087885,Unclassified,#ff00c3
Plate2_Drawer7 31-Jul-2025 10-59-37,A4,fliA,VC_2066,RNA polymerase sigma factor for flagellar operon FliA; Sigma factors are initiation factors that promote the attachment of RNA polymerase to specific initiation sites and are then released. This sigma factor controls the expression of flagella-related genes; Belongs to the sigma-70 factor family. FliA subfamily.,8.976212,0.008324867,Motility,#ff0004
Plate2_Drawer7 31-Jul-2025 10-59-37,A5,flgM,VC_2204,"Negative regulator of flagellin synthesis FlgM, putative; Similar to GB:L14437 SP:P39809 PID:451869 PID:1762336 GB:AL009126; identified by sequence similarity; putative.",9.732272,9.062441,Motility,#ff0004
Plate2_Drawer7 31-Jul-2025 10-59-37,A6,flrA,VC_2137,Sigma-54 dependent transcriptional activator; Similar to PID:2338727; identified by sequence similarity; putative.,11.106053,4.134652,Motility,#ff0004
Plate2_Drawer7 31-Jul-2025 10-59-37,A7,VC_1291,VC_1291,Conserved hypothetical protein; Identified by Glimmer2; putative.,7.2018714,6.012497,Unclassified,#ff00c3
Plate2_Drawer7 31-Jul-2025 10-59-37,A8,thiI,VC_0894,"Thiamin biosynthesis protein ThiI; Catalyzes the ATP-dependent transfer of a sulfur to tRNA to produce 4-thiouridine in position 8 of tRNAs, which functions as a near-UV photosensor. Also catalyzes the transfer of sulfur to the sulfur carrier protein ThiS, forming ThiS-thiocarboxylate. This is a step in the synthesis of thiazole, in the thiamine biosynthesis pathway. The sulfur is donated as persulfide by IscS.",9.014904,9.453864,Unclassified,#ff00c3
Plate2_Drawer7 31-Jul-2025 10-59-37,A9,flhB,VC_2120,"Flagellar biosynthetic protein FlhB; Required for formation of the rod structure in the basal body of the flagellar apparatus. Together with FliI and FliH, may constitute the export apparatus of flagellin; Belongs to the type III secretion exporter family.",7.9861565,0.13812904,Motility,#ff0004
Plate2_Drawer7 31-Jul-2025 10-59-37,B1,aroE,VC_0056,"Shikimate 5-dehydrogenase; Involved in the biosynthesis of the chorismate, which leads to the biosynthesis of aromatic amino acids. Catalyzes the reversible NADPH linked reduction of 3-dehydroshikimate (DHSA) to yield shikimate (SA).",8.72711,9.306585,Unclassified,#ff00c3
Plate2_Drawer7 31-Jul-2025 10-59-37,B10,wbeN,VC_0251,Acyl protein synthase/acyl-CoA reductase RfbN; Similar to GB:X59554 PID:48393; identified by sequence similarity; putative.,10.681787,8.887693,O-Antigen Biosynthesis,#0096ff
Plate2_Drawer7 31-Jul-2025 10-59-37,B11,wbeL,VC_0249,rfbL protein; Similar to GB:X59554 PID:48391; identified by sequence similarity; putative.,2.5694354,-0.83305156,O-Antigen Biosynthesis,#0096ff
Plate2_Drawer7 31-Jul-2025 10-59-37,B12,pstB1,VC_0726,"Phosphate ABC transporter, ATP-binding protein; Part of the ABC transporter complex PstSACB involved in phosphate import. Responsible for energy coupling to the transport system; Belongs to the ABC transporter superfamily. Phosphate importer (TC 3.A.1.7) family.",7.77364,8.651317,Unclassified,#ff00c3
Plate2_Drawer7 31-Jul-2025 10-59-37,B4,VC_A0146,VC_A0146,Conserved hypothetical protein; Identified by Glimmer2; putative.,9.070508,10.329121,Unclassified,#ff00c3
Plate2_Drawer7 31-Jul-2025 10-59-37,B5,VC_0289,VC_0289,Gluconate utilization system gnt-I transcriptional repressor; Similar to PID:1304069; identified by sequence similarity; putative.,7.3092246,7.9729757,Unclassified,#ff00c3
Plate2_Drawer7 31-Jul-2025 10-59-37,B6,VC_A0005,VC_A0005,Hypothetical protein; Identified by Glimmer2; putative.,7.0061626,6.373671,Unclassified,#ff00c3
Plate2_Drawer7 31-Jul-2025 10-59-37,B8,mltF,VC_0866,"Transglycosylase, Slt family; Murein-degrading enzyme that degrades murein glycan strands and insoluble, high-molecular weight murein sacculi, with the concomitant formation of a 1,6-anhydromuramoyl product. Lytic transglycosylases (LTs) play an integral role in the metabolism of the peptidoglycan (PG) sacculus. Their lytic action creates space within the PG sacculus to allow for its expansion as well as for the insertion of various structures such as secretion systems and flagella. In the N-terminal section; belongs to the bacterial solute- binding protein 3 family.",9.792887,5.9506474,Unclassified,#ff00c3
Plate2_Drawer7 31-Jul-2025 10-59-37,B9,VC_A0726,VC_A0726,"Molybdenum ABC transporter, periplasmic molybdenum-binding protein; Similar to GB:L34009 SP:P37329 PID:504498 PID:973214 PID:1147817; identified by sequence similarity; putative.",7.9617233,7.2085066,Unclassified,#ff00c3
Plate2_Drawer7 31-Jul-2025 10-59-37,C1,VC_1885,VC_1885,Hypothetical protein; Identified by Glimmer2; putative.,2.75773,6.298193,Unclassified,#ff00c3
Plate2_Drawer7 31-Jul-2025 10-59-37,C10,flgF,VC_2196,Flagellar basal-body rod protein FlgF; Similar to GB:U00096 SP:P75938 PID:1787317; identified by sequence similarity; putative; Belongs to the flagella basal body rod proteins family.,8.987655,0.009395622,Motility,#ff0004
Plate2_Drawer7 31-Jul-2025 10-59-37,C11,VC_2441,VC_2441,Conserved hypothetical protein; Identified by Glimmer2; putative.,7.008995,4.7599993,Unclassified,#ff00c3
Plate2_Drawer7 31-Jul-2025 10-59-37,C12,VC_1710,VC_1710,Conserved hypothetical protein; Identified by Glimmer2; putative.,7.003575,6.8737903,Unclassified,#ff00c3
Plate2_Drawer7 31-Jul-2025 10-59-37,C3,VC_1359,VC_1359,"Amino acid ABC transporter, ATP-binding protein; Similar to PID:1154897; identified by sequence similarity; putative.",4.999173,-4.237042,Unclassified,#ff00c3
Plate2_Drawer7 31-Jul-2025 10-59-37,C4,VC_A0328,VC_A0328,"Biphenyl-2,3-diol 1,2-dioxygenase III-related protein; Similar to GB:X75635 SP:P47233 PID:473121; identified by sequence similarity; putative.",10.570719,8.944381,Unclassified,#ff00c3
Plate2_Drawer7 31-Jul-2025 10-59-37,C5,VC_1350,VC_1350,"Antioxidant, putative; Thiol-specific peroxidase that catalyzes the reduction of hydrogen peroxide and organic hydroperoxides to water and alcohols, respectively. Plays a role in cell protection against oxidative stress by detoxifying peroxides; Belongs to the peroxiredoxin family. Prx5 subfamily.",9.235602,7.0605206,Unclassified,#ff00c3
Plate2_Drawer7 31-Jul-2025 10-59-37,C6,manB,VC_0242,Phosphomannomutase; Involved in GDP-mannose biosynthesis which serves as the activated sugar nucleotide precursor for mannose residues in cell surface polysaccharides; Belongs to the phosphohexose mutase family.,9.011196,3.3842144,O-Antigen Biosynthesis,#0096ff
Plate2_Drawer7 31-Jul-2025 10-59-37,C7,mrcA,VC_2635,Penicillin-binding protein 1A; Cell wall formation. Synthesis of cross-linked peptidoglycan from the lipid intermediates. The enzyme has a penicillin-insensitive transglycosylase N-terminal domain (formation of linear glycan strands) and a penicillin-sensitive transpeptidase C-terminal domain (cross- linking of the peptide subunits).,10.016948,1.8390383,Unclassified,#ff00c3
Plate2_Drawer7 31-Jul-2025 10-59-37,C8,VC_A0079,VC_A0079,Conserved hypothetical protein; Identified by Glimmer2; putative.,8.343124,-0.051215246,Unclassified,#ff00c3
Plate2_Drawer7 31-Jul-2025 10-59-37,C9,potA,VC_1428,"Spermidine/putrescine ABC transporter, ATP-binding protein; Part of the ABC transporter complex PotABCD involved in spermidine/putrescine import. Responsible for energy coupling to the transport system; Belongs to the ABC transporter superfamily. Spermidine/putrescine importer (TC 3.A.1.11.1) family.",9.553366,1.5927244,Polyamine Import,#14f7f0
Plate2_Drawer7 31-Jul-2025 10-59-37,D1,VC_A0340,VC_A0340,Hypothetical protein; Identified by Glimmer2; putative.,11.101981,8.632062,Unclassified,#ff00c3
Plate2_Drawer7 31-Jul-2025 10-59-37,D10,bioD,VC_1115,"Dethiobiotin synthetase; Catalyzes a mechanistically unusual reaction, the ATP- dependent insertion of CO2 between the N7 and N8 nitrogen atoms of 7,8- diaminopelargonic acid (DAPA) to form an ureido ring.",4.55705,-5.510213,Biotin Biosynthesis,#ff9f1c
Plate2_Drawer7 31-Jul-2025 10-59-37,D11,flaA,VC_2188,Flagellin core protein A; Flagellin is the subunit protein which polymerizes to form the filaments of bacterial flagella. FlaA is required to form a core or scaffold into which the other flagellins are inserted to provide structural integrity. Essential for flagellar synthesis and motility; important for full virulence.,10.318719,-2.111366,Motility,#ff0004
Plate2_Drawer7 31-Jul-2025 10-59-37,D12,wavL,VC_0239,Conserved hypothetical protein; Identified by Glimmer2; putative.,4.057319,-0.1181245,O-Antigen Biosynthesis,#0096ff
Plate2_Drawer7 31-Jul-2025 10-59-37,D2,VC_0745,VC_0745,Inositol monophosphate family protein; Similar to GB:M34828 SP:P22783 PID:147899 GB:U00096 PID:1788882; identified by sequence similarity; putative; Belongs to the inositol monophosphatase superfamily.,7.1528177,3.067053,Unclassified,#ff00c3
Plate2_Drawer7 31-Jul-2025 10-59-37,D3,VC_2485,VC_2485,"Transcriptional regulator, LysR family; Similar to GB:D10483 SP:P10151 GB:M21150 PID:1128961 PID:146605; identified by sequence similarity; putative; Belongs to the LysR transcriptional regulatory family.",7.503038,2.7836974,Unclassified,#ff00c3
Plate2_Drawer7 31-Jul-2025 10-59-37,D4,rimO,VC_2620,Conserved hypothetical protein; Catalyzes the methylthiolation of an aspartic acid residue of ribosomal protein S12; Belongs to the methylthiotransferase family. RimO subfamily.,7.183612,7.662547,Unclassified,#ff00c3
Plate2_Drawer7 31-Jul-2025 10-59-37,D5,bioA,VC_1111,"Adenosylmethionine-8-amino-7-oxononanoate aminotransferase; Catalyzes the transfer of the alpha-amino group from S- adenosyl-L-methionine (SAM) to 7-keto-8-aminopelargonic acid (KAPA) to form 7,8-diaminopelargonic acid (DAPA). It is the only animotransferase known to utilize SAM as an amino donor; Belongs to the class-III pyridoxal-phosphate-dependent aminotransferase family. BioA subfamily.",4.590045,-5.1043496,Biotin Biosynthesis,#ff9f1c
Plate2_Drawer7 31-Jul-2025 10-59-37,D6,wbeT,VC_0259,Lipopolysaccharide biosynthesis protein RfbV; Similar to GB:X59554 PID:48400 PID:1929424; identified by sequence similarity; putative.,4.847445,-4.010776,O-Antigen Biosynthesis,#0096ff
Plate2_Drawer7 31-Jul-2025 10-59-37,D8,flgT,VC_2208,Hypothetical protein; Identified by Glimmer2; putative.,10.61107,-1.4756646,Motility,#ff0004
Plate2_Drawer7 31-Jul-2025 10-59-37,D9,glyA1,VC_0941,"Serine hydroxymethyltransferase; Catalyzes the reversible interconversion of serine and glycine with tetrahydrofolate (THF) serving as the one-carbon carrier. This reaction serves as the major source of one-carbon groups required for the biosynthesis of purines, thymidylate, methionine, and other important biomolecules. Also exhibits THF-independent aldolase activity toward beta-hydroxyamino acids, producing glycine and aldehydes, via a retro-aldol mechanism.",6.19709,1.5370615,Unclassified,#ff00c3
Plate2_Drawer7 31-Jul-2025 10-59-37,E1,VC_1003,VC_1003,Bacteriocin production protein; Similar to GB:J01666 SP:P08550 PID:146367 PID:147415 GB:U00096; identified by sequence similarity; putative.,5.055994,0.56134343,Unclassified,#ff00c3
Plate2_Drawer7 31-Jul-2025 10-59-37,E10,flgA,VC_2203,"Flagellar protein, putative; Similar to PID:1272364; identified by sequence similarity; putative.",11.245925,4.180238,Motility,#ff0004
Plate2_Drawer7 31-Jul-2025 10-59-37,E11,VC_A0187,VC_A0187,Hypothetical protein; Identified by Glimmer2; putative.,9.180826,2.7036755,Unclassified,#ff00c3
Plate2_Drawer7 31-Jul-2025 10-59-37,E12,VC_1652,VC_1652,Response regulator VieA; Similar to GP:3123891; identified by sequence similarity; putative.,7.888661,9.445113,Unclassified,#ff00c3
Plate2_Drawer7 31-Jul-2025 10-59-37,E2,fliL,VC_2130,Flagellum-specific ATP synthase FliI; Similar to PID:1071643 SP:P52612 GB:U00096 PID:1736607 PID:1788251; identified by sequence similarity; putative.,9.362075,-1.0636653,Motility,#ff0004
Plate2_Drawer7 31-Jul-2025 10-59-37,E4,VC_0134,VC_0134,Conserved hypothetical protein; Identified by Glimmer2; putative.,10.25544,10.830698,Unclassified,#ff00c3
Plate2_Drawer7 31-Jul-2025 10-59-37,E5,grx,VC_1146,Glutaredoxin 1; Has a glutathione-disulfide oxidoreductase activity in the presence of NADPH and glutathione reductase. Reduces low molecular weight disulfides and proteins (By similarity).,7.32158,8.592232,Unclassified,#ff00c3
Plate2_Drawer7 31-Jul-2025 10-59-37,E6,cheW,VC_2059,Purine-binding chemotaxis protein CheW; Similar to GB:M13462 SP:P07365 PID:145520 GB:U00096 PID:1736540; identified by sequence similarity; putative.,11.454903,9.443396,Motility,#ff0004
Plate2_Drawer7 31-Jul-2025 10-59-37,E7,nfuA,VC_2720,"Conserved hypothetical protein; Involved in iron-sulfur cluster biogenesis. Binds a 4Fe-4S cluster, can transfer this cluster to apoproteins, and thereby intervenes in the maturation of Fe/S proteins. Could also act as a scaffold/chaperone for damaged Fe/S proteins.",6.473543,2.8359253,Unclassified,#ff00c3
Plate2_Drawer7 31-Jul-2025 10-59-37,E8,groS2,VC_A0819,"Chaperonin, 10 Kd subunit; Binds to Cpn60 in the presence of Mg-ATP and suppresses the ATPase activity of the latter.",8.930304,10.213847,Unclassified,#ff00c3
Plate2_Drawer7 31-Jul-2025 10-59-37,E9,potD1,VC_1424,"Spermidine/putrescine ABC transporter, periplasmic spermidine/putrescine-binding protein; Required for the activity of the bacterial periplasmic transport system of putrescine; Belongs to the bacterial solute-binding protein PotD/PotF family.",7.384859,0.81927913,Polyamine Import,#14f7f0
Plate2_Drawer7 31-Jul-2025 10-59-37,F1,bioF,VC_1113,"8-amino-7-oxononanoate synthase; Catalyzes the decarboxylative condensation of pimeloyl-[acyl- carrier protein] and L-alanine to produce 8-amino-7-oxononanoate (AON), [acyl-carrier protein], and carbon dioxide.",4.742513,-5.01843,Biotin Biosynthesis,#ff9f1c
Plate2_Drawer7 31-Jul-2025 10-59-37,F10,WT,WT,,8.414206,9.83588,WT,#000000
Plate2_Drawer7 31-Jul-2025 10-59-37,F2,flgO,VC_2207,Hypothetical protein; Identified by Glimmer2; putative.,7.24429,0.86600566,Motility,#ff0004
Plate2_Drawer7 31-Jul-2025 10-59-37,F3,hslO,VC_2736,Conserved hypothetical protein; Redox regulated molecular chaperone. Protects both thermally unfolding and oxidatively damaged proteins from irreversible aggregation. Plays an important role in the bacterial defense system toward oxidative stress.,6.9499283,5.951478,Unclassified,#ff00c3
Plate2_Drawer7 31-Jul-2025 10-59-37,F4,bioC,VC_1114,Biotin synthesis protein BioC; Converts the free carboxyl group of a malonyl-thioester to its methyl ester by transfer of a methyl group from S-adenosyl-L- methionine (SAM). It allows to synthesize pimeloyl-ACP via the fatty acid synthetic pathway.,4.7285285,-5.1856256,Biotin Biosynthesis,#ff9f1c
Plate2_Drawer7 31-Jul-2025 10-59-37,F5,dnaN,VC_0013,"DNA polymerase III, beta chain; Confers DNA tethering and processivity to DNA polymerases and other proteins. Acts as a clamp, forming a ring around DNA (a reaction catalyzed by the clamp-loading complex) which diffuses in an ATP- independent manner freely and bidirectionally along dsDNA. Initially characterized for its ability to contact the catalytic subunit of DNA polymerase III (Pol III), a complex, multichain enzyme responsible for most of the replicative synthesis in bacteria; Pol III exhibits 3'-5' exonuclease proofreading activity. The beta chain is required for initiation of r [...] ",8.825588,4.0874443,Unclassified,#ff00c3
Plate2_Drawer7 31-Jul-2025 10-59-37,F6,mutH,VC_0668,DNA mismatch repair protein MutH; Sequence-specific endonuclease that cleaves unmethylated GATC sequences. It is involved in DNA mismatch repair; Belongs to the MutH family.,7.3798447,6.6383085,Unclassified,#ff00c3
Plate2_Drawer7 31-Jul-2025 10-59-37,F7,pabC,VC_2018,"4-amino-4-deoxychorismate lyase; Involved in the biosynthesis of p-aminobenzoate (PABA), a precursor of tetrahydrofolate. Converts 4-amino-4-deoxychorismate into 4-aminobenzoate (PABA) and pyruvate (By similarity).",7.4234753,3.0790985,Unclassified,#ff00c3
Plate2_Drawer7 31-Jul-2025 10-59-37,F8,lexA,VC_0092,"LexA repressor; Represses a number of genes involved in the response to DNA damage (SOS response), including recA and lexA. In the presence of single-stranded DNA, RecA interacts with LexA causing an autocatalytic cleavage which disrupts the DNA-binding part of LexA, leading to derepression of the SOS regulon and eventually DNA repair.",8.03148,2.7710166,Unclassified,#ff00c3
Plate2_Drawer7 31-Jul-2025 10-59-37,F9,VC_2271,VC_2271,"Riboflavin-specific deaminase; Converts 2,5-diamino-6-(ribosylamino)-4(3h)-pyrimidinone 5'- phosphate into 5-amino-6-(ribosylamino)-2,4(1h,3h)-pyrimidinedione 5'- phosphate; In the C-terminal section; belongs to the HTP reductase family.",8.619667,2.8788407,Unclassified,#ff00c3
Plate2_Drawer8 31-Jul-2025 10-59-37,A1,flgK,VC_2191,Flagellar hook-associated protein FlgM; Similar to PID:2443633; identified by sequence similarity; putative. HOOK FILSMENT JUNCTION,10.749038,10.134065,Motility,#ff0004
Plate2_Drawer8 31-Jul-2025 10-59-37,A10,VC_2523,VC_2523,Conserved hypothetical protein; Identified by Glimmer2; putative.,9.632978,8.35884,Unclassified,#ff00c3
Plate2_Drawer8 31-Jul-2025 10-59-37,A11,fliR,VC_2121,Flagellar biosynthetic protein FliR; Role in flagellar biosynthesis. Belongs to the FliR/MopE/SpaR family.,8.104001,-0.100314915,Motility,#ff0004
Plate2_Drawer8 31-Jul-2025 10-59-37,A12,argR,VC_0431,Arginine repressor; Regulates arginine biosynthesis genes.,9.318336,8.185003,Unclassified,#ff00c3
Plate2_Drawer8 31-Jul-2025 10-59-37,A2,flrB,VC_2136,Sensory box sensor histidine kinase; Similar to PID:2338728; identified by sequence similarity; putative.,8.963094,-0.03978684,Motility,#ff0004
Plate2_Drawer8 31-Jul-2025 10-59-37,A3,rjg,VC_0264,Conserved hypothetical protein; Identified by Glimmer2; putative.,10.38784,11.07591,Unclassified,#ff00c3
Plate2_Drawer8 31-Jul-2025 10-59-37,A4,fliA,VC_2066,RNA polymerase sigma factor for flagellar operon FliA; Sigma factors are initiation factors that promote the attachment of RNA polymerase to specific initiation sites and are then released. This sigma factor controls the expression of flagella-related genes; Belongs to the sigma-70 factor family. FliA subfamily.,9.06251,-0.11018256,Motility,#ff0004
Plate2_Drawer8 31-Jul-2025 10-59-37,A5,flgM,VC_2204,"Negative regulator of flagellin synthesis FlgM, putative; Similar to GB:L14437 SP:P39809 PID:451869 PID:1762336 GB:AL009126; identified by sequence similarity; putative.",9.851604,9.968899,Motility,#ff0004
Plate2_Drawer8 31-Jul-2025 10-59-37,A6,flrA,VC_2137,Sigma-54 dependent transcriptional activator; Similar to PID:2338727; identified by sequence similarity; putative.,10.967508,3.8789308,Motility,#ff0004
Plate2_Drawer8 31-Jul-2025 10-59-37,A7,VC_1291,VC_1291,Conserved hypothetical protein; Identified by Glimmer2; putative.,8.766936,6.884971,Unclassified,#ff00c3
Plate2_Drawer8 31-Jul-2025 10-59-37,A8,thiI,VC_0894,"Thiamin biosynthesis protein ThiI; Catalyzes the ATP-dependent transfer of a sulfur to tRNA to produce 4-thiouridine in position 8 of tRNAs, which functions as a near-UV photosensor. Also catalyzes the transfer of sulfur to the sulfur carrier protein ThiS, forming ThiS-thiocarboxylate. This is a step in the synthesis of thiazole, in the thiamine biosynthesis pathway. The sulfur is donated as persulfide by IscS.",9.582553,10.787275,Unclassified,#ff00c3
Plate2_Drawer8 31-Jul-2025 10-59-37,A9,flhB,VC_2120,"Flagellar biosynthetic protein FlhB; Required for formation of the rod structure in the basal body of the flagellar apparatus. Together with FliI and FliH, may constitute the export apparatus of flagellin; Belongs to the type III secretion exporter family.",8.121562,-0.12707816,Motility,#ff0004
Plate2_Drawer8 31-Jul-2025 10-59-37,B1,aroE,VC_0056,"Shikimate 5-dehydrogenase; Involved in the biosynthesis of the chorismate, which leads to the biosynthesis of aromatic amino acids. Catalyzes the reversible NADPH linked reduction of 3-dehydroshikimate (DHSA) to yield shikimate (SA).",9.4832535,10.396794,Unclassified,#ff00c3
Plate2_Drawer8 31-Jul-2025 10-59-37,B10,wbeN,VC_0251,Acyl protein synthase/acyl-CoA reductase RfbN; Similar to GB:X59554 PID:48393; identified by sequence similarity; putative.,11.773432,9.527857,O-Antigen Biosynthesis,#0096ff
Plate2_Drawer8 31-Jul-2025 10-59-37,B11,wbeL,VC_0249,rfbL protein; Similar to GB:X59554 PID:48391; identified by sequence similarity; putative.,2.1895056,-0.3301184,O-Antigen Biosynthesis,#0096ff
Plate2_Drawer8 31-Jul-2025 10-59-37,B12,pstB1,VC_0726,"Phosphate ABC transporter, ATP-binding protein; Part of the ABC transporter complex PstSACB involved in phosphate import. Responsible for energy coupling to the transport system; Belongs to the ABC transporter superfamily. Phosphate importer (TC 3.A.1.7) family.",10.303289,11.5157,Unclassified,#ff00c3
Plate2_Drawer8 31-Jul-2025 10-59-37,B4,VC_A0146,VC_A0146,Conserved hypothetical protein; Identified by Glimmer2; putative.,10.9352865,10.755011,Unclassified,#ff00c3
Plate2_Drawer8 31-Jul-2025 10-59-37,B5,VC_0289,VC_0289,Gluconate utilization system gnt-I transcriptional repressor; Similar to PID:1304069; identified by sequence similarity; putative.,9.086688,10.367681,Unclassified,#ff00c3
Plate2_Drawer8 31-Jul-2025 10-59-37,B6,VC_A0005,VC_A0005,Hypothetical protein; Identified by Glimmer2; putative.,8.83368,8.096926,Unclassified,#ff00c3
Plate2_Drawer8 31-Jul-2025 10-59-37,B8,mltF,VC_0866,"Transglycosylase, Slt family; Murein-degrading enzyme that degrades murein glycan strands and insoluble, high-molecular weight murein sacculi, with the concomitant formation of a 1,6-anhydromuramoyl product. Lytic transglycosylases (LTs) play an integral role in the metabolism of the peptidoglycan (PG) sacculus. Their lytic action creates space within the PG sacculus to allow for its expansion as well as for the insertion of various structures such as secretion systems and flagella. In the N-terminal section; belongs to the bacterial solute- binding protein 3 family.",9.817699,5.9459267,Unclassified,#ff00c3
Plate2_Drawer8 31-Jul-2025 10-59-37,B9,VC_A0726,VC_A0726,"Molybdenum ABC transporter, periplasmic molybdenum-binding protein; Similar to GB:L34009 SP:P37329 PID:504498 PID:973214 PID:1147817; identified by sequence similarity; putative.",9.470467,8.841228,Unclassified,#ff00c3
Plate2_Drawer8 31-Jul-2025 10-59-37,C1,VC_1885,VC_1885,Hypothetical protein; Identified by Glimmer2; putative.,2.3762918,6.0525775,Unclassified,#ff00c3
Plate2_Drawer8 31-Jul-2025 10-59-37,C10,flgF,VC_2196,Flagellar basal-body rod protein FlgF; Similar to GB:U00096 SP:P75938 PID:1787317; identified by sequence similarity; putative; Belongs to the flagella basal body rod proteins family.,7.126727,0.8834703,Motility,#ff0004
Plate2_Drawer8 31-Jul-2025 10-59-37,C11,VC_2441,VC_2441,Conserved hypothetical protein; Identified by Glimmer2; putative.,7.647816,5.8853426,Unclassified,#ff00c3
Plate2_Drawer8 31-Jul-2025 10-59-37,C12,VC_1710,VC_1710,Conserved hypothetical protein; Identified by Glimmer2; putative.,8.268014,8.8830805,Unclassified,#ff00c3
Plate2_Drawer8 31-Jul-2025 10-59-37,C2,aroQ,VC_0297,3-dehydroquinate dehydratase; Catalyzes a trans-dehydration via an enolate intermediate. Belongs to the type-II 3-dehydroquinase family.,6.6426983,6.5584245,Unclassified,#ff00c3
Plate2_Drawer8 31-Jul-2025 10-59-37,C3,VC_1359,VC_1359,"Amino acid ABC transporter, ATP-binding protein; Similar to PID:1154897; identified by sequence similarity; putative.",5.0838766,-4.245324,Unclassified,#ff00c3
Plate2_Drawer8 31-Jul-2025 10-59-37,C4,VC_A0328,VC_A0328,"Biphenyl-2,3-diol 1,2-dioxygenase III-related protein; Similar to GB:X75635 SP:P47233 PID:473121; identified by sequence similarity; putative.",11.112615,10.612517,Unclassified,#ff00c3
Plate2_Drawer8 31-Jul-2025 10-59-37,C5,VC_1350,VC_1350,"Antioxidant, putative; Thiol-specific peroxidase that catalyzes the reduction of hydrogen peroxide and organic hydroperoxides to water and alcohols, respectively. Plays a role in cell protection against oxidative stress by detoxifying peroxides; Belongs to the peroxiredoxin family. Prx5 subfamily.",10.793416,10.498324,Unclassified,#ff00c3
Plate2_Drawer8 31-Jul-2025 10-59-37,C6,manB,VC_0242,Phosphomannomutase; Involved in GDP-mannose biosynthesis which serves as the activated sugar nucleotide precursor for mannose residues in cell surface polysaccharides; Belongs to the phosphohexose mutase family.,10.079606,4.280188,O-Antigen Biosynthesis,#0096ff
Plate2_Drawer8 31-Jul-2025 10-59-37,C7,mrcA,VC_2635,Penicillin-binding protein 1A; Cell wall formation. Synthesis of cross-linked peptidoglycan from the lipid intermediates. The enzyme has a penicillin-insensitive transglycosylase N-terminal domain (formation of linear glycan strands) and a penicillin-sensitive transpeptidase C-terminal domain (cross- linking of the peptide subunits).,9.700101,2.513036,Unclassified,#ff00c3
Plate2_Drawer8 31-Jul-2025 10-59-37,C8,VC_A0079,VC_A0079,Conserved hypothetical protein; Identified by Glimmer2; putative.,9.956833,-1.3075866,Unclassified,#ff00c3
Plate2_Drawer8 31-Jul-2025 10-59-37,C9,potA,VC_1428,"Spermidine/putrescine ABC transporter, ATP-binding protein; Part of the ABC transporter complex PotABCD involved in spermidine/putrescine import. Responsible for energy coupling to the transport system; Belongs to the ABC transporter superfamily. Spermidine/putrescine importer (TC 3.A.1.11.1) family.",10.43828,1.7252133,Polyamine Import,#14f7f0
Plate2_Drawer8 31-Jul-2025 10-59-37,D1,VC_A0340,VC_A0340,Hypothetical protein; Identified by Glimmer2; putative.,11.111844,8.860653,Unclassified,#ff00c3
Plate2_Drawer8 31-Jul-2025 10-59-37,D10,bioD,VC_1115,"Dethiobiotin synthetase; Catalyzes a mechanistically unusual reaction, the ATP- dependent insertion of CO2 between the N7 and N8 nitrogen atoms of 7,8- diaminopelargonic acid (DAPA) to form an ureido ring.",4.8376517,-5.7793484,Biotin Biosynthesis,#ff9f1c
Plate2_Drawer8 31-Jul-2025 10-59-37,D11,flaA,VC_2188,Flagellin core protein A; Flagellin is the subunit protein which polymerizes to form the filaments of bacterial flagella. FlaA is required to form a core or scaffold into which the other flagellins are inserted to provide structural integrity. Essential for flagellar synthesis and motility; important for full virulence.,10.502689,-2.2194114,Motility,#ff0004
Plate2_Drawer8 31-Jul-2025 10-59-37,D12,wavL,VC_0239,Conserved hypothetical protein; Identified by Glimmer2; putative.,3.504031,-0.3502195,O-Antigen Biosynthesis,#0096ff
Plate2_Drawer8 31-Jul-2025 10-59-37,D2,VC_0745,VC_0745,Inositol monophosphate family protein; Similar to GB:M34828 SP:P22783 PID:147899 GB:U00096 PID:1788882; identified by sequence similarity; putative; Belongs to the inositol monophosphatase superfamily.,7.9108143,4.0226874,Unclassified,#ff00c3
Plate2_Drawer8 31-Jul-2025 10-59-37,D3,VC_2485,VC_2485,"Transcriptional regulator, LysR family; Similar to GB:D10483 SP:P10151 GB:M21150 PID:1128961 PID:146605; identified by sequence similarity; putative; Belongs to the LysR transcriptional regulatory family.",8.773761,2.8705149,Unclassified,#ff00c3
Plate2_Drawer8 31-Jul-2025 10-59-37,D4,rimO,VC_2620,Conserved hypothetical protein; Catalyzes the methylthiolation of an aspartic acid residue of ribosomal protein S12; Belongs to the methylthiotransferase family. RimO subfamily.,7.7772317,8.998681,Unclassified,#ff00c3
Plate2_Drawer8 31-Jul-2025 10-59-37,D5,bioA,VC_1111,"Adenosylmethionine-8-amino-7-oxononanoate aminotransferase; Catalyzes the transfer of the alpha-amino group from S- adenosyl-L-methionine (SAM) to 7-keto-8-aminopelargonic acid (KAPA) to form 7,8-diaminopelargonic acid (DAPA). It is the only animotransferase known to utilize SAM as an amino donor; Belongs to the class-III pyridoxal-phosphate-dependent aminotransferase family. BioA subfamily.",4.755135,-5.8315954,Biotin Biosynthesis,#ff9f1c
Plate2_Drawer8 31-Jul-2025 10-59-37,D6,wbeT,VC_0259,Lipopolysaccharide biosynthesis protein RfbV; Similar to GB:X59554 PID:48400 PID:1929424; identified by sequence similarity; putative.,4.8233547,-3.9410205,O-Antigen Biosynthesis,#0096ff
Plate2_Drawer8 31-Jul-2025 10-59-37,D8,flgT,VC_2208,Hypothetical protein; Identified by Glimmer2; putative.,10.778467,-1.8479491,Motility,#ff0004
Plate2_Drawer8 31-Jul-2025 10-59-37,D9,glyA1,VC_0941,"Serine hydroxymethyltransferase; Catalyzes the reversible interconversion of serine and glycine with tetrahydrofolate (THF) serving as the one-carbon carrier. This reaction serves as the major source of one-carbon groups required for the biosynthesis of purines, thymidylate, methionine, and other important biomolecules. Also exhibits THF-independent aldolase activity toward beta-hydroxyamino acids, producing glycine and aldehydes, via a retro-aldol mechanism.",6.16564,1.5563185,Unclassified,#ff00c3
Plate2_Drawer8 31-Jul-2025 10-59-37,E1,VC_1003,VC_1003,Bacteriocin production protein; Similar to GB:J01666 SP:P08550 PID:146367 PID:147415 GB:U00096; identified by sequence similarity; putative.,5.0934863,0.55206233,Unclassified,#ff00c3
Plate2_Drawer8 31-Jul-2025 10-59-37,E10,flgA,VC_2203,"Flagellar protein, putative; Similar to PID:1272364; identified by sequence similarity; putative.",10.863212,5.8168726,Motility,#ff0004
Plate2_Drawer8 31-Jul-2025 10-59-37,E11,VC_A0187,VC_A0187,Hypothetical protein; Identified by Glimmer2; putative.,9.082373,2.1961403,Unclassified,#ff00c3
Plate2_Drawer8 31-Jul-2025 10-59-37,E12,VC_1652,VC_1652,Response regulator VieA; Similar to GP:3123891; identified by sequence similarity; putative.,10.730489,11.728884,Unclassified,#ff00c3
Plate2_Drawer8 31-Jul-2025 10-59-37,E2,fliL,VC_2130,Flagellum-specific ATP synthase FliI; Similar to PID:1071643 SP:P52612 GB:U00096 PID:1736607 PID:1788251; identified by sequence similarity; putative.,9.322835,-1.0794939,Motility,#ff0004
Plate2_Drawer8 31-Jul-2025 10-59-37,E3,pdhE2,VC_2413,"Pyruvate dehydrogenase, E2 component, dihydrolipoamide acetyltransferase; The pyruvate dehydrogenase complex catalyzes the overall conversion of pyruvate to acetyl-CoA and CO(2).",5.252881,1.2825449,Pyruvate Flux,#39ff14
Plate2_Drawer8 31-Jul-2025 10-59-37,E4,VC_0134,VC_0134,Conserved hypothetical protein; Identified by Glimmer2; putative.,10.789555,11.647981,Unclassified,#ff00c3
Plate2_Drawer8 31-Jul-2025 10-59-37,E5,grx,VC_1146,Glutaredoxin 1; Has a glutathione-disulfide oxidoreductase activity in the presence of NADPH and glutathione reductase. Reduces low molecular weight disulfides and proteins (By similarity).,9.728279,10.982484,Unclassified,#ff00c3
Plate2_Drawer8 31-Jul-2025 10-59-37,E6,cheW,VC_2059,Purine-binding chemotaxis protein CheW; Similar to GB:M13462 SP:P07365 PID:145520 GB:U00096 PID:1736540; identified by sequence similarity; putative.,11.635121,5.0162654,Motility,#ff0004
Plate2_Drawer8 31-Jul-2025 10-59-37,E7,nfuA,VC_2720,"Conserved hypothetical protein; Involved in iron-sulfur cluster biogenesis. Binds a 4Fe-4S cluster, can transfer this cluster to apoproteins, and thereby intervenes in the maturation of Fe/S proteins. Could also act as a scaffold/chaperone for damaged Fe/S proteins.",6.857775,5.825036,Unclassified,#ff00c3
Plate2_Drawer8 31-Jul-2025 10-59-37,E8,groS2,VC_A0819,"Chaperonin, 10 Kd subunit; Binds to Cpn60 in the presence of Mg-ATP and suppresses the ATPase activity of the latter.",11.372846,11.871748,Unclassified,#ff00c3
Plate2_Drawer8 31-Jul-2025 10-59-37,E9,potD1,VC_1424,"Spermidine/putrescine ABC transporter, periplasmic spermidine/putrescine-binding protein; Required for the activity of the bacterial periplasmic transport system of putrescine; Belongs to the bacterial solute-binding protein PotD/PotF family.",9.336497,1.5784681,Polyamine Import,#14f7f0
Plate2_Drawer8 31-Jul-2025 10-59-37,F1,bioF,VC_1113,"8-amino-7-oxononanoate synthase; Catalyzes the decarboxylative condensation of pimeloyl-[acyl- carrier protein] and L-alanine to produce 8-amino-7-oxononanoate (AON), [acyl-carrier protein], and carbon dioxide.",4.8120527,-5.2874017,Biotin Biosynthesis,#ff9f1c
Plate2_Drawer8 31-Jul-2025 10-59-37,F10,WT,WT,,11.166172,11.918243,WT,#000000
Plate2_Drawer8 31-Jul-2025 10-59-37,F2,flgO,VC_2207,Hypothetical protein; Identified by Glimmer2; putative.,8.235023,2.2559745,Motility,#ff0004
Plate2_Drawer8 31-Jul-2025 10-59-37,F3,hslO,VC_2736,Conserved hypothetical protein; Redox regulated molecular chaperone. Protects both thermally unfolding and oxidatively damaged proteins from irreversible aggregation. Plays an important role in the bacterial defense system toward oxidative stress.,9.149704,7.1974664,Unclassified,#ff00c3
Plate2_Drawer8 31-Jul-2025 10-59-37,F4,bioC,VC_1114,Biotin synthesis protein BioC; Converts the free carboxyl group of a malonyl-thioester to its methyl ester by transfer of a methyl group from S-adenosyl-L- methionine (SAM). It allows to synthesize pimeloyl-ACP via the fatty acid synthetic pathway.,4.7601514,-5.9533005,Biotin Biosynthesis,#ff9f1c
Plate2_Drawer8 31-Jul-2025 10-59-37,F5,dnaN,VC_0013,"DNA polymerase III, beta chain; Confers DNA tethering and processivity to DNA polymerases and other proteins. Acts as a clamp, forming a ring around DNA (a reaction catalyzed by the clamp-loading complex) which diffuses in an ATP- independent manner freely and bidirectionally along dsDNA. Initially characterized for its ability to contact the catalytic subunit of DNA polymerase III (Pol III), a complex, multichain enzyme responsible for most of the replicative synthesis in bacteria; Pol III exhibits 3'-5' exonuclease proofreading activity. The beta chain is required for initiation of r [...] ",9.948747,3.234914,Unclassified,#ff00c3
Plate2_Drawer8 31-Jul-2025 10-59-37,F6,mutH,VC_0668,DNA mismatch repair protein MutH; Sequence-specific endonuclease that cleaves unmethylated GATC sequences. It is involved in DNA mismatch repair; Belongs to the MutH family.,8.223281,7.504296,Unclassified,#ff00c3
Plate2_Drawer8 31-Jul-2025 10-59-37,F7,pabC,VC_2018,"4-amino-4-deoxychorismate lyase; Involved in the biosynthesis of p-aminobenzoate (PABA), a precursor of tetrahydrofolate. Converts 4-amino-4-deoxychorismate into 4-aminobenzoate (PABA) and pyruvate (By similarity).",9.063093,2.8583612,Unclassified,#ff00c3
Plate2_Drawer8 31-Jul-2025 10-59-37,F8,lexA,VC_0092,"LexA repressor; Represses a number of genes involved in the response to DNA damage (SOS response), including recA and lexA. In the presence of single-stranded DNA, RecA interacts with LexA causing an autocatalytic cleavage which disrupts the DNA-binding part of LexA, leading to derepression of the SOS regulon and eventually DNA repair.",8.48181,3.2119374,Unclassified,#ff00c3
Plate2_Drawer8 31-Jul-2025 10-59-37,F9,VC_2271,VC_2271,"Riboflavin-specific deaminase; Converts 2,5-diamino-6-(ribosylamino)-4(3h)-pyrimidinone 5'- phosphate into 5-amino-6-(ribosylamino)-2,4(1h,3h)-pyrimidinedione 5'- phosphate; In the C-terminal section; belongs to the HTP reductase family.",8.394496,3.2858458,Unclassified,#ff00c3
