plate,well,geneLocus,Peak,Final,Early,Phenotype
TN-Plate03,A10,VC_A0049,0.979607213833919,0.0,0.0077735389765391,Normal
TN-Plate04,A10,VC_2074,0.747038092380022,0.0005768733048765,0.006303168377484,Normal
TN-Plate07,A10,VC_1156,0.735246711376421,0.0,0.0092247827474898,Normal
TN-Plate08,A10,VC_0199,0.740808511281446,0.006184655447911,0.0887883020383532,Normal
TN-Plate09,A10,VC_0800,0.643635232413396,0.0,0.0337423520311283,Normal
TN-Plate10,A10,VC_A0113,0.974192076921743,0.0,0.0063730508013631,Normal
TN-Plate11,A10,VC_2092,0.688929955457244,0.0,0.0160507197412199,Normal
TN-Plate12,A10,VC_0255/VC_A0373,0.877139133499453,0.0,0.0460053883991472,Normal
TN-Plate13,A10,VC_2161,0.830097033054764,0.0009533685051025,0.0098688026452272,Normal
TN-Plate14,A10,VC_1040,0.8844041744174,0.0018312452826399,0.0074526513660779,Normal
TN-Plate16,A10,VC_1188,0.972278454027871,9.22027424874754e-05,0.0066041875325808,Normal
TN-Plate17,A10,VC_0190,1.23649246225876,0.0365665555035407,0.0066648158187747,Normal
TN-Plate18,A10,VC_A0808,1.26166320347459,0.0013012414628035,0.0063489138916699,Normal
TN-Plate19,A10,VC_2198,1.40731110388789,0.255382989366438,0.0124840019372029,High Biofilm
TN-Plate20,A10,VC_1411,0.701929211446102,0.0001490402250196,0.0137356055624186,Normal
TN-Plate21,A10,VC_0421,0.905608801408909,0.0001764524057749,0.00606440726568,Normal
TN-Plate22,A10,VC_2236,0.784404661486326,0.003428716230713,0.0711607558753147,Normal
TN-Plate23,A10,VC_A1087,1.02421629857412,0.0,0.0067463766097631,Normal
TN-Plate24,A10,VC_A0538,0.747226468933401,0.0,0.0087652746276244,Normal
TN-Plate25,A10,VC_1794,0.959554560336169,1.42914443345513e-05,0.0152343551065582,Normal
TN-Plate26,A10,VC_1487,0.848679321345517,0.0003050365143364,0.0179823954654974,Normal
TN-Plate27,A10,VC_0599,0.709931918522715,0.0018119141855363,0.0089855350326791,Normal
TN-Plate28,A10,VC_0770,0.604504569422821,0.0020816062966124,0.0063278417369621,Normal
TN-Plate29,A10,VC_2389,0.423463115579693,0.0002640916936551,0.0078418140695216,Normal
TN-Plate30,A10,VC_A0739,0.730919000591191,0.0350056117893277,0.0422424208041724,Normal
TN-Plate31,A10,VC_A0263,0.723092815455654,6.88459768460752e-05,0.0148396092120746,Normal
TN-Plate32,A10,VC_0198,0.925999689237192,0.0003407369016116,0.0062708286467898,Normal
TN-Plate33,A10,VC_1113,1.35805178872301,1.29956965588084,0.0074114072021262,High Biofilm
TN-Plate01,A11,VC_A0883,0.860984106215057,2.36601324555871e-05,0.0107256559897576,Normal
TN-Plate02,A11,VC_1843,0.86072598088044,0.0027226999590624,0.0054618710552325,Normal
TN-Plate03,A11,VC_2286,0.610329046632829,0.0026103016480133,0.0136616950196923,Normal
TN-Plate04,A11,VC_2138,2.50089365307973,0.729918703472127,0.0101200094891416,High Biofilm
TN-Plate07,A11,VC_0972,0.79563608790098,0.0,0.0092989119241084,Normal
TN-Plate08,A11,VC_0581,0.823196958885758,0.0,0.0363095234064053,Normal
TN-Plate09,A11,VC_0231,0.800768885715362,0.0,0.0281310573380016,Normal
TN-Plate10,A11,VC_0309,0.869337080515146,0.0,0.0166664211404447,Normal
TN-Plate11,A11,VC_0053,0.524126339582222,0.0,0.0089671651004619,Normal
TN-Plate12,A11,VC_2310,0.979128813042512,0.0,0.0162881959384004,Normal
TN-Plate13,A11,VC_2416,0.981612023015837,0.0006238843706848,0.0066086424743837,Normal
TN-Plate14,A11,VC_2353,0.696672481982487,3.09661378890744e-05,0.0110919489099034,Normal
TN-Plate15,A11,VC_0499,0.414555120562483,0.000112498105801,0.0140750489034402,Normal
TN-Plate16,A11,VC_1360,0.999754277346156,0.0018528175855781,0.0066945081608128,Normal
TN-Plate17,A11,VC_1363,1.09378780153642,0.0308259888777419,0.0074384366218982,Normal
TN-Plate18,A11,VC_A0793,1.29845154205589,0.0024009361450437,0.0048750194557496,Normal
TN-Plate19,A11,VC_2432,1.03846048305835,0.0001913060754217,0.0042775647912747,Normal
TN-Plate20,A11,VC_A0833,0.841295929023048,0.0,0.0080498200952737,Normal
TN-Plate21,A11,VC_A0051,0.768089237629095,3.48681525898377e-05,0.0078323432903615,Normal
TN-Plate22,A11,VC_0269,2.84733493045917,0.548213083164342,0.0139906246015119,High Biofilm
TN-Plate23,A11,VC_2463,1.08008602906969,0.0009280608472859,0.0073230269156627,Normal
TN-Plate24,A11,VC_0568,0.910152006008335,8.16676449559573e-05,0.0060480742263422,Normal
TN-Plate25,A11,VC_A0065,0.845666848416839,0.0004793074398253,0.0106284476626797,Normal
TN-Plate26,A11,VC_0251,0.990750119992232,0.672423428365074,0.0393006440316268,Dispersal Defect
TN-Plate28,A11,VC_0425,1.02748484112016,0.0236614994053405,0.0063494657212238,Normal
TN-Plate29,A11,VC_1533,0.815119107750585,0.052563299688904,0.0249159093845025,Normal
TN-Plate30,A11,VC_A0378,0.732874726051902,0.0010393703286691,0.0075868153189786,Normal
TN-Plate31,A11,VC_A1089,0.754500121394682,0.0019916589961447,0.0089261926562062,Normal
TN-Plate32,A11,VC_0134,1.16398351416043,0.216339327845339,0.0080611155033785,Dispersal Defect
TN-Plate33,A11,VC_1279,0.893029306756083,0.0,0.0065088125414218,Normal
TN-Plate34,A11,VC_1863,0.329871284540242,0.0,0.0085735372960235,Normal
TN-Plate01,A12,VC_1578,0.861286822578433,0.0698156928582738,0.0459290799725321,Normal
TN-Plate02,A12,VC_0566,0.901088755886026,7.59541839673776e-05,0.0047686497736329,Normal
TN-Plate03,A12,VC_1746,0.897085281196752,0.0,0.0291443061913763,Normal
TN-Plate04,A12,VC_1687,0.967043410194546,0.0004708607751783,0.0128984355546921,Normal
TN-Plate07,A12,VC_0449,0.99175519748407,0.217883742878386,0.0051504428353869,Dispersal Defect
TN-Plate08,A12,VC_A0794,0.861066059642347,0.0003558898448167,0.029845249112254,Normal
TN-Plate10,A12,VC_1497,1.34959515443941,0.0001349036845268,0.0100844582681237,High Biofilm
TN-Plate11,A12,VC_A0991,0.879058927298085,7.65373782058982e-05,0.0071161276204433,Normal
TN-Plate12,A12,VC_2044,1.24360242268587,0.018277532207511,0.023755584695714,Normal
TN-Plate13,A12,VC_0543,0.911453562523217,9.61637397254957e-05,0.0056785790215753,Normal
TN-Plate14,A12,VC_A0440,0.956085702291688,0.0032414293372163,0.0055493704034563,Normal
TN-Plate15,A12,VC_2603,0.853962364655156,0.0001023836466156,0.0111980388964882,Normal
TN-Plate16,A12,VC_A0476,1.23159935581074,0.0317842709153417,0.0212858697088137,Normal
TN-Plate17,A12,VC_A0579,1.24343574661067,0.0004291115340027,0.0038591832838273,Normal
TN-Plate18,A12,VC_1503,1.27350798581327,0.0018404248726066,0.0047395300329929,Normal
TN-Plate19,A12,VC_A0085,0.991886723378364,7.03616376279522e-05,0.0070338884560836,Normal
TN-Plate20,A12,VC_0594,1.02515948229193,0.0024474142236669,0.0061678054400978,Normal
TN-Plate21,A12,VC_A0884,1.01539086102649,6.89618379203326e-05,0.0054503158389937,Normal
TN-Plate22,A12,VC_A0062,1.07506774252849,0.0028971146798021,0.0112249637904801,Normal
TN-Plate23,A12,VC_0938,0.403502574219955,0.0003339832325139,0.0091236520848531,Normal
TN-Plate24,A12,VC_0977,0.938575229347681,0.0003272281788632,0.0058063609109122,Normal
TN-Plate25,A12,VC_A0307,0.879441158073873,0.0,0.0061922856938971,Normal
TN-Plate26,A12,VC_2489,1.05489958903072,0.0294210118924312,0.0112564941754384,Normal
TN-Plate27,A12,VC_A0875,0.78312722621722,0.0004098072923437,0.0047311206353863,Normal
TN-Plate28,A12,VC_A0586,0.879331673877895,0.0,0.007427424064488,Normal
TN-Plate29,A12,VC_A0340,0.856592737867391,0.459528011080359,0.0212897045836566,Dispersal Defect
TN-Plate30,A12,VC_1920,1.12850326152881,0.0001913850307119,0.0050106823101184,Normal
TN-Plate31,A12,VC_0263,0.981224343232989,0.0002215273759044,0.0055101157062422,Normal
TN-Plate32,A12,VC_1049,1.01762598235118,0.0016937134968119,0.0071509928426257,Normal
TN-Plate01,A1,VC_0739,1.09283037941536,0.0025425056077178,0.006179168001498,Normal
TN-Plate02,A1,VC_A0494,1.00570244837972,0.0022849713859012,0.0089037275017314,Normal
TN-Plate03,A1,VC_1776,0.811206525993308,0.0,0.0127079823337355,Normal
TN-Plate04,A1,VC_1750,1.13551570156607,6.69855399793254e-05,0.0109172943623263,Normal
TN-Plate07,A1,VC_A0381,1.03959982361639,0.0066085359897659,0.0057073189361744,Normal
TN-Plate08,A1,VC_1266,0.871187855950702,0.0292263862354702,0.0516543521766332,Normal
TN-Plate09,A1,VC_2561,1.06308476829422,0.0013413740576825,0.0142505357600929,Normal
TN-Plate10,A1,VC_0302,0.939892495713402,0.0,0.0205677012387349,Normal
TN-Plate11,A1,VC_1851,0.983936470072624,0.0006592370801656,0.0101997155794288,Normal
TN-Plate12,A1,VC_1267,0.925395418310666,3.74617326327727e-05,0.0116972239147794,Normal
TN-Plate13,A1,VC_1218,1.0399658701908,0.0048024295752444,0.0114142984222981,Normal
TN-Plate14,A1,VC_1309,0.897734595485392,1.69558521598608e-05,0.0067708157868498,Normal
TN-Plate15,A1,VC_A0767,0.996156098242752,1.74009717663606e-05,0.0118170049168084,Normal
TN-Plate16,A1,VC_2660,0.911704345454584,0.082601370054357,0.0096653533886389,Normal
TN-Plate17,A1,VC_1653,1.28525695477458,0.0122693061068351,0.0081180937229051,Normal
TN-Plate18,A1,VC_A1100,1.32760007286994,0.0082108663464856,0.0065227634141072,Normal
TN-Plate19,A1,VC_A0369,0.856843140109489,0.0015804095401105,0.0082151556337169,Normal
TN-Plate20,A1,VC_0666,1.01051646197518,6.50686988540439e-06,0.0068165624118543,Normal
TN-Plate21,A1,VC_0635,1.03870630032555,0.0078293908951097,0.0155268713971741,Normal
TN-Plate22,A1,VC_1757,1.06710587400129,0.0052566460782191,0.0232413882842129,Normal
TN-Plate23,A1,VC_0168,0.679318096315861,2.2506831331644e-05,0.0317880997371175,Normal
TN-Plate24,A1,VC_A0890,1.13680460665675,0.0008577889931026,0.0075524562757766,Normal
TN-Plate25,A1,VC_2442,0.970291629266133,0.0016269619571098,0.0081789290948687,Normal
TN-Plate26,A1,VC_2498,1.24107877662095,0.0045586554860373,0.0080641862140624,Normal
TN-Plate27,A1,VC_0178,0.808008532112472,0.000143778071244,0.0074998196439407,Normal
TN-Plate28,A1,VC_2283,0.852311952839343,0.0001963724211756,0.0166235239298296,Normal
TN-Plate29,A1,VC_A0969,0.783242538505683,0.0063378061899725,0.0092817862192195,Normal
TN-Plate30,A1,VC_2042,1.05687442131348,0.0022369912988882,0.0077477276366439,Normal
TN-Plate31,A1,VC_0100,1.0184241938018,0.0023364625045272,0.0073333791496136,Normal
TN-Plate32,A1,VC_2413,1.37464049677835,0.0386933306536588,0.0072453648733474,High Biofilm
TN-Plate33,A1,VC_2746,1.33113183220062,0.0010379958298873,0.0069005945039711,Normal
TN-Plate34,A1,VC_2305,0.509700766677943,0.0009287937420989,0.0099322743527697,Normal
TN-Plate01,A2,VC_0663,0.946777873698389,0.0086747157317611,0.0147036225585141,Normal
TN-Plate02,A2,VC_A0310,0.915590834018831,0.000215055091326,0.0088257558233916,Normal
TN-Plate03,A2,VC_0481,0.999652642643203,0.0243755767646287,0.0080319169246219,Normal
TN-Plate04,A2,VC_2221,0.745754755443181,0.0051025243116217,0.019098033810336,Normal
TN-Plate07,A2,VC_A0108,0.910323504278497,0.0,0.014758530984868,Normal
TN-Plate08,A2,VC_1138,0.483636946057702,0.0168323309071596,0.0495720398640369,Normal
TN-Plate09,A2,VC_1986,0.898984232238849,0.0057650803098744,0.0118817268125984,Normal
TN-Plate10,A2,VC_2325,0.801282861605821,0.100847106488611,0.0272370454519933,Normal
TN-Plate11,A2,VC_0224,1.32774316117709,0.0758798356976067,0.0168316214065788,Normal
TN-Plate12,A2,VC_1097,0.866680045186111,0.154019840275544,0.129360757285413,Dispersal Defect
TN-Plate13,A2,VC_A0564,0.910677644747746,0.0029353135693882,0.0114268812396096,Normal
TN-Plate14,A2,VC_A1063,0.883862181011225,0.0011848860006657,0.0123104819020757,Normal
TN-Plate15,A2,VC_A0762,0.580605442155433,0.0030395734412444,0.0231363927107037,Normal
TN-Plate16,A2,VC_A0227,1.22614777825644,0.0248495115008558,0.0077558743985636,Normal
TN-Plate17,A2,VC_A0753,1.17950381023113,0.003720601856606,0.0149872917885319,Normal
TN-Plate18,A2,VC_1365,1.33036068220979,0.0235873598088572,0.0060017483332788,Normal
TN-Plate20,A2,VC_1752,1.11843973781665,0.0021546293441215,0.0078987807190275,Normal
TN-Plate21,A2,VC_1902,0.9024931589275,0.0033737255165381,0.0110884943657852,Normal
TN-Plate22,A2,VC_1784,1.21767190055637,0.0242276783962155,0.0061475885925485,Normal
TN-Plate23,A2,VC_2604,1.10685208952011,0.0077138570670634,0.0126216608069397,Normal
TN-Plate24,A2,VC_2551,0.914648359557413,6.91212160700048e-05,0.012915237944938,Normal
TN-Plate26,A2,VC_A0610,0.848847373169742,0.0296302710532179,0.0262212504772528,Normal
TN-Plate27,A2,VC_0922,0.0770894465690294,0.0009307899855754,0.0062216393876879,Low Biofilm
TN-Plate28,A2,VC_2276,0.738464292807525,0.0,0.0077543909830183,Normal
TN-Plate29,A2,VC_0725,0.771587239284512,0.0,0.0087488476395865,Normal
TN-Plate30,A2,VC_1513,0.891605445022208,0.0,0.0066962194092068,Normal
TN-Plate31,A2,VC_1976,0.887949977380287,0.0068925170434692,0.0069459090625853,Normal
TN-Plate32,A2,VC_1199,0.768702956486041,0.0,0.006401172239193,Normal
TN-Plate33,A2,VC_A0912,0.728681290073098,0.0021340926934819,0.0243440738355494,Normal
TN-Plate34,A2,VC_0787,0.898661750576163,0.0236934767926233,0.005972714999395,Normal
TN-Plate01,A3,VC_2659,1.01540290884193,0.108425845887773,0.0268753175137244,Normal
TN-Plate02,A3,VC_2536,0.964380356880779,0.0011735377458387,0.007949324876262,Normal
TN-Plate03,A3,VC_A0977,1.0417249857289,0.0005600804568058,0.008296098533236,Normal
TN-Plate04,A3,VC_A0729,0.704810528139659,0.0006566378173844,0.009771999148392,Normal
TN-Plate07,A3,VC_0913,0.98651493663221,0.0119866374966703,0.0062367556539426,Normal
TN-Plate08,A3,VC_A0258,0.770625547692875,0.0071314378830128,0.0362027771503848,Normal
TN-Plate09,A3,VC_2316,0.818214709626946,0.0,0.0126005105471292,Normal
TN-Plate10,A3,VC_1766,0.881423699237927,0.0014004853471085,0.012229315947055,Normal
TN-Plate11,A3,VC_2627,1.55904606604083,0.0001977718734839,0.028804912515418,High Biofilm
TN-Plate12,A3,VC_1618,0.915416726710559,0.0098059605185335,0.0135733097119498,Normal
TN-Plate13,A3,VC_1384,1.19078429850012,0.0039014665279585,0.032020389893485,Normal
TN-Plate14,A3,VC_2531,0.869637592012201,0.0008858178233434,0.0068788901600672,Normal
TN-Plate15,A3,VC_1627,0.781616310532489,0.0001266714958954,0.0124483889196628,Normal
TN-Plate16,A3,VC_2086,1.1972724042343,0.0033330517734224,0.006175625258331,Normal
TN-Plate17,A3,VC_1276,1.1904754091507,0.0020351886840578,0.0063686783626033,Normal
TN-Plate18,A3,VC_A1034,1.11217751837479,0.0040903769329809,0.0053076951920153,Normal
TN-Plate19,A3,VC_A0938,1.02300454405167,0.0007018940757693,0.0058861248213411,Normal
TN-Plate20,A3,VC_0915,1.03073817848338,0.0002006422395705,0.0074812631609647,Normal
TN-Plate21,A3,VC_0408,0.90216202594517,0.0001989292371258,0.0056885100724241,Normal
TN-Plate22,A3,VC_2267,1.39639143397772,0.0334468515434808,0.0144990898923471,High Biofilm
TN-Plate23,A3,VC_A0839,0.796441094530336,0.0008771875817143,0.0492083992136252,Normal
TN-Plate24,A3,VC_0495,1.06167865461589,0.0007663704244178,0.0067851306526621,Normal
TN-Plate25,A3,VC_2081,0.986199487215613,0.0003753838895315,0.0105681823936516,Normal
TN-Plate26,A3,VC_1692,0.981885178204684,0.027641945921056,0.0405963880508165,Normal
TN-Plate28,A3,VC_1109,0.778630791809499,0.0,0.0105571946214488,Normal
TN-Plate29,A3,VC_A0203,0.648565518595022,0.0,0.0083118394310189,Normal
TN-Plate30,A3,VC_A1094,0.55992305817714,0.0002251973882922,0.0097786092767044,Normal
TN-Plate31,A3,VC_2104,1.26881582511886,0.0011602861948896,0.0042446854862636,Normal
TN-Plate32,A3,VC_A0635,1.07628557219048,0.0,0.0064694635849653,Normal
TN-Plate33,A3,VC_A0325,0.780317046918488,0.0007849745753647,0.0222858049650704,Normal
TN-Plate34,A3,VC_0715,0.981180562032382,0.0704085914623701,0.0065768920856567,Normal
TN-Plate01,A4,VC_1564,0.712489323049772,0.0,0.0158524698029669,Normal
TN-Plate02,A4,VC_A0107,1.0943296699848,0.0010778863039825,0.0044754098275976,Normal
TN-Plate03,A4,VC_A0920,1.03032099685165,0.050628620810978,0.0097047588092446,Normal
TN-Plate04,A4,VC_1612,0.778631850028589,0.0009504112851236,0.01537402339446,Normal
TN-Plate07,A4,VC_A0992,0.867311325282042,0.0,0.0082831765250311,Normal
TN-Plate08,A4,VC_1719,0.869722160298329,0.0017114555821633,0.0170453733577227,Normal
TN-Plate09,A4,VC_0116,0.894439624508133,0.0018976522777877,0.0081989617143388,Normal
TN-Plate10,A4,VC_0990,1.11979797411178,0.0,0.0133855702964625,Normal
TN-Plate11,A4,VC_1026,0.597237748202412,0.0,0.0112656065743449,Normal
TN-Plate12,A4,VC_0349,1.00735873974039,0.0908642786855503,0.0725104235594567,Normal
TN-Plate13,A4,VC_1393,0.906390149170819,0.0001306200531879,0.0089399396732762,Normal
TN-Plate14,A4,VC_1117,0.914845517701008,0.0005930818602785,0.006850412531464,Normal
TN-Plate15,A4,VC_A0042,0.824158873444022,0.0,0.0159483376259647,Normal
TN-Plate16,A4,VC_2348,1.20080187954904,0.0141964984776952,0.0063339080366308,Normal
TN-Plate17,A4,VC_2717,1.18072804471884,0.0077265835714548,0.0059555498487126,Normal
TN-Plate18,A4,VC_2212,1.11048538618865,0.000898847469625,0.0057977745210447,Normal
TN-Plate19,A4,VC_2340,0.868520072005743,0.0001848471507694,0.0107502550237593,Normal
TN-Plate20,A4,VC_0932,0.367073253783922,0.0005508981858879,0.0062562222761543,Normal
TN-Plate21,A4,VC_2555,0.916150120140324,0.0067999812886181,0.0129468985860393,Normal
TN-Plate22,A4,VC_2225,1.10521244301701,0.0437983102562989,0.0067400003738903,Normal
TN-Plate23,A4,VC_1990,0.867447293130438,0.0006121128331362,0.0636716870477269,Normal
TN-Plate24,A4,VC_A0362,0.800819934016595,0.0045459778553446,0.014789960775016,Normal
TN-Plate25,A4,VC_0237,0.788361892701187,0.0,0.0121640831344884,Normal
TN-Plate26,A4,VC_0181,1.02211940276207,0.0044653390297427,0.0115509388640364,Normal
TN-Plate27,A4,VC_A0094,0.915818537495747,0.0002204435742866,0.0061119312025649,Normal
TN-Plate28,A4,VC_A1044,0.684614389412005,0.0130284584799105,0.0222340529590712,Normal
TN-Plate29,A4,VC_1225,0.729116250949485,0.0456787221763295,0.0133385512840791,Normal
TN-Plate30,A4,VC_1066,0.893154460284247,0.0002786831892708,0.0085938447543153,Normal
TN-Plate31,A4,VC_2750,0.885091993207614,0.0019683102218766,0.0072048175799303,Normal
TN-Plate32,A4,VC_0257/VC_1789/VC_A0371/VC_A0508/VC_A0791,0.907980952925584,0.001009964637138,0.0071533524337852,Normal
TN-Plate33,A4,VC_1921,0.394340444617896,0.000394899554194,0.0066742889500259,Normal
TN-Plate34,A4,VC_1632,0.899972684712698,0.0114811951799983,0.0049315398870689,Normal
TN-Plate01,A5,VC_A1029,0.650782945554232,0.0001013873785713,0.0173680628320845,Normal
TN-Plate02,A5,VC_2327,0.856900104978818,0.0035373845471311,0.0073062472443135,Normal
TN-Plate03,A5,VC_A0349,0.947546858288612,0.0872093678704634,0.0072698230746376,Normal
TN-Plate04,A5,VC_0773,0.772418865764805,0.0049871650150335,0.0069513049740907,Normal
TN-Plate07,A5,VC_A0656,0.860266056291295,0.0134600513810067,0.014124585905527,Normal
TN-Plate08,A5,VC_2197,1.64432915682821,0.267783518942636,0.0093652547956596,High Biofilm
TN-Plate09,A5,VC_2484,0.683873191438476,0.0001522871173861,0.0190656565150041,Normal
TN-Plate10,A5,VC_0195,0.975020411603319,0.0048105739444183,0.0038298696776462,Normal
TN-Plate11,A5,VC_1922,0.800134769148232,0.0011170130979202,0.018509917575204,Normal
TN-Plate12,A5,VC_2735,0.780886170135319,0.0,0.0206491139906811,Normal
TN-Plate13,A5,VC_2540,0.875860066905136,0.0025740537679771,0.0072421906465546,Normal
TN-Plate14,A5,VC_0796,0.984962532932993,0.0004319360403361,0.0066445043573321,Normal
TN-Plate15,A5,VC_A0651,0.85559632550045,0.0002410096092601,0.0051471342658546,Normal
TN-Plate16,A5,VC_0423,0.933722127865995,0.001308345146187,0.006139249192063,Normal
TN-Plate17,A5,VC_1455/VC_1464,1.33322119850299,0.0155083920868203,0.0065201378939344,Normal
TN-Plate18,A5,VC_A0848,0.894348676513644,0.0002967832531752,0.0042113083214321,Normal
TN-Plate19,A5,VC_A0077,0.9428805492214,0.0004760866683059,0.0045097420667014,Normal
TN-Plate20,A5,VC_1496,1.30456917836835,0.0026117338907047,0.0058126813706918,Normal
TN-Plate21,A5,VC_1052,0.90332805713293,3.18913690418854e-05,0.0094342458254181,Normal
TN-Plate22,A5,VC_A0137,1.09486116530265,0.0063796748849995,0.0094624055464274,Normal
TN-Plate23,A5,VC_2192,1.01978922096917,0.0175814166383045,0.0366745843875236,Normal
TN-Plate24,A5,VC_0290,0.687121368084805,4.84446022935047e-05,0.0118290449819278,Normal
TN-Plate25,A5,VC_2642,0.962587506063019,0.0001614533614359,0.0089777884661497,Normal
TN-Plate26,A5,VC_2444,1.17331660553382,0.0044111445058058,0.0094871841958668,Normal
TN-Plate27,A5,VC_0183,0.798198768972043,0.0004449712065921,0.0066233997797622,Normal
TN-Plate28,A5,VC_1929,0.593959812140292,0.0,0.0114618532990587,Normal
TN-Plate29,A5,VC_2646,0.421453834108527,0.0102921527073433,0.006451251635704,Normal
TN-Plate30,A5,VC_1023,0.817178599792822,0.0,0.0087668889111419,Normal
TN-Plate31,A5,VC_A0155,0.771186056202156,0.0023082269515687,0.005985050208848,Normal
TN-Plate32,A5,VC_1146,1.38224670284354,0.0514013871855237,0.0211460056010413,High Biofilm
TN-Plate33,A5,VC_2207,2.34312147523038,0.512734636678955,0.007006139012458,High Biofilm
TN-Plate34,A5,VC_1261,0.789986564160723,0.0001251451393069,0.0061708889746575,Normal
TN-Plate01,A6,VC_1760,0.648710272623487,0.0,0.0280036247095873,Normal
TN-Plate02,A6,VC_2516,0.809440515682417,0.0098339197936037,0.0075391107232627,Normal
TN-Plate04,A6,VC_1277,1.14345744913294,0.0005143113410328,0.0055570989629982,Normal
TN-Plate07,A6,VC_1566,0.776391594985784,0.0,0.0059967584791504,Normal
TN-Plate08,A6,VC_0907,0.558443140448608,0.005662392194149,0.038396857269484,Normal
TN-Plate09,A6,VC_A1047,0.72350749697145,0.0,0.0322028689219694,Normal
TN-Plate10,A6,VC_0365,0.832736984639565,0.0,0.0063008753648856,Normal
TN-Plate11,A6,VC_0947,1.03205749064663,0.0004389149061,0.0095631225996649,Normal
TN-Plate12,A6,VC_2546,1.09279266066006,0.0006728761060738,0.0085994722153775,Normal
TN-Plate13,A6,VC_1970,1.1377621707338,0.0026191896517591,0.0064145780046652,Normal
TN-Plate14,A6,VC_1874,0.962762723779726,0.0010312373991137,0.0059375478402476,Normal
TN-Plate15,A6,VC_0785,0.750936867804831,0.0003413396070684,0.0081586910609395,Normal
TN-Plate16,A6,VC_A0158,1.14498404892898,0.0140357710301712,0.0065178045937566,Normal
TN-Plate17,A6,VC_A0210,1.01730548712375,0.0003786223585037,0.0046441655801407,Normal
TN-Plate18,A6,VC_A0950/VC_A0951,1.26155862711023,0.0089560515967313,0.0082934769297782,Normal
TN-Plate19,A6,VC_1399,0.832141210434292,0.000382722192132,0.0066659749449667,Normal
TN-Plate20,A6,VC_1468/VC_1474,0.841417574720824,0.0091899390171116,0.0067431149636779,Normal
TN-Plate21,A6,VC_2355,0.772180077888018,1.02930251883025e-05,0.0083005781373986,Normal
TN-Plate22,A6,VC_0151,0.888611523766067,0.0005431144030274,0.0132328802942911,Normal
TN-Plate23,A6,VC_A1055,0.798120842615159,0.0001342364661937,0.0133671482138525,Normal
TN-Plate24,A6,VC_0688,0.7492893332822,0.0,0.0115826494549461,Normal
TN-Plate25,A6,VC_0511,0.860413611380688,3.41927935919159e-05,0.00632595142315,Normal
TN-Plate26,A6,VC_1137,1.28522248188806,0.0002858526483544,0.0064844046172225,Normal
TN-Plate27,A6,VC_0432,0.588585743062566,0.0002510802958738,0.006735583467651,Normal
TN-Plate28,A6,VC_A0236,0.576781082709111,0.000449995516177,0.0092214156275662,Normal
TN-Plate29,A6,VC_0213,0.813156182784046,0.0067359947643371,0.0085377167081855,Normal
TN-Plate30,A6,VC_0460,0.759334001231265,0.0118467353142789,0.0162645790520002,Normal
TN-Plate31,A6,VC_0658,0.771648712156839,0.0,0.0072103780591945,Normal
TN-Plate32,A6,VC_1148,0.61393281536694,0.0017538301258348,0.0055171142036853,Normal
TN-Plate33,A6,VC_0766,0.673785230581332,0.0062414477867028,0.005738096537209,Normal
TN-Plate34,A6,VC_0769,0.872687761983114,0.0461379920892788,0.0041331549692365,Normal
TN-Plate02,A7,VC_A0766,0.888836769013956,0.0001677563043246,0.0043802517393706,Normal
TN-Plate03,A7,VC_1534,1.03157088018968,0.0,0.005545947554565,Normal
TN-Plate04,A7,VC_A1081,1.05175294972063,0.318971946048928,0.0112938009408787,Dispersal Defect
TN-Plate07,A7,VC_A0521,0.818827799133067,0.0,0.0060576882717343,Normal
TN-Plate08,A7,VC_1567,0.615670115729605,0.0030036967913564,0.0588015666507248,Normal
TN-Plate09,A7,VC_1711,0.890764214616524,0.0004284069557431,0.009924499639124,Normal
TN-Plate10,A7,VC_1509,1.00418916791179,0.0030991324497327,0.005979577764815,Normal
TN-Plate11,A7,VC_A0828,0.724380356686528,0.0005650162006615,0.0087787103014231,Normal
TN-Plate12,A7,VC_2493,0.623190242005492,0.0,0.0178070024919265,Normal
TN-Plate13,A7,VC_A0976,0.600878281977162,0.0001223752665709,0.0082200297849395,Normal
TN-Plate14,A7,VC_0256/VC_1790/VC_A0372,0.958403275052138,0.0034941829313401,0.0080128586367304,Normal
TN-Plate15,A7,VC_0049,0.736988283752288,0.0001434306680965,0.0058680443466723,Normal
TN-Plate16,A7,VC_A0900,1.15960332796787,0.0647593846036715,0.0056857520400767,Normal
TN-Plate17,A7,VC_A1001,1.10737959914767,0.0033936730746521,0.005557841675623,Normal
TN-Plate18,A7,VC_A0986,1.0940416964099,0.0001859298401511,0.0051618401721028,Normal
TN-Plate19,A7,VC_A0010,0.816538713096242,5.02821606981258e-05,0.0046874378811439,Normal
TN-Plate20,A7,VC_1540,0.837063239628769,0.0001101005025197,0.0070942615068897,Normal
TN-Plate21,A7,VC_2367,0.655379698219534,0.000116823758599,0.0055575134066772,Normal
TN-Plate22,A7,VC_1416,0.931818808294624,0.0049295570067272,0.0064228638963826,Normal
TN-Plate23,A7,VC_2136,2.07119569103186,0.263476239344321,0.0064172259907809,High Biofilm
TN-Plate24,A7,VC_2637,0.776230634168534,0.0,0.0094547944272868,Normal
TN-Plate25,A7,VC_2454,0.737835715275071,0.0005217769598777,0.0073762750016207,Normal
TN-Plate26,A7,VC_1647,0.932588971043605,0.0026826680295921,0.011004123790687,Normal
TN-Plate27,A7,VC_2544,0.854897244151853,0.0012315251241931,0.0063046311406683,Normal
TN-Plate28,A7,VC_1244,0.74205856850246,0.0002154473853915,0.0110226784865591,Normal
TN-Plate29,A7,VC_2037,0.622680160620746,0.0020416326799847,0.0113259048575638,Normal
TN-Plate30,A7,VC_A0812,0.792074126213755,0.0001280035099825,0.008696096882983,Normal
TN-Plate31,A7,VC_0941,1.34383594595422,1.20290083798604,0.0052216281369405,High Biofilm
TN-Plate32,A7,VC_0266,0.840565864498705,0.0057252615375448,0.0052634151832156,Normal
TN-Plate33,A7,VC_0379,1.21597609730762,0.0009904459146133,0.0062310351844962,Normal
TN-Plate34,A7,VC_2371,0.747681393022292,0.0136693177835885,0.0056009856079774,Normal
TN-Plate01,A8,VC_1888,0.881210133416914,0.0006749232315656,0.013236923626961,Normal
TN-Plate02,A8,VC_2269,0.774244852527174,0.0,0.0034609983849253,Normal
TN-Plate03,A8,VC_0278,0.914251213972471,0.0290518392562451,0.0090325460697236,Normal
TN-Plate04,A8,VC_2566,0.816572478388203,0.0003351969234876,0.0072437229498156,Normal
TN-Plate07,A8,VC_1498,1.12534050642398,0.489396335737737,0.0135785908749982,Dispersal Defect
TN-Plate08,A8,VC_2344,0.805688978784246,0.0009027100812655,0.0724752413471402,Normal
TN-Plate09,A8,VC_2341,0.657461398519737,0.000154869590383,0.0368384064817868,Normal
TN-Plate11,A8,VC_A0301,0.822109001163098,0.0008898004733096,0.0065859852154011,Normal
TN-Plate12,A8,VC_A0800,2.82459037861471,1.9865552428781,0.0124458130545959,High Biofilm
TN-Plate13,A8,VC_A0021,0.828199765734683,0.0007231450127695,0.0080879264441766,Normal
TN-Plate14,A8,VC_1577,0.957750508075659,0.0016118699424315,0.0049285628095919,Normal
TN-Plate15,A8,VC_0826,0.741562472842172,0.0,0.0049558294593513,Normal
TN-Plate16,A8,VC_2054,0.843480983237808,0.0,0.0039429638998883,Normal
TN-Plate17,A8,VC_1129,1.1407263511856,0.0011731660780321,0.0045668369027959,Normal
TN-Plate18,A8,VC_0956,1.16006704197109,0.0044600536795013,0.0042721228537604,Normal
TN-Plate19,A8,VC_1249,0.642582570918067,0.0001175718410836,0.0080869034967641,Normal
TN-Plate20,A8,VC_0676,0.694461683123239,0.0020181264363912,0.0103010885914346,Normal
TN-Plate21,A8,VC_A0546,1.02664354200515,0.0001090497584191,0.0044156486705004,Normal
TN-Plate22,A8,VC_0139,0.979236847213427,0.0036696512664542,0.0067567871432336,Normal
TN-Plate23,A8,VC_0333,1.03414640813764,0.0050225614119471,0.0083093869910914,Normal
TN-Plate24,A8,VC_A0836,0.952715159776892,0.0001969232054302,0.0045454024011874,Normal
TN-Plate25,A8,VC_A0823,0.422441852488491,0.0,0.0155518854985194,Normal
TN-Plate26,A8,VC_A0757,0.890633718807445,0.0014666802371413,0.0111258412248016,Normal
TN-Plate27,A8,VC_1622,0.83039255426519,6.76845912533302e-06,0.0038899964132346,Normal
TN-Plate28,A8,VC_0501,0.590971739173572,0.000955602930722,0.0075417058305592,Normal
TN-Plate29,A8,VC_0556,0.734107826323572,0.0001919488441017,0.0069652183570013,Normal
TN-Plate30,A8,VC_0959,0.901213000984873,0.0,0.0068564496843092,Normal
TN-Plate31,A8,VC_1115,1.73364869049737,0.295091312945501,0.0049569162254664,High Biofilm
TN-Plate32,A8,VC_0848,1.04566781985096,5.77811038174043e-05,0.0039512560140032,Normal
TN-Plate33,A8,VC_1806,0.681779280967297,0.0040924717474773,0.018639199996043,Normal
TN-Plate34,A8,VC_A0535,1.24613800073451,0.032040775290322,0.0052844475667152,Normal
TN-Plate01,A9,VC_1149,0.945169511625341,0.0003270101784359,0.0096733129753502,Normal
TN-Plate02,A9,VC_1426,1.32445208925855,0.260339673538731,0.004823713823701,Dispersal Defect
TN-Plate03,A9,VC_A0737,0.951270938181108,6.98766723969274e-06,0.0153185077697073,Normal
TN-Plate04,A9,VC_0200,0.981012840973576,0.008231252547877,0.0085420274971575,Normal
TN-Plate07,A9,VC_1979,0.689682775971085,0.000349282458243,0.0131463822687197,Normal
TN-Plate08,A9,VC_0044,0.706818084814306,0.0097294469114178,0.0285069915354085,Normal
TN-Plate09,A9,VC_2456,0.808245429894239,2.09325610718394e-05,0.0123435667528199,Normal
TN-Plate10,A9,VC_A0815,1.1553464566156,8.71207264149541e-05,0.0103880766184674,Normal
TN-Plate11,A9,VC_A0881,0.786658342376216,0.0,0.0091947605179883,Normal
TN-Plate12,A9,VC_2625,0.0119396798300363,0.0078799752807848,0.0067969359233097,Low Biofilm
TN-Plate13,A9,VC_A0929,0.854459219265395,0.0036924580709432,0.0078302048503104,Normal
TN-Plate14,A9,VC_1725,1.08071364094434,0.0012041598252018,0.00673290308965,Normal
TN-Plate15,A9,VC_0780,0.885504455120757,0.000215735132545,0.0047481755111671,Normal
TN-Plate16,A9,VC_0402,0.896591738700608,0.0008643808840148,0.006023941864402,Normal
TN-Plate17,A9,VC_0391,1.13895132398655,0.0059979901934351,0.0046138271442179,Normal
TN-Plate18,A9,VC_2641,1.42914902569132,0.10550114050006,0.0084018775800159,High Biofilm
TN-Plate19,A9,VC_1720,0.669917062766768,0.0005117276522521,0.0180674949462459,Normal
TN-Plate20,A9,VC_1340,0.908854492703173,0.0054432335453003,0.01142917437163,Normal
TN-Plate21,A9,VC_0706,0.905407207907975,0.0034936955415949,0.0060134346835615,Normal
TN-Plate22,A9,VC_1400,0.823023687851093,0.0041953643836416,0.0139566376079807,Normal
TN-Plate23,A9,VC_1470/VC_1476,1.14341619608422,0.0056776582261915,0.0084251923481941,Normal
TN-Plate24,A9,VC_A0059,0.966839328477601,0.0012340765489462,0.0055359008395417,Normal
TN-Plate25,A9,VC_0810,0.853601934960123,0.0007775562395349,0.0157360302498114,Normal
TN-Plate26,A9,VC_2608,0.917964617393649,0.0008057667395922,0.0088661717034709,Normal
TN-Plate27,A9,VC_1539,0.668995639793138,0.0004540062355838,0.0057808031722531,Normal
TN-Plate28,A9,VC_1710,1.07633511599235,0.965589474252663,0.0083731801663447,Dispersal Defect
TN-Plate29,A9,VC_2135,0.880040439597256,0.0033595397680105,0.0072513205511086,Normal
TN-Plate30,A9,VC_2335,0.98774538996757,0.0002002628724906,0.0069977517543719,Normal
TN-Plate31,A9,VC_A0316,0.664601920857098,0.0001296368346931,0.0058963207500075,Normal
TN-Plate32,A9,VC_2076,0.836609129274683,0.0074108527598578,0.0054675461509122,Normal
TN-Plate33,A9,VC_2600,1.091082155636,0.046190179549061,0.0065483650799824,Normal
TN-Plate34,A9,VC_1403,0.698593284481619,0.0021419079708723,0.008033716537222,Normal
TN-Plate01,B10,VC_2359,1.1458522954597,0.23573808897964,0.0088567922175004,Dispersal Defect
TN-Plate02,B10,VC_A0112,0.756768330794954,0.0009422983901402,0.0067409445082923,Normal
TN-Plate03,B10,VC_1950,0.951141617826235,0.0005243348530932,0.0034293602506909,Normal
TN-Plate04,B10,VC_1714,0.42855827123467,3.4647238241119e-06,0.0060994178813932,Normal
TN-Plate07,B10,VC_2275,0.83615558239252,0.0002785773214634,0.0112826566024027,Normal
TN-Plate08,B10,VC_0021,0.823875376277646,0.150370888970847,0.0727237222326059,Dispersal Defect
TN-Plate09,B10,VC_1158,0.76363331750398,0.0,0.0207745428726282,Normal
TN-Plate10,B10,VC_1780/VC_1781,0.695927447245124,0.0002098324868043,0.006079617532692,Normal
TN-Plate11,B10,VC_1135,0.585182599010359,0.0,0.0164497883562468,Normal
TN-Plate12,B10,VC_2339,0.590451474510151,0.0001585171359316,0.0150750360990075,Normal
TN-Plate13,B10,VC_0341,0.819924561306961,1.04308801851489e-05,0.0044851526965662,Normal
TN-Plate14,B10,VC_1721,0.823689050258926,0.0,0.0074158122911361,Normal
TN-Plate16,B10,VC_A0972,0.684573901472197,0.0002488314865241,0.0041358069389102,Normal
TN-Plate17,B10,VC_0871/VC_A0201,0.905975442994868,0.0018639646625321,0.0104704602731235,Normal
TN-Plate18,B10,VC_1723,1.03575873996451,0.0003227638650516,0.0037796699200808,Normal
TN-Plate19,B10,VC_A0226,0.600283262404425,0.0001355450776817,0.0055142394335267,Normal
TN-Plate20,B10,VC_1549,0.698139097098116,0.0,0.0073186165942169,Normal
TN-Plate21,B10,VC_0811,0.714695434409763,0.0003767430470254,0.0057259528844256,Normal
TN-Plate22,B10,VC_2506,0.877104801728434,0.0120847143508767,0.0123432077738416,Normal
TN-Plate23,B10,VC_0393,1.21900456424405,0.0281132131359336,0.0043240759194438,Normal
TN-Plate24,B10,VC_0718,0.54808128921311,0.0001789952238498,0.0047406964814219,Normal
TN-Plate25,B10,VC_A0966,0.547192428292191,0.0003929894839748,0.0067308199097203,Normal
TN-Plate26,B10,VC_2046,1.06932878927001,0.0,0.0049884070701866,Normal
TN-Plate27,B10,VC_A0423,0.95718542183395,0.0001955719549667,0.0038603871236574,Normal
TN-Plate28,B10,VC_0173,0.649906442833574,0.0,0.0043531313220537,Normal
TN-Plate29,B10,VC_0692,1.09461296962002,0.0803535580851103,0.0034423797271759,Normal
TN-Plate30,B10,VC_A0717,0.630784774540156,0.0,0.004841018936433,Normal
TN-Plate31,B10,VC_A0594,0.821743327426525,0.0001052717097389,0.0041517499299132,Normal
TN-Plate33,B10,VC_2234,0.869972349642012,0.0,0.01020886763249,Normal
TN-Plate34,B10,VC_2728,0.0468094076909302,0.0075121188712195,0.0019010613928265,Low Biofilm
TN-Plate01,B11,VC_1142,0.747979000973427,0.0005576238712658,0.0178642698692091,Normal
TN-Plate02,B11,VC_A0589,0.759575187975377,0.0001500892185387,0.0039003812389436,Normal
TN-Plate03,B11,VC_A0221,0.699266995652506,0.0,0.0221394993514229,Normal
TN-Plate04,B11,VC_A1008,0.772458674933684,0.0005948205509466,0.0102754828614862,Normal
TN-Plate07,B11,VC_A0133,0.805047332266237,0.0031180223393307,0.0149783164344256,Normal
TN-Plate08,B11,VC_A0855,0.551288573800237,0.0100228666463746,0.0444187439093187,Normal
TN-Plate09,B11,VC_2569,0.80764119595265,0.0,0.0169216876135722,Normal
TN-Plate10,B11,VC_A0109,0.777872002861134,0.0,0.0388086163043824,Normal
TN-Plate11,B11,VC_A0736,0.607947824676568,0.0,0.0160422741242946,Normal
TN-Plate12,B11,VC_0070,1.00816781915056,0.0030974116213514,0.0174101552112889,Normal
TN-Plate13,B11,VC_0794,0.754350505571288,0.0001042242555277,0.0128886127418716,Normal
TN-Plate14,B11,VC_A0124,0.850684850144876,0.002618403514953,0.0042599519049277,Normal
TN-Plate15,B11,VC_2657,0.686096050551779,0.0002148922073539,0.0064954321277646,Normal
TN-Plate16,B11,VC_0863,0.820854024039323,0.0,0.0031858588136026,Normal
TN-Plate17,B11,VC_A0033,0.893489624303891,0.0,0.0043214026528327,Normal
TN-Plate18,B11,VC_2088,0.778754233392325,0.0018895519581063,0.0044940431538637,Normal
TN-Plate19,B11,VC_2289,0.632837511546456,0.0002331457048125,0.0035322765900742,Normal
TN-Plate20,B11,VC_2598,0.849259698926112,6.31189784690276e-05,0.0055848366541581,Normal
TN-Plate21,B11,VC_A0728,0.812059887611209,3.79375540513915e-05,0.0035467210610779,Normal
TN-Plate22,B11,VC_A1064,0.652831568898023,0.0003590871829063,0.0228685411929259,Normal
TN-Plate23,B11,VC_A0250,0.871692018005298,0.0005001453784082,0.0037897665874499,Normal
TN-Plate24,B11,VC_A0054,0.772102762329946,0.0001029145182188,0.0047347560581522,Normal
TN-Plate25,B11,VC_A0853,0.873582322929714,0.0,0.0039855707072671,Normal
TN-Plate26,B11,VC_2406/VC_2407,0.89912269596752,0.0171744703665346,0.0192014840680719,Normal
TN-Plate28,B11,VC_2345,0.710370150894651,4.02863303773919e-05,0.0047686724151518,Normal
TN-Plate29,B11,VC_A0100,0.726160074536779,0.002611766956445,0.0070501580749372,Normal
TN-Plate30,B11,VC_0305,0.776593455472541,0.0014574559188472,0.0043582752653345,Normal
TN-Plate31,B11,VC_0657,0.772398494968261,0.0,0.0028973098087392,Normal
TN-Plate32,B11,VC_1164,0.492324063629787,0.0001597483661286,0.0049351762264261,Normal
TN-Plate33,B11,VC_A0368,0.655159613745135,0.0056300380015118,0.0045524099950266,Normal
TN-Plate01,B12,VC_2624,0.561941771668303,0.0394501377306404,0.0294740343913676,Normal
TN-Plate03,B12,VC_1462,1.05609933464985,0.205580523288458,0.0167779049476206,Dispersal Defect
TN-Plate04,B12,VC_1272,0.872372054807828,0.0025721424968557,0.007432315740599,Normal
TN-Plate07,B12,VC_A0136,0.687377326609534,0.0,0.0104181480172288,Normal
TN-Plate08,B12,VC_0409,1.17330386318636,0.0402810594950555,0.02966815862472,Normal
TN-Plate09,B12,VC_0981,0.68600064667537,0.0,0.0263072322787264,Normal
TN-Plate10,B12,VC_A0319,0.888012539159443,0.0001243468284433,0.0139634475362021,Normal
TN-Plate11,B12,VC_0196,1.33421807248472,0.681183321213175,0.0164075886757741,Dispersal Defect
TN-Plate12,B12,VC_2541,0.690132175242772,7.33833393797015e-05,0.0128114736434357,Normal
TN-Plate13,B12,VC_A0105,0.887882641978821,0.0004136977676271,0.005283783989884,Normal
TN-Plate14,B12,VC_A0083,0.642743118884706,0.0003406426640153,0.0067089637381826,Normal
TN-Plate15,B12,VC_2333,0.735891213355795,0.0003586680958982,0.004901107919767,Normal
TN-Plate16,B12,VC_1184,1.09657250086435,0.0060516264953854,0.0030962142945063,Normal
TN-Plate17,B12,VC_1207,1.11839682244194,0.0024356120968012,0.0048893503236656,Normal
TN-Plate18,B12,VC_0617,1.15609834583096,0.0010482499866731,0.0035304763953845,Normal
TN-Plate19,B12,VC_A0732,0.78323489033308,0.0012137460285652,0.0080040286296382,Normal
TN-Plate20,B12,VC_1631,1.02446478075455,7.22488992395076e-05,0.0042760181748842,Normal
TN-Plate21,B12,VC_2090,0.873428585858283,0.0001337351978249,0.0111706902668886,Normal
TN-Plate22,B12,VC_0683,0.785164190010621,5.3387202129161e-05,0.0159694610614008,Normal
TN-Plate23,B12,VC_0264,1.06660556578023,0.131009052494011,0.0198850835388958,Dispersal Defect
TN-Plate24,B12,VC_A0120,0.878785114956525,0.0003679891490499,0.0054980783163925,Normal
TN-Plate25,B12,VC_2011,0.886825928379666,0.000130864799595,0.0058139435951674,Normal
TN-Plate26,B12,VC_1607,1.25627827371575,0.0016746740272696,0.0052337610559865,Normal
TN-Plate27,B12,VC_2554,0.964922748157408,0.0,0.0078388833415614,Normal
TN-Plate28,B12,VC_2237,0.838488742073546,0.0029490236270778,0.0066037172955635,Normal
TN-Plate29,B12,VC_0051,0.836848022666013,0.0167370389775918,0.0066440460029122,Normal
TN-Plate30,B12,VC_1451,1.1000377972823,0.0,0.0041658339701391,Normal
TN-Plate31,B12,VC_2188,2.66193448780507,0.986606390534274,0.0030655639645264,High Biofilm
TN-Plate32,B12,VC_0228,0.941110053438635,0.0067532096920671,0.0038732270661316,Normal
TN-Plate34,B12,VC_0668,1.18314976921096,0.528368088554027,0.0029771308290715,Dispersal Defect
TN-Plate01,B1,VC_A0551,0.680218666173773,0.0,0.0234293221015586,Normal
TN-Plate02,B1,VC_2075,0.947981279599293,0.001924251014722,0.0041286613933404,Normal
TN-Plate03,B1,VC_0469,1.32108725727814,0.0049862267094908,0.0044937330402884,Normal
TN-Plate04,B1,VC_2415,1.06946811571011,0.0,0.0083036293124204,Normal
TN-Plate07,B1,VC_0760,1.11106956826543,0.0009557627958661,0.0043255181031441,Normal
TN-Plate08,B1,VC_2178,1.04950430826376,0.0004496821683437,0.0070591899345748,Normal
TN-Plate09,B1,VC_2734,2.14023522754677,0.894564417173244,0.0218944517203155,High Biofilm
TN-Plate10,B1,VC_2515,1.22122585443653,0.0042774769604017,0.0093118786042393,Normal
TN-Plate11,B1,VC_A0994,0.898337604920114,0.0,0.0076544012483061,Normal
TN-Plate12,B1,VC_0985,1.23232699581194,0.030174577533159,0.0340952789495554,Normal
TN-Plate13,B1,VC_2240,1.09812935122224,0.0014188836930555,0.0060335784241808,Normal
TN-Plate14,B1,VC_0955,1.23635718189759,0.0038594069158127,0.0042342548883437,Normal
TN-Plate15,B1,VC_2519,0.837157922450288,0.0418680396927735,0.117289422360131,Normal
TN-Plate16,B1,VC_A0761,1.21077100378293,0.0022052224352392,0.0046250787729217,Normal
TN-Plate17,B1,VC_1320,2.11498963812862,0.795653792778764,0.0051386988325442,High Biofilm
TN-Plate20,B1,VC_2364,1.25240033642538,0.0056505209575473,0.0034350056936692,Normal
TN-Plate21,B1,VC_1867,1.01979751837665,0.0003481367412207,0.0049638312795105,Normal
TN-Plate22,B1,VC_1871,0.968457261192778,0.0011799552640126,0.0181399450322552,Normal
TN-Plate23,B1,VC_A0034,0.818443519317017,0.0010247545992574,0.0734654806033568,Normal
TN-Plate24,B1,VC_1178,0.993431721874323,0.0005973894794412,0.0038911707024317,Normal
TN-Plate25,B1,VC_1896,0.875986670584238,0.0013429664708731,0.0057061163681343,Normal
TN-Plate26,B1,VC_1002,1.32495956219953,0.0009037433839367,0.0071920477062166,Normal
TN-Plate27,B1,VC_A1057,0.749159897104542,1.05017178604825e-05,0.0052789409967901,Normal
TN-Plate28,B1,VC_0979,0.642595065838814,0.0020631898473935,0.0066193563469284,Normal
TN-Plate29,B1,VC_0149,0.575515309472016,0.0001428769307497,0.0066796926056755,Normal
TN-Plate30,B1,VC_1936,0.60361188306513,0.008958400958461,0.0081765906894108,Normal
TN-Plate31,B1,VC_1024,0.906980021277302,0.0016503526159459,0.0057390171246573,Normal
TN-Plate33,B1,VC_1575,0.89019491514854,0.0017997111436686,0.0057152215466707,Normal
TN-Plate34,B1,VC_2213,0.858943889412267,0.0101017056402486,0.003848994738071,Normal
TN-Plate01,B2,VC_A0194,1.07443780076791,0.0325497046944929,0.0046056279061001,Normal
TN-Plate02,B2,VC_0054,0.859617321673685,0.0015969464584948,0.0040782912029377,Normal
TN-Plate03,B2,VC_2131,1.15855484480685,0.120024641991013,0.004439859057627,Normal
TN-Plate04,B2,VC_2366,0.734427865098237,8.95439623169682e-05,0.0052963590107956,Normal
TN-Plate07,B2,VC_0775,1.03894581558404,0.0349415356855885,0.0033685469922146,Normal
TN-Plate08,B2,VC_1010,0.494410843200389,0.0007249097631446,0.0198245303465589,Normal
TN-Plate09,B2,VC_0946,0.759335182174718,0.0,0.00984082485544,Normal
TN-Plate10,B2,VC_1600,0.716990703400069,6.86133383482444e-05,0.0102582129573601,Normal
TN-Plate11,B2,VC_A0906,0.954172571334839,0.0002747788325083,0.0169631839693146,Normal
TN-Plate12,B2,VC_A0854,0.888093945498423,1.98918851457542e-05,0.0113698567416489,Normal
TN-Plate13,B2,VC_0667,0.771322296380355,9.46730499824465e-05,0.0059568660676727,Normal
TN-Plate14,B2,VC_0923,0.785560834883011,0.0,0.0057274387220265,Normal
TN-Plate15,B2,VC_2694,0.703247665872361,0.0,0.0038337818777443,Normal
TN-Plate16,B2,VC_A0937,1.09448095998466,0.0035526451925393,0.0042945925827618,Normal
TN-Plate18,B2,VC_0968,0.959363892061411,0.0004806754968874,0.0040686235030702,Normal
TN-Plate19,B2,VC_2263,0.760907432911373,0.0039416972547803,0.0078269442050882,Normal
TN-Plate20,B2,VC_0363,0.621680477496369,0.0,0.0052427838368472,Normal
TN-Plate21,B2,VC_0839,0.721974781251076,0.0004225824707737,0.0192626007134864,Normal
TN-Plate22,B2,VC_0855,1.13483521362736,0.0147959245065549,0.0050768919109433,Normal
TN-Plate23,B2,VC_A0927,0.790817032272894,0.0001173717007422,0.0076624012644551,Normal
TN-Plate24,B2,VC_1708,0.805965977450804,0.0,0.004445195757074,Normal
TN-Plate25,B2,VC_A0952,0.86505343764195,0.0001044358326293,0.005403413520319,Normal
TN-Plate26,B2,VC_0220,1.13704435795105,0.0002431900103836,0.0095440836833199,Normal
TN-Plate28,B2,VC_A0487,0.714926906829127,0.0069668108404273,0.0108875055387408,Normal
TN-Plate29,B2,VC_0206,1.0761278665069,0.0585502393097542,0.010678340513151,Normal
TN-Plate30,B2,VC_1718,0.58335296878915,0.0019089789160277,0.0077239330884467,Normal
TN-Plate31,B2,VC_0239,3.08279290770526,3.04634374189439,0.0044821665658497,High Biofilm
TN-Plate32,B2,VC_1447,0.742746009390077,0.006365839348103,0.0099567979486433,Normal
TN-Plate33,B2,VC_1960,0.645317378894235,0.0062270260389972,0.0090964338039758,Normal
TN-Plate34,B2,VC_A1054,0.807588139991251,0.0001555619134056,0.0042254596757709,Normal
TN-Plate01,B3,VC_1437,0.654258755316178,2.39971747704608e-05,0.0074063853750468,Normal
TN-Plate02,B3,VC_A0355,0.815527614742643,0.0010063300211702,0.0069824859310819,Normal
TN-Plate03,B3,VC_A0524,0.880555760869852,0.0025301464007527,0.005531939967071,Normal
TN-Plate04,B3,VC_2031,0.884541919073008,0.0,0.0089819849125095,Normal
TN-Plate07,B3,VC_0724,0.487601043239006,0.0006992857800582,0.0029902249781069,Normal
TN-Plate08,B3,VC_A0765,0.655057544365004,0.0024215505052092,0.0840087506511109,Normal
TN-Plate09,B3,VC_2232,1.2077255184364,0.0659339531316846,0.0049071523870466,Normal
TN-Plate10,B3,VC_1163,0.805611486488243,0.0004374208708404,0.0065019502504328,Normal
TN-Plate11,B3,VC_0353,0.799785981781663,0.0001462515311169,0.0050331092959969,Normal
TN-Plate12,B3,VC_0411,0.922113732708435,3.67316536678836e-05,0.0071750618113056,Normal
TN-Plate13,B3,VC_2472,0.658344778188552,0.0,0.0063096566368984,Normal
TN-Plate14,B3,VC_2284,0.754752517217124,0.0022824293861687,0.0122903456427387,Normal
TN-Plate15,B3,VC_2724,0.606157458245617,0.0,0.0101777441589736,Normal
TN-Plate16,B3,VC_A0556,1.09835494146964,0.0190664505335326,0.0036050687306306,Normal
TN-Plate17,B3,VC_1022,0.070774248930954,0.0017888762301807,0.0048232163704425,Low Biofilm
TN-Plate18,B3,VC_0137,1.55800339745463,0.042683710101212,0.0029023632712525,High Biofilm
TN-Plate19,B3,VC_A0645,0.573506911815438,3.03127128886206e-05,0.0059912536565834,Normal
TN-Plate20,B3,VC_1983,0.922775345955902,8.28535475996873e-05,0.0041760105584629,Normal
TN-Plate21,B3,VC_A0514,0.671926478252746,2.75935775633622e-05,0.0046119260981859,Normal
TN-Plate22,B3,VC_1768,0.877754742433674,0.0009993179506909,0.0054198454191246,Normal
TN-Plate23,B3,VC_1541,0.858115177304621,0.0,0.0120840114882512,Normal
TN-Plate24,B3,VC_0558,0.674752903323515,0.0,0.003150385329854,Normal
TN-Plate25,B3,VC_0103,0.758975661487818,0.0,0.0039899330010659,Normal
TN-Plate26,B3,VC_1905,1.13413981103681,0.0018694608202802,0.0065873634719457,Normal
TN-Plate27,B3,VC_2424,0.651023222935316,2.07335756824867e-05,0.0035848863700264,Normal
TN-Plate28,B3,VC_0509,0.72219410285888,0.0,0.0042316246147128,Normal
TN-Plate29,B3,VC_1684,0.493137764713824,1.37315150626801e-05,0.0043505244711947,Normal
TN-Plate30,B3,VC_1035,0.88698119617647,0.0001095737087927,0.003387687775104,Normal
TN-Plate31,B3,VC_2470,0.562250470846816,1.79631816434111e-05,0.0042316038084409,Normal
TN-Plate32,B3,VC_1009,1.30276758064871,0.0538777821711896,0.0027039450949465,Normal
TN-Plate33,B3,VC_0238,1.28329761018625,0.0242092552354585,0.0042987336668088,Normal
TN-Plate34,B3,VC_A0424,1.18062094199937,0.0452333391383731,0.00273657430698,Normal
TN-Plate01,B4,VC_0992,0.799331783184101,0.0059614011440755,0.0068841993206156,Normal
TN-Plate02,B4,VC_0470,0.86506781359431,0.0019126548705933,0.0052186649956134,Normal
TN-Plate03,B4,VC_2563,0.870153425977104,0.0331043054946384,0.0097249721599577,Normal
TN-Plate04,B4,VC_A0646,0.909314753135685,0.0002123095783964,0.0036612163105478,Normal
TN-Plate07,B4,VC_A0534,0.798707741351367,0.0007600184549899,0.0069352520163712,Normal
TN-Plate08,B4,VC_0039,0.624672452539188,0.0209706651444256,0.0632860404920033,Normal
TN-Plate09,B4,VC_0498,0.787837703395201,0.0,0.0403303314981801,Normal
TN-Plate10,B4,VC_0881,0.643459885371415,0.0019843327276217,0.0116195910966019,Normal
TN-Plate11,B4,VC_1933,0.996197606014259,0.195567400848291,0.0137146277941502,Dispersal Defect
TN-Plate12,B4,VC_1441,0.842145299759953,0.0,0.0058566125174005,Normal
TN-Plate13,B4,VC_A0292/VC_A0364,0.882980618397875,0.0008591037293561,0.005732283663712,Normal
TN-Plate14,B4,VC_A0905,0.777895176589248,1.38726138108279e-05,0.0053948546719716,Normal
TN-Plate15,B4,VC_2633,0.560803543704668,0.0,0.0061528905977474,Normal
TN-Plate16,B4,VC_2146,0.962133171313523,0.0004512307143955,0.0038340460425644,Normal
TN-Plate17,B4,VC_A0643,0.910606165395237,0.0006908895308414,0.0044054457799709,Normal
TN-Plate18,B4,VC_2459,1.62931037117895,0.95750571697641,0.0038905678111071,High Biofilm
TN-Plate19,B4,VC_A0835,0.649747199765584,0.0007249972741251,0.0047771516478336,Normal
TN-Plate20,B4,VC_A1111,0.603522418726471,0.0,0.0044602151527848,Normal
TN-Plate21,B4,VC_2296,0.769245574395326,0.0020931752444255,0.0104373887001867,Normal
TN-Plate22,B4,VC_0414,0.863831753931834,0.0040961709402647,0.0059154764008416,Normal
TN-Plate23,B4,VC_1445,0.867162962487372,0.000284678989931,0.006910963904372,Normal
TN-Plate24,B4,VC_0858,0.949883336700516,0.0009493666957888,0.0042136912156365,Normal
TN-Plate25,B4,VC_0593,0.968735025461865,0.0,0.0051673365957286,Normal
TN-Plate26,B4,VC_A0662,0.900124288072289,0.0002976251489696,0.0056293256703308,Normal
TN-Plate27,B4,VC_A0484,0.845853488209333,0.0,0.0044114350990331,Normal
TN-Plate28,B4,VC_0265,0.904075182375415,0.008424857022159,0.0121112521404118,Normal
TN-Plate29,B4,VC_1690,0.561769041528393,0.0,0.0059019904843549,Normal
TN-Plate30,B4,VC_1935,0.697539177455797,5.98821238369447e-05,0.0064680549196688,Normal
TN-Plate31,B4,VC_2227,0.910872890718185,0.0130007879410563,0.0141208330342667,Normal
TN-Plate32,B4,VC_1762,0.779554010965094,0.0003577848351129,0.0042362142740698,Normal
TN-Plate33,B4,VC_1254,0.502401823553027,0.0030314377524736,0.0090543168879169,Normal
TN-Plate34,B4,VC_1120,0.943565008565196,0.0121890493051533,0.003178894955986,Normal
TN-Plate01,B5,VC_0546,0.0406890525111791,0.0001059469990595,0.0052591742719404,Low Biofilm
TN-Plate02,B5,VC_A0773,0.830145355517018,1.72081216031418e-05,0.0094404227916907,Normal
TN-Plate03,B5,VC_1293,0.168303844902623,4.60504232651315e-05,0.0056128410498715,Low Biofilm
TN-Plate08,B5,VC_A1062,0.384410671768952,0.0029518997013234,0.0365221510402419,Normal
TN-Plate09,B5,VC_2369,0.838552931384865,0.0006547000369165,0.005700386808107,Normal
TN-Plate10,B5,VC_0317,1.02577069522194,0.0116960915925839,0.0037383592178396,Normal
TN-Plate11,B5,VC_A0537,0.690854513768677,0.0,0.0107902606353287,Normal
TN-Plate12,B5,VC_A0269,0.736453367017927,0.0,0.0119982270768645,Normal
TN-Plate13,B5,VC_0304,0.733423124471311,0.0014518765463754,0.005640423281289,Normal
TN-Plate15,B5,VC_1634,0.642264668013202,0.0086974770703512,0.0194194658736682,Normal
TN-Plate16,B5,VC_0042,0.794747455349124,0.0012726552639475,0.0053189893138777,Normal
TN-Plate17,B5,VC_A0197,0.833498270998657,0.000768147940864,0.004471690039532,Normal
TN-Plate18,B5,VC_2729,1.00596868957845,0.006547965057107,0.0186518909709065,Normal
TN-Plate19,B5,VC_0123,0.743051495212551,0.0015120586084355,0.0057774255544162,Normal
TN-Plate20,B5,VC_2758,0.721459081321174,0.0010196126927651,0.0145228801806519,Normal
TN-Plate21,B5,VC_1021,0.519270586434056,0.002212332542223,0.0144829369020746,Normal
TN-Plate22,B5,VC_A0393/VC_A0394,0.93277822396474,0.0018255015764711,0.0071097122160611,Normal
TN-Plate23,B5,VC_2066,2.14991225625254,0.546645629095093,0.014077982448324,High Biofilm
TN-Plate24,B5,VC_0605,0.619717247177632,3.54183030728665e-05,0.0071105697080251,Normal
TN-Plate25,B5,VC_1077,0.651414320977488,0.0009039510215274,0.0070358305754335,Normal
TN-Plate26,B5,VC_A0718,0.88991658964192,0.0019464868609083,0.0083588411259618,Normal
TN-Plate27,B5,VC_1917,0.504602570842301,0.0004432766763129,0.0045778065613882,Normal
TN-Plate28,B5,VC_A0745,0.659122970068337,0.0,0.0046148159592993,Normal
TN-Plate29,B5,VC_A0232,0.393497351610714,0.0,0.0074301577725701,Normal
TN-Plate30,B5,VC_A0887,0.560217378144224,0.0007774858179054,0.0082834027663618,Normal
TN-Plate31,B5,VC_A1027,0.679936794813069,8.47244573835243e-05,0.0039652467188273,Normal
TN-Plate32,B5,VC_2300,0.632984920844775,0.0006119986363399,0.0043060056107462,Normal
TN-Plate33,B5,VC_A1092,0.818221771213901,6.70227720777051e-05,0.0037972182867257,Normal
TN-Plate34,B5,VC_A0830,0.71544372498748,0.0,0.0039869809526756,Normal
TN-Plate01,B6,VC_A0968,0.989647843404687,0.0793732110147769,0.0066205646945515,Normal
TN-Plate02,B6,VC_1323,0.814603147605961,0.0007369927190772,0.003857242341726,Normal
TN-Plate04,B6,VC_A0632,0.496013511281374,0.0010535197590931,0.0048833232061158,Normal
TN-Plate07,B6,VC_A0031,0.878501839888652,0.0376056864004896,0.0059416504832772,Normal
TN-Plate08,B6,VC_0774,0.8328143893734,0.0232375106126208,0.0081688033231408,Normal
TN-Plate09,B6,VC_A1017,0.844300272474967,0.0110857530233423,0.0173844361497521,Normal
TN-Plate10,B6,VC_1223,0.746709450991505,0.002115914530065,0.0056915656269735,Normal
TN-Plate11,B6,VC_A0611,0.667137307787641,0.0,0.0085790266164688,Normal
TN-Plate12,B6,VC_1239,0.817655683439327,1.38844329629876e-05,0.0059358620382516,Normal
TN-Plate13,B6,VC_2100,0.712132365957848,0.0,0.0044771305249376,Normal
TN-Plate14,B6,VC_2599,0.755290086047406,0.0002322286403942,0.0037276565901519,Normal
TN-Plate15,B6,VC_A0582,0.322940753514608,0.0,0.0061962832054292,Normal
TN-Plate16,B6,VC_1461,0.846668711024301,0.0009956027127122,0.0085947765882953,Normal
TN-Plate17,B6,VC_2565,0.927258516446001,0.000790479396434,0.0047018380169085,Normal
TN-Plate18,B6,VC_A0727,0.864789085792185,1.31707996352262e-05,0.0033116332664099,Normal
TN-Plate19,B6,VC_A0945,0.816211554664022,0.0010622596475743,0.0032240770811005,Normal
TN-Plate20,B6,VC_0505,0.659209178557084,0.0001879251798152,0.0055474314634247,Normal
TN-Plate21,B6,VC_0485,0.766252534815521,0.0002051712198358,0.0094753759960275,Normal
TN-Plate22,B6,VC_1815,0.814963787038984,0.0024385808665559,0.0044977826065644,Normal
TN-Plate24,B6,VC_2106,0.678644760409731,0.0,0.0048281079969162,Normal
TN-Plate25,B6,VC_A0361,0.608130794616026,0.0004676063762585,0.0055157728076694,Normal
TN-Plate26,B6,VC_A0037,0.794994601308628,0.0,0.0081535306567333,Normal
TN-Plate27,B6,VC_1574,0.50457756075347,0.0197595207825372,0.0194686630890153,Normal
TN-Plate28,B6,VC_A0225,0.717162948078337,0.0,0.0046790705968486,Normal
TN-Plate30,B6,VC_A0844/VC_A0845,0.572412176673457,0.0,0.0095922338868412,Normal
TN-Plate32,B6,VC_2374,0.587167163597852,0.0,0.0039226236847849,Normal
TN-Plate33,B6,VC_1228,0.583495097674015,0.0237785074054364,0.0045583899776399,Normal
TN-Plate34,B6,VC_1818,0.749042366896941,0.0197768753729267,0.0035282762489596,Normal
TN-Plate02,B7,VC_1329,0.739977577461136,0.0,0.0050480355488633,Normal
TN-Plate03,B7,VC_1795,0.886797613255555,0.0465900489197461,0.0055167324516174,Normal
TN-Plate04,B7,VC_A0211,0.677413690511477,0.0008149204401983,0.0044360708828751,Normal
TN-Plate07,B7,VC_1546,0.56204734120329,0.0003500190893935,0.0064562730403042,Normal
TN-Plate08,B7,VC_A0388,0.629726455004619,0.0018458651279198,0.0931022488800785,Normal
TN-Plate09,B7,VC_2164,0.713784482505675,0.0029170166797404,0.0125067825414283,Normal
TN-Plate10,B7,VC_A1049,0.584195292201761,0.0,0.0131229282600648,Normal
TN-Plate11,B7,VC_0649,1.02740253252718,0.0014168371761113,0.0083725636497059,Normal
TN-Plate12,B7,VC_A0665,0.665453561657409,0.0006474547754283,0.0106996758242849,Normal
TN-Plate13,B7,VC_1018,0.64797629293228,0.0011240516610374,0.0087023774932622,Normal
TN-Plate14,B7,VC_2731,0.17347444728238,0.0086912455603586,0.0087166612361992,Low Biofilm
TN-Plate15,B7,VC_A0982,0.596042133711616,0.0005230309469042,0.0061321934102798,Normal
TN-Plate16,B7,VC_1890,0.259070378770634,0.0006775531849632,0.0051362645657671,Low Biofilm
TN-Plate17,B7,VC_A0686,0.845097453011609,0.0028440897828041,0.0071508484132114,Normal
TN-Plate18,B7,VC_A0609,1.0795136931318,0.0067375972326195,0.0034226836298714,Normal
TN-Plate19,B7,VC_1542,0.647675109833008,0.0,0.0062948578062481,Normal
TN-Plate20,B7,VC_1619,0.829234771273877,0.0003444980550817,0.0053514102851865,Normal
TN-Plate21,B7,VC_0647,0.677739443888525,0.0001607588983326,0.0086332579240095,Normal
TN-Plate22,B7,VC_2751,0.917852954072297,0.0076913176597301,0.0044724261002952,Normal
TN-Plate23,B7,VC_0416,0.741423277585339,0.0002381685632226,0.0060794410904217,Normal
TN-Plate24,B7,VC_A0983,0.836500328068442,0.0052323003849397,0.0049244533264912,Normal
TN-Plate25,B7,VC_1287,0.643237996304033,0.0,0.0045068188327629,Normal
TN-Plate26,B7,VC_0249,1.40547302424521,0.222816722520346,0.0040620745477201,High Biofilm
TN-Plate27,B7,VC_2126,0.624472283409416,0.0079339622415818,0.0053256418897379,Normal
TN-Plate28,B7,VC_0474,0.89692137209802,0.0002239215957363,0.0032599736819896,Normal
TN-Plate29,B7,VC_2001,0.582441604754294,0.0011973530584978,0.0093931496846496,Normal
TN-Plate30,B7,VC_1298,0.729991919885,0.0,0.0050987545338405,Normal
TN-Plate31,B7,VC_0816,0.499555664580767,6.42684565668116e-05,0.0041763950632449,Normal
TN-Plate32,B7,VC_A0041,0.651772137153558,0.0647985605799213,0.0470214827909051,Normal
TN-Plate33,B7,VC_A0818,0.759048554618598,0.0505668203557248,0.0046260446824788,Normal
TN-Plate34,B7,VC_0225,0.693495468831921,0.0,0.0031546639013582,Normal
TN-Plate01,B8,VC_A0275,0.683782005289937,0.0023841076335992,0.006581480056593,Normal
TN-Plate02,B8,VC_A0257,0.891629818310563,0.001583377784204,0.0068057985894927,Normal
TN-Plate03,B8,VC_0352,0.638952058089963,0.0090880224249747,0.0229243519440359,Normal
TN-Plate04,B8,VC_A0479,0.649987248612889,0.0,0.0134667052763245,Normal
TN-Plate07,B8,VC_1601,0.764130024941969,0.0005960638826673,0.0127490342151691,Normal
TN-Plate08,B8,VC_A0101,0.653249052108839,0.033330590391822,0.0265728106906204,Normal
TN-Plate09,B8,VC_2019,0.580620819129873,2.03340424608316e-05,0.0363690547668757,Normal
TN-Plate10,B8,VC_0170,0.763557639896296,0.0,0.004752246432759,Normal
TN-Plate11,B8,VC_A0489,0.76613095864532,0.0703180009820542,0.0098040445241208,Normal
TN-Plate12,B8,VC_A0621,0.676567480532756,0.0,0.0078382550668401,Normal
TN-Plate13,B8,VC_1610,0.711644388092116,0.0001075346008001,0.0048440054221555,Normal
TN-Plate14,B8,VC_A1037,0.790031926845627,0.0012596005918982,0.0081107322432756,Normal
TN-Plate15,B8,VC_1061,0.619263347881061,0.0006955430534487,0.0082335806048752,Normal
TN-Plate16,B8,VC_2211,1.25354206585697,0.0500444788728953,0.0044780316012828,Normal
TN-Plate17,B8,VC_A1105,0.825784589156867,0.0001921971209001,0.0056413637796009,Normal
TN-Plate18,B8,VC_A0780,0.942384571368246,0.0015272613919963,0.0057676539031097,Normal
TN-Plate19,B8,VC_0629,0.699394843864594,2.71698978847258e-05,0.0084600630434617,Normal
TN-Plate20,B8,VC_0316,0.88650149709856,0.0035053021619416,0.0048645568042224,Normal
TN-Plate21,B8,VC_A0530,0.730154509793184,0.0,0.0094753967497835,Normal
TN-Plate22,B8,VC_2446,0.790572572543546,2.00847078578571e-05,0.0121546385084293,Normal
TN-Plate23,B8,VC_1418,0.91735164017395,0.0006892176536434,0.0042260965587183,Normal
TN-Plate24,B8,VC_0017,0.833164846631687,0.0006297445311136,0.0054260635420728,Normal
TN-Plate25,B8,VC_A0111,0.744326935150662,0.0004086942038322,0.0051066225542473,Normal
TN-Plate26,B8,VC_1477,0.923775406269398,0.0,0.0072489185644315,Normal
TN-Plate27,B8,VC_A0264,0.547351894883106,0.0,0.0049266455657961,Normal
TN-Plate28,B8,VC_1127,0.175660517875672,0.0,0.0054241474554717,Low Biofilm
TN-Plate29,B8,VC_1758,0.501036944730297,0.0112674461388743,0.0454407426342012,Normal
TN-Plate30,B8,VC_0398,0.365920166074218,0.0,0.004907878836939,Normal
TN-Plate31,B8,VC_A1004,0.718007930485342,0.0003651432123688,0.0041605448243644,Normal
TN-Plate32,B8,VC_1161,0.481029138837764,0.0006877986860125,0.0085023937058747,Normal
TN-Plate33,B8,VC_0374,0.727945635844661,0.0675480337399701,0.0040226586307941,Normal
TN-Plate02,B9,VC_A0080,0.890697565051557,6.32823220547567e-05,0.0066332194301047,Normal
TN-Plate03,B9,VC_1828,0.885651831500013,0.0003969800624948,0.0121768254548606,Normal
TN-Plate04,B9,VC_A0730,0.690285707607649,0.0036960432253168,0.0129472123577626,Normal
TN-Plate07,B9,VC_2756,2.09597685431389,1.27813061236985,0.0089370599387537,High Biofilm
TN-Plate08,B9,VC_1636,0.599603088239019,0.0161030944850656,0.0321350246119749,Normal
TN-Plate09,B9,VC_A0702,0.805501369739527,0.0002079629429592,0.0219630984054886,Normal
TN-Plate10,B9,VC_A0675,0.889126608404325,0.0004488562224919,0.006633084674348,Normal
TN-Plate11,B9,VC_A0585,0.794756927117022,0.0,0.0128090423132726,Normal
TN-Plate12,B9,VC_A0714,0.399112904312976,0.0,0.0076699445985661,Normal
TN-Plate14,B9,VC_0559,0.835054179224963,0.0,0.0036600121882667,Normal
TN-Plate15,B9,VC_A0123,0.730251575622341,0.0,0.0049091249210573,Normal
TN-Plate16,B9,VC_1482,1.11516421579591,0.0318556061793811,0.0040370065010575,Normal
TN-Plate17,B9,VC_A0803,0.928243366577545,0.0003433476162281,0.0046891578864332,Normal
TN-Plate18,B9,VC_A1113,0.984548532711778,0.000967453968222,0.0040600654700612,Normal
TN-Plate19,B9,VC_2356,1.18060534506913,0.0299363726956989,0.0033391138874106,Normal
TN-Plate20,B9,VC_0025,0.813579645896807,0.0072457726380561,0.0082978192713923,Normal
TN-Plate21,B9,VC_0795,0.55416715238571,0.0001490533371164,0.010988953146718,Normal
TN-Plate22,B9,VC_1617,0.604670795484421,3.3525480058792e-06,0.0183887216607263,Normal
TN-Plate23,B9,VC_2542,0.618622147100938,0.0001518365045821,0.0038131620802073,Normal
TN-Plate24,B9,VC_A0115,0.812701111215257,0.0005507355857652,0.0047504946229977,Normal
TN-Plate25,B9,VC_0710,0.773361797107746,2.07431300759967e-05,0.0062146014513848,Normal
TN-Plate26,B9,VC_A0916,1.00388519684196,0.0005308984342407,0.0058254659174696,Normal
TN-Plate28,B9,VC_0166,0.92118596755251,0.0024236919102097,0.0031899467479495,Normal
TN-Plate29,B9,VC_2035,0.546661476001193,1.42335833334769e-05,0.0046046378403106,Normal
TN-Plate32,B9,VC_1501,0.845700959891572,0.0025374113429429,0.0062965921149869,Normal
TN-Plate33,B9,VC_0998,0.678477407836245,0.0684923450834746,0.0057209808795751,Normal
TN-Plate34,B9,VC_2018,0.769526252833821,0.422521024459084,0.0038342608338587,Dispersal Defect
TN-Plate01,C10,VC_1504,0.66277474038328,0.0,0.0108645297116072,Normal
TN-Plate02,C10,VC_2674,0.780906202936161,0.0001529890045109,0.0072385045275388,Normal
TN-Plate03,C10,VC_A0449,0.832425790637502,0.0006336009268393,0.0083201285362394,Normal
TN-Plate04,C10,VC_1693,0.77352403675511,0.0,0.0124122396299908,Normal
TN-Plate07,C10,VC_0113,1.85831869469768,1.33026922454629,0.0157323109116404,High Biofilm
TN-Plate09,C10,VC_A0130,0.605836807193039,0.0,0.0349723424017585,Normal
TN-Plate10,C10,VC_2395,0.809337389877325,0.0017462793560337,0.0068300739031981,Normal
TN-Plate11,C10,VC_1388,0.767635927414252,0.0005392363093436,0.0118281457300744,Normal
TN-Plate12,C10,VC_A0180,0.724473066380524,0.0,0.0205762128944271,Normal
TN-Plate13,C10,VC_0821,0.776346799149439,0.0,0.004696081177893,Normal
TN-Plate14,C10,VC_0827,0.713136006715007,0.0008487154662661,0.0070242653982079,Normal
TN-Plate15,C10,VC_0117,0.408575234923516,0.0027652711278066,0.0082199861021105,Normal
TN-Plate16,C10,VC_1544,0.650920320410563,0.0002478637311612,0.0035271100443611,Normal
TN-Plate17,C10,VC_1924,1.05617012101452,0.0009033032225684,0.0048574890284127,Normal
TN-Plate18,C10,VC_1258,0.862347240829384,0.0066396786200248,0.0057481973454967,Normal
TN-Plate19,C10,VC_0544,0.949632296376165,0.0113867384799972,0.013721048993849,Normal
TN-Plate20,C10,VC_A0748,0.996642069763419,0.0009660396594704,0.0046592943382275,Normal
TN-Plate21,C10,VC_A0869,0.671640166567282,8.43946105401412e-05,0.0123924876274799,Normal
TN-Plate22,C10,VC_0197,0.889828311298826,0.0018334105183126,0.0069795150236716,Normal
TN-Plate23,C10,VC_2680,0.848575883710183,0.000471233030023,0.004606474309114,Normal
TN-Plate24,C10,VC_0229,0.894835438422727,0.0,0.0047723597086431,Normal
TN-Plate25,C10,VC_2105,0.775355708229053,0.0,0.0051341945896166,Normal
TN-Plate26,C10,VC_1744,0.60720225886975,0.0,0.0113749069212185,Normal
TN-Plate27,C10,VC_1459,0.705285328202113,0.0,0.0053684730467448,Normal
TN-Plate28,C10,VC_1993,0.749596359328834,0.0002845811591633,0.0038311746796329,Normal
TN-Plate29,C10,VC_A0375,0.587065798313368,0.001311246928732,0.0045379256587618,Normal
TN-Plate30,C10,VC_2560,0.438565337426647,0.0001082083395125,0.0048082272701226,Normal
TN-Plate31,C10,VC_0392,0.608093177230729,0.0003676477547852,0.0040482182081158,Normal
TN-Plate32,C10,VC_A1009,0.595108612942605,0.0010133356192286,0.0058275208415868,Normal
TN-Plate33,C10,VC_1460,0.848731011776444,0.000895341555722,0.0032938471349841,Normal
TN-Plate34,C10,VC_1751,0.941157371012307,0.0039847764107665,0.0033433507770317,Normal
TN-Plate01,C11,VC_1941,0.640272106709321,0.0,0.0225593085454542,Normal
TN-Plate02,C11,VC_1480,0.862016573774212,3.6753943734167e-05,0.0074263403127651,Normal
TN-Plate03,C11,VC_A0408,0.910629642009931,0.0,0.0089059567448836,Normal
TN-Plate04,C11,VC_A0908,0.940839606589774,0.0001113561163976,0.0092142956632299,Normal
TN-Plate07,C11,VC_2634,0.89431749215533,0.0,0.0086326051373545,Normal
TN-Plate08,C11,VC_2357,0.733569386114002,0.043962744209063,0.0316003100955609,Normal
TN-Plate09,C11,VC_0989,0.721034835402215,0.0012501600888042,0.0265524768956836,Normal
TN-Plate10,C11,VC_2007,0.667227729751307,0.0020244799992807,0.007405551169057,Normal
TN-Plate11,C11,VC_A0625,0.626281304238315,5.72943073106617e-05,0.0212483391621087,Normal
TN-Plate12,C11,VC_A0617,0.745513387069705,0.0001234386840227,0.0102759087680922,Normal
TN-Plate13,C11,VC_1959,0.717088096845123,0.0004812846176064,0.0109995373601691,Normal
TN-Plate15,C11,VC_2465,1.13153787515287,0.0023148882605734,0.0041453384930534,Normal
TN-Plate16,C11,VC_A0425,0.991927546043281,5.62507347013636e-05,0.007587344090585,Normal
TN-Plate17,C11,VC_A0151,1.0501393335411,0.001019941125141,0.0085537439385246,Normal
TN-Plate18,C11,VC_2681,0.613597495048822,0.0056992098370446,0.0049640270462801,Normal
TN-Plate19,C11,VC_0874,1.00005991765279,0.000384330406746,0.0033822489694182,Normal
TN-Plate20,C11,VC_0177,0.971732418410102,0.0001293298662515,0.0050208084436323,Normal
TN-Plate21,C11,VC_2658,0.591087987812827,5.91383613515095e-05,0.0085006466045293,Normal
TN-Plate22,C11,VC_0465,0.800724151132648,0.0003381032981711,0.01655976893728,Normal
TN-Plate23,C11,VC_2051,0.782006001017504,0.0001599725807688,0.0057354412938472,Normal
TN-Plate24,C11,VC_1895,1.00163449826248,0.003177336027308,0.0108689922892677,Normal
TN-Plate25,C11,VC_0262,0.838394855364843,0.0013573398676787,0.0073222247745704,Normal
TN-Plate28,C11,VC_2006,0.803995972008384,0.0,0.0041809000208673,Normal
TN-Plate29,C11,VC_A0817,0.904392155860755,0.0141179706317541,0.0052463806667934,Normal
TN-Plate30,C11,VC_0860,0.633171691965666,0.0002236064952818,0.0084944243844861,Normal
TN-Plate31,C11,VC_A0639,0.927498042714083,6.54975456798891e-05,0.0044030837243385,Normal
TN-Plate32,C11,VC_A0156,0.728651675041064,0.0072788829238265,0.0058866643503059,Normal
TN-Plate33,C11,VC_A0813,0.91828405795009,0.0,0.0047155898487182,Normal
TN-Plate34,C11,VC_0092,1.68477708296534,0.672302403324348,0.01172175874184,High Biofilm
TN-Plate01,C12,VC_1919,0.603721414644892,0.0085294528707927,0.0243945823884571,Normal
TN-Plate02,C12,VC_1198,0.876210839320372,0.0027398637896116,0.0058822501411331,Normal
TN-Plate03,C12,VC_0447,1.00202542951512,0.0928483583831128,0.023139709109882,Normal
TN-Plate04,C12,VC_1122,0.808795153603293,0.0013525133471943,0.0139861904999001,Normal
TN-Plate07,C12,VC_1104,0.620623330397978,0.0,0.008884139807321,Normal
TN-Plate08,C12,VC_1861,0.790725661536183,0.0011742074113342,0.0434980361509881,Normal
TN-Plate09,C12,VC_0924,0.0780323361298463,1.43920161501894e-05,0.0062596479219644,Low Biofilm
TN-Plate10,C12,VC_2282,0.607295574351883,0.0054982748519115,0.0219285667649112,Normal
TN-Plate11,C12,VC_A0240,0.871976532155496,0.0001002371534604,0.0097327524280594,Normal
TN-Plate12,C12,VC_A0741,0.59854132151534,0.0001353216681703,0.0223686773093603,Normal
TN-Plate13,C12,VC_1435,0.641997721355514,0.0002539319093443,0.007535132954834,Normal
TN-Plate14,C12,VC_0453,0.945064519576801,0.0017602953340275,0.009995219634336,Normal
TN-Plate16,C12,VC_1274,1.03787229325743,0.0030415074835229,0.006344371944272,Normal
TN-Plate17,C12,VC_A0914,1.04943878057743,0.0003922087168326,0.0070454619857691,Normal
TN-Plate18,C12,VC_A0891,1.21177186318257,0.0013733661914372,0.0086022142357284,Normal
TN-Plate19,C12,VC_0241,3.60037927829902,1.40033495062078,0.0041560646165651,High Biofilm
TN-Plate20,C12,VC_1918,0.804247690465702,0.0026186226659012,0.009501986864441,Normal
TN-Plate21,C12,VC_A0840,2.02069858239261,0.0246364186408122,0.006392824053083,High Biofilm
TN-Plate22,C12,VC_0701,1.20312230539417,0.359792178832226,0.0103921196970457,Dispersal Defect
TN-Plate23,C12,VC_2045,1.18951366202838,0.0114791725408062,0.0046103126869901,Normal
TN-Plate24,C12,VC_2759,0.964445377904923,0.0002168225586962,0.0049248529341271,Normal
TN-Plate25,C12,VC_1206,0.83019587431601,0.0020399706450311,0.0073165968190274,Normal
TN-Plate26,C12,VC_0726,0.954511018002405,0.129419144423457,0.0095473965505358,Dispersal Defect
TN-Plate27,C12,VC_2635,1.97465903249689,1.75273702856266,0.0094638150911681,High Biofilm
TN-Plate28,C12,VC_2504,1.04966093546401,0.0079490838244039,0.0046423346694905,Normal
TN-Plate29,C12,VC_2174,0.59919296599102,0.0323059225357854,0.0816210493945429,Normal
TN-Plate30,C12,VC_1658,0.882959476543555,0.0003795319590336,0.004593763428097,Normal
TN-Plate31,C12,VC_0273,0.898515253789436,0.0,0.0050721360649643,Normal
TN-Plate32,C12,VC_2502,1.28264922862631,0.0304816346551195,0.0048375971309367,Normal
TN-Plate34,C12,VC_1376,0.548491338030451,0.0168804705778689,0.003904011574589,Normal
TN-Plate01,C1,VC_A0399,0.736482825584209,0.0,0.0251354536419166,Normal
TN-Plate02,C1,VC_2643,0.833568255489972,0.0017405437858348,0.0061895197878684,Normal
TN-Plate03,C1,VC_0157,0.892878339366874,0.007011899817537,0.0189604301564923,Normal
TN-Plate07,C1,VC_2073,0.862557903913059,6.88732104507235e-06,0.005023935117817,Normal
TN-Plate08,C1,VC_2494,0.590464306575783,0.0144592660907091,0.0235071208410394,Normal
TN-Plate09,C1,VC_0613,0.99130594508462,0.0004085259753718,0.0079807598242119,Normal
TN-Plate10,C1,VC_0167,0.954739128187496,0.0002012547749826,0.02114441963406,Normal
TN-Plate11,C1,VC_A0500,0.908346869817199,0.0001093137277128,0.0092796130308293,Normal
TN-Plate13,C1,VC_1707,0.987457886155598,0.0020281479528757,0.0065660584357317,Normal
TN-Plate14,C1,VC_A0785,1.94608854985264,0.703818590622468,0.0143751352757694,High Biofilm
TN-Plate15,C1,VC_A0249,0.805196467229621,0.0,0.0070445498746855,Normal
TN-Plate16,C1,VC_2714,1.48677858464013,0.0022226303028759,0.00495224014097,High Biofilm
TN-Plate17,C1,VC_1992,1.24156881829969,0.0063012213961494,0.004541359371715,Normal
TN-Plate18,C1,VC_A1051,1.0375388711516,0.0,0.0035504198892237,Normal
TN-Plate19,C1,VC_A0118,0.949001121187898,0.0005844400305472,0.0057190659801289,Normal
TN-Plate21,C1,VC_A0159,1.01635040929895,0.0003905407238628,0.0051664360500838,Normal
TN-Plate22,C1,VC_1405,1.12346535894078,0.000762765062431,0.0048871310601757,Normal
TN-Plate23,C1,VC_0814,0.763551279552904,0.0013538917263391,0.0341376792069833,Normal
TN-Plate24,C1,VC_A0784,1.10613927949472,0.0053061002452373,0.0045473579592312,Normal
TN-Plate25,C1,VC_0274,0.907493257399938,0.000694618182588,0.007049686200661,Normal
TN-Plate26,C1,VC_0272,1.13223252016128,0.0005372458557918,0.0089406704371358,Normal
TN-Plate27,C1,VC_A0168,0.710907971681586,0.0001679776049866,0.0053781190809631,Normal
TN-Plate28,C1,VC_2723,0.707659297701352,0.0020919334077526,0.0056359411410416,Normal
TN-Plate29,C1,VC_A0751,0.855017433147446,0.0703873455022907,0.0062270080130816,Normal
TN-Plate30,C1,VC_1326,0.791620020882592,0.0009476893264769,0.0068960828495514,Normal
TN-Plate31,C1,VC_A0327,0.597498865450832,8.54699341589382e-05,0.0047369642168082,Normal
TN-Plate32,C1,VC_2645,0.922991320289259,0.0077494329874717,0.0041354603384475,Normal
TN-Plate33,C1,VC_1213,1.19096945953542,0.0031821590758735,0.0047422841871675,Normal
TN-Plate34,C1,VC_0537,1.02808566117496,0.0020608590025421,0.0043155866469215,Normal
TN-Plate01,C2,VC_1606,0.852043964787302,0.0426737106851156,0.0401343781549839,Normal
TN-Plate02,C2,VC_0287,0.797945060547844,0.0005954500697484,0.005661225130912,Normal
TN-Plate03,C2,VC_1793,0.72816893999687,0.0003810191028441,0.0104434184669482,Normal
TN-Plate04,C2,VC_A0312/VC_A0386,0.92872379433943,0.0016967998709566,0.0064163757740273,Normal
TN-Plate07,C2,VC_A0314,0.936408680851637,1.72413744758271e-05,0.0057247725649862,Normal
TN-Plate08,C2,VC_A1003,0.780050341502943,0.0136277212060262,0.032730772647734,Normal
TN-Plate09,C2,VC_0019,0.92975758795962,0.0,0.0105961387375522,Normal
TN-Plate10,C2,VC_0553,0.815596880558653,2.69761174982881e-05,0.0237473781945689,Normal
TN-Plate11,C2,VC_A0174,0.722271882801963,0.0001781389931256,0.0104991185986085,Normal
TN-Plate12,C2,VC_1211,0.706400427930023,8.82823526332063e-05,0.0125240600808902,Normal
TN-Plate13,C2,VC_A0402,1.07698631943979,0.0047994784554313,0.0091356815707348,Normal
TN-Plate14,C2,VC_1638,0.856819098712615,7.71544202220637e-05,0.0056650346603658,Normal
TN-Plate15,C2,VC_A0459,0.573330929956844,0.0,0.0075808239119841,Normal
TN-Plate16,C2,VC_1038,0.961992674175962,0.004539816070022,0.0050123534322091,Normal
TN-Plate17,C2,VC_1548,0.622633770925536,0.0024619915400065,0.0045190265775621,Normal
TN-Plate18,C2,VC_A0560,0.64596626247159,0.0001214601650526,0.0065737921684413,Normal
TN-Plate19,C2,VC_A0904,0.599549742273337,0.000114235422923,0.0057385288166493,Normal
TN-Plate20,C2,VC_A0165,1.22160282350031,0.0155333474623343,0.0048258756205636,Normal
TN-Plate21,C2,VC_0106,0.653351833110551,0.0020728405710806,0.0127792907296331,Normal
TN-Plate22,C2,VC_1190,0.831695574275152,0.0239853503956335,0.0045174731436603,Normal
TN-Plate23,C2,VC_0609,0.810894750539634,0.0001053008274739,0.0095506287401261,Normal
TN-Plate24,C2,VC_0550,0.863088506580132,0.0001372985470709,0.0043264724750394,Normal
TN-Plate25,C2,VC_0861,0.958336541894318,7.30576000962463e-05,0.0060532366161668,Normal
TN-Plate26,C2,VC_2373,1.28816356032952,0.0531199951766063,0.0419068044196304,Normal
TN-Plate27,C2,VC_2612,0.490085634368458,0.0,0.0062101782169147,Normal
TN-Plate28,C2,VC_2297,0.781260406645277,0.0,0.0042777317972233,Normal
TN-Plate29,C2,VC_2166,0.631828351631143,0.002760887020716,0.0117950586693781,Normal
TN-Plate30,C2,VC_0761,0.565970621187504,0.0,0.0049003954150303,Normal
TN-Plate31,C2,VC_0156,0.811696568348994,6.9453327676297e-05,0.0057967199148289,Normal
TN-Plate32,C2,VC_0899,0.511225435320602,0.0001159641436843,0.0045395201959002,Normal
TN-Plate33,C2,VC_0030,0.812660229779789,0.0386059885560223,0.0174440947429375,Normal
TN-Plate34,C2,VC_1033,0.832148993913794,0.0002056635190111,0.0052561335042877,Normal
TN-Plate01,C3,VC_0886,0.839054287284502,0.0003770739018856,0.0084434906871454,Normal
TN-Plate02,C3,VC_2307,0.75459389434261,0.0005460331356343,0.0203855004389713,Normal
TN-Plate03,C3,VC_0108,0.937546608267501,0.0001737757461663,0.0091522230466032,Normal
TN-Plate04,C3,VC_1372,0.832582011629928,7.9721533028291e-05,0.0100061239391213,Normal
TN-Plate07,C3,VC_1964,0.792567232195765,1.68393406912348e-05,0.0061983506259078,Normal
TN-Plate08,C3,VC_1998,0.617795192408583,0.0083777140745626,0.115728784503862,Normal
TN-Plate09,C3,VC_2180,0.81841581138883,7.53850887253025e-05,0.0143065753277376,Normal
TN-Plate10,C3,VC_A0341,0.836210831253238,1.01670167147119e-05,0.0049743143056376,Normal
TN-Plate11,C3,VC_0252,0.67209404234964,0.0,0.0367133597784476,Normal
TN-Plate12,C3,VC_2113,0.689411710482494,0.0001085522633783,0.0116905464704559,Normal
TN-Plate13,C3,VC_1090,0.649676332990628,0.0005736359788107,0.0083720579073905,Normal
TN-Plate14,C3,VC_2167,0.816549541849414,3.06459471425493e-05,0.0044011197106658,Normal
TN-Plate15,C3,VC_1242,0.623257446437403,0.0004453040694902,0.0060039788940727,Normal
TN-Plate16,C3,VC_2677,0.558846110684792,0.0,0.003880553529657,Normal
TN-Plate17,C3,VC_1074,1.02423522637387,0.000897318290525,0.0042799415420533,Normal
TN-Plate18,C3,VC_1517,0.850692901610085,0.0004591286989667,0.0044702749652328,Normal
TN-Plate19,C3,VC_1433,0.801403216391354,0.0017143325990536,0.0063186309622234,Normal
TN-Plate20,C3,VC_A0885,0.579462476155709,8.42711459957664e-05,0.0059590159427086,Normal
TN-Plate21,C3,VC_1354,0.705368048581885,0.0,0.0163153354314431,Normal
TN-Plate22,C3,VC_1704,0.873037431391851,0.0020760895506645,0.0050201114147542,Normal
TN-Plate23,C3,VC_1767,0.514261550130488,2.29874943942031e-05,0.0747578702067495,Normal
TN-Plate24,C3,VC_2026,0.84515994609404,0.0001096402162657,0.0053256428479673,Normal
TN-Plate25,C3,VC_0056,1.75102131885849,0.0108712151346459,0.008676562119572,High Biofilm
TN-Plate26,C3,VC_1706,1.03484216888835,0.0008502814905481,0.0065416895312211,Normal
TN-Plate27,C3,VC_1425,0.921045038095046,0.0,0.0042373590468401,Normal
TN-Plate28,C3,VC_1116,0.80879113013117,0.0,0.0043654095598077,Normal
TN-Plate29,C3,VC_A1083,0.118913288632134,0.0,0.0054655245634451,Low Biofilm
TN-Plate30,C3,VC_0653,0.853223177509968,0.0002189721819783,0.0068143355846696,Normal
TN-Plate31,C3,VC_A0078,0.741895344129673,0.0,0.0034377386361121,Normal
TN-Plate33,C3,VC_A0666,0.680781149062953,5.17897794904191e-05,0.0050568255557787,Normal
TN-Plate34,C3,VC_2740,1.04336818554554,0.0005027686363252,0.0033081679604532,Normal
TN-Plate01,C4,VC_1467,0.64496245842208,3.37287939388814e-06,0.0153196440689546,Normal
TN-Plate02,C4,VC_1822,0.775818093052652,0.0,0.0089072588483925,Normal
TN-Plate03,C4,VC_A1040,0.991010974775202,0.0777760338409465,0.0091142253296358,Normal
TN-Plate04,C4,VC_0655,0.719978386218468,0.0008688500768926,0.0112765197909377,Normal
TN-Plate07,C4,VC_A0178,0.890970807527595,0.0002864342015424,0.0070204595597862,Normal
TN-Plate08,C4,VC_2607,0.835982383641608,0.0343264708861218,0.0392392306640902,Normal
TN-Plate09,C4,VC_0618,0.687300775035243,0.0006719286182461,0.0213699435520822,Normal
TN-Plate10,C4,VC_0400,1.0420559105798,6.76722129523052e-05,0.0055419504641355,Normal
TN-Plate11,C4,VC_A0917,0.680316246601732,0.0005906754987465,0.006194751157105,Normal
TN-Plate12,C4,VC_1939,0.789206876109327,0.0,0.009093615305641,Normal
TN-Plate13,C4,VC_2202,0.854550949592737,0.0001680290468015,0.0051793937702014,Normal
TN-Plate14,C4,VC_0037,1.05469491896138,0.001799019947142,0.0054103431215231,Normal
TN-Plate15,C4,VC_0586,0.202743826594973,0.0001401219217134,0.0051903928538905,Low Biofilm
TN-Plate16,C4,VC_0291,1.3643495525841,0.0626416699766177,0.0050326149684026,High Biofilm
TN-Plate17,C4,VC_A0517,0.952138559368739,0.0155336221839874,0.0145463054460177,Normal
TN-Plate18,C4,VC_2183,0.966906159420655,0.0246848070694081,0.0043914845834284,Normal
TN-Plate19,C4,VC_A0795,0.802044647118333,0.0018048627166378,0.0042645371643203,Normal
TN-Plate20,C4,VC_A0281,0.934603735029846,0.0010622989909789,0.0125477554772905,Normal
TN-Plate21,C4,VC_1859,0.606960816446997,0.0,0.0075695436791577,Normal
TN-Plate22,C4,VC_2159,0.637485498376358,0.0007495505524279,0.0247975307905563,Normal
TN-Plate23,C4,VC_2712,1.02247809988817,0.126254118103623,0.0656014328898418,Normal
TN-Plate24,C4,VC_1345,0.640035544104747,4.08363550534138e-05,0.005245308395953,Normal
TN-Plate25,C4,VC_A0176,0.845543148188451,0.0001464798289841,0.0056337718507573,Normal
TN-Plate26,C4,VC_1568,1.04927116165763,1.05735112020282e-05,0.010222016264154,Normal
TN-Plate27,C4,VC_A1039,0.671213943853791,0.0001637209282175,0.0075418797173551,Normal
TN-Plate28,C4,VC_A1013,0.699968542416001,0.0,0.0046939049350203,Normal
TN-Plate29,C4,VC_1294,0.807868245380856,0.0007537462294603,0.004571696281418,Normal
TN-Plate30,C4,VC_1105,0.832651253705992,0.0002399941471161,0.0102260208324087,Normal
TN-Plate31,C4,VC_2065,1.25196116610751,0.0137121607238459,0.0050137515664719,Normal
TN-Plate32,C4,VC_1643,0.944814539329866,0.0064240076075712,0.0045763765603539,Normal
TN-Plate33,C4,VC_2685,0.931973570094576,0.0010205782605805,0.0047003488067508,Normal
TN-Plate34,C4,VC_2419,0.656074117090861,1.36075450937671e-05,0.003450901732579,Normal
TN-Plate01,C5,VC_0652,0.705775554767359,0.0,0.0113792131530435,Normal
TN-Plate02,C5,VC_1101,0.821549601209871,0.0001450773181282,0.0050381953489205,Normal
TN-Plate04,C5,VC_1500,0.802203077934585,0.0,0.0067193449546686,Normal
TN-Plate07,C5,VC_1423,1.54191439199104,0.0,0.008466322990067,High Biofilm
TN-Plate08,C5,VC_0782,0.338788944047204,0.0121297364269064,0.0280328563137505,Normal
TN-Plate09,C5,VC_0650,0.772642941462341,0.0006842577630968,0.0084456348805437,Normal
TN-Plate10,C5,VC_0904,0.732548739684784,0.0,0.0057267117508361,Normal
TN-Plate11,C5,VC_A0923,0.838775608994134,0.0,0.0051084149255285,Normal
TN-Plate12,C5,VC_0202,0.561235147254406,0.0,0.0159723552758472,Normal
TN-Plate13,C5,VC_0027,0.637355257215632,0.0,0.0056565601031304,Normal
TN-Plate14,C5,VC_1947,0.776565848587452,0.0001190539367913,0.005586682554964,Normal
TN-Plate15,C5,VC_2649,0.571251121208066,0.0,0.0101151916314886,Normal
TN-Plate16,C5,VC_0429,0.929993661911175,0.0004738429396289,0.0056131421732182,Normal
TN-Plate17,C5,VC_0033,0.983287848631046,0.0029557404033912,0.0062382607293307,Normal
TN-Plate18,C5,VC_A0231,0.818895439626982,0.0019812178598251,0.0049279909353058,Normal
TN-Plate19,C5,VC_A0116,0.635939849679364,0.0,0.0044554702512522,Normal
TN-Plate20,C5,VC_1495,0.586777449961284,0.0011171158464734,0.006770019670883,Normal
TN-Plate21,C5,VC_0331,0.449362519681409,5.14583775132728e-05,0.0053968360841726,Normal
TN-Plate22,C5,VC_1898,0.93886157682373,0.0028758481037933,0.0069262249281764,Normal
TN-Plate23,C5,VC_1562,0.63468699700176,0.0,0.0108906024600017,Normal
TN-Plate24,C5,VC_1422,0.718241007021086,0.0,0.0054820980077661,Normal
TN-Plate25,C5,VC_0892,0.75160031873288,0.0,0.0076179316245435,Normal
TN-Plate26,C5,VC_1885,0.992547521797374,0.917546562376514,0.0391549072515871,Dispersal Defect
TN-Plate27,C5,VC_0492,0.587809352661785,0.0,0.0047407151721263,Normal
TN-Plate28,C5,VC_0450,0.595974017735087,0.0,0.00444625643627,Normal
TN-Plate29,C5,VC_1944,0.46042536261488,0.0,0.0079548839988621,Normal
TN-Plate30,C5,VC_1702,0.51312926580606,0.0,0.0078180453782942,Normal
TN-Plate31,C5,VC_A0458,0.448352246289897,9.25587068891547e-05,0.005035832698416,Normal
TN-Plate32,C5,VC_A0606,0.498563502052221,0.0022989433369006,0.0053782922527626,Normal
TN-Plate33,C5,VC_A0084,0.713646995471003,0.000110585236593,0.0040604972820841,Normal
TN-Plate34,C5,VC_1174,0.0042055527856858,0.003256907956627,0.0030464355290505,Low Biofilm
TN-Plate01,C6,VC_A0140,0.483178824296738,0.0,0.0228031553923301,Normal
TN-Plate02,C6,VC_A0166,0.639656180612112,0.0068899571506211,0.0103684386117398,Normal
TN-Plate03,C6,VC_A0642,0.59602904937481,0.0003913324735531,0.0207246881238769,Normal
TN-Plate04,C6,VC_A0138,0.689360019741528,0.0004051950887224,0.0120910189729191,Normal
TN-Plate08,C6,VC_A0230,1.13845613251179,0.0085070724713418,0.106113048153917,Normal
TN-Plate09,C6,VC_A0282,0.86100881147095,0.0033590935173944,0.0088702632819485,Normal
TN-Plate10,C6,VC_A0192,0.633120095467167,0.000130008434538,0.0080079041893855,Normal
TN-Plate11,C6,VC_0870,0.683918340781351,0.0137688544044569,0.0150440536912818,Normal
TN-Plate12,C6,VC_2713,0.685928846213042,9.49996107867631e-05,0.008554536656956,Normal
TN-Plate13,C6,VC_0437,0.561805271476118,0.0003126001878052,0.007911776275504,Normal
TN-Plate14,C6,VC_0820,0.634410698921884,2.39866687361452e-05,0.0052657764665694,Normal
TN-Plate15,C6,VC_0126,0.548446671890412,7.59916378895667e-05,0.0070945244776306,Normal
TN-Plate16,C6,VC_0711,0.773214980370529,0.0004343382626634,0.0038959570636118,Normal
TN-Plate17,C6,VC_A0252,0.838685376965828,0.0003357839926055,0.0049799189358875,Normal
TN-Plate18,C6,VC_A0647,0.82915718379278,0.0017965093390004,0.0048270699254724,Normal
TN-Plate19,C6,VC_0480,0.62218476196989,0.0025425183583573,0.0043173628445395,Normal
TN-Plate20,C6,VC_2052,0.835628554430364,0.0002632067780174,0.0072154346229191,Normal
TN-Plate21,C6,VC_0937,1.05585586344715,0.0033686651744674,0.0036493712476631,Normal
TN-Plate22,C6,VC_0086,0.676705069001507,0.0155381367747041,0.020174832158605,Normal
TN-Plate23,C6,VC_2268,0.709547664646412,4.72389146513653e-05,0.0069441706397031,Normal
TN-Plate24,C6,VC_0531,0.289607157234647,0.0,0.0041647588671642,Low Biofilm
TN-Plate25,C6,VC_A0567,0.295260165940055,0.0028360490993367,0.0058982604820207,Low Biofilm
TN-Plate26,C6,VC_2184,0.372856125555195,0.0,0.0062024234650483,Normal
TN-Plate27,C6,VC_2439,0.543267432999823,0.0,0.004356172885431,Normal
TN-Plate28,C6,VC_A0849,0.733278442816587,0.0001038614499401,0.0044239156391855,Normal
TN-Plate29,C6,VC_A0200,0.436228944318728,0.0004593599092626,0.0059207644956368,Normal
TN-Plate30,C6,VC_A0254,0.480971421857336,0.0004316923092201,0.0062148873224362,Normal
TN-Plate31,C6,VC_A1046,0.489053547304554,0.0,0.0044186751346458,Normal
TN-Plate32,C6,VC_0028,0.726644794820981,0.0001976448376625,0.0053252571254716,Normal
TN-Plate33,C6,VC_1162,0.481527482355908,0.0001508105404677,0.0050136502580347,Normal
TN-Plate34,C6,VC_2172,0.591841379183374,0.0,0.0028191168355619,Normal
TN-Plate01,C7,VC_1619,0.548695412576543,0.0,0.0087921481453942,Normal
TN-Plate02,C7,VC_2370,0.809405379676688,0.0001290332408769,0.0084725233466968,Normal
TN-Plate03,C7,VC_A0397,0.738985177388542,0.0005094743165847,0.0098973421592026,Normal
TN-Plate04,C7,VC_A0936,0.63434230614424,0.0001103388725472,0.008092031065062,Normal
TN-Plate07,C7,VC_2206,2.0898797318367,0.246879688148412,0.0053351977703573,High Biofilm
TN-Plate08,C7,VC_A0213,0.843967190153819,0.0656859934178839,0.0887127583663948,Normal
TN-Plate09,C7,VC_A0074,0.131327210008629,0.0676441973725451,0.0557184953521497,Low Biofilm
TN-Plate10,C7,VC_0988,0.433633533252617,0.0001353551759034,0.0176123031741624,Normal
TN-Plate11,C7,VC_A1028,0.666831541309488,0.0012956131374666,0.0129623526002067,Normal
TN-Plate12,C7,VC_2222,0.566707754955933,2.42446689104646e-05,0.0110932681620492,Normal
TN-Plate13,C7,VC_0188,0.640245832684366,0.0008588875981751,0.0226354179840836,Normal
TN-Plate14,C7,VC_1532,0.702247960800044,0.0038613930512725,0.0067966573166076,Normal
TN-Plate15,C7,VC_2675,0.616145941057077,1.73183150101194e-05,0.0050440283585483,Normal
TN-Plate16,C7,VC_A0510,0.717479472546489,0.0003978366961858,0.0044275326747941,Normal
TN-Plate17,C7,VC_0764,0.760263651076265,0.0005281102139592,0.0057348332209644,Normal
TN-Plate18,C7,VC_1949,0.822329657734618,0.0,0.0047406971563126,Normal
TN-Plate19,C7,VC_0530,0.573512035407452,0.0002333258498622,0.0039937465355558,Normal
TN-Plate20,C7,VC_0508,0.891452696804141,0.0006319095588506,0.0056715095830741,Normal
TN-Plate21,C7,VC_A0491,0.644321920082643,0.0001105721805827,0.0046782747755896,Normal
TN-Plate22,C7,VC_2319,0.661836645022825,0.0095276876599901,0.0051041766634111,Normal
TN-Plate23,C7,VC_0831,0.685907264373622,0.0001947429828024,0.0042277124577671,Normal
TN-Plate24,C7,VC_2505,0.757537737740566,0.0002016608211925,0.0040329097657387,Normal
TN-Plate25,C7,VC_A0023,0.798920591744292,1.43714857154098e-05,0.0061367945435962,Normal
TN-Plate26,C7,VC_A0294,0.660711770012793,0.0009013678931188,0.0103088675275363,Normal
TN-Plate27,C7,VC_2299,0.443924282580207,2.10367009705969e-05,0.0039037128025594,Normal
TN-Plate28,C7,VC_A0779,0.504780998701476,0.001767092836774,0.0038871487596054,Normal
TN-Plate29,C7,VC_0088,0.609066218293714,0.0018857703043246,0.0077059018009116,Normal
TN-Plate30,C7,VC_1111,1.44071390414986,1.03183541204336,0.0096332354607913,High Biofilm
TN-Plate31,C7,VC_1080,0.332617279481224,0.000521551612572,0.0049823915142126,Normal
TN-Plate32,C7,VC_1516,0.446107590758332,0.0005190512334478,0.0058231071618883,Normal
TN-Plate33,C7,VC_0280,0.462450828538083,0.0,0.0062766076786924,Normal
TN-Plate34,C7,VC_A0811,0.694567644147051,8.16743792204971e-05,0.0046263860358629,Normal
TN-Plate02,C8,VC_1229,0.89987713098682,0.0,0.0059082281211343,Normal
TN-Plate03,C8,VC_0849,0.540715802907468,0.0003225621961256,0.0127946743696054,Normal
TN-Plate04,C8,VC_1409,0.690506427945523,0.0,0.0069399579455324,Normal
TN-Plate07,C8,VC_A0365,0.789621924176034,5.10974659918736e-05,0.0074499445025939,Normal
TN-Plate08,C8,VC_1208,0.775832904481772,0.0124280262629007,0.0855542240212983,Normal
TN-Plate09,C8,VC_1031,0.626200390116598,7.75968143925975e-05,0.0200984971346214,Normal
TN-Plate10,C8,VC_A0285,0.558071738958184,6.99481219891404e-06,0.011291112654531,Normal
TN-Plate11,C8,VC_A0638,0.549923406895305,2.06882974377563e-05,0.0069040221554903,Normal
TN-Plate12,C8,VC_2423,0.808050557062175,0.0,0.0106066087613605,Normal
TN-Plate13,C8,VC_A0526,0.532162485486995,5.56851543865301e-05,0.0054575423167104,Normal
TN-Plate14,C8,VC_A0485,0.775202008384921,0.0004443718847968,0.0076230663248793,Normal
TN-Plate15,C8,VC_A0724,0.496157647626593,0.0,0.0146197800846005,Normal
TN-Plate16,C8,VC_A0106,0.912773528671903,0.0022295735880968,0.0043835140878648,Normal
TN-Plate17,C8,VC_A0431,0.850400823431606,0.0,0.0057560943357576,Normal
TN-Plate18,C8,VC_2301,0.974836949169557,0.0046032757696884,0.0054331912895775,Normal
TN-Plate19,C8,VC_A0671,0.645317427752699,1.04495633902478e-05,0.0041066444692879,Normal
TN-Plate20,C8,VC_2119,0.636943133014303,0.000207708989607,0.0053716994046355,Normal
TN-Plate21,C8,VC_1160,0.870256152303205,0.0002982440257136,0.0042461142546814,Normal
TN-Plate22,C8,VC_1974,0.677860199742624,0.0013994636719406,0.0097284209192225,Normal
TN-Plate23,C8,VC_2628,0.77331153657324,0.0001843594212906,0.0063643521059396,Normal
TN-Plate24,C8,VC_0201,0.866478636318799,0.12048019301388,0.125617230125215,Normal
TN-Plate25,C8,VC_A0179,0.632127990106335,0.0010485897000755,0.0054509773592289,Normal
TN-Plate26,C8,VC_1700,0.806498945878449,0.0,0.006951345609862,Normal
TN-Plate28,C8,VC_A0075,0.294890685540863,0.0,0.0044514252729175,Low Biofilm
TN-Plate29,C8,VC_0745,1.46216520236198,0.0023653316990461,0.0062610742520672,High Biofilm
TN-Plate30,C8,VC_A0153,0.527301717244987,0.0086470421394973,0.0039433199541607,Normal
TN-Plate31,C8,VC_A0270,0.652541669709696,1.09922220057974e-05,0.0054544748820404,Normal
TN-Plate32,C8,VC_0622,0.569873908468625,0.0002170328617327,0.00544775938421,Normal
TN-Plate33,C8,VC_1651,0.533123269460875,2.76111093719849e-05,0.0054871383599417,Normal
TN-Plate34,C8,VC_1233,0.777726968841541,0.0016449392300147,0.0039313218976703,Normal
TN-Plate01,C9,VC_0928,0.777106478888436,0.0,0.0073763060151838,Normal
TN-Plate02,C9,VC_A1032,0.869390220403925,0.0002413576145467,0.009235290882854,Normal
TN-Plate03,C9,VC_0805,0.81971919466653,0.0011106418550771,0.0108415365599088,Normal
TN-Plate04,C9,VC_A0648,0.801459061969885,0.0049246202906376,0.0101795900688683,Normal
TN-Plate07,C9,VC_A1091,0.786103096485485,0.0091930380943638,0.0082416946664185,Normal
TN-Plate08,C9,VC_1502,0.726784142200441,0.0334786857460794,0.050122052200439,Normal
TN-Plate09,C9,VC_2298,0.830143304881174,0.0001157776715036,0.0466413869799317,Normal
TN-Plate10,C9,VC_A0271,0.906556641974284,0.0,0.0081218851808523,Normal
TN-Plate11,C9,VC_A0545,0.748027131192118,0.0006370553306301,0.0333984498904886,Normal
TN-Plate12,C9,VC_A0856,0.818052805868436,0.0004066340049192,0.0134270165783449,Normal
TN-Plate13,C9,VC_1585,0.80861012124494,0.0004613998070442,0.0058146824374202,Normal
TN-Plate14,C9,VC_0386,0.96293353328155,0.0106541158530588,0.0120305832342651,Normal
TN-Plate15,C9,VC_0690,0.855165610420302,0.0025963085755342,0.0153464573006208,Normal
TN-Plate16,C9,VC_2377,0.764297835597347,0.0049379169981722,0.0047010291459999,Normal
TN-Plate17,C9,VC_A0413,0.885576803275788,0.0003814366157668,0.0047771875037867,Normal
TN-Plate18,C9,VC_A1109,0.890477388633111,0.0011490169122641,0.0049590329301075,Normal
TN-Plate19,C9,VC_0235,0.768121131894223,0.0021193659522081,0.0085300898801517,Normal
TN-Plate20,C9,VC_A0852,0.9649243549368,0.0066938510732638,0.0105202360004445,Normal
TN-Plate21,C9,VC_1696,0.73558180401169,0.0111935497966396,0.0142925780692264,Normal
TN-Plate22,C9,VC_0048,0.785198431165321,0.0002092302755412,0.0057120700973908,Normal
TN-Plate23,C9,VC_0041,0.966418938356115,0.0032656001705339,0.0061065215512256,Normal
TN-Plate24,C9,VC_2199,0.733084456483723,0.0001359970775779,0.0062277400992811,Normal
TN-Plate25,C9,VC_2111,1.778303759439,0.374460093631534,0.0083064807021103,High Biofilm
TN-Plate26,C9,VC_A1107,0.916243053486899,0.0065935649996165,0.0047945237443156,Normal
TN-Plate27,C9,VC_A0615,0.751520706375476,0.0002203725574661,0.0033417126076056,Normal
TN-Plate28,C9,VC_A0058,1.05376118480671,0.0,0.003987632837266,Normal
TN-Plate29,C9,VC_A0299,0.610049612300736,0.0001199931430005,0.0040547301418799,Normal
TN-Plate30,C9,VC_1132,0.660420559748176,0.106760120638397,0.0689213233109447,Normal
TN-Plate31,C9,VC_2304,0.694001678218268,0.0,0.0040229312526249,Normal
TN-Plate32,C9,VC_0906,0.519930583331318,0.0024610593655011,0.0062421535332489,Normal
TN-Plate33,C9,VC_A0965,0.687556273388969,1.40736179061423e-05,0.0058362144586016,Normal
TN-Plate01,D10,VC_A0898,0.780975533105825,0.0001499099072907,0.015692664532313,Normal
TN-Plate02,D10,VC_1401,0.794857417268008,0.0008553321565076,0.0071286496331538,Normal
TN-Plate03,D10,VC_1478,0.737981814507424,0.0,0.0121872411534442,Normal
TN-Plate04,D10,VC_0040,1.24696014963503,7.61409397909734e-05,0.0066826490582023,Normal
TN-Plate07,D10,VC_0974,0.512632394797398,4.43866998462897e-05,0.0067610273001002,Normal
TN-Plate08,D10,VC_A0670,0.633774565148952,1.68844037424333e-05,0.0290004943745956,Normal
TN-Plate09,D10,VC_2475,0.451193992449455,0.0152072878970914,0.024836863231569,Normal
TN-Plate10,D10,VC_1394,0.690719902410577,0.0001386751948382,0.0099219675155215,Normal
TN-Plate11,D10,VC_A1070,0.698876919777257,0.0059966014589916,0.0097019183815704,Normal
TN-Plate12,D10,VC_0067,0.733927295089146,0.0,0.007723628188854,Normal
TN-Plate13,D10,VC_2010,0.796600336187624,0.0001576324316819,0.0032162120229362,Normal
TN-Plate14,D10,VC_A0805,0.796680135601584,0.0,0.0040206030944895,Normal
TN-Plate15,D10,VC_1701,0.0057610248714122,0.0051594806086559,0.0038120701940043,Low Biofilm
TN-Plate16,D10,VC_0693,0.972703253827701,0.0038993287509308,0.0034281479404021,Normal
TN-Plate17,D10,VC_0698,0.985903303960561,0.0033275274792688,0.0061326026050602,Normal
TN-Plate18,D10,VC_1420,1.05580181039977,0.000520647311928,0.0046745398002805,Normal
TN-Plate19,D10,VC_0777,1.2027257972267,0.008857319517675,0.0055729008787965,Normal
TN-Plate20,D10,VC_A1036,0.778662940517177,0.0001716290223193,0.0039153057261034,Normal
TN-Plate21,D10,VC_1621,0.663839213875962,0.0001756265910178,0.0058735335109378,Normal
TN-Plate22,D10,VC_1787,0.807769679867882,0.0003268142534967,0.0089268843775129,Normal
TN-Plate23,D10,VC_2281,1.13963595147156,0.0074215380652218,0.007801338074149,Normal
TN-Plate24,D10,VC_0427,0.758767638514014,0.0006539151497847,0.0103324093149413,Normal
TN-Plate25,D10,VC_A0659,0.801828906092398,0.0002203025754429,0.0043500377216191,Normal
TN-Plate26,D10,VC_0297,1.22514031777284,0.129362679420772,0.0082215147425662,Dispersal Defect
TN-Plate27,D10,VC_0659,0.90839449937831,0.0,0.0035124981120003,Normal
TN-Plate28,D10,VC_0345,0.905708393648473,0.0135674509631845,0.0111660029951732,Normal
TN-Plate29,D10,VC_0348,0.774892506826652,0.0006401647365336,0.0098836912804676,Normal
TN-Plate30,D10,VC_1934,0.702709783611022,0.0,0.0029574476954735,Normal
TN-Plate31,D10,VC_A0025,0.701902986128582,0.0075580356057761,0.0081313022493816,Normal
TN-Plate33,D10,VC_1545,0.425085570129306,0.0012002144972916,0.0074030893125333,Normal
TN-Plate01,D11,VC_A0943,0.666250439328552,0.0003403684521287,0.0099893644999831,Normal
TN-Plate02,D11,VC_1204,0.794764260775253,0.0006293856243586,0.0050047518697006,Normal
TN-Plate03,D11,VC_A0182,0.891143133352693,6.06895556485345e-05,0.015072978297768,Normal
TN-Plate04,D11,VC_0817,0.714200770417728,0.0006140099264378,0.0103735825740392,Normal
TN-Plate07,D11,VC_1073,0.753276489104965,0.0028266905941627,0.0093242805228384,Normal
TN-Plate08,D11,VC_A0655,0.775776461539945,0.0063669066100375,0.0245142352890042,Normal
TN-Plate09,D11,VC_A0088,1.07659165458997,0.0005974837287487,0.0268683929473353,Normal
TN-Plate10,D11,VC_2346,0.777395181836927,2.76704356984731e-05,0.0121223867305087,Normal
TN-Plate11,D11,VC_0383,0.655861860414832,0.0040231402359923,0.01739847435868,Normal
TN-Plate12,D11,VC_A0576,0.84428917961534,0.0,0.010174969744659,Normal
TN-Plate13,D11,VC_A0731,0.727776799686667,0.0,0.0056826616136258,Normal
TN-Plate14,D11,VC_0630,0.754091331808026,0.0004491201029421,0.0054313679955493,Normal
TN-Plate15,D11,VC_A0266,0.585676829869665,7.25216208619655e-05,0.0091543212766161,Normal
TN-Plate16,D11,VC_1486,0.736005689194459,0.0335870571920019,0.0290721218863418,Normal
TN-Plate17,D11,VC_A0055,0.978525136137319,0.0001674034191918,0.0057468177461662,Normal
TN-Plate18,D11,VC_0293,1.01619534519284,0.0004049479596866,0.0041868219574489,Normal
TN-Plate19,D11,VC_1194,0.668823959688006,0.0,0.0036068334002133,Normal
TN-Plate20,D11,VC_A0802,0.801270872298848,0.0001241313969251,0.0040393220535406,Normal
TN-Plate21,D11,VC_A0987,0.696337077905237,0.0004746267564327,0.0097674424519355,Normal
TN-Plate22,D11,VC_A0163,0.63673116657041,0.0,0.0121051992133349,Normal
TN-Plate23,D11,VC_2351,0.871969589075181,0.0018343415173837,0.0053025912976976,Normal
TN-Plate24,D11,VC_2137,2.17182118466616,0.617255566391239,0.0044007901342401,High Biofilm
TN-Plate25,D11,VC_0185,2.23300211929167,0.468479919163365,0.0059192084201623,High Biofilm
TN-Plate26,D11,VC_A0816,0.943762665295668,0.000513662737406,0.0065445026781299,Normal
TN-Plate28,D11,VC_A0504,0.880200042748345,0.0048909160955669,0.0035304160240821,Normal
TN-Plate29,D11,VC_0552,0.73996919457519,0.0003091720844713,0.0083035595503107,Normal
TN-Plate30,D11,VC_2687,0.529284662751296,0.0,0.0076399870480409,Normal
TN-Plate31,D11,VC_2337,0.592590706739084,0.0011952562503961,0.0050640873522992,Normal
TN-Plate32,D11,VC_2059,2.51176694767109,0.248475218799287,0.005089455969798,High Biofilm
TN-Plate33,D11,VC_0422,1.00100048415153,0.0002896535852553,0.0147259439331548,Normal
TN-Plate01,D12,VC_2473,0.697391174693055,0.0,0.0197400726230223,Normal
TN-Plate02,D12,VC_2098,0.945918027633938,0.000583459363284,0.0061316318006567,Normal
TN-Plate04,D12,VC_0662,1.010333754085,0.001508773321694,0.0052993169300388,Normal
TN-Plate07,D12,VC_2290,0.416071897542775,5.657705686732e-05,0.0054736781289076,Normal
TN-Plate08,D12,VC_A0391,0.823987059737766,0.0,0.0785423923982764,Normal
TN-Plate09,D12,VC_A0978,0.909083868788342,0.0,0.0144673036698356,Normal
TN-Plate10,D12,VC_2684,0.547030860336746,0.0,0.0167744815483111,Normal
TN-Plate11,D12,VC_A0354,0.847878887709794,0.0,0.0158509344647932,Normal
TN-Plate12,D12,VC_A0749,0.701239067826623,2.02784600723646e-05,0.0235423391644953,Normal
TN-Plate13,D12,VC_0500,0.929606978888303,0.0006743560020742,0.0081431901226516,Normal
TN-Plate14,D12,VC_0825,0.872092704092016,0.0001649517774859,0.0112626883253455,Normal
TN-Plate15,D12,VC_A0557,0.487067971068158,0.0003406735489364,0.011162195852652,Normal
TN-Plate16,D12,VC_A0935,1.16750139353861,0.0113431807900381,0.0050722215992911,Normal
TN-Plate17,D12,VC_2306,1.17460323720864,0.002501397276299,0.0070122419336966,Normal
TN-Plate18,D12,VC_A0998,1.20226130917673,0.005830954297034,0.0055014810064907,Normal
TN-Plate19,D12,VC_0390,0.831283628838002,0.0993579764598861,0.014539502633736,Normal
TN-Plate20,D12,VC_A0237,0.958180958191013,0.0,0.0071019586966234,Normal
TN-Plate21,D12,VC_2421,0.765057125214735,0.0084420313532739,0.0144856808481802,Normal
TN-Plate22,D12,VC_2144,0.95914754582561,0.0025824440396552,0.0144654664942363,Normal
TN-Plate23,D12,VC_A0956,0.829849756620945,0.000125130570293,0.0159561351886347,Normal
TN-Plate24,D12,VC_1291,1.61464847084649,0.132254172530872,0.0077370141080296,High Biofilm
TN-Plate26,D12,VC_1880,1.30695672971722,5.96493123114981e-05,0.0096211977884515,Normal
TN-Plate27,D12,VC_2412,1.08016601231609,5.97223070511386e-05,0.0057817159612543,Normal
TN-Plate28,D12,VC_A0744,0.970135177628624,0.0,0.0050392491913464,Normal
TN-Plate29,D12,VC_0762,0.883042933423318,0.0,0.0056132578578437,Normal
TN-Plate30,D12,VC_A1019,0.96202875635592,0.0002797087703395,0.0056447012931176,Normal
TN-Plate31,D12,VC_1003,1.99330159501186,1.11270897551809,0.005956019253693,High Biofilm
TN-Plate32,D12,VC_2027,0.93840083732322,0.0028974277077923,0.0056684985761773,Normal
TN-Plate01,D1,VC_1494,0.931691568811697,4.33909491600656e-05,0.0052102922795926,Normal
TN-Plate02,D1,VC_A0096,1.01389641142761,0.001441127449996,0.0054318812013851,Normal
TN-Plate03,D1,VC_1507,0.808098738852952,0.013743120657396,0.0056695705004882,Normal
TN-Plate04,D1,VC_0882,0.942704175436801,2.4246312339922e-05,0.0053209592505245,Normal
TN-Plate07,D1,VC_1060,1.27993333854381,0.028148946520025,0.0049305687322366,Normal
TN-Plate08,D1,VC_A0964,0.755264274371299,0.0033542502886134,0.0535818057693903,Normal
TN-Plate09,D1,VC_2235,1.32637058555262,0.0702684070135258,0.0047030533936988,Normal
TN-Plate10,D1,VC_0029,0.88338306919087,0.0,0.0105029900501605,Normal
TN-Plate11,D1,VC_0394,0.931024889573868,0.0134184627435937,0.0087731095823769,Normal
TN-Plate12,D1,VC_0965,0.739388288744931,9.76685769119578e-05,0.0108619896826122,Normal
TN-Plate13,D1,VC_2718/VC_2719,1.73514075654418,1.41853209362691,0.0043639136307189,High Biofilm
TN-Plate14,D1,VC_A0323,1.07778687964238,0.0003645127816758,0.0055264081540668,Normal
TN-Plate15,D1,VC_A1093,0.90613840308602,6.33945185406509e-05,0.0237014636949094,Normal
TN-Plate16,D1,VC_1355,1.12503570022729,0.0041289962870242,0.0075196349662628,Normal
TN-Plate17,D1,VC_2378,1.28007324348534,0.010336241794696,0.0045474069178854,Normal
TN-Plate18,D1,VC_A0053,1.23314297444575,0.0053748773070439,0.0052334377183676,Normal
TN-Plate19,D1,VC_1669,0.826317820625948,4.96780629853328e-05,0.0050788859372394,Normal
TN-Plate20,D1,VC_1615,0.915240304135256,0.0002666673909222,0.0099034265327688,Normal
TN-Plate21,D1,VC_0464,1.14851622706229,0.0003279796239811,0.0068272477184944,Normal
TN-Plate22,D1,VC_0634,1.32782134331715,0.233413742448097,0.0219878507810334,Dispersal Defect
TN-Plate23,D1,VC_1098,0.46989313778867,0.0005149463816061,0.0105990267198455,Normal
TN-Plate24,D1,VC_0342,0.939480184712067,0.0,0.0038706890547976,Normal
TN-Plate25,D1,VC_2238,0.836146301903513,0.0011067943254427,0.0046325106537667,Normal
TN-Plate26,D1,VC_1238,1.11353984994507,7.12349016416912e-05,0.0069472178981125,Normal
TN-Plate27,D1,VC_0917,0.0311166894728679,0.0,0.0046393363430345,Low Biofilm
TN-Plate28,D1,VC_2617,0.915650142088171,0.0094608035115877,0.0045470767460363,Normal
TN-Plate29,D1,VC_A0754,0.687440046236791,0.0009813444701544,0.0048811816571907,Normal
TN-Plate30,D1,VC_0768,0.985594830738397,6.97940413930653e-06,0.0044903417002434,Normal
TN-Plate31,D1,VC_A0743,0.683930630400461,0.0,0.0049830340354372,Normal
TN-Plate32,D1,VC_1740,1.22399242978519,0.0026158654294498,0.0037606312295453,Normal
TN-Plate33,D1,VC_A0619,0.688814972862254,0.0,0.0064732844841765,Normal
TN-Plate34,D1,VC_2271,1.94102991769828,0.975393971094203,0.0079821902222435,High Biofilm
TN-Plate02,D2,VC_A0834,0.798109424506643,3.44416273739688e-06,0.0041726395988913,Normal
TN-Plate03,D2,VC_2490,0.816885796731682,0.0112402752729858,0.0150391745036664,Normal
TN-Plate07,D2,VC_2393,0.851147828985123,7.63339991980847e-05,0.0045665391245074,Normal
TN-Plate08,D2,VC_A0673,0.667223617446867,0.0135757657057401,0.0852934460133535,Normal
TN-Plate09,D2,VC_2701,0.960411766564345,0.0,0.0071823893345054,Normal
TN-Plate10,D2,VC_1434,0.444658239138957,0.0005868742968242,0.0295716627148361,Normal
TN-Plate11,D2,VC_1754,0.807994349831363,0.0,0.0128974826830662,Normal
TN-Plate12,D2,VC_2388,0.868738474867932,0.0,0.0150783121039185,Normal
TN-Plate13,D2,VC_0338,0.912365669432061,0.000857557528587,0.0072533274938632,Normal
TN-Plate14,D2,VC_0589,0.760520353706987,0.0004744647038735,0.0053256694591932,Normal
TN-Plate15,D2,VC_A0806,0.607439182511444,6.12753491174326e-05,0.0059492725923916,Normal
TN-Plate16,D2,VC_1593,0.927765574255633,0.0016984149089594,0.0042029274043513,Normal
TN-Plate17,D2,VC_A0324,1.08159911315938,0.0008242282541606,0.0038274662898496,Normal
TN-Plate18,D2,VC_2691,0.977378676024676,0.0001086078288482,0.0048197841260001,Normal
TN-Plate19,D2,VC_2060,1.0699066423149,0.0013118026822844,0.0036201787301575,Normal
TN-Plate20,D2,VC_1649,0.739581061929543,7.55387728292837e-05,0.0042338347800794,Normal
TN-Plate21,D2,VC_2775,0.707420718797317,0.0022440664045717,0.0065530324722871,Normal
TN-Plate22,D2,VC_0584,0.950428644150514,0.0030403228968056,0.0051492493078559,Normal
TN-Plate23,D2,VC_0803,0.905175525842011,4.3289325464153e-05,0.0161033873829631,Normal
TN-Plate24,D2,VC_2656,0.925318478756535,0.00024822017204,0.0043737563191593,Normal
TN-Plate26,D2,VC_1359,3.78386336790873,3.78386336790873,0.0043579853138408,High Biofilm
TN-Plate27,D2,VC_1348,0.595466593795972,5.14815568264186e-05,0.0069157955488038,Normal
TN-Plate28,D2,VC_0146,0.77480312007673,9.85899655465409e-05,0.0045352274876263,Normal
TN-Plate29,D2,VC_0230,0.569693745520546,0.0006769369684728,0.0080345982660953,Normal
TN-Plate30,D2,VC_2383,0.690028288284533,0.0001473482895631,0.0072977747621963,Normal
TN-Plate32,D2,VC_2720,1.51878912534549,0.0323633729593596,0.0039700101095342,High Biofilm
TN-Plate33,D2,VC_0879,1.00084769708217,0.0043688820205974,0.0048457296764039,Normal
TN-Plate34,D2,VC_A0692,0.963244639162328,0.0508951520063257,0.0106298327726362,Normal
TN-Plate01,D3,VC_0808,0.578606782608778,0.0,0.0056676970356763,Normal
TN-Plate02,D3,VC_A0809,0.867192602824048,0.0004146319254704,0.0059613928229617,Normal
TN-Plate03,D3,VC_0942,0.900442290141701,7.2520439356028e-05,0.0056393099991804,Normal
TN-Plate04,D3,VC_0410,1.11861550478205,0.0022084552305403,0.0026188825183175,Normal
TN-Plate07,D3,VC_1999,0.833116845073164,3.42308342967747e-05,0.0076645305335306,Normal
TN-Plate08,D3,VC_A0019,0.682101153276792,0.0151986909001053,0.083078154179687,Normal
TN-Plate09,D3,VC_1177,0.703204440913081,0.0,0.0209075054224773,Normal
TN-Plate10,D3,VC_0832,0.688376019110556,0.0001301215832821,0.0140126496178791,Normal
TN-Plate11,D3,VC_1230,0.915851551912014,0.0002981693502927,0.0076045639524128,Normal
TN-Plate12,D3,VC_A0877,0.781938215015497,1.0444907308595e-05,0.0062089544958228,Normal
TN-Plate13,D3,VC_A0657,0.818311520855627,0.0008719003075423,0.0087418263840911,Normal
TN-Plate15,D3,VC_2610,0.640494489870549,0.0013128548223371,0.0086273911256168,Normal
TN-Plate16,D3,VC_A0043,0.813955201099471,0.0002039942531818,0.0046927216760488,Normal
TN-Plate17,D3,VC_A0448,1.02927985021979,0.0008983214321628,0.0064200617579969,Normal
TN-Plate18,D3,VC_1315,0.873784611023483,0.0001604591101696,0.0042818227594124,Normal
TN-Plate19,D3,VC_0624,0.593867166147641,0.0,0.0057451658723076,Normal
TN-Plate20,D3,VC_2294,0.848539380324924,0.0002704541676631,0.0034730522193953,Normal
TN-Plate22,D3,VC_1666,0.873831922273219,0.0021167518489947,0.0088308911741126,Normal
TN-Plate24,D3,VC_2142,1.00862219927481,0.0029356461485984,0.0051098581271688,Normal
TN-Plate25,D3,VC_A0326,0.794441438021865,0.0003555687258002,0.0073201912778838,Normal
TN-Plate26,D3,VC_0754,0.955027891100004,0.0024612384717497,0.0072018805149049,Normal
TN-Plate27,D3,VC_A0079,2.82327118158174,0.604948355873866,0.0071358929174925,High Biofilm
TN-Plate28,D3,VC_A0029,0.816903635164966,0.0007481067128428,0.0042149821970842,Normal
TN-Plate29,D3,VC_2103,0.909361404973979,0.0003712251862023,0.0047461794432273,Normal
TN-Plate30,D3,VC_A0076,0.750207398008384,0.001291013598351,0.0093261906303971,Normal
TN-Plate31,D3,VC_2226,0.105168988805512,0.0002833822529629,0.0034515390156054,Low Biofilm
TN-Plate32,D3,VC_2621,0.82688293222138,0.0,0.0040415489605607,Normal
TN-Plate33,D3,VC_A0199,0.893187740139323,0.0005465101987657,0.0114169092047971,Normal
TN-Plate34,D3,VC_0732,0.456058982812385,0.001495013310427,0.0083439131454136,Normal
TN-Plate01,D4,VC_A0092,0.762399676924089,0.0010004870684996,0.0050849028971208,Normal
TN-Plate02,D4,VC_0099,0.988161729182105,0.0,0.0076301646199829,Normal
TN-Plate03,D4,VC_A0259,0.960638129809756,0.016236212758734,0.0079452942418509,Normal
TN-Plate04,D4,VC_1189,0.880555839922485,0.0027113183034425,0.0034615655414342,Normal
TN-Plate07,D4,VC_1429,0.895761948713466,0.0004176404510682,0.0038101599279838,Normal
TN-Plate08,D4,VC_0462,1.32892469825053,0.382848792394692,0.0054314902575642,Dispersal Defect
TN-Plate09,D4,VC_0385,0.761791459474095,0.0001378955261906,0.0052530744090379,Normal
TN-Plate10,D4,VC_A1074,0.635143236729157,0.0001233209089544,0.0073597913341992,Normal
TN-Plate11,D4,VC_1530,0.800404375402673,3.40928071543234e-06,0.0054892933591176,Normal
TN-Plate12,D4,VC_A0169,0.84370489084009,0.0,0.0165643455592779,Normal
TN-Plate13,D4,VC_A0667,0.63902714199107,0.0,0.0057314688938157,Normal
TN-Plate14,D4,VC_2700,0.872364963108619,0.0012284262820387,0.0040442610871507,Normal
TN-Plate15,D4,VC_A0591,0.611550523037565,0.0,0.0051336370671814,Normal
TN-Plate16,D4,VC_2358,0.86430580267895,5.68287919826606e-05,0.0031482006942868,Normal
TN-Plate17,D4,VC_2312,1.2642530442458,0.0063970878551879,0.0040237516615812,Normal
TN-Plate18,D4,VC_1466,0.901776628487757,0.0001359384982102,0.0033489075790412,Normal
TN-Plate19,D4,VC_A1038,0.78241984213864,0.0001381983836779,0.0038065809676646,Normal
TN-Plate20,D4,VC_0506,0.672639954408937,0.0008554029915959,0.0044673709455937,Normal
TN-Plate21,D4,VC_A0924,0.730315325515423,0.002787171564431,0.0133639739137159,Normal
TN-Plate22,D4,VC_0077,0.843335786430977,0.00075747871211,0.0044892581145289,Normal
TN-Plate23,D4,VC_1147,0.817154300006695,5.77664306124447e-05,0.0035680693841414,Normal
TN-Plate24,D4,VC_A1026,1.01236319408095,0.0007742588415112,0.0045998517290764,Normal
TN-Plate25,D4,VC_0489,1.03258908803354,1.37609581667195e-05,0.0053640757009492,Normal
TN-Plate26,D4,VC_2342,0.913696437014584,0.000972804903105,0.00494320505874,Normal
TN-Plate27,D4,VC_A0985,0.68547545238333,5.6678692612322e-05,0.0030755674895039,Normal
TN-Plate28,D4,VC_0516,0.705028192808166,0.0,0.0035411853066852,Normal
TN-Plate29,D4,VC_0918,0.0759027986076042,0.0,0.0049997377335522,Low Biofilm
TN-Plate30,D4,VC_0330,0.689193946278601,0.0,0.0062494199219396,Normal
TN-Plate31,D4,VC_2697,0.682768232792198,6.55795145260271e-05,0.0027457759114436,Normal
TN-Plate32,D4,VC_A0144,0.903491714121669,0.0048699222290181,0.0081024025804367,Normal
TN-Plate33,D4,VC_0001,0.769413874323711,0.0008356592141939,0.0037524928714984,Normal
TN-Plate34,D4,VC_2730,0.703503071751421,0.0003174655351417,0.0220391301940045,Normal
TN-Plate01,D5,VC_0496,0.658365792093891,0.0001808240746529,0.0068133730674188,Normal
TN-Plate02,D5,VC_0283,0.722891032697741,0.0,0.0070780173024568,Normal
TN-Plate04,D5,VC_A0533,0.696501455697066,0.0,0.0041762330202218,Normal
TN-Plate07,D5,VC_2122,2.06848838088968,0.310655967151014,0.0048541190487452,High Biofilm
TN-Plate08,D5,VC_0486,0.453316991732925,0.0137832620278825,0.0666584054147799,Normal
TN-Plate09,D5,VC_2699,0.348427160213489,0.0,0.0194388932814211,Normal
TN-Plate10,D5,VC_A0822,0.631499085211938,0.0003586015341702,0.0048405773183592,Normal
TN-Plate11,D5,VC_0452,1.12039337941525,0.0459438930281768,0.044431474173344,Normal
TN-Plate12,D5,VC_A0421,0.653348795129834,0.0,0.0090331353555642,Normal
TN-Plate13,D5,VC_0420,1.13237161982079,0.0043134554674876,0.0119248418321255,Normal
TN-Plate14,D5,VC_1398,0.649858852355185,0.0,0.0039863444965047,Normal
TN-Plate15,D5,VC_1250,0.874252300190133,0.0005121442241806,0.0055946872933968,Normal
TN-Plate16,D5,VC_0267,0.821449648649971,0.0014511502768537,0.0054183237411939,Normal
TN-Plate17,D5,VC_2443,1.14087161417941,0.0009042993120837,0.0049782743551464,Normal
TN-Plate18,D5,VC_1143,0.662555161919014,0.0,0.0034801230182103,Normal
TN-Plate19,D5,VC_0528,0.594124229377549,3.43563967634994e-05,0.0027209159885792,Normal
TN-Plate20,D5,VC_2067,2.80870767715345,1.98297153921785,0.0043440590609142,High Biofilm
TN-Plate21,D5,VC_0191,0.800940150553734,0.0009441195842528,0.0062093594573807,Normal
TN-Plate22,D5,VC_A0599,0.734836129297811,0.0001400288210542,0.0193982281775672,Normal
TN-Plate23,D5,VC_1763,0.789921363585276,0.0004428428885789,0.0131495239447339,Normal
TN-Plate24,D5,VC_1865,0.837251810708057,0.0003064558649243,0.0055184987531477,Normal
TN-Plate25,D5,VC_A0798,0.790545758744258,0.0,0.0189597431193029,Normal
TN-Plate26,D5,VC_0694,0.652769174781373,0.0022086626381139,0.0257689173084818,Normal
TN-Plate28,D5,VC_A0981,0.719119207395847,0.0,0.0034176482049546,Normal
TN-Plate29,D5,VC_0064,0.446688899357422,0.0,0.0067132088258199,Normal
TN-Plate30,D5,VC_0607,0.481741879221718,7.35754349068978e-05,0.0047925053464103,Normal
TN-Plate31,D5,VC_1855,0.349967062210953,0.0001993655005338,0.0041579953195305,Normal
TN-Plate32,D5,VC_2664,0.52318499987645,0.0,0.0048549316990094,Normal
TN-Plate33,D5,VC_1656,0.498929582693391,0.0002203138123642,0.0092445740963288,Normal
TN-Plate34,D5,VC_A0860,0.636790340544791,2.3893806523075e-05,0.0032049614635522,Normal
TN-Plate01,D6,VC_0510,0.0918454870355086,0.0057330121685374,0.0455042411144479,Low Biofilm
TN-Plate02,D6,VC_A1097,0.723802863587266,0.0010095840963187,0.0039235525830132,Normal
TN-Plate03,D6,VC_1906,0.690447597081179,0.0010443450790149,0.0045833054484274,Normal
TN-Plate07,D6,VC_2512,0.686830969185317,0.0001781479424111,0.0061370143815628,Normal
TN-Plate08,D6,VC_1748,0.836510677625171,0.0012415215243745,0.140016947279254,Normal
TN-Plate09,D6,VC_A0554,0.7539902044795,0.0053234627051875,0.021177583271783,Normal
TN-Plate10,D6,VC_0458,0.43896529535773,0.0001938044871969,0.0089914046502689,Normal
TN-Plate11,D6,VC_1260,0.848166703223941,0.0089396702065489,0.0054849629337517,Normal
TN-Plate12,D6,VC_0603,0.630941324325209,0.0002944115710367,0.0053597302993628,Normal
TN-Plate13,D6,VC_A0356,0.604820811970513,9.96261582001789e-05,0.0053127149912586,Normal
TN-Plate14,D6,VC_A0228,0.463720397928179,0.0012154772113187,0.0060239254583768,Normal
TN-Plate15,D6,VC_A0495,0.60572284508823,0.0021358492628097,0.0086000774332946,Normal
TN-Plate16,D6,VC_A1018,0.805945720125182,0.0,0.0026779436641398,Normal
TN-Plate17,D6,VC_1319,1.46090368326896,0.149563161814243,0.0034522405766706,High Biofilm
TN-Plate18,D6,VC_2014,1.16171972798742,0.0237533788222492,0.0034434199651059,Normal
TN-Plate19,D6,VC_1852,0.595853229074131,0.0001544434496171,0.0029654708917813,Normal
TN-Plate20,D6,VC_2205,0.754957047282282,4.15425839477373e-05,0.0036269439156949,Normal
TN-Plate21,D6,VC_2534,0.682848079658669,4.76120818919627e-05,0.0089116409191331,Normal
TN-Plate22,D6,VC_A0873,0.815176797528177,0.0452295516600994,0.0360735393583052,Normal
TN-Plate23,D6,VC_2204,1.60406971006898,0.0535581676268744,0.0069903791415625,High Biofilm
TN-Plate24,D6,VC_1808,0.666817722288145,6.1680819994415e-05,0.0042681396860935,Normal
TN-Plate25,D6,VC_0071,0.555866276710068,7.09302309255177e-06,0.0039809222123853,Normal
TN-Plate26,D6,VC_0995,0.932627875843184,0.0108779078527777,0.0045707234568508,Normal
TN-Plate27,D6,VC_A0974,0.508521206572551,0.0009781791615585,0.0038586060915127,Normal
TN-Plate28,D6,VC_1685,0.683308047391469,0.0018506278097233,0.0055758989089487,Normal
TN-Plate30,D6,VC_0081,0.383699201184715,0.0,0.0046079620707088,Normal
TN-Plate31,D6,VC_1353,0.082636106235166,0.0,0.0033391178725197,Low Biofilm
TN-Plate32,D6,VC_2715,0.562778338331281,0.0002834900099442,0.0052333693227381,Normal
TN-Plate33,D6,VC_1660,0.544085758073417,0.005960453870161,0.0064641465373084,Normal
TN-Plate34,D6,VC_A1050,0.553865705800509,0.005203752526155,0.0037154653480378,Normal
TN-Plate02,D7,VC_1321,0.837616555972422,0.0,0.0053079294802763,Normal
TN-Plate03,D7,VC_1210,0.783986937440597,0.0,0.0070358932823542,Normal
TN-Plate04,D7,VC_A0330,0.556313593471442,0.0004989443922519,0.0063432097934284,Normal
TN-Plate07,D7,VC_1302,0.740814796177356,0.0002407219037303,0.002793004162965,Normal
TN-Plate09,D7,VC_1770,0.599285971256111,0.0,0.0199884680889673,Normal
TN-Plate10,D7,VC_1955,0.500888732756248,0.0002304908548752,0.007133234942795,Normal
TN-Plate11,D7,VC_A0293,0.571450529182494,3.41910099960202e-05,0.0087254330593056,Normal
TN-Plate12,D7,VC_0247,1.88074549298742,0.274131051368325,0.0103978949584305,High Biofilm
TN-Plate13,D7,VC_2553,0.944450426363655,0.0001770711009171,0.0060219554421178,Normal
TN-Plate14,D7,VC_1505,0.403426635894351,0.0,0.008501285400505,Normal
TN-Plate15,D7,VC_1374,0.64725610066761,0.0,0.0061561260299591,Normal
TN-Plate16,D7,VC_0651,0.731477403365565,0.0104199599907752,0.0031101688481261,Normal
TN-Plate17,D7,VC_0152,0.964730355625929,0.0009543420662416,0.006534419999471,Normal
TN-Plate18,D7,VC_1664,0.881503876396935,0.0058388369617511,0.0037163463625737,Normal
TN-Plate19,D7,VC_2013,0.234750342000065,0.0015241874279119,0.0029973006354073,Low Biofilm
TN-Plate20,D7,VC_1588,0.728510167749812,0.0029571474928216,0.0041120791626873,Normal
TN-Plate21,D7,VC_1596,0.487837955037456,0.0005819500106357,0.0098749122077457,Normal
TN-Plate22,D7,VC_0186,1.2282895365506,0.0214150846728527,0.0086292636755251,Normal
TN-Plate23,D7,VC_1521,0.690148562465972,0.0001179072631688,0.0064750981472782,Normal
TN-Plate24,D7,VC_2662,0.655210291947685,3.75538361266431e-05,0.0052127219375645,Normal
TN-Plate25,D7,VC_2153,0.834747879810207,0.0,0.0071614593451221,Normal
TN-Plate26,D7,VC_1282,0.828577720820006,0.0,0.0056088978884297,Normal
TN-Plate27,D7,VC_2209,0.40373616292104,0.020267707223957,0.0034010749609167,Normal
TN-Plate28,D7,VC_0884,0.484131933179866,0.0,0.003875208098034,Normal
TN-Plate29,D7,VC_A1033,0.557818365676437,0.0,0.0054221085607161,Normal
TN-Plate30,D7,VC_2670,0.0216352371175731,0.0,0.0033302811750183,Low Biofilm
TN-Plate31,D7,VC_2384,0.508503750552286,0.0013660633668325,0.0070318478653913,Normal
TN-Plate32,D7,VC_2711,0.573282827058969,0.0,0.0045997746317299,Normal
TN-Plate33,D7,VC_1952,0.56434148187621,0.0,0.002846895945904,Normal
TN-Plate01,D8,VC_0740,0.476978354339415,0.0010850080979319,0.0149451616573234,Normal
TN-Plate02,D8,VC_2738,2.90376354225857,1.41974655830421,0.0065866132532346,High Biofilm
TN-Plate03,D8,VC_1126,0.565803413437491,0.0827517501403138,0.0634698063254799,Normal
TN-Plate04,D8,VC_2157,0.436895754112503,0.0001664229070459,0.0065549013692633,Normal
TN-Plate07,D8,VC_2418,0.712230843663785,0.0005007328785309,0.0053679249705443,Normal
TN-Plate09,D8,VC_2334,0.596732083097489,0.0006048113607228,0.0066097434161776,Normal
TN-Plate10,D8,VC_2487,0.478078941312394,0.0010459334400068,0.0104574989833772,Normal
TN-Plate11,D8,VC_0673,0.473998076464036,0.005326540780337,0.0104986729837957,Normal
TN-Plate12,D8,VC_A0910,0.621446232473388,0.0,0.0086599105399075,Normal
TN-Plate13,D8,VC_0743,0.569237112571769,0.0,0.0108490303427122,Normal
TN-Plate14,D8,VC_1044,0.863358480655304,0.0004813220429264,0.0042339650523778,Normal
TN-Plate15,D8,VC_A0359,0.564166767364022,0.0,0.0111467326251617,Normal
TN-Plate16,D8,VC_0340,0.679725467937831,0.0002444348642007,0.0045751925546324,Normal
TN-Plate17,D8,VC_1304,0.844271595283077,0.0002627281733307,0.0036632542349913,Normal
TN-Plate18,D8,VC_A0909,0.97906471989965,7.79625972924793e-05,0.0060747292738673,Normal
TN-Plate19,D8,VC_1386,0.656901038870108,1.72264335376339e-05,0.0038959015203471,Normal
TN-Plate20,D8,VC_1932,0.067725590872724,0.0,0.0030733482764452,Low Biofilm
TN-Plate21,D8,VC_0246,0.682058388545867,0.0,0.0074445821540229,Normal
TN-Plate22,D8,VC_1926,0.7520985866972,8.106208456966e-05,0.0150916349553937,Normal
TN-Plate23,D8,VC_1527,1.05380252545144,0.0039505781850597,0.0042265142569828,Normal
TN-Plate24,D8,VC_0894,1.41043856241651,0.385958295173095,0.0042448163834903,High Biofilm
TN-Plate26,D8,VC_0268,0.945033701908983,0.0,0.0053378024124806,Normal
TN-Plate27,D8,VC_1782,0.582087993825686,0.0,0.0050235915150486,Normal
TN-Plate28,D8,VC_1336,0.752936476676838,0.0,0.0041191156121273,Normal
TN-Plate29,D8,VC_1337,0.562588688849791,0.0,0.004886800952417,Normal
TN-Plate30,D8,VC_0815,0.467927845888779,0.0,0.0053922617191069,Normal
TN-Plate31,D8,VC_0060,0.685158083368184,0.0,0.0039920286133162,Normal
TN-Plate32,D8,VC_A0819,0.684215879661806,0.202024325344876,0.146740590608526,Dispersal Defect
TN-Plate33,D8,VC_1524,0.828948375176275,0.001385708300361,0.0030574404957682,Normal
TN-Plate01,D9,VC_1083,0.732921842131939,0.007797041274955,0.0073480274021391,Normal
TN-Plate02,D9,VC_2682,0.704540058159782,0.0,0.006975278760937,Normal
TN-Plate03,D9,VC_0678,1.00003267462777,7.52207582196815e-05,0.01272576554711,Normal
TN-Plate04,D9,VC_1167,0.698755777364468,1.78364559501026e-05,0.0041442802555988,Normal
TN-Plate07,D9,VC_1650,0.957905202014384,0.0007202884785515,0.0039597559156401,Normal
TN-Plate08,D9,VC_1492,0.748802318436295,0.0003103211086302,0.060570017514923,Normal
TN-Plate09,D9,VC_0672,0.684718652379006,0.0002618593989211,0.0175415521438142,Normal
TN-Plate10,D9,VC_0717,0.866885381204805,0.0006157287067607,0.0073048376354053,Normal
TN-Plate11,D9,VC_0026,0.722120217090997,0.0006434440349286,0.0086262391148396,Normal
TN-Plate12,D9,VC_0010,0.763659768040795,0.0071459526127349,0.0179136250570481,Normal
TN-Plate13,D9,VC_A0396,0.652879766100444,0.0002188579815183,0.0055163515028903,Normal
TN-Plate14,D9,VC_0128,1.05912554218956,0.0017194492284001,0.0084824260159234,Normal
TN-Plate15,D9,VC_2004,0.514070702508956,1.02376400159798e-05,0.0061715829998182,Normal
TN-Plate16,D9,VC_2141,0.908742614192292,0.0006481737662573,0.002696560104066,Normal
TN-Plate17,D9,VC_A0170,0.88484932608486,0.0019064541947203,0.003828993295475,Normal
TN-Plate18,D9,VC_A0433,0.956469972559208,0.0005300985361637,0.0056468184818616,Normal
TN-Plate19,D9,VC_0838,0.699931671500254,0.0,0.0028186106208548,Normal
TN-Plate20,D9,VC_1810/VC_1811,0.86335586790645,0.0,0.0031053011089314,Normal
TN-Plate21,D9,VC_A0291,0.707261759547902,0.0,0.0058493507857965,Normal
TN-Plate22,D9,VC_A0649,0.980437903934961,0.007482171077524,0.0082818709610287,Normal
TN-Plate23,D9,VC_0829,0.918994736284043,0.002730160730364,0.0034842578498125,Normal
TN-Plate24,D9,VC_2314,0.721834129548068,0.0,0.0042661170151626,Normal
TN-Plate25,D9,VC_0424,0.717280442421417,0.0009347414989601,0.004862947056652,Normal
TN-Plate26,D9,VC_0473,0.996550748625481,6.83875518186999e-05,0.0060116259047177,Normal
TN-Plate27,D9,VC_A0756,0.433775458039777,0.0,0.0035439964506523,Normal
TN-Plate28,D9,VC_2548,0.72762203188141,0.0004286460162658,0.0040642864500791,Normal
TN-Plate29,D9,VC_A0195,0.776614816266751,3.80847755846885e-05,0.0045719242929028,Normal
TN-Plate30,D9,VC_2535,1.01623924932389,0.0009120615896267,0.0137999598255728,Normal
TN-Plate31,D9,VC_A1024,0.813137761443426,1.44992798695417e-05,0.0029822378080193,Normal
TN-Plate32,D9,VC_A0090,0.67867476102879,0.0,0.0033104787409219,Normal
TN-Plate33,D9,VC_A0531,0.790294044861329,0.0011421840449806,0.0095985651947444,Normal
TN-Plate01,E10,VC_A0574,0.592582885357052,0.0001529491865868,0.0156603000687837,Normal
TN-Plate02,E10,VC_1695,0.839419545644626,0.0027419132872258,0.0081043872094801,Normal
TN-Plate03,E10,VC_0124,0.640855464783221,0.0010606321198634,0.0155237923396825,Normal
TN-Plate07,E10,VC_0097,0.773859920842896,0.0005127808552208,0.0113768445804806,Normal
TN-Plate08,E10,VC_1335,1.13875675669782,0.0015468706196127,0.073041982099519,Normal
TN-Plate09,E10,VC_A0406,0.609947175156445,0.0029202416120515,0.0244734989077076,Normal
TN-Plate10,E10,VC_A0979,0.708645928261633,0.0,0.0098958465209842,Normal
TN-Plate12,E10,VC_1535,0.422234676796491,2.01560615335684e-05,0.0458020861853626,Normal
TN-Plate13,E10,VC_2450,0.641875799037862,3.55318324342704e-06,0.0094598052646973,Normal
TN-Plate14,E10,VC_A0473,0.706901450761323,0.0026386580343588,0.0123113161862748,Normal
TN-Plate15,E10,VC_2039,0.619929095754218,2.89920876354965e-05,0.0278437933509696,Normal
TN-Plate16,E10,VC_0828,0.68499893521655,0.0001227393727579,0.0046894136447767,Normal
TN-Plate17,E10,VC_2095,0.948470090244666,0.000300564015948,0.0037204946105833,Normal
TN-Plate18,E10,VC_0433,1.15905763504054,0.0038985321301593,0.008065832421008,Normal
TN-Plate19,E10,VC_1203,0.578115974716125,0.0050203660659175,0.008922845999654,Normal
TN-Plate20,E10,VC_1015,1.00765013397124,0.0019308036903756,0.009168903790221,Normal
TN-Plate21,E10,VC_2614,0.676527682039056,0.0,0.0101402122414789,Normal
TN-Plate22,E10,VC_2233,0.848378912601267,0.0003497236658498,0.0049312482528603,Normal
TN-Plate23,E10,VC_A0251,0.759098885223698,0.0001369967490352,0.0084689228216209,Normal
TN-Plate24,E10,VC_0763,0.769189608043931,2.41245960720156e-05,0.0071423736272761,Normal
TN-Plate25,E10,VC_0522,0.670191996193592,0.0,0.0068353906445881,Normal
TN-Plate26,E10,VC_1928,1.06872279817842,0.0003735769310294,0.0054757309487798,Normal
TN-Plate27,E10,VC_A0040,0.588714660503518,0.0,0.0055708010497431,Normal
TN-Plate28,E10,VC_0585,0.764889293011054,0.0008076384012556,0.0030986703611614,Normal
TN-Plate29,E10,VC_0407,0.838890319072505,0.001778393635365,0.0038100235239322,Normal
TN-Plate30,E10,VC_2557,0.593122250410518,0.0031262035110268,0.0035119506045174,Normal
TN-Plate31,E10,VC_A0903,0.681845092092556,0.0001651515260387,0.0034733946453435,Normal
TN-Plate33,E10,VC_2736,1.39901614993586,0.0286788163330354,0.0521607711383209,High Biofilm
TN-Plate01,E11,VC_2453,1.08155955801159,0.188199959517699,0.0075871843690549,Dispersal Defect
TN-Plate02,E11,VC_2727,0.777220613926959,0.0006911038998472,0.0047964636643168,Normal
TN-Plate03,E11,VC_A0747,0.646524158972332,0.0005702755096619,0.0269821204888611,Normal
TN-Plate04,E11,VC_2652,0.616414799924806,0.0,0.0076185536412063,Normal
TN-Plate07,E11,VC_1978,0.776322021437416,4.42919960218327e-05,0.0153848575459995,Normal
TN-Plate08,E11,VC_1305,0.798758190278038,0.0058162498435989,0.0558223710406388,Normal
TN-Plate09,E11,VC_2695,0.911907747034347,0.0,0.0221906463654604,Normal
TN-Plate10,E11,VC_2062,0.881032527010881,0.0001223028528223,0.0239747044185131,Normal
TN-Plate11,E11,VC_0346,1.05290457160705,0.0002481869677394,0.0073718535092581,Normal
TN-Plate12,E11,VC_1076,0.825771662161525,0.0,0.0074757687723398,Normal
TN-Plate13,E11,VC_A1098,0.802568711783113,0.0,0.0066613121684339,Normal
TN-Plate14,E11,VC_A0953,0.852818424385989,0.0008211234237888,0.0075235867559999,Normal
TN-Plate15,E11,VC_2243,0.490543209664381,3.07890699399017e-05,0.0076084089214176,Normal
TN-Plate16,E11,VC_1154,1.27411153935448,0.290528867639445,0.123672874833083,Dispersal Defect
TN-Plate17,E11,VC_1139,0.93857777070653,0.0143950918569564,0.0161908953632119,Normal
TN-Plate18,E11,VC_1736,1.04073679469145,0.0094596699001783,0.0047454010155058,Normal
TN-Plate19,E11,VC_0377,0.506225859444999,0.0021387642822583,0.0045885220721894,Normal
TN-Plate20,E11,VC_0426,0.781060810978448,0.0004332266772221,0.0064169816312445,Normal
TN-Plate21,E11,VC_0830,0.998303306852716,0.0002710166023214,0.0038208267700581,Normal
TN-Plate22,E11,VC_0419,1.37201964411099,0.273428190660053,0.141889404000595,High Biofilm
TN-Plate23,E11,VC_2343,0.851333844701519,0.0519472648203438,0.0423860539455347,Normal
TN-Plate24,E11,VC_1325,0.799728590363899,0.0278995088591406,0.0200741112379349,Normal
TN-Plate25,E11,VC_0270,0.804705970453342,0.0007233470915006,0.0050731722348733,Normal
TN-Plate26,E11,VC_1063,1.14427746464264,0.0011086422034169,0.0096065214608303,Normal
TN-Plate28,E11,VC_0031,0.758904581852266,0.0038703415009536,0.0086476809025553,Normal
TN-Plate29,E11,VC_A0930,0.862565906142885,0.0006146138374853,0.0061969871286308,Normal
TN-Plate30,E11,VC_1735,0.625889930178988,6.90644145107141e-05,0.0063042824882847,Normal
TN-Plate31,E11,VC_2693,0.543617359947343,0.0,0.007625546168386,Normal
TN-Plate32,E11,VC_0107,0.771987351831091,0.0003091181258004,0.0042599592886727,Normal
TN-Plate33,E11,VC_A1067,0.788651484058552,0.000152216715888,0.0398492623856295,Normal
TN-Plate02,E12,VC_1543,0.731341713540859,0.0002911601624306,0.0047380014116449,Normal
TN-Plate03,E12,VC_0043,0.893289448082473,0.0,0.0165594233078975,Normal
TN-Plate04,E12,VC_2605,0.935410592321494,0.000762302032771,0.0093510659043648,Normal
TN-Plate07,E12,VC_0736,0.842904244903593,0.0,0.0075820435399573,Normal
TN-Plate08,E12,VC_1550,0.321492661698934,0.0,0.0306637228431299,Normal
TN-Plate09,E12,VC_0062,0.664243137684875,0.0009369198551498,0.0855150225612627,Normal
TN-Plate10,E12,VC_1300,0.791523341232546,0.0014149491316355,0.0193159774228055,Normal
TN-Plate11,E12,VC_1756,0.836682567952225,0.0,0.0184179526378125,Normal
TN-Plate12,E12,VC_1362,0.820940005330128,0.0,0.0131341236573661,Normal
TN-Plate14,E12,VC_0851,1.02809649027389,0.0877225447341815,0.012707976786798,Normal
TN-Plate15,E12,VC_0212,2.75857037396936,0.101371894142366,0.0200313498102022,High Biofilm
TN-Plate16,E12,VC_A0989,0.925534347627522,0.0003610901314546,0.004176759213973,Normal
TN-Plate17,E12,VC_1172,0.0132985233868806,0.0067736679374674,0.0041972303117975,Low Biofilm
TN-Plate18,E12,VC_0162,1.00444401115867,0.0,0.0050006824803923,Normal
TN-Plate19,E12,VC_A0684,1.08641602199626,0.0008090113382213,0.0043939003050974,Normal
TN-Plate20,E12,VC_A0022,0.911075290974636,0.0,0.0058909414955647,Normal
TN-Plate21,E12,VC_2160,0.753744567221712,0.000171198338994,0.0067708469998018,Normal
TN-Plate22,E12,VC_1713,0.936301615678858,0.0037763771808309,0.0176511849319834,Normal
TN-Plate23,E12,VC_0623,1.04136011592562,4.05373544944691e-05,0.0292320975109534,Normal
TN-Plate24,E12,VC_1212,0.840647100062687,2.94608237657075e-05,0.0097515362378753,Normal
TN-Plate25,E12,VC_0418,1.05431195740139,0.0,0.0080362768317487,Normal
TN-Plate26,E12,VC_0633,1.11464772619327,0.0,0.0314509072168531,Normal
TN-Plate27,E12,VC_0869,0.629522429021632,0.0003758220183274,0.0055191423525139,Normal
TN-Plate28,E12,VC_A0663,0.647616609790248,0.0153088084639834,0.0077812856239867,Normal
TN-Plate29,E12,VC_A0907,0.864277991993656,1.71271224966641e-05,0.0061035488245205,Normal
TN-Plate30,E12,VC_1842,0.640979252125141,0.0001066480694611,0.0079362958526228,Normal
TN-Plate31,E12,VC_0628,0.806736697478272,0.0,0.005610171313712,Normal
TN-Plate01,E1,VC_1119,0.992219245061242,0.0011232207877682,0.0064922176573986,Normal
TN-Plate02,E1,VC_A1075,0.835584697788549,0.0014883829541194,0.0061895193074881,Normal
TN-Plate03,E1,VC_A0087,0.913867584796313,4.35085733583189e-05,0.0133769831096019,Normal
TN-Plate04,E1,VC_0085,0.771384374370749,1.72379430351448e-05,0.0058391774529016,Normal
TN-Plate08,E1,VC_1268,0.721483011712302,0.0318168646117173,0.0755037963457681,Normal
TN-Plate09,E1,VC_2482,0.864212171225607,0.0,0.0096387319631773,Normal
TN-Plate10,E1,VC_1984,0.808924725029479,0.0001441129676025,0.0073010153822136,Normal
TN-Plate11,E1,VC_0896,1.12487654871848,0.0025084054804256,0.0077098460817366,Normal
TN-Plate12,E1,VC_0779,0.847439861001339,0.0,0.0046368270716043,Normal
TN-Plate13,E1,VC_1011,1.02143369410662,0.01727412464833,0.0121842702021384,Normal
TN-Plate14,E1,VC_A0876,1.01278778648231,1.65490491152363e-05,0.0077122359258603,Normal
TN-Plate15,E1,VC_A0069,0.75465082848011,0.0012115881076412,0.0254653752749317,Normal
TN-Plate16,E1,VC_0859,1.29627370682008,0.0448402436924258,0.0058117954282781,Normal
TN-Plate17,E1,VC_A0536,1.34920446759491,0.0685671231255526,0.0054810491007396,High Biofilm
TN-Plate18,E1,VC_A0999,1.32494324457921,0.127858761664631,0.0057088030010336,Dispersal Defect
TN-Plate19,E1,VC_0772,1.14948547477579,0.223909492838029,0.004050937505963,Dispersal Defect
TN-Plate20,E1,VC_A1007,1.2686372915803,0.0188161076694029,0.0044504912933585,Normal
TN-Plate21,E1,VC_1253,1.07153161113597,0.0001234397565944,0.005027423693391,Normal
TN-Plate22,E1,VC_0171,1.03067628056118,0.0078303382884552,0.0061329341441209,Normal
TN-Plate23,E1,VC_1025,0.685776600789987,0.0004553471913241,0.073571434475014,Normal
TN-Plate24,E1,VC_A0428,0.907836982053169,3.97636998505348e-05,0.0045237166315875,Normal
TN-Plate25,E1,VC_2332,1.24808408079563,0.0020467914652641,0.0049308910124765,Normal
TN-Plate26,E1,VC_A0183,1.23372352931984,0.111312988868533,0.0094002983899757,Normal
TN-Plate27,E1,VC_2772,0.855243413441513,5.52577214295669e-05,0.0055060208112451,Normal
TN-Plate28,E1,VC_1980,0.649754793032363,0.0047592933516264,0.0061711009162706,Normal
TN-Plate29,E1,VC_0793,0.68681382422526,4.1266321079881e-05,0.0079597104923738,Normal
TN-Plate30,E1,VC_2352,0.785054389773379,0.0018236898143598,0.0074677870481986,Normal
TN-Plate31,E1,VC_2130,2.60164145942157,0.341790323168577,0.0046045287100197,High Biofilm
TN-Plate32,E1,VC_A0678,0.957194954876941,0.0049787323845683,0.00440128253284,Normal
TN-Plate33,E1,VC_2447,1.04596307187932,0.0203701786259074,0.0039108371771558,Normal
TN-Plate01,E2,VC_A0006,0.411523262520152,0.0917092677643521,0.0041445532049782,Normal
TN-Plate02,E2,VC_0175,0.66657308467804,0.0008365721351592,0.0094289096635616,Normal
TN-Plate03,E2,VC_0503,0.730538655830659,1.03994866731174e-05,0.0228229652634603,Normal
TN-Plate04,E2,VC_2350,0.741432888272486,0.0001997545899837,0.0138928221766778,Normal
TN-Plate07,E2,VC_0547,1.03211363091635,0.0670136229752413,0.0083845063821056,Normal
TN-Plate08,E2,VC_0005/VC_0006,0.466555594283276,0.0011426102572351,0.11007136346819,Normal
TN-Plate09,E2,VC_1868,0.70928182626367,0.0013638913872674,0.0285052262417938,Normal
TN-Plate10,E2,VC_1699,1.16172603440324,0.0011459324606919,0.0157921010654871,Normal
TN-Plate11,E2,VC_2690,0.995481447256091,0.0018401650733958,0.0064128197648253,Normal
TN-Plate12,E2,VC_1265,0.845266451983398,0.0001985967665258,0.0155873125228512,Normal
TN-Plate13,E2,VC_1910,0.780234178887578,0.0,0.0105392010150057,Normal
TN-Plate14,E2,VC_1065,0.905940015190248,0.0025929798795809,0.0096036697494002,Normal
TN-Plate15,E2,VC_A0939,0.730946925807471,0.0,0.0064576809442616,Normal
TN-Plate16,E2,VC_1967,0.97545954383922,0.0010695904397652,0.0039620675971132,Normal
TN-Plate17,E2,VC_1471,0.999137991459717,0.0010625360834161,0.0050585882903188,Normal
TN-Plate18,E2,VC_A0742,0.880371443199328,0.0008039997848897,0.0043790665632229,Normal
TN-Plate19,E2,VC_0076,0.841936420416175,0.0,0.0064555213872786,Normal
TN-Plate20,E2,VC_0079,0.73602633587459,1.4001952094298e-05,0.0060544909433672,Normal
TN-Plate21,E2,VC_2145,0.617155417006109,0.0015579807805038,0.0057248819351272,Normal
TN-Plate22,E2,VC_A0511,0.83005357812157,0.0371461755673981,0.0117988968244088,Normal
TN-Plate23,E2,VC_1270,0.687566479616261,0.0025939514190023,0.0179211502008494,Normal
TN-Plate24,E2,VC_0843,0.798868200768373,3.40283331858627e-06,0.004809718151427,Normal
TN-Plate25,E2,VC_2323,0.923102496309178,0.000150704360962,0.0049645634681276,Normal
TN-Plate26,E2,VC_0210,0.743974972907181,0.0001724751878153,0.0065939976252305,Normal
TN-Plate27,E2,VC_1747,0.686722693445883,7.39924806196827e-05,0.0046817826343321,Normal
TN-Plate28,E2,VC_A0703,0.711712589582246,4.83672499351214e-05,0.0048926083048388,Normal
TN-Plate29,E2,VC_A0858,0.934830300840848,7.85041347604068e-05,0.0037639679866089,Normal
TN-Plate30,E2,VC_0852,0.686706126017711,0.0,0.0053497169471392,Normal
TN-Plate31,E2,VC_A0229,0.412194233066189,0.0007394659296737,0.0042574242356801,Normal
TN-Plate32,E2,VC_A0781,0.673042907282685,0.0001520111255453,0.0043788859120539,Normal
TN-Plate33,E2,VC_2773,0.540903838292177,0.0436675589713253,0.0398228447308339,Normal
TN-Plate01,E3,VC_A0119,0.855376760055748,0.0006088356726096,0.0064758007597644,Normal
TN-Plate02,E3,VC_2187,0.905291893251946,0.0,0.0115808761113796,Normal
TN-Plate03,E3,VC_A1041,0.83595766416565,0.0008399211221976,0.0077023273904164,Normal
TN-Plate04,E3,VC_2156,0.783176547575796,3.44986858593279e-06,0.0094078828594874,Normal
TN-Plate07,E3,VC_A0707,0.712260019153031,0.0143252518161058,0.0114031845826548,Normal
TN-Plate08,E3,VC_1598,0.856285017911972,0.0,0.0938498450726895,Normal
TN-Plate09,E3,VC_A0507,0.716777437555032,0.0005747151871955,0.0349396261758743,Normal
TN-Plate10,E3,VC_A0177,0.740580684268444,0.0042888206858505,0.0151980179611486,Normal
TN-Plate11,E3,VC_1899,0.785051100685501,0.0080014235128271,0.0083728589917952,Normal
TN-Plate12,E3,VC_0578,0.796841811852413,0.0,0.0101205009378432,Normal
TN-Plate13,E3,VC_1679,0.681067356869722,7.25646620690313e-05,0.0178566791356244,Normal
TN-Plate15,E3,VC_A0612,0.52681739239751,0.0,0.0061930446825995,Normal
TN-Plate16,E3,VC_A0072,0.746237266283994,0.0101878355310954,0.0055491583877832,Normal
TN-Plate17,E3,VC_1623,0.31264419674335,0.001233253885186,0.0054925061524524,Normal
TN-Plate18,E3,VC_A0601,0.863126364260767,0.0332737647019605,0.0335751311666208,Normal
TN-Plate19,E3,VC_0608,0.851798604216888,0.0003442889747249,0.0045761755680341,Normal
TN-Plate20,E3,VC_2193,0.804386732268139,0.000888027107877,0.0066436387491202,Normal
TN-Plate21,E3,VC_A0513,0.668632343769635,0.000662019512373,0.0067652235639721,Normal
TN-Plate22,E3,VC_1334,0.713270373803885,0.0004702937865084,0.0155952685472334,Normal
TN-Plate23,E3,VC_0727,0.81030741229575,0.0011894128914958,0.0066986662429765,Normal
TN-Plate24,E3,VC_A0148,0.755762300058384,0.0,0.0051850369727363,Normal
TN-Plate25,E3,VC_0344,0.789029726308407,0.004435076491111,0.0102943856075664,Normal
TN-Plate26,E3,VC_1820,1.00222488949166,0.0001642463479659,0.0065012252476099,Normal
TN-Plate27,E3,VC_2029,0.700007172587329,0.0002328129560882,0.0056939459177002,Normal
TN-Plate28,E3,VC_2725,0.848617174977601,0.0005818035956432,0.0049328463574719,Normal
TN-Plate29,E3,VC_0003,0.531267363840649,0.0004606023720078,0.0064526003181476,Normal
TN-Plate30,E3,VC_0661,0.528012420096644,0.0004324230640004,0.0061934897062632,Normal
TN-Plate31,E3,VC_2615,0.727324918905554,3.57932794158132e-06,0.0060776043108192,Normal
TN-Plate32,E3,VC_1343,1.18492760638676,0.0058013155788883,0.0050237244528746,Normal
TN-Plate33,E3,VC_1709,0.732142417469699,0.0003278342419536,0.004608444861146,Normal
TN-Plate01,E4,VC_A0308,0.689876371727612,0.0077885088129741,0.0172120814058925,Normal
TN-Plate02,E4,VC_A0217,0.638133017891716,0.0027669589228376,0.0090790611426132,Normal
TN-Plate03,E4,VC_A0039,0.722903185934285,0.0359232875447358,0.0171184861401823,Normal
TN-Plate04,E4,VC_A0173,0.54113711499745,0.0003093347634835,0.0103972403784693,Normal
TN-Plate07,E4,VC_A0760,0.73698644541478,0.0,0.0073899656928897,Normal
TN-Plate08,E4,VC_A1088,0.685341892047544,0.0,0.103171645697549,Normal
TN-Plate09,E4,VC_2445,0.697809954990477,7.95295972053326e-05,0.042457205963223,Normal
TN-Plate10,E4,VC_2708,0.439625383269458,0.0002686915924453,0.0081893825304183,Normal
TN-Plate11,E4,VC_1864,0.857970614556263,0.0031178654883215,0.0163839696133761,Normal
TN-Plate12,E4,VC_2003,0.91379085998759,0.0,0.0109950209441445,Normal
TN-Plate13,E4,VC_0038,0.846347196136446,8.4765356078065e-05,0.0040958881961275,Normal
TN-Plate14,E4,VC_A0618,0.58685435268083,0.0,0.0106641893419927,Normal
TN-Plate15,E4,VC_1378,0.548612543119717,5.22448675698941e-05,0.0115412497523512,Normal
TN-Plate16,E4,VC_1235,0.74521563614765,0.0005865171244637,0.0051506593269258,Normal
TN-Plate17,E4,VC_0091,0.781081704060914,0.0652408718532959,0.0052965910385441,Normal
TN-Plate18,E4,VC_0767,1.44517509885126,0.489763945341635,0.0048918253888223,High Biofilm
TN-Plate19,E4,VC_2747,0.895930915744514,0.0009630251652583,0.0046282196061942,Normal
TN-Plate20,E4,VC_1439,0.624296498327289,0.0,0.0076126885154272,Normal
TN-Plate21,E4,VC_0931,0.619845897278088,0.0,0.0087591263069622,Normal
TN-Plate22,E4,VC_0798,0.676027152822683,0.0003575723611035,0.0209775076682919,Normal
TN-Plate23,E4,VC_1027,0.526072193572563,0.0,0.0484761319959119,Normal
TN-Plate24,E4,VC_0731,0.661315680900788,0.0002246654341647,0.0048175938333837,Normal
TN-Plate25,E4,VC_1962,0.588596018206387,0.0014650427219031,0.0132801708317329,Normal
TN-Plate26,E4,VC_A1077,0.694156475796054,0.0003746981410973,0.0109356744760941,Normal
TN-Plate27,E4,VC_1428,3.11254760082762,1.80522725249762,0.004579279393016,High Biofilm
TN-Plate28,E4,VC_1136,0.733634631836358,0.0,0.0033110394610873,Normal
TN-Plate29,E4,VC_0757,0.693403508202046,0.0052876598900522,0.0061415475835817,Normal
TN-Plate30,E4,VC_0080,0.611141559770965,0.0024101012027711,0.0117568480039925,Normal
TN-Plate31,E4,VC_0209,0.353028350117317,4.00373728808316e-05,0.0054981507631377,Normal
TN-Plate32,E4,VC_2064,0.905422265512255,5.17855127971341e-05,0.0087134942395335,Normal
TN-Plate33,E4,VC_A0154,0.646854655728315,0.001472979709276,0.0076748316891072,Normal
TN-Plate02,E5,VC_A0432,0.630209321286865,0.0003974253119661,0.0107446612440868,Normal
TN-Plate03,E5,VC_A0614,0.612078063861686,7.12843391810164e-05,0.0074467266324345,Normal
TN-Plate07,E5,VC_2616,0.813154910498722,0.0163367818289075,0.0052837869420857,Normal
TN-Plate08,E5,VC_A1112,0.724609928742538,0.0018068592472154,0.0878579374551168,Normal
TN-Plate09,E5,VC_1290,0.524546577427728,0.0004990229062571,0.0140867033268143,Normal
TN-Plate10,E5,VC_1957,0.513251671182752,0.0063771844832204,0.0155966308419337,Normal
TN-Plate11,E5,VC_A0001,1.36146483324108,0.116090331294552,0.0222849913624186,High Biofilm
TN-Plate13,E5,VC_1037,0.536274032193708,0.0,0.0075270062195861,Normal
TN-Plate14,E5,VC_0050,0.623485150135476,0.0043942136354758,0.0053636475149802,Normal
TN-Plate15,E5,VC_2139,0.569726764215194,0.001102974650041,0.0056638399299547,Normal
TN-Plate16,E5,VC_1551,0.66253612209795,5.12763677588319e-05,0.0055867114676491,Normal
TN-Plate17,E5,VC_0093,1.15185126040913,0.0230279696305503,0.0052254225151358,Normal
TN-Plate18,E5,VC_0159,0.82019434147043,2.61901180972919e-05,0.0041889834288198,Normal
TN-Plate19,E5,VC_1654,0.661269512644703,0.0,0.0044021707532501,Normal
TN-Plate20,E5,VC_A0099,0.618906828895617,0.0001717287550216,0.0074808375366814,Normal
TN-Plate21,E5,VC_1797,3.05758565488294,2.07703932210596,0.0168941746107253,High Biofilm
TN-Plate22,E5,VC_1318,0.641935152355502,8.61315723800524e-05,0.0215769161283055,Normal
TN-Plate23,E5,VC_A0467,0.565434460514099,0.0002708595902145,0.0140276454203515,Normal
TN-Plate24,E5,VC_0216,0.558725218527737,0.001275165888495,0.0126680222726305,Normal
TN-Plate25,E5,VC_0497,0.645684759496455,0.0,0.0078309217357287,Normal
TN-Plate26,E5,VC_2568,0.706590169685573,0.0035229379646124,0.023617036999745,Normal
TN-Plate27,E5,VC_A0919,0.558549555993178,0.0023599049389934,0.0048360006065251,Normal
TN-Plate28,E5,VC_A0949,0.639862185641874,0.0019379669924612,0.0069234489336681,Normal
TN-Plate29,E5,VC_A0814,1.07481148730171,0.0046099121878937,0.0155039495738393,Normal
TN-Plate30,E5,VC_A0400,0.457585736173249,0.0002575605469457,0.0070954614996447,Normal
TN-Plate31,E5,VC_2338,0.423697171270627,7.85254976106521e-05,0.0059451311988213,Normal
TN-Plate32,E5,VC_0303,0.593840604727781,0.0,0.0049307258137615,Normal
TN-Plate33,E5,VC_0180,0.464613827119974,0.0,0.0102676451142604,Normal
TN-Plate01,E6,VC_1093,0.17472389681202,0.0,0.0096623928684264,Low Biofilm
TN-Plate02,E6,VC_1824,0.903152616879906,0.0049314180646234,0.005872422965771,Normal
TN-Plate03,E6,VC_0493,0.575765912858728,0.0001655199813218,0.0189951972777295,Normal
TN-Plate04,E6,VC_A0559,0.456130904503025,0.0,0.0130927880364848,Normal
TN-Plate07,E6,VC_0068,0.537711462722877,0.0001739633914007,0.0047204481603094,Normal
TN-Plate09,E6,VC_0203,0.669744765624663,4.65918896828528e-05,0.0282027272019384,Normal
TN-Plate10,E6,VC_A0590,0.42714144623658,0.001174345094193,0.0124980260296641,Normal
TN-Plate11,E6,VC_2748,0.493607914342511,0.0,0.0069469630258673,Normal
TN-Plate12,E6,VC_A0081,0.931591714058771,0.0,0.0148941881788927,Normal
TN-Plate13,E6,VC_0712/VC_2496/VC_2753,0.700044753800295,0.0,0.0138550841809432,Normal
TN-Plate14,E6,VC_2087,0.229696926297379,0.0005730415310433,0.0052837741366569,Low Biofilm
TN-Plate15,E6,VC_A0719,0.552741776401088,0.0,0.0086100033645867,Normal
TN-Plate16,E6,VC_0671,0.863249024922122,1.39914544102462e-05,0.0044958240971289,Normal
TN-Plate17,E6,VC_A0997,0.83088807535903,5.25489257431054e-05,0.0045417082011596,Normal
TN-Plate18,E6,VC_0376,0.898546770407425,0.0036126569695794,0.0048096458001201,Normal
TN-Plate19,E6,VC_1234,0.60591054001951,0.0,0.0054872644415743,Normal
TN-Plate20,E6,VC_0301,0.766165438320977,0.0,0.0052152335651418,Normal
TN-Plate21,E6,VC_1841,0.751402989726661,0.0004049903853295,0.0059096829086274,Normal
TN-Plate23,E6,VC_1597,0.742369211170152,0.0002683932333781,0.007898301226841,Normal
TN-Plate24,E6,VC_0901,0.98035437263311,0.0052477063716758,0.0043185118372606,Normal
TN-Plate25,E6,VC_2285,0.789121365878918,0.0099423488179682,0.0044191054004993,Normal
TN-Plate26,E6,VC_0286,1.03743591935352,0.0797295968017515,0.0119589186664325,Normal
TN-Plate27,E6,VC_1791,0.540000905291797,0.0,0.0061552945191064,Normal
TN-Plate28,E6,VC_0639,0.645252453731047,0.0001854999789796,0.0042951469892169,Normal
TN-Plate29,E6,VC_0132,0.999228245981927,0.0242716649721996,0.0049601433450253,Normal
TN-Plate31,E6,VC_A0036,0.420282186861602,0.0,0.0039294289055581,Normal
TN-Plate32,E6,VC_1121,0.512339503443962,0.0001221296957563,0.0150310967664072,Normal
TN-Plate33,E6,VC_2272,0.644429469896537,0.0060707231358008,0.0132783023289431,Normal
TN-Plate01,E7,VC_0807,0.496580991112541,0.0011455349295794,0.0104454139195067,Normal
TN-Plate02,E7,VC_1788,0.783776957472113,0.0004873389637019,0.0062726511653521,Normal
TN-Plate03,E7,VC_A0224,0.774745157869058,0.0044209265936843,0.0109814999898001,Normal
TN-Plate04,E7,VC_0921,0.489980117227638,0.0014062663279258,0.0091628497150334,Normal
TN-Plate07,E7,VC_2168,0.60845084590893,0.0,0.0108160078318084,Normal
TN-Plate09,E7,VC_0518,0.482270254188516,1.06722762411893e-05,0.0477604090105852,Normal
TN-Plate10,E7,VC_A1072,0.454267264833141,0.0015209395223834,0.0201649822998862,Normal
TN-Plate11,E7,VC_1200,0.701604511677712,0.0204688003897144,0.0116504360161652,Normal
TN-Plate12,E7,VC_2481,0.45362099332868,0.0008108324260626,0.0129066268512008,Normal
TN-Plate13,E7,VC_2409,0.614484659865471,0.0003807383274878,0.0133034178603438,Normal
TN-Plate14,E7,VC_1729,0.725780264738712,0.0079171194049198,0.0070061043167322,Normal
TN-Plate15,E7,VC_A0519,0.641812275121446,0.0,0.0068273855371184,Normal
TN-Plate16,E7,VC_1887,1.08037768156895,0.183051191417035,0.0079876595622102,Dispersal Defect
TN-Plate17,E7,VC_A0011,0.939925114829036,0.0003171944833973,0.0057421003706399,Normal
TN-Plate19,E7,VC_A0181,0.618973623309598,0.0,0.0064735344658405,Normal
TN-Plate20,E7,VC_0778,0.881527873574675,0.0,0.0057034715517462,Normal
TN-Plate21,E7,VC_0207,0.899532613443959,0.0143321604555636,0.0067181236046837,Normal
TN-Plate22,E7,VC_0160,0.976380477795556,0.0039060072523824,0.005605456185104,Normal
TN-Plate23,E7,VC_1870,1.05387423282386,0.0031629266845135,0.0039821404440072,Normal
TN-Plate24,E7,VC_1017,0.860726062429762,2.02045454421392e-05,0.0066564160588423,Normal
TN-Plate25,E7,VC_1609,0.677905410718551,0.0,0.0109420779782802,Normal
TN-Plate26,E7,VC_A0328,1.57752732556313,0.144204474116945,0.0115655825410478,High Biofilm
TN-Plate27,E7,VC_1144,0.0869538124931065,0.0004643704337055,0.003588761414532,Low Biofilm
TN-Plate28,E7,VC_1745,0.617842616257101,0.0,0.0044261251643056,Normal
TN-Plate30,E7,VC_1369,0.442237811497684,0.0002657121804576,0.0071319533122983,Normal
TN-Plate31,E7,VC_0406,0.489673178499806,0.0,0.0026832490666377,Normal
TN-Plate32,E7,VC_1641,0.648509693339933,0.0,0.0128341101889561,Normal
TN-Plate33,E7,VC_A1080,0.696673673380672,0.0005051821203114,0.0216141844296618,Normal
TN-Plate01,E8,VC_1045,0.514255293344333,0.0001034234893819,0.0226275356723322,Normal
TN-Plate02,E8,VC_1668,0.916799854536592,0.0010759519706061,0.0064493597547399,Normal
TN-Plate03,E8,VC_A0532,0.964260141235601,0.0050709547211013,0.0087427139452491,Normal
TN-Plate04,E8,VC_A0694,0.730171602983922,5.19365711122149e-05,0.0082861521763221,Normal
TN-Plate07,E8,VC_A0623,0.718323342492532,0.0,0.0067114699644411,Normal
TN-Plate09,E8,VC_A0988,0.6722401983726,0.0,0.014277005156096,Normal
TN-Plate10,E8,VC_1370,0.636961873554333,0.0001005413788221,0.0059101408237017,Normal
TN-Plate11,E8,VC_1900,2.29809566527055,0.725475519451202,0.012418595801777,High Biofilm
TN-Plate12,E8,VC_A0160,0.640105470168941,3.10468046612387e-05,0.0357435755855364,Normal
TN-Plate13,E8,VC_0373,0.606508967912147,0.0003240910479977,0.010098065641261,Normal
TN-Plate14,E8,VC_A0824,0.693808209459144,0.0008264033124486,0.0128929414577405,Normal
TN-Plate15,E8,VC_1764,0.833455726903035,0.0001089376638461,0.0149896836387618,Normal
TN-Plate16,E8,VC_1528,0.762516191842584,5.65168516705316e-05,0.0056579536046007,Normal
TN-Plate17,E8,VC_A0447,0.979540393868233,0.0,0.0043108567448145,Normal
TN-Plate18,E8,VC_0980,0.912693323603968,0.0054142917196919,0.0048203836580464,Normal
TN-Plate19,E8,VC_A0769,0.498141034699653,0.0011240483753468,0.0058951234703816,Normal
TN-Plate20,E8,VC_1817,0.75306492646121,0.0,0.0153028148456235,Normal
TN-Plate21,E8,VC_2638,0.607233157883958,0.0004705174710615,0.0221446836978258,Normal
TN-Plate22,E8,VC_1373,0.946344587174872,0.0002161135264265,0.0071306152113539,Normal
TN-Plate23,E8,VC_A0604,0.800093806847966,0.014672878380357,0.0170391656143257,Normal
TN-Plate24,E8,VC_A0677,0.650288137711093,0.0016011442324812,0.0062572735761629,Normal
TN-Plate25,E8,VC_0880,0.564131661899837,0.0002942845783666,0.0074498127613789,Normal
TN-Plate26,E8,VC_0903,0.82609875905675,0.0001561122187959,0.0124678021557386,Normal
TN-Plate27,E8,VC_A0654,0.49283349738317,0.0051340102607181,0.0064233126110973,Normal
TN-Plate28,E8,VC_2070,0.543546975588361,0.0002167436835678,0.0043695391563848,Normal
TN-Plate29,E8,VC_1519,0.512927991017915,0.0497642728508542,0.0381468077453934,Normal
TN-Plate30,E8,VC_0670,0.543203180619626,0.0003422161234053,0.0052962171144083,Normal
TN-Plate31,E8,VC_1799,0.737972820517049,0.0,0.003353411423598,Normal
TN-Plate32,E8,VC_1424,2.92376650298875,1.00019468376271,0.0060020358551298,High Biofilm
TN-Plate33,E8,VC_1332,0.51431444710349,0.0001694602312885,0.005868068368631,Normal
TN-Plate02,E9,VC_1091,0.586043088611475,0.0004321680512856,0.005151952402954,Normal
TN-Plate03,E9,VC_1783,0.671067292920859,0.0060996935481293,0.0084559486102976,Normal
TN-Plate04,E9,VC_1312,0.617865220079715,0.0053039960600477,0.0073520311415585,Normal
TN-Plate07,E9,VC_1672,0.576711712899773,1.38923528989164e-05,0.0138548020231344,Normal
TN-Plate08,E9,VC_A1066,0.623731992590682,0.0111509473089392,0.083576817735291,Normal
TN-Plate09,E9,VC_A0723,0.748401203622238,0.0,0.0276343748355399,Normal
TN-Plate10,E9,VC_2666,0.660460028599955,0.0,0.0077491599879544,Normal
TN-Plate11,E9,VC_0412,0.902180615179428,0.0029945441810428,0.0047954817120843,Normal
TN-Plate12,E9,VC_2038,0.575097473776992,9.6541075959299e-05,0.0215035464466667,Normal
TN-Plate13,E9,VC_A0147,0.821692155147134,0.0,0.0037551741190313,Normal
TN-Plate14,E9,VC_A0866,0.602075998989345,3.83466964168957e-05,0.0064140644186103,Normal
TN-Plate15,E9,VC_0845,0.629682891568585,0.0014847467352344,0.0159643410625406,Normal
TN-Plate17,E9,VC_A0216,0.758795936308835,4.32732372383371e-05,0.0029102313192566,Normal
TN-Plate18,E9,VC_0619,0.817966743215496,0.0001342313206149,0.0042772263645114,Normal
TN-Plate19,E9,VC_A0859,1.09114105259887,0.0001616839166156,0.0043479228069682,Normal
TN-Plate20,E9,VC_0551,0.593314083447442,0.0,0.0050333194885729,Normal
TN-Plate21,E9,VC_0384,0.718580835199871,0.0002805975852885,0.0072677829107113,Normal
TN-Plate22,E9,VC_A0867,0.875612224367678,0.0003132612846606,0.00508147521244,Normal
TN-Plate23,E9,VC_A0387,0.839420224748919,0.0001272552976485,0.0053638843741412,Normal
TN-Plate24,E9,VC_1379,0.934217499551878,0.0028556125531819,0.005592413246764,Normal
TN-Plate25,E9,VC_0298,0.694112469352239,0.0285423862928292,0.027148507356877,Normal
TN-Plate26,E9,VC_0009,1.00711199154671,7.07851788404928e-05,0.0055577260731768,Normal
TN-Plate27,E9,VC_2196,2.23814345177608,0.115125596906771,0.0036347211073604,High Biofilm
TN-Plate28,E9,VC_A0778,0.580319482713459,0.0006555296614373,0.003919963481357,Normal
TN-Plate31,E9,VC_1123,0.711470324904739,7.37801175489723e-05,0.0060828093654486,Normal
TN-Plate32,E9,VC_A0862,0.764800519594884,0.0017990867376611,0.004660764625352,Normal
TN-Plate33,E9,VC_2705,0.69207277511611,0.0003006982474753,0.0191189872332182,Normal
TN-Plate01,F10,VC_0258,0.83491641468156,0.0514782060798042,0.0096681367751684,Normal
TN-Plate02,F10,VC_0654,0.959540968725689,0.0020607577939094,0.0044142423343713,Normal
TN-Plate03,F10,VC_A0472,0.671600424079517,0.0031199405949029,0.009814511509195,Normal
TN-Plate04,F10,VC_1196,0.548234021106738,0.0005707516760404,0.0059375407692396,Normal
TN-Plate07,F10,VC_1689,0.972384883577425,0.0037001335412192,0.0263867564760005,Normal
TN-Plate08,F10,VC_A0763,0.0976851559839605,0.0,0.0440903355887935,Low Biofilm
TN-Plate09,F10,VC_1697,1.09894728122214,0.0002682561494725,0.041370928622366,Normal
TN-Plate10,F10,VC_0075,0.626264785755921,0.002691713550029,0.0118190269910402,Normal
TN-Plate11,F10,VC_0765,0.769766377077212,0.0,0.0168225517628261,Normal
TN-Plate12,F10,VC_0926,0.329169931273938,0.0,0.0107800022180507,Normal
TN-Plate13,F10,VC_1872,0.727252658183174,0.0,0.0057076998827329,Normal
TN-Plate14,F10,VC_2134,2.59823148177023,0.264222263835588,0.0213837320033212,High Biofilm
TN-Plate16,F10,VC_2435,0.940111018188947,0.0034395576377259,0.0045648470416425,Normal
TN-Plate17,F10,VC_2379,0.970668257652997,0.0003620669952059,0.005612668453063,Normal
TN-Plate19,F10,VC_0011,0.571398095816933,0.0015198563609537,0.0059802912145376,Normal
TN-Plate20,F10,VC_1237,0.749780517953223,0.0069906183128119,0.0064822566863646,Normal
TN-Plate21,F10,VC_0833,0.884636435429084,0.0,0.0053471262921886,Normal
TN-Plate22,F10,VC_A0091,0.797713754801837,0.0008627774093773,0.008092526303541,Normal
TN-Plate23,F10,VC_2082,0.15289321004592,0.0002158847616563,0.0051378123425193,Low Biofilm
TN-Plate24,F10,VC_0112,0.490813252848687,0.0002954024543405,0.013363978914224,Normal
TN-Plate25,F10,VC_0534,0.495614756670947,0.0003596478665795,0.0079554126633685,Normal
TN-Plate26,F10,VC_1994,0.797019206692481,8.46238883798909e-05,0.100215350809289,Normal
TN-Plate27,F10,VC_1591,0.806971760725836,2.09898145546997e-05,0.0035349225529475,Normal
TN-Plate28,F10,VC_A0344,0.740704751153727,0.0016004836570433,0.0052031597500867,Normal
TN-Plate29,F10,VC_0813,0.939518736508292,0.0018304744059142,0.0188403477031231,Normal
TN-Plate30,F10,VC_0905,0.709085075670985,0.0020277623900831,0.0051726988532804,Normal
TN-Plate31,F10,VC_1671,0.634317574688439,0.0,0.0033469832569168,Normal
TN-Plate32,F10,VC_2186,0.809844465741891,0.0104194716521806,0.0048332957074195,Normal
TN-Plate33,F10,VC_A1090,0.742856582196909,0.0002193043881629,0.0080885408601937,Normal
TN-Plate01,F11,VC_1683,0.859914245984518,0.0002700729890751,0.0117292397183132,Normal
TN-Plate02,F11,VC_A0265,0.812841025821321,0.0,0.0044498823668591,Normal
TN-Plate04,F11,VC_2556,1.00083184747352,0.0002989451977303,0.0037364297832535,Normal
TN-Plate07,F11,VC_0523,0.726340436406349,0.0004873862697694,0.0254490164821038,Normal
TN-Plate08,F11,VC_A0426,0.634926566439533,0.0044334771676297,0.0609321365595398,Normal
TN-Plate09,F11,VC_2537,0.725541463802879,0.0,0.012972319192895,Normal
TN-Plate10,F11,VC_1956,0.751264849851046,0.0008111181373772,0.0128863774624698,Normal
TN-Plate11,F11,VC_1214,0.719554919479509,0.0,0.007680312043248,Normal
TN-Plate12,F11,VC_A0542,0.694618897253934,0.0001295964526123,0.0095452865221515,Normal
TN-Plate13,F11,VC_A0804,0.881814676185801,0.0001546884066612,0.0034904746689595,Normal
TN-Plate14,F11,VC_1927,0.876049674019391,7.51661305172563e-05,0.0042493344426588,Normal
TN-Plate15,F11,VC_A0520,0.90799932654922,0.0003318821669735,0.0045552621730329,Normal
TN-Plate16,F11,VC_A0941,0.90762974990805,0.0113810545319054,0.0064351255847534,Normal
TN-Plate17,F11,VC_A0241,0.799437434081348,3.53921065674425e-06,0.0046211050508603,Normal
TN-Plate18,F11,VC_1197,1.27841681647571,0.0891380441014865,0.0044096375357858,Normal
TN-Plate19,F11,VC_A0008,0.632975805158269,0.0002442259597357,0.0130230371887007,Normal
TN-Plate20,F11,VC_A0633,0.861169219212107,0.000130288812573,0.0185877033560411,Normal
TN-Plate21,F11,VC_2532,0.677574737105148,0.0003161154180694,0.0073774208263288,Normal
TN-Plate22,F11,VC_2632,0.903094798754483,0.0055250557614823,0.0068460200846625,Normal
TN-Plate23,F11,VC_2107,0.663870750345007,0.0002147109584854,0.0173514405791516,Normal
TN-Plate24,F11,VC_0909,0.859496907899761,0.0005060590217419,0.0056045183178762,Normal
TN-Plate25,F11,VC_A0027,0.745175965188735,0.0008971519694929,0.0064943889560912,Normal
TN-Plate26,F11,VC_1301,0.489777109435135,4.88124780982989e-05,0.0109070605957129,Normal
TN-Plate28,F11,VC_0722,0.506952458582356,0.0009751315503055,0.0055939178381173,Normal
TN-Plate29,F11,VC_0471,0.714216155348587,0.00088207135416,0.012628944294044,Normal
TN-Plate30,F11,VC_1014,0.733047564748373,0.00046344494814,0.0048705095783433,Normal
TN-Plate31,F11,VC_1594,0.771037389107854,0.0,0.0040377993853285,Normal
TN-Plate32,F11,VC_2094,0.916771195755224,0.0075465455738994,0.0035563877360983,Normal
TN-Plate33,F11,VC_0702,0.737184271472674,0.0989634886657464,0.0049136635413521,Normal
TN-Plate02,F12,VC_0494,0.849429257585991,0.0064739467865011,0.0050310801323538,Normal
TN-Plate03,F12,VC_1958,0.697456196445828,0.0038700641561538,0.0225029885059752,Normal
TN-Plate04,F12,VC_2302,0.840971688564108,0.0006838810757278,0.0131509629829707,Normal
TN-Plate07,F12,VC_0074,0.819685414649055,0.0,0.0110563453188649,Normal
TN-Plate08,F12,VC_2058,1.14466651651622,0.0088358847510955,0.0380649715787845,Normal
TN-Plate09,F12,VC_2118,0.781499669536314,0.0005077899512004,0.0562552059439271,Normal
TN-Plate10,F12,VC_2530,0.19803532017198,0.0003239645846223,0.0166939389469771,Low Biofilm
TN-Plate11,F12,VC_0873,0.805581382601184,0.0,0.0205425475102362,Normal
TN-Plate12,F12,VC_1100,0.66416007717645,0.0009691074563929,0.0267517495709099,Normal
TN-Plate15,F12,VC_A0540,0.693500830508535,0.0001528949505417,0.0084175428800529,Normal
TN-Plate16,F12,VC_1410,0.940799136368189,0.0037742850151812,0.0062872415755089,Normal
TN-Plate17,F12,VC_2217,1.10543595504615,0.0024689615369948,0.0057356250931441,Normal
TN-Plate18,F12,VC_0783,1.22684151428791,0.0008524597946568,0.0064178195054609,Normal
TN-Plate19,F12,VC_1087,1.24112505783516,0.0295119507951759,0.0053699951026401,Normal
TN-Plate20,F12,VC_1005,0.847281722852903,0.0005412501248188,0.0119216876624671,Normal
TN-Plate21,F12,VC_A0419,0.835010988963928,5.50618628998449e-05,0.006977579820049,Normal
TN-Plate22,F12,VC_0219,1.00429417102762,0.015459584096611,0.0224637329449044,Normal
TN-Plate23,F12,VC_2744,1.28884877669092,0.0842296580834601,0.0640892177089104,Normal
TN-Plate24,F12,VC_0691,0.91470636046667,0.0006538701248794,0.0148958940400043,Normal
TN-Plate25,F12,VC_0962,0.699565974661136,6.89729244183625e-05,0.0187084955015679,Normal
TN-Plate26,F12,VC_A0401,1.01693283376338,0.0,0.0092227870450793,Normal
TN-Plate27,F12,VC_A1078,0.960946502049281,0.0001291093918707,0.0066085683442221,Normal
TN-Plate28,F12,VC_A0738,0.845213607331085,0.0052005763358508,0.0085779938835285,Normal
TN-Plate29,F12,VC_2485,2.59836587292635,1.51140916088144,0.0066921516162551,High Biofilm
TN-Plate30,F12,VC_0259,4.2506715314217,3.60394814546772,0.0160254891541313,High Biofilm
TN-Plate31,F12,VC_A0135,1.03376063227865,0.0,0.0044679793237518,Normal
TN-Plate01,F1,VC_A1053,0.810313737219366,0.0,0.008942294075129,Normal
TN-Plate02,F1,VC_A0676,1.080899684921,0.0006891057908933,0.0042779360921842,Normal
TN-Plate03,F1,VC_0034,0.705623613449578,0.172084192836169,0.004108395110957,Dispersal Defect
TN-Plate07,F1,VC_2771,1.14703171972748,0.0264587736549486,0.0182967379825365,Normal
TN-Plate08,F1,VC_0306,0.743418491751948,0.0002979875180977,0.0374134688318942,Normal
TN-Plate09,F1,VC_1997,0.992625924339615,0.0130942709722263,0.0085016425020595,Normal
TN-Plate10,F1,VC_1169,1.32356246531078,0.0714234908461336,0.0036716441064741,Normal
TN-Plate11,F1,VC_A0496,0.801686604040807,0.0001144380598626,0.022533601996176,Normal
TN-Plate12,F1,VC_A0682,0.8597710915647,2.97725368156215e-05,0.0049833418754845,Normal
TN-Plate13,F1,VC_1375,1.0233721079466,0.0021867469513208,0.0112502819132135,Normal
TN-Plate14,F1,VC_0645,0.782623594841401,0.0001085285697004,0.0067989198007598,Normal
TN-Plate15,F1,VC_1563,0.730491092329331,2.03943035550231e-05,0.0158116517779911,Normal
TN-Plate16,F1,VC_A0620,1.36140217214822,0.0906709008184288,0.0042150259883503,High Biofilm
TN-Plate17,F1,VC_2053,1.23997661312834,0.0115944469840215,0.0051124946707382,Normal
TN-Plate18,F1,VC_1157,1.22933865743225,0.034400538778309,0.0040271503708933,Normal
TN-Plate19,F1,VC_A0038,1.01090260426375,0.000473870965233,0.005049343696488,Normal
TN-Plate20,F1,VC_2710,1.130403694714,0.0021980887384206,0.00412823733761,Normal
TN-Plate21,F1,VC_2522,1.37066866711569,0.0430388779171901,0.0045000748231534,High Biofilm
TN-Plate22,F1,VC_A0242,0.838635626866557,0.0026759121179671,0.0190205298876227,Normal
TN-Plate23,F1,VC_0689,0.952710511771881,0.0014321243985339,0.009593382880098,Normal
TN-Plate24,F1,VC_1665,1.00965628790635,0.0004397319296502,0.0046855444235851,Normal
TN-Plate25,F1,VC_2324,0.864802801491256,8.77469113573574e-05,0.0061588174981887,Normal
TN-Plate26,F1,VC_A0280,1.12679341923721,0.0,0.0062416397293513,Normal
TN-Plate27,F1,VC_A1005,0.8011806414882,3.49124260330899e-05,0.0070854532147249,Normal
TN-Plate28,F1,VC_A0122,0.653623543814991,0.0013139836281958,0.0062447219226749,Normal
TN-Plate29,F1,VC_1131,0.867151169393578,0.0042508727225899,0.0053341711507246,Normal
TN-Plate30,F1,VC_0285,0.889907693750644,0.000171838808114,0.0100844394122259,Normal
TN-Plate31,F1,VC_A0063,0.464263446823122,0.0,0.0158297281851636,Normal
TN-Plate32,F1,VC_0801,0.960165582073608,0.0,0.0043374348363287,Normal
TN-Plate33,F1,VC_1448,1.00149659578442,9.72323628597107e-05,0.0047326149119021,Normal
TN-Plate01,F2,VC_0456,0.731885151934544,0.0051641241987856,0.0114800235434764,Normal
TN-Plate02,F2,VC_2368,0.929476322166449,0.0456817823970386,0.0046513895211634,Normal
TN-Plate03,F2,VC_A0311/VC_A0385,0.753697250805695,0.0007053139294931,0.0159136968047917,Normal
TN-Plate04,F2,VC_0728,0.637279932792425,0.0006755319681577,0.0090882772899762,Normal
TN-Plate07,F2,VC_A0568,0.967126529360164,1.95530205512357e-05,0.0095311101047095,Normal
TN-Plate08,F2,VC_A1060,0.599022748504991,0.0,0.0768879288840096,Normal
TN-Plate09,F2,VC_2079,0.687911410812288,0.0003800783897155,0.0227621855390731,Normal
TN-Plate10,F2,VC_1193,0.840042831565985,0.0031985689007356,0.0091865071982459,Normal
TN-Plate11,F2,VC_0846,1.16090993687556,0.0572301084244196,0.0121330147554575,Normal
TN-Plate12,F2,VC_0082,0.70716447659842,0.0,0.0074494673867034,Normal
TN-Plate13,F2,VC_0687,0.667997303726762,0.0004836633789019,0.0081114245602728,Normal
TN-Plate14,F2,VC_A0274,0.814466960037593,0.0,0.0051967066104736,Normal
TN-Plate15,F2,VC_0121,0.498617213447349,0.0,0.0069720936161679,Normal
TN-Plate16,F2,VC_1661,0.935065194640875,0.0475638279378112,0.0048342883202333,Normal
TN-Plate17,F2,VC_1812,1.01444979965693,0.007084407385342,0.0045749194790509,Normal
TN-Plate18,F2,VC_0355,1.03824454101785,0.0151654039169809,0.004200816315008,Normal
TN-Plate19,F2,VC_1536,0.768293664902547,0.0,0.0116242131447699,Normal
TN-Plate20,F2,VC_A0167,0.520694376748909,0.0,0.0057770233259079,Normal
TN-Plate21,F2,VC_0809,0.696962517027942,0.0006466557024781,0.0069130525940809,Normal
TN-Plate22,F2,VC_0059,0.422235522878984,3.34922493688862e-05,0.0141394412190128,Normal
TN-Plate23,F2,VC_2278,0.672990249510869,0.0,0.0199089185681883,Normal
TN-Plate24,F2,VC_0141,0.804421120438703,0.00310977742637,0.0095384232152235,Normal
TN-Plate25,F2,VC_0114,0.898116943008423,0.0,0.0052202465224275,Normal
TN-Plate26,F2,VC_2093,1.14914137418103,0.0019995152507214,0.0042098079370899,Normal
TN-Plate27,F2,VC_1945,0.538111772038333,0.0,0.0054078287257322,Normal
TN-Plate28,F2,VC_1089,0.586454301169482,0.0003635546010661,0.0046916649665108,Normal
TN-Plate29,F2,VC_1953,0.767787944425623,0.0,0.0040940484431854,Normal
TN-Plate30,F2,VC_2143,0.714809629083173,0.0,0.0078312965379772,Normal
TN-Plate31,F2,VC_A0214,0.641431933701116,0.0004809981608432,0.0051564541491381,Normal
TN-Plate32,F2,VC_0300,0.932239005030888,0.0001735306796572,0.0037607131018312,Normal
TN-Plate33,F2,VC_2429,0.706391292730782,0.0019090499811644,0.0051710653175865,Normal
TN-Plate02,F3,VC_2495,0.658861166399888,0.0001043626587265,0.0050561790832067,Normal
TN-Plate03,F3,VC_A0070,1.00769989829385,0.0001148607749774,0.0063077059520767,Normal
TN-Plate04,F3,VC_2742,0.841668966207385,0.0001976003158688,0.0063356407610615,Normal
TN-Plate07,F3,VC_0554,1.16562653233461,0.0043670267420868,0.005902755580638,Normal
TN-Plate08,F3,VC_0136,1.13080343918991,0.0296319371513635,0.0632632730350127,Normal
TN-Plate09,F3,VC_2640,0.906528045846304,0.0008830232384869,0.0206793308847258,Normal
TN-Plate10,F3,VC_1991,0.627952825945563,0.0,0.0170622393865898,Normal
TN-Plate11,F3,VC_1512,0.754405886666163,0.0,0.0250858854962763,Normal
TN-Plate12,F3,VC_0350,0.756350844305112,0.0,0.0052992542791461,Normal
TN-Plate13,F3,VC_A0468,0.681485831634442,0.0003425047775202,0.0779408801040694,Normal
TN-Plate14,F3,VC_2438,0.878046326379623,0.0061401198199964,0.0063158299875166,Normal
TN-Plate15,F3,VC_1907,0.477517634651748,0.0,0.0082113253395244,Normal
TN-Plate16,F3,VC_A0960,0.778651886903487,0.000281341087465,0.0052214459978567,Normal
TN-Plate17,F3,VC_0975,0.831526528280287,0.0255202066488647,0.021573137623296,Normal
TN-Plate18,F3,VC_A0947,0.86886835840995,0.0214640870640811,0.0051021379126228,Normal
TN-Plate19,F3,VC_0430,0.117783948475072,0.0,0.0116233517875287,Low Biofilm
TN-Plate20,F3,VC_0818,0.76923069173042,0.0,0.016431853401288,Normal
TN-Plate21,F3,VC_A0958,0.673075378092558,0.0,0.0095646196725541,Normal
TN-Plate22,F3,VC_A0463,0.840008989994863,0.0005004175184596,0.0152646321406433,Normal
TN-Plate23,F3,VC_0482,0.735983057677729,0.0003384166649918,0.0113937840032033,Normal
TN-Plate24,F3,VC_A0750,0.739740431321954,0.0008068024909614,0.0052591083912716,Normal
TN-Plate25,F3,VC_A0627,0.883569035169547,0.003520063715374,0.00683948116984,Normal
TN-Plate26,F3,VC_1350,1.78714596314685,0.0692134479628749,0.0099812426351653,High Biofilm
TN-Plate27,F3,VC_0539,0.747731318941531,0.0015976844520437,0.0051597826658487,Normal
TN-Plate28,F3,VC_A0893,0.571573353561226,0.000443625239525,0.0060834407778975,Normal
TN-Plate29,F3,VC_A0416,0.812139296593637,0.000297864505872,0.0049290049871628,Normal
TN-Plate30,F3,VC_0999,0.638456843000214,0.0037493930735148,0.0143175298389865,Normal
TN-Plate31,F3,VC_1857,0.565924777334987,4.14576378720529e-05,0.0058148809441617,Normal
TN-Plate32,F3,VC_A0071,0.712277918651142,0.0258941004075808,0.0066733303654411,Normal
TN-Plate33,F3,VC_A0922,0.815168208959655,0.0027150178935241,0.004225472070409,Normal
TN-Plate01,F4,VC_A0683,0.619476861863549,0.0007308836294701,0.0430127188041542,Normal
TN-Plate02,F4,VC_0276,0.0233497850430385,0.0081937806005644,0.005840055061203,Low Biofilm
TN-Plate03,F4,VC_A0700,0.975919403324023,0.0637163034549755,0.0060637975774455,Normal
TN-Plate04,F4,VC_1155,0.87085654512075,0.0023089670091635,0.0037097264836172,Normal
TN-Plate07,F4,VC_2428,0.844382607427518,0.0,0.0049285294317625,Normal
TN-Plate08,F4,VC_0982,0.583314056222508,0.0347245927961656,0.0828199531114663,Normal
TN-Plate09,F4,VC_2201,0.873979775202347,0.0,0.014443499064946,Normal
TN-Plate10,F4,VC_A0558,0.814166992082307,0.0015156131169854,0.0085388355201094,Normal
TN-Plate11,F4,VC_A0374,0.82572897529528,0.0039166907067532,0.0134896846236687,Normal
TN-Plate12,F4,VC_2002,0.961413838290955,1.7170953882225e-05,0.0036201968002515,Normal
TN-Plate13,F4,VC_A0705,0.617448379377198,0.000202545763728,0.0241846621360076,Normal
TN-Plate14,F4,VC_1454/VC_1463,0.809612931753131,8.68565557577219e-05,0.0059467528594427,Normal
TN-Plate15,F4,VC_1472,0.672803878400666,5.08283648556232e-05,0.0067178690126241,Normal
TN-Plate16,F4,VC_A0602,0.508482140019921,0.0007727022463709,0.0055087408875772,Normal
TN-Plate17,F4,VC_0382,0.811273567684082,0.0005089123440832,0.0045215465517443,Normal
TN-Plate18,F4,VC_1775,0.934326834419231,0.0003870946440828,0.0044189427113734,Normal
TN-Plate19,F4,VC_2047,0.757316459551435,8.96027011727993e-05,0.0054187391788905,Normal
TN-Plate20,F4,VC_0532,0.722215392480433,2.04964762821693e-05,0.0109859771313501,Normal
TN-Plate21,F4,VC_A1052,0.569043933650551,8.20182774060877e-05,0.0083535152778197,Normal
TN-Plate22,F4,VC_1838,0.827008278481117,0.0002657739924054,0.0103909134430926,Normal
TN-Plate23,F4,VC_A1000,0.773598373423326,0.0065834973820279,0.0040946394158951,Normal
TN-Plate24,F4,VC_1039,0.705287974462826,0.0001669811671518,0.0048358115630869,Normal
TN-Plate25,F4,VC_A0117,0.917516677716173,0.000582938658511,0.0053694527813878,Normal
TN-Plate26,F4,VC_2280,1.21152381796561,0.0196576797867169,0.0065201740487454,Normal
TN-Plate27,F4,VC_A0715,0.633537252208319,0.0,0.0051361826933361,Normal
TN-Plate28,F4,VC_A0764,0.733154487475143,0.0004079659950149,0.0046213001052074,Normal
TN-Plate29,F4,VC_2507,0.636643297333996,0.0003698669608493,0.0050607990776623,Normal
TN-Plate30,F4,VC_2458,0.508274655368166,0.0006651069877276,0.0159360193929266,Normal
TN-Plate31,F4,VC_A0984,0.639450040655278,0.0,0.0044883348627572,Normal
TN-Plate32,F4,VC_2434,1.08809430769534,0.0009572906118025,0.00329152841467,Normal
TN-Plate33,F4,VC_A0596,0.561893028639586,0.0120804972771355,0.0174823423638672,Normal
TN-Plate01,F5,VC_1798,0.539898815942993,0.0,0.0178889975408064,Normal
TN-Plate02,F5,VC_A0782,1.12240660425587,0.0061540053065098,0.0050515728196995,Normal
TN-Plate03,F5,VC_2380,0.678508842995253,0.0003687568758961,0.0095552717342232,Normal
TN-Plate04,F5,VC_1589,0.574893161751309,0.0001872480440004,0.0105780635197243,Normal
TN-Plate07,F5,VC_A0121,0.755799347593769,0.0,0.0071092213874202,Normal
TN-Plate08,F5,VC_2069,2.27446146705427,0.344109292552482,0.0150409544450951,High Biofilm
TN-Plate09,F5,VC_1438,0.705512038315568,0.0006357312982099,0.0052889597786128,Normal
TN-Plate10,F5,VC_A0460,0.597905925074566,0.0007441474244675,0.010707086537621,Normal
TN-Plate11,F5,VC_A0317,0.699884470556579,0.0,0.0215370579067166,Normal
TN-Plate12,F5,VC_A0864,0.709492459535475,0.0,0.0076083589038589,Normal
TN-Plate13,F5,VC_A0268,0.590821152094551,0.0003028268342005,0.029648754818814,Normal
TN-Plate14,F5,VC_2732,0.720829557817056,0.0004132745374897,0.0124253258563779,Normal
TN-Plate15,F5,VC_A0650,0.510179339265487,0.0,0.0061004957865006,Normal
TN-Plate16,F5,VC_1096,0.661437483745224,0.0,0.0048955855260095,Normal
TN-Plate17,F5,VC_2647,0.409423487239206,0.0,0.0045006519890799,Normal
TN-Plate18,F5,VC_A0142,0.948475391929049,0.0062839576624086,0.0053256883918267,Normal
TN-Plate19,F5,VC_A0946,0.673227998739869,0.0,0.0045464160358658,Normal
TN-Plate20,F5,VC_0461,0.986701042619396,3.3562411580828e-05,0.0052639426872903,Normal
TN-Plate21,F5,VC_A0298/VC_A0329,0.820184900280253,0.0003399026916538,0.0052389451997879,Normal
TN-Plate22,F5,VC_A0134,0.55725280987349,7.95777013426411e-05,0.0226432824816636,Normal
TN-Plate23,F5,VC_0069,0.569017749854382,0.0001002433905942,0.0138236353051649,Normal
TN-Plate24,F5,VC_2120,2.46188812193172,0.546122934644448,0.0061512954627149,High Biofilm
TN-Plate25,F5,VC_A0146,3.9215116278124,1.98394605680833,0.0120796629670518,High Biofilm
TN-Plate26,F5,VC_1625,0.0831694356731661,0.0,0.0158258889837024,Low Biofilm
TN-Plate27,F5,VC_A0980,0.667095050324415,0.0,0.0052181861551366,Normal
TN-Plate28,F5,VC_2549,0.800429200644318,4.26189573253096e-05,0.0058668731231549,Normal
TN-Plate29,F5,VC_A0605,0.497461802105867,0.0016799292055528,0.0052842294013179,Normal
TN-Plate30,F5,VC_2630,0.539315426251871,2.42598665829858e-05,0.017837045558001,Normal
TN-Plate31,F5,VC_0413,0.480250414817988,0.0001585446551673,0.0060993504269924,Normal
TN-Plate32,F5,VC_A1030,1.2858550300218,0.0011344332178053,0.0048688321709948,Normal
TN-Plate33,F5,VC_1114,1.3734714500701,1.23075355470598,0.0048977763121557,High Biofilm
TN-Plate01,F6,VC_A0735,0.518638999052185,0.0013877926534664,0.0231300116493759,Normal
TN-Plate02,F6,VC_1259,0.697006291798363,0.0005165790126359,0.007484718672535,Normal
TN-Plate03,F6,VC_A0721,0.618740403302989,0.0,0.0259069537149327,Normal
TN-Plate07,F6,VC_1465,0.874452324992297,0.0,0.0051197386452001,Normal
TN-Plate08,F6,VC_1067,0.146223166214452,0.0021104514503136,0.0849146055222448,Low Biofilm
TN-Plate09,F6,VC_A0897,0.57532533591145,0.0004373429701291,0.0433127308085147,Normal
TN-Plate10,F6,VC_1555,0.5231676673143,0.0021746654166893,0.0135668129030429,Normal
TN-Plate11,F6,VC_2644,0.932054432316919,0.0007918504497897,0.0141954088753473,Normal
TN-Plate12,F6,VC_1068,0.49343996952122,0.0,0.0096374764353058,Normal
TN-Plate13,F6,VC_A0693,0.43233287375735,0.0016778076327872,0.0083753254641583,Normal
TN-Plate14,F6,VC_1559,0.730392822578799,7.2086029081203e-05,0.0058120735147838,Normal
TN-Plate15,F6,VC_A0631,0.500729591646839,0.0,0.0076094881783856,Normal
TN-Plate16,F6,VC_A0367,0.56499609336638,0.0008448409989384,0.0051358065717493,Normal
TN-Plate17,F6,VC_A0172,0.735215340970453,0.0013276931197941,0.0062076405753544,Normal
TN-Plate18,F6,VC_A0171,2.07039919969546,1.17174524755799,0.0037703320444544,High Biofilm
TN-Plate19,F6,VC_A0837,0.710196500253003,0.0008461516637426,0.0052045615285206,Normal
TN-Plate20,F6,VC_A0007,0.669918733710204,0.0007630211973978,0.0053667507458394,Normal
TN-Plate21,F6,VC_1592,0.653283926585405,0.0002938698406001,0.0068991146139665,Normal
TN-Plate22,F6,VC_0184,0.767210844665472,0.0003294207535246,0.0095808385545704,Normal
TN-Plate23,F6,VC_0455,0.649989313411425,0.0002173959259682,0.0196755714295895,Normal
TN-Plate24,F6,VC_A0581,0.742736516006269,4.17298277490749e-05,0.0043888184920234,Normal
TN-Plate25,F6,VC_1848,0.869080555171436,0.0,0.0050995331434873,Normal
TN-Plate26,F6,VC_A0132,0.981469123397793,0.0,0.0052999587068988,Normal
TN-Plate27,F6,VC_2757,0.616441521274432,0.0,0.0044144940989131,Normal
TN-Plate28,F6,VC_0018,0.578271021865509,0.0002425128824588,0.0037992847295721,Normal
TN-Plate29,F6,VC_1328,0.838791494854749,0.0067906403849167,0.0127240151382279,Normal
TN-Plate30,F6,VC_2622,0.52184626861687,0.000265771212101,0.0064356295953261,Normal
TN-Plate31,F6,VC_A1058,0.562962947972852,0.0,0.0041048851610115,Normal
TN-Plate32,F6,VC_2203,2.23719977373584,0.0700926203127926,0.0043484941696885,High Biofilm
TN-Plate33,F6,VC_0279,0.636390020740673,0.0,0.0249820995976616,Normal
TN-Plate01,F7,VC_1236,0.666132530668695,0.0054902489883536,0.0134866029816139,Normal
TN-Plate02,F7,VC_2601,1.0245210055562,0.0003103631775435,0.0050876728267729,Normal
TN-Plate03,F7,VC_0602,0.856866916573952,0.0078929873135326,0.006872321026165,Normal
TN-Plate04,F7,VC_A0685,0.674843140535704,0.0008338888271537,0.0122266733611296,Normal
TN-Plate07,F7,VC_1324,0.576654341130163,0.0347423857711657,0.0165892960249227,Normal
TN-Plate08,F7,VC_0696,0.307662198821394,0.0099121956174956,0.061322568538552,Normal
TN-Plate09,F7,VC_0217,0.611445918605573,0.0,0.0418034141071782,Normal
TN-Plate10,F7,VC_A0544,0.572388112677046,0.0,0.0064562461690471,Normal
TN-Plate11,F7,VC_A0198,0.813270207829811,0.0007889752108156,0.0079446824830658,Normal
TN-Plate12,F7,VC_0016,0.93768577825368,0.0002982381374403,0.0072400843237343,Normal
TN-Plate13,F7,VC_1703,0.55886930102722,0.0,0.016128846233756,Normal
TN-Plate14,F7,VC_2273,0.689300578966422,0.0004286669012629,0.0084483441163479,Normal
TN-Plate15,F7,VC_A0755,0.535402068104986,0.0,0.0105810340892262,Normal
TN-Plate16,F7,VC_0952,0.661418036141471,4.30061396721859e-05,0.0044951105723954,Normal
TN-Plate17,F7,VC_2295,0.961436090583751,5.74534656807422e-05,0.0042217193583385,Normal
TN-Plate18,F7,VC_2056,0.308453253206336,7.59750525136382e-05,0.004444024357604,Normal
TN-Plate19,F7,VC_0115,0.614550245083588,0.0,0.003087937121668,Normal
TN-Plate20,F7,VC_0587,0.599489351480405,0.000388953076966,0.006540466992508,Normal
TN-Plate21,F7,VC_1201,0.0793718347921416,0.0010181183440651,0.0061000742087119,Low Biofilm
TN-Plate22,F7,VC_0058,0.650207899433136,0.0001482341315773,0.0127649804750711,Normal
TN-Plate23,F7,VC_0916,0.328277033976226,0.0007279361928705,0.0037412799455899,Normal
TN-Plate24,F7,VC_1075,0.734624513070598,0.0061657353034963,0.0085046719298634,Normal
TN-Plate25,F7,VC_1050,0.599204984053991,0.0001747998146414,0.0061610560942007,Normal
TN-Plate26,F7,VC_A0689,0.901110596281812,0.0118044821985543,0.005344623580431,Normal
TN-Plate27,F7,VC_2619,0.241351604721554,0.0002142863342534,0.0043682723938419,Low Biofilm
TN-Plate28,F7,VC_1655,0.927615386758294,0.000136768541695,0.0036230343062647,Normal
TN-Plate30,F7,VC_2440,0.250166033288639,6.17045095694188e-05,0.0048072542711823,Low Biofilm
TN-Plate31,F7,VC_2667,0.501656171787802,0.0239442600463989,0.0124075106913081,Normal
TN-Plate32,F7,VC_A0187,1.10131308228561,0.377442527477494,0.0089108559834714,Dispersal Defect
TN-Plate33,F7,VC_2117,0.576585860729963,0.0016065833333363,0.0111927785907611,Normal
TN-Plate02,F8,VC_1243,0.926661394692039,3.35324287560401e-05,0.0051615282953567,Normal
TN-Plate03,F8,VC_1285,0.704656034522377,0.0,0.0239339596241533,Normal
TN-Plate04,F8,VC_1845,0.703722319201867,0.0004450388094729,0.0181021069649892,Normal
TN-Plate07,F8,VC_A0246,0.774573837476375,6.81947133691431e-06,0.0131653687357758,Normal
TN-Plate08,F8,VC_0399,1.47514541641128,0.377675667468757,0.0067328847922595,High Biofilm
TN-Plate09,F8,VC_1698,0.789755295735401,2.42815617386389e-05,0.035266606833765,Normal
TN-Plate10,F8,VC_A0482,0.77594159493957,0.0003373897977596,0.004420140750184,Normal
TN-Plate11,F8,VC_0035,0.866807636204962,0.0009322309322728,0.0151077885664504,Normal
TN-Plate12,F8,VC_0378,0.512587990115091,0.0,0.0075386106013006,Normal
TN-Plate13,F8,VC_2669,0.660335332710524,0.0015672129027259,0.0106436954274609,Normal
TN-Plate14,F8,VC_A1002,0.735343800526434,2.09483664242583e-05,0.0063263931777849,Normal
TN-Plate15,F8,VC_0898,0.331265875385983,5.12215225127208e-05,0.0050022130745749,Normal
TN-Plate17,F8,VC_0061,0.568729362244148,0.0002409779206127,0.0069680810296102,Normal
TN-Plate18,F8,VC_1226,0.978649961154313,0.0001155819269171,0.0038480912382768,Normal
TN-Plate19,F8,VC_1241,0.661763960305714,0.0,0.0034331389574498,Normal
TN-Plate20,F8,VC_1726,1.15521584805423,0.0796782804886506,0.0500413374349516,Normal
TN-Plate21,F8,VC_2293,0.550107383673122,0.000209454395494,0.007041220939709,Normal
TN-Plate22,F8,VC_A0255,0.794314316813558,0.0006361398098115,0.0074420784915214,Normal
TN-Plate23,F8,VC_A0202,0.695301598873599,0.0001955235677553,0.0051401156259255,Normal
TN-Plate24,F8,VC_2567,0.841727483802393,0.0002820963385121,0.0098290923816763,Normal
TN-Plate25,F8,VC_1232,0.755514487553185,0.0001449299522723,0.0096142319585187,Normal
TN-Plate26,F8,VC_0841,0.831072298943062,3.40455116777582e-06,0.0070345282354717,Normal
TN-Plate27,F8,VC_0299,0.831414343842621,0.0357184339259418,0.0058369829702794,Normal
TN-Plate28,F8,VC_2162,0.907437852858175,0.0,0.0045795564922924,Normal
TN-Plate29,F8,VC_2620,0.861286976116837,0.229337983368482,0.0277884481119008,Dispersal Defect
TN-Plate30,F8,VC_1604,0.402325475735483,0.0001504872668139,0.0046217770218839,Normal
TN-Plate31,F8,VC_0127,0.70297380785597,5.85414493978579e-05,0.0048455293575703,Normal
TN-Plate32,F8,VC_0311,0.614447954233511,0.0006717741437743,0.0046205519674341,Normal
TN-Plate33,F8,VC_1614,0.706117027766222,0.0052568275355502,0.0045134374681869,Normal
TN-Plate01,F9,VC_2311,1.13070120360269,0.134828380241683,0.0105752564724637,Dispersal Defect
TN-Plate02,F9,VC_2609,0.897103550600244,3.51410950667158e-06,0.0073812774979745,Normal
TN-Plate03,F9,VC_A0277,0.913646061821075,0.0073477946473558,0.0038772228714069,Normal
TN-Plate07,F9,VC_2508,0.959992177502174,0.403001725959626,0.0045046201839128,Dispersal Defect
TN-Plate08,F9,VC_A0911,0.606746027715024,0.0285236126405252,0.0550516956769271,Normal
TN-Plate09,F9,VC_A0603,0.698572604525873,2.06954542887727e-05,0.0431317711861779,Normal
TN-Plate10,F9,VC_1940,0.510760580467111,0.0041467058230109,0.0589247026802316,Normal
TN-Plate11,F9,VC_2163,0.9072637400594,0.0059661733555215,0.0037053807331671,Normal
TN-Plate12,F9,VC_2478,0.936335193416061,0.0007699206075673,0.0039831332170575,Normal
TN-Plate13,F9,VC_2543,0.806904399363126,0.0006508086489454,0.0058267048575252,Normal
TN-Plate14,F9,VC_1361,0.797116688974386,0.0,0.0051221295013132,Normal
TN-Plate15,F9,VC_1406,0.730850385795337,4.50127810456488e-05,0.0142855934694065,Normal
TN-Plate16,F9,VC_A0360/VC_A0502,0.84549377279251,9.71143759886525e-05,0.0038411435793903,Normal
TN-Plate17,F9,VC_1965,0.901106381377226,0.0108830029670207,0.0050864702157301,Normal
TN-Plate18,F9,VC_1125,0.962181833443884,0.0011449743553406,0.0028728759825702,Normal
TN-Plate19,F9,VC_0169,0.705023200635307,0.0010764039331327,0.006508008361917,Normal
TN-Plate20,F9,VC_0612,0.707948050838467,0.0,0.0080956774408708,Normal
TN-Plate21,F9,VC_1796,0.698819168446004,0.0,0.0052061922158839,Normal
TN-Plate22,F9,VC_2191,2.43645188096835,0.808632443172734,0.0050057628378616,High Biofilm
TN-Plate23,F9,VC_1765,0.910907215108191,0.0008390024631267,0.0055822361255156,Normal
TN-Plate24,F9,VC_2468,0.517825989830011,0.0,0.0074293618569767,Normal
TN-Plate25,F9,VC_0978,0.350476786985721,0.0,0.0048021199113028,Normal
TN-Plate26,F9,VC_0047,0.727708442377017,0.0003042572121072,0.0058409353670764,Normal
TN-Plate27,F9,VC_2629,0.686664051263578,2.77411330523971e-05,0.0040025122885254,Normal
TN-Plate28,F9,VC_0758,0.657926505921123,0.0001951954545549,0.008195278626995,Normal
TN-Plate29,F9,VC_2716,0.631469815250022,0.0002031972225046,0.0075832747321386,Normal
TN-Plate30,F9,VC_A0955,0.731070874876962,0.0,0.0046024603788124,Normal
TN-Plate31,F9,VC_0615,0.785641360221727,0.0002293112413865,0.0035202650255128,Normal
TN-Plate32,F9,VC_2279,0.825824902816111,0.0001459949906264,0.0093582261164701,Normal
TN-Plate33,F9,VC_0867,1.12094784365845,0.0019055388246564,0.0185679247795368,Normal
TN-Plate01,G10,VC_0943,1.11238896767622,0.871260102335671,0.0080972482806574,Dispersal Defect
TN-Plate02,G10,VC_2077,0.905682760247043,0.0003798649871448,0.012481778526662,Normal
TN-Plate03,G10,VC_2176,0.67144405383717,0.0030161622207864,0.0092384546906299,Normal
TN-Plate04,G10,VC_1095,0.779468582020657,5.94337571255152e-05,0.0111939183064265,Normal
TN-Plate07,G10,VC_2564,0.734352243993102,9.66064462956309e-05,0.020752117836645,Normal
TN-Plate08,G10,VC_1051,0.594645673213463,0.0276468571859574,0.0709080575090211,Normal
TN-Plate09,G10,VC_A0996,0.517513563682277,0.0001052285163102,0.0237420982249171,Normal
TN-Plate10,G10,VC_2239,0.738684379231579,0.0035759079519374,0.0133365743551242,Normal
TN-Plate12,G10,VC_0840,0.181574511025431,0.0,0.0068678586295584,Low Biofilm
TN-Plate13,G10,VC_1602,0.768816114789057,0.0006886224864325,0.0123139509941244,Normal
TN-Plate14,G10,VC_1168,0.656786519853116,0.0039700991583386,0.0072122837440447,Normal
TN-Plate15,G10,VC_A0669,0.668496604950688,4.64014016078164e-05,0.0116980297180759,Normal
TN-Plate16,G10,VC_1996,1.06611329424066,0.003947520445299,0.0066231283718503,Normal
TN-Plate17,G10,VC_A0262,1.03743320116459,0.0006072410306022,0.0057402809048997,Normal
TN-Plate18,G10,VC_0526,1.11617546549394,0.0018986365430514,0.0056002123198968,Normal
TN-Plate19,G10,VC_A0807,0.625759457494524,0.0008440351382123,0.0053261127936522,Normal
TN-Plate20,G10,VC_0072,1.0675248864097,0.0002689208022245,0.0101290666624001,Normal
TN-Plate21,G10,VC_A0248,0.680982786537072,0.0,0.0108462933078691,Normal
TN-Plate22,G10,VC_0781,0.801587017041348,0.0025161928997481,0.0101217562583369,Normal
TN-Plate24,G10,VC_0475,0.741898201216122,0.0,0.0061177108672135,Normal
TN-Plate25,G10,VC_0601,0.799729473787432,0.000120897183434,0.0054210931828447,Normal
TN-Plate26,G10,VC_0454,0.876646204712507,0.0002359617182937,0.008028969648449,Normal
TN-Plate27,G10,VC_0976,0.805848550709561,2.09658155632722e-05,0.0056825559353311,Normal
TN-Plate28,G10,VC_2055,0.797855407792609,0.0,0.0048907595052949,Normal
TN-Plate29,G10,VC_1759,0.699158041040251,0.0001005450093505,0.0080238239286854,Normal
TN-Plate30,G10,VC_0929,1.23149611919573,0.400601434717087,0.0065383725369882,Dispersal Defect
TN-Plate31,G10,VC_2743,0.8742416729157,0.000306909926031,0.0048155050273118,Normal
TN-Plate32,G10,VC_A0189,0.751255434261822,0.0013203152415804,0.0056022448191537,Normal
TN-Plate33,G10,VC_1296,0.184854199150966,0.132326740634488,0.0048896376429238,Low Biofilm
TN-Plate01,G11,VC_A0267,0.77149597339544,0.0002026005689761,0.0105938055365673,Normal
TN-Plate02,G11,VC_0771,1.68894546481189,0.0420273092661021,0.0051175837587823,High Biofilm
TN-Plate03,G11,VC_A0608,1.25582422503933,0.0,0.0059481990672019,Normal
TN-Plate07,G11,VC_A0129,0.855278993764288,0.000580907775252,0.0072805756749282,Normal
TN-Plate08,G11,VC_1069,0.674268002926842,0.0061477086630707,0.0685629605656152,Normal
TN-Plate09,G11,VC_A0681,0.805156002761359,0.0,0.059698023468857,Normal
TN-Plate10,G11,VC_2291,0.973750313837649,0.0018599035498413,0.0146140657197197,Normal
TN-Plate11,G11,VC_2745,0.82871351848907,0.0001501387729409,0.0149698846343755,Normal
TN-Plate12,G11,VC_1079,1.05410104661706,0.0007193786027904,0.0082977747684687,Normal
TN-Plate13,G11,VC_2672,0.81989278257563,0.0002462207616693,0.0061330590783825,Normal
TN-Plate14,G11,VC_1611,0.815620078786602,0.000324364812167,0.0071193857226452,Normal
TN-Plate15,G11,VC_2017,0.52882328077656,2.43711790647222e-05,0.0108051474419263,Normal
TN-Plate16,G11,VC_A0427,0.979507115743976,0.0010082777822761,0.0045979041286061,Normal
TN-Plate17,G11,VC_A0954,1.20168946413147,0.0028128743819778,0.004788970502129,Normal
TN-Plate18,G11,VC_2486,1.02282371730571,8.45626025273358e-05,0.0051066007719623,Normal
TN-Plate19,G11,VC_A0286,0.852406853020124,0.0,0.0057654339128914,Normal
TN-Plate20,G11,VC_0502,0.939500083072033,3.44067612702908e-05,0.0059805509908784,Normal
TN-Plate21,G11,VC_A0847,0.756882903790908,0.0,0.0067025207795477,Normal
TN-Plate22,G11,VC_0588,1.01648082250131,0.0035748113045784,0.0044572378289558,Normal
TN-Plate23,G11,VC_2028,0.69336704704091,6.07073022126024e-05,0.0397302975322915,Normal
TN-Plate24,G11,VC_2231,0.684826891464832,0.0,0.0089991817910727,Normal
TN-Plate25,G11,VC_1561,0.579863241231777,0.0,0.0111051391364193,Normal
TN-Plate26,G11,VC_0695,0.523428243827873,0.0,0.0055597358399464,Normal
TN-Plate28,G11,VC_2529,0.547179069933434,0.0,0.005721789426997,Normal
TN-Plate29,G11,VC_0557,0.735819364116289,0.0007641236634278,0.0053541359212598,Normal
TN-Plate30,G11,VC_1367,0.994147076362114,0.0036442797051959,0.0065232774126348,Normal
TN-Plate31,G11,VC_0140,0.967742635646938,0.0,0.0079713157049027,Normal
TN-Plate32,G11,VC_1182,0.390875613600885,0.0143917824627262,0.0161147926934866,Normal
TN-Plate01,G12,VC_A0882,0.965088036102415,0.00011562513544,0.0108989165089436,Normal
TN-Plate02,G12,VC_1458,0.966658824776475,0.0047775384874471,0.0084486359218533,Normal
TN-Plate03,G12,VC_1981,0.762833076644144,0.0002330118080445,0.105684434992122,Normal
TN-Plate04,G12,VC_1603,0.906281377832157,0.0010272136096165,0.0058062083841894,Normal
TN-Plate07,G12,VC_1771,0.64905178041709,0.0,0.0104052579823853,Normal
TN-Plate08,G12,VC_1086,0.797142223227821,0.000196677676892,0.106758031069934,Normal
TN-Plate09,G12,VC_A0370,0.721133133171009,0.0,0.0269992015649453,Normal
TN-Plate10,G12,VC_1686,0.636287965381204,0.0002408835617971,0.0211319190706211,Normal
TN-Plate11,G12,VC_1831,0.718636258514207,0.001380006202942,0.023314691580768,Normal
TN-Plate12,G12,VC_A0030,0.769305558225925,0.0,0.0129762173032036,Normal
TN-Plate15,G12,VC_2433,0.700882305204115,0.0695006238467728,0.0090980231675525,Normal
TN-Plate16,G12,VC_1173,0.821187227006059,0.286222862889016,0.0039741899980201,Dispersal Defect
TN-Plate18,G12,VC_0008,1.03772242018658,0.0,0.0044973660715695,Normal
TN-Plate19,G12,VC_1341,1.09295779764881,0.0001701910669527,0.0050009075323629,Normal
TN-Plate21,G12,VC_A0420,1.14935216537079,0.0037009018073885,0.0051863341897788,Normal
TN-Plate23,G12,VC_1314,1.1089881946328,0.0010262034006038,0.0129116726307441,Normal
TN-Plate24,G12,VC_2673,0.769530755936407,0.0007268418842197,0.0095602558162241,Normal
TN-Plate25,G12,VC_0535,0.733023375851804,0.0009418074918045,0.0072733549116903,Normal
TN-Plate26,G12,VC_1185,0.980517113187038,0.0,0.010101102043334,Normal
TN-Plate28,G12,VC_0488,0.76159185269916,0.0265283193500823,0.0083859931702964,Normal
TN-Plate29,G12,VC_0699,0.916226692651414,0.0005303825077796,0.0073195531479738,Normal
TN-Plate30,G12,VC_A0110,0.847917128907332,0.0,0.0060265637878097,Normal
TN-Plate31,G12,VC_2114,0.700598609280248,0.0038580159795402,0.0089403451628601,Normal
TN-Plate01,G1,VC_1412,1.10538847709301,0.0040916167931455,0.0057738960672624,Normal
TN-Plate02,G1,VC_0709,1.60611519825909,0.211535815131113,0.0053311663881885,High Biofilm
TN-Plate03,G1,VC_0610,0.934325652530511,0.0,0.0074683547140114,Normal
TN-Plate04,G1,VC_1886,1.03471551920072,0.0007984852374805,0.0053291715361573,Normal
TN-Plate07,G1,VC_A0588,1.47279455996112,0.0022494659226289,0.0058194080468814,High Biofilm
TN-Plate08,G1,VC_1380,0.761703365883269,6.62621891236275e-05,0.0248897465814239,Normal
TN-Plate09,G1,VC_2678,0.864658005465718,0.0,0.017844698025243,Normal
TN-Plate10,G1,VC_A0687,0.775767466500806,0.0005548119436859,0.0127928716403692,Normal
TN-Plate11,G1,VC_A0114,0.928106721021234,0.0107434062917295,0.027091342021206,Normal
TN-Plate12,G1,VC_0179,0.99846356763604,0.0,0.0081400253636946,Normal
TN-Plate13,G1,VC_A0783,0.897780684869743,0.0002747389416171,0.0072385700259148,Normal
TN-Plate14,G1,VC_1525,1.04809908196497,0.0097366289051487,0.0134875116146839,Normal
TN-Plate15,G1,VC_1968,0.72043165306371,0.0,0.0106956138194519,Normal
TN-Plate16,G1,VC_0746,1.34480376101441,0.0826619760803221,0.0055372737944686,High Biofilm
TN-Plate17,G1,VC_1414,1.34472591902372,0.0219701369864528,0.0058838423870105,High Biofilm
TN-Plate18,G1,VC_1511,1.1270406295504,0.007042296661595,0.0043892279380276,Normal
TN-Plate19,G1,VC_1140,1.81966370159793,1.10688411362887,0.0067035472553285,High Biofilm
TN-Plate20,G1,VC_0194,0.959357893630759,0.0002940529005006,0.0056326529134409,Normal
TN-Plate21,G1,VC_2223,0.900785570829209,0.0,0.0073090828609397,Normal
TN-Plate22,G1,VC_0776,0.900188130794122,0.0070063021675018,0.0096064502336982,Normal
TN-Plate23,G1,VC_A0889,0.988276425255697,0.0055883506048113,0.0078877786201172,Normal
TN-Plate24,G1,VC_2606,0.790456956205019,0.0007472073135548,0.0071862107045021,Normal
TN-Plate25,G1,VC_0289,1.33509035979167,0.052965603748768,0.0521869177741705,High Biofilm
TN-Plate26,G1,VC_1712,1.125290620935,0.0002990832361647,0.0066282366229204,Normal
TN-Plate27,G1,VC_A0222,0.714304368760616,0.0001304217335704,0.0064341196952828,Normal
TN-Plate28,G1,VC_A0095,0.710661619829371,0.0001361839004856,0.0055257580707858,Normal
TN-Plate29,G1,VC_0226,0.935077512966089,0.0689333352588964,0.0058597687601746,Normal
TN-Plate30,G1,VC_1048,0.900570861191176,2.80434294494927e-05,0.0060722176201048,Normal
TN-Plate31,G1,VC_1691,0.876129438310866,0.0002775133228535,0.0052175879125342,Normal
TN-Plate32,G1,VC_1081,1.02934575963486,0.0048028460708844,0.004288100768239,Normal
TN-Plate33,G1,VC_0614,0.809385112905595,0.0120478587788709,0.0065641110953448,Normal
TN-Plate01,G2,VC_A0343,1.05941146191205,0.0045691669965056,0.0068476460246678,Normal
TN-Plate02,G2,VC_1639,0.850878119591029,0.0044428220998408,0.0042962314234879,Normal
TN-Plate03,G2,VC_0934,0.0466496335509271,0.0004432199107103,0.0077768993982428,Low Biofilm
TN-Plate04,G2,VC_A0064,0.340638514923816,0.0003002826271665,0.0054482147035751,Normal
TN-Plate07,G2,VC_0994,0.553743683190575,0.00116120324413,0.0085185141778023,Normal
TN-Plate09,G2,VC_1897,0.759656969032472,0.0,0.0204072380351328,Normal
TN-Plate10,G2,VC_A0776,0.661950275423611,0.0025354741389685,0.0119809350686351,Normal
TN-Plate11,G2,VC_1195,0.762109577466819,0.0009483038462496,0.0348239087321925,Normal
TN-Plate12,G2,VC_1786,0.896465007701472,1.32862862348476e-05,0.026260207317511,Normal
TN-Plate13,G2,VC_1368,0.676935228144098,0.0003100075976515,0.0219976897146242,Normal
TN-Plate14,G2,VC_1473,0.752265854396277,0.0016960689643271,0.0102551767994454,Normal
TN-Plate15,G2,VC_A1059,0.565691833270375,0.0,0.0074776835576515,Normal
TN-Plate16,G2,VC_A0067,1.09859323992091,0.0014424044423385,0.0053995121271499,Normal
TN-Plate17,G2,VC_0597,0.849125866339041,0.0071394542559834,0.0046513092887199,Normal
TN-Plate18,G2,VC_2277,1.15977103532745,0.0098301429173222,0.0062240892873292,Normal
TN-Plate19,G2,VC_0919,0.63224613659553,0.0001940185274438,0.0077639077279534,Normal
TN-Plate20,G2,VC_1118,1.0685275252241,0.0970025052824848,0.0077311145209638,Normal
TN-Plate21,G2,VC_1938,0.747647109456035,1.37210135511117e-05,0.0048371114638539,Normal
TN-Plate22,G2,VC_2709,0.884177953690708,0.0052334441043489,0.006438590957049,Normal
TN-Plate23,G2,VC_1730,1.03764256231433,0.0057888220596118,0.0047251441751443,Normal
TN-Plate24,G2,VC_A0234,0.90090801611513,0.0005361932094876,0.0051529315173693,Normal
TN-Plate25,G2,VC_A0126,0.801158898001052,0.0002029146230787,0.006539604779081,Normal
TN-Plate26,G2,VC_0144,1.01077893512278,0.0017308238129068,0.0702482656000601,Normal
TN-Plate27,G2,VC_0118,0.717394680957929,0.0,0.0067289727253919,Normal
TN-Plate28,G2,VC_0490,0.676202344199813,0.0004468026692359,0.004952130442094,Normal
TN-Plate29,G2,VC_A0204,0.918252550394579,0.0020034102452589,0.004134396104725,Normal
TN-Plate30,G2,VC_0133,0.621882220227245,3.81933211945893e-05,0.0053839500547237,Normal
TN-Plate31,G2,VC_0525,0.217494646682904,0.0002369882604943,0.0044734036667382,Low Biofilm
TN-Plate32,G2,VC_1659,0.472092646426833,0.0002646539185864,0.0191727608136745,Normal
TN-Plate33,G2,VC_2653,0.864011560813635,0.0451157588175622,0.0055771571480824,Normal
TN-Plate01,G3,VC_A0152,0.701254470500412,0.0146929398406482,0.0319742970416599,Normal
TN-Plate02,G3,VC_A0313,0.857000807598183,0.0009949547793882,0.0114669418156933,Normal
TN-Plate03,G3,VC_A0894,0.746660954165794,0.0228633722506836,0.0066568105654091,Normal
TN-Plate04,G3,VC_1444,0.907702871131487,8.59411669571615e-05,0.0129019982223928,Normal
TN-Plate07,G3,VC_1570,0.966648752227202,0.0011714504961083,0.0097396089670787,Normal
TN-Plate09,G3,VC_0078,0.773955422698236,0.0,0.0177751459750727,Normal
TN-Plate10,G3,VC_A0032,0.707462910905758,5.84744714139736e-05,0.0173715390073208,Normal
TN-Plate11,G3,VC_0354,0.799718307309614,0.0,0.0070323977740821,Normal
TN-Plate12,G3,VC_A0821,0.809967526782539,0.0001384030772767,0.0131062366866498,Normal
TN-Plate13,G3,VC_A0573,0.827928294429878,1.69303968346229e-05,0.0128305967388168,Normal
TN-Plate14,G3,VC_2210,0.948473899579631,0.0004671292911353,0.006434493306382,Normal
TN-Plate15,G3,VC_1717,0.56784770349542,0.0,0.0068105657512221,Normal
TN-Plate16,G3,VC_1224,0.895142165740129,0.0025658276437182,0.0068825284454463,Normal
TN-Plate17,G3,VC_2739,0.94910916294702,0.0010787258366953,0.0047599486980454,Normal
TN-Plate18,G3,VC_1216,1.07807208768743,0.0017963656948987,0.0054893137151515,Normal
TN-Plate19,G3,VC_A0052,0.742478501767005,3.38370582725763e-06,0.0089238983798802,Normal
TN-Plate20,G3,VC_A0561,0.577136571976198,0.0,0.0078155258129784,Normal
TN-Plate21,G3,VC_0697,0.606131647815747,2.07359833929046e-05,0.0057492149954675,Normal
TN-Plate22,G3,VC_2721,0.735673172922019,0.0,0.0098144999291465,Normal
TN-Plate23,G3,VC_A0247,0.620997886221001,0.0001312297303974,0.0307220335569724,Normal
TN-Plate24,G3,VC_A0777,0.876488439270313,0.0,0.0079938852098767,Normal
TN-Plate25,G3,VC_2692,0.944028439339144,0.0006145870163694,0.005106254352064,Normal
TN-Plate26,G3,VC_1879,0.819872461090807,0.0,0.0088918691742897,Normal
TN-Plate27,G3,VC_A0278,0.529032450446744,0.001212160434904,0.0051102890599231,Normal
TN-Plate28,G3,VC_2671,0.711179134772752,0.0,0.0050075588412932,Normal
TN-Plate29,G3,VC_A1104,0.615826907131256,0.000404425661524,0.0051273517230466,Normal
TN-Plate30,G3,VC_1675,0.54978271266786,0.0,0.006981139066483,Normal
TN-Plate31,G3,VC_2491,0.699487983395641,0.0079628192118671,0.0071012523231385,Normal
TN-Plate32,G3,VC_0164,1.16714339540753,0.0092024589439782,0.0044912587487034,Normal
TN-Plate33,G3,VC_0130,0.666271734008475,0.0109654295811012,0.0240079623165724,Normal
TN-Plate01,G4,VC_A0529,0.839733044073966,0.0,0.0170530141962782,Normal
TN-Plate02,G4,VC_0221,0.845922544714371,0.0009627626757227,0.0063926328116885,Normal
TN-Plate03,G4,VC_2558,0.874924882135178,0.066936186819159,0.0179434643954758,Normal
TN-Plate04,G4,VC_1579,1.03293961483047,0.005103198992987,0.0087584322127125,Normal
TN-Plate07,G4,VC_A0552,0.733527247745034,0.0012501842541366,0.007718211194536,Normal
TN-Plate08,G4,VC_A0196,0.816741267202547,0.0006675184508227,0.03881194884856,Normal
TN-Plate09,G4,VC_A0957,0.839483018966788,0.0001588449977231,0.0194192674613539,Normal
TN-Plate10,G4,VC_1103,0.921206474233606,0.0009840310439872,0.0075800427339173,Normal
TN-Plate11,G4,VC_A0483,0.753811483039657,0.0,0.0112625220623363,Normal
TN-Plate12,G4,VC_1150,0.798029495815186,0.0,0.010386951560588,Normal
TN-Plate13,G4,VC_1453,0.693002734766073,0.0,0.0089529736780302,Normal
TN-Plate14,G4,VC_A0629,0.845576695144065,2.71915618296714e-05,0.0067598034478988,Normal
TN-Plate15,G4,VC_A0832,0.652971045801538,0.0,0.0069306556450069,Normal
TN-Plate16,G4,VC_A0697,0.568424905360983,1.05649421721113e-05,0.0047636342114573,Normal
TN-Plate17,G4,VC_A1082,0.451253176067995,0.0,0.0047472700444604,Normal
TN-Plate18,G4,VC_1390,1.01284773111609,0.0,0.0061283436450983,Normal
TN-Plate19,G4,VC_A0863,0.625947622371004,0.0,0.0075028339738376,Normal
TN-Plate20,G4,VC_2760,0.846762913379272,0.0009095623300282,0.0073082047131109,Normal
TN-Plate21,G4,VC_0187,0.687196534977608,0.0398744591591985,0.0666262925884375,Normal
TN-Plate22,G4,VC_1286,0.877488241570936,0.011512640308807,0.0139745229391913,Normal
TN-Plate23,G4,VC_A0318,1.15977952637316,0.0277108306580055,0.0062648698347087,Normal
TN-Plate24,G4,VC_A0878,0.867785572096049,3.04472260156751e-05,0.0048056883140112,Normal
TN-Plate25,G4,VC_0404,0.771867012456961,0.0001558519880378,0.0081867902587347,Normal
TN-Plate26,G4,VC_1892,0.870021742909042,0.0022939635060302,0.0091392303939562,Normal
TN-Plate27,G4,VC_A0104,0.735225153186141,0.0074882233399501,0.0115589534165005,Normal
TN-Plate28,G4,VC_0439,0.936587965981051,0.0002163862682838,0.0052770467279499,Normal
TN-Plate29,G4,VC_0835,0.794682729263881,0.000177450858962,0.005597761697141,Normal
TN-Plate30,G4,VC_0540,0.586517529107353,4.4330064099141e-05,0.0069344406990118,Normal
TN-Plate31,G4,VC_0951,0.721881860175269,0.0009878981004264,0.0081623245617092,Normal
TN-Plate32,G4,VC_0476,1.26116335907968,0.0258523809570808,0.0061927095748232,Normal
TN-Plate33,G4,VC_1220,0.700469875982717,0.0055016752620504,0.0091207367998883,Normal
TN-Plate01,G5,VC_A0801,0.40513611968937,0.0,0.0602449764837422,Normal
TN-Plate02,G5,VC_A0512,0.790326177894855,0.0001116871016297,0.0100192365748445,Normal
TN-Plate03,G5,VC_0095,0.10995401076702,0.0002257988828387,0.0094521415307594,Low Biofilm
TN-Plate04,G5,VC_1364,0.653929233453746,0.0,0.0142668896418109,Normal
TN-Plate07,G5,VC_0468,2.04076379383826,0.295823504167212,0.007437445141782,High Biofilm
TN-Plate08,G5,VC_2140,2.48645275664995,0.202943586801994,0.0316676445575662,High Biofilm
TN-Plate09,G5,VC_1761,0.894975726125392,0.0,0.0352016360757233,Normal
TN-Plate10,G5,VC_1191,0.613726522348004,0.0017116872117772,0.0142581714980514,Normal
TN-Plate11,G5,VC_2068,0.866781556199172,0.0,0.0069940772285926,Normal
TN-Plate12,G5,VC_A0339,0.587578575995879,0.0,0.0208649394729131,Normal
TN-Plate13,G5,VC_A0471,0.585769554273341,0.0005276519733364,0.0159996863144595,Normal
TN-Plate14,G5,VC_0823,0.836264416338891,0.000132913672701,0.0070903502858343,Normal
TN-Plate15,G5,VC_A0098,0.906879556720608,0.0,0.0053179623299996,Normal
TN-Plate16,G5,VC_1834,1.03604019130603,0.099100099520514,0.0707025651159981,Normal
TN-Plate17,G5,VC_1499,0.700845755168448,0.0002586791612408,0.0079315270861818,Normal
TN-Plate18,G5,VC_1283,0.96193360800117,0.0002910420399696,0.0063941403595852,Normal
TN-Plate20,G5,VC_A0218,0.797773970771575,5.84917643143534e-05,0.0063715386572997,Normal
TN-Plate21,G5,VC_A0634,0.613703005346539,0.0008226438330808,0.0125634257584768,Normal
TN-Plate22,G5,VC_2722,0.56163850242436,0.0008209191811661,0.0170843958486821,Normal
TN-Plate23,G5,VC_0802,0.677089896345155,0.0007192978737222,0.0262272093837319,Normal
TN-Plate24,G5,VC_1547,0.839865447619296,0.0053594572674701,0.0052237501566333,Normal
TN-Plate25,G5,VC_0284,0.62482783366422,0.0005075729682561,0.0074915968650351,Normal
TN-Plate26,G5,VC_0023,0.628295836556278,0.0007307220409508,0.0338486033834657,Normal
TN-Plate27,G5,VC_0842,0.596612847539999,0.0001243652195391,0.0070758743336518,Normal
TN-Plate28,G5,VC_0983,0.316107598154137,0.0,0.0053637738420131,Normal
TN-Plate29,G5,VC_2185,0.47492974084851,0.0006264517924293,0.0076098858053462,Normal
TN-Plate30,G5,VC_2097,0.737212494445091,0.002713578163814,0.0082474571329887,Normal
TN-Plate31,G5,VC_0142,0.730293681694085,0.0006982362901,0.0055823039305842,Normal
TN-Plate32,G5,VC_A0223,1.21873811216546,0.0004523046047064,0.0046880991137906,Normal
TN-Plate33,G5,VC_0370,0.931490183428235,0.0231640734077474,0.01470817242839,Normal
TN-Plate01,G6,VC_1145,0.541455281015486,0.0,0.0132134609909413,Normal
TN-Plate02,G6,VC_A0417,0.922593598706784,0.0,0.0072016607442306,Normal
TN-Plate03,G6,VC_A0706,0.924907083323663,0.0560750891733745,0.0107268614205681,Normal
TN-Plate04,G6,VC_2476,0.501299054371003,0.0006637305909736,0.0128736599441241,Normal
TN-Plate07,G6,VC_A0309,0.6701647889447,0.0002161336388621,0.015194274806762,Normal
TN-Plate08,G6,VC_0381,0.78034128969645,0.0005869951719244,0.0374339996790297,Normal
TN-Plate09,G6,VC_A0868,0.807043168610215,6.27022793236043e-05,0.0172904686842716,Normal
TN-Plate10,G6,VC_A0870,0.592181490732805,0.0008783577083361,0.0162623762595823,Normal
TN-Plate11,G6,VC_1382,0.780361147223783,0.0175732151203568,0.0159313705373693,Normal
TN-Plate12,G6,VC_0250,1.38506452129682,0.245258734289268,0.006051392394659,High Biofilm
TN-Plate13,G6,VC_0245,0.714524539988792,0.341431674437738,0.0093771359669428,Dispersal Defect
TN-Plate14,G6,VC_1316,0.757492912740232,0.0004630767198121,0.0073397858215663,Normal
TN-Plate15,G6,VC_1584,0.478722593160709,0.0023686918408495,0.0107844261703493,Normal
TN-Plate16,G6,VC_0600,0.428890982721471,0.0020263860963206,0.0084756926927865,Normal
TN-Plate17,G6,VC_1183,0.919656438923197,0.0008011728145708,0.009209883887798,Normal
TN-Plate18,G6,VC_1537,0.844937864712611,0.0050932147353027,0.0057438349821596,Normal
TN-Plate19,G6,VC_1377,0.733869044230669,0.0062286779436139,0.0124063925597295,Normal
TN-Plate20,G6,VC_1741,0.722623616956616,0.0,0.0107981598068921,Normal
TN-Plate21,G6,VC_0878,0.999458144203628,0.0012853583961267,0.0087822753147379,Normal
TN-Plate22,G6,VC_2774,0.576310943225259,0.0005047382670061,0.0299914541275011,Normal
TN-Plate23,G6,VC_1873,0.621756847779159,0.0023446431503554,0.0237416813136687,Normal
TN-Plate24,G6,VC_1327,0.611630131857056,8.74333482483447e-05,0.0068045677524401,Normal
TN-Plate25,G6,VC_0533,0.787944305513483,0.0012464301932515,0.0074483401310125,Normal
TN-Plate26,G6,VC_2679,0.689466761426905,5.25182179658894e-05,0.0154726392841461,Normal
TN-Plate27,G6,VC_1346,0.676942053958318,0.027120822904526,0.0576648744724061,Normal
TN-Plate28,G6,VC_1029,0.675342744690515,0.0004093128554078,0.0052167076186833,Normal
TN-Plate29,G6,VC_2110,0.63389347763056,0.0144933695882471,0.0056859857645132,Normal
TN-Plate30,G6,VC_0401,0.871131837859821,0.0001860874314039,0.0048298119694707,Normal
TN-Plate31,G6,VC_1633,0.725680778413399,0.0009978117759019,0.0058563244445375,Normal
TN-Plate32,G6,VC_2220,0.819249668353895,0.001199741566975,0.0061346182926792,Normal
TN-Plate33,G6,VC_2362,0.458343224353915,0.0001527401445445,0.0085614780511136,Normal
TN-Plate02,G7,VC_1674,0.808890214667311,3.9288176845957e-05,0.0061840865654575,Normal
TN-Plate03,G7,VC_2737,0.723692501928434,0.0239528965874235,0.0302353358022372,Normal
TN-Plate04,G7,VC_A0865,0.575525732829975,0.0027533596176694,0.0133682462537607,Normal
TN-Plate07,G7,VC_A0451,0.721200227707321,0.0,0.0259068086551061,Normal
TN-Plate08,G7,VC_2706,1.07286433348698,0.0153471905232017,0.0309829506185591,Normal
TN-Plate09,G7,VC_2663,0.683934831855699,0.0016642167894389,0.026908678882592,Normal
TN-Plate10,G7,VC_0573,0.55762427335625,0.0,0.0238513576872022,Normal
TN-Plate11,G7,VC_A0414,1.0394803763443,0.0207979664171336,0.0352123841395632,Normal
TN-Plate12,G7,VC_2270,1.41298866383949,0.19735459260766,0.0059818282018156,High Biofilm
TN-Plate13,G7,VC_1628,0.860616149371925,0.0045172486670031,0.0065423519144391,Normal
TN-Plate14,G7,VC_1557,0.841629038681825,0.0,0.0063550051888846,Normal
TN-Plate15,G7,VC_2309,0.705287484608332,0.000625540954716,0.0076848040369311,Normal
TN-Plate16,G7,VC_A0256,1.00748995247741,0.0030627523806974,0.0091729984555038,Normal
TN-Plate17,G7,VC_1821,0.895772498841957,3.40204415605484e-05,0.0052690272472142,Normal
TN-Plate18,G7,VC_A1071,0.781397048140511,0.0014220800063937,0.0049887123936131,Normal
TN-Plate19,G7,VC_0755,0.754685030224684,0.000788995262449,0.00540205362709,Normal
TN-Plate20,G7,VC_2488,0.731597153883416,0.0002042962801048,0.009061274574988,Normal
TN-Plate21,G7,VC_A0422,0.862862553727843,0.0002118426397717,0.0060161229183147,Normal
TN-Plate22,G7,VC_1252,0.624307703783379,0.0001766904794692,0.0072026990984961,Normal
TN-Plate23,G7,VC_0595,0.773130980917137,0.0008890554244608,0.0156667406047884,Normal
TN-Plate24,G7,VC_1518,0.762927923399182,0.0001841047951819,0.0070684053241452,Normal
TN-Plate25,G7,VC_0087,0.771583199276722,0.0003738546011647,0.0073171287685362,Normal
TN-Plate26,G7,VC_0536,0.992290341862439,0.109983453075964,0.0822250870096183,Normal
TN-Plate27,G7,VC_1975,0.444056472413489,3.44123416664861e-06,0.007226142714033,Normal
TN-Plate28,G7,VC_1951,0.662682598493814,0.000905275181782,0.0063472992135996,Normal
TN-Plate29,G7,VC_0590,0.583225916092958,0.0139490674772247,0.0089830541667452,Normal
TN-Plate31,G7,VC_A1085,0.609967734517144,0.0002355397144489,0.0059297031847419,Normal
TN-Plate32,G7,VC_1931,0.603109042590329,0.0278899448662353,0.0068483092159085,Normal
TN-Plate33,G7,VC_A0691,0.618744501041223,0.0032918930030562,0.0078858356451456,Normal
TN-Plate02,G8,VC_A0843,0.875692945051275,9.30341389971135e-05,0.0075414631929969,Normal
TN-Plate03,G8,VC_0786,1.00380528955237,0.0366214892875969,0.0069663114489275,Normal
TN-Plate04,G8,VC_0395,0.815040094315895,0.0003253313141659,0.0076887395053717,Normal
TN-Plate07,G8,VC_A0465,0.744576313569984,0.0,0.0152206780206237,Normal
TN-Plate08,G8,VC_A0345,0.681047089842959,0.0014296191593071,0.128602593066995,Normal
TN-Plate09,G8,VC_2688,0.865240550840154,0.0039662190373388,0.0333595088896584,Normal
TN-Plate10,G8,VC_1774,0.752466016281793,0.0053486845250537,0.0070477944188608,Normal
TN-Plate11,G8,VC_1311,0.875476483269364,0.0,0.0202039701809809,Normal
TN-Plate12,G8,VC_2005,0.937516486123379,0.0002595529002684,0.0078506389181825,Normal
TN-Plate13,G8,VC_0098,0.502256162083875,7.33839930304437e-05,0.0148258619953273,Normal
TN-Plate14,G8,VC_2049,0.270978130851267,0.0,0.0138533817881675,Low Biofilm
TN-Plate15,G8,VC_2655,0.7673509435458,0.0023763526741915,0.005065598809198,Normal
TN-Plate16,G8,VC_0090,0.704862173771069,0.0,0.0046797906340684,Normal
TN-Plate17,G8,VC_2636,0.986151397442296,0.0006157185366526,0.0049499705943087,Normal
TN-Plate18,G8,VC_2129,2.21831652641526,0.160688549623994,0.0065572588587089,High Biofilm
TN-Plate19,G8,VC_2382,0.617200954109645,0.0013617483038657,0.0057104302494601,Normal
TN-Plate20,G8,VC_1064,0.674450477625001,0.0012815330109383,0.0097744582017079,Normal
TN-Plate21,G8,VC_2132,0.154052109080535,4.99412419246984e-05,0.0046395676663416,Low Biofilm
TN-Plate22,G8,VC_2520,0.80046395531923,0.002768551185529,0.0061508785628689,Normal
TN-Plate23,G8,VC_0504,0.727014322665787,8.29357158964901e-05,0.0111729096532112,Normal
TN-Plate24,G8,VC_0822,0.726196690808868,1.3714864831237e-05,0.0074288460827199,Normal
TN-Plate25,G8,VC_A0790,0.729562153397017,0.0,0.0052621765017569,Normal
TN-Plate26,G8,VC_1963,0.711344255087462,0.0,0.018849677349442,Normal
TN-Plate27,G8,VC_A0967,0.773188178004131,0.0004397877127309,0.0047785125783179,Normal
TN-Plate28,G8,VC_A0464,0.698837203476942,0.0024131105596664,0.0076684413086601,Normal
TN-Plate29,G8,VC_1339,0.72621113123824,0.0156078705156105,0.0054078776549842,Normal
TN-Plate30,G8,VC_1829,0.59865331951829,0.0,0.0065591007730222,Normal
TN-Plate31,G8,VC_2613,0.782899334127108,0.0,0.0052214551154507,Normal
TN-Plate32,G8,VC_0244,0.328565927524458,0.147895491299844,0.145241788337934,Dispersal Defect
TN-Plate33,G8,VC_1560,0.494510975335235,0.002006386148093,0.0143922545436275,Normal
TN-Plate01,G9,VC_0347,0.206009337993455,0.0033645138701187,0.0063806628740686,Low Biofilm
TN-Plate02,G9,VC_0271,1.01061017108962,0.0059444177120515,0.0071477394988079,Normal
TN-Plate03,G9,VC_1629,0.811529480727654,0.0273229054708598,0.023852998045157,Normal
TN-Plate04,G9,VC_A0206,0.524347979612939,0.0022141462805951,0.009296373066601,Normal
TN-Plate07,G9,VC_A0253,0.689700846306047,6.58289761576952e-05,0.0223213457290168,Normal
TN-Plate08,G9,VC_0969,0.752916196035213,0.0032786387462881,0.0731048856685801,Normal
TN-Plate09,G9,VC_1605,0.461536377694507,0.0,0.0250791966183601,Normal
TN-Plate10,G9,VC_2036,0.552613279928928,0.0,0.0204016501928609,Normal
TN-Plate11,G9,VC_0720,0.645830183733031,0.0001248217839322,0.0259007402855162,Normal
TN-Plate12,G9,VC_1141,0.776503967900721,0.0,0.0295403102399818,Normal
TN-Plate13,G9,VC_0857,0.785354587761223,0.0810448077177691,0.0568533517311998,Normal
TN-Plate14,G9,VC_1313,0.766844725755,4.59278995731991e-05,0.0072714573979336,Normal
TN-Plate15,G9,VC_2702,0.65724990898141,0.0,0.008071368546679,Normal
TN-Plate16,G9,VC_A0640,0.8146301966267,0.0002232013843587,0.0049254991677693,Normal
TN-Plate17,G9,VC_1804,0.848672125240666,0.0001690630583491,0.0041595883176862,Normal
TN-Plate18,G9,VC_A0057,1.05992165163059,0.0058584334919343,0.0042547093307628,Normal
TN-Plate19,G9,VC_2216,0.757612486636039,0.0005448881417746,0.0070244731828343,Normal
TN-Plate20,G9,VC_1580,0.996070818837471,0.0008202739738362,0.0081960828343721,Normal
TN-Plate21,G9,VC_1734,0.73008511786079,0.000104403805276,0.0067117144666813,Normal
TN-Plate22,G9,VC_0752/VC_0753,0.965180611069645,0.0984168532210843,0.0773144827326359,Normal
TN-Plate23,G9,VC_A0478,0.748551960797675,0.0,0.0256488717690695,Normal
TN-Plate24,G9,VC_2523,1.68633588368338,0.0020334203012073,0.0051939507413677,High Biofilm
TN-Plate25,G9,VC_A0005,1.42803941405667,0.0,0.0086952933464994,High Biofilm
TN-Plate26,G9,VC_0579,1.008733532814,0.0,0.0059136946891003,Normal
TN-Plate27,G9,VC_1755,0.886250419111185,0.0006744743012787,0.0049548799316354,Normal
TN-Plate28,G9,VC_2455,0.6821275013933,0.0001502338013441,0.0050982896531365,Normal
TN-Plate29,G9,VC_A0013,0.846951547069295,0.0014467153851279,0.0059267711158057,Normal
TN-Plate30,G9,VC_1769,0.681069412711104,0.0004838492831904,0.006588111738059,Normal
TN-Plate31,G9,VC_0165,0.490888160569056,0.0,0.0046446045211155,Normal
TN-Plate32,G9,VC_A0175,0.805397209001545,0.0026520602605595,0.0055125903177476,Normal
TN-Plate33,G9,VC_A0928,0.68911563995486,0.0080491747439675,0.0057779162045868,Normal
TN-Plate01,H10,VC_A1084,0.764077349969962,0.0002940716813724,0.0290129493247581,Normal
TN-Plate02,H10,VC_0856,1.00028100448932,0.0132835429414924,0.0050356322204467,Normal
TN-Plate03,H10,VC_A0442,0.918319569169118,0.0,0.0466354703148616,Normal
TN-Plate04,H10,VC_1909,1.28145520996129,0.135765759637004,0.0051488482434902,Dispersal Defect
TN-Plate07,H10,VC_2033,0.592056064654602,0.0004841515833297,0.0057906832235061,Normal
TN-Plate08,H10,VC_A1086,0.768976261427443,0.0002403624421317,0.029029791653249,Normal
TN-Plate10,H10,VC_1264,0.808605976210409,5.31225633997751e-05,0.0097821096934366,Normal
TN-Plate11,H10,VC_A1101,0.928965624008671,0.0,0.0136775684223953,Normal
TN-Plate12,H10,VC_0939,0.945828899599824,0.0,0.0088113831780694,Normal
TN-Plate13,H10,VC_A1069,0.963227482029618,0.0005025919173948,0.0059019075992505,Normal
TN-Plate14,H10,VC_1581,1.51259579058007,0.0453780099433345,0.0065574664830321,High Biofilm
TN-Plate15,H10,VC_0542,0.645462488281206,0.0005515545383612,0.0238241376335135,Normal
TN-Plate16,H10,VC_1977,1.23832040808837,0.0088409995441496,0.0037186647899888,Normal
TN-Plate17,H10,VC_A1056,1.23867395874331,0.0018795889749181,0.0067198553899215,Normal
TN-Plate18,H10,VC_0902,1.31664842726796,0.0013556399457228,0.0057971716668351,Normal
TN-Plate19,H10,VC_A0351,0.938580133474731,0.0011029197730319,0.0070557244481661,Normal
TN-Plate20,H10,VC_A0245,0.811808240169696,0.0,0.0091244686214813,Normal
TN-Plate21,H10,VC_2080,0.887604348577183,3.71305381188271e-05,0.0068569142987755,Normal
TN-Plate22,H10,VC_1457,1.0304127038352,0.003123388625718,0.0101672977271354,Normal
TN-Plate23,H10,VC_A0191,0.927512603642918,0.0002491376049379,0.0527354120212107,Normal
TN-Plate24,H10,VC_A0020,0.866055717208239,7.07777159494776e-05,0.0055602453856141,Normal
TN-Plate25,H10,VC_2552,0.895185256509731,0.0014152637097994,0.0069297238961705,Normal
TN-Plate26,H10,VC_1682,0.644250414662829,0.0005349674388751,0.0057077128910225,Normal
TN-Plate27,H10,VC_A1020,0.792707524335384,0.0,0.0065449424927601,Normal
TN-Plate28,H10,VC_A0963,0.967730983545824,4.90776419166927e-05,0.0064657020928822,Normal
TN-Plate29,H10,VC_A0850,1.20247145667694,5.56021046430399e-05,0.0072672457181347,Normal
TN-Plate30,H10,VC_A0454,0.694012451023197,0.0004933821013886,0.017217592936883,Normal
TN-Plate31,H10,VC_1572,0.943021514836847,0.0027295353843076,0.006175208517664,Normal
TN-Plate32,H10,VC_1652,0.838084920659669,0.146404625843165,0.0775513763380187,Dispersal Defect
TN-Plate01,H11,VC_1914,0.844779822531468,0.0005757112162001,0.0229224487912873,Normal
TN-Plate02,H11,VC_1800,0.92139985779782,0.0125951373669704,0.0040978892210182,Normal
TN-Plate03,H11,VC_1526,0.606321151189405,0.0031129618866123,0.017578421983223,Normal
TN-Plate04,H11,VC_2030,1.06672734492088,0.0005673091004962,0.0085083904272547,Normal
TN-Plate07,H11,VC_1240,0.91893673641801,0.0043954405722673,0.0129558380188051,Normal
TN-Plate08,H11,VC_2133,0.794409941027858,0.09291673281721,0.0313739249265481,Normal
TN-Plate09,H11,VC_A0279,0.682918128632821,5.40473576281402e-05,0.045791259112219,Normal
TN-Plate10,H11,VC_0747,1.19220117586921,0.0014032534180105,0.0130817822659276,Normal
TN-Plate11,H11,VC_2425,0.919574112255982,0.22609821783622,0.014974120936961,Dispersal Defect
TN-Plate12,H11,VC_A0050,0.671274700642089,5.92392120833268e-05,0.0073263373561779,Normal
TN-Plate13,H11,VC_0784,0.795646133935325,0.0,0.0078253358964054,Normal
TN-Plate14,H11,VC_1407,1.07646307252137,0.0018340701746249,0.00533086010243,Normal
TN-Plate15,H11,VC_2072,0.0695395674490677,0.0002652235801228,0.0084790643486824,Low Biofilm
TN-Plate16,H11,VC_0927,0.0495834281307991,5.94777866174147e-05,0.004927475286571,Low Biofilm
TN-Plate17,H11,VC_1043,1.20098126272556,0.0028974614295576,0.014189362494621,Normal
TN-Plate18,H11,VC_0161,1.68495719658419,0.957665360069139,0.0098808784555886,High Biofilm
TN-Plate19,H11,VC_1823,0.695251862733947,0.0,0.0059366713611973,Normal
TN-Plate20,H11,VC_0046,0.74694294560289,4.90327598425687e-05,0.0063621464638948,Normal
TN-Plate21,H11,VC_A0193,0.355182790539293,0.0018820573154118,0.0074858529069929,Normal
TN-Plate22,H11,VC_0022,0.993779519487708,0.0076639635017388,0.0149889916893969,Normal
TN-Plate23,H11,VC_A1108,1.12080332485468,0.0033833182349662,0.0101571177370463,Normal
TN-Plate24,H11,VC_0254,0.912342837151731,3.26983921906012e-05,0.0084622352841672,Normal
TN-Plate25,H11,VC_0014,0.776865026283919,0.0,0.0084156593776956,Normal
TN-Plate26,H11,VC_1862,1.04221516091345,5.14461693849743e-05,0.0072521969101574,Normal
TN-Plate28,H11,VC_0538,0.898581764326702,0.0012175451664554,0.0068337237647985,Normal
TN-Plate29,H11,VC_A0016,0.98615315995205,0.044417301628665,0.0066354137008439,Normal
TN-Plate30,H11,VC_1102,0.844922263158127,0.0006756362289029,0.0078397924125182,Normal
TN-Plate31,H11,VC_A0799,0.887942445250758,0.0,0.0055592809199239,Normal
TN-Plate32,H11,VC_2477,0.959379107736549,0.0,0.0051173521955874,Normal
TN-Plate01,H12,VC_A1102,1.06326966094304,0.0084377985335116,0.0199499680840542,Normal
TN-Plate02,H12,VC_1608,1.3261076720752,0.0027673769641439,0.0060606627722533,Normal
TN-Plate07,H12,VC_0910,0.882821388345487,0.0327230302364401,0.0202606173844898,Normal
TN-Plate09,H12,VC_0616,1.00798258835592,0.0004748056130446,0.0617684867638801,Normal
TN-Plate15,H12,VC_A0990,0.774671910760395,0.0002392326947348,0.0345508677388085,Normal
TN-Plate19,H12,VC_2417,0.781971055288043,0.02069521382647,0.0097293260213361,Normal
TN-Plate24,H12,VC_1008,0.907246009451932,0.0043662249487277,0.009550684598663,Normal
TN-Plate25,H12,VC_0866,1.56299274839454,0.0005107854440093,0.0069631842970413,High Biofilm
TN-Plate27,H12,VC_0862,0.96613499023367,0.0,0.0082480625913012,Normal
TN-Plate01,H1,VC_1571,1.25243271803739,0.0228989079666407,0.0244983332932143,Normal
TN-Plate02,H1,VC_1573,0.93009625264471,0.0061773251782591,0.0046022360822404,Normal
TN-Plate03,H1,VC_1556,1.03868518134659,0.0,0.0121593173823044,Normal
TN-Plate04,H1,VC_0812,1.31293228011266,0.0055208156368133,0.0070849047700007,Normal
TN-Plate07,H1,VC_1427,3.03871557886997,2.10105303918124,0.0148247415888931,High Biofilm
TN-Plate08,H1,VC_1923,0.8504852165468,5.64089990826119e-05,0.0191353204582099,Normal
TN-Plate09,H1,VC_0620,0.860853414802209,0.0001633218392922,0.032220151794807,Normal
TN-Plate10,H1,VC_A0018,1.02375947443234,0.0004730206072996,0.0081417418787094,Normal
TN-Plate11,H1,VC_2703,0.975759595429671,0.004868074313985,0.0138048119860467,Normal
TN-Plate12,H1,VC_A0073,0.920857061497232,0.0004031197242599,0.0069281333453862,Normal
TN-Plate13,H1,VC_A0759,1.22458484952434,0.414224752110556,0.0328783769395438,Dispersal Defect
TN-Plate14,H1,VC_A0704,0.9686794007685,0.0002855717531523,0.0074295842649275,Normal
TN-Plate15,H1,VC_A0474,0.867131660736436,7.04069192196555e-05,0.0177095265831918,Normal
TN-Plate16,H1,VC_2224,1.43068819041914,0.0057825886162943,0.0042599375566671,High Biofilm
TN-Plate17,H1,VC_A0527,1.38462153070595,0.0102984339887693,0.0051064890445043,High Biofilm
TN-Plate18,H1,VC_0868,0.944854170452205,0.0008537368505562,0.0055402254851849,Normal
TN-Plate19,H1,VC_A0716,1.19374238451291,0.0007855201407537,0.0047728220244723,Normal
TN-Plate20,H1,VC_2501,1.27591986458172,0.0528496216783392,0.0053321334797581,Normal
TN-Plate21,H1,VC_1816,0.986628198806861,7.85992176470733e-05,0.0056604870867116,Normal
TN-Plate22,H1,VC_1165,1.02120868858182,0.0043044863348659,0.0142896086008652,Normal
TN-Plate23,H1,VC_1866,0.530232303108238,0.0057061177244452,0.0073098324580713,Normal
TN-Plate24,H1,VC_2121,2.67804326268373,0.617727822196052,0.0062787712243474,High Biofilm
TN-Plate25,H1,VC_A1031,2.86302533698863,0.396737865000174,0.0075783988824317,High Biofilm
TN-Plate26,H1,VC_1333,0.960664932617678,0.0003175630436376,0.0111494507669159,Normal
TN-Plate27,H1,VC_0428,0.70671841516668,0.0002504791033068,0.0051371920792012,Normal
TN-Plate28,H1,VC_2521,0.961790304703618,0.0,0.0048004166911795,Normal
TN-Plate29,H1,VC_A1045,0.669074700823917,0.0017622552527944,0.0044076911591251,Normal
TN-Plate30,H1,VC_A0490,1.32549325447841,0.0,0.0060472384317007,Normal
TN-Plate31,H1,VC_0723,1.18124278817017,0.0001087294667883,0.0045513168879311,Normal
TN-Plate32,H1,VC_A0575,0.852933544534814,0.0,0.0049329047920302,Normal
TN-Plate33,H1,VC_0013,1.49539062676975,0.752615525457947,0.0154775896671699,High Biofilm
TN-Plate01,H2,VC_2194,1.00817829174556,0.0032988438761332,0.015863506920308,Normal
TN-Plate02,H2,VC_1733,1.18482987192708,0.0216769944189141,0.0065230399580343,Normal
TN-Plate03,H2,VC_1972,0.920071873451914,0.0289967744369505,0.0084399291127762,Normal
TN-Plate04,H2,VC_1553,0.918694392175912,0.0075990011251106,0.0152079324402672,Normal
TN-Plate08,H2,VC_A0150,0.706732735836724,0.0047961660774731,0.0664654802723936,Normal
TN-Plate09,H2,VC_A0164,0.779116936951839,0.0,0.0322838354386594,Normal
TN-Plate10,H2,VC_0125,0.910674076829428,0.0004909201341069,0.0231882202562061,Normal
TN-Plate11,H2,VC_1469/VC_1475,0.854105718469976,0.0,0.0086842180685123,Normal
TN-Plate12,H2,VC_A1073,1.01235074483161,5.63112929342293e-05,0.0113589774171264,Normal
TN-Plate13,H2,VC_1280,0.69711401442578,0.0001849233341768,0.0348063688358559,Normal
TN-Plate14,H2,VC_0973,1.08063995813926,0.0085377811573611,0.0082327072575677,Normal
TN-Plate15,H2,VC_0120,0.818910204045369,0.0001042023246501,0.0246207290567574,Normal
TN-Plate16,H2,VC_0611,1.27425172970911,0.0254952538711493,0.0043568656486197,Normal
TN-Plate17,H2,VC_0636,1.12697964571569,0.0011557007600675,0.0050124460738037,Normal
TN-Plate18,H2,VC_0405,1.59649125092924,0.207743074946283,0.123056521965779,High Biofilm
TN-Plate19,H2,VC_A0892,1.10292588057155,0.0012556483948164,0.0072114526821922,Normal
TN-Plate20,H2,VC_A0102,0.904429995518286,0.0057659826368662,0.007336995079629,Normal
TN-Plate21,H2,VC_0335,1.10892123402573,0.0030377341081656,0.00522359722436,Normal
TN-Plate22,H2,VC_1819,0.926855182198516,0.0029916977407499,0.050475468270566,Normal
TN-Plate23,H2,VC_0930,1.09548350009979,0.0030116873409191,0.0770667860614149,Normal
TN-Plate24,H2,VC_2550,0.831726695915349,0.0006147038294495,0.0057301670155372,Normal
TN-Plate25,H2,VC_A0690,0.942051148120873,0.000949243324905,0.0168070832267262,Normal
TN-Plate26,H2,VC_A0674,1.2254086491306,0.0002296376111221,0.0082480486652396,Normal
TN-Plate27,H2,VC_A0003,0.865170367581901,0.0005249201105626,0.0058007342956101,Normal
TN-Plate28,H2,VC_0094,0.830558578352725,0.0,0.0060391812961124,Normal
TN-Plate29,H2,VC_2229,0.855421184756578,2.40915142751174e-05,0.0055452810240001,Normal
TN-Plate30,H2,VC_2360,1.1799699008638,0.0002666145862856,0.005409276728417,Normal
TN-Plate31,H2,VC_A0733,0.991721864229606,0.0076859146153939,0.010048189841198,Normal
TN-Plate32,H2,VC_0467,1.10898230609767,0.0,0.0048973933920965,Normal
TN-Plate33,H2,VC_1391,0.918650580987999,0.0303523511420237,0.0161385844683311,Normal
TN-Plate01,H3,VC_2479,0.571381744136832,0.0138362961740039,0.0382499238464223,Normal
TN-Plate02,H3,VC_0055,0.827484778714055,3.75006705243429e-05,0.0061698768935557,Normal
TN-Plate03,H3,VC_0944,1.02548653685655,0.0071746359274629,0.00947402548418,Normal
TN-Plate04,H3,VC_1508,1.19961142102363,0.0004990154302153,0.0032449091167051,Normal
TN-Plate07,H3,VC_1619,0.804601421610092,0.0,0.0069462680834676,Normal
TN-Plate08,H3,VC_1854,1.29402282512688,0.0098665113141734,0.0839630004966167,Normal
TN-Plate09,H3,VC_0089,0.694142410144663,0.0,0.0746588822655467,Normal
TN-Plate10,H3,VC_1640,0.733820327031558,0.0,0.0322724025243901,Normal
TN-Plate11,H3,VC_0993,0.662894000325456,0.0007196108918626,0.0148268135932091,Normal
TN-Plate12,H3,VC_A0915,0.958677506596616,0.0004031606568773,0.0183290408974804,Normal
TN-Plate13,H3,VC_1153,0.876070049720561,0.0008649880669711,0.0119196588644665,Normal
TN-Plate14,H3,VC_2123,2.90313282304212,0.476650788046955,0.0320560489248513,High Biofilm
TN-Plate15,H3,VC_1901,0.944133231709892,0.0053050743832545,0.0161596863236136,Normal
TN-Plate16,H3,VC_1635,1.12022987965218,0.0576820305228189,0.0488313395271106,Normal
TN-Plate17,H3,VC_A0926,1.21599235926624,0.0025978616356005,0.0053851537499891,Normal
TN-Plate18,H3,VC_A0212,1.21850457455562,0.0019137419903561,0.0049632329947942,Normal
TN-Plate19,H3,VC_2524,1.98946170416807,0.0055363719049963,0.009524641028994,High Biofilm
TN-Plate20,H3,VC_2448,0.758706998889279,0.0006386269690976,0.0131896255920525,Normal
TN-Plate21,H3,VC_A0439,0.816940293739527,0.0012636022521906,0.00888980423492,Normal
TN-Plate22,H3,VC_0438,1.09405711881339,0.0028856406958766,0.0109748994181412,Normal
TN-Plate23,H3,VC_2354,0.885407672800039,2.01218802026193e-05,0.0216451666971073,Normal
TN-Plate24,H3,VC_A0047,0.865409220837643,0.0015405165888406,0.0107011773388869,Normal
TN-Plate25,H3,VC_A1110,1.10455376796363,8.56233475362041e-05,0.0065728296103461,Normal
TN-Plate26,H3,VC_1088,0.79553439085082,0.0,0.0109514642509022,Normal
TN-Plate27,H3,VC_A0035,0.897933480982446,0.0,0.0060659666760531,Normal
TN-Plate28,H3,VC_A0506,0.605341157157309,0.0,0.0114480779240997,Normal
TN-Plate30,H3,VC_A0235,0.687687068989086,0.002358672095047,0.0081926032845613,Normal
TN-Plate31,H3,VC_A1010,1.16850447513051,0.0796186675271511,0.0683440281942007,Normal
TN-Plate32,H3,VC_2376,1.28138155751392,0.0160442077552183,0.0054089303766298,Normal
TN-Plate33,H3,VC_0312,0.626546542247528,0.0,0.0186540880931027,Normal
TN-Plate01,H4,VC_1985,0.506550318885853,0.0100757148244334,0.0141223444019231,Normal
TN-Plate02,H4,VC_1338,0.966916400513002,0.0014089008354982,0.0079889730798255,Normal
TN-Plate03,H4,VC_0223,1.70894065821724,1.10471071842859,0.0125153652474461,High Biofilm
TN-Plate04,H4,VC_0604,0.843063683488802,0.0016471247403973,0.0098654532588707,Normal
TN-Plate07,H4,VC_1520,1.17136732347052,0.0051421168909231,0.0060428826504219,Normal
TN-Plate08,H4,VC_0232,0.921142587105607,0.0356559715604476,0.0322425161066017,Normal
TN-Plate09,H4,VC_2517,0.76964355663215,0.0003640817249924,0.0410719038421076,Normal
TN-Plate10,H4,VC_A1095,1.00787875310892,0.0,0.0056426306638178,Normal
TN-Plate11,H4,VC_0208,0.810298128400259,0.0052216252768561,0.0275750714114298,Normal
TN-Plate12,H4,VC_A0699,0.904960698088716,0.0,0.0088888456804188,Normal
TN-Plate13,H4,VC_1966,0.81251790911836,5.54677067941173e-05,0.0176313095524907,Normal
TN-Plate14,H4,VC_A0276,0.946780520215538,0.0002154857198324,0.0056222720909787,Normal
TN-Plate15,H4,VC_A0886,0.804283798417066,1.37600586940176e-05,0.0095137933159539,Normal
TN-Plate16,H4,VC_A0871,1.26505612299091,0.0065543176687249,0.0037142984390332,Normal
TN-Plate17,H4,VC_0684,1.13398010243346,0.0089605287696215,0.006795688016909,Normal
TN-Plate18,H4,VC_2538,1.14080002533544,0.0,0.0056669711780153,Normal
TN-Plate19,H4,VC_0900,1.65584920460027,0.615616428735557,0.0069671831981113,High Biofilm
TN-Plate20,H4,VC_1134,1.06907339126219,0.0006859275656991,0.0056201866955244,Normal
TN-Plate21,H4,VC_0580,1.06647808536544,0.0002304034950082,0.0079341685962704,Normal
TN-Plate22,H4,VC_0799,0.820784994747908,5.60341666882924e-05,0.0490349672948718,Normal
TN-Plate23,H4,VC_A0962,1.0100014764676,0.0020523041850103,0.0154444696793002,Normal
TN-Plate24,H4,VC_0431,1.34468289103219,0.0273352646285544,0.0036162851434295,High Biofilm
TN-Plate25,H4,VC_A0726,1.51407838705448,0.0026755466388418,0.006949290476474,High Biofilm
TN-Plate26,H4,VC_0057,1.00368034230578,0.0061024419331774,0.0076715908683612,Normal
TN-Plate27,H4,VC_0700,0.957826335087686,0.0003198060370648,0.0050976565773306,Normal
TN-Plate28,H4,VC_2264,0.962583653575044,0.0033993134081054,0.0038107628939075,Normal
TN-Plate29,H4,VC_0734,0.743379804289756,0.0348536992476912,0.006849718711889,Normal
TN-Plate30,H4,VC_A0284,0.98312814913981,0.0002706358875854,0.0051757369159457,Normal
TN-Plate31,H4,VC_A1048,0.891127761021501,0.003547546757909,0.0050482016740419,Normal
TN-Plate32,H4,VC_A0944,1.21001772348941,0.0108448049857997,0.0037772268938933,Normal
TN-Plate33,H4,VC_0403,0.792172756638617,0.0001209534721224,0.0090671281689574,Normal
TN-Plate01,H5,VC_2008,1.159383620345,0.0001023911838291,0.0061980658532511,Normal
TN-Plate02,H5,VC_A0880,0.675992049842416,2.64241220559957e-05,0.0165636629955521,Normal
TN-Plate03,H5,VC_1062,0.878610580399815,0.0122183037217906,0.0197639202835566,Normal
TN-Plate04,H5,VC_A0584,0.915455347688769,0.0,0.0051245055958181,Normal
TN-Plate07,H5,VC_1415,0.910502080955081,0.0024795222338158,0.005633052775582,Normal
TN-Plate08,H5,VC_2471,0.718591619928737,0.0007623041046002,0.100227038785169,Normal
TN-Plate09,H5,VC_2510,0.835822139221206,0.000375231107148,0.0509608026209373,Normal
TN-Plate10,H5,VC_0002,0.506688617781313,0.0,0.0223186771282709,Normal
TN-Plate11,H5,VC_1529,0.950773249229088,0.0012666844259116,0.0069536409258481,Normal
TN-Plate12,H5,VC_2041,0.736195165451897,0.0,0.0078356844865002,Normal
TN-Plate13,H5,VC_0163,0.897733888834213,0.000132729268749,0.0062892192005331,Normal
TN-Plate14,H5,VC_A0188,0.891325628383219,1.01509379720459e-05,0.0063263981409905,Normal
TN-Plate15,H5,VC_A0543,0.673216532507701,0.0018238662745058,0.005881913876534,Normal
TN-Plate16,H5,VC_0625,1.25727519874471,0.001203938314248,0.0046185147838982,Normal
TN-Plate17,H5,VC_1599,0.954674276425431,0.0007721098113391,0.0066146777925501,Normal
TN-Plate18,H5,VC_0154,0.823893546392919,0.0074391048633341,0.0044047877892204,Normal
TN-Plate20,H5,VC_A0940,1.63194201337413,0.267485711625353,0.0051690216821964,High Biofilm
TN-Plate21,H5,VC_A0128,0.766142474418429,0.0015328386359142,0.0071245534662594,Normal
TN-Plate22,H5,VC_1205,0.897415009399288,0.0006107022060337,0.0210813826254313,Normal
TN-Plate23,H5,VC_A0580,0.876383697741619,0.0001542374925669,0.0809991768816179,Normal
TN-Plate24,H5,VC_A0695,0.827095101296418,0.0005280774805268,0.0095006353762351,Normal
TN-Plate25,H5,VC_0105,0.9319972867415,0.0013784312505212,0.0101162099596398,Normal
TN-Plate26,H5,VC_0242,0.80619685809388,0.285737943656717,0.0089657707908942,Dispersal Defect
TN-Plate27,H5,VC_A0395,0.903799817221025,0.0002783444950217,0.0059353651789916,Normal
TN-Plate28,H5,VC_2083,0.150594338674737,0.0,0.0050102450595054,Low Biofilm
TN-Plate29,H5,VC_2155,0.721515551039575,0.0665172936910854,0.013243467231334,Normal
TN-Plate30,H5,VC_0036,0.561987089619938,0.0,0.0073280333319026,Normal
TN-Plate31,H5,VC_2057,0.943786324872753,1.42229150202465e-05,0.0057740480334979,Normal
TN-Plate32,H5,VC_1749,0.999320004303165,5.44996837491895e-05,0.0049246672924802,Normal
TN-Plate33,H5,VC_2483,1.19766960617066,0.0001109169281237,0.006011595751272,Normal
TN-Plate02,H6,VC_1275,1.06572885207375,0.0,0.004814755131237,Normal
TN-Plate03,H6,VC_0253,0.886451970214729,0.0443220152596338,0.0108930926668553,Normal
TN-Plate04,H6,VC_2215,0.868573486072599,0.0071984050882613,0.0064653954269888,Normal
TN-Plate07,H6,VC_0582,0.958233126175164,0.0008693748907489,0.009073820563821,Normal
TN-Plate09,H6,VC_1047,0.729827502269899,0.0,0.0957480769083747,Normal
TN-Plate10,H6,VC_2347,0.742653041147605,0.0010812220501406,0.0157511527049427,Normal
TN-Plate11,H6,VC_1082,0.939304567700253,3.07294772344805e-05,0.0184690402661446,Normal
TN-Plate12,H6,VC_A0653,1.03374299794035,9.72562153617436e-05,0.0053248099804605,Normal
TN-Plate13,H6,VC_A0902,0.79516612873328,0.0022839790352997,0.0158195108147594,Normal
TN-Plate14,H6,VC_2320,0.861973646406466,0.0009676426309374,0.0066150186416284,Normal
TN-Plate15,H6,VC_1344,1.01839970992132,0.0009019013305449,0.0046025126646045,Normal
TN-Plate16,H6,VC_0920,0.544989889971446,0.0102046569882701,0.0040181133737857,Normal
TN-Plate17,H6,VC_0819,1.20172583335183,0.0076622259212075,0.0054825089862485,Normal
TN-Plate18,H6,VC_1152,0.976762934536958,0.0145203144970636,0.0058433892036183,Normal
TN-Plate19,H6,VC_0935,0.0718351675372397,0.0009462631531455,0.0079848160586285,Low Biofilm
TN-Plate20,H6,VC_2559,0.727086509085395,0.0025703122181806,0.0074659602269229,Normal
TN-Plate21,H6,VC_0148,1.07684638963905,0.0005476781237917,0.0064229984185373,Normal
TN-Plate22,H6,VC_1084,0.924646185380079,0.020036598886375,0.0588545333543698,Normal
TN-Plate23,H6,VC_1397,0.830978228082717,0.0002438860023275,0.0224222880388298,Normal
TN-Plate24,H6,VC_A0550,0.933537154868264,0.0365946534164642,0.0274773706475159,Normal
TN-Plate25,H6,VC_1442,0.940994639048912,3.88961511328722e-05,0.0149000389000814,Normal
TN-Plate26,H6,VC_0281,0.852195687835038,0.0001387673834656,0.0070606186684047,Normal
TN-Plate27,H6,VC_A0048,0.790922242909026,0.0002779670733679,0.0060041498321738,Normal
TN-Plate28,H6,VC_2749,0.337362528628546,0.0321948471560219,0.0039242397775133,Normal
TN-Plate29,H6,VC_A0139,0.644095672864509,0.0002585437766052,0.0081352808291188,Normal
TN-Plate30,H6,VC_1284,0.631252105405789,0.0012220404449208,0.0065988583368498,Normal
TN-Plate31,H6,VC_1773,0.690010881342602,0.0,0.0071918059967045,Normal
TN-Plate32,H6,VC_0135,0.295330174010127,0.0,0.004726252523319,Low Biofilm
TN-Plate01,H7,VC_A0734,0.971519533080667,0.0,0.0129887079820231,Normal
TN-Plate02,H7,VC_1893,0.97877471272383,0.0016022488714422,0.004731739556398,Normal
TN-Plate03,H7,VC_2200,1.39774273166786,0.0336120942880104,0.0051145204443666,High Biofilm
TN-Plate04,H7,VC_1151,1.02404256447251,0.0005713606175479,0.0046101727502155,Normal
TN-Plate07,H7,VC_0583,0.883023265353022,0.0,0.0141504930621699,Normal
TN-Plate08,H7,VC_1670,0.752389590119931,0.0003997876606287,0.100015734936442,Normal
TN-Plate09,H7,VC_2241,0.885093448385416,0.0010564055011939,0.059620944496519,Normal
TN-Plate10,H7,VC_A0450,0.868099863009991,0.0,0.0100232144472813,Normal
TN-Plate11,H7,VC_0714,0.730324077950274,0.0,0.0108772572569162,Normal
TN-Plate12,H7,VC_A0331,0.963816366111618,0.0,0.0061403283416963,Normal
TN-Plate13,H7,VC_0792,0.968110919250253,0.0049394787585749,0.0087432429456259,Normal
TN-Plate14,H7,VC_A0829,1.01092241391336,0.0009215800631951,0.0076491997584746,Normal
TN-Plate15,H7,VC_A0549,0.815236898134665,0.0001163540200952,0.0063517468829101,Normal
TN-Plate16,H7,VC_2085,1.15053811464822,0.0033977525551697,0.0041630100274184,Normal
TN-Plate17,H7,VC_A0644,1.09018927271195,0.0006077433567743,0.0058988109348589,Normal
TN-Plate18,H7,VC_A1023,1.22085036798223,0.0076891390428041,0.0091187361217125,Normal
TN-Plate19,H7,VC_1186,0.97983758685831,0.0072901632778438,0.004951406206479,Normal
TN-Plate20,H7,VC_0448,0.977708530077462,0.0066114842932649,0.0075368650648685,Normal
TN-Plate21,H7,VC_A0740,1.11315018341475,0.0058813402483977,0.005342356527905,Normal
TN-Plate22,H7,VC_A0233,0.985103955163784,0.0023685731357344,0.020340267444743,Normal
TN-Plate23,H7,VC_1057,0.905001976641549,0.0018785052361668,0.0156238848257335,Normal
TN-Plate24,H7,VC_A0772,0.840595857470565,0.0015381914453511,0.0072176756489506,Normal
TN-Plate25,H7,VC_0145,0.955431747781167,0.0,0.0098926807892838,Normal
TN-Plate26,H7,VC_2464,0.983853595146247,0.0010578100126964,0.007698259477608,Normal
TN-Plate28,H7,VC_2363,1.10051479547947,0.0012467827489148,0.0053099519986338,Normal
TN-Plate29,H7,VC_A0056,0.82939723695628,0.0284442961789393,0.0055667746641716,Normal
TN-Plate30,H7,VC_0847,0.663388806590035,0.0012469931063599,0.0095307229683827,Normal
TN-Plate31,H7,VC_0964,0.929040422072056,0.0011166218802757,0.0046901173301424,Normal
TN-Plate32,H7,VC_2009,1.12971660919818,6.94996343104202e-05,0.0053126708537051,Normal
TN-Plate01,H8,VC_1558,1.13006064464807,0.0063821399996273,0.009072174573764,Normal
TN-Plate02,H8,VC_1085,0.833362422139018,5.33400681860867e-05,0.0048056100878751,Normal
TN-Plate03,H8,VC_0626,0.735267505008466,0.0017162755057425,0.0492665198073839,Normal
TN-Plate04,H8,VC_0744,0.926485543379942,0.0007603621496918,0.0107256467483811,Normal
TN-Plate07,H8,VC_A0758,0.957516060561274,0.0,0.0062867495071917,Normal
TN-Plate08,H8,VC_1743,0.669434002660869,0.0009355473336028,0.112240789989735,Normal
TN-Plate09,H8,VC_0483,0.862208590299036,0.0005499173284807,0.0191362239959783,Normal
TN-Plate10,H8,VC_A0185,0.784739895361448,0.0007846856563859,0.0108847552930606,Normal
TN-Plate11,H8,VC_1317,0.901547888373554,0.0001283490566651,0.0444100263792715,Normal
TN-Plate12,H8,VC_2303,0.86527295328444,0.0,0.0089753729864953,Normal
TN-Plate13,H8,VC_A0518,0.990716162086742,0.0007981659636338,0.0096266952403819,Normal
TN-Plate14,H8,VC_A0679,0.848679466026613,0.0,0.0061213752656664,Normal
TN-Plate15,H8,VC_0288,0.750961631060444,0.0001687399076827,0.01177974046727,Normal
TN-Plate16,H8,VC_A1099,1.53780223345724,0.174818394191671,0.0041781964087842,High Biofilm
TN-Plate17,H8,VC_2287,1.21623126971947,0.0028825205605225,0.0067137489213137,Normal
TN-Plate18,H8,VC_1295,1.40572059506637,0.0763286330851195,0.0041933136874193,High Biofilm
TN-Plate19,H8,VC_1731,1.11395787363672,0.0011587458524325,0.0046348606898522,Normal
TN-Plate20,H8,VC_A0825,1.07437092429674,0.169947010637223,0.0051996408961398,Dispersal Defect
TN-Plate21,H8,VC_1753,0.984562437628645,0.0013886873754729,0.0068860522725183,Normal
TN-Plate22,H8,VC_A0044,0.9795679624623,0.0024334257692635,0.0110152810065324,Normal
TN-Plate23,H8,VC_A0379,0.835627677259889,0.0140351667590353,0.0315631446435809,Normal
TN-Plate24,H8,VC_A0851,0.990291254605346,0.049681644457212,0.0413615758046641,Normal
TN-Plate25,H8,VC_A0480,0.959507986601468,0.0081957205461121,0.0136512757922081,Normal
TN-Plate26,H8,VC_1046,0.963023924738276,0.0010405535088705,0.0108146756499015,Normal
TN-Plate27,H8,VC_2441,1.44491768976373,0.0654667397421508,0.0065597222528122,High Biofilm
TN-Plate28,H8,VC_2518,0.953222126430341,0.0,0.0087347752573625,Normal
TN-Plate29,H8,VC_0791,0.856094092359521,0.0032431055193194,0.0096473931546953,Normal
TN-Plate30,H8,VC_2208,2.3263125223236,0.0436622596355955,0.0072464745753706,High Biofilm
TN-Plate31,H8,VC_2115,0.994168583967801,6.65301542196572e-05,0.0045585925478071,Normal
TN-Plate32,H8,VC_1071,1.07780143750068,0.0,0.0052692618761934,Normal
TN-Plate33,H8,VC_0665,0.822063487081595,0.0006415673769077,0.0187070732781528,Normal
TN-Plate01,H9,VC_0073,0.919363748260192,0.13896262879639,0.0065592556314208,Dispersal Defect
TN-Plate02,H9,VC_A0220,0.921207749030965,0.0001851983951338,0.0061984902994919,Normal
TN-Plate03,H9,VC_1869,0.936759449044133,0.0004443606302904,0.0177968711837386,Normal
TN-Plate04,H9,VC_1273,0.969486832489315,0.0020428591011757,0.015577665275812,Normal
TN-Plate07,H9,VC_2661,0.43293458203882,0.0,0.0152819000937789,Normal
TN-Plate08,H9,VC_1443,0.90227670175465,0.0,0.0427110089094526,Normal
TN-Plate09,H9,VC_0282,0.815313982851258,0.0002623346650521,0.0187305246913882,Normal
TN-Plate10,H9,VC_0174,1.03561143258251,0.0008781607156921,0.0057893917593982,Normal
TN-Plate11,H9,VC_2043,0.732434199516439,0.0002813618967527,0.0073915173257623,Normal
TN-Plate12,H9,VC_1595,0.89206009911485,3.41364597068127e-06,0.0093127291251867,Normal
TN-Plate13,H9,VC_A0380,1.11835870744075,0.0046467303455847,0.0060132497811253,Normal
TN-Plate14,H9,VC_A0624,0.849874531768085,0.0005820054464144,0.006708202802729,Normal
TN-Plate15,H9,VC_A0658,0.899361122563979,0.0008662134804995,0.0054208090312648,Normal
TN-Plate16,H9,VC_A0712,1.24449510657555,0.0029418976199595,0.0039873738573451,Normal
TN-Plate19,H9,VC_1583,0.757620373978451,0.0004918195476129,0.0067715640992769,Normal
TN-Plate20,H9,VC_0172,0.900951955809583,0.000185200178693,0.0055749272972633,Normal
TN-Plate21,H9,VC_0487,1.50012478235309,0.0004237417561832,0.0063244319303136,High Biofilm
TN-Plate22,H9,VC_1772,1.14737933405419,0.0050085716742909,0.011211213031716,Normal
TN-Plate23,H9,VC_A0024,0.972495488763268,0.0015908899396811,0.0150166184465641,Normal
TN-Plate24,H9,VC_1805,0.711269822670977,0.0,0.0078625208191199,Normal
TN-Plate25,H9,VC_2761,0.858139687729784,0.0032364453791796,0.0115978069321248,Normal
TN-Plate26,H9,VC_0351,1.09719653562812,0.0008168630511346,0.0072759336651819,Normal
TN-Plate27,H9,VC_2365,0.818933475781455,0.0001598419488097,0.0070734798535179,Normal
TN-Plate28,H9,VC_2048,1.16936432404175,0.0018914232136044,0.0057978139829378,Normal
TN-Plate29,H9,VC_2349,0.755310326384526,0.0178685892370453,0.0073820679473076,Normal
TN-Plate30,H9,VC_1779,0.732766305539394,0.0005364919408404,0.0091123814512725,Normal
TN-Plate31,H9,VC_2650,1.09426140199875,0.0725774522924822,0.0411077666909179,Normal
TN-Plate32,H9,VC_2330,0.803762377209083,0.0015686928693315,0.0058415539357734,Normal
TN-Plate33,H9,VC_1971,0.805532208389433,0.0077210433413725,0.0097232744201584,Normal
