locus,oldLocus,gene,description,logFC,qvalue
VC_RS00005,VC0002; VC_0002,mioC,FMN-binding protein MioC,1.09425893120968,5.55661081113492e-05
VC_RS00010,VC0003; VC_0003,mnmE,tRNA uridine-5-carboxymethylaminomethyl(34) synthesis GTPase MnmE,0.115309961399798,0.466803187438602
VC_RS00015,VC0004; VC_0004,yidC,membrane protein insertase YidC,-1.47661213583609,2.05266420216631e-06
VC_RS00020,VC0005; VC_0005,yidD,membrane protein insertion efficiency factor YidD,-1.92201333735284,6.05859493220192e-06
VC_RS00025,VC0006; VC_0006,rnpA,ribonuclease P protein component,-1.60293034225172,0.0005216296478157
VC_RS00030,VC0007; VC_0007,rpmH,50S ribosomal protein L34,-1.36997323293081,0.0002933859688521
VC_RS00035,VC0008; VC_0008,,amino acid ABC transporter ATP-binding protein,0.623095868106308,0.0378077828846452
VC_RS00040,VC0009; VC_0009,,amino acid ABC transporter permease,-0.197316858968717,0.584739577760816
VC_RS00045,VC0010; VC_0010,,amino acid ABC transporter substrate-binding protein,0.337157879572095,0.405661562637034
VC_RS00050,VC0012; VC_0012,dnaA,chromosomal replication initiator protein DnaA,-0.62323248944928,0.000587135070817
VC_RS00055,VC0013; VC_0013,dnaN,DNA polymerase III subunit beta,-0.933971463237968,0.0005146479917826
VC_RS00060,VC0014; VC_0014,recF,DNA replication/repair protein RecF,-0.777028642546723,9.13795265688836e-05
VC_RS00065,VC0015; VC_0015,gyrB,DNA topoisomerase (ATP-hydrolyzing) subunit B,-0.446282870319219,0.0211645157140517
VC_RS00070,VC0015a; VC_0016,,hypothetical protein,-1.08788880869012,0.0025486802597199
VC_RS00075,VC0018; VC_0018,,Hsp20 family protein,3.60791603258142,5.95561873901449e-05
VC_RS00080,VC0019; VC_0019,,valine--pyruvate transaminase,-0.184804169277967,0.3389141619693
VC_RS00085,VC0020; VC_0020,glyS,glycine--tRNA ligase subunit beta,-0.337615305728785,0.0606254374798072
VC_RS00090,VC0021; VC_0021,glyQ,glycine--tRNA ligase subunit alpha,-0.626526035280697,0.0016998866727289
VC_RS00095,VC0022; VC_0022,,TMEM165/GDT1 family protein,-1.03619726696858,0.0005362384443852
VC_RS00100,VC0023; VC_0023,,hypothetical protein,-0.586128314596112,0.132900448790232
VC_RS00105,VC0024; VC_0024,tusA,sulfurtransferase TusA,0.135149289732924,0.483023313151371
VC_RS00110,VC0025; VC_0025,,hypothetical protein,-0.637825472586482,0.0786778375172518
VC_RS00115,VC0026; VC_0026,,MDR family oxidoreductase,0.402341447924295,0.138191032827869
VC_RS00120,VC0027; VC_0027,ilvA,"threonine ammonia-lyase, biosynthetic",0.532963503362379,0.0397181523652342
VC_RS00125,VC0028; VC_0028,ilvD,dihydroxy-acid dehydratase,0.757461689803085,0.128689986269477
VC_RS00130,VC0029; VC_0029,ilvE,branched-chain-amino-acid transaminase,0.405774849457139,0.0903678838941056
VC_RS00135,VC0030; VC_0030,ilvM,acetolactate synthase 2 small subunit,-0.359635554394694,0.276323906840153
VC_RS00140,VC0031; VC_0031,ilvG,acetolactate synthase 2 catalytic subunit,0.176717699238611,0.476701331457602
VC_RS00145,VC0032; VC_0032,,YifB family Mg chelatase-like AAA ATPase,0.991082240818657,0.0011624697687432
VC_RS00150,VC0033; VC_0033,,acyltransferase,0.789705285794255,0.0045115806624605
VC_RS00155,VC0034; VC_0034,,thiol:disulfide interchange protein DsbA/DsbL,0.0368259904179822,0.896557684458452
VC_RS00160,VC0035; VC_0035,,serine/threonine protein kinase,-1.16453369143991,5.41427002462465e-06
VC_RS00165,VC0036; VC_0036,ccoG,cytochrome c oxidase accessory protein CcoG,0.0485568231908237,0.816778091256085
VC_RS00170,VC0037; VC_0037,,YihD family protein,0.103619301005623,0.734031709404684
VC_RS00175,VC0039; VC_0039,,sporulation protein,1.36638265006633,2.4707721910683e-06
VC_RS00180,VC0040; VC_0040,,PAQR family membrane homeostasis protein TrhA,-0.583323801342789,0.0662924162280496
VC_RS00185,VC0041; VC_0041,,DUF3157 family protein,-0.475808797301811,0.0256634872710272
VC_RS00190,VC0042; VC_0042,,TrkH family potassium uptake protein,-0.50777223191114,0.0143348108221124
VC_RS00195,VC0043; VC_0043,trkA,Trk system potassium transporter TrkA,-0.272653183922045,0.193285462570333
VC_RS00200,VC0044; VC_0044,rsmB,16S rRNA (cytosine(967)-C(5))-methyltransferase RsmB,-0.686624758261012,0.0002245425613606
VC_RS00205,VC0045; VC_0045,fmt,methionyl-tRNA formyltransferase,-0.628940176393349,0.0026464932912249
VC_RS00210,VC0046; VC_0046,def,peptide deformylase,-0.136581500839683,0.423937676060046
VC_RS00215,VC0047; VC_0047,,LysM peptidoglycan-binding domain-containing protein,0.609141043965193,0.0058761526763499
VC_RS00220,VC0048; VC_0048,dprA,DNA-processing protein DprA,-0.421788378512767,0.344460178518014
VC_RS00225,VC0049; VC_0049,,DUF494 family protein,-0.310826362365298,0.179907777617588
VC_RS00230,VC0050; VC_0050,,DNA topoisomerase family protein,0.198861524561253,0.768474110098611
VC_RS00235,VC0051; VC_0051,,5-(carboxyamino)imidazole ribonucleotide synthase,-1.9792073654582,4.05818789078146e-06
VC_RS00240,VC0052; VC_0052,purE,5-(carboxyamino)imidazole ribonucleotide mutase,-2.01279556678676,1.6550548014643e-05
VC_RS00245,VC0054; VC_0054,,L-threonylcarbamoyladenylate synthase,0.520649213195423,0.190081347062787
VC_RS00250,VC0055; VC_0055,hemF,oxygen-dependent coproporphyrinogen oxidase,-0.393566760137558,0.325559089197405
VC_RS00255,VC0056; VC_0056,aroE,shikimate dehydrogenase,-0.270342781438854,0.126694851704823
VC_RS00260,VC0057; VC_0057,,DUF1488 domain-containing protein,-0.277546007314852,0.215548848726896
VC_RS00265,VC0058; VC_0058,,gamma carbonic anhydrase family protein,0.941888480293774,6.87928128540211e-05
VC_RS00300,VC0060; VC_0060,crcB,fluoride efflux transporter CrcB,0.0085193303897208,0.972028226977391
VC_RS00305,VC0061; VC_0061,thiC,phosphomethylpyrimidine synthase ThiC,-0.0293317008512382,0.898707888361565
VC_RS00310,VC0062; VC_0062,,thiamine phosphate synthase,-0.102630117943818,0.51015362335811
VC_RS00315,VC0063; VC_0063,thiF,thiazole biosynthesis adenylyltransferase ThiF,0.15717221283828,0.446441352377801
VC_RS00320,VC0064; VC_0064,thiS,sulfur carrier protein ThiS,0.231377937734573,0.365349497939183
VC_RS00325,VC0065; VC_0065,,thiazole synthase,0.335506757932857,0.0994903136406266
VC_RS00330,VC0066; VC_0066,thiH,2-iminoacetate synthase ThiH,-0.270805011155195,0.489148276792524
VC_RS00335,VC0067; VC_0067,,aminopeptidase P family protein,-0.385970736698755,0.127171732957893
VC_RS00340,VC0068; VC_0068,,LysR substrate-binding domain-containing protein,-1.03902777432431,0.001098565535502
VC_RS00345,VC0069; VC_0069,,multidrug effflux MFS transporter,-1.06964451523146,0.0001785961336847
VC_RS00350,VC0070; VC_0070,,hypothetical protein,-0.586872517105065,0.0455661562606459
VC_RS00355,VC0071; VC_0071,asnC,transcriptional regulator AsnC,0.0822372368776037,0.650962606581634
VC_RS00360,VC0072; VC_0072,,sensor domain-containing protein,-0.351380465182542,0.0652326786246321
VC_RS00365,VC0073; VC_0073,,class I SAM-dependent methyltransferase,-0.677759557249193,0.0004322128372494
VC_RS00370,VC0074; VC_0074,,hypothetical protein,-0.157349044566687,0.528159653571868
VC_RS00375,VC0075; VC_0075,,carboxylate/amino acid/amine transporter,0.341325776654791,0.0525486019041863
VC_RS00380,VC0076; VC_0076,uspA,universal stress protein UspA,1.38951048442757,4.85588643246873e-05
VC_RS00385,VC0078; VC_0078,ftnA,non-heme ferritin,0.965253216311348,0.0002515833097992
VC_RS00390,VC0079; VC_0079,uspB,universal stress protein UspB,-0.0830549765317785,0.706399012460672
VC_RS00395,VC0080; VC_0080,,NAD(P)/FAD-dependent oxidoreductase,-1.17675366910825,0.0039744249634818
VC_RS00400,VC0081; VC_0081,,DMT family transporter,0.193499686243313,0.477878502094137
VC_RS00405,VC0082; VC_0082,rmuC,DNA recombination protein RmuC,-0.29833137411458,0.0614207247960346
VC_RS00410,VC0083; VC_0083,ubiE,"bifunctional demethylmenaquinone methyltransferase/2-methoxy-6-polyprenyl-1,4-benzoquinol methylase UbiE",-0.224878266505019,0.131166069502836
VC_RS00415,VC0084; VC_0084,,ubiquinone biosynthesis accessory factor UbiJ,-0.168145294666572,0.892961545677304
VC_RS00420,VC0085; VC_0085,ubiB,ubiquinone biosynthesis regulatory protein kinase UbiB,0.0475037394101019,0.734031709404684
VC_RS00425,VC0086; VC_0086,tatA,Sec-independent protein translocase subunit TatA,-2.11074060077722,0.0036664726337963
VC_RS00430,VC0087; VC_0087,tatB,Sec-independent protein translocase protein TatB,0.215495665143203,0.354854447288328
VC_RS00435,VC0088; VC_0088,tatC,twin-arginine translocase subunit TatC,-0.596539280212865,0.0013515664648998
VC_RS00440,VC0089; VC_0089,,cytochrome-c peroxidase,2.37946101607013,9.30001140743815e-05
VC_RS00445,VC0090; VC_0090,dinF,MATE family efflux transporter DinF,-1.09155359052227,0.0004369154375367
VC_RS00450,VC0091; VC_0091,,class I SAM-dependent methyltransferase,-1.25787978650991,3.2664778113148e-05
VC_RS00455,VC0092; VC_0092,lexA,transcriptional repressor LexA,-0.859390155089489,0.003159055234673
VC_RS00460,VC0093; VC_0093,plsB,glycerol-3-phosphate 1-O-acyltransferase PlsB,-1.08373241346729,2.27441344723337e-05
VC_RS00465,VC0094; VC_0094,ubiA,4-hydroxybenzoate octaprenyltransferase,-0.797735915917067,0.0001159446482082
VC_RS00470,VC0095; VC_0095,,chorismate lyase,-0.884985237515377,0.0020931226749489
VC_RS00475,VC0097; VC_0097,,flagellar basal body-associated protein FliL,-0.0467542691592366,0.805829863153782
VC_RS00480,VC0098; VC_0098,,methyl-accepting chemotaxis protein,-0.123619672743703,0.571873644710821
VC_RS00485,VC0099; VC_0099,glpG,rhomboid family intramembrane serine protease GlpG,-0.43760588801044,0.0620660020286353
VC_RS00490,VC0100; VC_0100,glpE,thiosulfate sulfurtransferase GlpE,-0.426882156954798,0.251165908318674
VC_RS00495,VC0103; VC_0103,,TatD family hydrolase,-0.21468123096413,0.265191484021222
VC_RS00500,VC0105; VC_0105,hemB,porphobilinogen synthase,0.783417480809287,0.0004137798553255
VC_RS00505,VC0106; VC_0106,,GNAT family N-acetyltransferase,-0.238470186385624,0.258245700869279
VC_RS00510,VC0108; VC_0108,polA,DNA polymerase I,-0.927880762206137,0.0001683835231367
VC_RS00515,VC0111; VC_0111,yihA,ribosome biogenesis GTP-binding protein YihA/YsxC,-0.284391314394084,0.155517469343937
VC_RS00520,VC0112; VC_0112,,c-type cytochrome,0.389635751101758,0.0915715006481193
VC_RS00525,VC0113; VC_0113,,class I SAM-dependent methyltransferase,-1.3254077068963,5.55402654308271e-05
VC_RS00530,VC0114; VC_0114,yihI,Der GTPase-activating protein YihI,-0.993454831844059,5.60470423612531e-05
VC_RS00535,VC0115; VC_0115,,DUF2489 domain-containing protein,-1.31072301882905,4.71894056917855e-05
VC_RS00540,VC0116; VC_0116,hemN,oxygen-independent coproporphyrinogen III oxidase,-0.303701265593819,0.0486225951801079
VC_RS00545,VC0117; VC_0117,,heme biosynthesis protein HemY,-0.219429778158471,0.236507786511298
VC_RS00550,VC0118; VC_0118,,uroporphyrinogen-III C-methyltransferase,-0.252957868867733,0.1304114069897
VC_RS00555,VC0119; VC_0119,,uroporphyrinogen-III synthase,-0.232605012466765,0.253815565859851
VC_RS00560,VC0120; VC_0120,hemC,hydroxymethylbilane synthase,-0.210017437806728,0.10817683883273
VC_RS00565,VC0122; VC_0122,,class I adenylate cyclase,-0.438880168952661,0.264332925097475
VC_RS00570,VC0123; VC_0123,cyaY,iron donor protein CyaY,-0.0843472227645013,0.7225887619894
VC_RS00575,VC0124; VC_0124,,LPS translocon maturation chaperone LptM,-0.624711429661219,0.106430698700143
VC_RS00580,VC0125; VC_0125,lysA,diaminopimelate decarboxylase,0.038634141322213,0.869276811061919
VC_RS00585,VC0126; VC_0126,dapF,diaminopimelate epimerase,0.232635207978557,0.294018672926129
VC_RS00590,VC0127; VC_0127,,DUF484 family protein,0.377837501115627,0.0333193383634602
VC_RS00595,VC0128; VC_0128,xerC,tyrosine recombinase XerC,0.162645882323291,0.386924867476627
VC_RS00600,VC0129; VC_0129,yigB,5-amino-6-(5-phospho-D-ribitylamino)uracil phosphatase YigB,0.327119160030931,0.197109561712441
VC_RS00605,VC0130; VC_0130,cdpA,cyclic di-GMP phosphodiesterase CdpA,-0.469106093856157,0.0105408562690706
VC_RS00610,VC0131; VC_0131,,tRNA-uridine aminocarboxypropyltransferase,0.563193117794648,0.023568132203248
VC_RS00615,VC0132; VC_0132,,COG3650 family protein,0.0863549082220883,0.60583871105247
VC_RS00620,VC0134; VC_0134,,Cof-type HAD-IIB family hydrolase,1.00637206955057,0.000944222280545
VC_RS00625,VC0135; VC_0135,,alpha/beta fold hydrolase,-0.360050600882119,0.0267453229973069
VC_RS00630,VC0136; VC_0136,rhtB,homoserine/homoserine lactone efflux protein,0.256249733919529,0.627034814753125
VC_RS00635,VC0137; VC_0137,,EAL and HDOD domain-containing protein,-0.390648055311302,0.366633479802831
VC_RS00640,VC0139; VC_0139,,Dps family protein,0.974534968334025,0.003366655284521
VC_RS00645,VC0140; VC_0140,,DUF2500 domain-containing protein,-0.835975278081283,0.006090390583122
VC_RS00650,VC0142; VC_0142,,DUF4145 domain-containing protein,-1.93945615744698,0.0367011920789304
VC_RS00655,VC0143; VC_0143,,hypothetical protein,-1.24633279807397,0.0121527868746306
VC_RS00660,VC0144; VC_0144,,lysoplasmalogenase,-0.438512459113467,0.115049917108077
VC_RS00665,VC0145; VC_0145,,DUF1145 domain-containing protein,0.332391481033612,0.329188350110426
VC_RS00670,VC0146; VC_0146,rsmD,16S rRNA (guanine(966)-N(2))-methyltransferase RsmD,0.114898159346695,0.503920695036529
VC_RS00675,VC0147; VC_0147,ftsY,signal recognition particle-docking protein FtsY,0.0767911536793773,0.651541893256321
VC_RS00680,VC0148; VC_0148,ftsE,cell division ATP-binding protein FtsE,0.136848715739433,0.448294543516234
VC_RS00685,VC0149; VC_0149,ftsX,permease-like cell division protein FtsX,0.311604269283475,0.0594454832031405
VC_RS00690,VC0150; VC_0150,rpoH,RNA polymerase sigma factor RpoH,1.18438486255669,1.45903588099903e-05
VC_RS00695,VC0151; VC_0151,sthA,Si-specific NAD(P)(+) transhydrogenase,-0.165804930126844,0.434331762365452
VC_RS00700,VC0152; VC_0152,fabR,HTH-type transcriptional repressor FabR,0.148594829186501,0.388544075829323
VC_RS00705,VC0153; VC_0153,,YijD family membrane protein,0.283278826168909,0.176292583988007
VC_RS00710,VC0154; VC_0154,trmA,tRNA (uridine(54)-C5)-methyltransferase TrmA,-0.336491539885922,0.114901067209088
VC_RS00715,VC0156; VC_0156,btuB,TonB-dependent vitamin B12 receptor,-1.68674009915491,1.46036386848542e-06
VC_RS00720,VC0157; VC_0157,,S8 family peptidase,4.29413105122835,4.02864042476592e-07
VC_RS00725,VC0158; VC_0158,murI,glutamate racemase,0.0286032956290411,0.889518715060614
VC_RS00730,VC0159; VC_0159,,RNA recognition motif domain-containing protein,0.161161434736852,0.483824504739185
VC_RS00760,VC0161; VC_0161,ilvY,HTH-type transcriptional activator IlvY,-1.06730059224068,0.0003974987975839
VC_RS00765,VC0162; VC_0162,ilvC,ketol-acid reductoisomerase,-1.1544551396064,6.32261884113722e-05
VC_RS00770,VC0163; VC_0163,,ubiquinone biosynthesis accessory factor UbiK,-0.271451744338598,0.261172577459198
VC_RS00775,VC0164; VC_0164,vexB,multidrug efflux RND transporter permease subunit VexB,-0.49489536317455,0.0181816263794308
VC_RS00780,VC0165; VC_0165,vexA,multidrug efflux RND transporter periplasmic adaptor subunit VexA,-0.865369498500618,0.0004144521515021
VC_RS00785,VC0166; VC_0166,vexR,TetR family transcriptional regulator VexR,-0.603126534678876,0.0050882905801135
VC_RS00790,VC0167; VC_0167,rep,DNA helicase Rep,0.526621495641584,0.0027416558325479
VC_RS00795,VC0168; VC_0168,,c-type cytochrome,0.566935219773496,0.0084693843971644
VC_RS00830,VC0170; VC_0170,,dipeptide ABC transporter ATP-binding protein,-0.173477993980934,0.469470897841054
VC_RS00835,VC0171; VC_0171,,ABC transporter substrate-binding protein,0.0765627377068866,0.845400151848014
VC_RS00840,VC0172; VC_0172,,ABC transporter permease,-0.76286081146183,0.0333193383634602
VC_RS00845,VC0173; VC_0173,,ABC transporter permease,-0.369508499212523,0.205151710562887
VC_RS00850,VC0174; VC_0174,,SPOR domain-containing protein,0.602554504851405,0.0085608919922593
VC_RS00855,VC0175; VC_0175,,anti-phage dCTP deaminase,-1.60083614608256,0.0005432844065148
VC_RS00860,,,hypothetical protein,-2.42153678916771,0.0005094647887256
VC_RS00865,VC0176; VC_0176,,helix-turn-helix domain-containing protein,-0.138845084445613,0.637611905646789
VC_RS00870,VC0177; VC_0177,vspR,transcriptional regulator VspR,-0.677993737987938,0.0364564545109089
VC_RS00875,,,hypothetical protein,-0.308696648844977,0.620874036757911
VC_RS00880,VC0178; VC_0178,,CBASS cGAMP-activated phospholipase,-0.389067359983342,0.410225469972881
VC_RS00885,VC0179; VC_0179,dncV,cyclic AMP-GMP synthase,0.563546383614841,0.0241641220847693
VC_RS00890,VC0180; VC_0180,,E2/UBC family protein,0.401295053363723,0.432946237797054
VC_RS00895,VC0181; VC_0181,,CBASS system CD-NTase/cGAS isopeptidase Cap3,-0.0999806660896306,0.765322270523878
VC_RS00900,VC0182; VC_0182,,hypothetical protein,-0.925905564773113,0.0429292250819372
VC_RS00905,VC0183; VC_0183,,hypothetical protein,-1.05888168499512,0.0002655550199945
VC_RS00910,VC0184; VC_0184,,hypothetical protein,-1.89787333871921,0.0004692839262232
VC_RS00915,VC0185; VC_0185,,site-specific integrase,-0.682102748641788,0.0632178750451823
VC_RS00920,VC0186; VC_0186,gorA,glutathione-disulfide reductase,0.555811896193553,0.0061131590617487
VC_RS00925,VC0187; VC_0187,,23S rRNA (adenine(2030)-N(6))-methyltransferase RlmJ,0.18497657960297,0.253387976680315
VC_RS00930,VC0188; VC_0188,prlC,oligopeptidase A,3.49073070127471,1.28590142719752e-07
VC_RS00935,VC0190; VC_0190,uvrD,DNA helicase II,0.153858991109912,0.351072097723692
VC_RS00940,VC0191; VC_0191,,LysE family translocator,0.471066981818667,0.0699407021830591
VC_RS00945,VC0192; VC_0192,,AraC family transcriptional regulator,0.414840696920565,0.0845574522099074
VC_RS00950,VC0194; VC_0194,ggt,gamma-glutamyltransferase,-0.38421552769965,0.449594487147729
VC_RS00955,VC0195; VC_0195,rarD,EamA family transporter RarD,-1.35355564297894,0.0004745103374249
VC_RS00960,VC0196; VC_0196,recQ,ATP-dependent DNA helicase RecQ,-0.347064648969631,0.0301738291292256
VC_RS00965,VC0197; VC_0197,,DUF3630 family protein,-0.190628773783684,0.365672410343443
VC_RS00970,VC0198; VC_0198,,hypothetical protein,-0.802052683821678,0.0107675316353078
VC_RS00975,VC0199; VC_0199,,ABC transporter ATP-binding protein,0.169895908981007,0.345809869782422
VC_RS00980,VC0200; VC_0200,fhuA,TonB-dependent siderophore receptor FhuA,0.250904936944047,0.27087741753565
VC_RS00985,VC0201; VC_0201,,ABC transporter ATP-binding protein,-0.10026823266216,0.723468265284746
VC_RS00990,VC0202; VC_0202,,iron-siderophore ABC transporter substrate-binding protein,-0.0894259602088934,0.71332144211945
VC_RS00995,VC0203; VC_0203,fhuB,Fe(3+)-hydroxamate ABC transporter permease FhuB,0.614371729390796,0.0177999642224451
VC_RS01000,VC0204; VC_0204,,MurR/RpiR family transcriptional regulator,-0.145460526054316,0.596037049009096
VC_RS01005,VC0206; VC_0206,murQ,N-acetylmuramic acid 6-phosphate etherase,0.246220002705602,0.464936221663458
VC_RS01010,VC0207; VC_0207,murP,PTS N-acetylmuramic acid transporter subunit IIBC,-0.0809027588935554,0.826980469530118
VC_RS01015,VC0208; VC_0208,,TIGR00645 family protein,-0.206075625206052,0.192931002953884
VC_RS01020,VC0209; VC_0209,,YicC/YloC family endoribonuclease,-0.547668330266141,0.0022753840639522
VC_RS01025,VC0210; VC_0210,rph,ribonuclease PH,0.120622806088074,0.48166384846928
VC_RS01030,VC0211; VC_0211,pyrE,orotate phosphoribosyltransferase,0.976100091285001,0.0009349510949344
VC_RS01035,VC0212; VC_0212,lpxN,lipid A biosynthesis myristoyltransferase LpxN,0.201757629277852,0.246309959093664
VC_RS01040,VC0213; VC_0213,,Kdo(2)-lipid IV(A) acyltransferase,-0.0991827245521059,0.627034814753125
VC_RS01045,VC0214; VC_0214,slmA,nucleoid occlusion factor SlmA,0.124730694961092,0.546313785039616
VC_RS01050,,,hypothetical protein,-0.388686545213604,0.406947355798738
VC_RS01055,VC0215; VC_0215,coaBC,bifunctional phosphopantothenoylcysteine decarboxylase/phosphopantothenate--cysteine ligase CoaBC,0.153919275446131,0.358575888587001
VC_RS01060,VC0216; VC_0216,,methyl-accepting chemotaxis protein,0.21328863282535,0.480411584594665
VC_RS01065,VC0217; VC_0217,radC,RadC family protein,-0.153552040964608,0.589599368772724
VC_RS01070,VC0218; VC_0218,rpmB,50S ribosomal protein L28,-1.22916309912256,0.0001683835231367
VC_RS01075,VC0219; VC_0219,rpmG,50S ribosomal protein L33,-0.717906101952363,0.0051068969403832
VC_RS01080,VC0220; VC_0220,,hypothetical protein,-0.559075110167252,0.0901697296392839
VC_RS01085,VC0221; VC_0221,mutM,bifunctional DNA-formamidopyrimidine glycosylase/DNA-(apurinic or apyrimidinic site) lyase,-0.215270276561159,0.296081584404935
VC_RS01090,VC0222; VC_0222,coaD,pantetheine-phosphate adenylyltransferase,-0.304148765867209,0.0657730067319766
VC_RS01095,VC0223; VC_0223,,glycosyltransferase family 9 protein,-0.470835251182612,0.0976703402064489
VC_RS01100,VC0224; VC_0224,,glycosyltransferase family 2 protein,0.592600645559526,0.0036664726337963
VC_RS01105,VC0225; VC_0225,,glycosyltransferase family 9 protein,0.527803315242417,0.0059030073503753
VC_RS01110,VC0227; VC_0227,,3-deoxy-D-manno-octulosonic acid kinase,0.0159931880835484,0.926751177024392
VC_RS01115,VC0228; VC_0228,,WavE lipopolysaccharide synthesis family protein,0.0252243612229017,0.933182553354684
VC_RS01120,VC0229; VC_0229,,WavE lipopolysaccharide synthesis family protein,-1.13917978885034,2.64753814443964e-05
VC_RS01125,VC0230; VC_0230,,glycosyltransferase family 2 protein,-1.01836225683907,0.0552804010381448
VC_RS01130,VC0231; VC_0231,,hypothetical protein,-0.922974505420468,0.0003294443615641
VC_RS01135,VC0232; VC_0232,,HAD hydrolase family protein,-0.240295264298897,0.336511153886937
VC_RS01140,VC0233; VC_0233,waaA,lipid IV(A) 3-deoxy-D-manno-octulosonic acid transferase,-0.453324314031646,0.0307737684395702
VC_RS01145,VC0234; VC_0234,,glycosyltransferase family 32 protein,-1.52103611976745,0.0001444848581422
VC_RS01150,VC0235; VC_0235,,glycosyltransferase family 9 protein,-1.3332421573878,6.57278774925237e-06
VC_RS01155,VC0236; VC_0236,waaF,lipopolysaccharide heptosyltransferase II,-0.877081451832697,0.0009932098923179
VC_RS01160,VC0237; VC_0237,,O-antigen ligase family protein,-0.0934690845655392,0.660011563548546
VC_RS01165,VC0238; VC_0238,,acyltransferase,0.199003562758525,0.363161401832502
VC_RS01170,VC0239; VC_0239,,polysaccharide deacetylase family protein,0.0596688006391026,0.685051994781533
VC_RS01175,VC0240; VC_0240,rfaD,ADP-glyceromanno-heptose 6-epimerase,-0.452303106004383,0.0179869568731126
VC_RS01180,VC0241; VC_0241,,mannose-1-phosphate guanylyltransferase/mannose-6-phosphate isomerase,-0.35627989806172,0.0472917983589937
VC_RS01185,VC0242; VC_0242,,phosphomannomutase/phosphoglucomutase,0.0299729520026846,0.924452817847746
VC_RS01190,VC0243; VC_0243,gmd,"GDP-mannose 4,6-dehydratase",0.169087862785414,0.585168416498026
VC_RS01195,VC0244; VC_0244,,DegT/DnrJ/EryC1/StrS family aminotransferase,0.250807641572068,0.427855304642029
VC_RS01200,VC0245; VC_0245,,glycosyltransferase,-0.0810723710495889,0.788791525578229
VC_RS01205,VC0246; VC_0246,,ABC transporter permease,-0.521687743577257,0.0872841066855399
VC_RS01210,VC0247; VC_0247,,ABC transporter ATP-binding protein,-0.697291866075535,0.0165663689109759
VC_RS01215,VC0248; VC_0248,,acyl carrier protein,-1.20649572740732,0.0024140465967197
VC_RS01220,VC0249; VC_0249,,AMP-binding protein,-0.708719755726314,0.0034156440976637
VC_RS01225,VC0250; VC_0250,,iron-containing alcohol dehydrogenase,-0.563299475576223,0.0362787318686636
VC_RS01230,VC0251; VC_0251,,acyl-CoA reductase,-0.662527581768867,0.0106639504986107
VC_RS01235,VC0252; VC_0252,,acetyltransferase,-0.584542701906829,0.0379920727405117
VC_RS01240,VC_0253,,IS200/IS605 family transposase,-0.596223242021187,0.0099735741291961
VC_RS01245,VC0254; VC_0254,,ISAs1 family transposase,-0.391406088825355,0.19019559455787
VC_RS01250,VC0255; VC_0255,,hypothetical protein,-1.01316922033341,0.0117526858917046
VC_RS01255,VC0257; VC_0257,,IS3-like element ISVch4 family transposase,-0.74105908028222,0.182001642121556
VC_RS01260,VC0258; VC_0258,,FkbM family methyltransferase,-0.745508539359722,0.0713903807226491
VC_RS01265,VC0259; VC_0259,,glycosyltransferase family 4 protein,0.0481394707114328,0.896557684458452
VC_RS01270,VC0260; VC_0260,,polysaccharide biosynthesis protein,-0.196294647139558,0.284129130874583
VC_RS01275,VC0262; VC_0262,,UDP-glucose 4-epimerase family protein,-0.191666082663522,0.203911235827317
VC_RS01280,VC0263; VC_0263,,sugar transferase,-1.03526740458376,0.0004446312192099
VC_RS01285,VC0264; VC_0264,,MBL fold metallo-hydrolase RNA specificity domain-containing protein,-0.740061673241354,0.0006485106317639
VC_RS01290,VC0265; VC_0265,,mechanosensitive ion channel family protein,-0.256590573077606,0.211533172987019
VC_RS01295,VC0266; VC_0266,,uracil-DNA glycosylase family protein,0.130823856988557,0.631776178814422
VC_RS01300,VC0267; VC_0267,,D-2-hydroxyacid dehydrogenase,-0.101088439881937,0.630638194246155
VC_RS01305,VC0268; VC_0268,,YjaG family protein,0.345838735230072,0.185030554138443
VC_RS01310,VC0269; VC_0269,manA,"mannose-6-phosphate isomerase, class I",-0.871909707944259,0.0040988697901546
VC_RS01315,VC0270; VC_0270,,ROK family protein,-0.846479591264725,7.99885871632706e-05
VC_RS01320,VC0271; VC_0271,,CNNM domain-containing protein,2.64260444352081,2.8861058791249e-07
VC_RS01325,VC0273; VC_0273,hupA,nucleoid-associated protein HU-alpha,1.13955122249734,0.0010513739595867
VC_RS01330,VC0274; VC_0274,,DUF1481 domain-containing protein,1.18486611888047,0.0001918293669355
VC_RS01335,VC0275; VC_0275,purD,phosphoribosylamine--glycine ligase,-1.75013003772392,9.26280179306269e-06
VC_RS01340,VC0276; VC_0276,purH,bifunctional phosphoribosylaminoimidazolecarboxamide formyltransferase/IMP cyclohydrolase,-2.29604652922807,5.48874393259386e-06
VC_RS01345,,,hypothetical protein,-2.43033493375039,0.0074677664368023
VC_RS01350,VC0277; VC_0277,zntR,Zn(2+)-responsive transcriptional regulator,1.11113848470206,0.0008139671245171
VC_RS01355,VC0278; VC_0278,cadC,lysine decarboxylation/transport transcriptional activator CadC,1.07809923087076,0.0006655649262703
VC_RS01360,VC0280; VC_0280,cadB,cadaverine/lysine antiporter,-2.19418798713134,0.0189450740126914
VC_RS01365,VC0281; VC_0281,,lysine decarboxylase CadA,0.28050515752081,0.695348525980882
VC_RS01370,VC0282; VC_0282,,methyl-accepting chemotaxis protein,-0.152892210072489,0.70130256127056
VC_RS01375,VC0283; VC_0283,,PepSY-associated TM helix domain-containing protein,-1.46017641685467,0.0207366708520993
VC_RS01380,VC0284; VC_0284,,TonB-dependent receptor,-0.517612493209387,0.00825908146244
VC_RS01385,VC0285; VC_0285,,bifunctional 4-hydroxy-2-oxoglutarate aldolase/2-dehydro-3-deoxy-phosphogluconate aldolase,0.926775729902784,0.114874383639538
VC_RS01390,VC0286; VC_0286,,GntP family permease,0.875378666458628,0.0029350480495456
VC_RS01395,VC0287; VC_0287,,gluconokinase,1.40011454390568,0.0009585747743556
VC_RS01400,VC0288; VC_0288,edd,phosphogluconate dehydratase,1.37464064303114,0.0006241582250797
VC_RS01405,VC0289; VC_0289,,LacI family DNA-binding transcriptional regulator,0.076461198692782,0.699250928982939
VC_RS01410,VC0290; VC_0290,fis,DNA-binding transcriptional regulator Fis,-1.38679474134551,0.0004686738062798
VC_RS01415,VC0291; VC_0291,dusB,tRNA dihydrouridine synthase DusB,-1.13651042134984,5.99787077890064e-05
VC_RS01420,VC0293; VC_0293,prmA,50S ribosomal protein L11 methyltransferase,-0.872978126279349,0.0001698887952857
VC_RS01425,VC0295; VC_0295,accC,acetyl-CoA carboxylase biotin carboxylase subunit,0.429084481037242,0.0634547179392805
VC_RS01430,VC0296; VC_0296,accB,acetyl-CoA carboxylase biotin carboxyl carrier protein,0.659801369870722,0.0042939153618846
VC_RS01435,VC0297; VC_0297,aroQ,type II 3-dehydroquinate dehydratase,0.622825169612723,0.0107776940627748
VC_RS01440,VC0298; VC_0298,acs,acetate--CoA ligase,2.55533113657425,6.45163099016196e-06
VC_RS01445,VC0299; VC_0299,,3'-5' exonuclease,0.381167668629499,0.399971774330006
VC_RS01450,VC0300; VC_0300,,CBS domain-containing protein,0.90181319544969,0.0198457600295066
VC_RS01455,VC0302; VC_0302,,3-phenylpropionate MFS transporter,-0.915315181783671,7.46733220288189e-05
VC_RS01460,VC0303; VC_0303,,hybrid sensor histidine kinase/response regulator,0.440330314881057,0.147471658481006
VC_RS01465,VC0304; VC_0304,gppA,"guanosine-5'-triphosphate,3'-diphosphate diphosphatase",-1.22001422744671,0.0092209806874054
VC_RS01470,VC0305; VC_0305,rhlB,ATP-dependent RNA helicase RhlB,-1.29280271237478,8.71935262817161e-05
VC_RS01475,VC0306; VC_0306,trxA,thioredoxin TrxA,0.214741603598744,0.219712211435804
VC_RS01480,VC0307; VC_0307,rho,transcription termination factor Rho,-1.00595292341278,0.0004084560635108
VC_RS01485,VC0308; VC_0308,,hypothetical protein,-1.62560591889344,1.5231275442463e-05
VC_RS01490,VC0309; VC_0309,ubiD,4-hydroxy-3-polyprenylbenzoate decarboxylase,-1.0048800108503,0.0011381176911993
VC_RS01495,VC0311; VC_0311,,2Fe-2S iron-sulfur cluster-binding protein,-0.472692439230864,0.0374525230222072
VC_RS01500,VC0312; VC_0312,fre,NAD(P)H-flavin reductase,-0.424471147270661,0.0253849257757903
VC_RS01535,VC0315; VC_0315,pssA,CDP-diacylglycerol--serine O-phosphatidyltransferase,0.189674311677868,0.362759016130435
VC_RS01540,VC0317; VC_0317,,GNAT family N-acetyltransferase,1.21549894504642,0.0003050841620429
VC_RS01545,VC0318; VC_0318,murB,UDP-N-acetylmuramate dehydrogenase,0.376745047871689,0.356036395618912
VC_RS01550,VC0319; VC_0319,birA,bifunctional biotin--[acetyl-CoA-carboxylase] ligase/biotin operon repressor BirA,-0.0223528152623196,0.927405001986189
VC_RS01555,VC0320; VC_0320,coaA,type I pantothenate kinase,-0.559991541496567,0.0288707686902618
VC_RS01580,VC0321; VC_0321,tuf,elongation factor Tu,0.403827182722382,0.0735966208860051
VC_RS01585,VC0322; VC_0322,secE,preprotein translocase subunit SecE,-0.601540827579756,0.0011603093794518
VC_RS01590,VC0323; VC_0323,nusG,transcription termination/antitermination protein NusG,-0.740977091927465,0.0001960945860888
VC_RS01595,VC0324; VC_0324,rplK,50S ribosomal protein L11,-1.00276936046389,9.73626763612806e-05
VC_RS01600,VC0325; VC_0325,rplA,50S ribosomal protein L1,-0.770824000791854,0.0002961321613171
VC_RS01605,VC0326; VC_0326,rplJ,50S ribosomal protein L10,-0.829640894108783,0.0008530508407973
VC_RS01610,VC0327; VC_0327,rplL,50S ribosomal protein L7/L12,-0.749529304404669,0.0022694149917958
VC_RS01615,VC0328; VC_0328,rpoB,DNA-directed RNA polymerase subunit beta,-0.192541146325989,0.340753028888574
VC_RS01620,VC0329; VC_0329,rpoC,DNA-directed RNA polymerase subunit beta',-0.0604445258835293,0.734953263366354
VC_RS01625,VC0330; VC_0330,,Rsd/AlgQ family anti-sigma factor,-0.283213764418299,0.253174704901897
VC_RS01630,VC0331; VC_0331,nudC,NAD(+) diphosphatase,0.206622397215083,0.237132502718844
VC_RS01635,VC0332; VC_0332,hemE,uroporphyrinogen decarboxylase,0.305574894636158,0.462390418892018
VC_RS01640,VC0333; VC_0333,,TetR/AcrR family transcriptional regulator,0.809602137696851,0.0003132365120709
VC_RS01645,VC0334; VC_0334,,hypothetical protein,0.616472860014559,0.0058858752930701
VC_RS01650,VC0335; VC_0335,,murein hydrolase activator EnvC family protein,0.598370309829015,0.0007289487817878
VC_RS01655,VC0336; VC_0336,gpmM,"2,3-bisphosphoglycerate-independent phosphoglycerate mutase",0.189926968509901,0.388967724979503
VC_RS01660,VC0337; VC_0337,,DMT family transporter,-0.819901602556395,0.0068793240222907
VC_RS01665,VC0338; VC_0338,,SLC13 family permease,0.0717898592960567,0.809214608039923
VC_RS01670,VC0339; VC_0339,asd,archaetidylserine decarboxylase,-0.852087369346749,0.0002325904443864
VC_RS01675,VC0340; VC_0340,rsgA,small ribosomal subunit biogenesis GTPase RsgA,-0.333298506757851,0.0653859058765629
VC_RS01680,VC0341; VC_0341,orn,oligoribonuclease,0.533522990571632,0.0222530779268108
VC_RS01725,VC0342; VC_0342,queG,tRNA epoxyqueuosine(34) reductase QueG,-0.614711522737625,0.0053432877855605
VC_RS01730,VC0343; VC_0343,tsaE,tRNA (adenosine(37)-N6)-threonylcarbamoyltransferase complex ATPase subunit type 1 TsaE,0.702537938065896,0.0026947113955081
VC_RS01735,VC0344; VC_0344,,N-acetylmuramoyl-L-alanine amidase,0.682817902463586,0.0010103014161683
VC_RS01740,VC0345; VC_0345,mutL,DNA mismatch repair endonuclease MutL,0.546332434626261,0.0084462248629961
VC_RS01745,VC0346; VC_0346,miaA,tRNA (adenosine(37)-N6)-dimethylallyltransferase MiaA,-0.0106834598785953,0.952853780844238
VC_RS01750,VC0347; VC_0347,hfq,RNA chaperone Hfq,-1.15158436227444,7.36790444475702e-05
VC_RS01755,VC0348; VC_0348,hflX,ribosome rescue GTPase HflX,-1.30625614258985,8.92085365269871e-05
VC_RS01760,VC0349; VC_0349,hflK,FtsH protease activity modulator HflK,-0.574094878977899,0.0531253670881744
VC_RS01765,VC0350; VC_0350,hflC,protease modulator HflC,-0.0151293441210386,0.927047958610665
VC_RS01770,VC0351; VC_0351,,DUF2065 domain-containing protein,0.0766056911523697,0.766135606174731
VC_RS01775,VC0352; VC_0352,,SlyX family protein,-0.850117430504785,0.001858434865337
VC_RS01780,VC0353; VC_0353,,WD40 repeat domain-containing protein,-0.341583165146615,0.107219660754335
VC_RS01785,VC0354; VC_0354,fkpA,FKBP-type peptidyl-prolyl cis-trans isomerase,0.753088942278689,0.0024403861761657
VC_RS01790,VC0355; VC_0355,,helix-turn-helix transcriptional regulator,-0.126128759446784,0.702178237327837
VC_RS01795,VC0356; VC_0356,tusD,sulfurtransferase complex subunit TusD,-0.6030297190792,0.0421079131828366
VC_RS01800,VC0357; VC_0357,tusC,sulfurtransferase complex subunit TusC,-0.700186087230307,0.0109395705881326
VC_RS01805,VC0358; VC_0358,tusB,sulfurtransferase complex subunit TusB,-1.88182295828227,3.82550998486002e-06
VC_RS01810,VC0359; VC_0359,rpsL,30S ribosomal protein S12,-0.973451420676717,0.0010553852023694
VC_RS01815,VC0360; VC_0360,rpsG,30S ribosomal protein S7,-0.88826778827866,0.00107264054956
VC_RS01820,VC0361; VC_0361,fusA,elongation factor G,-1.32348380523148,1.25287698048523e-06
VC_RS01825,VC0362; VC_0362,tuf,elongation factor Tu,0.354117484563736,0.0847319947850087
VC_RS01830,VC0364; VC_0364,,(2Fe-2S)-binding protein,0.543152104737612,0.182001642121556
VC_RS01835,VC0365; VC_0365,bfr,bacterioferritin,0.189332650935468,0.416036525820254
VC_RS01840,VC0366; VC_0366,rpsF,30S ribosomal protein S6,-1.43871788373283,6.78370029391959e-05
VC_RS01845,VC0367; VC_0367,priB,primosomal replication protein N,-1.22067494033915,3.35032938576993e-05
VC_RS01850,VC0368; VC_0368,rpsR,30S ribosomal protein S18,-1.54567883128294,1.60337204127533e-05
VC_RS01855,VC0369; VC_0369,rplI,50S ribosomal protein L9,-1.34016110297777,2.47690837936882e-05
VC_RS01860,VC0370; VC_0370,,DUF481 domain-containing protein,1.92874856775661,5.68663879721965e-06
VC_RS01865,VC0371; VC_0371,,replicative DNA helicase,0.0799066350685951,0.714025058008174
VC_RS01870,VC0372; VC_0372,alr,alanine racemase,0.335961475246317,0.072896650402258
VC_RS01875,VC0373; VC_0373,,secondary thiamine-phosphate synthase enzyme YjbQ,0.791714071459362,0.0102642819206194
VC_RS01880,VC0374; VC_0374,pgi,glucose-6-phosphate isomerase,0.409474575541586,0.166101924133837
VC_RS01885,VC0376; VC_0376,,MBL fold metallo-hydrolase,-1.71109625615932,0.0005375340909377
VC_RS01890,VC0377; VC_0377,,chemotaxis protein CheX,0.0519289078654182,0.78626354850719
VC_RS01895,VC0378; VC_0378,zur,zinc uptake transcriptional repressor Zur,0.0607080008187922,0.766713053640157
VC_RS01900,VC0379; VC_0379,dusA,tRNA dihydrouridine(20/20a) synthase DusA,-0.150314050969954,0.381321177263
VC_RS01905,VC0379a,pspG,envelope stress response protein PspG,0.150608616827452,0.687469826501727
VC_RS01910,VC0381; VC_0381,,TIGR04219 family outer membrane beta-barrel protein,-0.21278383410776,0.519760081846388
VC_RS01920,VC0383; VC_0383,,hypothetical protein,0.234373834920453,0.718151043647129
VC_RS01925,VC0384; VC_0384,,assimilatory sulfite reductase (NADPH) flavoprotein subunit,0.654577786149244,0.052012132036371
VC_RS01930,VC0385; VC_0385,cysI,assimilatory sulfite reductase (NADPH) hemoprotein subunit,0.708757850975238,0.135192156300341
VC_RS01935,VC0386; VC_0386,,phosphoadenylyl-sulfate reductase,1.15820089441593,0.0064383782228737
VC_RS01970,VC0389; VC_0389,,cation:proton antiporter,-0.296312411049583,0.129960025086621
VC_RS01975,VC0390; VC_0390,metH,methionine synthase,-0.316489757901365,0.290224645365426
VC_RS01980,VC0391; VC_0391,lysC,lysine-sensitive aspartokinase 3,-1.06286415358361,0.0013413954394203
VC_RS01985,VC0392; VC_0392,,pyridoxal-phosphate-dependent aminotransferase family protein,0.263536804274014,0.320965902810476
VC_RS01990,VC0393; VC_0393,,oligosaccharyltransferase,-1.21025667329034,2.66939538539008e-06
VC_RS01995,VC0394; VC_0394,uvrA,excinuclease ABC subunit UvrA,-0.895706118922516,0.0001863555970357
VC_RS02000,VC0395; VC_0395,galU,UTP--glucose-1-phosphate uridylyltransferase GalU,0.0319564067764311,0.945532706607173
VC_RS02005,VC0396; VC_0396,,LuxR C-terminal-related transcriptional regulator,-0.411456063610836,0.0983641853848832
VC_RS02010,VC0397; VC_0397,,single-stranded DNA-binding protein,-0.166008801654399,0.462574587714181
VC_RS02015,VC0398; VC_0398,csrD,RNase E specificity factor CsrD,-1.03853266211521,0.0001538035865934
VC_RS02020,VC0399; VC_0399,mshI,PilN domain-containing protein,-0.625506480021508,0.0002338071221731
VC_RS02025,VC0400; VC_0400,mshJ,type II secretion system protein GspM,-0.641171749916854,0.0048539082734691
VC_RS02030,VC0401; VC_0401,mshK,MSHA biogenesis protein MshK,-0.132051605980578,0.656248673694058
VC_RS02035,VC0402; VC_0402,mshL,pilus (MSHA type) biogenesis protein MshL,-0.241152897731267,0.155436693387568
VC_RS02040,VC0403; VC_0403,mshM,ExeA family protein,-0.181921481624301,0.270216752643058
VC_RS02045,VC0404; VC_0404,mshN,tetratricopeptide repeat protein,-0.176429233537797,0.804790171939117
VC_RS02050,VC0405; VC_0405,mshE,GspE/PulE family protein,-0.413683731221273,0.0176482794279049
VC_RS02055,VC0406; VC_0406,mshG,type II secretion system F family protein,-0.645856504674098,0.004165770060929
VC_RS02060,VC0407; VC_0407,mshF,MSHA biogenesis protein MshF,-0.100644197107514,0.69524133682462
VC_RS02065,VC0408; VC_0408,mshB,prepilin-type N-terminal cleavage/methylation domain-containing protein,-1.21667492832647,0.0021081969282446
VC_RS02070,VC0409; VC_0409,mshA,type II secretion system protein,-1.17944178788709,1.19464440293475e-05
VC_RS02075,VC0410; VC_0410,mshC,pilus assembly FimT family protein,-0.667991565636794,0.0011867149953113
VC_RS02080,VC0411; VC_0411,mshD,type II secretion system protein,-1.28509054685685,9.80948374353272e-05
VC_RS02085,VC0412; VC_0412,mshO,PilW family protein,-2.01126477509093,1.36503820683521e-05
VC_RS02090,VC0413; VC_0413,mshP,hypothetical protein,-0.567563101168133,0.0469273721672683
VC_RS02095,VC0414; VC_0414,mshQ,DUF6701 domain-containing protein,-1.15125333190914,0.0002057011280151
VC_RS02100,VC0415; VC_0415,,rod shape-determining protein,0.30717967071914,0.0695764257050252
VC_RS02105,VC0416; VC_0416,mreC,rod shape-determining protein MreC,-0.214302790412605,0.181602877385159
VC_RS02110,VC0417; VC_0417,mreD,rod shape-determining protein MreD,0.13302204350131,0.396103219448634
VC_RS02115,VC0418; VC_0418,,Maf family protein,-0.286812203927988,0.159240692278384
VC_RS02120,VC0419; VC_0419,rng,ribonuclease G,-0.249852093911879,0.0764727174050971
VC_RS02125,VC0420; VC_0420,,YhdP family protein,0.0938335645430466,0.729629999472496
VC_RS02130,VC0421; VC_0421,,carbon-nitrogen hydrolase family protein,-0.209419179375982,0.162219129970122
VC_RS02135,VC0422; VC_0422,tldD,metalloprotease TldD,-0.0952207672461544,0.612478858604757
VC_RS02140,VC0423; VC_0423,arcA,arginine deiminase,0.653386547541337,0.256085969401111
VC_RS02145,VC0424; VC_0424,rraB,ribonuclease E inhibitor RraB,-0.291481618972495,0.448532858373779
VC_RS02150,VC0425; VC_0425,,glycosyl hydrolase 2 galactose-binding domain-containing protein,-0.629563687413749,0.0075565614960926
VC_RS02155,VC0426; VC_0426,,DUF2061 domain-containing protein,0.708015616370857,0.0684521772320232
VC_RS02160,VC0428; VC_0428,,universal stress protein,-0.923295723682323,0.0215953904110419
VC_RS02165,VC0429; VC_0429,,TRAP transporter permease,-0.0476870140789356,0.94685570994465
VC_RS02170,VC0430; VC_0430,,TAXI family TRAP transporter solute-binding subunit,-0.0728335674920711,0.833493678771884
VC_RS02175,VC0431; VC_0431,argR,transcriptional regulator ArgR,0.287681404444405,0.549827535602732
VC_RS02180,VC0432; VC_0432,mdh,malate dehydrogenase,0.829253170898129,0.0058025947486726
VC_RS02185,VC0433; VC_0433,,basic amino acid/polyamine antiporter,-0.270268531005771,0.0731017820780065
VC_RS02190,VC0434; VC_0434,ispB,octaprenyl diphosphate synthase,-0.705634484474398,0.177836165548864
VC_RS02195,VC0435; VC_0435,rplU,50S ribosomal protein L21,-0.880551889404183,0.0028205745099824
VC_RS02200,VC0436; VC_0436,rpmA,50S ribosomal protein L27,-0.842145235497252,0.0019912048700226
VC_RS02205,VC0437; VC_0437,cgtA,Obg family GTPase CgtA,-2.19212512674312,1.21061677161742e-06
VC_RS02210,VC0438; VC_0438,,threonine/serine exporter family protein,-1.33203472078575,0.0024835634230333
VC_RS02215,VC0439; VC_0439,,threonine/serine exporter family protein,-0.606514164045615,0.0921008149609372
VC_RS02220,VC0440; VC_0440,folA,type 3 dihydrofolate reductase,-0.649448749389176,0.0284692345127261
VC_RS02225,VC0441; VC_0441,,symmetrical bis(5'-nucleosyl)-tetraphosphatase,0.134963324577112,0.777885569728887
VC_RS02230,VC0442; VC_0442,apaG,Co2+/Mg2+ efflux protein ApaG,-0.309915974980609,0.121069977171993
VC_RS02235,VC0443; VC_0443,rsmA,16S rRNA (adenine(1518)-N(6)/adenine(1519)-N(6))- dimethyltransferase RsmA,-0.847364202713681,7.09290820944764e-05
VC_RS02240,VC0444; VC_0444,pdxA,4-hydroxythreonine-4-phosphate dehydrogenase PdxA,-0.528217518827413,0.0869520661665742
VC_RS02245,VC0445; VC_0445,surA,peptidylprolyl isomerase SurA,-0.877993382172611,0.0011191767251926
VC_RS02250,VC0446; VC_0446,lptD,LPS assembly protein LptD,-0.0539579509298612,0.943992917212948
VC_RS02255,VC0447; VC_0447,djlA,co-chaperone DjlA,0.278261895366032,0.109769448887581
VC_RS02285,VC0449; VC_0449,,methyl-accepting chemotaxis protein,-1.13818372688165,0.0012699421437773
VC_RS02310,VC0450; VC_0450,mltC,membrane-bound lytic murein transglycosylase MltC,-0.146743226438799,0.283123158074164
VC_RS02315,VC0451; VC_0451,,oxidative damage protection protein,-0.143127460857837,0.569165169771451
VC_RS02320,VC0452; VC_0452,mutY,A/G-specific adenine glycosylase,-0.519852305287736,0.126934674315542
VC_RS02325,VC0453; VC_0453,trmB,tRNA (guanosine(46)-N7)-methyltransferase TrmB,-0.890940692913562,0.0011340937604614
VC_RS02330,VC0454; VC_0454,glsB,glutaminase B,-0.215197295176388,0.160057001822618
VC_RS02335,VC0455; VC_0455,hemW,radical SAM family heme chaperone HemW,1.24723928067173,0.0001925136839752
VC_RS02340,VC0456; VC_0456,,XTP/dITP diphosphatase,1.16017164052262,0.000107105991622
VC_RS02345,VC0457; VC_0457,,DUF4426 domain-containing protein,1.10153123370883,0.00840333508686
VC_RS02350,VC0458; VC_0458,yggU,DUF167 family protein YggU,2.36041355405366,1.15159452893102e-05
VC_RS02355,VC0459; VC_0459,,YggT family protein,1.43448417415032,2.67053019411803e-05
VC_RS02360,VC0460; VC_0460,proC,pyrroline-5-carboxylate reductase,1.57263839717067,5.48874393259386e-06
VC_RS02365,VC0461; VC_0461,,YggS family pyridoxal phosphate-dependent enzyme,0.625742969656311,0.0004358746299805
VC_RS02370,VC0462; VC_0462,,type IV pilus twitching motility protein PilT,0.473587055391505,0.0250231604324092
VC_RS02375,VC0463; VC_0463,,PilT/PilU family type 4a pilus ATPase,0.675700532537713,0.0027558765349509
VC_RS02380,VC0464; VC_0464,,helix-turn-helix transcriptional regulator,0.395735476726885,0.0084781996946227
VC_RS02385,VC0465; VC_0465,tyrS,tyrosine--tRNA ligase,-1.01559655441209,0.0069766105518156
VC_RS02390,VC0466; VC_0466,ruvX,Holliday junction resolvase RuvX,1.99766898987719,3.8520114376302e-06
VC_RS02395,VC0467; VC_0467,,YqgE/AlgH family protein,2.57511469978968,8.2741646458117e-07
VC_RS02400,VC0468; VC_0468,gshB,glutathione synthase,2.48208131251806,6.46319039523362e-07
VC_RS02405,VC0469; VC_0469,rsmE,16S rRNA (uracil(1498)-N(3))-methyltransferase,1.78995885276936,2.6827278774646e-06
VC_RS02410,VC0470; VC_0470,xds,extracellular deoxyribonuclease Dns,0.229393998590324,0.327048722741678
VC_RS02415,VC0471; VC_0471,,SprT family zinc-dependent metalloprotease,-0.878890623051306,0.160526754587037
VC_RS02420,VC0472; VC_0472,metK,methionine adenosyltransferase,-1.50682047215541,1.47268370546467e-05
VC_RS02425,VC0473; VC_0473,tkt,transketolase,-0.367796125514579,0.0562201056335895
VC_RS02430,VC0474; VC_0474,,LysR family transcriptional regulator,-1.02083322961913,0.0029898300413872
VC_RS02435,VC0475; VC_0475,,ligand-gated channel protein,-2.49477923110306,1.56688363391004e-06
VC_RS02440,VC0476; VC_0476,epd,erythrose-4-phosphate dehydrogenase,0.387560926166762,0.034935093434963
VC_RS02445,VC0477; VC_0477,,phosphoglycerate kinase,1.00397036123277,0.0006237808977512
VC_RS02450,VC0478; VC_0478,fbaA,class II fructose-bisphosphate aldolase,1.24022086057256,0.0001698887952857
VC_RS02455,VC0480; VC_0480,mscS,small-conductance mechanosensitive channel MscS,0.878827431783114,0.0039244503455191
VC_RS02460,VC0481; VC_0481,,LysE/ArgO family amino acid transporter,1.4019472954506,0.0582984426518186
VC_RS02465,VC0482; VC_0482,,LysR family transcriptional regulator ArgP,1.11239671948581,0.0001330116924913
VC_RS02470,VC0483; VC_0483,,oxidative stress defense protein,2.44564322342816,3.23992826490217e-06
VC_RS02475,VC0485; VC_0485,pykF,pyruvate kinase PykF,-0.579457489980202,0.0565162036289824
VC_RS02480,VC0486; VC_0486,,DeoR/GlpR family DNA-binding transcription regulator,-1.61684085004612,0.0066927521796464
VC_RS02485,VC0487; VC_0487,glmS,glutamine--fructose-6-phosphate transaminase (isomerizing),-1.73964737287092,0.001098565535502
VC_RS02490,VC0488; VC_0488,,TRAP transporter substrate-binding protein,0.693343868378323,0.0281384445287022
VC_RS02495,VC0489; VC_0489,,lysophospholipid acyltransferase family protein,1.92984790516675,0.0364277170558251
VC_RS02500,VC0490; VC_0490,,DUF3732 domain-containing protein,0.0823235940150149,0.768474110098611
VC_RS02505,VC0491; VC_0491,,three component ABC system middle component,0.601629297955925,0.0634547179392805
VC_RS02510,VC0492; VC_0492,,ABC-three component system protein,0.363566916247375,0.170696791102023
VC_RS02515,VC0493; VC_0493,,MarR family transcriptional regulator,-0.0417259364522311,0.873860263355303
VC_RS02520,VC0494; VC_0494,,inovirus Gp2 family protein,-1.31601699876874,0.0008207639783608
VC_RS02525,VC0495; VC_0495,,inovirus Gp2 family protein,-1.34727867869399,0.0150598945435275
VC_RS02530,VC0496; VC_0496,,inovirus Gp2 family protein,-0.788313982395854,0.185386181679301
VC_RS02535,VC0497; VC_0497,,AlpA family transcriptional regulator,-1.86417249213158,0.0464381284337388
VC_RS02540,VC0498; VC_0498,,ribonuclease HI,-0.642804754734475,0.469470897841054
VC_RS02545,VC0499; VC_0499,,IS3 family transposase,0.151970617109049,0.55598158844287
VC_RS02550,VC0501; VC_0501,,IS5-like element ISVch8 family transposase,-0.0320624023940499,0.920076217974179
VC_RS02555,VC0502; VC_0502,,type II secretion system protein,0.69589792877615,0.0049169313351701
VC_RS02560,,,high-affinity zinc uptake system protein ZnuA precursor,-1.99996906288844,3.82303228708871e-05
VC_RS02565,VC0503; VC_0503,,peptidoglycan DD-metalloendopeptidase family protein,0.074009618256554,0.677237989362345
VC_RS02570,VC0504; VC_0504,,hypothetical protein,-0.0122011855101979,0.976289050539419
VC_RS02575,VC0505; VC_0505,,hypothetical protein,0.688320075534811,0.592806409230517
VC_RS02580,VC0506; VC_0506,,WYL domain-containing protein,-0.746853102808055,0.16776138680504
VC_RS02585,VC0508; VC_0508,,DUF2787 domain-containing protein,0.24483752329938,0.609196958638284
VC_RS02590,VC0509; VC_0509,,DUF2787 domain-containing protein,-0.160234781920119,0.860114319096534
VC_RS02595,VC0510; VC_0510,radC,RadC family protein,-1.31152014860646,0.0110636188306776
VC_RS02600,VC0512; VC_0512,,methyl-accepting chemotaxis protein,-1.42617521547844,0.618915282628921
VC_RS02605,VC0513; VC_0513,,helix-turn-helix domain-containing protein,-0.050963170850266,0.980889825404419
VC_RS02620,VC0516; VC_0516,,integrase domain-containing protein,0.245270764147678,0.312124126054569
VC_RS02630,VC0517; VC_0517,rpoD,RNA polymerase sigma factor RpoD,0.962210667044969,0.0154928233292105
VC_RS02635,VC0518; VC_0518,dnaG,DNA primase,-0.842045520415122,0.003963027287513
VC_RS02640,VC0519; VC_0519,,GatB/YqeY domain-containing protein,-1.06559144755204,0.0028596302375107
VC_RS02645,VC0520; VC_0520,rpsU,30S ribosomal protein S21,-1.23031962241316,0.0002056111568029
VC_RS02650,VC0521; VC_0521,tsaD,tRNA (adenosine(37)-N6)-threonylcarbamoyltransferase complex transferase subunit TsaD,0.237723975152669,0.0909135186598181
VC_RS02655,VC0522; VC_0522,,alpha/beta fold hydrolase,1.28478377342703,1.33683860455963e-05
VC_RS02660,VC0523; VC_0523,plsY,glycerol-3-phosphate 1-O-acyltransferase PlsY,-0.0970661292260479,0.630876414685217
VC_RS02665,VC0524; VC_0524,folB,"bifunctional dihydroneopterin aldolase/7,8-dihydroneopterin epimerase",-1.13455125936487,2.62078046042181e-05
VC_RS02670,VC0525; VC_0525,folK,2-amino-4-hydroxy-6- hydroxymethyldihydropteridine diphosphokinase,-0.803307726249873,0.0004581640496924
VC_RS02675,VC0526; VC_0526,,undecaprenyl-diphosphate phosphatase,-1.13975444543722,4.51816665660898e-05
VC_RS02680,VC0527; VC_0527,ftsB,cell division protein FtsB,-0.395038301743698,0.0250673122277464
VC_RS02685,VC0528; VC_0528,ispD,2-C-methyl-D-erythritol 4-phosphate cytidylyltransferase,-0.284766435619324,0.0798326344804299
VC_RS02690,VC0529; VC_0529,ispF,"2-C-methyl-D-erythritol 2,4-cyclodiphosphate synthase",-0.351701564685881,0.115837658137185
VC_RS02695,VC0530; VC_0530,truD,tRNA pseudouridine(13) synthase TruD,-0.193181157389151,0.268998945732548
VC_RS02700,VC0531; VC_0531,surE,5'/3'-nucleotidase SurE,-0.673632982665168,0.0048989509382893
VC_RS02705,VC0532; VC_0532,,protein-L-isoaspartate(D-aspartate) O-methyltransferase,-0.116240857053303,0.609196958638284
VC_RS02710,VC0533; VC_0533,nlpD,murein hydrolase activator NlpD,0.348134408695908,0.108425677912499
VC_RS02715,VC0534; VC_0534,rpoS,RNA polymerase sigma factor RpoS,0.46701015703488,0.077813465130664
VC_RS02720,VC0535; VC_0535,mutS,DNA mismatch repair protein MutS,0.0578316656460242,0.73878765537066
VC_RS02725,VC0537; VC_0537,cysM,cysteine synthase CysM,1.3251986817887,0.0600070390919565
VC_RS02730,VC0538; VC_0538,cysP,thiosulfate ABC transporter substrate-binding protein CysP,0.624907172564687,0.0663760200678015
VC_RS02735,VC0539; VC_0539,cysT,sulfate/thiosulfate ABC transporter permease CysT,0.183059935055725,0.626627864921364
VC_RS02740,VC0540; VC_0540,cysW,sulfate ABC transporter permease subunit CysW,0.0740763333084306,0.860114319096534
VC_RS02745,VC0541; VC_0541,,sulfate/molybdate ABC transporter ATP-binding protein,0.911187644387488,0.0089270599116654
VC_RS02750,VC0542; VC_0542,pncC,nicotinamide-nucleotide amidase,0.651615902241386,0.0036664726337963
VC_RS02755,VC0543; VC_0543,recA,recombinase RecA,-0.438914040971914,0.020915177477881
VC_RS02760,VC0544; VC_0544,recX,recombination regulator RecX,-0.912621325231082,0.0144081892330159
VC_RS02765,VC0545; VC_0545,alaS,alanine--tRNA ligase,-0.0351362072138199,0.8391290914968
VC_RS02770,VC0547; VC_0547,,aspartate kinase,-0.221374242320733,0.165540630992644
VC_RS02775,VC0548; VC_0548,csrA,carbon storage regulator CsrA,-0.373800748766179,0.0783922262349026
VC_RS02820,VC0549; VC_0549,,oxaloacetate decarboxylase subunit gamma,0.120333492414065,0.689404773053452
VC_RS02825,VC0550; VC_0550,oadA,sodium-extruding oxaloacetate decarboxylase subunit alpha,0.14449083389387,0.626661754497112
VC_RS02830,VC0551; VC_0551,,sodium ion-translocating decarboxylase subunit beta,-0.0239601815696001,0.950400538752191
VC_RS02835,VC0552; VC_0552,,NADP-dependent oxidoreductase,0.372037914623612,0.0334221728626738
VC_RS02840,VC0553; VC_0553,,YqaA family protein,0.598005588851509,0.0075565614960926
VC_RS02845,VC0554; VC_0554,,M16 family metallopeptidase,0.781747265064018,0.0064055616209127
VC_RS02850,VC0556; VC_0556,gshA,glutamate--cysteine ligase,2.11576714878303,4.19212563599818e-07
VC_RS02855,VC0557; VC_0557,luxS,S-ribosylhomocysteine lyase,2.70199231099397,1.05963699005187e-06
VC_RS02860,VC0558; VC_0558,,HlyC/CorC family transporter,0.0787489632354558,0.673539057259185
VC_RS02865,VC0559; VC_0559,,cytochrome C assembly family protein,-0.140755113969215,0.505336561598213
VC_RS02870,VC0560; VC_0560,ffh,signal recognition particle protein,0.0323406044229196,0.826354545381333
VC_RS02875,VC0561; VC_0561,rpsP,30S ribosomal protein S16,-1.10971321983309,1.92939321719633e-05
VC_RS02880,VC0562; VC_0562,rimM,ribosome maturation factor RimM,-0.928950634451138,3.72939010432071e-05
VC_RS02885,VC0563; VC_0563,trmD,tRNA (guanosine(37)-N1)-methyltransferase TrmD,-1.03394445092726,0.0001124487251194
VC_RS02890,VC0564; VC_0564,rplS,50S ribosomal protein L19,-0.822296761253437,0.0003396884119067
VC_RS02895,VC0565; VC_0565,degS,outer membrane-stress sensor serine endopeptidase DegS,-0.844296703334784,0.0003846992504571
VC_RS02900,VC0566; VC_0566,,DegQ family serine endoprotease,2.15164553344893,0.0002338062314649
VC_RS02905,VC0567; VC_0567,zapG,Z-ring associated protein ZapG,0.303103311812469,0.299741834073057
VC_RS02910,VC0568; VC_0568,zapE,cell division protein ZapE,-0.7506770290758,0.0015860309841965
VC_RS02915,VC0570; VC_0570,rplM,50S ribosomal protein L13,-0.460881759911827,0.0512174684932
VC_RS02920,VC0571; VC_0571,rpsI,30S ribosomal protein S9,-0.293092499735649,0.0837267263296642
VC_RS02925,VC0573; VC_0573,petA,ubiquinol-cytochrome c reductase iron-sulfur subunit,-0.0005365620269016,0.997955861995413
VC_RS02930,VC0574; VC_0574,,cytochrome b,-0.127799510206905,0.628909141556342
VC_RS02935,VC0575; VC_0575,,cytochrome c1,0.0120702869553842,0.954273715628522
VC_RS02940,VC0576; VC_0576,sspA,stringent starvation protein SspA,-0.694977989450318,0.008059326726077
VC_RS02945,VC0577; VC_0577,sspB,ClpXP protease specificity-enhancing factor,-1.18210918697431,1.71258981460386e-05
VC_RS02950,VC0578; VC_0578,,BON domain-containing protein,1.07772556602072,1.66773906009877e-05
VC_RS02955,VC0579; VC_0579,,phosphoheptose isomerase,0.365451631520546,0.142329578218521
VC_RS02960,VC0580; VC_0580,,YraN family protein,1.21651965877171,1.74902108411496e-05
VC_RS02965,VC0581; VC_0581,,penicillin-binding protein activator,0.881103735141078,0.0702141364256759
VC_RS02970,VC0582; VC_0582,rsmI,16S rRNA (cytidine(1402)-2'-O)-methyltransferase,-0.425470918992286,0.301665653499982
VC_RS02975,VC0583; VC_0583,hapR,quorum-sensing master transcriptional regulator HapR,1.63783585772718,1.80831802572771e-05
VC_RS02980,VC0585; VC_0585,hpt,hypoxanthine phosphoribosyltransferase,-0.0139257737834591,0.953422354028593
VC_RS02985,VC0586; VC_0586,can,carbonate dehydratase,0.180667082257959,0.51745582905442
VC_RS02990,VC0587; VC_0587,,SulP family inorganic anion transporter,0.452065631779542,0.0080082685440766
VC_RS02995,VC0589; VC_0589,,ABC transporter ATP-binding protein,3.68832896903083,1.21061677161742e-06
VC_RS03000,VC0590; VC_0590,,ABC transporter permease,3.46624563451031,4.5814510743057e-07
VC_RS03005,VC0591; VC_0591,panC,pantoate--beta-alanine ligase,-0.488640088591483,0.281640334884645
VC_RS03010,VC0592; VC_0592,panB,3-methyl-2-oxobutanoate hydroxymethyltransferase,-1.52219724108476,7.74606078516026e-06
VC_RS03015,VC0593; VC_0593,folK,2-amino-4-hydroxy-6- hydroxymethyldihydropteridine diphosphokinase,-1.28127979154263,0.0004238708238368
VC_RS03020,VC0594; VC_0594,pcnB,polynucleotide adenylyltransferase PcnB,-0.0312788930933741,0.837437566231278
VC_RS03025,VC0595; VC_0595,gluQRS,tRNA glutamyl-Q(34) synthetase GluQRS,-0.478171883778723,0.0223930213889542
VC_RS03030,VC0596; VC_0596,dksA,RNA polymerase-binding protein DksA,0.96845152325912,0.190668515781602
VC_RS03035,VC0597; VC_0597,sfsA,DNA/RNA nuclease SfsA,1.74201878054168,6.33980751353972e-05
VC_RS03040,VC0600; VC_0600,,alpha/beta fold hydrolase,0.137814301554299,0.594367347272344
VC_RS03045,VC0601; VC_0601,hrpB,ATP-dependent helicase HrpB,0.529897217247141,0.0068803050323273
VC_RS03050,VC0602; VC_0602,mrcB,penicillin-binding protein 1B,0.717017990797749,0.0011310002399243
VC_RS03055,VC0603; VC_0603,,patatin-like phospholipase family protein,0.152920035107266,0.330253853864195
VC_RS03060,VC0604; VC_0604,acnB,bifunctional aconitate hydratase 2/2-methylisocitrate dehydratase,0.354817241397666,0.10494760399154
VC_RS03065,VC0605; VC_0605,,YacL family protein,-0.308020613954441,0.273920489582818
VC_RS03070,VC0606; VC_0606,glnK,P-II family nitrogen regulator,-1.33900032472018,0.0130753394879889
VC_RS03075,VC0607; VC_0607,,ammonium transporter,-0.563462147616245,0.0334998905830568
VC_RS03080,VC0608; VC_0608,,Fe(3+) ABC transporter substrate-binding protein,0.543351401460173,0.0211645157140517
VC_RS03085,VC0609; VC_0609,,ABC transporter permease,-0.643156734766844,0.0014613568782809
VC_RS03090,VC0610; VC_0610,,ABC transporter ATP-binding protein,-0.0494361951744287,0.772442928223705
VC_RS03095,VC0611; VC_0611,,phosphoglucomutase/phosphomannomutase family protein,0.273340357435567,0.171905566902945
VC_RS03100,VC0612; VC_0612,,GH36-type glycosyl hydrolase domain-containing protein,-0.275485255664236,0.138481001643524
VC_RS03105,VC0613; VC_0613,,beta-N-acetylhexosaminidase,1.95229715688256,0.0178034704530745
VC_RS03110,VC0614; VC_0614,,N-acetylglucosamine kinase,-0.247856782114058,0.491467577165509
VC_RS03115,VC0615; VC_0615,,glycoside hydrolase family 9 protein,0.34734149829266,0.143238296418586
VC_RS03120,VC0616; VC_0616,,ABC transporter ATP-binding protein,0.0586170742051279,0.953089728868499
VC_RS03125,VC0617; VC_0617,,ABC transporter ATP-binding protein,0.347067565080043,0.220328852976983
VC_RS03130,VC0618; VC_0618,,ABC transporter permease,0.108845473485515,0.6091348087474
VC_RS03135,VC0619; VC_0619,,ABC transporter permease,0.491869760990641,0.0993327308416645
VC_RS03140,VC0620; VC_0620,,ABC transporter substrate-binding protein,0.867948006253575,0.0051088358837869
VC_RS03145,VC0622; VC_0622,chiS,two-component system sensor histidine kinase ChiS,-0.591728751103793,0.0054854670279631
VC_RS03150,VC0623; VC_0623,rsmC,16S rRNA (guanine(1207)-N(2))-methyltransferase RsmC,-0.854371029652479,4.83019565954933e-05
VC_RS03155,VC0624; VC_0624,,AI-2E family transporter,-0.499381626988974,0.137134367033727
VC_RS03165,VC0626; VC_0626,hemL,"glutamate-1-semialdehyde 2,1-aminomutase",-0.582021527148745,0.0080300752574789
VC_RS03170,VC0627; VC_0627,erpA,iron-sulfur cluster insertion protein ErpA,0.552595470187643,0.0269394745334494
VC_RS03175,VC0628; VC_0628,vexE,multidrug efflux RND transporter periplasmic adaptor subunit VexE,-0.320203568811296,0.0473712495789818
VC_RS03180,VC0629; VC_0629,vexF,multidrug efflux RND transporter permease subunit VexF,-0.867659024810935,0.0010998495970821
VC_RS03185,VC0630; VC_0630,,peptidoglycan DD-metalloendopeptidase family protein,0.270543489942126,0.455944560400157
VC_RS03190,VC0631; VC_0631,tyrS,tyrosine--tRNA ligase,0.503104518723315,0.0185304623620105
VC_RS03195,VC0632; VC_0632,dacB,serine-type D-Ala-D-Ala carboxypeptidase,-0.270006557060504,0.149641224732935
VC_RS03200,VC0633; VC_0633,ompU,porin OmpU,0.533668390942817,0.208559202238245
VC_RS03205,VC0634; VC_0634,greA,transcription elongation factor GreA,-0.612779259378323,0.068324234197408
VC_RS03210,VC0635; VC_0635,yhbY,ribosome assembly RNA-binding protein YhbY,-1.69932772203604,0.0006082722720292
VC_RS03215,VC0636; VC_0636,rlmE,23S rRNA (uridine(2552)-2'-O)-methyltransferase RlmE,1.40583716910325,8.21775125400547e-06
VC_RS03220,VC0637; VC_0637,ftsH,ATP-dependent zinc metalloprotease FtsH,0.478966883914565,0.0227773518624859
VC_RS03225,VC0638; VC_0638,folP,dihydropteroate synthase,-0.378446562368239,0.0171613232746731
VC_RS03230,VC0639; VC_0639,glmM,phosphoglucosamine mutase,-0.287911174352324,0.143437237496625
VC_RS03235,VC0640; VC_0640,secG,preprotein translocase subunit SecG,-0.563676006618851,0.0202884362817877
VC_RS03250,VC0641; VC_0641,rimP,ribosome maturation factor RimP,-1.23118610021898,0.0002333561205892
VC_RS03255,VC0642; VC_0642,nusA,transcription termination factor NusA,-1.81052199330406,8.1294582605285e-06
VC_RS03260,VC0643; VC_0643,infB,translation initiation factor IF-2,-2.09078872116157,4.82807494436112e-07
VC_RS03265,VC0644; VC_0644,rbfA,30S ribosome-binding factor RbfA,-2.57984399357358,1.06073254990223e-07
VC_RS03270,VC0645; VC_0645,truB,tRNA pseudouridine(55) synthase TruB,-2.38230200072611,2.26339070394392e-07
VC_RS03275,VC0646; VC_0646,rpsO,30S ribosomal protein S15,-0.897894448053806,0.0045335667804732
VC_RS03280,VC0647; VC_0647,pnp,polyribonucleotide nucleotidyltransferase,-2.31566873069085,5.49752410800483e-07
VC_RS03285,VC0648; VC_0648,nlpI,lipoprotein NlpI,-0.46770137362222,0.0020578411053061
VC_RS03290,VC0649; VC_0649,,MarR family winged helix-turn-helix transcriptional regulator,-0.828684557081114,0.0177999642224451
VC_RS03295,VC0650; VC_0650,vcrM,sodium-coupled multidrug efflux MATE transporter VcrM,-1.38705374985441,0.0003773703610663
VC_RS03300,VC0651; VC_0651,,U32 family peptidase,-0.219957399338568,0.690847675080502
VC_RS03305,VC0652; VC_0652,,ubiquinone anaerobic biosynthesis protein UbiU,-0.659852065186991,0.0997086281878437
VC_RS03310,VC0653; VC_0653,,bifunctional diguanylate cyclase/phosphodiesterase,0.106949816983551,0.558065230840469
VC_RS03315,VC0654; VC_0654,,ubiquinone anaerobic biosynthesis accessory factor UbiT,-0.277459838097519,0.485036876017983
VC_RS03320,VC0655; VC_0655,,GNAT family N-acetyltransferase,0.86221248709079,0.0131714912025964
VC_RS03325,VC0656; VC_0656,,DNA polymerase III subunit psi,0.673575968293332,0.0047853274277503
VC_RS03330,VC0657; VC_0657,rimI,ribosomal protein S18-alanine N-acetyltransferase,0.0631610759932269,0.696257875462449
VC_RS03335,VC0658; VC_0658,,putative bifunctional diguanylate cyclase/phosphodiesterase,0.671220761893711,0.0683593997064537
VC_RS03340,VC0659; VC_0659,prfC,peptide chain release factor 3,0.0903107260983376,0.600827046160625
VC_RS03345,VC0660; VC_0660,srmB,ATP-dependent RNA helicase SrmB,-1.16349532601693,0.0002079105923328
VC_RS03350,VC0661; VC_0661,,tRNA1(Val) (adenine(37)-N6)-methyltransferase,-0.14710356596039,0.480741239459836
VC_RS03355,VC0662; VC_0662,brnQ,branched-chain amino acid transport system II carrier protein,-0.613544747694467,0.0010311516872819
VC_RS03360,VC0663; VC_0663,prfB,peptide chain release factor 2,-0.034674604436876,0.905820541295462
VC_RS03365,VC0664; VC_0664,lysS,lysine--tRNA ligase,-0.257002667247782,0.155436693387568
VC_RS03370,VC0665; VC_0665,vpsR,cyclic-di-GMP-binding transcriptional regulator VpsR,0.842490573213708,0.0008652948192167
VC_RS03375,VC0666; VC_0666,,hypothetical protein,-0.830545883022028,0.0247733198144375
VC_RS03380,VC0667; VC_0667,,NADP(H)-dependent aldo-keto reductase,-0.691289846254176,0.0603905464385008
VC_RS03385,VC0668; VC_0668,mutH,DNA mismatch repair endonuclease MutH,-0.476737389228885,0.0238776511191894
VC_RS03390,VC0671; VC_0671,rppH,RNA pyrophosphohydrolase,0.614060424603232,0.0035156774937313
VC_RS03395,VC0672; VC_0672,ptsP,phosphoenolpyruvate--protein phosphotransferase,0.137108294004375,0.34879467755312
VC_RS03400,VC0673; VC_0673,,sulfite exporter TauE/SafE family protein,0.243607731873359,0.103459773933694
VC_RS03405,VC0674; VC_0674,lgt,prolipoprotein diacylglyceryl transferase,-0.464999613058815,0.0084099228117846
VC_RS03410,VC0675; VC_0675,,thymidylate synthase,-0.11376688012081,0.408967640749914
VC_RS03415,VC0676; VC_0676,,Na/Pi cotransporter family protein,-1.41570614917995,0.0011341703468402
VC_RS03420,VC0677; VC_0677,nhaR,transcriptional activator NhaR,0.139094750847075,0.600827046160625
VC_RS03425,VC0678; VC_0678,,ArsR/SmtB family transcription factor,0.513119442984537,0.0181695815987273
VC_RS03430,VC0679; VC_0679,rpsT,30S ribosomal protein S20,-1.219988273893,0.0002791151687692
VC_RS03435,VC0680; VC_0680,murJ,murein biosynthesis integral membrane protein MurJ,-0.168228518608499,0.468758835324382
VC_RS03440,VC0681; VC_0681,ribF,bifunctional riboflavin kinase/FAD synthetase,-0.20035163316556,0.136157596937053
VC_RS03445,VC0682; VC_0682,ileS,isoleucine--tRNA ligase,-0.462121046307647,0.0078911633961659
VC_RS03450,VC0683; VC_0683,lspA,signal peptidase II,-0.475548645335095,0.0562565283388033
VC_RS03455,VC0684; VC_0684,fkpB,FKBP-type peptidyl-prolyl cis-trans isomerase,-0.484109425839785,0.0080863023523043
VC_RS03460,VC0685; VC_0685,ispH,4-hydroxy-3-methylbut-2-enyl diphosphate reductase,0.52839874660759,0.0031876568353135
VC_RS03465,VC0687; VC_0687,,carbon starvation CstA family protein,-1.54752340403512,0.0021738337025116
VC_RS03470,VC0688; VC_0688,,DUF2799 domain-containing protein,-0.106617303317126,0.687312162377006
VC_RS03475,VC0689; VC_0689,,cation:proton antiporter,0.232775517770006,0.246309959093664
VC_RS03480,VC0690; VC_0690,murQ,N-acetylmuramic acid 6-phosphate etherase,0.868521427604456,0.0009345971535349
VC_RS03485,VC0691; VC_0691,,anhydro-N-acetylmuramic acid kinase,-1.43432392384783,0.051246921933774
VC_RS03490,VC0692; VC_0692,nagZ,beta-N-acetylhexosaminidase,0.968056582184936,0.0003151808686477
VC_RS03495,VC0693; VC_0693,btsR,two-component system response regulator BtsR,0.262800561555835,0.300568261399816
VC_RS03500,VC0694; VC_0694,,sensor histidine kinase,-0.407265858058806,0.0182464034712842
VC_RS03505,VC0695; VC_0695,,3-deoxy-7-phosphoheptulonate synthase,-1.53243144625413,2.17782605107017e-05
VC_RS03510,VC0696; VC_0696,tyrA,bifunctional chorismate mutase/prephenate dehydrogenase,-1.75180111302221,5.41427002462465e-06
VC_RS03515,VC0697; VC_0697,,PilZ domain-containing protein,0.901009896942615,0.0212059664356741
VC_RS03520,VC0698; VC_0698,ettA,energy-dependent translational throttle protein EttA,-0.0663170651735498,0.842763070483038
VC_RS03525,VC0700; VC_0700,sltY,murein transglycosylase,1.66154972371042,7.03306471529822e-06
VC_RS03530,VC0701; VC_0701,trpR,trp operon repressor,1.19879487103155,1.74226610821045e-05
VC_RS03535,VC0702; VC_0702,yjjX,inosine/xanthosine triphosphatase,-0.717751272317273,0.0845460497365293
VC_RS03540,VC0703; VC_0703,mbaA,biofilm architecture maintenance protein MbaA,-0.340251351559041,0.0904227921374191
VC_RS03545,VC0704; VC_0704,nspS,polyamine ABC transporter substrate-binding protein,-0.526879463598432,0.011601994493182
VC_RS03550,VC0705; VC_0705,pheA,prephenate dehydratase,-0.44041502549841,0.0469732568748135
VC_RS03555,VC0706; VC_0706,hpf,"ribosome hibernation-promoting factor, HPF/YfiA family",-1.7906641793728,0.0015636926730215
VC_RS03560,VC0708; VC_0708,,outer membrane protein assembly factor BamD,-0.220683402808042,0.486111651239304
VC_RS03565,VC0709; VC_0709,rluD,23S rRNA pseudouridine(1911/1915/1917) synthase RluD,-1.22564173260914,3.74566425093776e-05
VC_RS03570,VC0710; VC_0710,pgeF,peptidoglycan editing factor PgeF,-1.7487308248647,4.205642093103e-05
VC_RS03575,VC0711; VC_0711,clpB,ATP-dependent chaperone ClpB,4.11235943409937,7.67007941045635e-08
VC_RS03605,VC0714; VC_0714,,DUF1904 domain-containing protein,-0.805544141613818,0.0439531490101941
VC_RS03610,VC0715; VC_0715,nfsA,oxygen-insensitive NADPH nitroreductase,0.360549981939993,0.262264453618747
VC_RS03615,VC0716; VC_0716,,YfhL family 4Fe-4S dicluster ferredoxin,-1.10335677638034,0.0003492676148378
VC_RS03620,VC0717; VC_0717,yegQ,tRNA 5-hydroxyuridine modification protein YegQ,-1.04011704022298,0.0025168153541432
VC_RS03625,VC0718; VC_0718,rdgC,recombination-associated protein RdgC,-0.492180014175194,0.0308201532000776
VC_RS03630,VC0719; VC_0719,phoB,phosphate regulon transcriptional regulator PhoB,0.481457335863785,0.0225511667828549
VC_RS03635,VC0720; VC_0720,phoR,phosphate regulon sensor histidine kinase PhoR,-0.229770737260943,0.258245700869279
VC_RS03640,VC0721; VC_0721,,PstS family phosphate ABC transporter substrate-binding protein,0.404107598492997,0.0992240990485122
VC_RS03645,VC0722; VC_0722,ppx,exopolyphosphatase,0.992617561992953,0.0003914465566281
VC_RS03650,VC0723; VC_0723,ppk1,polyphosphate kinase 1,0.62222416650675,0.0263041437497191
VC_RS03655,VC0724; VC_0724,,ABC transporter permease subunit,-0.72842309019871,0.0028393902845283
VC_RS03660,VC0725; VC_0725,pstA,phosphate ABC transporter permease PstA,-0.157011087689301,0.317560377385582
VC_RS03665,VC0726; VC_0726,pstB,phosphate ABC transporter ATP-binding protein PstB,0.500679907124164,0.0124407662562302
VC_RS03670,VC0727; VC_0727,phoU,phosphate signaling complex protein PhoU,2.77634050663598,7.51154585186226e-08
VC_RS03675,VC0728; VC_0728,ppk2,polyphosphate kinase 2,-0.478324374761836,0.0775543201635249
VC_RS03680,VC0730; VC_0730,,copper homeostasis protein CutC,0.958290511790928,0.018416792093946
VC_RS03685,VC0731; VC_0731,,peroxiredoxin C,0.662167812485966,0.0325782744418534
VC_RS03690,VC0732; VC_0732,,hydrogen peroxide-inducible genes activator,-0.137361067558136,0.49918589300911
VC_RS03695,VC0734; VC_0734,aceB,malate synthase A,-1.23229259489679,0.0056949703336085
VC_RS03700,VC0736; VC_0736,aceA,isocitrate lyase,-1.11864386190154,0.0121527868746306
VC_RS03705,VC0737; VC_0737,,CBS domain-containing protein,1.56935633713018,5.75167333864145e-05
VC_RS03710,VC0739; VC_0739,queA,tRNA preQ1(34) S-adenosylmethionine ribosyltransferase-isomerase QueA,-1.70832403003303,1.36672967956285e-05
VC_RS03715,VC0741; VC_0741,tgt,tRNA guanosine(34) transglycosylase Tgt,-0.970378921804456,0.0003053880414116
VC_RS03720,VC0742; VC_0742,yajC,preprotein translocase subunit YajC,1.72540032917141,2.6827278774646e-06
VC_RS03725,VC0743; VC_0743,secD,protein translocase subunit SecD,0.175222778620488,0.227214827309712
VC_RS03730,VC0744; VC_0744,secF,protein translocase subunit SecF,0.179619170107451,0.343882119268671
VC_RS03735,VC0745; VC_0745,suhB,inositol-1-monophosphatase,-2.21659797663644,3.86451150468027e-05
VC_RS03740,VC0746; VC_0746,trmJ,tRNA (cytosine(32)/uridine(32)-2'-O)-methyltransferase TrmJ,-0.364587104371241,0.0748945988030818
VC_RS03745,VC0747; VC_0747,iscR,Fe-S cluster assembly transcriptional regulator IscR,-1.38179104712568,8.16556109684e-05
VC_RS03750,VC0748; VC_0748,,IscS subfamily cysteine desulfurase,-0.993514490762603,9.85470426678702e-05
VC_RS03755,VC0749; VC_0749,iscU,Fe-S cluster assembly scaffold IscU,-0.196434105725465,0.506547526396673
VC_RS03760,VC0750; VC_0750,iscA,iron-sulfur cluster assembly protein IscA,-0.366182213313189,0.0610975275096323
VC_RS03765,VC0751; VC_0751,hscB,co-chaperone HscB,-0.749854557870414,0.0008678784845482
VC_RS03770,VC0752; VC_0752,hscA,Fe-S protein assembly chaperone HscA,-0.447706009797513,0.0152320189473928
VC_RS03775,VC0753; VC_0753,fdx,ISC system 2Fe-2S type ferredoxin,0.0492006987149657,0.826980469530118
VC_RS03780,VC0754; VC_0754,iscX,Fe-S cluster assembly protein IscX,-0.710127677960502,0.0080212249586756
VC_RS03785,VC0755; VC_0755,pepB,aminopeptidase PepB,0.211183699213993,0.307846810895302
VC_RS03790,VC0756; VC_0756,ndk,nucleoside-diphosphate kinase,0.761312533951276,0.0026508116890618
VC_RS03795,VC0757; VC_0757,,bifunctional tRNA (adenosine(37)-C2)-methyltransferase TrmG/ribosomal RNA large subunit methyltransferase RlmN,-1.34039873334362,4.98509334552893e-06
VC_RS03800,VC0758; VC_0758,rodZ,cytoskeleton protein RodZ,-0.401525242509013,0.0096446070331868
VC_RS03805,VC0759; VC_0759,ispG,flavodoxin-dependent (E)-4-hydroxy-3-methylbut-2-enyl-diphosphate synthase,-0.282139991774114,0.245015652035903
VC_RS03810,VC0760; VC_0760,hisS,histidine--tRNA ligase,-0.628289899926354,0.0018762073852255
VC_RS03815,VC0761; VC_0761,,YfgM family protein,-0.463427201666702,0.0042451333762619
VC_RS03820,VC0762; VC_0762,bamB,outer membrane protein assembly factor BamB,-0.448682184248955,0.0046363477667249
VC_RS03825,VC0763; VC_0763,der,ribosome biogenesis GTPase Der,-1.16610896173541,3.57250806428395e-05
VC_RS03830,VC0764; VC_0764,,alanyl-tRNA editing protein,-0.22006396178124,0.505336561598213
VC_RS03835,VC0765; VC_0765,,zinc ribbon domain-containing protein,-0.0337171110463788,0.922816784923536
VC_RS03840,VC0766; VC_0766,xseA,exodeoxyribonuclease VII large subunit,-1.1238595919272,0.0003042585709446
VC_RS03845,VC0767; VC_0767,guaB,IMP dehydrogenase,-1.75120806499921,3.31279041841763e-05
VC_RS03850,VC0768; VC_0768,guaA,glutamine-hydrolyzing GMP synthase,-1.41455658659397,4.80357714118391e-05
VC_RS03855,VC0769; VC_0769,,chitinase,1.10336704782496,0.0348604295082931
VC_RS03860,VC0770; VC_0770,,acetate uptake transporter,-0.0818913465990313,0.78626354850719
VC_RS03865,VC0771; VC_0771,vibB,vibriobactin biosynthesis bifunctional isochorismatase/aryl carrier protein VibB,-1.08601190994572,0.0015655969410609
VC_RS03870,VC0772; VC_0772,,"(2,3-dihydroxybenzoyl)adenylate synthase",-0.463139240143078,0.161548892745874
VC_RS03875,VC0773; VC_0773,,isochorismate synthase,-1.11994303869272,0.0004446312192099
VC_RS03880,VC0774; VC_0774,,"2,3-dihydro-2,3-dihydroxybenzoate dehydrogenase",-0.718257522277236,0.0190995727918356
VC_RS03885,VC0775; VC_0775,vibH,"norspermidine-2,3-dihydroxybenzoate synthase VibH",-0.833517885728709,0.0116693527118356
VC_RS03890,VC0776; VC_0776,fepB,Fe2+-enterobactin ABC transporter substrate-binding protein,-0.211828077958546,0.327997907073772
VC_RS03895,VC0777; VC_0777,,FecCD family ABC transporter permease,0.0228077438232466,0.903992457666911
VC_RS03900,VC0778; VC_0778,,FecCD family ABC transporter permease,-0.285468637410153,0.075394873364202
VC_RS03905,VC0779; VC_0779,,ABC transporter ATP-binding protein,0.658596295156521,0.0077126623512709
VC_RS03910,VC0780; VC_0780,,4'-phosphopantetheinyl transferase family protein,-0.83470896714888,0.0127122089020294
VC_RS03915,VC0781; VC_0781,,LysR family transcriptional regulator,-0.290224203959299,0.172082052619761
VC_RS03920,VC0783; VC_0783,,alkyl/aryl-sulfatase,-0.959980334439528,0.030980171528544
VC_RS03925,VC0784; VC_0784,,alanine/glycine:cation symporter family protein,-0.246813782975225,0.352006939616851
VC_RS03930,VC0786; VC_0786,,D-amino acid dehydrogenase,0.436921081661834,0.0154734769046386
VC_RS03935,VC0787; VC_0787,,LysR substrate-binding domain-containing protein,-0.344099116727028,0.150553425259488
VC_RS03940,VC0788; VC_0788,,"DOPA 4,5-dioxygenase family protein",-0.0572341154095455,0.809214608039923
VC_RS03945,VC0789; VC_0789,,hypothetical protein,-0.300538035830853,0.328806972266086
VC_RS03950,VC0790; VC_0790,,response regulator,0.421452028364413,0.266480988752973
VC_RS03955,VC0791; VC_0791,,ATP-binding protein,0.985973206648595,0.119664327902687
VC_RS03960,VC0792; VC_0792,,sodium ion-translocating decarboxylase subunit beta,-0.207758991214405,0.592899917729885
VC_RS03965,VC0793m; VC_0793,oadA,sodium-extruding oxaloacetate decarboxylase subunit alpha,0.443548818100768,0.667464248844798
VC_RS03970,VC0794; VC_0794,,OadG family protein,0.25266869072285,0.805526854698739
VC_RS03975,VC0795; VC_0795,,citrate/sodium symporter CitS,0.552184569538403,0.127525573925936
VC_RS03980,VC0796; VC_0796,citC,[citrate (pro-3S)-lyase] ligase,1.57648569780574,0.0470347149739351
VC_RS03990,VC0798; VC_0798,citE,citrate (pro-3S)-lyase subunit beta,1.02897367751145,0.0208693199502982
VC_RS03995,VC0799; VC_0799,citF,citrate lyase subunit alpha,0.826738433327141,0.0146012446658597
VC_RS04000,VC0800; VC_0800,citX,citrate lyase holo-[acyl-carrier protein] synthase,0.553323245414116,0.0820620959383099
VC_RS04005,VC0801; VC_0801,citG,triphosphoribosyl-dephospho-CoA synthase CitG,0.523965290731564,0.0965889660021995
VC_RS04010,VC0802; VC_0802,,ACT domain-containing protein,2.58608931892158,5.41427002462465e-06
VC_RS04015,VC0803; VC_0803,,RNA methyltransferase,-0.116501077845427,0.57154408407601
VC_RS04020,VC0804; VC_0804,fdxA,ferredoxin FdxA,-1.30143876305541,0.0166604971280645
VC_RS04025,VC0806; VC_0806,,NAD(P)/FAD-dependent oxidoreductase,0.107504036944021,0.811638979611347
VC_RS04030,VC0807; VC_0807,,VC0807 family protein,0.485387101172839,0.0140208387860569
VC_RS04035,VC0809; VC_0809,,SWIM zinc finger family protein,0.397891289741419,0.0505405398103152
VC_RS04040,VC0810; VC_0810,,hypothetical protein,-0.534280410334098,0.142462412886225
VC_RS04045,VC0811; VC_0811,,nuclease-related domain-containing protein,0.177353389521574,0.660220192202908
VC_RS04050,VC0812; VC_0812,,DEAD/DEAH box helicase family protein,0.532964968398464,0.0483749487047092
VC_RS04055,VC0813; VC_0813,,class I SAM-dependent methyltransferase,0.480620252163568,0.049660336631382
VC_RS04060,VC0814; VC_0814,,helix-turn-helix transcriptional regulator,0.287134636718104,0.282524248188814
VC_RS04065,VC0815; VC_0815,,type II toxin-antitoxin system HipA family toxin,0.477528141709493,0.0732573261139804
VC_RS04070,VC0817; VC_0817,,IS481-like element ISVch1 family transposase,-0.211481332610834,0.765280636779655
VC_RS04075,VC0818; VC_0818,,IS5 family transposase,-0.124183549979071,0.681422953018501
VC_RS04080,VC0819; VC_0819,,aldehyde dehydrogenase family protein,-0.899283312620524,0.0146690605514364
VC_RS04085,VC0820; VC_0820,,M66 family metalloprotease,-0.515669302514112,0.201157543755621
VC_RS04095,VC0823; VC_0823,,anthrax toxin lethal factor-related metalloendopeptidase,-1.28682383226473,0.0001471888588959
VC_RS04100,VC0824; VC_0824,tpx,thiol peroxidase,0.62864996885995,0.0081246058208384
VC_RS04105,VC0825; VC_0825,tcpI,toxin-coregulated pilus methyl-accepting chemotaxis protein TcpI,0.186502392063934,0.470342079990622
VC_RS04110,VC0826; VC_0826,tcpP,toxin-coregulated pilus transcriptional regulator TcpP,1.82905247658814,0.0001538035865934
VC_RS04115,VC0827; VC_0827,tcpH,toxin-coregulated pilus protein TcpH,1.4133438678146,0.0007289487817878
VC_RS04120,VC0828; VC_0828,tcpA,toxin-coregulated pilus major pilin TcpA,0.233043570502361,0.543761745306251
VC_RS04125,VC0829; VC_0829,tcpB,toxin-coregulated pilus minor pilin TcpB,0.262346929497036,0.603365335249183
VC_RS04130,VC0830; VC_0830,tcpQ,toxin-coregulated pilus protein TcpQ,0.475481636218686,0.262264453618747
VC_RS04135,VC0831; VC_0831,tcpC,toxin-coregulated pilus secretin TcpC,0.133133655247324,0.782544230371967
VC_RS04140,VC0832; VC_0832,tcpR,toxin-coregulated pilus protein TcpR,-0.859626035144528,0.314724266011724
VC_RS04145,VC0833; VC_0833,tcpD,toxin-coregulated pilus protein TcpD,-1.09236550352256,0.0473117235779519
VC_RS04150,VC0834; VC_0834,tcpS,toxin-coregulated pilus protein TcpS,-0.333426282252526,0.487443668112045
VC_RS04155,VC0835; VC_0835,tcpT,toxin-coregulated pilus assembly ATPase TcpT,-0.48077769988901,0.184130401271438
VC_RS04160,VC0836; VC_0836,tcpE,toxin-coregulated pilus assembly protein TcpE,-0.711624298322121,0.164625686713965
VC_RS04165,VC0837; VC_0837,tcpF,colonization factor TcpF,-0.834488242543954,0.0027850523091753
VC_RS04170,VC0838; VC_0838,toxT,pilus/toxin transcriptional regulator ToxT,-0.48519778508039,0.411867455830032
VC_RS04175,VC0839; VC_0839,tcpJ,toxin-coregulated pilus pre-pilin peptidase TcpJ,-0.978576136607603,0.0207745536604495
VC_RS04180,VC0840; VC_0840,acfB,methyl-accepting chemotaxis protein AcfB,-0.955533755307485,0.0089942919710831
VC_RS04185,VC0841; VC_0841,acfC,accessory colonization factor AcfC,-0.317682308039549,0.109214972053457
VC_RS04190,VC0842; VC_0842,,RDD family protein,0.329119647817742,0.532837918393846
VC_RS04195,VC0843; VC_0843,,M23 family metallopeptidase,-0.446245453576514,0.177728298400905
VC_RS04200,VC0844; VC_0844,acfA,accessory colonization factor AcfA,-0.852130801896341,0.0272508155438168
VC_RS04205,VC0845; VC_0845,acfD,accessory colonization factor AcfD,-0.555649556293383,0.0084282583442604
VC_RS04215,,,IS5/IS1182 family transposase,-0.626370738351316,0.0416551424187982
VC_RS04220,VC0847; VC_0847,,integrase domain-containing protein,-1.03302613722787,0.436325582602087
VC_RS04230,VC0848; VC_0848,smpB,SsrA-binding protein SmpB,-0.0511722695591942,0.938212821859493
VC_RS04235,VC0849; VC_0849,,SRPBCC family protein,0.653108494910428,0.0045335667804732
VC_RS04240,VC0850; VC_0850,,RnfH family protein,0.773146262968791,0.0469273721672683
VC_RS04245,VC0851; VC_0851,bamE,outer membrane protein assembly factor BamE,0.149986167288542,0.816778091256085
VC_RS04250,VC0852; VC_0852,recN,DNA repair protein RecN,-0.866007250128269,0.427903343935123
VC_RS04255,VC0853; VC_0853,nadK,NAD(+) kinase,-0.0884305943029373,0.858655683283687
VC_RS04260,VC0854; VC_0854,grpE,nucleotide exchange factor GrpE,3.32690331809081,1.28872274264621e-06
VC_RS04265,VC0855; VC_0855,dnaK,molecular chaperone DnaK,3.10068422568926,6.51098711677409e-07
VC_RS04270,VC0856; VC_0856,dnaJ,molecular chaperone DnaJ,2.9783330090814,1.02802454246794e-06
VC_RS04275,VC0857; VC_0857,,type IV pilin protein,0.427719597833676,0.141383815247557
VC_RS04280,VC0858; VC_0858,,pilus assembly FimT family protein,1.32860490956899,0.0073627968839527
VC_RS04285,VC0859; VC_0859,,PulJ/GspJ family protein,1.19205891557508,0.0521510286174023
VC_RS04290,VC0860; VC_0860,,hypothetical protein,0.918789640635646,0.0138238747543284
VC_RS04295,VC0861; VC_0861,,type IV pilus modification PilV family protein,0.999375882468764,0.0223490167242634
VC_RS04300,VC0863; VC_0863,,AbgT family transporter,-1.9167497189566,6.22820340859743e-06
VC_RS04305,VC0864; VC_0864,tadA,tRNA adenosine(34) deaminase TadA,0.485604400108171,0.0861122338780896
VC_RS04310,VC0866; VC_0866,mltF,membrane-bound lytic murein transglycosylase MltF,0.629209247186774,0.0254943618969234
VC_RS04315,VC0868; VC_0868,,hypothetical protein,0.559614027348012,0.427308636891709
VC_RS04320,VC0869; VC_0869,purL,phosphoribosylformylglycinamidine synthase,-1.73842641670422,1.58958286323918e-05
VC_RS04325,VC0870; VC_0870,tnpA,IS200/IS605-like element IS1004 family transposase,-1.94847460550174,0.0005428808419882
VC_RS04330,VC0871; VC_0871,,DUF4250 domain-containing protein,-0.424300730495104,0.284129130874583
VC_RS04335,VC0872; VC_0872,,YaeP family protein,-0.37396771987341,0.664728712019322
VC_RS04340,VC0873; VC_0873,,tellurite resistance TerB family protein,1.94877151727626,0.0017095651354941
VC_RS04345,VC0875; VC_0875,,proline--tRNA ligase,-0.616726109706874,0.345396804325556
VC_RS04350,VC0876; VC_0876,tsaA,tRNA (N6-threonylcarbamoyladenosine(37)-N6)-methyltransferase TrmO,0.294358085167996,0.697441181463608
VC_RS04355,VC0878; VC_0878,,type B 50S ribosomal protein L31,-1.22428859494934,0.0724198751011133
VC_RS04360,VC0879; VC_0879,ykgO,type B 50S ribosomal protein L36,0.224464533730855,0.772442928223705
VC_RS04365,VC0880; VC_0880,,AbgT family transporter,-0.252782627677914,0.436403428722296
VC_RS04370,VC0881; VC_0881,,YaiI/YqxD family protein,-0.485505342399752,0.0871004412875297
VC_RS04375,VC0882; VC_0882,,hypothetical protein,-0.936438022203551,0.0012248956460924
VC_RS04380,VC0884; VC_0884,,GNAT family N-acetyltransferase,-0.231894189038474,0.504770373831222
VC_RS04385,VC0885; VC_0885,,DUF3301 domain-containing protein,2.97999864196174,5.78537717086102e-05
VC_RS04390,VC0886; VC_0886,,DUF3549 family protein,3.46996864447882,1.83098696763924e-06
VC_RS04395,VC0887; VC_0887,,YqcC family protein,-0.79717995595213,0.0010998495970821
VC_RS04400,VC0888; VC_0888,truC,tRNA pseudouridine(65) synthase TruC,-0.814857755345939,0.0003644159983073
VC_RS04405,VC0889; VC_0889,dxs,1-deoxy-D-xylulose-5-phosphate synthase,0.475474349975196,0.39315192418746
VC_RS04410,VC0890; VC_0890,ispA,"(2E,6E)-farnesyl diphosphate synthase",-0.107371711013878,0.805829863153782
VC_RS04415,VC0891; VC_0891,xseB,exodeoxyribonuclease VII small subunit,-0.217364867690212,0.434987147207543
VC_RS04420,VC0892; VC_0892,pomA,flagellar motor protein PomA,-0.799375517962735,0.0007468206160344
VC_RS04425,VC0893; VC_0893,,flagellar motor protein MotB,-0.349624277441439,0.0297960940621211
VC_RS04430,VC0894; VC_0894,thiI,tRNA uracil 4-sulfurtransferase ThiI,-1.65866227439827,2.05163382923934e-06
VC_RS04435,VC0896; VC_0896,,transcriptional regulator GcvA,-1.21537326318794,1.18698880439729e-05
VC_RS04440,VC0897; VC_0897,,DUF423 domain-containing protein,-0.4191679690985,0.150242863356907
VC_RS04445,VC0898; VC_0898,xni,flap endonuclease Xni,-0.225695278985073,0.258245700869279
VC_RS04450,VC0899; VC_0899,ppnN,nucleotide 5'-monophosphate nucleosidase PpnN,0.115468812577622,0.679403945319938
VC_RS04455,VC0900; VC_0900,,GGDEF domain-containing protein,0.687442762018983,0.0334560476434114
VC_RS04460,VC0901; VC_0901,,tetratricopeptide repeat protein,0.576712422434617,0.0424169471559116
VC_RS04465,VC0902; VC_0902,queF,NADPH-dependent 7-cyano-7-deazaguanine reductase QueF,0.288248446235697,0.135192156300341
VC_RS04470,VC0903; VC_0903,syd,SecY-interacting protein,-0.154841501308905,0.523347949326805
VC_RS04475,VC0904; VC_0904,,Zn-ribbon-containing protein,-0.0513075620723629,0.80057757986792
VC_RS04480,VC0905; VC_0905,metQ,methionine ABC transporter substrate-binding lipoprotein MetQ,-1.0797311817472,0.0075365546821294
VC_RS04485,VC0906; VC_0906,,methionine ABC transporter permease,-1.24389293003168,0.0086924805102743
VC_RS04490,VC0907; VC_0907,metN,methionine ABC transporter ATP-binding protein MetN,-1.30973567582953,0.0795722324436718
VC_RS04495,VC0908; VC_0908,gmhB,"D-glycero-beta-D-manno-heptose 1,7-bisphosphate 7-phosphatase",-0.0223727108354612,0.914062814101615
VC_RS04500,VC0909; VC_0909,treR,trehalose operon repressor TreR,-0.768374538306173,0.0010050754836886
VC_RS04505,VC0910; VC_0910,treB,PTS trehalose transporter subunit IIBC,-0.0338401104896226,0.906792101235811
VC_RS04510,VC0911; VC_0911,treC,"alpha,alpha-phosphotrehalase",-0.480282520817444,0.0431200272250126
VC_RS04540,VC0913; VC_0913,vexG,vibriobactin export RND transporter periplasmic adaptor subunit VexG,-0.0879790061944805,0.664728712019322
VC_RS04545,VC0914; VC_0914,vexH,vibriobactin export RND transporter permease subunit VexH,0.150960385126697,0.40979504546585
VC_RS04550,VC0916; VC_0916,vpsU,exopolysaccharide regulatory protein-tyrosine phosphatase VpsU,0.657021421883584,0.0072685750254626
VC_RS04555,VC0917; VC_0917,vpsA,UDP-N-acetylglucosamine 2-epimerase (non-hydrolyzing) VpsA,0.0188993664990012,0.941671167685922
VC_RS04560,VC0918; VC_0918,vpsB,UDP-N-acetyl-D-mannosamine dehydrogenase VpsB,-0.272937170279607,0.350332693671203
VC_RS04565,VC0919; VC_0919,vpsC,exopolysaccharide biosynthesis acetyltransferase VpsC,-0.435472601369156,0.118494242320597
VC_RS04570,VC0920; VC_0920,vpsD,exopolysaccharide biosynthesis glycosyltransferase VpsD,-0.233423223499407,0.274726417857759
VC_RS04575,VC0921; VC_0921,vpsE,exopolysaccharide biosynthesis flippase VpsE,0.223260721382584,0.211533172987019
VC_RS04580,VC0922; VC_0922,vpsF,exopolysaccharide biosynthesis protein VpsF,0.0080908580500809,0.969277227306995
VC_RS04585,VC0923; VC_0923,vpsG,exopolysaccharide biosynthesis acetyltransferase VpsG,0.13150439648601,0.65040823500462
VC_RS04590,VC0924; VC_0924,vpsH,exopolysaccharide biosynthesis protein VpsH,-0.0296220174337053,0.920597856496532
VC_RS04595,VC0925; VC_0925,vpsI,exopolysaccharide biosynthesis glycosyltransferase VpsI,-0.204668892266639,0.312112715436401
VC_RS04600,VC0926; VC_0926,vpsJ,exopolysaccharide biosynthesis protein VpsJ,-0.352782285181298,0.0838458731242839
VC_RS04605,VC0927; VC_0927,vpsK,exopolysaccharide biosynthesis glycosyltransferase VpsK,-0.682005600535646,0.0049359261695353
VC_RS04610,VC0928; VC_0928,rbmA,RbmA family biofilm matrix protein,0.89158098117177,0.0117526858917046
VC_RS04615,VC0929; VC_0929,rbmB,glycosyl hydrolase family 28-related protein,-0.320358004046084,0.344304805181411
VC_RS04620,VC0930; VC_0930,rbmC,beta-prism lectin domain-containing protein,0.694060906207584,0.0140266939156735
VC_RS04625,VC0931; VC_0931,rbmD,O-antigen ligase family protein,1.15291644406597,0.0003132365120709
VC_RS04630,VC0932; VC_0933,rbmEF,hypothetical protein,2.58163448886144,8.05845493058575e-06
VC_RS04635,VC0934; VC_0934,vpsL,exopolysaccharide biosynthesis glycosyltransferase VpsL,1.98877303909506,7.07241919730887e-06
VC_RS04640,VC0935; VC_0935,vpsM,exopolysaccharide biosynthesis beta-barrel protein VpsM,2.30052307386357,3.87746140107931e-05
VC_RS04645,VC0936; VC_0936,vpsN,exopolysaccharide export protein VpsN,2.22712422026656,4.64309478352605e-06
VC_RS04650,VC0937; VC_0937,vpsO,exopolysaccharide regulatory tyrosine autokinase VpsO,1.45248204198801,4.03314992592295e-05
VC_RS04655,VC0938; VC_0938,vpsP,exopolysaccharide biosynthesis protein VpsP,1.97871412148447,0.0001163503857697
VC_RS04660,VC0939; VC_0939,vpsQ,exopolysaccharide biosynthesis protein VpsQ,1.05979289863202,0.0009186554894369
VC_RS04665,VC0940; VC_0940,,YitT family protein,1.71980466734108,0.0003151808686477
VC_RS04670,VC0941; VC_0941,glyA,serine hydroxymethyltransferase,-0.3695297842736,0.072971824642746
VC_RS04675,VC0942; VC_0942,,hypothetical protein,0.84315218572898,0.0004947211632331
VC_RS04680,VC0943; VC_0943,lipA,lipoyl synthase,-0.926214304165699,0.0020553230812673
VC_RS04685,VC0944; VC_0944,lipB,lipoyl(octanoyl) transferase LipB,-0.417302460939692,0.0419578892381664
VC_RS04690,VC0945; VC_0945,ybeD,DUF493 family protein YbeD,-0.105973035863179,0.75911801206728
VC_RS04695,VC0947; VC_0947,,serine hydrolase,1.01177602228568,0.0019145232541353
VC_RS04700,VC0948; VC_0948,rlpA,septal ring lytic transglycosylase RlpA,0.573340778068155,0.0131714912025964
VC_RS04705,VC0949; VC_0949,mrdB,peptidoglycan glycosyltransferase MrdB,0.007849628518356,0.978884465743012
VC_RS04710,VC0950; VC_0950,mrdA,penicillin-binding protein 2,-0.488613218117057,0.545136823165063
VC_RS04715,VC0951; VC_0951,rlmH,23S rRNA (pseudouridine(1915)-N(3))-methyltransferase RlmH,-0.868295818480875,0.0001464715547824
VC_RS04720,VC0952; VC_0952,rsfS,ribosome silencing factor,-0.257707645440871,0.334206715634396
VC_RS04725,VC0953; VC_0953,holA,DNA polymerase III subunit delta,0.537557090527776,0.0834427371466142
VC_RS04730,VC0954; VC_0954,lptE,LPS assembly lipoprotein LptE,0.397465258723686,0.0333193383634602
VC_RS04735,VC0956; VC_0956,leuS,leucine--tRNA ligase,-0.520103233136261,0.0555135684864827
VC_RS04740,VC0957; VC_0957,,zinc ribbon-containing protein,1.22925580381943,0.0005606746201515
VC_RS04745,VC0958; VC_0958,lnt,apolipoprotein N-acyltransferase,-0.768790480116509,0.0020531313600361
VC_RS04750,VC0959; VC_0959,corC,CNNM family magnesium/cobalt transport protein CorC,0.326017194118177,0.168899700325602
VC_RS04755,VC0960; VC_0960,ybeY,rRNA maturation RNase YbeY,0.536455704061834,0.0065364250067419
VC_RS04760,VC0961; VC_0961,,PhoH family protein,-0.142120130801489,0.637500426766446
VC_RS04765,VC0962; VC_0962,miaB,tRNA (N6-isopentenyl adenosine(37)-C2)-methylthiotransferase MiaB,-1.39220237376495,0.0001137625774442
VC_RS04770,VC0963; VC_0963,,"2-octaprenyl-3-methyl-6-methoxy-1,4-benzoquinol hydroxylase",0.39753745627656,0.0468272587549238
VC_RS04775,VC0964; VC_0964,crr,PTS glucose transporter subunit IIA,0.0192051238298431,0.948329908495496
VC_RS04780,VC0965; VC_0965,ptsI,phosphoenolpyruvate-protein phosphotransferase PtsI,0.646611393701327,0.0068637542950989
VC_RS04785,VC0966; VC_0966,,HPr family phosphocarrier protein,0.96113880151632,0.0011340937604614
VC_RS04790,VC0968; VC_0968,cysK,cysteine synthase A,1.20959572570029,0.0001599136225961
VC_RS04795,VC0969; VC_0969,cysZ,sulfate transporter CysZ,0.939695242760026,0.0002903486083452
VC_RS04800,VC0970; VC_0970,zipA,cell division protein ZipA,0.443101293286391,0.0097516844971345
VC_RS04805,VC0971; VC_0971,ligA,NAD-dependent DNA ligase LigA,0.275231255346117,0.0634547179392805
VC_RS04810,VC0972; VC_0972,chiP,chitoporin,1.29083368231592,0.0001613084156108
VC_RS04815,VC0973; VC_0973,,hypothetical protein,0.851014356712648,0.0020592775384141
VC_RS04820,VC0974; VC_0974,cueR,Cu(I)-responsive transcriptional regulator,0.650501738934302,0.0059411252996893
VC_RS04825,VC0975; VC_0975,,NfeD family protein,-0.634629975810934,0.0148766052197451
VC_RS04830,VC0976; VC_0976,,SPFH domain-containing protein,-1.21590029372756,0.0009487645331554
VC_RS04835,VC0977; VC_0977,,co-chaperone YbbN,2.18124416075193,8.1294582605285e-06
VC_RS04840,VC0979; VC_0979,,SDR family oxidoreductase,-0.819813226811016,0.014062038597502
VC_RS04845,VC0980; VC_0980,,TIGR01777 family oxidoreductase,0.0518794722804284,0.859224678874751
VC_RS04850,VC0981; VC_0981,yfcE,phosphodiesterase,0.578889610208035,0.0072604583273213
VC_RS04855,VC0982; VC_0982,,SelT/SelW/SelH family protein,-0.261236180325701,0.539218063293047
VC_RS04860,VC0983; VC_0983,toxS,transmembrane regulator ToxS,0.411685519396688,0.135166033935917
VC_RS04865,VC0984; VC_0984,,winged helix-turn-helix domain-containing protein,-0.594454072067723,0.0146065666621377
VC_RS04870,VC0985; VC_0985,htpG,molecular chaperone HtpG,4.82632197772745,1.06073254990223e-07
VC_RS04875,VC0986; VC_0986,adk,adenylate kinase,0.156922786565214,0.457314574402586
VC_RS04880,VC0987; VC_0987,hemH,ferrochelatase,-0.529745069512062,0.0057495542023525
VC_RS04885,VC0988; VC_0988,dtpA,dipeptide/tripeptide permease DtpA,0.408783476968783,0.434218633346684
VC_RS04890,VC0990; VC_0990,rfaH,transcription/translation regulatory transformer protein RfaH,0.71108744973081,0.0061807277144812
VC_RS04895,VC0991; VC_0991,asnB,asparagine synthase B,-2.04049436843974,1.80831802572771e-05
VC_RS04900,VC0992; VC_0992,,cation:proton antiporter,-1.33057676366792,1.92579014895894e-05
VC_RS04905,VC0993; VC_0993,,DNA-binding transcriptional regulator NagC,1.00140976161243,0.0091714116709578
VC_RS04910,VC0994; VC_0994,nagA,N-acetylglucosamine-6-phosphate deacetylase,-0.345608868361877,0.34561082399835
VC_RS04915,VC0995; VC_0995,nagE,N-acetylglucosamine-specific PTS transporter subunit IIBC,0.492913965257861,0.0334560476434114
VC_RS04920,VC0997; VC_0997,glnS,glutamine--tRNA ligase,-0.174949548519572,0.378453887469331
VC_RS04925,VC0998; VC_0998,hubP,polar hub landmark protein HubP,-0.0981992057206266,0.544823972616986
VC_RS04930,VC0999; VC_0999,truA,tRNA pseudouridine(38-40) synthase TruA,-0.19672372725273,0.379032432169054
VC_RS04935,VC1000; VC_1000,accD,"acetyl-CoA carboxylase, carboxyltransferase subunit beta",0.648111305211624,0.0069555845317358
VC_RS04940,VC1001; VC_1001,folC,bifunctional tetrahydrofolate synthase/dihydrofolate synthase,-0.807865958172311,0.0002338071221731
VC_RS04945,VC1002; VC_1002,,SPOR domain-containing protein,-0.0657609974649835,0.766466031421771
VC_RS04950,VC1003; VC_1003,,CvpA family protein,-1.21608051271534,2.91131517043772e-05
VC_RS04955,VC1004; VC_1004,purF,amidophosphoribosyltransferase,-1.62132674087313,4.91593835068502e-06
VC_RS04960,VC1005; VC_1005,,Na+/H+ antiporter family protein,-2.0802593412867,2.31552899782741e-06
VC_RS04965,VC1006; VC_1006,rnt,ribonuclease T,-1.03192729282166,0.0039852485826067
VC_RS04970,VC1008; VC_1008,,flagellar protein MotY,0.913675650131363,0.0087540520983444
VC_RS04975,VC1009; VC_1009,,DUF2753 domain-containing protein,-1.00640589744656,0.0057328439585101
VC_RS04980,VC1010; VC_1010,gloA,lactoylglutathione lyase,-0.156843980715175,0.508102795600642
VC_RS04985,VC1011; VC_1011,nth,endonuclease III,-0.357629877932441,0.053423285056098
VC_RS04990,VC1012; VC_1012,,electron transport complex subunit E,-1.40247531186578,0.0190813724483747
VC_RS04995,VC1013; VC_1013,rsxG,electron transport complex subunit RsxG,-0.674065105885382,0.0309096105658287
VC_RS05000,VC1014; VC_1014,rsxD,electron transport complex subunit RsxD,-0.366453146896207,0.112192033018641
VC_RS05005,VC1015; VC_1015,rsxC,electron transport complex subunit RsxC,-0.308596289409876,0.0400332051499193
VC_RS05010,VC1016; VC_1016,rsxB,electron transport complex subunit RsxB,-0.644900634898618,0.0738114256335176
VC_RS05015,VC1017; VC_1017,rsxA,electron transport complex subunit RsxA,-0.873717535707969,0.149331686810258
VC_RS05025,VC1018; VC_1018,uvrB,excinuclease ABC subunit UvrB,0.755099741563457,0.0003513028649224
VC_RS05030,VC1021; VC_1021,luxO,quorum-sensing sigma-54 dependent transcriptional regulator LuxO,0.546691228982713,0.0030586956682964
VC_RS05035,VC1022; VC_1022,luxU,quorum-sensing phosphorelay protein LuxU,0.816265026837582,0.0001706773612692
VC_RS05040,VC1023; VC_1023,,YvcK family protein,0.261973360906806,0.619374327616461
VC_RS05045,VC1024; VC_1024,moaA,"GTP 3',8-cyclase MoaA",-0.925668900012572,0.0011340937604614
VC_RS05050,VC1025; VC_1025,moaB,molybdenum cofactor biosynthesis protein B,0.0997531266055123,0.582167274062295
VC_RS05055,VC1026; VC_1026,moaC,cyclic pyranopterin monophosphate synthase MoaC,0.188442902672695,0.423210480267117
VC_RS05060,VC1027; VC_1027,moaD,molybdopterin synthase sulfur carrier subunit,0.246367758448617,0.669449307567446
VC_RS05065,VC1028; VC_1028,moaE,molybdopterin synthase catalytic subunit MoaE,0.128734991377956,0.603462161517826
VC_RS05070,VC1029; VC_1029,,GGDEF domain-containing protein,2.64922191043316,1.81292652054901e-06
VC_RS05075,VC1031; VC_1031,,CBS domain-containing protein,2.61856789629822,7.07241919730887e-06
VC_RS05080,VC1033; VC_1033,,zinc/cadmium/mercury/lead-transporting ATPase,0.522110013796594,0.220593045867405
VC_RS05085,VC1034; VC_1034,udp,uridine phosphorylase,-0.568386629976209,0.0483749487047092
VC_RS05090,VC1035; VC_1035,,hypothetical protein,2.35332728218233,0.0512132851241333
VC_RS05095,VC1036; VC_1036,metG,methionine--tRNA ligase,-0.5825042112402,0.0084528828653278
VC_RS05100,VC1037; VC_1037,apbC,iron-sulfur cluster carrier protein ApbC,0.825321150687182,0.0003503022539879
VC_RS05105,VC1038; VC_1038,udk,uridine kinase,-0.0411642381978575,0.87743500408231
VC_RS05110,VC1039; VC_1039,,AsmA family protein,1.3659681561493,2.77954199562971e-05
VC_RS05115,VC1040; VC_1040,cobO,"cob(I)yrinic acid a,c-diamide adenosyltransferase",-0.810360703710987,0.0103796414059593
VC_RS05120,VC1041; VC_1041,,low molecular weight protein-tyrosine-phosphatase,0.0259606953977822,0.920625976074009
VC_RS05125,VC1042; VC_1042,,outer membrane protein transport protein,-0.0813446463720627,0.7923932293703
VC_RS05130,VC1043; VC_1043,,outer membrane protein transport protein,-0.238079655839798,0.280448579926892
VC_RS05135,VC1044; VC_1044,,DUF3379 domain-containing protein,1.100521182112,0.129425820403435
VC_RS05140,VC1045; VC_1045,,sigma-70 family RNA polymerase sigma factor,0.200271394905217,0.487196170657835
VC_RS05145,VC1046; VC_1046,fadI,acetyl-CoA C-acyltransferase FadI,-0.5745730606402,0.014667383670871
VC_RS05150,VC1047; VC_1047,fadJ,fatty acid oxidation complex subunit alpha FadJ,-0.307360960810852,0.0808734717622352
VC_RS05155,VC1048; VC_1048,,NAD(P)H nitroreductase,-0.765023960181833,0.0017049532397845
VC_RS05160,VC1049; VC_1049,,LysR family transcriptional regulator,-0.575182367456588,0.0872841066855399
VC_RS05165,VC1050; VC_1050,,response regulator,0.497437340705997,0.053780086294732
VC_RS05170,VC1052; VC_1052,,YbaN family protein,0.357824879838165,0.131066007339945
VC_RS05175,VC1053; VC_1053,apt,adenine phosphoribosyltransferase,-0.25983775863469,0.0885812247275413
VC_RS05180,VC1054; VC_1054,dnaX,DNA polymerase III subunit gamma/tau,-0.621513106459771,0.0003205013857353
VC_RS05185,VC1055; VC_1055,,YbaB/EbfC family nucleoid-associated protein,1.89414893557187,4.82807494436112e-07
VC_RS05190,VC1056; VC_1056,recR,recombination mediator RecR,2.11051228933693,2.26339070394392e-07
VC_RS05195,VC1057; VC_1057,,YkgJ family cysteine cluster protein,-1.90358944819813,9.59973941130427e-05
VC_RS05200,VC1058; VC_1058,,YcgN family cysteine cluster protein,-0.942080320633213,0.0081917378268812
VC_RS05205,VC1059; VC_1059,,YciK family oxidoreductase,-0.627950548375419,0.262264453618747
VC_RS05210,VC1060; VC_1060,sohB,protease SohB,-0.396746793795807,0.0212435097401464
VC_RS05215,VC1061; VC_1061,,PLP-dependent cysteine synthase family protein,-0.735174608695428,0.075394873364202
VC_RS05220,VC1062; VC_1062,,Lrp/AsnC family transcriptional regulator,0.0911327021668491,0.730648270429652
VC_RS05225,VC1063; VC_1063,tesB,acyl-CoA thioesterase II,2.09346520709207,0.0004299057171887
VC_RS05230,VC1064; VC_1064,,YbaY family lipoprotein,0.826110012717023,0.0101740393983023
VC_RS05235,VC1065; VC_1065,,DNA base-flipping protein,-0.343665982725044,0.305189353022061
VC_RS05240,VC1066; VC_1066,,hypothetical protein,0.244001803227762,0.399857683951257
VC_RS05245,VC1067; VC_1067,,GGDEF domain-containing protein,0.0231933605120819,0.910653399192183
VC_RS05255,VC1068; VC_1068,,metalloregulator ArsR/SmtB family transcription factor,-2.39340231672607,0.0003727494993637
VC_RS05260,VC1069; VC_1069,,ArsJ-associated glyceraldehyde-3-phosphate dehydrogenase,-1.42341820827224,0.0003759520538294
VC_RS05265,VC1070; VC_1070,,cyclin-dependent kinase inhibitor 3 family protein,-1.24750030565209,0.0011257354765162
VC_RS05270,VC1071; VC_1071,arsJ,organoarsenical effux MFS transporter ArsJ,-1.11097588685627,0.0066927521796464
VC_RS05275,VC1073; VC_1073,,glycosyl hydrolase family 18 protein,-0.929154997513186,0.0082466007130466
VC_RS05280,VC1074; VC_1074,,CPBP family intramembrane glutamic endopeptidase,-1.28128979056694,0.0002596289727861
VC_RS05285,VC1075; VC_1075,,YbhB/YbcL family Raf kinase inhibitor-like protein,0.700713699331012,0.0763563478260746
VC_RS05290,VC1076; VC_1076,,helix-turn-helix transcriptional regulator,0.808304039219843,0.0054134708874492
VC_RS05295,VC1077; VC_1077,,hypothetical protein,0.795955864661461,0.023568132203248
VC_RS05300,VC1079; VC_1079,,L-threonylcarbamoyladenylate synthase,-1.75516569041452,1.48358519144971e-06
VC_RS05305,VC1080; VC_1080,,Hpt domain-containing protein,0.629254979583506,0.079367663527863
VC_RS05310,VC1081; VC_1081,,HDOD domain-containing protein,1.40750958542231,0.0011671098712507
VC_RS05315,VC1082; VC_1082,,response regulator,0.606242424250531,0.0912745892916849
VC_RS05320,VC1083; VC_1083,,chemotaxis protein CheC,0.481229507294089,0.100315571232988
VC_RS05325,VC1084; VC_1084,,sensor histidine kinase,0.781975070950529,0.0034156440976637
VC_RS05330,VC1085; VC_1085,,sensor histidine kinase,0.36981611412996,0.157527982628704
VC_RS05335,VC1086; VC_1086,,EAL domain-containing response regulator,1.362675195277,0.0002448816820786
VC_RS05340,VC1087; VC_1087,,response regulator,1.42669555390662,3.45096728711128e-06
VC_RS05345,VC1088; VC_1088,,sensor histidine kinase,1.26801558404712,0.0961354175379839
VC_RS05350,VC1089; VC_1089,,phosphate/phosphite/phosphonate ABC transporter substrate-binding protein,0.0757851986263199,0.836480226136602
VC_RS05355,VC1091; VC_1091,,ABC transporter substrate-binding protein,-0.139538256480081,0.646325546433236
VC_RS05360,VC1092; VC_1092,oppB,oligopeptide ABC transporter permease OppB,-1.91952227774055,0.0001234917854872
VC_RS05365,VC1093; VC_1093,oppC,oligopeptide ABC transporter permease OppC,-1.64157731333838,0.0005510810979777
VC_RS05370,VC1094; VC_1094,,ABC transporter ATP-binding protein,-1.38790323118644,0.0001362788834281
VC_RS05375,VC1095; VC_1095,oppF,murein tripeptide/oligopeptide ABC transporter ATP binding protein OppF,-0.724610874142347,0.0092515073243397
VC_RS05380,VC1096; VC_1096,,glutathione S-transferase family protein,-0.588712355263166,0.0039654627857516
VC_RS05385,VC1097; VC_1097,pta,phosphate acetyltransferase,-0.349260289325382,0.500468455965775
VC_RS05390,VC1098; VC_1098,,acetate kinase,-0.85766977419292,0.0001172894459765
VC_RS05395,VC1099; VC_1099,yfbV,terminus macrodomain insulation protein YfbV,1.11942753142667,4.52450865044375e-05
VC_RS05400,VC1100; VC_1100,,VF530 family DNA-binding protein,-2.51447547171978,6.38837569693521e-06
VC_RS05405,VC1101; VC_1101,,ABC transporter substrate-binding protein,-0.183507229537604,0.473279745337974
VC_RS05410,VC1102; VC_1102,,ABC transporter permease,-0.346157287243855,0.20195378728079
VC_RS05415,VC1103; VC_1103,,ABC transporter ATP-binding protein,-0.607067655930994,0.049660336631382
VC_RS05420,VC1104; VC_1104,,sensor domain-containing diguanylate cyclase,-0.107919733025881,0.631776178814422
VC_RS05425,VC1105; VC_1105,dusC,tRNA dihydrouridine(16) synthase DusC,-1.59004291110288,9.30001140743815e-05
VC_RS05430,VC1106; VC_1106,,YecA family protein,-0.316209999966059,0.075618068723244
VC_RS05435,VC1107; VC_1107,lolA,outer membrane lipoprotein chaperone LolA,0.306677869424613,0.102388484649065
VC_RS05440,VC1108; VC_1108,,replication-associated recombination protein A,0.585584139574433,0.0104423003112239
VC_RS05445,VC1110; VC_1110,serS,serine--tRNA ligase,-0.302481591750612,0.0491910412039828
VC_RS05450,VC1111; VC_1111,bioA,adenosylmethionine--8-amino-7-oxononanoate transaminase,3.89348068888886,1.9607931112082e-07
VC_RS05455,VC1112; VC_1112,bioB,biotin synthase BioB,3.7811189391426,8.78858949477937e-07
VC_RS05460,VC1113; VC_1113,bioF,8-amino-7-oxononanoate synthase,3.37522193571842,9.89384235662433e-07
VC_RS05465,VC1114; VC_1114,bioC,malonyl-ACP O-methyltransferase BioC,2.33862059740045,1.58594671816042e-05
VC_RS05470,VC1115; VC_1115,bioD,dethiobiotin synthase,-10.5167227974024,5.91652897419525e-10
VC_RS05475,VC1117; VC_1117,htpX,protease HtpX,2.2886917172294,1.06073254990223e-07
VC_RS05480,VC1118; VC_1118,,nuclear transport factor 2 family protein,-0.770132595574433,0.0279060017877698
VC_RS05485,VC1119; VC_1119,,SDR family oxidoreductase,-1.04155358539737,0.0015171177654647
VC_RS05490,VC1120; VC_1120,,NAD(P)/FAD-dependent oxidoreductase,-0.456081306773967,0.034935093434963
VC_RS05495,VC1121; VC_1121,,DUF1365 domain-containing protein,-0.35338056661024,0.124148239379095
VC_RS05500,VC1122; VC_1122,,SAM-dependent methyltransferase,-0.931784823056866,0.0001627898383973
VC_RS05505,VC1123; VC_1123,,DUF2878 domain-containing protein,-0.341723521742632,0.190500789752584
VC_RS05510,VC1124; VC_1124,,chalcone isomerase family protein,0.567472076091411,0.210455915811833
VC_RS05515,VC1125; VC_1125,,DUF3833 domain-containing protein,0.599699817086115,0.0147152574151953
VC_RS05520,VC1126; VC_1126,purB,adenylosuccinate lyase,-0.156131656413026,0.628193387160858
VC_RS05525,VC1127; VC_1127,hflD,high frequency lysogenization protein HflD,-0.73073825520169,0.0058853567142508
VC_RS05530,VC1128; VC_1128,mnmA,tRNA 2-thiouridine(34) synthase MnmA,-0.439808008690431,0.0201214472914546
VC_RS05535,VC1129; VC_1129,,inosine/guanosine kinase,0.328825735399194,0.139365654193773
VC_RS05540,VC1130; VC_1130,,H-NS family nucleoid-associated regulatory protein,0.386577592088267,0.342590169680493
VC_RS05545,VC1131; VC_1131,,Na+/H+ antiporter NhaC family protein,-0.872438614840103,0.0001189701317321
VC_RS05550,VC1132; VC_1132,hisG,ATP phosphoribosyltransferase,-0.0391480269804405,0.830374794277008
VC_RS05555,VC1133; VC_1133,hisD,histidinol dehydrogenase,-0.343816798653849,0.0525904845344498
VC_RS05560,VC1134; VC_1134,hisC,histidinol-phosphate transaminase,-0.0970506051105754,0.506522774354252
VC_RS05565,VC1135; VC_1135,hisB,bifunctional histidinol-phosphatase/imidazoleglycerol-phosphate dehydratase HisB,-0.318167749954909,0.0805488778505555
VC_RS05570,VC1136; VC_1136,hisH,imidazole glycerol phosphate synthase subunit HisH,-0.253667890154229,0.19019559455787
VC_RS05575,VC1137; VC_1137,hisA,1-(5-phosphoribosyl)-5-[(5- phosphoribosylamino)methylideneamino]imidazole-4- carboxamide isomerase,-0.328779153439284,0.145823148432269
VC_RS05580,VC1138; VC_1138,hisF,imidazole glycerol phosphate synthase subunit HisF,0.0811474667326281,0.702178237327837
VC_RS05585,VC1139; VC_1139,hisIE,bifunctional phosphoribosyl-AMP cyclohydrolase/phosphoribosyl-ATP diphosphatase HisIE,0.43371641783484,0.0733910080097371
VC_RS05590,VC1140; VC_1140,rluE,23S rRNA pseudouridine(2457) synthase RluE,-2.1020642736354,0.168518700554155
VC_RS05595,VC1141; VC_1141,,NADP-dependent isocitrate dehydrogenase,-0.0693490299536659,0.685051994781533
VC_RS05600,VC1142; VC_1142,cspD,cold shock domain-containing protein CspD,0.562289862796256,0.280515886036276
VC_RS05605,VC1143; VC_1143,clpS,ATP-dependent Clp protease adapter ClpS,0.319487876384566,0.0549468352362705
VC_RS05610,VC1144; VC_1144,clpA,ATP-dependent Clp protease ATP-binding subunit ClpA,1.45370765554802,1.65914845045152e-06
VC_RS05615,VC1145; VC_1145,,aspartate:alanine antiporter,-0.356512070059036,0.499564447655508
VC_RS05620,VC1146; VC_1146,,GrxA family glutaredoxin,0.0747907263183756,0.734031709404684
VC_RS05625,VC1147; VC_1147,,iron-containing alcohol dehydrogenase,0.967815689536468,0.0211085855135254
VC_RS05630,VC1148; VC_1148,,MurR/RpiR family transcriptional regulator,0.672945928563565,0.005235641055144
VC_RS05635,VC1149; VC_1149,panP,pyridoxal-dependent aspartate 1-decarboxylase PanP,-0.219555351076052,0.359597044272551
VC_RS05640,VC1150; VC_1150,,hypothetical protein,-1.60243731997064,0.078053935064211
VC_RS05645,VC1151; VC_1151,,lysine exporter LysO family protein,-1.55326625018899,3.74721669478781e-06
VC_RS05650,VC1152; VC_1152,,HDOD domain-containing protein,-0.204347631021414,0.710803339061878
VC_RS05655,VC1153; VC_1153,,TfoX/Sxy family DNA transformation protein,-0.578586258698103,0.0755063822651402
VC_RS05660,VC1154; VC_1154,,hypothetical protein,1.49338297955623,6.52889859379367e-05
VC_RS05665,VC1155; VC_1155,,response regulator,-0.239519099312404,0.368736210835278
VC_RS05670,VC1156; VC_1156,,ATP-binding protein,1.61747571617744,0.0059519643863338
VC_RS05675,VC1158; VC_1158,,YdgA family protein,-0.121637857674721,0.565563250697508
VC_RS05680,VC1159; VC_1159,serC,3-phosphoserine/phosphohydroxythreonine transaminase,0.049429463562591,0.862329719744267
VC_RS05685,VC1160; VC_1160,,alpha-L-glutamate ligase-like protein,-0.0107394391783157,0.962085081334569
VC_RS05690,VC1161; VC_1161,,inactive transglutaminase family protein,0.48529137179362,0.0446796679425797
VC_RS05695,VC1162; VC_1162,,ATP-dependent zinc protease family protein,0.0653365409740757,0.765628753272314
VC_RS05700,VC1163; VC_1163,cmoB,tRNA 5-methoxyuridine(34)/uridine 5-oxyacetic acid(34) synthase CmoB,-1.19857566142183,7.13148295689867e-05
VC_RS05705,VC1164; VC_1164,cmoA,carboxy-S-adenosyl-L-methionine synthase CmoA,-1.39010193848061,0.0002042072927008
VC_RS05710,VC1165; VC_1165,,DUF72 domain-containing protein,-0.596389086957275,0.0284657884422724
VC_RS05715,VC1166; VC_1166,aspS,aspartate--tRNA ligase,-0.888828328537401,8.04904547569652e-05
VC_RS05720,VC1167; VC_1167,,thymidine kinase,-0.274727009295113,0.191143248989562
VC_RS05725,VC1168; VC_1168,,dicarboxylate/amino acid:cation symporter,-1.09020532325373,0.0011190095311364
VC_RS05730,VC1169; VC_1169,trpA,tryptophan synthase subunit alpha,-1.4386666328739,0.101061689198265
VC_RS05735,VC1170; VC_1170,trpB,tryptophan synthase subunit beta,-1.76326503014344,0.0061131590617487
VC_RS05740,VC1171; VC_1171,trpCF,bifunctional indole-3-glycerol-phosphate synthase TrpC/phosphoribosylanthranilate isomerase TrpF,-1.44347085251998,0.0001971172568613
VC_RS05745,VC1172; VC_1172,trpD,anthranilate phosphoribosyltransferase,-1.95379893545337,0.0004664496080472
VC_RS05750,VC1173; VC_1173,,aminodeoxychorismate/anthranilate synthase component II,-2.28132547707032,0.0002333561205892
VC_RS05755,VC1174; VC_1174,,anthranilate synthase component 1,-2.56089388730889,1.33409138597987e-05
VC_RS05760,VC_1176,,hypothetical protein,-2.01036557424496,1.42645475338977e-05
VC_RS05765,VC1177; VC_1177,,RNase RNM,-0.178383546206339,0.357170261105336
VC_RS05770,VC1178; VC_1178,,L-threonylcarbamoyladenylate synthase,-0.454106971642307,0.0830400406468193
VC_RS05775,VC1179; VC_1179,rluB,23S rRNA pseudouridine(2605) synthase RluB,-0.452317967914076,0.0107848839829532
VC_RS05780,VC1180; VC_1180,cydC,heme ABC transporter ATP-binding protein/permease CydC,-0.0116100800882766,0.956511150282267
VC_RS05785,VC1181; VC_1181,cydD,heme ABC transporter permease/ATP-binding protein CydD,-0.119806633901391,0.788053827533181
VC_RS05790,VC1182; VC_1182,trxB,thioredoxin-disulfide reductase,1.20231494635254,0.0078718101115943
VC_RS05795,VC1183; VC_1183,,2OG-Fe dioxygenase family protein,2.03558671735304,2.23042003828501e-06
VC_RS05800,VC1184; VC_1184,,cysteine desulfurase-like protein,2.35355843704472,6.46319039523362e-07
VC_RS05805,VC1185; VC_1185,,GGDEF domain-containing protein,-1.47350046631032,0.0020601030932121
VC_RS05810,VC1186; VC_1186,,SanA/YdcF family protein,0.382059693449101,0.399971774330006
VC_RS05815,VC1187; VC_1187,,DUF3392 domain-containing protein,0.0086628609818084,0.983670654498713
VC_RS05820,VC1188; VC_1188,,NAD-dependent malic enzyme,0.0183829378230395,0.919374189397563
VC_RS05825,VC1189; VC_1189,,hypothetical protein,-0.0186700713318449,0.950881636536401
VC_RS05830,VC1190; VC_1190,purC,phosphoribosylaminoimidazolesuccinocarboxamide synthase,-2.53663135908615,1.17332437047031e-06
VC_RS05835,VC1191; VC_1191,,hypothetical protein,0.55837811967799,0.0690609299839928
VC_RS05840,VC1193; VC_1193,,hypothetical protein,-0.597477841833513,0.203920830808073
VC_RS05845,VC1194; VC_1194,,J domain-containing protein,-0.502929590543322,0.0122449770871954
VC_RS05850,VC1195; VC_1195,,OmpA family protein,2.25920955895067,2.80468498512428e-05
VC_RS05855,VC1196; VC_1196,,DUF2786 domain-containing protein,-0.522520713988356,0.285167998031202
VC_RS05860,VC1197; VC_1197,,DUF3334 family protein,0.607436439690891,0.0797185944986167
VC_RS05865,VC1198; VC_1198,,D-2-hydroxyglutarate dehydrogenase YdiJ,-0.574268498293356,0.0083941019181399
VC_RS05870,VC1199; VC_1199,,methyltransferase family protein,-0.0747830309064132,0.808620878135326
VC_RS05875,VC1200; VC_1200,vesB,GlyGly-anchored extracellular serine protease VesB,0.0078446570835921,0.96357373271559
VC_RS05880,VC1201; VC_1201,,DUF3581 domain-containing protein,0.129009536114124,0.516112529912523
VC_RS05885,VC1202; VC_1202,hutH,histidine ammonia-lyase,2.0022753640933,4.60762025594154e-06
VC_RS05890,VC1203; VC_1203,hutU,urocanate hydratase,1.86946674343921,1.58594671816042e-05
VC_RS05895,VC1204; VC_1204,hutG,formimidoylglutamase,1.53206991886245,0.0001183242527109
VC_RS05900,VC1205; VC_1205,hutI,imidazolonepropionase,1.51932789429793,2.12981965390813e-05
VC_RS05905,VC1206; VC_1206,hutC,histidine utilization repressor,0.730452814794545,0.0141183224155977
VC_RS05910,VC1207; VC_1207,,DUF3187 family protein,0.741632430100846,0.0377280695376004
VC_RS05915,VC1208; VC_1208,,HI1450 family dsDNA-mimic protein,0.477131872652646,0.32391068461941
VC_RS05920,VC1209; VC_1209,yeiP,elongation factor P-like protein YeiP,0.545355845930182,0.025080814978327
VC_RS05925,VC1210; VC_1210,,nucleotidyltransferase domain-containing protein,0.679518445893349,0.0012166358028503
VC_RS05930,VC1211; VC_1211,,PTS sugar transporter subunit IIC/EAL domain-containing protein,0.735887243798247,0.0008384519744373
VC_RS05935,VC1212; VC_1212,,DNA polymerase II,0.161050901359352,0.329727282844804
VC_RS05940,VC1213; VC_1213,uvrY,UvrY/SirA/GacA family response regulator transcription factor,0.394819644119487,0.0341593609089047
VC_RS05945,VC1214; VC_1214,uvrC,excinuclease ABC subunit UvrC,0.192097990316377,0.317360956144629
VC_RS05950,VC1215; VC_1215,pgsA,CDP-diacylglycerol--glycerol-3-phosphate 3-phosphatidyltransferase,0.117136755123267,0.50827971653994
VC_RS05975,VC1216; VC_1216,,GGDEF domain-containing protein,0.465456247345091,0.272743643451133
VC_RS05980,VC1217; VC_1217,,GNAT family N-acetyltransferase,3.30104259237883,0.000198537512889
VC_RS05985,VC1219; VC_1219,pheS,phenylalanine--tRNA ligase subunit alpha,-0.691569043140562,0.0003904382958403
VC_RS05990,VC1220; VC_1220,pheT,phenylalanine--tRNA ligase subunit beta,-0.293361148111747,0.0920340109738179
VC_RS05995,VC1222; VC_1222,ihfA,integration host factor subunit alpha,0.559591683268359,0.0014802896731048
VC_RS06000,VC1224; VC_1224,relV,(p)ppGpp synthetase RelV,3.36333203141927,0.0037891848423181
VC_RS06005,VC1226; VC_1226,,thiopurine S-methyltransferase,0.523198009918915,0.0107856740451914
VC_RS06010,VC1228; VC_1228,purT,phosphoribosylglycinamide formyltransferase 2,-1.07502299697797,0.0006426785385707
VC_RS06015,VC1229; VC_1229,,AEC family transporter,-0.400615266136729,0.100315571232988
VC_RS06020,VC1231; VC_1231,cdd,cytidine deaminase,-1.14244038344305,0.0041918193909968
VC_RS06025,VC1232; VC_1232,,LrgB family protein,0.255037059654099,0.352778989002244
VC_RS06030,VC1233; VC_1233,,CidA/LrgA family protein,-0.0716127073590287,0.764244607387786
VC_RS06035,VC1234; VC_1234,sbcB,exodeoxyribonuclease I,-0.0824659911645774,0.840620177226039
VC_RS06040,VC1235; VC_1235,,L-cystine transporter,0.0649985259945907,0.859224678874751
VC_RS06045,VC1236; VC_1236,msrB,peptide-methionine (R)-S-oxide reductase MsrB,1.43885313138514,5.01361659035319e-05
VC_RS06050,VC1237; VC_1237,cobT,nicotinate-nucleotide--dimethylbenzimidazole phosphoribosyltransferase,0.322755325062618,0.156906482547984
VC_RS06055,VC1238; VC_1238,,adenosylcobinamide-GDP ribazoletransferase,0.099039317376194,0.703966346400421
VC_RS06060,VC1239; VC_1239,cobU,bifunctional adenosylcobinamide kinase/adenosylcobinamide-phosphate guanylyltransferase,0.470286187279908,0.0481674351105802
VC_RS06065,VC1240; VC_1240,,histidine phosphatase family protein,0.198192874647362,0.345153743419327
VC_RS06070,VC1242; VC_1242,,succinylglutamate desuccinylase,0.290255014096141,0.153229024858778
VC_RS06075,VC1244; VC_1244,btuC,vitamin B12 ABC transporter permease BtuC,-0.295094583971844,0.087112317305627
VC_RS06080,VC1245; VC_1245,btuD,vitamin B12 ABC transporter ATP-binding protein BtuD,-0.0959444872052043,0.611553322540042
VC_RS06085,VC1246; VC_1246,,nucleoside triphosphate pyrophosphohydrolase family protein,-0.607391840103905,0.108425677912499
VC_RS06090,VC1247; VC_1247,,DUF2750 domain-containing protein,-1.73112357402113,1.83098696763924e-06
VC_RS06095,VC1248; VC_1248,,methyl-accepting chemotaxis protein,1.9431941716844,0.0091722670729813
VC_RS06100,VC1249; VC_1249,,glycine cleavage system protein R,1.24281193962701,0.0104190228260329
VC_RS06105,VC1250; VC_1250,,DUF3943 domain-containing protein,-0.217592132841392,0.779511343551134
VC_RS06110,VC1252; VC_1252,,CinA family nicotinamide mononucleotide deamidase-related protein,1.11568096870087,4.99870797138304e-05
VC_RS06115,,,hypothetical protein,0.667672708338928,0.0006340259322081
VC_RS06120,VC1254; VC_1254,yfaE,class I ribonucleotide reductase maintenance protein YfaE,-0.0193018531356893,0.956511150282267
VC_RS06125,VC1255; VC_1255,nrdB,class Ia ribonucleoside-diphosphate reductase subunit beta,-0.0924652876899636,0.671996963042623
VC_RS06130,VC1256; VC_1256,nrdA,class 1a ribonucleoside-diphosphate reductase subunit alpha,-0.813415497135602,0.0159163174530737
VC_RS06135,VC1257; VC_1257,ubiG,bifunctional 2-polyprenyl-6-hydroxyphenol methylase/3-demethylubiquinol 3-O-methyltransferase UbiG,0.269333059579654,0.190156028689392
VC_RS06140,VC1258; VC_1258,gyrA,DNA topoisomerase (ATP-hydrolyzing) subunit A,-0.539492404452273,0.0028804894234353
VC_RS06145,VC1259; VC_1259,,rhodanese-related sulfurtransferase,-0.84982720630547,0.0104629197104537
VC_RS06150,VC1260; VC_1260,,helix-turn-helix domain-containing protein,1.72806922745529,1.25226816145105e-06
VC_RS06155,VC1261; VC_1261,,sugar efflux transporter,0.123257032685847,0.7225887619894
VC_RS06160,VC1263; VC_1263,ribA,GTP cyclohydrolase II,1.74108471162386,4.53770408940403e-06
VC_RS06165,VC1264; VC_1264,,imelysin family protein,-0.649142523191723,0.0013418649620976
VC_RS06170,VC1265; VC_1265,,di-heme oxidoredictase family protein,-0.13089151272894,0.418575085984355
VC_RS06175,VC1266; VC_1266,,imelysin family protein,0.0290364645769336,0.855180856188756
VC_RS06180,VC1267; VC_1267,,DUF1513 domain-containing protein,-0.149678425609183,0.435198156171304
VC_RS06185,VC1268; VC_1268,,"L,D-transpeptidase family protein",0.616160435159799,0.0022056109778332
VC_RS06190,VC1269; VC_1269,,DUF882 domain-containing protein,2.11466819654318,2.45246162178733e-07
VC_RS06195,VC1270; VC_1270,,MBL fold metallo-hydrolase,0.588866595782057,0.0030172181141805
VC_RS06200,VC1271; VC_1271,,DUF2982 domain-containing protein,0.733623177335856,0.024858143154695
VC_RS06205,VC1272; VC_1272,,hypothetical protein,-0.204923607035256,0.465807075107217
VC_RS06210,VC1273; VC_1273,,TRAP transporter substrate-binding protein,0.36216902903585,0.334173987079013
VC_RS06215,VC1274; VC_1274,,TRAP transporter small permease subunit,-0.250826530030289,0.258469958173615
VC_RS06220,VC1275; VC_1275,,TRAP transporter large permease,-0.616378898027161,0.0062441050835047
VC_RS06225,VC1276; VC_1276,,cache domain-containing protein,0.472636779484429,0.0470299818003806
VC_RS06230,VC1277; VC_1277,,response regulator transcription factor,0.249105971177002,0.248528284104893
VC_RS06235,VC1278; VC_1278,,MarR family winged helix-turn-helix transcriptional regulator,0.0796174322981222,0.826354545381333
VC_RS06240,VC1279; VC_1279,,BCCT family transporter,-3.76411291009609,9.23773689266173e-06
VC_RS06245,VC1280; VC_1280,cod,chitin oligosaccharide deacetylase,0.0700732268692375,0.927158082907927
VC_RS06250,VC1281; VC_1281,,PTS sugar transporter subunit IIB,-0.400055787966006,0.324560368930339
VC_RS06255,VC1282; VC_1282,,PTS sugar transporter subunit IIC,-1.18950285856565,0.0068461732435384
VC_RS06260,VC1283; VC_1283,,PTS lactose/cellobiose transporter subunit IIA,-2.65650140453327,0.0005216296478157
VC_RS06265,VC1284; VC_1284,,6-phospho-beta-glucosidase,0.128942308252799,0.609055869107634
VC_RS06270,VC1285; VC_1285,chbG,chitin disaccharide deacetylase,-0.0572585571408377,0.848034715588209
VC_RS06275,VC1286; VC_1286,,LacI family DNA-binding transcriptional regulator,0.526062026254333,0.0178778288763326
VC_RS06280,VC1287; VC_1287,mdoH,glucans biosynthesis glucosyltransferase MdoH,-0.0980241832494835,0.826354545381333
VC_RS06285,VC1288; VC_1288,,glucan biosynthesis protein G,-0.699797292777432,0.285167998031202
VC_RS06290,VC1289; VC_1289,,methyl-accepting chemotaxis protein,-1.14875186891598,5.77858872122907e-06
VC_RS06295,VC1290; VC_1290,,3'-5' exonuclease,-0.484022330589222,0.0105408562690706
VC_RS06300,VC1291; VC_1291,,CBS domain-containing protein,-0.147539500400115,0.545208163471072
VC_RS06305,VC1293; VC_1293,,amino acid aminotransferase,-1.17969319552998,0.0010020707503624
VC_RS06310,VC1295; VC_1295,,HD-GYP domain-containing protein,-1.96487989262496,0.000338486930724
VC_RS06315,VC1296; VC_1296,thiD,bifunctional hydroxymethylpyrimidine kinase/phosphomethylpyrimidine kinase,0.163671470582932,0.315639575136303
VC_RS06320,VC1297; VC_1297,asnS,asparagine--tRNA ligase,0.0733362817735774,0.770699634535493
VC_RS06325,VC1298; VC_1298,,methyl-accepting chemotaxis protein,0.53599559566432,0.0084336038609268
VC_RS06330,VC1299; VC_1299,queD,6-carboxytetrahydropterin synthase QueD,-0.617566559467341,0.0558981358676994
VC_RS06335,VC1300; VC_1300,,L-serine ammonia-lyase,0.183103764192081,0.61927613431355
VC_RS06340,VC1301; VC_1301,,serine transporter,-0.318231747944096,0.464942672609493
VC_RS06345,VC1302; VC_1302,,CoA pyrophosphatase,0.123644216591636,0.69077032986961
VC_RS06350,VC1303; VC_1303,pabB,aminodeoxychorismate synthase component 1,-0.43738693602813,0.0511181127772436
VC_RS06355,VC1304; VC_1304,,fumarate hydratase,-0.103270564679301,0.598876766477304
VC_RS06360,VC1305; VC_1305,,hypothetical protein,0.0637518972146141,0.861991809915361
VC_RS06365,VC1306; VC_1306,,YcjX family protein,-0.253834289182712,0.108819073017948
VC_RS06370,VC1307; VC_1307,,YcjF family protein,0.368758821697114,0.121310639332966
VC_RS06375,VC1308; VC_1308,tyrR,transcriptional regulator TyrR,-0.0809482156873918,0.558851300097852
VC_RS06380,VC1309; VC_1309,rimJ,ribosomal protein S5-alanine N-acetyltransferase,-0.351069048231701,0.0279039897844857
VC_RS06385,VC1310; VC_1310,,DUF2947 domain-containing protein,-0.689553675191193,0.0062870013530894
VC_RS06390,VC1311; VC_1311,,EamA family transporter,-0.820033292892299,0.0005768615294236
VC_RS06395,VC1312; VC_1312,alr,alanine racemase,-0.42228557408708,0.0806409137844643
VC_RS06400,VC1313; VC_1313,,methyl-accepting chemotaxis protein,-0.88603990597611,0.008399833467905
VC_RS06405,VC1314; VC_1314,,SLC13 family permease,0.383664365745926,0.462785107455572
VC_RS06410,VC1315; VC_1315,,sensor histidine kinase,0.522750998420394,0.31891564580843
VC_RS06415,VC1316; VC_1316,,response regulator,0.206140540663448,0.734258512586371
VC_RS06420,VC1317; VC_1317,,VirK/YbjX family protein,0.15647719531582,0.609196958638284
VC_RS06425,VC1318; VC_1318,ompV,outer membrane protein OmpV,2.37405174255212,0.0009186554894369
VC_RS06430,VC1319; VC_1319,carS,histidine kinase CarS,1.21633645609914,0.0001570152553538
VC_RS06435,VC1320; VC_1320,carR,response regulator transcription factor CarR,2.46946572453638,4.82807494436112e-07
VC_RS06440,VC1321; VC_1321,,transglycosylase domain-containing protein,-0.344517716755228,0.0778528708957846
VC_RS06445,VC1322; VC_1322,nqrM,(Na+)-NQR maturation NqrM,1.35236023716343,0.0046441345035955
VC_RS06450,VC1323; VC_1323,,NifB/NifX family molybdenum-iron cluster-binding protein,1.44748584170769,0.0045115806624605
VC_RS06455,VC1325; VC_1325,mglB,galactose/glucose ABC transporter substrate-binding protein MglB,-0.119704884381513,0.797136001073166
VC_RS06460,VC1327; VC_1327,mglA,galactose/methyl galactoside ABC transporter ATP-binding protein MglA,-0.263077676695098,0.50827971653994
VC_RS06465,VC1328; VC_1328,mglC,galactose/methyl galactoside ABC transporter permease MglC,0.157294234552417,0.650137778375552
VC_RS06470,VC1329; VC_1329,,outer membrane protein,-3.57692950541611,6.05874833962271e-06
VC_RS06475,VC1330; VC_1330,,DUF1460 domain-containing protein,-0.206048154457659,0.355271271917418
VC_RS06480,VC1332; VC_1332,,tripartite tricarboxylate transporter permease,2.28463601414908,0.0003492676148378
VC_RS06485,VC1333; VC_1333,,tripartite tricarboxylate transporter TctB family protein,1.62074561522996,0.0024398846200242
VC_RS06490,VC1334; VC_1334,,tripartite tricarboxylate transporter substrate binding protein,2.43306429271589,0.000285407072304
VC_RS06495,VC1335; VC_1335,,GntR family transcriptional regulator,0.136242838660662,0.604857401764615
VC_RS06500,VC1336; VC_1336,prpB,methylisocitrate lyase,0.570882852467266,0.0238614503395789
VC_RS06505,VC1337; VC_1337,prpC,bifunctional 2-methylcitrate synthase/citrate synthase,0.438982319635552,0.069837393691925
VC_RS06510,VC1338; VC_1338,acnD,Fe/S-dependent 2-methylisocitrate dehydratase AcnD,0.519632461460898,0.0298652246288107
VC_RS06515,VC1339; VC_1339,prpF,2-methylaconitate cis-trans isomerase PrpF,0.285264351066749,0.200406762041917
VC_RS06520,VC1340; VC_1340,,propionyl-CoA synthetase,0.768215078947943,0.013366536513887
VC_RS06525,VC1341; VC_1341,,GNAT family N-acetyltransferase,-1.02859246433296,0.003822729551857
VC_RS06530,VC1342; VC_1342,,bifunctional NUDIX hydrolase/phosphatase PAP2 family protein,-0.851493756977594,0.0005888997196284
VC_RS06535,VC1343; VC_1343,,tripeptidase T,-0.0586800273079643,0.914619507176596
VC_RS06540,VC1344; VC_1344,hppD,4-hydroxyphenylpyruvate dioxygenase,1.23552748426976,8.88850735567038e-05
VC_RS06545,VC1345; VC_1345,,"homogentisate 1,2-dioxygenase",1.1231228665133,3.35244714666643e-05
VC_RS06550,VC1346; VC_1346,,fumarylacetoacetate hydrolase family protein,1.46259982704926,1.07155100399086e-05
VC_RS06555,VC1347; VC_1347,maiA,maleylacetoacetate isomerase,0.724539310407553,0.0054558774656929
VC_RS06560,VC1348; VC_1348,,response regulator,0.314213907653383,0.274865442734192
VC_RS06565,VC1349; VC_1349,,PAS domain-containing hybrid sensor histidine kinase/response regulator,1.63455967393841,7.43561854915364e-07
VC_RS06570,VC1350; VC_1350,,peroxiredoxin,-0.18486935251058,0.582450844090351
VC_RS06575,VC1353; VC_1353,,ligand-binding sensor domain-containing protein,0.153652407767238,0.455944560400157
VC_RS06580,VC1354; VC_1354,,class I SAM-dependent methyltransferase,-2.04767983524766,1.56688363391004e-06
VC_RS06585,VC1355; VC_1355,yccX,acylphosphatase,0.520761649261406,0.104618468032654
VC_RS06590,VC1356; VC_1356,,TusE/DsrC/DsvC family sulfur relay protein,0.674511405212536,0.0273648720301703
VC_RS06595,VC1358; VC_1358,,Bax inhibitor-1/YccA family protein,1.94075329566265,3.84131255506168e-05
VC_RS06600,VC1359; VC_1359,,amino acid ABC transporter ATP-binding protein,1.85507661972764,3.40707311516141e-06
VC_RS06605,VC1360; VC_1360,,amino acid ABC transporter permease,0.921424853346712,0.0039244503455191
VC_RS06610,VC1361; VC_1361,,amino acid ABC transporter permease,0.799058987496731,0.0689607190399665
VC_RS06615,VC1362; VC_1362,,amino acid ABC transporter substrate-binding protein,1.18854782260043,0.0040523936303651
VC_RS06620,VC1363; VC_1363,,precorrin-2 dehydrogenase/sirohydrochlorin ferrochelatase family protein,0.610817869130202,0.0011183609029194
VC_RS06625,VC1364; VC_1364,,Cof-type HAD-IIB family hydrolase,-0.080957449346597,0.609055869107634
VC_RS06630,VC1365; VC_1365,queE,7-carboxy-7-deazaguanine synthase QueE,-0.240269794915753,0.35256740412114
VC_RS06635,VC1366; VC_1366,queC,7-cyano-7-deazaguanine synthase QueC,0.0915198526524297,0.740898020357762
VC_RS06640,VC1367; VC_1367,,tetratricopeptide repeat-containing diguanylate cyclase,-0.997508681848019,0.0011529318759596
VC_RS06645,VC1368; VC_1368,,hypothetical protein,-1.33181236351684,0.0084099228117846
VC_RS06650,VC1369; VC_1369,,ABC transporter substrate-binding protein,-0.514110786702072,0.255596586815666
VC_RS06655,VC1370; VC_1370,,GGDEF domain-containing protein,0.436787895152363,0.133310688298605
VC_RS06660,VC1371; VC_1371,,hypothetical protein,-1.99109267957984,2.62078046042181e-05
VC_RS06665,VC1372; VC_1372,,GGDEF domain-containing protein,-0.395206499534535,0.0644247087099012
VC_RS06670,VC1373; VC_1373,,Hsp70 family protein,0.877683005247277,0.0090627847694772
VC_RS06675,VC1374; VC_1374,,Hsp70 family protein,1.30319888064698,0.0002791151687692
VC_RS06680,VC1375; VC_1375,,DUF2760 domain-containing protein,1.26274718173056,0.0008200347299531
VC_RS06685,VC1376; VC_1376,,diguanylate cyclase,1.2453969026038,3.01268018437581e-05
VC_RS06690,VC1377; VC_1377,,3'-5' exonuclease,0.546930952731972,0.0312955860457393
VC_RS06695,VC1379; VC_1379,,TerB family tellurite resistance protein,3.29269542643032,9.89384235662433e-07
VC_RS06700,VC1380; VC_1380,,hypothetical protein,-0.54428131450458,0.0254943618969234
VC_RS06705,VC1382; VC_1382,hrpA,ATP-dependent RNA helicase HrpA,-0.499668813935781,0.0020062688757414
VC_RS06710,VC1384; VC_1384,,outer membrane beta-barrel protein,0.920644110783919,0.0036990916283245
VC_RS06715,VC1386; VC_1386,yegD,molecular chaperone,1.90761283983863,7.43561854915364e-07
VC_RS06720,VC1388; VC_1388,,lipoate--protein ligase A,-0.29929405500764,0.0826876559987811
VC_RS06725,VC1389; VC_1389,,DUF2256 domain-containing protein,0.769787206560914,0.137739362001544
VC_RS06730,VC1390; VC_1390,,LysR family transcriptional regulator,-0.217720165567612,0.327048722741678
VC_RS06735,VC1391; VC_1391,,MDR family MFS transporter,0.46315298425406,0.020261775625073
VC_RS06740,VC1392; VC_1392,,cryptochrome/deoxyribodipyrimidine photo-lyase family protein,0.890303769370172,0.0005574536318819
VC_RS06745,VC1393; VC_1393,,DMT family transporter,0.0686718810796215,0.715546157525122
VC_RS06750,VC1394; VC_1394,,methyl-accepting chemotaxis protein,1.34013671709608,0.000294606209562
VC_RS06755,VC1395; VC_1395,,response regulator,1.25984871418068,0.0090904170236454
VC_RS06760,VC1396; VC_1396,,hypothetical protein,2.3675759019902,0.0035019536259463
VC_RS06765,VC1397; VC_1397,,chemotaxis protein CheA,1.09728048708166,0.0043157423328339
VC_RS06770,VC1398; VC_1398,,response regulator,1.34013998361995,0.0108597548048565
VC_RS06775,VC1399; VC_1399,,CheR family methyltransferase,2.39362709824425,0.0001331087845504
VC_RS06780,VC1400; VC_1400,,HEAT repeat domain-containing protein,1.67523818822075,0.0013168840408785
VC_RS06785,VC1401; VC_1401,cheB,chemotaxis protein CheB,1.36440417967694,0.0008332991654545
VC_RS06790,VC1402; VC_1402,,chemotaxis protein CheW,1.52140884871207,6.01282410133185e-05
VC_RS06795,VC1403; VC_1403,,methyl-accepting chemotaxis protein,2.02273260513295,9.23773689266173e-06
VC_RS06800,VC1405; VC_1405,,methyl-accepting chemotaxis protein,0.62932537401151,0.0065677244350141
VC_RS06810,VC1407; VC_1407,,DEAD/DEAH box helicase,-1.02925522855273,5.0635846699403e-05
VC_RS06815,VC1408; VC_1408,vceR,TetR family multidrug efflux transcriptional regulator VceR,1.69867025875989,4.11045423406807e-06
VC_RS06820,VC1409; VC_1409,vceC,multidrug efflux MFS transporter outer membrane subunit VceC,-1.75568865409434,6.43494371558792e-06
VC_RS06825,VC1410; VC_1410,vceA,multidrug efflux MFS transporter adaptor subunit VceA,-1.0108826563587,0.003384527371018
VC_RS06830,VC1411; VC_1411,vceB,multidrug efflux MFS transporter permease subunit VceB,0.219822227716596,0.313434096222195
VC_RS06835,VC1413; VC_1413,,methyl-accepting chemotaxis protein,-1.58981033619585,3.2664778113148e-05
VC_RS06840,VC1414; VC_1414,,carboxypeptidase M32,0.396787459547782,0.0419578892381664
VC_RS06845,VC1415; VC_1415,hcp-2,type VI secretion system effector Hcp-2,1.10242628528838,0.00148396075609
VC_RS06850,VC1416; VC_1416,tssI,type VI secretion system tip protein TssI/VgrG,0.43238755004204,0.0294998570887195
VC_RS06855,VC1417; VC_1417,,DUF4123 domain-containing protein,0.874131863317664,0.0062870013530894
VC_RS06860,VC1418; VC_1418,tseL,type VI secretion system toxin TseL,1.99796932546851,2.11276010654006e-05
VC_RS06865,VC1419; VC_1419,tsiV1,type VI secretion system immunity protein TsiV1,2.18390598650251,1.13351878113034e-05
VC_RS06870,VC1420; VC_1420,,DUF2931 family protein,0.873588647147661,0.004960309875922
VC_RS06875,VC1421; VC_1421,,LysE family translocator,-0.105396339876307,0.661665046699278
VC_RS06880,VC1422; VC_1422,,alanine/glycine:cation symporter family protein,-1.23136674883647,3.31279041841763e-05
VC_RS06885,VC1423; VC_1423,,chromosome segregation ATPase,0.421375772434704,0.106963348115924
VC_RS06890,VC1424; VC_1424,,extracellular solute-binding protein,-0.496607845011431,0.0245301764710733
VC_RS06895,VC1425; VC_1425,,extracellular solute-binding protein,0.106193929472862,0.650664102923494
VC_RS06900,VC1426; VC_1426,potC,spermidine/putrescine ABC transporter permease PotC,0.0519555347048708,0.813368829830273
VC_RS06905,VC1427; VC_1427,potB,spermidine/putrescine ABC transporter permease PotB,-0.444563894053507,0.0207838192665964
VC_RS06910,VC1428; VC_1428,potA,spermidine/putrescine ABC transporter ATP-binding protein PotA,-0.306552943918428,0.072494694825195
VC_RS06915,VC1429; VC_1429,,hypothetical protein,-0.35390261175774,0.0616491318704258
VC_RS06920,VC1430; VC_1430,,glucosaminidase domain-containing protein,0.0685429279611336,0.698508258225516
VC_RS06925,VC1431; VC_1431,,DUF2987 domain-containing protein,-0.27203094959599,0.144828700894208
VC_RS06930,VC1432; VC_1432,ttcA,tRNA 2-thiocytidine(32) synthetase TtcA,-0.966023270929938,0.0068461732435384
VC_RS06935,VC1433; VC_1433,uspE,universal stress protein UspE,-0.818063584662648,0.015636495646888
VC_RS06940,VC1434; VC_1434,,FNR family transcription factor,0.45642719031581,0.0806409137844643
VC_RS06945,VC1435; VC_1435,,sulfite exporter TauE/SafE family protein,0.269194600200701,0.138155506446094
VC_RS06950,VC1436; VC_1436,ccoS,cbb3-type cytochrome oxidase assembly protein CcoS,-0.642755541125678,0.0996967466464158
VC_RS06955,VC1437; VC_1437,,heavy metal translocating P-type ATPase,-0.927180823061975,8.3660689487004e-05
VC_RS06960,VC1438; VC_1438,,FixH family protein,-0.530838998546123,0.0177999642224451
VC_RS06965,VC1439; VC_1439,ccoP,"cytochrome-c oxidase, cbb3-type subunit III",-0.971105905687179,0.0002088395561082
VC_RS06970,VC1440; VC_1440,,CcoQ/FixQ family Cbb3-type cytochrome c oxidase assembly chaperone,-1.24771567468295,9.67677926705106e-05
VC_RS06975,VC1441; VC_1441,ccoO,"cytochrome-c oxidase, cbb3-type subunit II",-1.2815701946422,0.0001367227986002
VC_RS06980,VC1442; VC_1442,ccoN,"cytochrome-c oxidase, cbb3-type subunit I",-1.29875906494576,3.93655976822949e-05
VC_RS06985,VC1443; VC_1443,,hypothetical protein,-0.317147466221674,0.160848539518878
VC_RS06990,VC1444; VC_1444,,FIST signal transduction protein,0.193505681513238,0.300445814442913
VC_RS06995,VC1445; VC_1445,,ATP-binding protein,1.06376548613697,0.0001227132668745
VC_RS07000,VC1446; VC_1446,,type I secretion system permease/ATPase,-0.460108452074995,0.0364277170558251
VC_RS07005,VC1447; VC_1447,,HlyD family type I secretion periplasmic adaptor subunit,-1.06130019380972,0.0039569442610696
VC_RS07010,VC1448; VC_1448,rtxB,RTX toxin T1SS ABC transporter subunit RtxB,-0.945462764190987,0.0082604812139185
VC_RS07015,VC1449; VC_1449,,hypothetical protein,1.63464700103,6.57278774925237e-06
VC_RS07020,VC1450; VC_1450,rtxC,RTX toxin-activating lysine-acyltransferase RtxC,1.38670146734574,6.63199219714216e-05
VC_RS07025,VC1451; VC_1451,rtxA,MARTX multifunctional-autoprocessing repeats-in-toxin holotoxin RtxA,-0.503578824003334,0.0086639298845749
VC_RS07030,VC1452; VC_1452,,RstC protein,0.643710786017399,0.111565335539985
VC_RS07035,VC1453; VC_1453,,hypothetical protein,1.23422771995518,0.000311041897786
VC_RS07040,VC1454; VC_1454,,replication initiation factor domain-containing protein,0.578995712042026,0.108523738968405
VC_RS07045,VC1455; VC_1455,rstR,transcriptional repressor RstR,-1.14945815466877,0.0041856025743073
VC_RS07050,VC1456; VC_1456,ctxB,cholera enterotoxin binding subunit CtxB,1.68596850957131,0.0016358977507007
VC_RS07055,VC1457; VC_1457,ctxA,cholera enterotoxin catalytic subunit CtxA,1.62220313262801,3.82550998486002e-06
VC_RS07060,VC1458; VC_1458,zot,zonula occludens toxin ZOT,0.238077457123623,0.347629048138529
VC_RS07065,VC1459; VC_1459,ace,accessory cholera enterotoxin,-0.132546001248481,0.841858062219805
VC_RS07070,VC1460; VC_1460,,minor coat protein pIII,-0.468966382600251,0.241869959972451
VC_RS07075,VC1461; VC_1461,,colonization factor,0.096396389744416,0.770917474920115
VC_RS07080,VC1462; VC_1462,,hypothetical protein,0.924670448720392,0.0341593609089047
VC_RS07085,VC1463; VC_1463,,replication initiation factor domain-containing protein,0.458892262797484,0.250610897342071
VC_RS07090,VC1464; VC_1464,rstR,transcriptional repressor RstR,-0.819677888062669,0.0171613232746731
VC_RS07095,VC1465; VC_1465,,VC1465 family Xer recombination activation factor,1.60850594243783,1.42645475338977e-05
VC_RS07105,VC1467; VC_1467,,helix-turn-helix domain-containing protein,1.15845420374012,0.0368114134145866
VC_RS07110,VC1468; VC_1468,,hypothetical protein,0.980248796901937,0.149724262371781
VC_RS07115,VC1469; VC_1469,,"phage/plasmid replication protein, II/X family",0.179188746735556,0.689404773053452
VC_RS07120,VC1470; VC_1470,,helix-turn-helix domain-containing protein,0.485935031057973,0.0632559926839255
VC_RS07125,VC1472; VC_1472,,hypothetical protein,0.313670585962153,0.631776178814422
VC_RS07130,VC1473; VC_1473,,helix-turn-helix domain-containing protein,0.991782940745864,0.054481576933304
VC_RS07135,VC1474; VC_1474,,hypothetical protein,1.00130914050476,0.157490556266882
VC_RS07140,VC1475; VC_1475,,"phage/plasmid replication protein, II/X family",0.408414207836987,0.331178573856636
VC_RS07145,VC1476; VC_1476,,helix-turn-helix domain-containing protein,0.473257220686399,0.0689607190399665
VC_RS07150,VC1478; VC_1478,,IS3-like element ISVch4 family transposase,0.390822587765756,0.421183161864617
VC_RS07155,VC1479; VC_1479,,hypothetical protein,-0.515436700229708,0.0548794432793062
VC_RS07160,VC1480; VC_1480,,DUF3634 family protein,-0.25301376854668,0.31545072741398
VC_RS07165,VC1481; VC_1481,matP,macrodomain Ter protein MatP,0.228331339407367,0.274441285552478
VC_RS07170,VC1482; VC_1482,,S16 family serine protease,-0.650530887099053,0.0022430004992253
VC_RS07175,VC1483; VC_1483,fabA,bifunctional 3-hydroxydecanoyl-ACP dehydratase/trans-2-decenoyl-ACP isomerase,-0.211981788491922,0.466803187438602
VC_RS07180,VC1484; VC_1484,rmf,ribosome modulation factor,3.24869917816593,7.47587491363936e-06
VC_RS07185,VC1485; VC_1485,,DUF3466 family protein,0.0227289529969471,0.888622700639577
VC_RS07190,VC1486; VC_1486,,ABC transporter ATP-binding protein,0.078067154549143,0.7225887619894
VC_RS07195,VC1487; VC_1487,,glutaredoxin family protein,-0.144501521662401,0.526250333183964
VC_RS07200,VC1488; VC_1488,rlmKL,bifunctional 23S rRNA (guanine(2069)-N(7))-methyltransferase RlmK/23S rRNA (guanine(2445)-N(2))-methyltransferase RlmL,-0.947876589821358,2.17782605107017e-05
VC_RS07205,VC1490; VC_1490,,cell division protein ZapC,1.30180114065378,3.01268018437581e-05
VC_RS07210,VC1491; VC_1491,pyrD,quinone-dependent dihydroorotate dehydrogenase,-0.508839831906678,0.011717628837026
VC_RS07215,VC1492; VC_1492,,NAD-glutamate dehydrogenase,0.507995738849284,0.0169909426196537
VC_RS07220,VC1493; VC_1493,,DUF2835 domain-containing protein,-1.1581400062529,0.006048002238229
VC_RS07225,VC1494; VC_1494,pepN,aminopeptidase N,0.712506659921807,0.0051294440891
VC_RS07230,VC1495; VC_1495,,hypothetical protein,-0.270754411874857,0.558851300097852
VC_RS07235,VC1496; VC_1496,prc,carboxy terminal-processing peptidase,0.21840725881833,0.32136946341797
VC_RS07240,VC1497; VC_1497,proQ,RNA chaperone ProQ,0.0114024887421179,0.945600270414549
VC_RS07245,VC1498; VC_1498,,GAF domain-containing protein,0.216718378866562,0.319330568401418
VC_RS07250,VC1499; VC_1499,,ABC transporter ATP-binding protein,-0.523916613140288,0.0040787623372012
VC_RS07255,VC1500; VC_1500,,paraquat-inducible protein A,-0.697044764545812,0.0004731461743145
VC_RS07260,VC1501; VC_1501,,PqiB family protein,-0.337532774909514,0.0322607935235648
VC_RS07265,VC1502; VC_1502,rsmF,16S rRNA (cytosine(1407)-C(5))-methyltransferase RsmF,-0.377176515681043,0.049712314538109
VC_RS07270,VC1503; VC_1503,,CvfB family protein,-0.67631820968762,0.0376035529928223
VC_RS07275,VC1505,,hypothetical protein,-0.193448041787319,0.493181005741199
VC_RS07280,VC1506; VC_1506,,PaaI family thioesterase,0.697721667178461,0.141829948470005
VC_RS07285,VC1507; VC_1507,,3-deoxy-7-phosphoheptulonate synthase,-0.264884861441867,0.149120855058793
VC_RS07290,VC1508; VC_1508,,YajQ family cyclic di-GMP-binding protein,0.618438871005627,0.0065361367167755
VC_RS07295,VC1509; VC_1509,cobB,Sir2 family NAD+-dependent deacetylase,0.306864405395453,0.145581372823372
VC_RS07300,VC1510; VC_1510,,hypothetical protein,0.708695086150355,0.0101320511639144
VC_RS07305,VC1511; VC_1511,,formate dehydrogenase subunit gamma,0.726111863354841,0.0093820422686598
VC_RS07310,VC1512; VC_1512,fdh3B,formate dehydrogenase FDH3 subunit beta,0.78935451609744,0.0430067393357338
VC_RS07315,VC1513; VC_1513,,formate dehydrogenase subunit alpha,0.602371637085753,0.0795292134518597
VC_RS07320,VC1514; VC_1514,,twin-arginine translocation signal domain-containing protein,0.704850244681623,0.107249370885194
VC_RS07325,VC1515; VC_1515,,TorD/DmsD family molecular chaperone,0.592585871797294,0.0958360105932731
VC_RS07330,VC1516; VC_1516,,4Fe-4S dicluster domain-containing protein,1.23153368698544,0.0011115055727519
VC_RS07335,VC1517; VC_1517,,DUF3306 domain-containing protein,1.28945148212825,0.001587342269484
VC_RS07340,VC1518; VC_1518,,DUF3305 domain-containing protein,1.23343374477877,0.0033299384618047
VC_RS07345,VC1519; VC_1519,fdhD,formate dehydrogenase accessory sulfurtransferase FdhD,0.93444100941386,0.0063913273229366
VC_RS07350,VC1520; VC_1520,,ABC-F family ATPase,-1.26380950504039,3.82781126218459e-05
VC_RS07355,VC1521; VC_1521,,sensor histidine kinase,0.4737798758405,0.0032689238369872
VC_RS07360,VC1522; VC_1522,,sigma-54-dependent transcriptional regulator,0.154472346731001,0.32218852247035
VC_RS07365,VC1523; VC_1523,,substrate-binding domain-containing protein,0.482217158507287,0.0992240990485122
VC_RS07370,VC1524; VC_1524,,ABC transporter permease,0.0504243483077382,0.855060189494744
VC_RS07375,VC1525; VC_1525,,energy-coupling factor ABC transporter ATP-binding protein,0.210668045548099,0.582167274062295
VC_RS07380,VC1526; VC_1526,mobA,molybdenum cofactor guanylyltransferase MobA,0.314957867279797,0.189686083667191
VC_RS07385,VC1527; VC_1527,,bifunctional molybdopterin-guanine dinucleotide biosynthesis adaptor protein MobB/molybdopterin molybdotransferase MoeA,0.350439735136205,0.0919745074459218
VC_RS07390,VC1528; VC_1528,,transporter substrate-binding domain-containing protein,1.02679327223625,0.0021631929713328
VC_RS07395,VC_1529,,hypothetical protein,1.05019635562525,0.0006507019073482
VC_RS07400,VC1531; VC_1531,,DUF2960 domain-containing protein,-0.710381040173747,0.0704577240513968
VC_RS07405,VC1532; VC_1532,nagK,N-acetylglucosamine kinase,0.0313139300285322,0.922028114628658
VC_RS07410,VC1533; VC_1533,,tRNA-uridine aminocarboxypropyltransferase,-0.534936845439029,0.029130100580672
VC_RS07415,VC1534; VC_1534,,sterol desaturase family protein,0.699274008788603,0.0120079841809958
VC_RS07420,VC1535; VC_1535,,methyl-accepting chemotaxis protein,-0.377135128114909,0.24917982768457
VC_RS07430,VC1537; VC_1537,,C40 family peptidase,-0.33161438019288,0.0486978919491171
VC_RS07435,VC1538; VC_1538,,DUF3802 family protein,0.40614893280822,0.0474163697206227
VC_RS07440,VC1539; VC_1539,,fructosamine kinase family protein,1.14678012965579,2.12981965390813e-05
VC_RS07445,VC1539a,,CPXCG motif-containing cysteine-rich protein,-0.204532050946622,0.500468455965775
VC_RS07450,VC1540; VC_1540,vcmA,sodium-coupled multidrug efflux MATE transporter VcmA,-0.858312593922153,0.0001698887952857
VC_RS07455,VC1541; VC_1541,,DUF3080 domain-containing protein,-0.0243732331483566,0.919374189397563
VC_RS07460,VC1542; VC_1542,,DNA ligase,-1.19444045196007,0.0007006962162342
VC_RS07465,VC1543; VC_1543,,tetratricopeptide repeat protein,0.217094457158939,0.306982605239675
VC_RS07470,VC1544; VC_1544,,energy transducer TonB,-0.278461259194579,0.24983157234484
VC_RS07475,VC1545; VC_1545,,ExbD/TolR family protein,-0.0719577458027926,0.736195086076727
VC_RS07480,VC1546; VC_1546,,MotA/TolQ/ExbB proton channel family protein,-0.426447431655831,0.0563268532358902
VC_RS07485,VC1547; VC_1547,,MotA/TolQ/ExbB proton channel family protein,-0.771323948106081,0.0010889200704978
VC_RS07490,VC1548; VC_1548,,DUF3450 domain-containing protein,-0.662320668254497,0.0053728088692973
VC_RS07495,VC1549; VC_1549,,extracellular solute-binding protein,-0.200705360188301,0.546091173677054
VC_RS07500,VC1550; VC_1550,,ABC transporter permease subunit,-0.0694943155828091,0.956511150282267
VC_RS07505,VC1551; VC_1551,ugpE,sn-glycerol-3-phosphate ABC transporter permease UgpE,-1.19406455953705,0.0333193383634602
VC_RS07510,VC1552; VC_1552,,sn-glycerol-3-phosphate import ATP-binding protein UgpC,0.513538400223587,0.103323913939521
VC_RS07515,VC1553; VC_1553,,DeoR/GlpR family DNA-binding transcription regulator,-0.556939782838859,0.102530322451471
VC_RS07520,VC1554; VC_1554,,glycerophosphoryl diester phosphodiesterase,-0.41181294511383,0.0376234797068095
VC_RS07525,VC1555; VC_1555,,YhcH/YjgK/YiaL family protein,0.807987999370054,0.003384527371018
VC_RS07530,VC1556; VC_1556,,RidA family protein,0.806119974884498,0.0026464932912249
VC_RS07535,VC1557; VC_1557,,LacI family DNA-binding transcriptional regulator,-0.930372865494343,0.0019583680639591
VC_RS07540,VC1558; VC_1558,,6-phospho-beta-glucosidase,0.263070322565842,0.0484810105922799
VC_RS07545,VC1560; VC_1560,katG,catalase/peroxidase HPI,2.33791322864898,1.0823062569993e-06
VC_RS07550,VC1561; VC_1561,,LysR family transcriptional regulator,0.388774976886834,0.0543034595412165
VC_RS07555,VC1562; VC_1562,,VarG family subclass B1-like metallo-beta-lactamase,0.81822037229169,0.0025711493469134
VC_RS07560,VC1563; VC_1563,,efflux RND transporter periplasmic adaptor subunit,-0.35445374268116,0.450690054809999
VC_RS07565,VC1565; VC_1565,,TolC family protein,0.0131960593340697,0.952853780844238
VC_RS07570,VC1566; VC_1566,,ABC transporter permease,0.355996865566876,0.141829948470005
VC_RS07575,VC1567; VC_1567,,ABC transporter permease,0.272294044522067,0.185289047670054
VC_RS07580,VC1568; VC_1568,,ABC transporter ATP-binding protein,0.908244464276822,0.0010230288146391
VC_RS07585,VC1570; VC_1570,,cytochrome d ubiquinol oxidase subunit II,0.965402181393289,0.0058858752930701
VC_RS07590,VC1571; VC_1571,,cytochrome ubiquinol oxidase subunit I,1.16572171750246,0.0010513739595867
VC_RS07595,VC1572; VC_1572,,hypothetical protein,-0.830847005301923,0.0266976149077409
VC_RS07600,VC1573; VC_1573,,class II fumarate hydratase,-0.185424469591241,0.480973575138669
VC_RS07605,VC1574; VC_1574,,DMT family protein,1.06331869744423,0.0017536965046616
VC_RS07610,VC1575; VC_1575,,DUF2127 domain-containing protein,0.918237846672888,0.0001469926523668
VC_RS07615,VC1576; VC_1576,yqfB,N(4)-acetylcytidine aminohydrolase,1.25699298028722,1.55436930979951e-05
VC_RS07620,VC1577; VC_1577,almG,glycine--lipid A transferase AlmG,3.0959368297386,1.06073254990223e-07
VC_RS07625,VC1578; VC_1578,almF,lipid A modification system glycine carrier protein AlmF,2.61624491784974,3.31279041841763e-05
VC_RS07630,VC1579; VC_1579,almE,lipid A modification system glycine--protein ligase AlmE,3.24063525674422,7.67007941045635e-08
VC_RS07635,VC1580; VC_1580,,LysR family transcriptional regulator,0.462361446832741,0.0740557618650648
VC_RS07640,VC1581; VC_1581,,NADH-quinone oxidoreductase subunit L,1.58950656256475,0.0066927521796464
VC_RS07645,VC1582; VC_1582,,YbcC family protein,0.755792444679099,0.0689582475480158
VC_RS07650,VC1583; VC_1583,sodC,superoxide dismutase family protein,1.52804216693242,0.0001257849596624
VC_RS07655,VC1584; VC_1584,,ankyrin repeat domain-containing protein,1.19045960496655,0.0006998109227651
VC_RS07660,VC1585; VC_1585,,catalase,1.96312807666583,5.94268037837443e-06
VC_RS07665,VC1587; VC_1587,,YkgB family protein,-0.315121926515296,0.751175733388056
VC_RS07670,VC1588; VC_1588,,LysR family transcriptional regulator,0.36816001142509,0.089120399466565
VC_RS07675,VC1589; VC_1589,budA,acetolactate decarboxylase,-0.144438938284387,0.862760211567445
VC_RS07680,VC1590; VC_1590,alsS,acetolactate synthase AlsS,0.983268225675457,0.153213364571819
VC_RS07685,VC1591; VC_1591,,SDR family NAD(P)-dependent oxidoreductase,2.13070221763302,0.0003050841620429
VC_RS07690,VC1592; VC_1592,,EAL domain-containing protein,-0.170084384424025,0.723101855766279
VC_RS07695,VC1593; VC_1593,,GGDEF domain-containing protein,0.382274157707104,0.454411460061186
VC_RS07700,VC1594; VC_1594,galM,galactose-1-epimerase,-0.0063221779076589,0.980568726535371
VC_RS07705,VC1595; VC_1595,galK,galactokinase,0.142605585044297,0.570350709408116
VC_RS07710,VC1596; VC_1596,,UDP-glucose--hexose-1-phosphate uridylyltransferase,0.231824562427714,0.355339556369299
VC_RS07715,VC1597; VC_1597,,MDR family MFS transporter,-0.12904799954719,0.586376657817235
VC_RS07720,VC1598; VC_1598,,substrate-binding periplasmic protein,0.718488108846563,0.014609872819481
VC_RS07735,VC1599; VC_1599,,GGDEF domain-containing protein,-0.722230776042128,0.0023458777279172
VC_RS07740,VC1600; VC_1600,,DUF2726 domain-containing protein,0.327683558288311,0.0977244624880282
VC_RS07745,,,hypothetical protein,-0.541756965409083,0.383351382178435
VC_RS07750,VC1601; VC_1601,,hypothetical protein,0.380312651132509,0.0298652246288107
VC_RS07755,VC1602; VC_1602,,chemotaxis protein,1.05208066562846,7.29266365971681e-05
VC_RS07760,VC1603; VC_1603,,substrate-binding periplasmic protein,0.504028242299087,0.026843839762173
VC_RS07765,VC1604; VC_1604,,response regulator,1.05585077976061,0.0069766105518156
VC_RS07770,VC1605; VC_1605,,ATP-binding protein,0.186245624594177,0.401275024432702
VC_RS07775,VC1605a,,hypothetical protein,1.28526222893136,0.0010293795881036
VC_RS07780,VC1606; VC_1606,,TolC family protein,0.209921854023682,0.23110950551203
VC_RS07785,VC1607; VC_1607,,HlyD family secretion protein,0.0023885722284718,0.988700668717116
VC_RS07790,VC1608; VC_1608,,ABC transporter permease,-0.0467017175495217,0.825679978490522
VC_RS07795,VC1609; VC_1609,,ABC transporter permease,0.517046549397246,0.0084055709722417
VC_RS07800,VC1610; VC_1610,,ATP-binding protein,0.740521946717409,0.002064300557441
VC_RS07805,VC1611; VC_1611,metA,homoserine O-acetyltransferase MetA,-1.54497178011947,0.0001331087845504
VC_RS07810,VC1612; VC_1612,pilW,type IV pilus biogenesis/stability protein PilW,0.0868458470312652,0.752204705552669
VC_RS07815,VC1613; VC_1613,,hypothetical protein,-0.13268817956461,0.696257875462449
VC_RS07820,VC1614; VC_1614,rlmF,23S rRNA (adenine(1618)-N(6))-methyltransferase RlmF,-1.13654930066685,0.0003188552273561
VC_RS07825,VC1615; VC_1615,,M48 metallopeptidase family protein,-0.851617307111621,0.0011078148858605
VC_RS07830,VC1616; VC_1616,,glutaredoxin family protein,-1.22185437086973,0.0021738337025116
VC_RS07835,VC1617; VC_1617,,LysR family transcriptional regulator,-0.224974642268713,0.334163719434167
VC_RS07840,VC1618; VC_1618,,MFS transporter,0.311674715286787,0.106349642721297
VC_RS07845,VC1619; VC_1619,,DUF1415 domain-containing protein,-0.656255423383577,0.0125783788945329
VC_RS07855,VC1621; VC_1621,,TolC family outer membrane protein,-0.628768869595973,0.0107176030785477
VC_RS07860,VC1622; VC_1622,,OmpA family protein,-0.392311760819945,0.0289425024640715
VC_RS07865,VC1623; VC_1623,nspC,carboxynorspermidine decarboxylase,-0.0445054431959047,0.872350355488013
VC_RS07870,VC1624; VC_1624,,carboxynorspermidine synthase,0.200313029136642,0.450895238708047
VC_RS07875,VC1625; VC_1625,,pyridoxal phosphate-dependent class III aminotransferase,-0.730263608617121,0.0099340788920383
VC_RS07880,VC1627; VC_1627,nhaA,Na+/H+ antiporter NhaA,-0.245662049760093,0.222532952920241
VC_RS07885,VC1628; VC_1628,,lipocalin-like domain-containing protein,-0.0684113358090856,0.696257875462449
VC_RS07890,VC1629; VC_1629,,ABC transporter permease,-0.256778446918197,0.162338209140962
VC_RS07895,VC1630; VC_1630,,ABC transporter ATP-binding protein,0.0285935701020749,0.894460519421702
VC_RS07900,VC1631; VC_1631,,MATE family efflux transporter,-0.256689801140137,0.128294314218839
VC_RS07905,VC1632; VC_1632,,DUF2867 domain-containing protein,0.211934170664163,0.242182544927385
VC_RS07910,VC1633; VC_1633,,DUF2913 family protein,-0.262114673501407,0.140953664301188
VC_RS07915,VC1634; VC_1634,,Bcr/CflA family multidrug efflux MFS transporter,-1.22649566826099,3.27515478785942e-05
VC_RS07920,VC1635; VC_1635,rsuA,16S rRNA pseudouridine(516) synthase RsuA,-0.540243977407795,0.0104190228260329
VC_RS07925,VC1636; VC_1636,,DEAD/DEAH box helicase,-0.658939918151548,0.0023548554605911
VC_RS07930,VC1637; VC_1637,,PepSY domain-containing protein,0.758899605469646,0.0004596935798569
VC_RS07935,VC1638; VC_1638,,response regulator transcription factor,0.210742566423783,0.266480988752973
VC_RS07940,VC1639; VC_1639,,ATP-binding protein,0.341513925649543,0.0621322617656651
VC_RS07945,VC1640; VC_1640,rplY,50S ribosomal protein L25,-0.916907154034362,0.0146883555691855
VC_RS07950,VC1641; VC_1641,,EAL domain-containing protein,0.677134398797499,0.0042646596578477
VC_RS07955,VC1642; VC_1642,,ribosome recycling factor family protein,1.5918831920062,7.54021840430741e-06
VC_RS07960,VC1643; VC_1643,,methyl-accepting chemotaxis protein,0.727882008609146,0.0168241420304253
VC_RS07965,VC1644; VC_1644,,DUF3103 domain-containing protein,1.03131753683919,0.0028393902845283
VC_RS07970,VC1645; VC_1645,,HAD family hydrolase,0.611341487362396,0.0167707545911874
VC_RS07975,VC1647; VC_1647,,SgrR family transcriptional regulator,1.08613378638078,0.0019143642443118
VC_RS07980,VC1649; VC_1649,vesC,GlyGly-anchored extracellular serine protease VesC,-0.0988635273608009,0.633631065967329
VC_RS07985,VC1650; VC_1650,,M9 family metallopeptidase,0.75909358711566,0.0051363711623844
VC_RS07990,VC1651; VC_1651,,response regulator,0.956322896236773,0.0005432844065148
VC_RS07995,VC1652; VC_1652,vieA,two-component system response regulator VieA,1.47374088962546,1.5231275442463e-05
VC_RS08000,VC1653; VC_1653,,ATP-binding protein,0.831293630995698,0.0003768719651537
VC_RS08005,VC1655; VC_1655,mgtE,magnesium transporter,1.55787838708856,4.21694262248823e-06
VC_RS08010,VC1656; VC_1656,,DMT family transporter,-0.423860416349949,0.0159188203667897
VC_RS08015,VC1658; VC_1658,,serine transporter,-2.22310572067661,1.9693730853083e-06
VC_RS08020,VC1659; VC_1659,,HlyD family secretion protein,-0.814480679528509,0.0060938948889692
VC_RS08025,VC1660a,,ABC transporter ATP-binding protein,0.144467513187132,0.462390418892018
VC_RS08030,VC1660,,ABC transporter permease,-0.197426024943438,0.442101556434903
VC_RS08035,VC1661; VC_1661,,hypothetical protein,0.057655120768995,0.824112541519652
VC_RS08040,VC1662; VC_1662,,DUF1289 domain-containing protein,1.28331643172175,3.78292288756428e-05
VC_RS08045,VC1663; VC_1663,,META domain-containing protein,0.864560554010095,0.0041918193909968
VC_RS08050,VC1664; VC_1664,,ABC transporter substrate-binding protein,-1.29491502079282,0.026450341558088
VC_RS08055,VC1665; VC_1665,,ABC transporter permease,-0.985234821281283,0.0011167090440744
VC_RS08060,VC1666; VC_1666,,ATP-binding cassette domain-containing protein,-0.251721417165646,0.547745211309294
VC_RS08065,VC1667; VC_1667,,CDP-alcohol phosphatidyltransferase family protein,-0.571047512733679,0.230688663116988
VC_RS08070,VC1668; VC_1668,,TIGR01621 family pseudouridine synthase,0.169822373802903,0.347822176893818
VC_RS08075,VC1669; VC_1669,,sodium-dependent transporter,-1.43680703110029,1.48725827958828e-05
VC_RS08080,VC1670; VC_1670,cls,cardiolipin synthase,-0.608577315759122,0.0020910457387282
VC_RS08085,VC1671; VC_1671,,cystathionine beta-lyase,-0.723743018750742,0.0012967118258069
VC_RS08090,VC1672; VC_1672,,DNA-3-methyladenine glycosylase I,1.20008713011428,0.0001919275414018
VC_RS08095,VC1673; VC_1673,vexK,efflux RND transporter permease subunit VexK,2.06585827280836,3.78019846758106e-06
VC_RS08100,VC1674; VC_1674,,efflux RND transporter periplasmic adaptor subunit,0.831477183681807,0.0040345844046046
VC_RS08105,VC1675; VC_1675,,efflux RND transporter periplasmic adaptor subunit,0.801740595060722,0.0124997206606536
VC_RS08110,VC1676; VC_1676,pspC,envelope stress response membrane protein PspC,1.14883532380244,0.0028688832744499
VC_RS08115,VC1677; VC_1677,pspB,envelope stress response membrane protein PspB,1.01071154089786,0.0138238747543284
VC_RS08120,VC1678; VC_1678,pspA,phage shock protein PspA,0.596637053436454,0.0241218898896098
VC_RS08125,VC1679; VC_1679,pspF,phage shock protein operon transcriptional activator,0.223284739155191,0.229092054631804
VC_RS08130,VC1680; VC_1680,,ABC transporter substrate-binding protein,-0.144957626592123,0.449709214604199
VC_RS08135,VC1681; VC_1681,,ABC transporter permease,-0.0586354405794688,0.69762483393039
VC_RS08140,VC1682; VC_1682,sapC,putrescine export ABC transporter permease SapC,0.180560868189988,0.219979462927155
VC_RS08145,VC1683; VC_1683,,peptide ABC transporter ATP-binding protein,0.0262721976338951,0.889357645631893
VC_RS08150,VC1684; VC_1684,,peptide ABC transporter ATP-binding protein,0.214901545894611,0.271314851672085
VC_RS08155,VC1685; VC_1685,,DUF2927 domain-containing protein,0.848283914540966,0.0001698887952857
VC_RS08160,VC1686; VC_1686,,DUF2750 domain-containing protein,-0.050953867031287,0.825679978490522
VC_RS08165,VC1687; VC_1687,,manganese-dependent inorganic pyrophosphatase,0.201019427870531,0.702178237327837
VC_RS08170,VC1688; VC_1688,,putative manganese transporter,-1.37414375138182,0.0002218578141066
VC_RS08185,VC1692; VC_1692,torA,trimethylamine-N-oxide reductase TorA,1.02341157033561,0.0002239917002616
VC_RS08190,VC1693; VC_1693,torC,pentaheme c-type cytochrome TorC,0.623303829564969,0.0378077828846452
VC_RS08195,VC1694; VC_1694,torE,trimethylamine N-oxide reductase system protein TorE,-0.497339255607972,0.421828729010226
VC_RS08200,,,hypothetical protein,0.647033872467959,0.149314749986915
VC_RS08205,VC1695; VC_1695,focA,formate transporter FocA,-0.5626897936112,0.0091722670729813
VC_RS08210,VC1696,,TIGR02647 family protein,-0.598880302680193,0.0732077771938221
VC_RS08215,VC1697; VC_1697,,NAD(P)H-binding protein,-0.402708500401465,0.0334560476434114
VC_RS08220,VC1698; VC_1698,,YdcF family protein,0.377970942305558,0.0691956094758651
VC_RS08225,VC1699; VC_1699,,hypothetical protein,1.30213586708177,0.0001574537920992
VC_RS08230,VC1700; VC_1700,,septation protein A,0.042304207620455,0.795527061876258
VC_RS08235,VC1701; VC_1701,yciA,acyl-CoA thioester hydrolase YciA,-0.221555558620134,0.301247809055798
VC_RS08240,VC1702; VC_1702,,YciI family protein,0.116476796267959,0.648067958801466
VC_RS08245,VC1703; VC_1703,,GspS/AspS pilotin family protein,0.0533780857586935,0.815254425301262
VC_RS08250,VC1704; VC_1704,metE,5-methyltetrahydropteroyltriglutamate-- homocysteine S-methyltransferase,-0.777829729968091,0.0080169911076851
VC_RS08255,VC1706; VC_1706,metR,HTH-type transcriptional regulator MetR,-1.54813799724201,0.0001790754846192
VC_RS08260,VC1707; VC_1707,,DUF4250 domain-containing protein,1.25880162123155,0.0125543032517334
VC_RS08265,VC1708; VC_1708,,hypothetical protein,0.298811058342138,0.197109561712441
VC_RS08270,VC1709; VC_1709,,M16 family metallopeptidase,-1.3186900547546,4.55021298722634e-05
VC_RS08275,VC1710; VC_1710,,EAL domain-containing protein,0.0739497210490586,0.734258512586371
VC_RS08280,VC1711; VC_1711,,YgiQ family radical SAM protein,-1.1671449621542,9.57030306277538e-05
VC_RS08285,VC1712; VC_1712,,LysE family translocator,0.126055841173248,0.690261227265315
VC_RS08290,VC1713; VC_1713,,Lrp/AsnC family transcriptional regulator,0.148394169029187,0.638802397955844
VC_RS08295,VC1714; VC_1714,mukB,chromosome partition protein MukB,0.262077367808884,0.104133038943813
VC_RS08300,VC1715; VC_1715,mukE,chromosome partition protein MukE,0.406715770950642,0.0147631453286106
VC_RS08305,VC1716; VC_1716,mukF,chromosome partition protein MukF,0.247703274314537,0.24763247728043
VC_RS08310,VC1717; VC_1717,cmoM,tRNA uridine 5-oxyacetic acid(34) methyltransferase CmoM,0.17954446258865,0.336615022162682
VC_RS08315,VC1718; VC_1718,elyC,envelope biogenesis factor ElyC,-0.932552166757478,0.0003961714833641
VC_RS08320,VC1719; VC_1719,torR,two-component system response regulator TorR,-0.245814106166748,0.412851187561086
VC_RS08325,VC1720; VC_1720,torD,molecular chaperone TorD,-0.206082942944706,0.534816381747348
VC_RS08330,VC1721; VC_1721,purR,HTH-type transcriptional repressor PurR,-0.987594446074684,4.11482373411766e-05
VC_RS08335,VC1722; VC_1722,,TfoX/Sxy family DNA transformation protein,1.25151578513624,1.06820457214177e-05
VC_RS08340,VC1723; VC_1723,,TVP38/TMEM64 family protein,-0.0868550452297307,0.888081271762756
VC_RS08345,VC1724; VC_1724,,DUF2007 domain-containing protein,0.0714713995712743,0.874330752061075
VC_RS08350,VC1725; VC_1725,,alpha/beta fold hydrolase,-0.178879197894377,0.246193230089791
VC_RS08355,VC1726; VC_1726,glgA,glycogen synthase GlgA,0.228017288059388,0.274441285552478
VC_RS08360,VC1727; VC_1727,glgC,glucose-1-phosphate adenylyltransferase,-0.011645761676925,0.955725904010624
VC_RS08365,VC1730; VC_1730,topA,type I DNA topoisomerase,0.0052850968046424,0.975865442643847
VC_RS08370,VC1731; VC_1731,,YciN family protein,-0.72096477437508,0.0656489226132263
VC_RS08375,VC1732; VC_1732,aroA,3-phosphoshikimate 1-carboxyvinyltransferase,-0.0366532339182401,0.8552862849833
VC_RS08380,VC1735; VC_1735,aat,leucyl/phenylalanyl-tRNA--protein transferase,0.048588112833256,0.88130862575182
VC_RS08385,VC1736; VC_1736,,arginyltransferase,0.0419629062243208,0.858621834222845
VC_RS08390,VC1737; VC_1737,infA,translation initiation factor IF-1,-0.830424504548743,0.0247931719092179
VC_RS08395,VC1738; VC_1738,fabV,enoyl-ACP reductase FabV,0.609463502903394,0.0044313180637638
VC_RS08400,VC1740; VC_1740,,acyl-CoA dehydrogenase,0.982763667818962,0.0014576963023398
VC_RS08405,VC1741; VC_1741,,TetR/AcrR family transcriptional regulator,0.139466805422056,0.643367629915215
VC_RS08410,,,hypothetical protein,0.373807264027509,0.489173039962934
VC_RS08415,VC1743; VC_1743,,1-aminocyclopropane-1-carboxylate deaminase/D-cysteine desulfhydrase,-0.69887583953673,0.0348515910439392
VC_RS08420,VC1744; VC_1744,,YnjH family protein,0.148810530356955,0.421828729010226
VC_RS08425,VC1745; VC_1745,,NAD-dependent succinate-semialdehyde dehydrogenase,-0.136250651054026,0.444053012149646
VC_RS08430,VC1746; VC_1746,breR,bile response transcriptional repressor BreR,0.0627092806758601,0.782476989085249
VC_RS08435,VC1748; VC_1748,,hypothetical protein,-0.602661071078831,0.136517515365173
VC_RS08440,VC1749; VC_1749,,BamA/TamA family outer membrane protein,0.266412975333507,0.343124855335409
VC_RS08445,VC1750; VC_1750,,DUF4056 domain-containing protein,0.129460327585083,0.626152308650401
VC_RS08450,VC1751,,mechanosensitive ion channel family protein,0.521201009764125,0.0074614915216251
VC_RS08455,VC1753; VC_1753,,paraquat-inducible protein A,-1.23099414597618,1.53535295440141e-05
VC_RS08460,VC1754; VC_1754,pqiB,intermembrane transport protein PqiB,-0.673387869568409,0.0006992134078023
VC_RS08465,VC1755; VC_1755,,PqiC family protein,-0.391891849024546,0.0333193383634602
VC_RS08470,VC1756; VC_1756,vexC,multidrug efflux RND transporter periplasmic adaptor subunit VexC,-0.133324943945923,0.408052180485956
VC_RS08475,VC1757; VC_1757,vexD,efflux RND transporter permease subunit VexD,0.474026509754066,0.0097571099065823
VC_RS08485,VC1758; VC_1758,,tyrosine-type recombinase/integrase,-0.256385575936251,0.242182544927385
VC_RS08490,VC1759; VC_1759,,tyrosine-type recombinase/integrase,0.0932405379280518,0.727525452206001
VC_RS08495,VC1760; VC_1760,,SNF2-related protein,-0.0551214464579033,0.818544493302173
VC_RS08505,VC1762; VC_1762,,EH signature domain-containing protein,-0.447841463787334,0.167090120422749
VC_RS08510,VC1763; VC_1763,,OmpA/MotB family protein,-0.868357543027185,0.0027421298664126
VC_RS08515,VC1764; VC_1764,zorA,anti-phage ZorAB system protein ZorA,-0.850780779486963,0.0147454691151559
VC_RS08520,VC1765; VC_1765,,type I restriction endonuclease subunit R,-0.130237252370525,0.584739577760816
VC_RS08525,VC1766; VC_1766,,DUF262 domain-containing protein,0.187969084154848,0.427308636891709
VC_RS08530,VC1767; VC_1767,,DUF262 domain-containing protein,0.702631660913874,0.0068175094620769
VC_RS08535,VC1768; VC_1768,,restriction endonuclease subunit S,0.630861748259543,0.0653119389154667
VC_RS08540,VC1769; VC_1769,,type I restriction-modification system subunit M,0.566873221633923,0.0085277134941459
VC_RS08545,VC1770; VC_1770,,hypothetical protein,0.574929957320006,0.0110708349517077
VC_RS08550,VC1771; VC_1771,,hypothetical protein,0.721007407275971,0.00524475642493
VC_RS08555,VC1772; VC_1772,,helix-turn-helix transcriptional regulator,1.14420374777961,1.66773906009877e-05
VC_RS08560,VC1773; VC_1773,,YjhT family mutarotase,-0.497972290267661,0.205151710562887
VC_RS08565,VC1774; VC_1774,,N-acetylneuraminate epimerase,-1.34052610918523,0.0022753840639522
VC_RS08570,VC1775; VC_1775,,MurR/RpiR family transcriptional regulator,-0.642358541681768,0.000886217487457
VC_RS08575,VC1776; VC_1776,,dihydrodipicolinate synthase family protein,0.242924880470012,0.335971437547646
VC_RS08580,VC1777; VC_1777,siaM,sialic acid TRAP transporter large permease SiaM,0.421361621889619,0.055405947218891
VC_RS08585,VC1778; VC_1778,siaQ,sialic acid TRAP transporter small permease SiaQ,0.188262685419961,0.557644314539301
VC_RS08590,VC1779; VC_1779,siaP,sialic acid TRAP transporter solute-binding subunit SiaP,-0.424570704142438,0.130611905550496
VC_RS08595,VC1781; VC_1781,,putative N-acetylmannosamine-6-phosphate 2-epimerase,-1.65115396544687,0.0026905874541831
VC_RS08600,VC1782; VC_1782,,N-acetylmannosamine kinase,0.515997736354801,0.0880977273927357
VC_RS08605,VC1783; VC_1783,nagA,N-acetylglucosamine-6-phosphate deacetylase,0.649755328703486,0.0013176627272038
VC_RS08610,VC1784; VC_1784,,sialidase family protein,0.472468310023171,0.0065677244350141
VC_RS08615,VC1785; VC_1785,,AlpA family transcriptional regulator,-1.78663854296044,0.0805986227906412
VC_RS08620,VC1786; VC_1786,radC,RadC family protein,-1.23078575120666,0.121151750179498
VC_RS08630,VC1788; VC_1788,,hypothetical protein,-0.820473225596426,0.109214972053457
VC_RS08635,VC1789; VC_1789,,IS3-like element ISVch4 family transposase,1.14015296232316,0.129991414862252
VC_RS08640,VC1791; VC_1791,,tape measure protein,0.69842916633984,0.0351131300124087
VC_RS08645,VC1792; VC_1792,,phage tail assembly protein,0.923439577815624,0.0097222577156776
VC_RS08650,VC1793; VC_1793,,hypothetical protein,0.876671838498588,0.0416551424187982
VC_RS08655,VC1794; VC_1794,,hypothetical protein,0.359116716049991,0.306982605239675
VC_RS08660,VC1795; VC_1795,,Mor transcription activator family protein,0.829250964008839,0.301344210691183
VC_RS08665,VC1796; VC_1796,,Mor transcription activator family protein,0.451122727958785,0.336615022162682
VC_RS08670,,,hypothetical protein,0.217691830909011,0.514183777661064
VC_RS08675,VC1797; VC_1797,,hypothetical protein,0.894100771177096,0.0050882905801135
VC_RS08680,VC1798; VC_1798,,ExeA family protein,0.722187176147208,0.0154586328362003
VC_RS08685,VC1799; VC_1799,,DDE-type integrase/transposase/recombinase,0.250085622138495,0.256930033373114
VC_RS08690,VC1800; VC_1800,,hypothetical protein,0.34544792906339,0.229353677586159
VC_RS08700,VC1801; VC_1801,,hypothetical protein,-0.853143516091655,0.436325582602087
VC_RS08705,VC1802; VC_1802,,hypothetical protein,-0.76494275695606,0.287260322736254
VC_RS08710,,,hypothetical protein,-0.926227444475621,0.0052518688386935
VC_RS08715,VC1804; VC_1804,,DUF2787 family protein,-1.45797035749961,0.0352989230018705
VC_RS08720,VC1805; VC_1805,,DUF2787 domain-containing protein,-2.94453521771567,0.0020578411053061
VC_RS08725,VC1806; VC_1806,,GTPase family protein,-0.634320272394601,0.200391685567691
VC_RS08735,VC1808; VC_1808,,hypothetical protein,-0.900078511394758,0.109537343166682
VC_RS08740,VC1809; VC_1809,,helix-turn-helix transcriptional regulator,-1.27762916020515,0.0111044167150391
VC_RS08745,VC1810; VC_1810,,DUF2986 domain-containing protein,-0.568346284485232,0.0926510338082901
VC_RS08750,VC1811; VC_1811,,NYN domain-containing protein,0.0656055407160569,0.777609923830738
VC_RS08755,VC1812; VC_1812,,thiol-disulfide oxidoreductase DCC family protein,1.34313642096706,0.0054795153223574
VC_RS08760,VC1814; VC_1814,,DASH family cryptochrome,-0.51995359005401,0.160526754587037
VC_RS08765,VC1815; VC_1815,,SDR family oxidoreductase,-0.268883042655754,0.500737409441629
VC_RS08770,VC1816; VC_1816,,VF530 family DNA-binding protein,-0.420316447694994,0.231855571086528
VC_RS08775,VC1817; VC_1817,,sigma-54-dependent Fis family transcriptional regulator,0.240388348641645,0.242921203595814
VC_RS08780,VC1819; VC_1819,,acetaldehyde dehydrogenase ExaC,0.139710361610611,0.664728712019322
VC_RS08785,VC1820; VC_1820,,PTS sugar transporter subunit IIA,-1.05376971628753,0.459123733052549
VC_RS08790,VC1821; VC_1821,,fructose-specific PTS transporter subunit EIIC,0.230854307224696,0.608021061988248
VC_RS08795,VC1822; VC_1822,,fructose-specific PTS transporter subunit EIIC,0.686223998809893,0.0217940490540175
VC_RS08800,VC1823; VC_1823,,PTS fructose transporter subunit IIB,0.6084853386506,0.0506636209825132
VC_RS08805,VC1824; VC_1824,,PTS sugar transporter subunit IIA,-0.290202337658943,0.377277274515825
VC_RS08810,VC1825; VC_1825,,helix-turn-helix transcriptional regulator,0.977582784579126,0.0046834040504262
VC_RS08815,VC1826; VC_1826,,fructose-specific PTS transporter subunit EIIC,0.776072481648451,0.170986607972652
VC_RS08820,VC1827; VC_1827,manA,"mannose-6-phosphate isomerase, class I",1.26432750926908,0.0179851508585355
VC_RS08825,VC1828; VC_1828,,L-alanine exporter AlaE,-0.0361917502137613,0.822367200186741
VC_RS08830,VC1831; VC_1831,cqsR,hybrid sensor histidine kinase/response regulator CqsR,0.21780333130167,0.301665653499982
VC_RS08835,VC1832; VC_1832,,YecA family protein,-0.212469533191583,0.401740913407017
VC_RS08840,VC1833; VC_1833,nadA,quinolinate synthase NadA,-0.469834318211324,0.0083148837487454
VC_RS08845,VC1834; VC_1834,ybgF,tol-pal system protein YbgF,-0.0945687114400115,0.571886872795477
VC_RS08850,VC1835; VC_1835,pal,peptidoglycan-associated lipoprotein Pal,-0.104474060666607,0.734258512586371
VC_RS08855,VC1836; VC_1836,tolB,Tol-Pal system beta propeller repeat protein TolB,0.251888341481724,0.112720385889576
VC_RS08860,VC1837; VC_1837,tolA,cell envelope integrity protein TolA,0.883150683773024,3.12297138848336e-05
VC_RS08865,VC1838; VC_1838,,ExbD/TolR family protein,0.92741023627066,0.0008805596988236
VC_RS08870,VC1839; VC_1839,tolQ,protein TolQ,1.20802222464546,2.65242168745076e-05
VC_RS08875,VC1840; VC_1840,ybgC,tol-pal system-associated acyl-CoA thioesterase,0.730291664539712,0.0020516281780966
VC_RS08880,VC1841; VC_1841,ybgE,cyd operon protein YbgE,-0.333685417726043,0.141255850630784
VC_RS08885,VC1842; VC_1842,cydX,cytochrome bd-I oxidase subunit CydX,0.6139167839594,0.603010052120693
VC_RS08890,VC1843; VC_1843,cydB,cytochrome d ubiquinol oxidase subunit II,-0.844712416726421,0.0007921671521376
VC_RS08895,VC1844; VC_1844,cydA,cytochrome ubiquinol oxidase subunit I,-0.77004411300199,0.0002942707940722
VC_RS08900,VC1845; VC_1845,ruvB,Holliday junction branch migration DNA helicase RuvB,-1.19741934404307,3.31279041841763e-05
VC_RS08905,VC1846; VC_1846,ruvA,Holliday junction branch migration protein RuvA,-1.62241314612242,1.11699044851193e-05
VC_RS08910,VC1847; VC_1847,ruvC,crossover junction endodeoxyribonuclease RuvC,-0.637071072121872,0.0036840918032277
VC_RS08915,VC1848; VC_1848,cysS,cysteine--tRNA ligase,-0.0673845443193111,0.691929716298197
VC_RS08920,VC1849; VC_1849,,peptidylprolyl isomerase,0.250789696429117,0.340495511034603
VC_RS08925,VC1850; VC_1850,lpxH,"UDP-2,3-diacylglucosamine diphosphatase",0.348557212804455,0.18946497698739
VC_RS08930,VC1851; VC_1851,,EAL and HDOD domain-containing protein,-0.0555510714701825,0.820066947757144
VC_RS08935,VC1852; VC_1852,,YchJ family protein,0.173682739287996,0.253859874364832
VC_RS08940,VC1853; VC_1853,,DUF2057 family protein,-0.775205186835736,0.0122240240345745
VC_RS08945,VC1854; VC_1854,ompT,porin OmpT,-1.84478965778844,9.83362016682184e-05
VC_RS08950,VC1855; VC_1855,dinG,ATP-dependent DNA helicase DinG,-0.694334569689128,0.0179525921341782
VC_RS08955,VC1856; VC_1856,,sulfite exporter TauE/SafE family protein,-1.18507386089675,0.0001080205880211
VC_RS08960,VC1857; VC_1857,,primosomal replication protein,-0.875633280319563,0.002323079823335
VC_RS08965,VC1858; VC_1858,rsmS,pleiotropic regulatory protein RsmS,-2.0520080695342,4.04184355760539e-06
VC_RS08970,VC1859; VC_1859,,methyl-accepting chemotaxis protein,1.01801251876558,0.0032740894964103
VC_RS08975,VC1860; VC_1860,xthA,exodeoxyribonuclease III,0.34811798709064,0.113851647935962
VC_RS08980,VC1861; VC_1861,,ABC transporter permease,-0.871435086292139,0.0634547179392805
VC_RS08985,VC1862; VC_1862,,ABC transporter permease,-0.832390375367819,0.0083892887648327
VC_RS08990,VC1863; VC_1863,,ABC transporter substrate-binding protein,-0.0519074360216785,0.893378926817952
VC_RS08995,VC1864; VC_1864,,ABC transporter ATP-binding protein,-0.140737049261661,0.500959656618498
VC_RS09000,VC1865; VC_1865,,DUF3360 family protein,-0.71306371935453,0.0687353942930935
VC_RS09005,VC1866; VC_1866,pflB,formate C-acetyltransferase,0.060181596977419,0.857526022344833
VC_RS09010,VC1867; VC_1867,,lipid A deacylase LpxR family protein,-1.48603813608598,1.21414585805581e-06
VC_RS09015,VC1868; VC_1868,,methyl-accepting chemotaxis protein,1.35685014820132,0.0001030073534147
VC_RS09020,VC1869; VC_1869,pflA,pyruvate formate lyase 1-activating protein,0.117057199078284,0.614558772005508
VC_RS09025,VC1870; VC_1870,,energy-coupling factor ABC transporter permease,0.282475684763054,0.283416445553607
VC_RS09030,VC1871; VC_1871,,YfbU family protein,-1.39168274556437,0.0060272307047577
VC_RS09035,VC1872; VC_1872,,PrkA family serine protein kinase,0.999544329320124,0.0150609966811624
VC_RS09040,VC1873; VC_1873,,YeaH/YhbH family protein,0.193839795216921,0.631776178814422
VC_RS09045,VC1874; VC_1874,,SpoVR family protein,0.775134341599989,0.0338923163732426
VC_RS09050,VC1875; VC_1875,kdsB,3-deoxy-manno-octulosonate cytidylyltransferase,-0.0564285985318697,0.765628753272314
VC_RS09055,VC1876; VC_1876,,Trm112 family protein,0.101240823190535,0.604857401764615
VC_RS09060,VC1877; VC_1877,lpxK,tetraacyldisaccharide 4'-kinase,-0.0799149575539378,0.694472850978613
VC_RS09065,VC1878; VC_1878,msbA,lipid A ABC transporter ATP-binding protein/permease MsbA,0.467851502088166,0.0065458641951668
VC_RS09070,VC1879; VC_1879,,DNA internalization-related competence protein ComEC/Rec2,0.497019305497442,0.025511414423198
VC_RS09075,VC1880; VC_1880,,DUF2062 domain-containing protein,-0.787712307139218,0.0097639045156002
VC_RS09080,VC1882; VC_1882,lolE,lipoprotein-releasing ABC transporter permease subunit LolE,0.198397976808467,0.466182200924251
VC_RS09085,VC1883; VC_1883,lolD,lipoprotein-releasing ABC transporter ATP-binding protein LolD,0.923083282274916,4.37145059356098e-05
VC_RS09090,VC1884; VC_1884,lolC,lipoprotein-releasing ABC transporter permease subunit LolC,0.506818249566986,0.0289212108269526
VC_RS09095,VC1885; VC_1885,,PilZ domain-containing protein,-0.507821995732856,0.00524475642493
VC_RS09100,VC1886; VC_1886,mfd,transcription-repair coupling factor,-0.24919511882947,0.0872841066855399
VC_RS09105,VC1887; VC_1887,,peptidoglycan binding protein CsiV,-0.662477695875663,0.0012967118258069
VC_RS09110,VC1888; VC_1888,bap1,beta-prism lectin domain-containing protein,1.01428286339569,0.0077733373667649
VC_RS09115,VC1889; VC_1889,,GNAT family N-acetyltransferase,-0.0170282537026146,0.93872130345188
VC_RS09120,VC1890; VC_1890,,NAD(P)/FAD-dependent oxidoreductase,-0.015307005396461,0.953089728868499
VC_RS09125,VC1892; VC_1892,ycfP,alpha/beta hydrolase YcfP,1.00579459182686,0.0090302924509639
VC_RS09130,VC1893; VC_1893,,phosphotransferase,0.0591854620532753,0.74854303701958
VC_RS09135,VC1894; VC_1894,lpoB,penicillin-binding protein activator LpoB,1.16535789366759,0.0001469926523668
VC_RS09140,VC1895; VC_1895,,YcfL family protein,0.414078286603556,0.0241218898896098
VC_RS09145,VC1896; VC_1896,,COG3014 family protein,-0.382357298885263,0.0162486125044515
VC_RS09150,VC1897; VC_1897,hinT,purine nucleoside phosphoramidase,-0.664307799563614,0.0034963605020724
VC_RS09155,VC1898; VC_1898,,methyl-accepting chemotaxis protein,-0.126781304379781,0.73183325097215
VC_RS09160,VC1899; VC_1899,,DUF1887 family protein,2.45493979767172,1.58958286323918e-05
VC_RS09165,VC1900; VC_1900,fadR,fatty acid metabolism transcriptional regulator FadR,-1.00154095345502,5.56431748896653e-05
VC_RS09170,VC1901; VC_1901,nhaB,Na(+)/H(+) antiporter NhaB,-1.54543159490506,1.50864409139181e-06
VC_RS09175,VC1902; VC_1902,dsbB,disulfide bond formation protein DsbB,0.0522298580895775,0.84457656615898
VC_RS09180,VC1903; VC_1903,ftsK,DNA translocase FtsK,-0.133391675269949,0.426731666956916
VC_RS09185,VC1904; VC_1904,lrp,leucine-responsive transcriptional regulator Lrp,-0.822941827132596,0.0007546406806609
VC_RS09190,VC1905; VC_1905,ald,alanine dehydrogenase,0.881142848301226,0.0021141448096252
VC_RS09195,VC1906; VC_1906,,methyltransferase,-0.823190974807117,0.0007760980735432
VC_RS09200,VC1907; VC_1907,cysB,HTH-type transcriptional regulator CysB,-0.467211858513745,0.167617174767384
VC_RS09205,VC1909; VC_1909,,hypothetical protein,-0.213763815357789,0.477469497500764
VC_RS09210,VC1910; VC_1910,,tRNA isopentenyl-2-thiomethyl-A-37 hydroxylase MiaE,0.20675437246872,0.295982642770253
VC_RS09215,VC1911; VC_1911,pyrF,orotidine-5'-phosphate decarboxylase,1.02189290050988,0.0010847133084231
VC_RS09220,VC1912; VC_1912,lapB,lipopolysaccharide assembly protein LapB,-0.120765928347486,0.390703516172393
VC_RS09225,VC1913; VC_1913,,LapA family protein,-0.542107276315114,0.0226260642430621
VC_RS09230,VC1914; VC_1914,ihfB,integration host factor subunit beta,0.461785303983268,0.129991414862252
VC_RS09235,VC1915; VC_1915,rpsA,30S ribosomal protein S1,-0.575367670681928,0.0390561749444134
VC_RS09240,VC1916; VC_1916,cmk,(d)CMP kinase,0.151246771019217,0.41215478792771
VC_RS09245,VC1917; VC_1917,,ComEA family DNA-binding protein,-0.550959909208365,0.0439775167623956
VC_RS09250,VC1918; VC_1918,ppiD,peptidylprolyl isomerase,-0.58909589806435,0.0012513010178659
VC_RS09255,VC1919; VC_1919,,HU family DNA-binding protein,0.379773302032959,0.252551477489457
VC_RS09260,VC1920; VC_1920,lon,endopeptidase La,2.24286542307191,2.45246162178733e-07
VC_RS09265,VC1921; VC_1921,clpX,ATP-dependent protease ATP-binding subunit ClpX,0.816551606890189,0.0001396617500964
VC_RS09270,VC1922; VC_1922,clpP,ATP-dependent Clp endopeptidase proteolytic subunit ClpP,0.469274725647637,0.0170191808322955
VC_RS09275,VC1923; VC_1923,tig,trigger factor,0.665910135691412,0.0014256953356748
VC_RS09280,,,hypothetical protein,0.816353638982605,0.0324869380832938
VC_RS09285,VC1925; VC_1925,,sensor histidine kinase,0.0248126515198135,0.919374189397563
VC_RS09290,VC1926; VC_1926,,sigma-54-dependent transcriptional regulator,-0.65856077574831,0.028542525165266
VC_RS09295,VC1927; VC_1927,,TRAP transporter large permease,-0.216867832438407,0.491093726439356
VC_RS09300,VC1928; VC_1928,,TRAP transporter small permease,-0.353065979334496,0.659298677209335
VC_RS09305,VC1929; VC_1929,dctP,TRAP transporter solute-binding subunit DctP,-0.643854502805759,0.0668687809016021
VC_RS09310,VC1931; VC_1931,,protein adenylyltransferase SelO,-0.873781883814541,0.0018781856879137
VC_RS09315,VC1933; VC_1933,,oxidoreductase,0.767816438401435,0.0368434051231762
VC_RS09320,VC1934; VC_1934,,putative bifunctional diguanylate cyclase/phosphodiesterase,1.25974629522223,7.65349991609244e-05
VC_RS09325,VC1935; VC_1935,,CDP-alcohol phosphatidyltransferase family protein,1.18251836382434,0.0007546406806609
VC_RS09330,VC1936; VC_1936,,phosphatidate cytidylyltransferase,1.60087085829539,5.59531197270318e-05
VC_RS09335,VC1937; VC_1937,,lysophospholipid acyltransferase family protein,1.72393205429079,5.41427002462465e-06
VC_RS09340,VC1938; VC_1938,,acyl-CoA thioesterase,1.86209705935531,1.56688363391004e-06
VC_RS09345,VC1939; VC_1939,,LysE family translocator,-0.420245933504136,0.0752208976159327
VC_RS09350,VC1940; VC_1940,,HAD-IB family hydrolase,-1.56799325226247,0.0001837993759632
VC_RS09355,VC1941; VC_1941,,OpgC domain-containing protein,-0.788759854390214,0.0008509598595601
VC_RS09365,VC1942; VC_1942,folD,bifunctional methylenetetrahydrofolate dehydrogenase/methenyltetrahydrofolate cyclohydrolase FolD,-1.62490237657412,4.79520342174257e-05
VC_RS09370,VC1944; VC_1944,,TauD/TfdA dioxygenase family protein,-1.17437188366958,0.000712579528581
VC_RS09375,VC1945; VC_1945,,FAD-binding protein,-0.954302057147477,0.0046570532465346
VC_RS09380,VC1947; VC_1947,,LysR family transcriptional regulator,1.55596784073797,1.10919545916766e-05
VC_RS09385,VC1949; VC_1949,,L-tyrosine/L-tryptophan isonitrile synthase family protein,0.208823311325709,0.518605717343957
VC_RS09390,VC1950; VC_1950,,molybdopterin guanine dinucleotide-containing S/N-oxide reductase,-0.769920675755393,0.026137994382104
VC_RS09395,VC1951; VC_1951,,NapC/NirT family cytochrome c,-0.741369582712538,0.33100489215909
VC_RS09400,VC1952; VC_1952,,Ig-like domain-containing protein,2.17376379641125,7.95772099236358e-07
VC_RS09405,VC1953; VC_1953,,NupC/NupG family nucleoside CNT transporter,-0.633470392013809,0.0765878725741002
VC_RS09410,VC1955; VC_1955,,LysR family transcriptional regulator,0.633700701485856,0.0202133294162123
VC_RS09415,VC1956; VC_1956,,lytic murein transglycosylase,0.108916500447985,0.460097861202254
VC_RS09420,VC1957; VC_1957,,YcgL domain-containing protein,0.155807932406262,0.631776178814422
VC_RS09425,VC1959; VC_1959,minC,septum site-determining protein MinC,-0.56940249136891,0.0080863023523043
VC_RS09430,VC1960; VC_1960,minD,septum site-determining protein MinD,-0.420506153155721,0.0244721342017986
VC_RS09435,VC1961; VC_1961,minE,cell division topological specificity factor MinE,-0.115170948556773,0.631776178814422
VC_RS09440,VC1962; VC_1962,,copper resistance protein NlpE,3.4847584958395,4.19212563599818e-07
VC_RS09445,VC1963; VC_1963,,DUF1244 domain-containing protein,-0.0886586322550194,0.769721079637853
VC_RS09450,VC1964; VC_1964,,Tim44 domain-containing protein,-0.101545981522158,0.607185057052431
VC_RS09455,VC1965; VC_1965,,TetR/AcrR family transcriptional regulator,-0.118764055635855,0.569934159797279
VC_RS09460,VC1966; VC_1966,,MFS transporter,-0.590717110494099,0.0034677808800961
VC_RS09465,,,hypothetical protein,-1.28268717420317,0.0281970216840106
VC_RS09470,VC1967; VC_1967,,methyl-accepting chemotaxis protein,0.652872960314058,0.018731640092612
VC_RS09475,VC1968; VC_1968,,helix-turn-helix domain-containing protein,-0.192118988583866,0.428122394930508
VC_RS09480,VC1970; VC_1970,,benzoate/H(+) symporter BenE family transporter,-1.07921897078242,0.0211357298648012
VC_RS09485,VC1971; VC_1971,menE,o-succinylbenzoate--CoA ligase,-1.06917019580333,0.0048539082734691
VC_RS09490,VC1972; VC_1972,menC,o-succinylbenzoate synthase,-0.954903349456434,0.0092273506423009
VC_RS09495,VC1973; VC_1973,menB,"1,4-dihydroxy-2-naphthoyl-CoA synthase",-0.41451152910707,0.282074510906426
VC_RS09500,VC1974; VC_1974,menH,"2-succinyl-6-hydroxy-2, 4-cyclohexadiene-1-carboxylate synthase",-0.688162763605417,0.0468272587549238
VC_RS09505,VC1975; VC_1975,menD,2-succinyl-5-enolpyruvyl-6-hydroxy-3- cyclohexene-1-carboxylic-acid synthase,0.197470587486038,0.293098432194061
VC_RS09510,VC1976; VC_1976,,isochorismate synthase,-0.0240556450760975,0.905850482747035
VC_RS09515,VC1977; VC_1977,,pyridoxal phosphate-dependent aminotransferase,-0.494437406092837,0.0120802488240422
VC_RS09520,VC1978; VC_1978,yfbR,5'-deoxynucleotidase,-0.301033993889963,0.111000403629084
VC_RS09525,VC1979; VC_1979,,anti-phage deoxyguanosine triphosphatase,-0.0866170602471263,0.736098183805351
VC_RS09530,VC1980; VC_1980,,tRNA-uridine aminocarboxypropyltransferase,-0.10643880986329,0.703244186770369
VC_RS09535,VC1981; VC_1981,rrtA,rhombosortase,0.297474673249645,0.186663644458472
VC_RS09540,VC1983; VC_1983,,M3 family metallopeptidase,-0.0574086697896522,0.765280636779655
VC_RS09545,VC1984; VC_1984,rnd,ribonuclease D,-0.385526836275579,0.0559010851587603
VC_RS09550,VC1985; VC_1985,fadD,long-chain-fatty-acid--CoA ligase FadD,-0.183534181957729,0.247238898765319
VC_RS09555,VC1986; VC_1986,,alpha/beta fold hydrolase,-0.312243781656825,0.101236320651343
VC_RS09560,VC1987; VC_1987,,Slp family lipoprotein,1.35486838183856,5.41427002462465e-06
VC_RS09565,VC1988; VC_1988,,hypothetical protein,-0.270629255760432,0.538502704851576
VC_RS09570,VC1989; VC_1989,tsaB,tRNA (adenosine(37)-N6)-threonylcarbamoyltransferase complex dimerization subunit type 1 TsaB,0.572168200295705,0.012774204869674
VC_RS09575,VC1990; VC_1990,,ATP-dependent DNA helicase,-0.178597646210049,0.330253853864195
VC_RS09580,,,hypothetical protein,1.0901261097959,0.0149382766776101
VC_RS09585,VC1992; VC_1992,purU,formyltetrahydrofolate deformylase,-0.421957759561798,0.0628604523482865
VC_RS09590,VC1993; VC_1993,,"NADPH-dependent 2,4-dienoyl-CoA reductase",0.238580171446572,0.282803632030815
VC_RS09595,VC1994; VC_1994,sppA,signal peptide peptidase SppA,-0.0461054840810871,0.794210679506202
VC_RS09600,VC1995; VC_1995,ansA,asparaginase,-0.050175895023425,0.822362679116318
VC_RS09605,VC1996; VC_1996,,YeaC family protein,1.15844307235413,0.0066682071305972
VC_RS09610,VC1997; VC_1997,,DUF2989 domain-containing protein,-0.150534155357788,0.412411006059134
VC_RS09615,VC1998; VC_1998,msrB,peptide-methionine (R)-S-oxide reductase MsrB,1.19490676867086,0.0001469926523668
VC_RS09620,VC2000; VC_2000,gap,type I glyceraldehyde-3-phosphate dehydrogenase,0.151434348016377,0.535792630212628
VC_RS09625,VC2001; VC_2001,,D-hexose-6-phosphate mutarotase,-0.0268548709030176,0.93129807845193
VC_RS09630,VC2002; VC_2002,,DUF2860 domain-containing protein,-0.352920593098563,0.0527356435586794
VC_RS09635,VC2003; VC_2003,rlmA,23S rRNA (guanine(745)-N(1))-methyltransferase,-0.727682638495001,0.0004745103374249
VC_RS09640,VC2004; VC_2004,,ChaN family lipoprotein,-1.50657810538839,2.21401115588831e-05
VC_RS09645,VC2005; VC_2005,,hypothetical protein,-1.07352560195171,0.0004480219888736
VC_RS09650,VC2006; VC_2006,,chemotaxis protein CheV,0.703204914876346,0.0056636583426686
VC_RS09655,VC2007; VC_2007,,sugar metabolism global transcriptional regulator Mlc,1.24205479457527,0.0011995688142723
VC_RS09660,VC2008; VC_2008,pyk,pyruvate kinase,0.637218753205963,0.0053843246900887
VC_RS09665,VC2009; VC_2009,,patatin-like phospholipase family protein,0.793012413660544,0.0001084020874119
VC_RS09670,VC_2010,,YnhF family membrane protein,1.27602483839349,0.0007006962162342
VC_RS09675,VC2011; VC_2011,,porin family protein,-0.0433330904345168,0.895015583281179
VC_RS09680,VC2012; VC_2012,,sodium-dependent transporter,-0.691547061219656,0.0158947134616456
VC_RS09685,,,MetS family NSS transporter small subunit,-0.93347162903013,0.217666388733045
VC_RS09690,VC2013; VC_2013,ptsG,PTS glucose transporter subunit IIBC,1.09822073195713,0.003970421175416
VC_RS09695,VC2014; VC_2014,,TatD family hydrolase,1.44546359567651,3.64066953207201e-05
VC_RS09700,VC2015; VC_2015,,DNA polymerase III subunit delta',0.19538865191639,0.341370341301322
VC_RS09705,VC2016; VC_2016,tmk,dTMP kinase,0.620280639058587,0.0164357676939344
VC_RS09710,VC2017; VC_2017,mltG,endolytic transglycosylase MltG,0.336457782325651,0.0640666186268348
VC_RS09715,VC2018; VC_2018,pabC,aminodeoxychorismate lyase,0.498059162539822,0.0075565614960926
VC_RS09720,VC2019; VC_2019,fabF,beta-ketoacyl-ACP synthase II,-0.566322479527613,0.0092273506423009
VC_RS09725,VC2020; VC_2020,acpP,acyl carrier protein,-0.394337136014955,0.149851685868118
VC_RS09730,VC2021; VC_2021,fabG,3-oxoacyl-ACP reductase FabG,0.362713772827416,0.0298551775505768
VC_RS09735,VC2022; VC_2022,fabD,ACP S-malonyltransferase,-0.248674830423716,0.123828640631782
VC_RS09740,VC2023; VC_2023,,beta-ketoacyl-ACP synthase III,-0.481138534129234,0.0043436933127563
VC_RS09745,VC2024; VC_2024,plsX,phosphate acyltransferase PlsX,-1.2502279192577,0.0013635639921476
VC_RS09750,VC2025; VC_2025,rpmF,50S ribosomal protein L32,-0.213838589119921,0.387515966709171
VC_RS09755,VC2026; VC_2026,yceD,23S rRNA accumulation protein YceD,-0.21402536889172,0.474534550383071
VC_RS09760,VC2027; VC_2027,,Maf family protein,-0.122918520544297,0.60298076058091
VC_RS09765,VC2028; VC_2028,rluC,23S rRNA pseudouridine(955/2504/2580) synthase RluC,-0.988864224000362,5.90008907830833e-05
VC_RS09770,VC2030; VC_2030,rne,ribonuclease E,-1.82973817690884,1.70450913423722e-06
VC_RS09775,VC2031; VC_2031,,SulP family inorganic anion transporter,-1.86507835674844,9.80004650057819e-06
VC_RS09780,VC2032; VC_2032,,DMT family transporter,0.271011025302982,0.132075722976029
VC_RS09785,VC2033; VC_2033,adhE,bifunctional acetaldehyde-CoA/alcohol dehydrogenase,-0.0823690037352651,0.84457656615898
VC_RS09790,VC2035; VC_2035,,YchE family NAAT transporter,-0.709741502763248,0.0040928780179641
VC_RS09795,VC2036; VC_2036,asd,aspartate-semialdehyde dehydrogenase,0.338032779831969,0.180336832971805
VC_RS09800,VC2037; VC_2037,nhaC,Na+/H+ antiporter NhaC,-0.863532773069429,0.0020230793320002
VC_RS09805,VC2038; VC_2038,,Hpt domain-containing protein,-0.431816570927673,0.136052322003924
VC_RS09810,VC2039; VC_2039,yejK,nucleoid-associated protein YejK,-0.350905139568302,0.0237168114203125
VC_RS09815,VC2040; VC_2040,,YejL family protein,-0.874351909374863,0.0027558765349509
VC_RS09820,VC2041; VC_2041,,DUF3413 domain-containing protein,-0.591832722905806,0.0004581640496924
VC_RS09835,VC2042; VC_2042,,histone deacetylase family protein,0.0034526232289182,0.988795798292423
VC_RS09840,VC2043; VC_2043,,DNA topoisomerase III,-0.467682785273359,0.0374805406401682
VC_RS09845,VC2044; VC_2044,,Grx4 family monothiol glutaredoxin,0.148472872828803,0.493410554939512
VC_RS09850,VC2045; VC_2045,sodB,superoxide dismutase [Fe],0.420518076725505,0.166172523177715
VC_RS09855,VC2046; VC_2046,,VC2046/SO_2500 family protein,-3.27929008654688,0.0002497845072599
VC_RS09860,VC2047; VC_2047,,SDR family oxidoreductase,-0.0167921057616705,0.952853780844238
VC_RS09865,VC2048; VC_2048,,MlaA family lipoprotein,-0.111739788062966,0.577630666817766
VC_RS09870,VC2049; VC_2049,ccmI,c-type cytochrome biogenesis protein CcmI,-0.396470963286058,0.252410409797123
VC_RS09875,VC2050,,cytochrome c-type biogenesis protein,-0.550738680836946,0.0031099180749796
VC_RS09880,VC2051; VC_2051,,DsbE family thiol:disulfide interchange protein,-0.554599791221596,0.0032360898315078
VC_RS09885,VC2052; VC_2052,,heme lyase CcmF/NrfE family subunit,-0.800865525944338,0.0020024278494114
VC_RS09890,VC2053; VC_2053,ccmE,cytochrome c maturation protein CcmE,-0.840382377218431,0.00148396075609
VC_RS09895,VC2054; VC_2054,ccmD,heme exporter protein CcmD,0.102987386438277,0.664728712019322
VC_RS09900,VC2055; VC_2055,,heme ABC transporter permease,-0.072899221938751,0.777609923830738
VC_RS09905,VC2056; VC_2056,ccmB,heme exporter protein CcmB,-0.241064133351666,0.208559202238245
VC_RS09910,VC2057; VC_2057,ccmA,cytochrome c biogenesis heme-transporting ATPase CcmA,-0.366152925087574,0.0468272587549238
VC_RS09915,VC2058; VC_2058,flrD,flagellar transcriptional regulator FlrD,0.879093121232583,0.0002325904443864
VC_RS09920,VC2059; VC_2059,,chemotaxis protein CheW,0.77528251143245,0.0067027353532641
VC_RS09925,VC2060; VC_2060,,chemotaxis protein CheW,0.89015209630758,0.0006151094974049
VC_RS09930,VC2061; VC_2061,,ParA family protein,0.834989978808791,0.0007626604594991
VC_RS09935,VC2062; VC_2062,,protein-glutamate methylesterase/protein-glutamine glutaminase,0.0959707357136414,0.626627864921364
VC_RS09940,VC2063; VC_2063,,chemotaxis protein CheA,0.708847744035622,0.0004968309663453
VC_RS09945,VC2064; VC_2064,,protein phosphatase CheZ,0.494761695819217,0.0977244624880282
VC_RS09950,VC2065; VC_2065,cheY,chemotaxis response regulator CheY,1.04187856976456,0.0001189701317321
VC_RS09955,VC2066; VC_2066,,RNA polymerase sigma factor FliA,1.6729586297308,4.11045423406807e-06
VC_RS09960,VC2067; VC_2067,,MinD/ParA family protein,1.03555613098667,0.000388015771089
VC_RS09965,VC2068; VC_2068,flhF,flagellar biosynthesis protein FlhF,0.802873982859773,0.0015311985975913
VC_RS09970,VC2069; VC_2069,flhA,flagellar biosynthesis protein FlhA,0.824692089111365,0.0082263199887524
VC_RS09975,VC2070; VC_2070,sixA,phosphohistidine phosphatase SixA,1.11626608359168,0.0001955457711111
VC_RS09980,VC2072; VC_2072,,insulinase family protein,0.130469439019338,0.322436240743394
VC_RS09985,VC2073; VC_2073,,VOC family protein,-0.0964732882806333,0.71017875415907
VC_RS09990,VC2074; VC_2074,argS,arginine--tRNA ligase,-0.864289296142395,0.0005432844065148
VC_RS09995,VC2075; VC_2075,,HIT family protein,-0.183799359333311,0.365349497939183
VC_RS10000,VC2076; VC_2076,,FeoC-like transcriptional regulator,0.459743058833784,0.257128843802632
VC_RS10005,VC2077; VC_2077,feoB,Fe(2+) transporter permease subunit FeoB,0.35378319985564,0.193310758782031
VC_RS10010,VC2078; VC_2078,,FeoA family protein,0.278920678575712,0.417010863286081
VC_RS10015,VC2080; VC_2080,,AraC family transcriptional regulator,-0.146377708950205,0.507446895754024
VC_RS10020,VC2081; VC_2081,znuA,zinc ABC transporter substrate-binding protein ZnuA,-1.16329200691134,0.0001734105441491
VC_RS10025,VC2082; VC_2082,znuC,zinc ABC transporter ATP-binding protein ZnuC,-1.52239693856098,9.578346217561e-06
VC_RS10030,VC2083; VC_2083,znuB,zinc ABC transporter permease subunit ZnuB,-1.83368081799346,6.05874833962271e-06
VC_RS10035,VC2084; VC_2084,sucD,succinate--CoA ligase subunit alpha,0.0181759644203879,0.926204696619995
VC_RS10040,VC2085; VC_2085,sucC,ADP-forming succinate--CoA ligase subunit beta,-0.244753976888535,0.133428105929656
VC_RS10045,VC2086; VC_2086,odhB,2-oxoglutarate dehydrogenase complex dihydrolipoyllysine-residue succinyltransferase,0.0901739031249704,0.6880129689064
VC_RS10050,VC2087; VC_2087,sucA,2-oxoglutarate dehydrogenase E1 component,0.0252622821472606,0.9085876894115
VC_RS10055,VC2088; VC_2088,,succinate dehydrogenase iron-sulfur subunit,0.261802640286967,0.320965902810476
VC_RS10060,VC2089; VC_2089,sdhA,succinate dehydrogenase flavoprotein subunit,-0.253448940093926,0.434166679544057
VC_RS10065,VC2090; VC_2090,sdhD,"succinate dehydrogenase, hydrophobic membrane anchor protein",-0.354870013132046,0.0748945988030818
VC_RS10070,VC2091; VC_2091,sdhC,succinate dehydrogenase cytochrome b556 subunit,-0.0537812562500464,0.857526022344833
VC_RS10075,VC2092; VC_2092,,citrate synthase,0.953737031881749,0.0005574536318819
VC_RS10080,VC2093; VC_2093,,Nif3-like dinuclear metal center hexameric protein,-0.210081853474272,0.29741773525659
VC_RS10085,VC2094; VC_2094,,DUF1853 family protein,-0.336270185126991,0.149331686810258
VC_RS10090,VC2095; VC_2095,pgm,"phosphoglucomutase (alpha-D-glucose-1,6-bisphosphate-dependent)",-0.411469273928809,0.0615145842919581
VC_RS10095,VC2096; VC_2096,seqA,replication initiation negative regulator SeqA,0.0103662469851646,0.954519002958358
VC_RS10100,VC2097; VC_2097,,alpha/beta fold hydrolase,0.684239207542711,0.0007570649794921
VC_RS10105,VC2098; VC_2098,,DUF2788 domain-containing protein,0.144844976407287,0.443064465704586
VC_RS10110,VC2099; VC_2099,fldA,flavodoxin FldA,0.424647095774311,0.135166033935917
VC_RS10115,VC2100; VC_2100,,LrgB family protein,-2.0660952621291,2.42512687443896e-05
VC_RS10120,VC2101; VC_2101,,CidA/LrgA family protein,-2.23610524002175,0.0005085787877175
VC_RS10125,VC2103; VC_2103,,LysR family transcriptional regulator,-0.0103269870362308,0.972136595318815
VC_RS10130,VC2105; VC_2105,,DUF4442 domain-containing protein,-0.622804593727641,0.0172316326265212
VC_RS10135,VC2106; VC_2106,fcrX,ferric iron uptake transcriptional regulator FcrX,0.0837287115897205,0.714253030411692
VC_RS10140,VC2107; VC_2107,,aspartate-semialdehyde dehydrogenase,0.200336534619466,0.33152822322001
VC_RS10145,VC2108; VC_2108,,4-phosphoerythronate dehydrogenase,-0.55999644550013,0.0034432853565712
VC_RS10150,VC2109; VC_2109,fabB,beta-ketoacyl-ACP synthase I,0.0644276950745678,0.705763757011505
VC_RS10155,VC2110; VC_2110,mnmC,bifunctional tRNA (5-methylaminomethyl-2-thiouridine)(34)-methyltransferase MnmD/FAD-dependent 5-carboxymethylaminomethyl-2-thiouridine(34) oxidoreductase MnmC,0.462227265091649,0.0210878764959075
VC_RS10160,VC2111; VC_2111,,NADPH-dependent FMN reductase,0.0959806022683495,0.714253030411692
VC_RS10165,VC2112; VC_2112,,YfcL family protein,-0.354640975587686,0.253332207100509
VC_RS10170,VC2113; VC_2113,,elongation factor P hydroxylase,-0.311196521809487,0.322511943377844
VC_RS10175,VC2115; VC_2115,,trimeric intracellular cation channel family protein,-0.732335216234926,0.001808783767034
VC_RS10180,VC2116; VC_2116,aroC,chorismate synthase,0.045162913023291,0.885652785115313
VC_RS10185,VC2118; VC_2118,prmB,50S ribosomal protein L3 N(5)-glutamine methyltransferase,-0.590283590878898,0.0004716201057521
VC_RS10190,VC2119; VC_2119,smrB,endonuclease SmrB,-0.731950653525553,0.0013413954394203
VC_RS10195,VC2120; VC_2120,flhB,flagellar biosynthesis protein FlhB,0.717937258925374,0.0007385233508501
VC_RS10200,VC2121; VC_2121,fliR,flagellar biosynthetic protein FliR,0.184789762993514,0.33937674060425
VC_RS10205,VC2122; VC_2122,fliQ,flagellar biosynthesis protein FliQ,0.986521713143698,0.0001145252578929
VC_RS10210,VC2123; VC_2123,fliP,flagellar type III secretion system pore protein FliP,0.316642188425366,0.105415859726738
VC_RS10215,VC2124; VC_2124,fliO,flagellar biosynthetic protein FliO,0.339053659218699,0.138481001643524
VC_RS10220,VC2125; VC_2125,fliN,flagellar motor switch protein FliN,0.556513369536207,0.0031235291600311
VC_RS10225,VC2126; VC_2126,fliM,flagellar motor switch protein FliM,0.214214786829626,0.149735544978259
VC_RS10230,VC2127; VC_2127,fliL,flagellar basal body-associated protein FliL,-0.592798232581855,0.372555451711816
VC_RS10235,VC2128; VC_2128,,flagellar hook-length control protein FliK,-0.698321016634138,0.0286717672873038
VC_RS10245,VC2129; VC_2129,fliJ,flagellar export protein FliJ,1.34323209015106,0.0012901824197711
VC_RS10250,VC2130; VC_2130,fliI,flagellar protein export ATPase FliI,1.08408062822705,0.0163974193160098
VC_RS10255,VC2131; VC_2131,fliH,flagellar assembly protein FliH,1.13537106008666,0.0012512331829417
VC_RS10260,VC2132; VC_2132,fliG,flagellar motor switch protein FliG,1.83108439334526,2.75308478735059e-05
VC_RS10265,VC2133; VC_2133,fliF,flagellar basal-body MS-ring/collar protein FliF,2.43303592154443,0.0007374677737765
VC_RS10270,VC2134; VC_2134,fliE,flagellar hook-basal body complex protein FliE,1.59057129804319,0.0124997206606536
VC_RS10275,VC2135; VC_2135,,sigma-54-dependent transcriptional regulator,0.615820704738192,0.0056234476884726
VC_RS10280,VC2136; VC_2136,,sensor histidine kinase,0.83464163145809,0.0021218734530779
VC_RS10285,VC2137; VC_2137,,sigma-54 dependent transcriptional regulator,-0.0245184744149657,0.864296677583635
VC_RS10290,VC2138; VC_2138,fliS,flagellar export chaperone FliS,-0.390985857656343,0.116736063347157
VC_RS10295,VC2139; VC_2139,,flagellar protein FliT,-0.554864799527382,0.0028001782040586
VC_RS10300,VC2140; VC_2140,fliD,flagellar filament capping protein FliD,0.074975319103814,0.664728712019322
VC_RS10305,VC2141; VC_2141,flaG,flagellar protein FlaG,0.380573854879602,0.15694214869521
VC_RS10310,VC2142; VC_2142,,flagellin,-1.13160511624471,0.0178133325319658
VC_RS10315,VC2143; VC_2143,,flagellin,-2.77811039335612,0.0003773703610663
VC_RS10320,VC2144; VC_2144,,flagellin,-1.33695702689587,0.0039411458040128
VC_RS10325,VC2145; VC_2145,,Dyp-type peroxidase,0.0910260270871962,0.770917474920115
VC_RS10330,VC2146; VC_2146,,DUF2919 domain-containing protein,-0.0661893359863196,0.74854303701958
VC_RS10335,VC2147; VC_2147,,DUF2956 domain-containing protein,0.620784127987976,0.0625496805812402
VC_RS10340,VC2149; VC_2149,,winged helix-turn-helix domain-containing protein,0.0910370142778235,0.857526022344833
VC_RS10345,VC2150; VC_2150,,ArsC family reductase,0.171080530895392,0.33937674060425
VC_RS10350,VC2152; VC_2152,dapE,succinyl-diaminopimelate desuccinylase,-0.518780998562734,0.0299351962815684
VC_RS10355,VC2153; VC_2153,,M15 family metallopeptidase,-0.64356082181796,0.0097250550549533
VC_RS10360,VC2154; VC_2154,,DUF2897 family protein,0.320622276575583,0.258245700869279
VC_RS10365,VC2156; VC_2156,bamC,outer membrane protein assembly factor BamC,0.17817062812209,0.366257343245107
VC_RS10370,VC2157; VC_2157,dapA,4-hydroxy-tetrahydrodipicolinate synthase,0.411400880634348,0.0773222428400537
VC_RS10375,VC2159; VC_2159,,glycine cleavage system protein R,0.445400151028389,0.0098763306196402
VC_RS10380,VC2160; VC_2160,bcp,thioredoxin-dependent thiol peroxidase,0.265545956935537,0.347043433764995
VC_RS10385,VC2161; VC_2161,mlp24,methyl-accepting chemotaxis protein Mlp24,-0.644696636671149,0.0147152574151953
VC_RS10390,VC2162; VC_2162,,AI-2E family transporter,-0.384864202088052,0.0338837614776333
VC_RS10395,VC2163; VC_2163,,sulfurtransferase TusA family protein,-0.899819355830907,0.0019611183154916
VC_RS10400,VC2164; VC_2164,,beta-barrel assembly-enhancing protease,-0.200985700218422,0.172320319111902
VC_RS10405,VC2165; VC_2165,arsC,arsenate reductase (glutaredoxin),-0.23536111973442,0.388691565244281
VC_RS10410,VC2166; VC_2166,wrbA,NAD(P)H:quinone oxidoreductase,-0.501608704233994,0.0170017992364378
VC_RS10415,VC2167; VC_2167,,DUF2069 domain-containing protein,-0.32010993662916,0.0733834391515121
VC_RS10420,VC2168; VC_2168,,DUF2066 domain-containing protein,0.064648698978952,0.765100117505044
VC_RS10425,VC2171; VC_2171,,uracil-xanthine permease family protein,-1.49044501642919,0.0007546406806609
VC_RS10430,VC2172; VC_2172,ybaK,Cys-tRNA(Pro) deacylase,0.825381782019939,0.0039524665197286
VC_RS10435,VC2174; VC_2174,ushA,bifunctional UDP-sugar hydrolase/5'-nucleotidase UshA,-0.0994338376834922,0.688100262690954
VC_RS10440,VC2175; VC_2175,kdsA,3-deoxy-8-phosphooctulonate synthase,-0.187596664627309,0.261995381666506
VC_RS10445,VC2176; VC_2176,,SirB1 family protein,-0.341052486194302,0.0985873109417337
VC_RS10450,VC2177; VC_2177,,SirB2 family protein,-0.645074432570624,0.0202714094298143
VC_RS10455,VC2178; VC_2178,prmC,peptide chain release factor N(5)-glutamine methyltransferase,-0.968298557648197,0.0006363508575477
VC_RS10460,VC2179; VC_2179,prfA,peptide chain release factor 1,-0.690456867174723,0.000654385883715
VC_RS10465,VC2180; VC_2180,hemA,glutamyl-tRNA reductase,-0.22528831317517,0.242503942797588
VC_RS10470,VC2181; VC_2181,lolB,lipoprotein insertase outer membrane protein LolB,-1.0606879253262,4.60980423038963e-05
VC_RS10475,VC2182; VC_2182,ispE,4-(cytidine 5'-diphospho)-2-C-methyl-D-erythritol kinase,-1.33210606648452,1.24760410313719e-05
VC_RS10480,VC2183; VC_2183,,ribose-phosphate pyrophosphokinase,-1.65249757146013,2.85432925633197e-05
VC_RS10485,VC2184; VC_2184,pth,aminoacyl-tRNA hydrolase,-1.3784427650425,6.05874833962271e-06
VC_RS10490,VC2185; VC_2185,ychF,redox-regulated ATPase YchF,-1.51049637194311,4.21694262248823e-06
VC_RS10575,VC2187; VC_2187,,flagellin,-1.92908886743076,0.0020640984133285
VC_RS10580,VC2188; VC_2188,,flagellin,-0.210816712382992,0.646567586401213
VC_RS10585,VC2190; VC_2190,flgL,flagellar hook-associated protein FlgL,-0.459007147316557,0.200391685567691
VC_RS10590,VC2191; VC_2191,flgK,flagellar hook-associated protein FlgK,0.118932608360128,0.736307800122857
VC_RS10595,VC2192; VC_2192,flgJ,flagellar assembly peptidoglycan hydrolase FlgJ,0.0130512546229541,0.947644886590792
VC_RS10600,VC2193; VC_2193,,flagellar basal body P-ring protein FlgI,-0.246023523811935,0.473279745337974
VC_RS10605,VC2194; VC_2194,flgH,flagellar basal body L-ring protein FlgH,-0.282477049899015,0.203203859469185
VC_RS10610,VC2195; VC_2195,flgG,flagellar basal-body rod protein FlgG,-0.354861994585144,0.197109561712441
VC_RS10615,VC2196; VC_2196,flgF,flagellar basal-body rod protein FlgF,-0.352792831763631,0.172416951144077
VC_RS10620,VC2197; VC_2197,flgE,flagellar hook protein FlgE,-1.05049657155287,0.0293695489879003
VC_RS10625,VC2198; VC_2198,flgD,flagellar hook assembly protein FlgD,-0.245181249373286,0.33384208000269
VC_RS10630,VC2199; VC_2199,flgC,flagellar basal body rod protein FlgC,0.117007702056724,0.673104270770945
VC_RS10635,VC2200; VC_2200,flgB,flagellar basal body rod protein FlgB,0.415398016472347,0.185384127157641
VC_RS10640,VC2201; VC_2201,,protein-glutamate O-methyltransferase,0.324081655659081,0.0427294217583273
VC_RS10645,VC2202; VC_2202,,chemotaxis protein CheV,0.240590471206155,0.333124537840885
VC_RS10650,VC2203; VC_2203,flgA,flagellar basal body P-ring formation chaperone FlgA,0.480407724215367,0.0077704042989058
VC_RS10655,VC2204; VC_2204,flgM,flagellar biosynthesis anti-sigma factor FlgM,-0.27891089559467,0.13651978929542
VC_RS10660,VC2205; VC_2205,,flagella synthesis protein FlgN,-0.636514775527624,0.008931404056277
VC_RS10665,VC2206; VC_2206,flgP,flagellar assembly lipoprotein FlgP,0.682792406724177,0.0087540520983444
VC_RS10670,VC2207; VC_2207,,FlgO family outer membrane protein,0.599000444009099,0.0599059698001878
VC_RS10675,VC2208; VC_2208,,flagellar assembly protein FlgT,0.0445084969620074,0.809214608039923
VC_RS10680,VC2209; VC_2209,,amino acid adenylation domain-containing protein,0.254675190855978,0.25227015880539
VC_RS10685,VC2210; VC_2210,,siderophore-interacting protein,0.391236023021612,0.376293065778597
VC_RS10690,VC2211; VC_2211,,TonB-dependent siderophore receptor,-1.89381919504649,0.0001348603224767
VC_RS10695,VC2212; VC_2212,,Fe3+-citrate ABC transporter substrate-binding protein,2.94329152515808,4.19212563599818e-07
VC_RS10700,VC2213; VC_2213,,OmpA family protein,2.72180056990662,1.41619570633092e-06
VC_RS10705,VC2214; VC_2214,gltX,glutamate--tRNA ligase,0.119967213083819,0.6220157860599
VC_RS10710,VC2215; VC_2215,copA,copper-translocating P-type ATPase CopA,-0.421319158419414,0.0357990902805918
VC_RS10715,VC2216; VC_2216,,DUF411 domain-containing protein,0.703414259446262,0.0039598372969208
VC_RS10720,VC2217; VC_2217,,beta-N-acetylhexosaminidase,1.12710722896588,0.0002992387447379
VC_RS10725,VC2220; VC_2220,,TraB/GumN family protein,-0.191574506761802,0.397924113951383
VC_RS10735,VC2221; VC_2221,,DUF3149 domain-containing protein,1.85740471313418,0.0282548216171034
VC_RS10740,VC2222; VC_2222,smrA,DNA endonuclease SmrA,0.0820207047245652,0.69411322037219
VC_RS10745,VC2223; VC_2223,rluF,23S rRNA pseudouridine(2604) synthase RluF,-1.36955453309389,5.55661081113492e-05
VC_RS10750,VC2224; VC_2224,,sensor domain-containing diguanylate cyclase,-0.518591864956904,0.0872841066855399
VC_RS10755,VC2225; VC_2225,upp,uracil phosphoribosyltransferase,0.77599740440139,0.0062569810924792
VC_RS10760,VC2226; VC_2226,purM,phosphoribosylformylglycinamidine cyclo-ligase,-2.51963454542671,3.40707311516141e-06
VC_RS10765,VC2227; VC_2227,purN,phosphoribosylglycinamide formyltransferase,-2.78586251837936,4.02864042476592e-07
VC_RS10770,VC2229; VC_2229,,class II glutamine amidotransferase,0.888727530424437,0.000161769015317
VC_RS10775,VC2230; VC_2230,lpcA,D-sedoheptulose 7-phosphate isomerase,1.16990810022733,1.38134140793083e-05
VC_RS10780,VC2231; VC_2231,fadE,acyl-CoA dehydrogenase FadE,-0.198141673069908,0.456042415853876
VC_RS10785,VC2232; VC_2232,,TIGR03503 family protein,-0.171009348523851,0.293098432194061
VC_RS10790,VC2233; VC_2233,dnaQ,DNA polymerase III subunit epsilon,0.272595679452729,0.106963348115924
VC_RS10795,VC2234; VC_2234,rnhA,ribonuclease HI,-0.441603865388495,0.0431687864297537
VC_RS10800,VC2235; VC_2235,,class I SAM-dependent methyltransferase,0.159737559406039,0.476701331457602
VC_RS10805,VC2236; VC_2236,gloB,hydroxyacylglutathione hydrolase,-0.061733555706112,0.691929716298197
VC_RS10810,VC2237; VC_2237,,LysM peptidoglycan-binding domain-containing protein,0.11055454558716,0.726255954403991
VC_RS10815,VC2238; VC_2238,,endonuclease/exonuclease/phosphatase family protein,-0.0707448551106667,0.768474110098611
VC_RS10820,VC2239; VC_2239,glnB,nitrogen regulatory protein P-II,0.183945100620685,0.424455559247456
VC_RS10825,VC2240; VC_2240,,phenolic acid decarboxylase,3.36710612914037,1.33053205684192e-07
VC_RS10830,VC2241; VC_2241,,c-type cytochrome,1.5121487884424,0.0001426271264816
VC_RS10835,VC2242; VC_2242,tilS,tRNA lysidine(34) synthetase TilS,0.135009239240378,0.33109303364172
VC_RS10840,VC2244; VC_2244,accA,acetyl-CoA carboxylase carboxyl transferase subunit alpha,0.649200257531296,0.0007760980735432
VC_RS10845,VC2245; VC_2245,dnaE,DNA polymerase III subunit alpha,0.0233169714136957,0.871835716216685
VC_RS10850,VC2246; VC_2246,rnhB,ribonuclease HII,-0.740375204346967,0.0022790167443858
VC_RS10855,VC2247; VC_2247,lpxB,lipid-A-disaccharide synthase,-1.16453427837874,5.78537717086102e-05
VC_RS10860,VC2248; VC_2248,lpxA,acyl-ACP--UDP-N-acetylglucosamine O-acyltransferase,-0.0868610820503556,0.612756425524526
VC_RS10865,VC2249; VC_2249,fabZ,3-hydroxyacyl-ACP dehydratase FabZ,-0.402971062505833,0.0074637006522065
VC_RS10870,VC2250; VC_2250,lpxD,UDP-3-O-(3-hydroxymyristoyl)glucosamine N-acyltransferase,-0.0384236294394129,0.867584811706518
VC_RS10875,VC2251; VC_2251,,OmpH family outer membrane protein,-0.120213132341528,0.545208163471072
VC_RS10880,VC2252; VC_2252,bamA,outer membrane protein assembly factor BamA,-0.137795402147247,0.323799976046136
VC_RS10885,VC2253; VC_2253,rseP,sigma E protease regulator RseP,-0.200838460633392,0.278491905253982
VC_RS10890,VC2254; VC_2254,ispC,1-deoxy-D-xylulose-5-phosphate reductoisomerase,-1.43393444241642,5.41427002462465e-06
VC_RS10895,VC2255; VC_2255,,phosphatidate cytidylyltransferase,-1.13585425844173,1.36727635968996e-05
VC_RS10900,VC2256; VC_2256,uppS,polyprenyl diphosphate synthase,-0.560736693743059,0.006337313877193
VC_RS10905,VC2257; VC_2257,frr,ribosome recycling factor,0.345662198711983,0.122752943250637
VC_RS10910,VC2258; VC_2258,pyrH,UMP kinase,-0.281533654635837,0.296139643166451
VC_RS10915,VC2259; VC_2259,tsf,translation elongation factor Ts,0.142036293278671,0.514183777661064
VC_RS10920,VC2260; VC_2260,rpsB,30S ribosomal protein S2,-1.13429053807044,3.35244714666643e-05
VC_RS10925,VC2261; VC_2261,map,type I methionyl aminopeptidase,-0.110918856549989,0.544823972616986
VC_RS10930,VC2262; VC_2262,glnD,bifunctional uridylyltransferase/uridylyl-removing protein GlnD,0.318204943017263,0.0477345843995531
VC_RS10935,VC2264; VC_2264,,DUF3461 family protein,1.99444139214674,5.25095480000994e-05
VC_RS10940,VC2265; VC_2265,pgpA,phosphatidylglycerophosphatase A,0.0744411672990252,0.832298693388742
VC_RS10945,VC2266; VC_2266,thiL,thiamine-phosphate kinase,-0.517485380436092,0.0228377903495736
VC_RS10950,VC2267; VC_2267,nusB,transcription antitermination factor NusB,-0.537404096534084,0.0075508093106132
VC_RS10955,VC2268; VC_2268,ribE,"6,7-dimethyl-8-ribityllumazine synthase",-0.203353884719456,0.450757523963201
VC_RS10960,VC2269; VC_2269,ribBA,"bifunctional 3,4-dihydroxy-2-butanone-4-phosphate synthase/GTP cyclohydrolase II",0.0032895288159195,0.982192666212987
VC_RS10965,VC2270; VC_2270,,riboflavin synthase,0.305360170261947,0.0724719802847215
VC_RS10970,VC2271; VC_2271,ribD,bifunctional diaminohydroxyphosphoribosylaminopyrimidine deaminase/5-amino-6-(5-phosphoribosylamino)uracil reductase RibD,0.0863873387658822,0.609196958638284
VC_RS10975,VC2272; VC_2272,nrdR,transcriptional regulator NrdR,0.332515385903207,0.0680637019429727
VC_RS10980,VC2273; VC_2273,,glutamate-5-semialdehyde dehydrogenase,0.23151079854821,0.203693068045007
VC_RS10985,VC2274; VC_2274,proB,glutamate 5-kinase,-0.179850992592987,0.251172911839763
VC_RS10990,VC2275; VC_2275,crl,sigma factor-binding protein Crl,0.9318754521445,0.0195579104925413
VC_RS10995,VC2276; VC_2276,frsA,esterase FrsA,0.302390646714736,0.114237702614673
VC_RS11000,VC2277; VC_2277,gpt,xanthine phosphoribosyltransferase,-0.366257127326762,0.0606356795973299
VC_RS11005,VC2278; VC_2278,,NCS2 family permease,-1.64934701430284,1.99882098244017e-05
VC_RS11010,VC2279; VC_2279,,aminoacyl-histidine dipeptidase,0.238390691396343,0.158853456823744
VC_RS11015,VC2280; VC_2280,,ATP-dependent zinc protease family protein,-0.0786076829393128,0.694910215672513
VC_RS11020,VC2281; VC_2281,rimK,30S ribosomal protein S6--L-glutamate ligase,-0.544527205987608,0.0072438636950312
VC_RS11025,VC2282; VC_2282,,succinylglutamate desuccinylase/aspartoacylase family protein,-0.173198242537671,0.323906830890138
VC_RS11030,VC2283; VC_2283,,sodium-dependent transporter,-1.36032583552933,5.61993414203331e-05
VC_RS11035,VC2285; VC_2285,,diguanylate cyclase,0.363355303912383,0.0370878531515346
VC_RS11040,VC2286; VC_2286,,YggN family protein,1.14753768832821,0.0001469926523668
VC_RS11045,VC2287; VC_2287,dinB,DNA polymerase IV,-0.565670240491983,0.0931760946174981
VC_RS11050,VC2288; VC_2288,nqrM,(Na+)-NQR maturation NqrM,-0.0222261315846577,0.956511150282267
VC_RS11055,VC2289; VC_2289,,FAD:protein FMN transferase,-1.30278678849481,4.47450263949836e-05
VC_RS11060,VC2290; VC_2290,nqrF,NADH:ubiquinone reductase (Na(+)-transporting) subunit F,-0.99564927715408,0.0003933431590554
VC_RS11065,VC2291; VC_2291,nqrE,NADH:ubiquinone reductase (Na(+)-transporting) subunit E,-0.945510733824954,0.000450840336827
VC_RS11070,VC2292; VC_2292,,NADH:ubiquinone reductase (Na(+)-transporting) subunit D,-1.02291132268454,0.0005873157108043
VC_RS11075,VC2293; VC_2293,,Na(+)-translocating NADH-quinone reductase subunit C,-1.24593397397842,4.47450263949836e-05
VC_RS11080,VC2294; VC_2294,,NADH:ubiquinone reductase (Na(+)-transporting) subunit B,-0.960671146241184,0.000198537512889
VC_RS11085,VC2295; VC_2295,,Na(+)-translocating NADH-quinone reductase subunit A,-1.27484103226296,7.59082136008191e-06
VC_RS11090,VC2296; VC_2296,,BolA family protein,0.650327367367975,0.0035019536259463
VC_RS11095,VC2297; VC_2297,,methyltransferase,0.75752238748257,0.0005146479917826
VC_RS11100,VC2298; VC_2298,,YajG family lipoprotein,0.12511419060401,0.449594487147729
VC_RS11105,VC2299; VC_2299,,peptidylprolyl isomerase,-0.0354662250993922,0.879736472898413
VC_RS11115,VC2300; VC_2300,,AmpG family muropeptide MFS transporter,-0.306762974168019,0.0811624820036957
VC_RS11120,VC2301; VC_2301,,ChrR family anti-sigma-E factor,1.36799022202257,0.0010230288146391
VC_RS11125,VC2302; VC_2302,,RNA polymerase sigma factor,0.389077133272558,0.103089210313803
VC_RS11130,VC2303; VC_2303,,LON peptidase substrate-binding domain-containing protein,1.44680554463034,3.12297138848336e-05
VC_RS11135,VC2305; VC_2305,,outer membrane protein OmpK,-0.5753785638325,0.023241995746328
VC_RS11140,VC2307; VC_2307,panE,2-dehydropantoate 2-reductase,-0.176867509937748,0.560533265193022
VC_RS11145,VC2308; VC_2308,,DJ-1 family glyoxalase III,0.146425074997003,0.488920011476936
VC_RS11150,VC2309; VC_2309,csdA,cysteine desulfurase CsdA,0.687988118401154,0.0014011596747782
VC_RS11155,VC2310; VC_2310,csdE,cysteine desulfurase sulfur acceptor subunit CsdE,-0.65114612391013,0.0376234797068095
VC_RS11160,VC2311; VC_2311,tcdA,tRNA cyclic N6-threonylcarbamoyladenosine(37) synthase TcdA,-0.972695377600871,0.0025011283417283
VC_RS11165,VC2312; VC_2312,mltA,murein transglycosylase A,0.443646184337331,0.0120079841809958
VC_RS11170,VC2314; VC_2314,,DUF2850 domain-containing protein,1.1740695435078,0.0034156440976637
VC_RS11175,VC2316; VC_2316,argA,amino-acid N-acetyltransferase,1.71118775493335,0.0047909459235322
VC_RS11180,VC2318; VC_2318,,hypothetical protein,0.782862328065328,0.0806409137844643
VC_RS11185,VC2319; VC_2319,recD,exodeoxyribonuclease V subunit alpha,0.528976882088803,0.003592522144313
VC_RS11190,VC2320; VC_2320,recB,exodeoxyribonuclease V subunit beta,-0.053815400084408,0.822481986096009
VC_RS11195,VC2322; VC_2322,recC,exodeoxyribonuclease V subunit gamma,-0.130699642501437,0.423210480267117
VC_RS11200,VC2323; VC_2323,,TDT family transporter,-0.218255496803885,0.287587022341637
VC_RS11205,VC2324; VC_2324,,LysR family transcriptional regulator,0.259774671747693,0.485237663352407
VC_RS11210,VC2326; VC_2326,,YebG family protein,-0.39267984431171,0.103628280963614
VC_RS11215,VC2329; VC_2329,dapD,"2,3,4,5-tetrahydropyridine-2,6-dicarboxylate N-succinyltransferase",0.429157102306125,0.0294106536865379
VC_RS11220,VC2330; VC_2330,,NnrS family protein,0.211181814811309,0.438767805602484
VC_RS11225,VC2332; VC_2332,,GNAT family N-acetyltransferase/peptidase C39 family protein,0.204204246010428,0.210636441055642
VC_RS11230,VC2333; VC_2333,,RimK family protein,-0.0570030230861822,0.739825543511906
VC_RS11235,VC2334; VC_2334,,zinc transporter ZntB,0.917113644608624,0.0001939082538464
VC_RS11240,VC2335; VC_2335,,gamma-glutamylcyclotransferase family protein,0.955082199385541,0.0003151808686477
VC_RS11245,VC2336; VC_2336,,tRNA-binding protein,0.749005692024406,0.0135684856221045
VC_RS11250,VC2337; VC_2337,,substrate-binding domain-containing protein,-0.545067354844868,0.0068168381700821
VC_RS11255,VC2338; VC_2338,,beta-galactosidase,1.07552716565762,0.0005074865987533
VC_RS11260,VC2339; VC_2339,chrA,chromate efflux transporter,0.171484741603691,0.282533559705663
VC_RS11265,VC2340; VC_2340,,HD-GYP domain-containing protein,2.03956957237941,5.46682407340598e-06
VC_RS11270,VC2341; VC_2341,,AMP-binding protein,0.0327518000642303,0.932462406895675
VC_RS11275,VC2342; VC_2342,fusA,elongation factor G,-1.19550657761357,1.0937711142127e-05
VC_RS11280,VC2343; VC_2343,radA,DNA repair protein RadA,0.06772381138265,0.67817555264755
VC_RS11285,VC2344; VC_2344,,PilZ domain-containing protein,0.351625128864166,0.0177307600214079
VC_RS11290,VC2345; VC_2345,serB,phosphoserine phosphatase,0.815906207323346,0.0023486409362443
VC_RS11295,VC2346; VC_2346,,YtjB family periplasmic protein,0.182657405605012,0.281181153373039
VC_RS11300,VC2347; VC_2347,deoD,purine-nucleoside phosphorylase,1.80567625081645,3.81387842422452e-05
VC_RS11305,VC2348; VC_2348,,phosphopentomutase,0.60593197471692,0.0355267593081774
VC_RS11310,VC2349; VC_2349,deoA,thymidine phosphorylase,0.640375409372241,0.0307737684395702
VC_RS11315,VC2350; VC_2350,deoC,deoxyribose-phosphate aldolase,0.76435632573213,0.0060569132438117
VC_RS11320,VC_2351,,hypothetical protein,0.928074655526169,0.221088194411467
VC_RS11325,VC2352; VC_2352,,NupC/NupG family nucleoside CNT transporter,-1.20305612992909,7.36790444475702e-05
VC_RS11330,VC2353; VC_2353,,TatD family hydrolase,-0.201138236351845,0.236580983493809
VC_RS11335,VC_2354,,DUF5363 family protein,-0.484101846565667,0.400084900617162
VC_RS11340,VC2355; VC_2355,yaaA,peroxide stress protein YaaA,0.132097318859779,0.514183777661064
VC_RS11345,VC2356; VC_2356,,alanine/glycine:cation symporter family protein,0.358953094481158,0.11393513955912
VC_RS11350,VC2357; VC_2357,,DUF3545 family protein,0.524374350257071,0.333002176762273
VC_RS11355,VC2358; VC_2358,,hemerythrin domain-containing protein,0.77682278071289,0.0016167872902822
VC_RS11360,VC2359; VC_2359,ung,uracil-DNA glycosylase,-0.37888696325675,0.139336867136194
VC_RS11365,VC2360; VC_2360,nfo,deoxyribonuclease IV,0.484448183154255,0.021576453007268
VC_RS11370,VC2361; VC_2361,grcA,autonomous glycyl radical cofactor GrcA,0.29622360052428,0.460478729650062
VC_RS11375,VC2362; VC_2362,thrC,threonine synthase,1.06528900622334,0.0002424491373305
VC_RS11380,VC2363; VC_2363,thrB,homoserine kinase,1.26043400997341,8.57509607418949e-06
VC_RS11385,VC2364; VC_2364,thrA,bifunctional aspartate kinase/homoserine dehydrogenase I,0.831820947303993,8.19540735110276e-05
VC_RS11390,,thrL,thr operon leader peptide,-0.291097206689961,0.559454340260931
VC_RS11395,VC2365; VC_2365,,hypothetical protein,-0.20669016647246,0.49354048100928
VC_RS11400,VC2366; VC_2366,,putative 4-hydroxy-4-methyl-2-oxoglutarate aldolase,1.63613300060751,4.98509334552893e-06
VC_RS11405,VC2367; VC_2367,,DUF3293 domain-containing protein,0.999853214853681,0.0221046159052177
VC_RS11410,VC2368; VC_2368,arcA,two-component system response regulator ArcA,-0.542446336238439,0.0284765783392868
VC_RS11415,VC2369; VC_2369,arcB,aerobic respiration two-component sensor histidine kinase ArcB,-0.387749361745638,0.0111479391766273
VC_RS11420,VC2370; VC_2370,,diguanylate cyclase domain-containing protein,-0.355276266656073,0.0540896540591101
VC_RS11425,VC2371; VC_2371,,TIGR01212 family radical SAM protein,-0.0961499633945794,0.805494599572755
VC_RS11430,VC2373; VC_2373,gltB,glutamate synthase large subunit,-1.95007942009112,5.41427002462465e-06
VC_RS11435,VC2374; VC_2374,,glutamate synthase subunit beta,-1.74181364821169,5.73035409001719e-05
VC_RS11440,VC2376; VC_2376,gltB,glutamate synthase large subunit,-1.13485419592198,0.0003759520538294
VC_RS11445,VC2377; VC_2377,,FAD-dependent oxidoreductase,-0.841007270336343,0.0081246058208384
VC_RS11450,VC2378; VC_2378,,DUF1499 domain-containing protein,-0.126721517010704,0.546766481042233
VC_RS11455,VC2379; VC_2379,mtnN,5'-methylthioadenosine/S-adenosylhomocysteine nucleosidase,0.0152579092843798,0.941245543412009
VC_RS11460,VC2380; VC_2380,,cobalamin biosynthesis family protein,-0.319860820534143,0.156318118152953
VC_RS11465,VC2381; VC_2381,btuF,vitamin B12 ABC transporter substrate-binding protein BtuF,-0.264467554349196,0.125697980940379
VC_RS11470,VC2382; VC_2382,,TRIC cation channel family protein,-0.657225720767526,0.0187285258548445
VC_RS11475,VC2383; VC_2383,,LysR family transcriptional regulator,0.509327861640714,0.0458574230844411
VC_RS11480,VC2384; VC_2384,,TSUP family transporter,-0.272275135572736,0.131335329822634
VC_RS11485,VC2385; VC_2385,,retron St85 family RNA-directed DNA polymerase,-0.849348212705926,0.0286717672873038
VC_RS11490,VC2386; VC_2386,,AAA family ATPase,-1.31528703010134,0.0055051134920461
VC_RS11495,VC2387; VC_2387,,retron system putative HNH endonuclease,-0.942092154190304,0.0284692345127261
VC_RS11500,VC2388; VC_2388,,hypothetical protein,-2.15025607125606,2.55443632232539e-06
VC_RS11505,VC2389; VC_2389,carB,carbamoyl-phosphate synthase large subunit,-0.0400380077489983,0.884845132578075
VC_RS11510,VC2390; VC_2390,carA,glutamine-hydrolyzing carbamoyl-phosphate synthase small subunit,-0.617318028544869,0.0336851251068648
VC_RS11515,,,hypothetical protein,1.030568815162,0.487379051135923
VC_RS11520,VC2391; VC_2391,dapB,4-hydroxy-tetrahydrodipicolinate reductase,0.979938298538569,0.0077733373667649
VC_RS11525,VC2392; VC_2392,mutT,8-oxo-dGTP diphosphatase MutT,1.47541194422599,4.13542755174509e-06
VC_RS11530,VC2394; VC_2394,secA,preprotein translocase subunit SecA,1.51445279232692,1.37461857414899e-05
VC_RS11535,VC2395; VC_2395,,DUF721 domain-containing protein,-0.285090224782087,0.234277631649787
VC_RS11540,VC2396; VC_2396,lpxC,UDP-3-O-acyl-N-acetylglucosamine deacetylase,0.105056898001673,0.605847395493233
VC_RS11545,VC2397; VC_2397,ftsZ,cell division protein FtsZ,0.135990222440231,0.387230335675493
VC_RS11550,VC2398; VC_2398,ftsA,cell division protein FtsA,0.357216327082435,0.0754740780571962
VC_RS11555,VC2399; VC_2399,,cell division protein FtsQ/DivIB,0.352039673285172,0.0823203010879902
VC_RS11560,VC2400; VC_2400,murC,UDP-N-acetylmuramate--L-alanine ligase,0.744373096106762,0.0043436933127563
VC_RS11565,VC2401; VC_2401,murG,undecaprenyldiphospho-muramoylpentapeptide beta-N-acetylglucosaminyltransferase,0.857150623811899,0.0005721898475572
VC_RS11570,VC2402; VC_2402,ftsW,cell division protein FtsW,0.346353647216489,0.0737354331165099
VC_RS11575,VC2403; VC_2403,murD,UDP-N-acetylmuramoyl-L-alanine--D-glutamate ligase,-0.0764000142098833,0.716691743304911
VC_RS11580,VC2404; VC_2404,mraY,phospho-N-acetylmuramoyl-pentapeptide- transferase,-0.0110277042914612,0.952853780844238
VC_RS11585,VC2405; VC_2405,murF,UDP-N-acetylmuramoyl-tripeptide--D-alanyl-D- alanine ligase,0.459604221134953,0.0349357618584793
VC_RS11590,VC2406; VC_2406,murE,"UDP-N-acetylmuramoyl-L-alanyl-D-glutamate--2, 6-diaminopimelate ligase",0.400985488689176,0.0627897525254474
VC_RS11595,VC2407; VC_2407,,penicillin-binding protein 3,0.465626452220677,0.0364045864775768
VC_RS11600,VC2408; VC_2408,ftsL,cell division protein FtsL,-0.0474662863881117,0.852200607222071
VC_RS11605,VC2409; VC_2409,rsmH,16S rRNA (cytosine(1402)-N(4))-methyltransferase RsmH,0.262483820492035,0.172794934812919
VC_RS11615,VC2412; VC_2412,lpdA,dihydrolipoyl dehydrogenase,0.340479567423346,0.149724262371781
VC_RS11620,VC2413; VC_2413,aceF,pyruvate dehydrogenase complex dihydrolipoyllysine-residue acetyltransferase,0.323299262199995,0.225644805952978
VC_RS11625,VC2414; VC_2414,aceE,"pyruvate dehydrogenase (acetyl-transferring), homodimeric type",0.140728765071905,0.553326293189316
VC_RS11630,VC2415; VC_2415,pdhR,pyruvate dehydrogenase complex transcriptional repressor PdhR,-0.112087946119766,0.723101855766279
VC_RS11635,VC2416; VC_2416,,bifunctional metallophosphatase/5'-nucleotidase,-0.0328108778382834,0.83418860028279
VC_RS11640,VC2417; VC_2417,recJ,single-stranded-DNA-specific exonuclease RecJ,0.244191195832382,0.145581372823372
VC_RS11645,VC2418; VC_2418,dsbC,bifunctional protein-disulfide isomerase/oxidoreductase DsbC,0.288957298121154,0.134222002631545
VC_RS11650,VC2419; VC_2419,xerD,site-specific tyrosine recombinase XerD,0.77410012152366,0.0006359620601795
VC_RS11655,VC2420; VC_2420,fldB,flavodoxin FldB,0.26548058197013,0.200406762041917
VC_RS11660,VC2421; VC_2421,ampD,"1,6-anhydro-N-acetylmuramyl-L-alanine amidase AmpD",0.313224890837445,0.0662924162280496
VC_RS11665,VC2422; VC_2422,nadC,carboxylating nicotinate-nucleotide diphosphorylase,0.0482166961894308,0.773435121911642
VC_RS11670,VC2423; VC_2423,,pilin,0.628561880340762,0.133102715655904
VC_RS11675,VC2424; VC_2424,pilB,type IV-A pilus assembly ATPase PilB,0.38763808293298,0.123155576405327
VC_RS11680,VC2425; VC_2425,,type II secretion system F family protein,0.0143976048855622,0.972521730329465
VC_RS11685,VC2426; VC_2426,,prepilin peptidase,0.0525791570037837,0.728235712626078
VC_RS11690,VC2427; VC_2427,coaE,dephospho-CoA kinase,0.101004370555059,0.642403749125715
VC_RS11695,VC2428; VC_2428,zapD,cell division protein ZapD,0.748684500173277,0.0005429013682706
VC_RS11700,VC2429; VC_2429,yacG,DNA gyrase inhibitor YacG,-0.303349928204308,0.446483839234395
VC_RS11705,VC2430; VC_2430,parC,DNA topoisomerase IV subunit A,0.0516135965955131,0.775104855606724
VC_RS11710,VC2431; VC_2431,parE,DNA topoisomerase IV subunit B,0.0326515585070435,0.877810309519986
VC_RS11715,VC2432; VC_2432,yqiA,esterase YqiA,0.181603042472777,0.297273593213153
VC_RS11720,VC2433; VC_2433,cpdA,"3',5'-cyclic-AMP phosphodiesterase",-0.300630223886379,0.150553425259488
VC_RS11725,VC2434; VC_2434,,DUF1249 family protein,0.167598774005623,0.386036038792446
VC_RS11730,VC2435; VC_2435,nudF,ADP-ribose diphosphatase,-0.485252048433095,0.109869772622089
VC_RS11735,VC2436; VC_2436,tolC,outer membrane channel protein TolC,0.309229121687478,0.0846975216052598
VC_RS11740,VC2437; VC_2437,hldE,bifunctional D-glycero-beta-D-manno-heptose-7-phosphate kinase/D-glycero-beta-D-manno-heptose 1-phosphate adenylyltransferase HldE,0.545839717445892,0.0032632004662184
VC_RS11745,VC2438; VC_2438,glnE,bifunctional [glutamate--ammonia ligase]-adenylyl-L-tyrosine phosphorylase/[glutamate--ammonia-ligase] adenylyltransferase,0.445619057261747,0.0423629242426709
VC_RS11750,VC2439; VC_2439,,methyl-accepting chemotaxis protein,-0.626192303893846,0.0027668647250155
VC_RS11755,VC2440; VC_2440,,inorganic triphosphatase,0.609062784862326,0.0020578411053061
VC_RS11760,VC2441; VC_2441,,TIGR00153 family protein,0.0375289888307951,0.825804018034046
VC_RS11765,VC2442; VC_2442,,inorganic phosphate transporter,-0.590293241877056,0.0011608530869766
VC_RS11770,VC2443; VC_2443,,TIGR04211 family SH3 domain-containing protein,0.539351305904304,0.0078338324814503
VC_RS11775,VC2444; VC_2444,,general secretion pathway protein GspB,-0.210279752603076,0.236069313452529
VC_RS11780,VC2445; VC_2445,,AAA family ATPase,0.195103792767194,0.191970990615251
VC_RS11785,VC2446; VC_2446,,multifunctional CCA addition/repair protein,0.0295427813494286,0.871170550039221
VC_RS11790,VC2447; VC_2447,eno,phosphopyruvate hydratase,0.58627875212623,0.0147362716363482
VC_RS11795,VC2448; VC_2448,,CTP synthase,-0.520399248616712,0.0163329108487208
VC_RS11800,VC2450; VC_2450,mazG,nucleoside triphosphate pyrophosphohydrolase,0.677839877395633,0.0051363711623844
VC_RS11805,VC2451; VC_2451,relA,GTP diphosphokinase,0.79875145603896,0.0015768668141803
VC_RS11810,VC2452; VC_2452,rlmD,23S rRNA (uracil(1939)-C(5))-methyltransferase RlmD,0.534476621085959,0.0033534450610725
VC_RS11815,VC2453; VC_2453,barA,two-component sensor histidine kinase BarA,0.245913807966335,0.219741940280838
VC_RS11820,VC2454; VC_2454,,GGDEF domain-containing protein,0.648263300227706,0.0108546553561348
VC_RS11825,VC2455; VC_2455,,hypothetical protein,0.791236981824774,0.007805503306444
VC_RS11830,VC2456; VC_2456,,hypothetical protein,0.787394078189917,0.0026803747936103
VC_RS11835,VC2457; VC_2457,acpS,holo-ACP synthase,0.453523648433656,0.0095727256961831
VC_RS11840,VC2458; VC_2458,pdxJ,pyridoxine 5'-phosphate synthase,0.885704164274093,0.0105166739636328
VC_RS11845,VC2459; VC_2459,recO,DNA repair protein RecO,-0.975543705086812,0.0004293348596613
VC_RS11850,VC2460; VC_2460,era,GTPase Era,-0.754270807299577,0.0005336454774198
VC_RS11855,VC2461; VC_2461,rnc,ribonuclease III,0.483214619106815,0.23110950551203
VC_RS11860,VC2462; VC_2462,lepB,signal peptidase I,-0.627524392964231,0.0033429609265962
VC_RS11865,VC2463; VC_2463,lepA,translation elongation factor 4,-0.0830134432237156,0.67155073762633
VC_RS11870,VC2464; VC_2464,,SoxR reducing system RseC family protein,1.02725872380576,0.000178657450173
VC_RS11875,VC2465; VC_2465,rseB,sigma-E factor regulatory protein RseB,0.258452493273836,0.292764337663124
VC_RS11880,VC2466; VC_2466,,sigma-E factor negative regulatory protein,0.633921998499916,0.0154935670813121
VC_RS11885,VC2467; VC_2467,rpoE,RNA polymerase sigma factor RpoE,0.587845304094978,0.0252708001101421
VC_RS11890,VC2469; VC_2469,nadB,L-aspartate oxidase,0.0840053424272734,0.7449792953933
VC_RS11895,VC2470; VC_2470,,hypothetical protein,-0.249060021530581,0.577199410437335
VC_RS11900,VC2471; VC_2471,,succinate dehydrogenase assembly factor 2,0.0921921819237295,0.7923932293703
VC_RS11905,VC2472; VC_2472,ygfZ,tRNA-modifying protein YgfZ,0.424665578040119,0.14895191631354
VC_RS11910,VC2473; VC_2473,,DUF1107 domain-containing protein,2.15165383973778,9.27891513333271e-06
VC_RS11915,VC2474; VC_2474,,FAD-dependent 2-octaprenylphenol hydroxylase,0.481115440198901,0.0208693199502982
VC_RS11920,VC2475; VC_2475,ubiH,2-octaprenyl-6-methoxyphenyl hydroxylase,0.0254402914442069,0.888622700639577
VC_RS11925,VC2476; VC_2476,,YecA family protein,0.0282109822519291,0.948547571923539
VC_RS11930,VC2478; VC_2478,,cell division protein ZapA,-0.180455809000925,0.372915632654367
VC_RS11940,VC2479; VC_2479,,5-formyltetrahydrofolate cyclo-ligase,-0.624505698339386,0.0075565614960926
VC_RS11945,VC2480; VC_2480,rpiA,ribose-5-phosphate isomerase RpiA,-0.384954669942837,0.0473990125198427
VC_RS11950,VC2481; VC_2481,serA,phosphoglycerate dehydrogenase,-0.907181477046281,0.0016044891472803
VC_RS11955,VC2482; VC_2482,ilvN,acetolactate synthase small subunit,0.721860305808042,0.0022602866012927
VC_RS11960,VC2483; VC_2483,,acetolactate synthase 3 large subunit,0.202435921529966,0.378691868452722
VC_RS11965,VC2484; VC_2484,,AMP-dependent synthetase/ligase,-1.21822100690551,1.83458565689905e-05
VC_RS11970,VC2485; VC_2485,leuO,transcriptional regulator LeuO,1.19722593208388,1.12506285402925e-05
VC_RS11975,VC2487; VC_2487,,MJ1255/VC2487 family glycosyltransferase,0.0128316070987306,0.97684922812228
VC_RS11980,VC2488; VC_2488,,phosphatase PAP2 family protein,-0.149333579878537,0.71657723851688
VC_RS11985,VC2489; VC_2489,,TetR/AcrR family transcriptional regulator,0.526657865918897,0.0319918973549374
VC_RS11990,VC2490; VC_2490,leuA,2-isopropylmalate synthase,0.463748602092056,0.0459074680762722
VC_RS11995,VC2491; VC_2491,leuB,3-isopropylmalate dehydrogenase,0.863607399946261,0.0030876247807413
VC_RS12000,VC2492; VC_2492,leuC,3-isopropylmalate dehydratase large subunit,0.989833581526481,0.0018317361263788
VC_RS12005,VC2493; VC_2493,leuD,3-isopropylmalate dehydratase small subunit,1.04118498012692,0.0022679845182142
VC_RS12010,VC2494; VC_2494,,DUF547 domain-containing protein,0.08109819999691,0.872350355488013
VC_RS12050,VC2497; VC_2497,,HD-GYP domain-containing protein,0.0312915409450215,0.86015777151154
VC_RS12060,VC2498; VC_2498,,RDD family protein,0.0338826056973197,0.887669892520677
VC_RS12065,VC2499; VC_2499,lptG,LPS export ABC transporter permease LptG,-0.343095983092584,0.0719575131944453
VC_RS12070,VC2500; VC_2500,lptF,LPS export ABC transporter permease LptF,-0.392915249857822,0.012397272490362
VC_RS12075,VC2501; VC_2501,pepA,leucyl aminopeptidase,-0.231607771825251,0.322548151399679
VC_RS12080,VC2502; VC_2502,,DNA polymerase III subunit chi,-0.38717605710418,0.275120410582947
VC_RS12085,VC2503; VC_2503,,valine--tRNA ligase,-0.295743480474844,0.0339895768446791
VC_RS12090,VC2504; VC_2504,,D-2-hydroxyacid dehydrogenase,0.370123676528726,0.260035766219353
VC_RS12095,VC2505; VC_2505,,pseudouridine synthase,-0.799329851611282,0.0003904382958403
VC_RS12100,VC2506; VC_2506,rapA,RNA polymerase-associated protein RapA,-0.994941724313121,0.0001469926523668
VC_RS12105,VC2507; VC_2507,,PhoH family protein,0.253545191083088,0.266446987054707
VC_RS12110,VC2508; VC_2508,argF,ornithine carbamoyltransferase,0.420288827821316,0.262559651213386
VC_RS12115,VC2510; VC_2510,pyrB,aspartate carbamoyltransferase,-0.715553237482118,0.0136578850624172
VC_RS12120,VC2511; VC_2511,pyrI,aspartate carbamoyltransferase regulatory subunit,-0.402736407678433,0.120051540841288
VC_RS12125,VC2512; VC_2512,,RidA family protein,1.03084685759492,0.0015041543618617
VC_RS12130,VC2513; VC_2513,,1-acylglycerol-3-phosphate O-acyltransferase,-0.0544441708866442,0.818544493302173
VC_RS12135,VC2514; VC_2514,murA,UDP-N-acetylglucosamine 1-carboxyvinyltransferase,1.14817690352587,1.10593214746761e-05
VC_RS12140,VC2515; VC_2515,ibaG,BolA family iron metabolism protein IbaG,0.60601616360312,0.0044457290076989
VC_RS12145,VC2516; VC_2516,,STAS domain-containing protein,1.28230034582373,9.23773689266173e-06
VC_RS12150,VC2517; VC_2517,mlaC,phospholipid-binding protein MlaC,1.60569389693452,1.76203851394285e-06
VC_RS12155,VC2518; VC_2518,mlaD,outer membrane lipid asymmetry maintenance protein MlaD,1.5883050117253,1.11699044851193e-05
VC_RS12160,VC2519; VC_2519,mlaE,lipid asymmetry maintenance ABC transporter permease subunit MlaE,1.2087111393952,5.99787077890064e-05
VC_RS12165,VC2520; VC_2520,mlaF,phospholipid ABC transporter ATP-binding protein MlaF,0.849588559232763,0.0241748608791345
VC_RS12170,VC2522; VC_2522,,calcium/sodium antiporter,-0.577931408055298,0.0086187221175162
VC_RS12175,VC2523; VC_2523,kdsD,arabinose-5-phosphate isomerase KdsD,-0.0984191484255412,0.513303612607243
VC_RS12180,VC2524; VC_2524,kdsC,3-deoxy-manno-octulosonate-8-phosphatase KdsC,1.02175987441864,7.31732472451385e-05
VC_RS12185,VC2525; VC_2525,lptC,LPS export ABC transporter periplasmic protein LptC,0.816786196103311,0.0003598458214149
VC_RS12190,VC2527; VC_2527,lptA,lipopolysaccharide transport periplasmic protein LptA,0.979966936057595,7.36790444475702e-05
VC_RS12195,VC2528; VC_2528,lptB,LPS export ABC transporter ATP-binding protein,0.82965655916668,9.05523815331906e-05
VC_RS12200,VC2529; VC_2529,,RNA polymerase factor sigma-54,1.32198183657482,0.0002975247980172
VC_RS12205,VC2530; VC_2530,hpf,ribosome hibernation promoting factor,1.44446460446406,2.67053019411803e-05
VC_RS12210,VC2531; VC_2531,ptsN,PTS IIA-like nitrogen regulatory protein PtsN,0.290449259362221,0.0982313521982132
VC_RS12215,VC2532; VC_2532,rapZ,RNase adapter RapZ,-0.0372809569553625,0.811638979611347
VC_RS12220,VC2533; VC_2533,,HPr family phosphocarrier protein,-0.257391850583918,0.271890779554189
VC_RS12225,VC2534; VC_2534,mgtE,magnesium transporter,-0.345172393600178,0.0190631829275745
VC_RS12230,VC2535; VC_2535,pmbA,metalloprotease PmbA,0.188776838028703,0.315531718356017
VC_RS12235,VC2536; VC_2536,yjgA,ribosome biogenesis factor YjgA,0.231791217442731,0.350913397140683
VC_RS12240,VC2537; VC_2537,thiQ,thiamine ABC transporter ATP-binding protein,0.022375920286539,0.938918981321796
VC_RS12245,VC2538; VC_2538,thiP,thiamine/thiamine pyrophosphate ABC transporter permease ThiP,-0.066551019447011,0.782476989085249
VC_RS12250,VC2539; VC_2539,thiB,thiamine ABC transporter substrate binding subunit,-0.283096878721988,0.117300273289474
VC_RS12255,VC2541; VC_2541,,flavin prenyltransferase UbiX,0.526640512125332,0.0267501383879339
VC_RS12260,VC2542; VC_2542,mpl,UDP-N-acetylmuramate:L-alanyl-gamma-D-glutamyl- meso-diaminopimelate ligase,0.604339579615496,0.109714267464408
VC_RS12265,VC2544; VC_2544,fbp,class 1 fructose-bisphosphatase,-1.32308065632367,0.0018328221123988
VC_RS12270,VC2545; VC_2545,ppa,inorganic diphosphatase,0.162866056978819,0.436403428722296
VC_RS12275,VC2546; VC_2546,,gamma-glutamylcyclotransferase family protein,0.638529376963308,0.0069246804983137
VC_RS12280,VC2547; VC_2547,,autotransporter assembly complex protein TamB,-0.132495363365564,0.817257244957856
VC_RS12285,VC2548; VC_2548,,autotransporter assembly complex protein TamA,0.518816866884636,0.0040523936303651
VC_RS12290,VC2549; VC_2549,msrA,peptide-methionine (S)-S-oxide reductase MsrA,-0.246907106490721,0.372817431905589
VC_RS12295,VC2550; VC_2550,,YtfJ family protein,-0.413108699941225,0.168613811427517
VC_RS12300,VC2551; VC_2551,,DUF2607 domain-containing protein,-1.08018314439476,0.0005074865987533
VC_RS12305,VC2552; VC_2552,,zinc uptake protein ZrgA,-1.26469994633551,0.0001449290149365
VC_RS12310,VC2553; VC_2553,,ABC transporter ATP-binding protein,-1.2418793389739,0.0010998495970821
VC_RS12315,VC2554; VC_2554,,ABC transporter permease,-0.198353967033466,0.387427100750754
VC_RS12320,VC2555; VC_2555,,DUF3299 domain-containing protein,-0.166276078312419,0.363218256290511
VC_RS12325,VC2557; VC_2557,,TIGR03899 family protein,0.208930800951449,0.51015362335811
VC_RS12330,VC2558; VC_2558,cysC,adenylyl-sulfate kinase,1.76586038442754,0.0222474103293393
VC_RS12335,VC2559; VC_2559,cysN,sulfate adenylyltransferase subunit CysN,1.66864421399639,0.0008200347299531
VC_RS12340,VC2560; VC_2560,cysD,sulfate adenylyltransferase subunit CysD,1.22146663622541,0.31230558105198
VC_RS12345,VC2561; VC_2561,cobA,uroporphyrinogen-III C-methyltransferase,1.25189305492425,0.0045909874846541
VC_RS12350,VC2562; VC_2562,cpdB,"2',3'-cyclic-nucleotide 2'-phosphodiesterase",-0.292431406963056,0.46760060165483
VC_RS12355,VC2563; VC_2563,,Crp/Fnr family transcriptional regulator,0.596887865199624,0.0195362837492145
VC_RS12360,VC2564; VC_2564,dbpA,ATP-dependent RNA helicase DbpA,-1.70229387508397,6.36475877611868e-05
VC_RS12365,VC2565; VC_2565,,GNAT family N-acetyltransferase,-1.32299134055074,0.0005372437238511
VC_RS12370,VC2566; VC_2566,,DMT family transporter,-1.58970099508945,0.0005146479917826
VC_RS12375,VC2567; VC_2567,,OapA family protein,0.268147813109096,0.180336832971805
VC_RS12380,VC2568; VC_2568,,FKBP-type peptidyl-prolyl cis-trans isomerase,-0.341246141952655,0.0762571172229472
VC_RS12385,VC2569; VC_2569,,DUF2780 domain-containing protein,1.14098447306056,9.20234235782004e-05
VC_RS12390,VC2570; VC_2570,rplQ,50S ribosomal protein L17,-1.08927105533594,0.0004021450900419
VC_RS12395,VC2571; VC_2571,rpoA,DNA-directed RNA polymerase subunit alpha,-1.37094087054437,7.83390375425229e-05
VC_RS12400,VC2572; VC_2572,rpsD,30S ribosomal protein S4,-1.43171769548923,5.76176556785054e-06
VC_RS12405,VC2573; VC_2573,rpsK,30S ribosomal protein S11,-1.13803846781938,0.0001360136416865
VC_RS12410,VC2574; VC_2574,rpsM,30S ribosomal protein S13,-1.43549251958293,7.62963612211682e-06
VC_RS12415,VC2575; VC_2575,rpmJ,50S ribosomal protein L36,-1.55857037440586,9.23773689266173e-06
VC_RS12420,VC2576; VC_2576,secY,preprotein translocase subunit SecY,-1.19957889996491,2.62078046042181e-05
VC_RS12425,VC2577; VC_2577,rplO,50S ribosomal protein L15,-1.17530516192311,7.59082136008191e-06
VC_RS12430,VC2578; VC_2578,rpmD,50S ribosomal protein L30,-1.29169612566303,9.23773689266173e-06
VC_RS12435,VC2579; VC_2579,rpsE,30S ribosomal protein S5,-1.14981381819783,3.34845073042775e-05
VC_RS12440,VC2580; VC_2580,rplR,50S ribosomal protein L18,-1.37204900871134,2.12981965390813e-05
VC_RS12445,VC2581; VC_2581,rplF,50S ribosomal protein L6,-1.08753039738714,1.53619253133325e-05
VC_RS12450,VC2582; VC_2582,rpsH,30S ribosomal protein S8,-1.38551726964205,6.43494371558792e-06
VC_RS12455,VC2583; VC_2583,rpsN,30S ribosomal protein S14,-1.13713069739191,0.0001214365736264
VC_RS12460,VC2584; VC_2584,rplE,50S ribosomal protein L5,-0.959151638009698,0.0002381991965311
VC_RS12465,VC2585; VC_2585,rplX,50S ribosomal protein L24,-1.20453449214009,1.43055596873588e-05
VC_RS12470,VC2586; VC_2586,rplN,50S ribosomal protein L14,-0.892696549571705,0.0003598458214149
VC_RS12475,VC2587; VC_2587,rpsQ,30S ribosomal protein S17,-1.69063434806513,2.67176588100482e-06
VC_RS12480,VC2588; VC_2588,rpmC,50S ribosomal protein L29,-1.31025401080348,0.0018449455213609
VC_RS12485,VC2589; VC_2589,rplP,50S ribosomal protein L16,-0.985556343157246,0.0002254007353152
VC_RS12490,VC2590; VC_2590,rpsC,30S ribosomal protein S3,-1.1535967522452,2.44955813984568e-05
VC_RS12495,VC2591; VC_2591,rplV,50S ribosomal protein L22,-1.66114597669876,6.51098711677409e-07
VC_RS12500,VC2592; VC_2592,rpsS,30S ribosomal protein S19,-1.69811194254994,1.09022212860903e-06
VC_RS12505,VC2593; VC_2593,rplB,50S ribosomal protein L2,-1.60144274502618,1.50864409139181e-06
VC_RS12510,VC2594; VC_2594,rplW,50S ribosomal protein L23,-2.04536952482628,1.83572211773591e-06
VC_RS12515,VC2595; VC_2595,rplD,50S ribosomal protein L4,-1.4329611961284,3.70897154242125e-06
VC_RS12520,VC2596; VC_2596,rplC,50S ribosomal protein L3,-1.55605763005946,1.06535553418456e-06
VC_RS12525,VC2597; VC_2597,rpsJ,30S ribosomal protein S10,-1.75265918839132,1.47384276805727e-06
VC_RS12530,VC2598; VC_2598,rlmB,23S rRNA (guanosine(2251)-2'-O)-methyltransferase RlmB,-0.950594026331168,0.0001298443592771
VC_RS12535,VC2599; VC_2599,rnr,ribonuclease R,-0.592423944196744,0.0357162418157038
VC_RS12540,VC2600; VC_2600,,DUF3413 domain-containing protein,-0.763104333678734,0.0250231604324092
VC_RS12545,VC2601; VC_2601,,flagellar protein MotX,-0.657186034903026,0.0473712495789818
VC_RS12550,VC2602; VC_2602,,adenylosuccinate synthase,-0.808887515429088,7.76223441322826e-05
VC_RS12555,VC2603; VC_2603,,isoaspartyl peptidase/L-asparaginase family protein,0.637697505342964,0.0996967466464158
VC_RS12560,VC2604; VC_2604,slyD,peptidylprolyl isomerase,0.231390262863551,0.283461861458788
VC_RS12565,VC2605; VC_2605,,YheV family putative zinc ribbon protein,-0.547898622286407,0.0844152199619719
VC_RS12570,VC2606; VC_2606,kefB,glutathione-regulated potassium-efflux system protein KefB,-1.14373041801373,0.0002297087785566
VC_RS12575,VC2607; VC_2607,kefG,glutathione-regulated potassium-efflux system ancillary protein KefG,-0.648936384847298,0.0117526858917046
VC_RS12580,VC2608; VC_2608,,ABC transporter ATP-binding protein,-0.44740201415026,0.008388133834964
VC_RS12585,VC2609; VC_2609,,TIGR02444 family protein,0.846748459117488,0.0005963633128089
VC_RS12590,VC2610; VC_2610,,hydrolase,-0.156206974049607,0.327997907073772
VC_RS12595,VC2612; VC_2612,,YheU family protein,-1.31162481194353,0.000209866716251
VC_RS12600,VC2613; VC_2613,,phosphoribulokinase,-0.277566928564664,0.100729177013721
VC_RS12605,VC2614; VC_2614,crp,cAMP-activated global transcriptional regulator CRP,0.0714276780811851,0.769573379095487
VC_RS12610,VC2615; VC_2615,,DUF1338 domain-containing protein,-0.0543329371807716,0.896557684458452
VC_RS12615,VC2616; VC_2616,astD,succinylglutamate-semialdehyde dehydrogenase,-0.1846982212694,0.734258512586371
VC_RS12620,VC2617; VC_2617,astA,arginine N-succinyltransferase,-0.958685820427783,0.0309031641373664
VC_RS12625,VC2618; VC_2618,,aspartate aminotransferase family protein,0.1361627211265,0.716691743304911
VC_RS12630,VC2619; VC_2619,,aminodeoxychorismate/anthranilate synthase component II,-0.857631302371078,0.0058070268440238
VC_RS12635,VC2620; VC_2620,rimO,30S ribosomal protein S12 methylthiotransferase RimO,0.242327047185367,0.421687173157129
VC_RS12640,VC2621; VC_2621,xds,GlyGly-anchored extracellular endonuclease Xds,0.505946176306705,0.0304577259540893
VC_RS12645,VC2622; VC_2622,,substrate-binding periplasmic protein,-0.346875333279171,0.202134862125964
VC_RS12650,VC2623; VC_2623,trpS,tryptophan--tRNA ligase,-0.578426275138873,0.0314549301318166
VC_RS12655,VC2624; VC_2624,,phosphoglycolate phosphatase,-0.118279334254047,0.623208306392809
VC_RS12660,VC2625; VC_2625,rpe,ribulose-phosphate 3-epimerase,0.0576347986577257,0.764570546670029
VC_RS12665,VC2626; VC_2626,,Dam family site-specific DNA-(adenine-N6)-methyltransferase,-0.49019161132398,0.0468272587549238
VC_RS12670,VC2627; VC_2627,,ExeA family protein,0.0361477970175254,0.825804018034046
VC_RS12675,VC2628; VC_2628,aroB,3-dehydroquinate synthase,-0.311648128436414,0.216094123187243
VC_RS12680,VC2629; VC_2629,aroK,shikimate kinase AroK,-0.574056141030911,0.0057361700686726
VC_RS12685,VC2630; VC_2630,,type IV pilus secretin PilQ,0.861451374517039,0.0001396617500964
VC_RS12690,VC2631; VC_2631,,pilus assembly protein PilP,0.86963453211241,0.399857683951257
VC_RS12695,VC2632; VC_2632,,type 4a pilus biogenesis protein PilO,-0.0035169402558052,0.988795798292423
VC_RS12700,VC2633; VC_2633,,PilN domain-containing protein,0.0624576593129197,0.911955054313093
VC_RS12705,VC2634; VC_2634,pilM,type IV pilus assembly protein PilM,0.378145054921238,0.131376708518601
VC_RS12710,VC2635; VC_2635,,penicillin-binding protein 1A,0.832831871823727,0.0003337355198337
VC_RS12715,VC2636; VC_2636,oxyR,DNA-binding transcriptional regulator OxyR,-1.13276112898312,0.000202681109022
VC_RS12720,VC2637; VC_2637,,glutathione peroxidase,0.488872870724438,0.174901786782377
VC_RS12725,VC2638; VC_2638,,dihydrolipoyl dehydrogenase,0.38413610229016,0.0880391557814965
VC_RS12730,VC2640; VC_2640,,DUF3624 domain-containing protein,0.491531642351062,0.119335113236259
VC_RS12735,VC2641; VC_2641,argH,argininosuccinate lyase,1.23663241317949,0.0161670329361519
VC_RS12740,VC2642; VC_2642,,argininosuccinate synthase,0.791797405264359,0.0041880023447476
VC_RS12745,VC2643; VC_2643,argB,acetylglutamate kinase,1.00174710726893,0.0005336454774198
VC_RS12750,VC2644; VC_2644,argC,N-acetyl-gamma-glutamyl-phosphate reductase,1.11716132557336,0.0429292250819372
VC_RS12755,VC2645; VC_2645,argE,acetylornithine deacetylase,-0.101108951037943,0.626078117502575
VC_RS12760,VC2646; VC_2646,ppc,phosphoenolpyruvate carboxylase,0.0730412602485299,0.810228705994586
VC_RS12765,VC2647; VC_2647,,PadR family transcriptional regulator,-0.728809275413526,0.0008986252960439
VC_RS12770,VC2649; VC_2649,cysE,serine O-acetyltransferase,0.809371017915535,5.19985737534581e-05
VC_RS12775,VC2651; VC_2651,gpsA,NAD(P)H-dependent glycerol-3-phosphate dehydrogenase,0.695921415695279,0.0018328221123988
VC_RS12780,VC2653; VC_2653,secB,protein-export chaperone SecB,1.19046011136295,0.0022056109778332
VC_RS12785,VC2654; VC_2654,,rhodanese-like domain-containing protein,0.150130479600075,0.412838088285979
VC_RS12790,VC2655; VC_2655,epmA,elongation factor P--(R)-beta-lysine ligase,0.0602454432781925,0.784697851565139
VC_RS12795,VC2656; VC_2656,frdA,fumarate reductase (quinol) flavoprotein subunit,0.0759221696128632,0.880782830613983
VC_RS12800,VC2657; VC_2657,,succinate dehydrogenase/fumarate reductase iron-sulfur subunit,-0.298529561779204,0.571882415518377
VC_RS12805,VC2658; VC_2658,frdC,fumarate reductase subunit FrdC,-0.484516952143254,0.398271874257012
VC_RS12810,VC2659; VC_2659,frdD,fumarate reductase subunit FrdD,-0.0487207217859664,0.940914590190921
VC_RS12815,VC2660; VC_2660,efp,elongation factor P,0.269198303596725,0.299516854655426
VC_RS12820,VC2661; VC_2661,epmB,EF-P beta-lysylation protein EpmB,-0.410768762670754,0.065469588741807
VC_RS12825,VC2662; VC_2662,,VC2662 family protein,2.31531162787596,2.4707721910683e-06
VC_RS12830,VC2664; VC_2664,groL,chaperonin GroEL,4.51160466951142,1.28590142719752e-07
VC_RS12835,VC2665; VC_2665,,co-chaperone GroES,3.4588341185519,1.21061677161742e-06
VC_RS12840,VC2666; VC_2666,,helix-turn-helix transcriptional regulator,-0.167213344344831,0.609598588707666
VC_RS12845,VC2667; VC_2667,,DUF3135 domain-containing protein,0.924570781033368,0.0010821996578276
VC_RS12850,VC2668; VC_2668,,DUF805 domain-containing protein,0.401054894449978,0.190774193636096
VC_RS12855,VC2669; VC_2669,,5-carboxymethyl-2-hydroxymuconate Delta-isomerase,0.244049697491783,0.471991362403295
VC_RS12860,VC2670; VC_2670,tpiA,triose-phosphate isomerase,1.08083337511825,0.0010426109657401
VC_RS12865,VC2671; VC_2671,,MATE family efflux transporter,-0.426925501470609,0.0623703890992839
VC_RS12870,VC2672; VC_2672,rraA,ribonuclease E activity regulator RraA,0.216518370946065,0.426793180170066
VC_RS12875,VC2673; VC_2673,,"1,4-dihydroxy-2-naphthoate polyprenyltransferase",0.219680912179525,0.229353677586159
VC_RS12880,VC2674; VC_2674,hslU,HslU--HslV peptidase ATPase subunit,3.10627035192447,4.35147195435172e-07
VC_RS12885,VC2675; VC_2675,hslV,ATP-dependent protease subunit HslV,2.94775113829719,1.06535553418456e-06
VC_RS12890,VC2676; VC_2676,,SPOR domain-containing protein,0.106166866104188,0.567884122883235
VC_RS12895,VC2677; VC_2677,cytR,DNA-binding transcriptional regulator CytR,-0.138957947760609,0.516112529912523
VC_RS12900,VC2678; VC_2678,priA,primosomal protein N',-0.135489426475335,0.341959646584064
VC_RS12905,VC2679; VC_2679,rpmE,50S ribosomal protein L31,-1.03549618848684,0.0018537936378957
VC_RS12910,VC2681; VC_2681,,malic enzyme-like NAD(P)-binding protein,-0.0961500593324467,0.60680602910892
VC_RS12915,VC2682; VC_2682,metJ,met regulon transcriptional regulator MetJ,-0.418867172977307,0.12130958118289
VC_RS12920,VC2683; VC_2683,,O-succinylhomoserine (thiol)-lyase,-0.958293418109088,0.0001932310019751
VC_RS12925,VC2684; VC_2684,,bifunctional aspartate kinase/homoserine dehydrogenase II,-0.512790037952712,0.0109450600162512
VC_RS12930,VC2685; VC_2685,metF,methylenetetrahydrofolate reductase,-1.57835211035491,1.11699044851193e-05
VC_RS12935,VC2686; VC_2686,zapB,cell division protein ZapB,-0.536041182819915,0.0259556383256366
VC_RS12940,VC2688; VC_2688,glpX,class II fructose-bisphosphatase,-0.939914309234687,0.0003904382958403
VC_RS12945,VC2689; VC_2689,pfkA,6-phosphofructokinase,0.418277096605754,0.26405193458753
VC_RS12950,VC2690; VC_2690,fieF,CDF family cation-efflux transporter FieF,0.222857394100469,0.235731339645542
VC_RS12955,VC2691; VC_2691,,CpxP family protein,1.22675003830733,0.002843862280525
VC_RS12960,VC2692; VC_2692,,response regulator,0.499783166660916,0.0135941121851357
VC_RS12965,VC2693; VC_2693,cpxA,envelope stress sensor histidine kinase CpxA,0.539526279600421,0.0017536965046616
VC_RS12970,VC2694; VC_2694,,superoxide dismutase,-0.212088683821799,0.507270364722014
VC_RS12975,VC2695; VC_2695,trmL,tRNA (uridine(34)/cytosine(34)/5- carboxymethylaminomethyluridine(34)-2'-O)- methyltransferase TrmL,-0.746692906337201,0.0083617620146349
VC_RS12980,VC2696; VC_2696,,FxsA family protein,0.413269647896823,0.0981375568581267
VC_RS12985,VC2697; VC_2697,,GGDEF domain-containing protein,2.14159639294057,1.03885486876808e-06
VC_RS12990,VC2698; VC_2698,aspA,aspartate ammonia-lyase,0.981732903044683,0.0012672260887984
VC_RS12995,VC2699; VC_2699,,anaerobic C4-dicarboxylate transporter,0.584179729038027,0.162418115673461
VC_RS13000,VC2700; VC_2700,pulA,"pullulanase-type alpha-1,6-glucosidase",0.135539378948421,0.626627864921364
VC_RS13005,VC2701; VC_2701,,protein-disulfide reductase DsbD,-0.421530832616551,0.0216639473423949
VC_RS13010,VC2702; VC_2702,,response regulator,-0.0772894978932159,0.691514157820823
VC_RS13015,VC2703; VC_2703,,potassium/proton antiporter,0.572854995034772,0.0075508093106132
VC_RS13020,VC2704; VC_2704,,DUF4212 domain-containing protein,1.00417672650675,0.258245700869279
VC_RS13025,VC2705; VC_2705,,sodium:solute symporter family protein,0.324842711568761,0.310474199339765
VC_RS13030,VC2706; VC_2706,,7-cyano-7-deazaguanine/7-aminomethyl-7- deazaguanine transporter,-1.25562810545806,0.0035777792862775
VC_RS13035,VC2708; VC_2708,gmk,guanylate kinase,-0.684023583048866,0.0032701345708165
VC_RS13040,VC2709; VC_2709,rpoZ,DNA-directed RNA polymerase subunit omega,-0.138078562443557,0.571886872795477
VC_RS13045,VC2710; VC_2710,spoT,"bifunctional GTP diphosphokinase/guanosine-3',5'-bis pyrophosphate 3'-pyrophosphohydrolase",0.0465207492531979,0.758528859259416
VC_RS13050,VC2711; VC_2711,recG,ATP-dependent DNA helicase RecG,-0.266039519041308,0.0987598193325664
VC_RS13055,VC2712; VC_2712,,uracil-xanthine permease family protein,-3.51228656507759,1.30511762937339e-07
VC_RS13060,VC2713; VC_2713,envZ,two-component system sensor histidine kinase EnvZ,0.793065314033058,0.0007009300621945
VC_RS13065,VC2714; VC_2714,ompR,osmolarity response regulator transcription factor OmpR,0.875010706521035,0.0007090056447816
VC_RS13070,VC2715; VC_2715,greB,transcription elongation factor GreB,0.777515258657061,0.0076874113788905
VC_RS13075,VC2716; VC_2716,,Tex family protein,1.28578801962837,0.0023548554605911
VC_RS13080,VC2717; VC_2717,,hypothetical protein,-0.895354608954617,0.0562723146357208
VC_RS13085,VC2718; VC_2718,bioH,pimeloyl-ACP methyl ester esterase BioH,0.327856500533832,0.0413099690379928
VC_RS13100,VC2720; VC_2720,nfuA,Fe-S biogenesis protein NfuA,-0.455565888458162,0.0147477350360489
VC_RS13105,VC2721; VC_2721,nudE,ADP compounds hydrolase NudE,-0.472268307337949,0.0636320088049186
VC_RS13110,VC2722; VC_2722,cysQ,"3'(2'),5'-bisphosphate nucleotidase CysQ",-0.463033696574298,0.0445664779515437
VC_RS13115,VC2723; VC_2723,,type II secretion system protein N,-0.0452993596546464,0.90694520832192
VC_RS13120,VC2724; VC_2724,,type II secretion system protein M,0.0801684458509928,0.730445511778802
VC_RS13125,VC2725; VC_2725,gspL,type II secretion system protein GspL,0.155396226863067,0.49041277044925
VC_RS13130,VC2726; VC_2726,gspK,type II secretion system minor pseudopilin GspK,-0.0961448790650815,0.699250928982939
VC_RS13135,VC2727; VC_2727,gspJ,type II secretion system minor pseudopilin GspJ,-0.102395503941594,0.818544493302173
VC_RS13140,VC2728; VC_2728,gspI,type II secretion system minor pseudopilin GspI,-0.531161542736831,0.206672379447276
VC_RS13145,VC2729; VC_2729,gspH,type II secretion system minor pseudopilin GspH,-0.0746320156679608,0.804790171939117
VC_RS13150,VC2730; VC_2730,gspG,type II secretion system major pseudopilin GspG,-0.131134114990766,0.592391815709971
VC_RS13155,VC2731; VC_2731,gspF,type II secretion system inner membrane protein GspF,0.354257578227243,0.198120625302687
VC_RS13160,VC2732; VC_2732,gspE,type II secretion system ATPase GspE,0.314723095543193,0.0860989095301297
VC_RS13165,VC2733; VC_2733,gspD,type II secretion system secretin GspD,0.0886773063305182,0.598917537049665
VC_RS13170,VC2734; VC_2734,gspC,type II secretion system protein GspC,0.0974205085558695,0.580332056090218
VC_RS13175,VC2735; VC_2735,hslR,ribosome-associated heat shock protein Hsp15,1.44142624737693,3.87247423272449e-05
VC_RS13180,VC2736; VC_2736,hslO,Hsp33 family molecular chaperone HslO,1.40228839131028,1.81758670201245e-05
VC_RS13185,VC2738; VC_2738,pckA,phosphoenolpyruvate carboxykinase (ATP),-0.355694379730537,0.0910439740894244
VC_RS13190,VC2739; VC_2739,,AsmA family protein,-0.306723990120899,0.100315571232988
VC_RS13195,VC2740; VC_2740,,bifunctional GNAT family N-acetyltransferase/hotdog fold thioesterase,-0.281168867072623,0.604498201308751
VC_RS13200,VC2741; VC_2741,dtd,D-aminoacyl-tRNA deacylase,0.916280746989611,0.0280129561497854
VC_RS13205,VC2742; VC_2742,,virulence factor BrkB family protein,0.615760322558325,0.0009422277034724
VC_RS13210,VC2743; VC_2743,,AAA family ATPase,-0.410306956356662,0.152249503425486
VC_RS13215,VC2744; VC_2744,typA,translational GTPase TypA,-0.656870138537468,0.0023212701977048
VC_RS13220,VC2745; VC_2745,,hypothetical protein,-0.402053786171326,0.25227015880539
VC_RS13225,VC2746; VC_2746,glnA,glutamate--ammonia ligase,-0.0760589329484736,0.775104855606724
VC_RS13230,VC2747; VC_2747,,DUF4124 domain-containing protein,-0.316841279509204,0.167777951453598
VC_RS13235,VC2748; VC_2748,glnL,nitrogen regulation protein NR(II),-0.575760918888553,0.0139461007986418
VC_RS13240,VC2749; VC_2749,glnG,nitrogen regulation protein NR(I),-0.212179918743719,0.283619635350221
VC_RS13245,VC2750; VC_2750,,bifunctional diguanylate cyclase/phosphodiesterase,1.32487521287929,5.63695178034128e-06
VC_RS13250,VC2751; VC_2751,add,adenosine deaminase,0.02157505438031,0.933716008481257
VC_RS13325,VC2755; VC_2755,hemG,menaquinone-dependent protoporphyrinogen IX dehydrogenase,-0.599886142389067,0.0062202028979851
VC_RS13330,VC2756; VC_2756,,TrkH family potassium uptake protein,-0.865053674256456,0.0159629392517179
VC_RS13335,VC2757; VC_2757,,YigZ family protein,-0.59137099061901,0.0332068267373084
VC_RS13340,VC2758; VC_2758,fadB,fatty acid oxidation complex subunit alpha FadB,-0.361956545327441,0.16776138680504
VC_RS13345,VC2759; VC_2759,fadA,acetyl-CoA C-acyltransferase FadA,0.765254826849068,0.0036840918032277
VC_RS13350,VC2760; VC_2760,punR,DNA-binding transcriptional activator PunR,-0.0811142177138442,0.888081271762756
VC_RS13355,VC2761; VC_2761,punC,purine nucleoside transporter PunC,-0.596650758932447,0.34902607644004
VC_RS13360,VC2762; VC_2762,glmU,bifunctional UDP-N-acetylglucosamine diphosphorylase/glucosamine-1-phosphate N-acetyltransferase GlmU,0.298398911822089,0.317534710920272
VC_RS13365,VC2763; VC_2763,,F0F1 ATP synthase subunit epsilon,0.355972767758388,0.34886726379848
VC_RS13370,VC2764; VC_2764,atpD,F0F1 ATP synthase subunit beta,-0.439544502596579,0.0328698690851659
VC_RS13375,VC2765; VC_2765,atpG,F0F1 ATP synthase subunit gamma,-0.736250376418849,0.0066399951767409
VC_RS13380,VC2766; VC_2766,atpA,F0F1 ATP synthase subunit alpha,-0.528881370478038,0.0186602527580199
VC_RS13385,VC2767; VC_2767,atpH,F0F1 ATP synthase subunit delta,-0.776981378115181,0.0008193756204965
VC_RS13390,VC2768; VC_2768,atpF,F0F1 ATP synthase subunit B,-0.710797803984983,0.0003155251857841
VC_RS13395,VC2769; VC_2769,atpE,F0F1 ATP synthase subunit C,-0.50339524325577,0.0158806246070216
VC_RS13400,VC2770; VC_2770,atpB,F0F1 ATP synthase subunit A,-0.297082068935701,0.114901067209088
VC_RS13405,VC2771; VC_2771,,F0F1 ATP synthase subunit I,-0.14689451885755,0.407826121921481
VC_RS13410,VC2772; VC_2772,,ParB/RepB/Spo0J family partition protein,0.891428488344357,0.0010907254146187
VC_RS13415,VC2773; VC_2773,,ParA family protein,0.966274970454471,0.0001234917854872
VC_RS13420,VC2774; VC_2774,rsmG,16S rRNA (guanine(527)-N(7))-methyltransferase RsmG,-0.0162178515749617,0.936096838627217
VC_RS13425,VC2775; VC_2775,mnmG,tRNA uridine-5-carboxymethylaminomethyl(34) synthesis enzyme MnmG,-0.635899012959146,0.0025280323682327
VC_RS13430,VCA0002; VC_A0002,,replication initiator protein RctB domain-containing protein,0.550680663605107,0.00661715933477
VC_RS13435,VCA0003; VC_A0003,,hypothetical protein,1.02443350251702,0.0021716033358269
VC_RS13440,VCA0004; VC_A0004,,PA3496 family putative envelope integrity protein,1.42745659727922,0.0008465378294019
VC_RS13445,VCA0005; VC_A0005,,DUF3283 family protein,0.0509447793535269,0.848212024847006
VC_RS13450,VCA0006; VC_A0006,,YebC/PmpR family DNA-binding transcriptional regulator,0.445129781737976,0.0511220273877284
VC_RS13455,VCA0007; VC_A0007,,NAD(P)-dependent oxidoreductase,-0.755188612644763,0.0045381780735756
VC_RS13460,VCA0008; VC_A0008,,methyl-accepting chemotaxis protein,0.940798086462226,0.02723240637673
VC_RS13465,VCA0010; VC_A0010,,YibL family ribosome-associated protein,-2.81422362007474,6.79869194558617e-06
VC_RS13470,VCA0011; VC_A0011,malT,HTH-type transcriptional regulator MalT,-0.0238035981767511,0.946144280600483
VC_RS13475,VCA0013; VC_A0013,,glycogen/starch/alpha-glucan phosphorylase,1.73655641362756,0.000202681109022
VC_RS13480,VCA0014; VC_A0014,malQ,4-alpha-glucanotransferase,1.86153187440146,9.80948374353272e-05
VC_RS13485,VCA0015; VC_A0016,glgB,"1,4-alpha-glucan branching protein GlgB",0.675476917333608,0.0323145849544854
VC_RS13490,VCA0017; VC_A0017,hcp-2,type VI secretion system effector Hcp-2,1.33026170615472,0.0002295333543984
VC_RS13495,VCA0018; VC_A0018,,type VI secretion system Vgr family protein,0.372966744653444,0.191970990615251
VC_RS13500,VCA0019; VC_A0019,vasW,type VI secretion system accessory protein VasW,2.33879646878862,9.49721174092457e-07
VC_RS13505,VCA0020; VC_A0020,vasX,type VI secretion system toxin VasX,0.93632806294647,1.91767768816648e-05
VC_RS13510,VCA0021; VC_A0021,tsiV2,type VI secretion system immunity protein TsiV2,0.407903965099953,0.0579501308764985
VC_RS13515,VCA0022; VC_A0022,,MAPEG family protein,-0.531939287335624,0.0192658839994066
VC_RS13520,VCA0023; VC_A0023,,acyltransferase,-1.32564183050435,0.02080049498876
VC_RS13525,VCA0024; VC_A0024,,AEC family transporter,-0.206218113062824,0.327875969747146
VC_RS13530,VCA0025; VC_A0025,,SLC13 family permease,0.101101879879605,0.787519601692158
VC_RS13535,VCA0026; VC_A0026,,DUF2057 domain-containing protein,0.370750255554619,0.0331001910393759
VC_RS13540,VCA0027; VC_A0027,,glycosyl hydrolase family 18 protein,3.13259118545387,5.48874393259386e-06
VC_RS13545,VCA0029; VC_A0029,,IclR family transcriptional regulator,3.78136189654505,2.90217559164281e-08
VC_RS13550,VCA0030; VC_A0030,,arginase family protein,2.86942005471008,4.21694262248823e-06
VC_RS13555,VCA0031; VC_A0031,,methyl-accepting chemotaxis protein,1.25874940250711,0.0001131530586129
VC_RS13560,VCA0032; VC_A0032,,hypothetical protein,1.79850266882222,1.92939321719633e-05
VC_RS13565,VCA0033; VC_A0033,,PhoX family protein,1.25373484440704,1.74233391422426e-05
VC_RS13570,VCA0034; VC_A0034,,HDOD domain-containing protein,1.10140686368436,0.102417763072358
VC_RS13575,VCA0035; VC_A0035,,phosphatase PAP2 family protein,3.05929710716292,2.05266420216631e-06
VC_RS13580,VCA0036; VC_A0036,sstT,serine/threonine transporter SstT,-2.00759342194002,9.89384235662433e-07
VC_RS13585,VCA0037; VC_A0037,,copper chaperone PCu(A)C,-0.0848850381940639,0.716691743304911
VC_RS13590,VCA0038; VC_A0038,,SCO family protein,-1.34973018497771,6.57278774925237e-06
VC_RS13595,VCA0039; VC_A0039,,hypothetical protein,-0.757177363806092,0.0006803302953667
VC_RS13600,VCA0040; VC_A0040,,DUF368 domain-containing protein,-0.692568135300261,0.0044313180637638
VC_RS13605,VCA0041; VC_A0041,gltS,sodium/glutamate symporter,-0.492835068269913,0.0307737684395702
VC_RS13610,VCA0042; VC_A0042,,PilZ domain-containing protein,0.59559755224783,0.0008989109610769
VC_RS13615,VCA0043; VC_A0043,,GNAT family N-acetyltransferase,1.37084886067643,1.5218538659882e-05
VC_RS13620,VCA0044; VC_A0044,,S41 family peptidase,-0.396824824339069,0.0171919536792534
VC_RS13625,VCA0047; VC_A0047,,HlyD family secretion protein,0.0577534728875502,0.766139597617118
VC_RS13630,VCA0048; VC_A0048,,DUF3302 domain-containing protein,0.125287639371789,0.527500562120585
VC_RS13635,VCA0049,,diguanylate cyclase domain-containing protein,1.0023373792555,0.0002869732789085
VC_RS13640,VCA0051; VC_A0051,,hypothetical protein,0.256528658774883,0.102500310655282
VC_RS13645,VCA0052; VC_A0052,,hypothetical protein,0.40638758693031,0.178323203371477
VC_RS13650,VCA0053; VC_A0053,deoD,purine-nucleoside phosphorylase,0.328813115296901,0.212392036760974
VC_RS13655,VCA0055; VC_A0055,,YbgA family protein,0.380172714286877,0.0752257301491645
VC_RS13660,VCA0056; VC_A0056,,MerR family transcriptional regulator,0.40321600879348,0.140953664301188
VC_RS13665,VCA0057; VC_A0057,phrB,deoxyribodipyrimidine photo-lyase,0.271930583625157,0.248528284104893
VC_RS13670,VCA0058; VC_A0058,,"L,D-transpeptidase family protein",0.354083721106602,0.0630837855599226
VC_RS13675,VCA0059; VC_A0059,,Lpp/OprI family alanine-zipper lipoprotein,0.452172525796453,0.115621816939272
VC_RS13680,VCA0061; VC_A0061,,DEAD/DEAH box helicase,-0.494078319464655,0.0517400768269368
VC_RS13685,VCA0063; VC_A0063,,prolyl oligopeptidase family serine peptidase,-1.45261988814535,5.78537717086102e-05
VC_RS13690,VCA0064; VC_A0064,,TonB-dependent hemoglobin/transferrin/lactoferrin family receptor,-2.59068746116522,3.26127329374892e-07
VC_RS13695,VCA0065; VC_A0065,,proprotein convertase P-domain-containing protein,-2.53267475564978,1.05963699005187e-06
VC_RS13700,VCA0066; VC_A0066,,DUF1566 domain-containing protein,-2.61859883926058,7.95772099236358e-07
VC_RS13705,VCA0067; VC_A0067,,DUF1566 domain-containing protein,-2.12114120514349,1.48358519144971e-06
VC_RS13710,VCA0068; VC_A0068,,methyl-accepting chemotaxis protein,0.476443373917281,0.0320672937346134
VC_RS13715,VCA0070; VC_A0070,,phosphate ABC transporter substrate-binding protein,-0.112154731831867,0.768474110098611
VC_RS13720,VCA0071; VC_A0071,pstC,phosphate ABC transporter permease subunit PstC,-0.527424772741572,0.147471658481006
VC_RS13725,VCA0072; VC_A0072,pstA,phosphate ABC transporter permease PstA,-0.316332459899749,0.395610366209237
VC_RS13730,VCA0073; VC_A0073,pstB,phosphate ABC transporter ATP-binding protein PstB,0.16192674975351,0.522127767846124
VC_RS13735,VCA0074; VC_A0074,,GGDEF domain-containing protein,-0.039227956147107,0.867584811706518
VC_RS13740,VCA0075; VC_A0075,,molybdopterin-dependent oxidoreductase,-0.245009180741165,0.603365335249183
VC_RS13745,VCA0076; VC_A0076,,YjiH family protein,-1.91496048248746,1.83098696763924e-06
VC_RS13750,VCA0077; VC_A0077,,SulP family inorganic anion transporter,0.81537388721467,0.0003010011520312
VC_RS13755,VCA0078; VC_A0078,,isoamylase early set domain-containing protein,1.3031845684309,0.0001785961336847
VC_RS13760,VCA0079; VC_A0079,shyA,peptidoglycan DD-metalloendopeptidase ShyA,1.26029751183959,5.36230266398326e-05
VC_RS13765,VCA0080; VC_A0080,,sensor domain-containing phosphodiesterase,0.335516063698023,0.141917008983484
VC_RS13770,VCA0082; VC_A0082,,LysR family transcriptional regulator,-0.18334838138324,0.439026219739932
VC_RS13775,VCA0083; VC_A0083,,multidrug effflux MFS transporter,-0.0230978596076174,0.924361718948929
VC_RS13780,VCA0084; VC_A0084,soxR,redox-sensitive transcriptional activator SoxR,0.175500167847656,0.412755863190153
VC_RS13785,VCA0085; VC_A0085,,MFS transporter,0.964443560779969,0.0011995688142723
VC_RS13790,VCA0086; VC_A0086,,hypothetical protein,-2.32810806219631,1.77038778015172e-05
VC_RS13795,VCA0088; VC_A0088,,dicarboxylate/amino acid:cation symporter,1.40824344079126,0.0004446312192099
VC_RS13800,VCA0090; VC_A0090,,DMT family transporter,-0.494464001513767,0.0341589856631458
VC_RS13805,VCA0091; VC_A0091,,DUF134 domain-containing protein,1.43589147600563,0.0001627142797548
VC_RS13810,VCA0092; VC_A0092,,esterase/lipase family protein,0.639463560708494,0.0021218734530779
VC_RS13815,VCA0094; VC_A0094,,winged helix-turn-helix transcriptional regulator,-0.568517093759905,0.156642524742999
VC_RS13820,VCA0095; VC_A0095,,hypothetical protein,3.49854023956738,0.0002333561205892
VC_RS13825,VCA0096; VC_A0096,,zinc-dependent metalloprotease family protein,1.950099984805,0.0082604812139185
VC_RS13830,VCA0097; VC_A0097,,NUDIX hydrolase,0.517364214883636,0.0121666226697744
VC_RS13835,VCA0098; VC_A0098,pncB,nicotinate phosphoribosyltransferase,0.779396028224558,0.0004968309663453
VC_RS13840,VCA0099; VC_A0099,,oxidoreductase,1.27842067803918,3.49233024555053e-05
VC_RS13845,VCA0100; VC_A0100,,rhodanese-like domain-containing protein,0.29849556389864,0.129516856169903
VC_RS13850,VCA0101; VC_A0101,,EAL domain-containing protein,-1.46965380359189,5.41427002462465e-06
VC_RS13855,VCA0102; VC_A0102,,HAD family hydrolase,-0.916666157107225,0.0001451535764525
VC_RS13860,VCA0103; VC_A0103,,SulP family inorganic anion transporter,-0.17710895442332,0.347472593216161
VC_RS13865,VCA0104,,RluA family pseudouridine synthase,-1.36229360253967,1.63552092122931e-05
VC_RS13870,VCA0105; VC_A0105,,type VI secretion system PAAR protein,0.199940828156572,0.548716257990716
VC_RS13875,VCA0106; VC_A0106,,sel1 repeat family protein,-0.203448768401075,0.306982605239675
VC_RS13880,VCA0107; VC_A0107,tssB,type VI secretion system contractile sheath small subunit,0.919806002195577,0.0001471888588959
VC_RS13885,VCA0108; VC_A0108,tssC,type VI secretion system contractile sheath large subunit,0.679924054271968,0.0019359624690989
VC_RS13890,VCA0109; VC_A0109,tssE,type VI secretion system baseplate subunit TssE,0.329378908553518,0.141736408207262
VC_RS13895,VCA0110; VC_A0110,tssF,type VI secretion system baseplate subunit TssF,-0.0059849440254886,0.97684922812228
VC_RS13900,VCA0111; VC_A0111,tssG,type VI secretion system baseplate subunit TssG,0.0799273275956051,0.805494599572755
VC_RS13905,VCA0112; VC_A0112,tagH,type VI secretion system-associated FHA domain protein TagH,0.24446134995028,0.386924867476627
VC_RS13910,VCA0113; VC_A0113,tssJ,type VI secretion system lipoprotein TssJ,-0.418213807189753,0.414398151060051
VC_RS13915,VCA0114; VC_A0114,tssK,type VI secretion system baseplate subunit TssK,0.251906944036545,0.278271757816866
VC_RS13920,VCA0115; VC_A0115,icmH,type IVB secretion system protein IcmH/DotU,0.209972560689006,0.455944560400157
VC_RS13925,VCA0116; VC_A0116,tssH,type VI secretion system ATPase TssH,0.387762367544747,0.0622427601010929
VC_RS13930,VCA0117; VC_A0117,vasH,sigma-54 dependent T6SS transcriptional regulator VasH,0.561035012285004,0.0103729041153552
VC_RS13935,VCA0118; VC_A0118,vasI,type VI secretion system-associated protein VasI,0.544604943876433,0.119420918005231
VC_RS13940,VCA0119; VC_A0119,vasJ,TssA family type VI secretion system protein VasJ,0.52365333737103,0.0808766232125044
VC_RS13945,VCA0120; VC_A0120,tssM,type VI secretion system membrane subunit TssM,0.998155618676985,0.000202681109022
VC_RS13950,VCA0121; VC_A0121,,type VI secretion system ImpA family N-terminal domain-containing protein,0.592847638227542,0.003148175153756
VC_RS13955,VCA0123; VC_A0123,tssI,type VI secretion system tip protein TssI/VgrG,0.653278892827978,0.0030914394881455
VC_RS13960,VCA0124; VC_A0124,tsiV3,type VI secretion system antitoxin TsiV3,1.10676580322759,0.0019143642443118
VC_RS13965,VCA0125; VC_A0125,,DUF3012 domain-containing protein,0.43968648008734,0.169330015879565
VC_RS13970,VCA0127; VC_A0127,rbsD,D-ribose pyranase,-0.13582005188234,0.766139597617118
VC_RS13975,VCA0128; VC_A0128,rbsA,ribose ABC transporter ATP-binding protein RbsA,0.0214132971127409,0.952160403254398
VC_RS13980,VCA0129; VC_A0129,rbsC,ribose ABC transporter permease,0.198903269198256,0.423210480267117
VC_RS13985,VCA0130; VC_A0130,rbsB,ribose ABC transporter substrate-binding protein RbsB,0.834443226032742,0.0023705520489531
VC_RS13990,VCA0131; VC_A0131,rbsK,ribokinase,0.454016649359103,0.0297960940621211
VC_RS13995,VCA0132; VC_A0132,,substrate-binding domain-containing protein,-0.157780317436362,0.443560275432424
VC_RS14000,VCA0133; VC_A0133,pnuC,nicotinamide riboside transporter PnuC,-0.257127631020603,0.0798326344804299
VC_RS14010,VCA0134; VC_A0134,,nucleoside phosphorylase,-0.895102645508982,0.0005624470214494
VC_RS14015,VCA0135; VC_A0135,,Crp/Fnr family transcriptional regulator,0.625605963587777,0.0096139563706744
VC_RS14020,VCA0136; VC_A0136,glpQ,glycerophosphodiester phosphodiesterase,-0.34501708462877,0.181640675847991
VC_RS14025,VCA0137; VC_A0137,glpT,glycerol-3-phosphate transporter,0.255543418429253,0.336402849398493
VC_RS14030,VCA0139; VC_A0139,,DUF3316 domain-containing protein,4.14480134279681,4.51154078940749e-09
VC_RS14035,VCA0140; VC_A0140,,lytic polysaccharide monooxygenase,1.954821984547,0.0007006962162342
VC_RS14040,VCA0141; VC_A0141,,sensor histidine kinase,0.585118116574881,0.0520444143675366
VC_RS14045,VCA0142; VC_A0142,,sigma-54-dependent transcriptional regulator,0.934483381824865,0.0001707631003004
VC_RS14050,VCA0144; VC_A0144,,TAXI family TRAP transporter solute-binding subunit,0.457308922318765,0.0499825916005122
VC_RS14055,VCA0146; VC_A0146,,TRAP transporter permease,0.22605381947921,0.454528901212006
VC_RS14060,VCA0147; VC_A0147,lhgO,L-2-hydroxyglutarate oxidase,0.710690890170961,0.0015643921932937
VC_RS14065,VCA0148; VC_A0148,,M66 family metalloprotease,0.632245562088134,0.0065677244350141
VC_RS14070,VCA0150; VC_A0150,def,peptide deformylase,0.51610876504344,0.0886636391331134
VC_RS14075,VCA0151; VC_A0151,,ferredoxin reductase family protein,1.39737344408764,1.40072771695764e-05
VC_RS14080,VCA0152; VC_A0152,mnhG,monovalent cation/H(+) antiporter subunit G,1.23762190447431,0.0006466458621888
VC_RS14085,VCA0153; VC_A0153,,cation:proton antiporter,1.94841066978607,0.0072243896129778
VC_RS14090,VCA0154; VC_A0154,,Na+/H+ antiporter subunit E,2.20315719611842,0.0009310777437359
VC_RS14095,VCA0155; VC_A0155,,proton-conducting transporter membrane subunit,1.50252644020833,0.0001741222780491
VC_RS14100,VCA0156; VC_A0156,,Na+/H+ antiporter subunit C,0.943592466373769,0.043975631542542
VC_RS14105,VCA0157; VC_A0157,mbhE,hydrogen gas-evolving membrane-bound hydrogenase subunit E,1.11018877120992,0.109118023795578
VC_RS14110,VCA0158; VC_A0158,,hypothetical protein,1.24739702301659,0.0012993454440897
VC_RS14115,VCA0159; VC_A0159,,universal stress protein,1.48549467200097,0.0011277595395541
VC_RS14120,VCA0160; VC_A0160,,aromatic amino acid transporter,0.595452877087073,0.0758644539857433
VC_RS14125,VCA0161; VC_A0161,tnaA,tryptophanase,0.493491006261225,0.247641918726344
VC_RS14135,VCA0163; VC_A0163,,DUF3820 family protein,-0.427998399583935,0.233795964539566
VC_RS14140,VCA0164; VC_A0164,,"L,D-transpeptidase family protein",-0.0748285294071635,0.803576021993942
VC_RS14145,VCA0165; VC_A0165,,GGDEF domain-containing protein,-0.192907178034357,0.436309331104915
VC_RS14150,VCA0166; VC_A0166,,transcription antiterminator/RNA stability regulator CspE,-4.0106617363088,8.69196967131582e-06
VC_RS14155,VCA0167; VC_A0167,,SIMPL domain-containing protein,2.09742340169706,1.06073254990223e-07
VC_RS14160,VCA0168,,BatD family protein,1.61620277339876,0.0003816309689755
VC_RS14165,VCA0171; VC_A0171,,vWA domain-containing protein,2.31620410301089,3.8520114376302e-06
VC_RS14170,VCA0172; VC_A0172,,vWA domain-containing protein,2.04773557257803,4.1082915180103e-06
VC_RS14175,VCA0173; VC_A0173,,DUF4381 domain-containing protein,0.292839844321707,0.253188386795055
VC_RS14180,VCA0174; VC_A0174,,DUF58 domain-containing protein,2.6401991916817,1.9607931112082e-07
VC_RS14185,VCA0175; VC_A0175,,AAA family ATPase,2.1224622981581,3.41157022088841e-06
VC_RS14190,VCA0176; VC_A0176,,methyl-accepting chemotaxis protein,-0.0291530983458951,0.863500328261655
VC_RS14195,VCA0177; VC_A0177,,chromosome segregation ATPase,0.236070242586925,0.432946237797054
VC_RS14200,VCA0178; VC_A0178,,DsbA family oxidoreductase,1.41253618202618,0.0001837993759632
VC_RS14205,VCA0179; VC_A0179,,NupC/NupG family nucleoside CNT transporter,-0.830225190987916,0.0117011227850336
VC_RS14210,VCA0180; VC_A0180,pepT,peptidase T,0.0270205686481415,0.953548715590585
VC_RS14215,VCA0181; VC_A0181,,mechanosensitive ion channel family protein,0.388440314386851,0.032969414394197
VC_RS14220,VCA0182; VC_A0182,norR,nitric oxide reductase transcriptional regulator NorR,-0.479472071924723,0.0225244161454067
VC_RS14225,VCA0183; VC_A0183,hmpA,NO-inducible flavohemoprotein,0.635016344919298,0.0406122120728262
VC_RS14230,VCA0184; VC_A0184,,cold-shock protein,-1.02348216866411,0.0035777792862775
VC_RS14235,VCA0185; VC_A0185,,alternative ribosome-rescue factor A,1.36030330843597,0.0013765309128628
VC_RS14240,VCA0186; VC_A0186,,hypothetical protein,-0.230685940426087,0.347924076394266
VC_RS14245,VCA0188; VC_A0188,,hypothetical protein,0.607947439048477,0.136468694754299
VC_RS14250,VCA0189; VC_A0189,,response regulator,0.428497922941244,0.152045202845171
VC_RS14255,VCA0190; VC_A0190,,PAS domain-containing protein,0.0714791376454893,0.78772077862321
VC_RS14260,VCA0191; VC_A0191,,bifunctional ADP-dependent NAD(P)H-hydrate dehydratase/NAD(P)H-hydrate epimerase,-0.057597439223532,0.788053827533181
VC_RS14265,VCA0192; VC_A0192,,2-hydroxyacid dehydrogenase,1.04808833303434,0.0003503022539879
VC_RS14270,VCA0193; VC_A0193,,Na+/H+ antiporter NhaC family protein,-2.25648285830804,1.64080633142828e-06
VC_RS14275,VCA0194; VC_A0194,,potassium channel family protein,-0.414964111874482,0.0644247087099012
VC_RS14280,VCA0195; VC_A0195,,outer membrane beta-barrel protein,1.99727255988311,9.23773689266173e-06
VC_RS14285,VCA0197; VC_A0197,,GMP reductase,-0.459807383630459,0.0039244503455191
VC_RS14290,VCA0198; VC_A0198,,DNA cytosine methyltransferase,-0.39651731041873,0.139072703411618
VC_RS14295,VCA0199; VC_A0199,,DUF262 domain-containing protein,0.108423833226401,0.664728712019322
VC_RS14300,VCA0200; VC_A0200,,AAA family ATPase,0.625581459873819,0.0325487656864643
VC_RS14305,VCA0201; VC_A0201,,hypothetical protein,-0.322382370120055,0.450690054809999
VC_RS14310,VCA0202; VC_A0202,tnpA,IS200/IS605-like element IS1004 family transposase,-1.04056316710977,0.0077330155126701
VC_RS14320,,,HNH endonuclease,-3.24513535335729,1.81292652054901e-06
VC_RS14325,VCA0204; VC_A0204,,DEAD/DEAH box helicase,-2.34111670141572,1.56688363391004e-06
VC_RS14330,VCA0205; VC_A0205,,anaerobic C4-dicarboxylate transporter,-0.778480101034009,0.0798326344804299
VC_RS14335,VCA0207; VC_A0207,nadE,ammonia-dependent NAD(+) synthetase,-0.301338372172609,0.117435783651785
VC_RS14340,VCA0208; VC_A0208,,nicotinate-nicotinamide nucleotide adenylyltransferase,0.266446626368543,0.137681345738757
VC_RS14345,VCA0210; VC_A0210,,DUF3369 domain-containing protein,0.390693881320337,0.109386823693301
VC_RS14350,VCA0211; VC_A0211,,ATP-binding protein,0.637532366142903,0.040972560064591
VC_RS14355,VCA0212; VC_A0212,,ABC transporter substrate-binding protein,0.405690187032974,0.0907465957572575
VC_RS14360,VCA0213; VC_A0213,,Na+/H+ antiporter NhaC family protein,-1.30660142913511,0.000900772663889
VC_RS14365,VCA0214; VC_A0214,emrD,multidrug efflux MFS transporter EmrD,-1.43407339384553,0.0011897661837409
VC_RS14370,VCA0216; VC_A0216,,hypothetical protein,0.0295998006533342,0.914062814101615
VC_RS14375,VCA0217; VC_A0217,,GGDEF domain-containing protein,1.32677543901388,6.74644850606126e-05
VC_RS14380,VCA0218; VC_A0218,,SGNH/GDSL hydrolase family protein,1.09307356875927,0.0074397769878789
VC_RS14385,VCA0219; VC_A0219,hlyA,cytolysin VCC,4.29993252341846,1.82500087721006e-06
VC_RS14390,VCA0220; VC_A0220,,methyl-accepting chemotaxis protein,0.961615020368892,0.0012246393638912
VC_RS14395,VCA0221; VC_A0221,,lipase family alpha/beta hydrolase,0.914368326564756,0.0312989725690642
VC_RS14400,VCA0222; VC_A0222,,lipase secretion chaperone,0.116260660243871,0.739454074432274
VC_RS14405,VCA0223; VC_A0223,prtV,M6 family metalloprotease PrtV,0.276718933849648,0.179436647617854
VC_RS14410,VCA0224; VC_A0224,,hypothetical protein,0.594931738081989,0.159100685392157
VC_RS14415,VCA0225; VC_A0225,,class II glutamine amidotransferase,0.265648983476891,0.30702987481598
VC_RS14420,VCA0227; VC_A0227,vctP,iron chelate ABC transporter substrate-binding protein VctP,-0.105316040597919,0.745512640885663
VC_RS14425,VCA0228; VC_A0228,vctD,iron chelate uptake ABC transporter permease subunit VctD,-0.751517830444773,0.0090618461577442
VC_RS14430,VCA0229; VC_A0229,vctG,iron chelate uptake ABC transporter permease subunit VctG,-0.260420866426488,0.239329310112735
VC_RS14435,VCA0230; VC_A0230,vctC,iron chelate ABC transporter ATP-binding protein VctC,0.358160706502698,0.14049534066587
VC_RS14440,VCA0231; VC_A0231,,helix-turn-helix domain-containing protein,-1.74368312043807,9.23773689266173e-06
VC_RS14445,VCA0232; VC_A0232,vctA,TonB-dependent iron chelate receptor VctA,-1.88903508010792,7.02237628388446e-06
VC_RS14450,VCA0233; VC_A0233,,DUF2218 domain-containing protein,-1.1564857254393,0.004145698998706
VC_RS14455,VCA0235; VC_A0235,,acetate/propionate family kinase,-0.261824408632031,0.344304805181411
VC_RS14460,VCA0236; VC_A0236,,hypothetical protein,-0.0950041840662374,0.736611450030258
VC_RS14465,VCA0237; VC_A0237,,phosphoribosyl-AMP cyclohydrolase,1.76357935829994,0.0019399102026032
VC_RS14470,VCA0238; VC_A0238,,HAMP domain-containing sensor histidine kinase,0.964982137695885,4.22878887360395e-05
VC_RS14475,VCA0239; VC_A0239,,response regulator transcription factor,0.463629273595589,0.035058692681903
VC_RS14480,VCA0240; VC_A0240,,hypothetical protein,-0.336564060546544,0.0929357746300478
VC_RS14485,VCA0241; VC_A0241,,L-ribulose-5-phosphate 3-epimerase,1.25911672933117,0.020727658624182
VC_RS14490,VCA0242; VC_A0242,,3-keto-L-gulonate-6-phosphate decarboxylase UlaD,1.97785953523741,0.0009514730600829
VC_RS14495,VCA0243; VC_A0243,,Cof-type HAD-IIB family hydrolase,1.02586968769447,0.0107188559337831
VC_RS14500,VCA0244; VC_A0244,,L-ribulose-5-phosphate 4-epimerase,1.53271003053352,0.0066582592121617
VC_RS14505,VCA0245; VC_A0245,,PTS sugar transporter subunit IIA,1.03905659909906,0.0888326777430667
VC_RS14510,VCA0246; VC_A0246,,PTS ascorbate-specific subunit IIBC,1.21454428447131,0.0276245793872776
VC_RS14515,VCA0247; VC_A0247,ulaR,HTH-type transcriptional regulator UlaR,0.309874086661983,0.265490590029913
VC_RS14520,VCA0248; VC_A0248,ulaG,L-ascorbate 6-phosphate lactonase,0.883225249054642,0.0024398846200242
VC_RS14525,VCA0249; VC_A0249,,cytochrome b,2.01489084639536,1.04932852044641e-05
VC_RS14530,VCA0250; VC_A0250,,alpha-amylase family protein,1.30876990442463,0.0001866466926191
VC_RS14535,VCA0253; VC_A0253,,CatB-related O-acetyltransferase,-0.109402658286675,0.717882880804779
VC_RS14540,,,glycoside hydrolase,1.07614046626138,0.0195166468181561
VC_RS14545,VCA0254; VC_A0254,,glycoside hydrolase,0.0331300728373427,0.888081271762756
VC_RS14550,VCA0255; VC_A0255,,DUF2861 family protein,-0.0347584002150462,0.890065292018996
VC_RS14555,VCA0256; VC_A0256,,response regulator transcription factor,0.79192377013209,0.0063913273229366
VC_RS14560,VCA0257; VC_A0257,,ATP-binding protein,1.03722108765472,0.0005059721610511
VC_RS14565,VCA0258; VC_A0258,,cupin domain-containing protein,0.685753627501129,0.0839190409999823
VC_RS14570,VCA0260,,cupredoxin family protein,-1.75347335857656,0.0001389725559208
VC_RS14575,VCA0262; VC_A0262,,hypothetical protein,-2.08392618043349,9.83629397759857e-06
VC_RS14580,VCA0263; VC_A0263,,GNAT family N-acetyltransferase,0.496511895651597,0.0797506006528632
VC_RS14585,VCA0264; VC_A0264,,MerR family transcriptional regulator,0.475456121784323,0.0168086186471796
VC_RS14590,VCA0265; VC_A0265,,hypothetical protein,-1.16931559140149,0.0001696625328817
VC_RS14595,VCA0266; VC_A0266,,AraC family transcriptional regulator,0.850623114808309,0.0043256808300001
VC_RS14600,VCA0267; VC_A0267,emrD3,multidrug efflux MFS transporter EmrD-3,0.218065512390284,0.383809021464491
VC_RS14605,VCA0268; VC_A0268,,methyl-accepting chemotaxis protein,0.982000839445996,0.0005597719325917
VC_RS14610,VCA0269; VC_A0269,,pyridoxal phosphate-dependent decarboxylase family protein,0.85680709989405,0.009563091070649
VC_RS14615,VCA0270; VC_A0270,,D-alanyl-D-alanine carboxypeptidase family protein,0.562034493331732,0.0580475377643983
VC_RS14620,VCA0271; VC_A0271,,helix-turn-helix domain-containing protein,1.3620343655384,1.11776522989516e-05
VC_RS14625,VCA0274a,,hypothetical protein,-0.700174693281248,0.01110773425368
VC_RS14630,VCA0274; VC_A0274,,carbonic anhydrase,1.55242832183118,0.0004240954982686
VC_RS14635,VCA0275; VC_A0275,tnpA,IS200/IS605-like element IS1004 family transposase,-0.913150972855898,0.0102337609487273
VC_RS14645,VCA0276; VC_A0276,gcvP,aminomethyl-transferring glycine dehydrogenase,-0.27942868498155,0.157158012875894
VC_RS14650,VCA0277; VC_A0277,gcvH,glycine cleavage system protein GcvH,0.3007589996219,0.252551477489457
VC_RS14655,VCA0278; VC_A0278,,serine hydroxymethyltransferase,-0.879239068733249,0.0032321633495361
VC_RS14660,VCA0279; VC_A0279,,helix-turn-helix domain-containing protein,0.531371430911518,0.0196468027911214
VC_RS14665,VCA0280; VC_A0280,gcvT,glycine cleavage system aminomethyltransferase GcvT,0.968987420376161,8.77123295234702e-05
VC_RS14670,VCA0281; VC_A0281,,tyrosine-type recombinase/integrase,0.170857797128205,0.564651967100089
VC_RS14675,VCA0282; VC_A0282,,IS5-like element ISVch5 family transposase,0.183664198477286,0.691929716298197
VC_RS14690,VCA0285; VC_A0285,,hypothetical protein,-0.0863685588082164,0.716691743304911
VC_RS14695,,,hypothetical protein,-0.38831039268058,0.201827003280051
VC_RS14700,VCA0287; VC_A0287,thrS,threonine--tRNA ligase,-1.53512075170002,5.48874393259386e-06
VC_RS14705,VCA0288; VC_A0288,infC,translation initiation factor IF-3,-0.878240588427283,0.0006262863760598
VC_RS14710,VCA0289; VC_A0289,rpmI,50S ribosomal protein L35,-1.03966408372944,0.0003408260536629
VC_RS14715,VCA0290; VC_A0290,rplT,50S ribosomal protein L20,-0.792753174712335,0.0012668468858286
VC_RS14720,VCA0291; VC_A0291,intIA,integron integrase IntIA,0.997739142439241,0.0020486463941768
VC_RS14725,VCA0292; VC_A0292,,hypothetical protein,-0.91073948437061,0.0472917983589937
VC_RS14730,VCA0293; VC_A0293,,DUF6338 family protein,-0.758084138253551,0.0046661326957266
VC_RS14740,VCA0294; VC_A0294,,VOC family protein,0.789112943893147,0.0041918193909968
VC_RS14750,VCA0297; VC_A0297,,DUF645 family protein,-1.02543142863943,0.0811928131219074
VC_RS14755,VCA0298; VC_A0298,,TIGR03643 family protein,-0.274990291645497,0.357150500587545
VC_RS14765,VCA0299; VC_A0299,,hypothetical protein,0.412363355864551,0.0487722279096198
VC_RS14770,VCA0300; VC_A0300,,type B-5 chloramphenicol O-acetyltransferase CatB9,0.35537966964075,0.144828700894208
VC_RS14780,VCA0301; VC_A0301,,SDR family oxidoreductase,0.66014625371045,0.0032744835613967
VC_RS14790,VCA0302; VC_A0302,,DUF645 family protein,0.159169359430276,0.495321034444744
VC_RS14795,VCA0303; VC_A0303,,hypothetical protein,-0.0346614562732443,0.902395502189748
VC_RS14800,VCA0304; VC_A0304,,DUF645 family protein,0.13229806583446,0.574835338242423
VC_RS14805,VCA0306; VC_A0306,,DUF645 family protein,0.18552240951867,0.390452261164971
VC_RS14810,VCA0307; VC_A0307,,HNH endonuclease,0.227664191901019,0.399545243838554
VC_RS14815,VCA0308; VC_A0308,,deoxyguanosinetriphosphate triphosphohydrolase family protein,0.0784241223223067,0.754586813205465
VC_RS14820,VCA0309; VC_A0309,,HNH endonuclease,0.131147607184716,0.593110748671115
VC_RS14825,VCA0310; VC_A0310,,hypothetical protein,-0.159263909567913,0.646919660699186
VC_RS14830,VCA0311; VC_A0311,,type II toxin-antitoxin system RelE/ParE family toxin,-0.737801897683813,0.0433780658069944
VC_RS14835,VCA0312; VC_A0312,,type II toxin-antitoxin system Phd/YefM family antitoxin,-1.10331835720796,0.0520842994813115
VC_RS14840,VCA0313; VC_A0313,,NUDIX hydrolase,0.686403743933795,0.0099735741291961
VC_RS14850,VCA0314; VC_A0314,,DUF1289 domain-containing protein,0.260032706684742,0.36424252548618
VC_RS14860,VCA0316; VC_A0316,,GNAT family N-acetyltransferase,0.50731186259852,0.0653859058765629
VC_RS14865,VCA0317; VC_A0317,,lipocalin family protein,0.553995217863354,0.028542525165266
VC_RS14870,VCA0318; VC_A0318,,GNAT family N-acetyltransferase,-0.0827626831765511,0.790950745558104
VC_RS14875,VCA0319; VC_A0319,,DUF1778 domain-containing protein,-0.0178788361864486,0.955725904010624
VC_RS14880,,,DUF645 family protein,-0.377562836899969,0.350213061452645
VC_RS14890,VCA0322; VC_A0322,,hypothetical protein,0.492922820079473,0.123514460308269
VC_RS14895,VCA0323; VC_A0323,,type II toxin-antitoxin system YafQ family toxin,-0.169234292013581,0.571886872795477
VC_RS14900,VCA0324; VC_A0324,,type II toxin-antitoxin system RelB/DinJ family antitoxin,-0.0161793355280524,0.948329908495496
VC_RS14905,VCA0325; VC_A0325,,DUF3709 domain-containing protein,-0.0698785408077411,0.809214608039923
VC_RS14920,VCA0328; VC_A0328,,VOC family protein,-0.0617590187618174,0.766139597617118
VC_RS14925,VCA0329; VC_A0329,,TIGR03643 family protein,-0.309749083582102,0.432760185639806
VC_RS14935,VCA0329a,,hypothetical protein,-0.335855381522161,0.140985168881361
VC_RS14940,VCA0329b,,DUF3709 domain-containing protein,-0.0851322815757981,0.748576090292593
VC_RS14950,VCA0330; VC_A0330,,OsmC family protein,-0.291788670762201,0.168613811427517
VC_RS14955,VCA0331; VC_A0331,,hypothetical protein,-1.28784536703535,0.0004173250830437
VC_RS14960,VCA0332; VC_A0332,,BrnT family toxin,-1.33621314732377,0.0011381176911993
VC_RS14965,VCA0333; VC_A0333,brnA,type II toxin-antitoxin system BrnA family antitoxin,-1.45098949799595,0.0003476583340913
VC_RS14970,VCA0334; VC_A0334,,hypothetical protein,-1.20666701275972,0.0002791151687692
VC_RS14975,VCA0336; VC_A0336,,DUF645 family protein,-0.160966897033729,0.856877304530347
VC_RS14980,VCA0337; VC_A0337,,S66 family peptidase,-0.60102215780956,0.0264743168759551
VC_RS14985,VCA0338; VC_A0338,,VOC family protein,-1.50771567579338,3.45225480904517e-05
VC_RS14995,VCA0340; VC_A0340,,hypothetical protein,-0.392999008563314,0.258628391800619
VC_RS15000,VCA0341; VC_A0341,,VOC family protein,-0.255510421898773,0.394714914074323
VC_RS15010,VCA0343; VC_A0343,,TIGR03643 family protein,-0.152139674177385,0.742517341407387
VC_RS15020,VCA0344; VC_A0344,,hypothetical protein,-0.456630745872562,0.151119362125929
VC_RS15025,VCA0345; VC_A0345,,DUF1349 domain-containing protein,-0.344519786051507,0.178154808279661
VC_RS15030,VCA0346; VC_A0346,,lecithin retinol acyltransferase family protein,2.3459572334535,7.13148295689867e-05
VC_RS15035,VCA0347; VC_A0347,,VOC family protein,0.934169634410184,0.0040523936303651
VC_RS15045,VCA0348; VC_A0348,,"type II toxin-antitoxin system mRNA interferase toxin, RelE/StbE family",0.308789966379028,0.211533172987019
VC_RS15050,VCA0349; VC_A0349,,type II toxin-antitoxin system RelB/DinJ family antitoxin,0.287109046074232,0.417108870366284
VC_RS15055,VCA0350; VC_A0350,,lipocalin family protein,-0.310635865959785,0.406898402357167
VC_RS15060,VCA0351; VC_A0351,,hypothetical protein,-0.72665129255198,0.0087678453118323
VC_RS15065,VCA0353; VC_A0353,,DUF645 family protein,-0.980756517288351,0.117435783651785
VC_RS15070,VCA0354; VC_A0354,,GrpB family protein,-1.00653793585512,0.0005888997196284
VC_RS15080,VCA0355; VC_A0355,,LysE family translocator,-1.21259438404348,0.0003131792678815
VC_RS15085,VCA0356; VC_A0356,,hypothetical protein,-0.42712017732666,0.0895514250812781
VC_RS15095,VCA0357; VC_A0357,,DUF645 family protein,-1.48451644044435,1.13909834823678e-05
VC_RS15100,VCA0358; VC_A0358,,DUF3465 domain-containing protein,-0.727128514370781,0.0427432126252153
VC_RS15105,VCA0359; VC_A0359,,type II toxin-antitoxin system RelE/ParE family toxin,-0.134506177919753,0.587244972107917
VC_RS15110,,,type II toxin-antitoxin system ParD family antitoxin,0.0290212962783877,0.941025617048341
VC_RS15115,VCA0361; VC_A0361,,hypothetical protein,-0.540768531735092,0.0554376400424166
VC_RS15125,VCA0363; VC_A0363,,hypothetical protein,-0.952782772277182,0.0134980933254402
VC_RS15130,VCA0364; VC_A0364,,hypothetical protein,-0.849636241262418,0.0082023993448067
VC_RS15135,VCA0365; VC_A0365,,DUF6338 family protein,-0.643975599924563,0.0212059664356741
VC_RS15140,VCA0366; VC_A0366,,restriction endonuclease,-0.610584194031122,0.0304542555269392
VC_RS15145,,,DUF3265 domain-containing protein,-0.331574132394084,0.431316924442287
VC_RS15150,VCA0367; VC_A0367,,hypothetical protein,-0.6969139781949,0.0507620663865476
VC_RS15155,VCA0368; VC_A0368,,hypothetical protein,-0.434221597001515,0.089120399466565
VC_RS15160,VCA0370; VC_A0370,,hypothetical protein,-0.028325554109712,0.952853780844238
VC_RS15165,VCA0371; VC_A0371,,IS3-like element ISVch4 family transposase,0.691072891990432,0.0053986026784095
VC_RS15170,VCA0374; VC_A0374,,DUF4365 and DUF1817 domain-containing protein,0.287194389886848,0.386912958929906
VC_RS15180,VCA0375; VC_A0375,,DUF3709 domain-containing protein,-0.0618179510605847,0.878328803769289
VC_RS15185,VCA0376; VC_A0376,,DUF6404 family protein,-0.0042132397089031,0.992308019952987
VC_RS15190,VCA0378; VC_A0378,,DUF645 family protein,-0.72658588824179,0.10070575514691
VC_RS15195,VCA0379; VC_A0379,,DUF6404 family protein,0.197920876982498,0.587462479836643
VC_RS15200,VCA0380; VC_A0380,,nucleotidyltransferase family protein,-0.596532882685196,0.0173974205114509
VC_RS15210,VCA0382; VC_A0382,,GNAT family N-acetyltransferase,0.240326614604348,0.361970048861594
VC_RS15215,VCA0382a,,hypothetical protein,0.0849503162852699,0.746014597745115
VC_RS15220,,,hypothetical protein,-0.67573353803338,0.0030709921637323
VC_RS15230,VCA0385; VC_A0385,,type II toxin-antitoxin system RelE/ParE family toxin,-1.07707761354311,0.0364102815047111
VC_RS15235,VCA0386; VC_A0386,,type II toxin-antitoxin system Phd/YefM family antitoxin,-1.22203658724008,0.0312418527554462
VC_RS15240,VCA0387; VC_A0387,,GNAT family N-acetyltransferase,-0.0294537848341312,0.91057928983581
VC_RS15245,VCA0388; VC_A0388,,hypothetical protein,-0.138461602905431,0.714253030411692
VC_RS15250,VCA0389; VC_A0389,,DUF3709 domain-containing protein,-1.06476997241089,0.0053297325266395
VC_RS15255,,,DUF3709 domain-containing protein,-0.731347539745956,0.0334998905830568
VC_RS15260,,,DUF645 family protein,-1.40527154902315,0.0005916315775089
VC_RS15265,VCA0391; VC_A0391,,type II toxin-antitoxin system RelE/ParE family toxin,-0.186996701395554,0.375162578544339
VC_RS15270,VCA0392; VC_A0392,,HigA family addiction module antitoxin,0.476458293563373,0.0228854634743558
VC_RS15285,VCA0395; VC_A0395,,PhzF family phenazine biosynthesis protein,-0.199412082731493,0.351848965512526
VC_RS15290,VCA0396; VC_A0396,,abortive infection family protein,2.32054577388897,3.11901808092089e-05
VC_RS15295,VCA0397; VC_A0397,,hypothetical protein,2.46409242420748,2.56107949472536e-05
VC_RS15300,VCA0399; VC_A0399,,DUF6602 domain-containing protein,1.60607439081201,0.0020640984133285
VC_RS15305,VCA0400; VC_A0400,,GNAT family N-acetyltransferase,0.865836677462848,0.0044784222147325
VC_RS15310,VCA0401; VC_A0401,,VOC family protein,-0.601433066094531,0.0247515833624963
VC_RS15315,VCA0402; VC_A0402,,GNAT family N-acetyltransferase,0.0905383648967885,0.776041552362964
VC_RS15320,,,DUF645 family protein,-1.13856009100071,0.0239431430439729
VC_RS15325,VCA0405; VC_A0405,,YrdB family protein,-0.75963471355867,0.0069369522358222
VC_RS15330,VCA0406; VC_A0406,,lipocalin family protein,-0.515405836064608,0.0776383481422323
VC_RS15335,VCA0407; VC_A0407,,DUF645 family protein,-1.25379907269213,5.78537717086102e-05
VC_RS15340,,,hypothetical protein,-0.636198595437365,0.0173186683146842
VC_RS15345,VCA0409; VC_A0409,,hypothetical protein,-0.857793448956833,0.0223490167242634
VC_RS15350,VCA0410; VC_A0410,,4-fold beta flower protein,-0.452333206211579,0.132749895047955
VC_RS15360,VCA0412; VC_A0412,,DUF645 family protein,-1.77230332897845,9.05523815331906e-05
VC_RS15365,VCA0413; VC_A0413,,hypothetical protein,-0.680558910733708,0.0533536363917097
VC_RS15370,VCA0414; VC_A0414,,DUF3465 domain-containing protein,-0.159675051361831,0.626627864921364
VC_RS15375,VCA0415; VC_A0415,,VOC family protein,-0.432604396806868,0.101274603573812
VC_RS15380,VCA0416; VC_A0416,,DUF3709 domain-containing protein,0.0469944007473213,0.893565720721507
VC_RS15385,VCA0417; VC_A0417,,GNAT family N-acetyltransferase,0.66175803385696,0.0469732568748135
VC_RS15390,VCA0418; VC_A0418,,DUF645 family protein,-0.174232302026091,0.715221164903344
VC_RS15395,VCA0419; VC_A0419,,hypothetical protein,0.133106042004098,0.484757648108393
VC_RS15400,VCA0420; VC_A0420,,DUF4144 domain-containing protein,-0.180487546349089,0.477410599779074
VC_RS15405,VCA0421; VC_A0421,,hypothetical protein,0.635996834685768,0.0018507395885803
VC_RS15410,VCA0422; VC_A0422,,type II toxin-antitoxin system Phd/YefM family antitoxin,0.582241280732173,0.025820230363837
VC_RS15415,VCA0423; VC_A0423,,type II toxin-antitoxin system RelE/ParE family toxin,0.482421511583026,0.0368251661548337
VC_RS15420,VCA0424; VC_A0424,,DUF3709 domain-containing protein,0.342907072853269,0.103628280963614
VC_RS15425,VCA0425; VC_A0425,,DUF3465 domain-containing protein,-0.19925801472735,0.331986213301186
VC_RS15435,VCA0426; VC_A0426,,DUF1289 domain-containing protein,-0.547973729930858,0.0131868903690617
VC_RS15445,VCA0428; VC_A0428,,hypothetical protein,0.213104966583778,0.392311523774456
VC_RS15450,,,DUF3709 domain-containing protein,-0.489849395077218,0.0889507232948509
VC_RS15455,VCA0431; VC_A0431,,DUF4144 domain-containing protein,-1.57396958054047,1.56991433153828e-06
VC_RS15460,VCA0432; VC_A0432,,VOC family protein,0.732020230389441,0.0093684986694019
VC_RS15465,VCA0433; VC_A0433,,DUF2971 domain-containing protein,-0.0893778974399537,0.694910215672513
VC_RS15470,VCA0435; VC_A0435,,DUF645 family protein,-0.874909719588335,0.0018212549057463
VC_RS15475,VCA0436; VC_A0436,,GNAT family N-acetyltransferase,-0.613619793712058,0.0017700869864507
VC_RS15485,VCA0439; VC_A0439,,S66 family peptidase,0.447789715937808,0.0947202967519289
VC_RS15490,VCA0440; VC_A0440,,hypothetical protein,-0.413189557207337,0.122286939254664
VC_RS15495,VCA0441; VC_A0441,,hypothetical protein,-0.744064845793822,0.0384437598997966
VC_RS15505,VCA0442; VC_A0442,,GNAT family N-acetyltransferase,-0.303562165403163,0.290224645365426
VC_RS15510,VCA0443; VC_A0443,,lipocalin family protein,-0.501525137051729,0.0137108020978603
VC_RS15515,VCA0444; VC_A0444,,type II toxin-antitoxin system RelE family toxin,0.321549414354384,0.246844196788066
VC_RS15520,VCA0445; VC_A0445,,type II toxin-antitoxin system Phd/YefM family antitoxin,0.511185916714037,0.107737897300317
VC_RS15525,VCA0447; VC_A0447,,DNA-methyltransferase,2.19883653411206,0.0002105934980421
VC_RS15530,VCA0448; VC_A0448,,hypothetical protein,1.15200441050603,0.002515094186943
VC_RS15535,VCA0449; VC_A0449,,DUF3465 domain-containing protein,1.35905210517479,0.0134980933254402
VC_RS15540,VCA0450; VC_A0450,,hypothetical protein,0.624970423790628,0.149724262371781
VC_RS15545,VCA0451; VC_A0451,,hypothetical protein,0.42872146042086,0.419458218911866
VC_RS15550,,,hypothetical protein,-0.410518601005982,0.400727598196221
VC_RS15555,VCA0453; VC_A0453,,hypothetical protein,-1.14309431748425,0.144828700894208
VC_RS15560,VCA0454; VC_A0454,,sulfate ABC transporter substrate-binding protein,1.05184175946211,0.103496977717827
VC_RS15565,VCA0455; VC_A0455,,DJ-1/PfpI family protein,-0.431159288402704,0.0468272587549238
VC_RS15570,,,DUF645 family protein,-1.69299076109386,0.0036664726337963
VC_RS15575,VCA0457; VC_A0457,,hypothetical protein,-1.09208997343504,0.0015558045502508
VC_RS15580,VCA0458; VC_A0458,,DUF2806 domain-containing protein,-1.74013103675058,0.0001526373929517
VC_RS15585,VCA0459; VC_A0459,,hypothetical protein,-1.76534017555625,0.0017779157600255
VC_RS15590,,,hypothetical protein,-0.940751725241369,0.0042152912823004
VC_RS15595,,,DUF3709 domain-containing protein,-0.974978183871219,0.0032564235836154
VC_RS15600,,,hypothetical protein,-0.171712022775815,0.49918589300911
VC_RS15610,VCA0463; VC_A0463,,VOC family protein,-0.425184773447826,0.186550921027418
VC_RS15615,VC_A0464,,hypothetical protein,-0.39193504570658,0.229353677586159
VC_RS15620,VCA0465; VC_A0465,,hypothetical protein,-0.471959941872525,0.105913160108212
VC_RS15625,,,DUF1289 domain-containing protein,-0.625037351359041,0.0600694472269876
VC_RS15640,,,DUF1289 domain-containing protein,-0.332481889697491,0.267741331266692
VC_RS15650,VCA0468; VC_A0468,,type II toxin-antitoxin system RelE family toxin,0.140144261176315,0.674954949558697
VC_RS15655,VCA0469; VC_A0469,,helix-turn-helix domain-containing protein,0.387280601426136,0.306588030962978
VC_RS15660,VCA0470; VC_A0470,,GNAT family N-acetyltransferase,0.16399200638691,0.548467341945185
VC_RS15665,VCA0471; VC_A0471,,hypothetical protein,-0.0358991459191166,0.842763070483038
VC_RS15670,VCA0472; VC_A0472,,IS5-like element ISVch5 family transposase,0.169515427711197,0.519249818983644
VC_RS15675,VCA0473; VC_A0473,,CatB-related O-acetyltransferase,-1.14546108925455,0.0017520155780767
VC_RS15685,VCA0475; VC_A0475,,type II toxin-antitoxin system death-on-curing family toxin,-0.366280663793587,0.202155549936848
VC_RS15695,VCA0476; VC_A0476,,VOC family protein,-0.638722617899028,0.0109303605444597
VC_RS15700,VCA0477; VC_A0477,,type II toxin-antitoxin system Phd/YefM family antitoxin,-0.580160380644474,0.0425083437900384
VC_RS15705,VCA0478; VC_A0478,,type II toxin-antitoxin system RelE family toxin,-0.307039350108925,0.256649462072889
VC_RS15710,VCA0479; VC_A0479,,GNAT family N-acetyltransferase,-0.115001482971505,0.683826105184482
VC_RS15715,VCA0480; VC_A0480,,DUF645 family protein,-2.94011451737751,5.24990282386569e-06
VC_RS15720,VCA0481; VC_A0481,,GNAT family N-acetyltransferase,-0.101383612286846,0.751243927772976
VC_RS15725,VCA0482; VC_A0482,,DUF1778 domain-containing protein,-0.0069581366324295,0.981258998964332
VC_RS15730,VCA0483; VC_A0483,,hypothetical protein,-0.258434406075493,0.412240924829563
VC_RS15735,VCA0484; VC_A0484,,TRADD-N-associated membrane domain-containing protein,-0.0640928208400685,0.809021937091101
VC_RS15740,VCA0485; VC_A0485,,MazG nucleotide pyrophosphohydrolase domain-containing protein,0.212832243741853,0.428484456706641
VC_RS15750,VCA0487; VC_A0487,,GNAT family N-acetyltransferase,1.52143835660513,2.4847493310063e-06
VC_RS15760,VCA0488; VC_A0488,,type II toxin-antitoxin system Phd/YefM family antitoxin,1.12321063020197,0.0001168834727716
VC_RS15765,VCA0489; VC_A0489,,type II toxin-antitoxin system RelE/ParE family toxin,0.54246896698691,0.0325487656864643
VC_RS15770,VCA0490; VC_A0490,,alpha/beta hydrolase,-0.716990428480829,0.0017435421549906
VC_RS15775,VCA0491; VC_A0491,,hypothetical protein,-0.60279046233175,0.161464248380294
VC_RS15780,VCA0492; VC_A0492,,GNAT family N-acetyltransferase,-1.07566091760955,0.0003768719651537
VC_RS15785,VCA0493; VC_A0493,tnpA,IS200/IS605-like element IS1004 family transposase,-2.13828136043517,4.7058136910127e-05
VC_RS15790,VCA0494; VC_A0494,,GNAT family N-acetyltransferase,-1.65191490589034,0.0033764885045774
VC_RS15795,VCA0495; VC_A0495,,DUF3800 domain-containing protein,-0.550263597967313,0.0201277931847165
VC_RS15800,VCA0496; VC_A0496,,glutathione S-transferase family protein,-1.5025905073218,0.0002535582827918
VC_RS15810,VCA0497; VC_A0497,,type II toxin-antitoxin system toxin DhiT,-0.279816534600291,0.252089326737603
VC_RS15815,VCA0498; VC_A0498,,type II toxin-antitoxin system antitoxin DhiA,0.413619888204713,0.0875556477816893
VC_RS15820,,,DUF645 family protein,-1.38873475963227,0.0004249125834617
VC_RS15825,VCA0501; VC_A0501,,hypothetical protein,-0.400640592359143,0.126991018534574
VC_RS15830,VCA0503; VC_A0503,,"type II toxin-antitoxin system mRNA interferase toxin, RelE/StbE family",0.198833993111852,0.485392584572996
VC_RS15835,VCA0504; VC_A0504,,type II toxin-antitoxin system RelB/DinJ family antitoxin,0.253533201061375,0.500737409441629
VC_RS15840,VCA0505; VC_A0505,,GNAT family N-acetyltransferase,0.0548143419111891,0.822481986096009
VC_RS15845,VCA0506; VC_A0506,,VOC family protein,0.689001712205032,0.020727658624182
VC_RS15855,VCA0508; VC_A0508,,IS3-like element ISVch4 family transposase,-0.577277164575421,0.0886154938432012
VC_RS15860,VCA0510; VC_A0510,,alkaline phosphatase family protein,0.0088919087615826,0.959895886804965
VC_RS15865,VCA0511; VC_A0511,nrdD,anaerobic ribonucleoside-triphosphate reductase,1.30107246779685,0.0164226169485472
VC_RS15870,VCA0512; VC_A0512,nrdG,anaerobic ribonucleoside-triphosphate reductase-activating protein,0.946147805968392,0.0431112365806538
VC_RS15875,VCA0513; VC_A0513,,aromatic amino acid transaminase,0.217527940881241,0.296081584404935
VC_RS15880,VCA0514; VC_A0514,,ATP-dependent zinc protease family protein,1.06925472088381,8.869909077993e-05
VC_RS15885,VCA0516; VC_A0516,fruA,PTS fructose transporter subunit IIBC,-1.18684674641527,0.0599059698001878
VC_RS15890,VCA0517; VC_A0517,pfkB,1-phosphofructokinase,-1.3359527645947,0.0384319900740763
VC_RS15895,VCA0518; VC_A0518,fruB,fused PTS fructose transporter subunit IIA/HPr protein,-0.704106922216099,0.187508181223227
VC_RS15900,VCA0519; VC_A0519,cra,catabolite repressor/activator,-1.19718628380821,0.0057995584974349
VC_RS15905,VCA0520; VC_A0520,,exonuclease SbcCD subunit D,-1.15380016511654,5.65386223024478e-05
VC_RS15910,VCA0521; VC_A0521,,AAA family ATPase,-0.51521925286678,0.0047909459235322
VC_RS15915,VCA0522; VC_A0522,cqsS,quorum-sensing CAI-1 autoinducer sensor kinase/phosphatase CqsS,0.0847081802301711,0.648224780900481
VC_RS15920,VCA0523; VC_A0523,cqsA,alpha-hydroxyketone-type quorum-sensing autoinducer synthase,0.023922124049372,0.946228498239107
VC_RS15925,VCA0524; VC_A0524,,TDT family transporter,-0.75853268426372,0.0007025613465703
VC_RS15930,VCA0526; VC_A0526,clcA,H(+)/Cl(-) exchange transporter ClcA,1.0316160850065,0.0001396617500964
VC_RS15935,VCA0527; VC_A0527,,CobW family GTP-binding protein,0.696634332120994,0.0021034452140634
VC_RS15940,VCA0528; VC_A0528,ylqF,ribosome biogenesis GTPase YlqF,0.251548142491015,0.274917542602812
VC_RS15945,VCA0529; VC_A0529,,potassium transporter Kup,1.18487564051701,0.0010888235163675
VC_RS15950,VCA0530; VC_A0530,nifJ,pyruvate:ferredoxin (flavodoxin) oxidoreductase,-0.355315850265822,0.31230558105198
VC_RS15955,VCA0531; VC_A0531,,ATP-binding protein,0.50599828687919,0.018047254528101
VC_RS15960,VCA0532; VC_A0532,,response regulator,1.06476312987404,0.0002806515043673
VC_RS15965,VCA0533; VC_A0533,tatA,twin-arginine translocase TatA/TatE family subunit,1.12897879498147,0.0001396617500964
VC_RS15970,VCA0534; VC_A0534,,DedA family protein,-1.58251714929752,1.12991593893371e-05
VC_RS15975,VCA0535; VC_A0535,,hypothetical protein,-1.27051633163454,1.53701506151548e-05
VC_RS15980,VCA0536; VC_A0536,,EAL domain-containing protein,-1.2539685295054,0.0002431063484162
VC_RS15985,VCA0537; VC_A0537,,hypothetical protein,-0.14405253899151,0.503410289400389
VC_RS15990,VCA0538; VC_A0538,,cytochrome b,-0.0004650966136421,0.998445936248441
VC_RS15995,VCA0539; VC_A0539,,YceI family protein,2.36276964999379,7.95772099236358e-07
VC_RS16000,VCA0540; VC_A0540,focA,formate transporter FocA,-1.75697392569233,0.144475876920966
VC_RS16005,VCA0542; VC_A0542,,LysR substrate-binding domain-containing protein,0.979231859098976,0.0148871918254869
VC_RS16010,VCA0543; VC_A0543,,DUF1097 domain-containing protein,0.0501297975309539,0.857526022344833
VC_RS16015,VCA0544; VC_A0544,,ATP-dependent endonuclease,-0.282123024655652,0.141736408207262
VC_RS16020,VCA0545; VC_A0545,,bifunctional metallophosphatase/5'-nucleotidase,1.08424469614163,4.205642093103e-05
VC_RS16025,VCA0546; VC_A0546,,TerC/Alx family metal homeostasis membrane protein,-1.13422071448762,0.012560948405787
VC_RS16030,VCA0547; VC_A0547,,hypothetical protein,0.0491330365699075,0.946435736791256
VC_RS16035,VCA0549; VC_A0549,,PhnA domain-containing protein,0.213901585692581,0.427308636891709
VC_RS16040,VCA0550; VC_A0550,,site-2 protease family protein,-0.236237732472697,0.125957156551274
VC_RS16045,VCA0551; VC_A0551,,hypothetical protein,2.07638352725947,2.17313720622259e-07
VC_RS16050,VCA0552; VC_A0552,,fatty acid cis/trans isomerase,0.553490981580399,0.0032093337291812
VC_RS16055,VCA0554; VC_A0554,,L-lactate MFS transporter,-1.18883459975693,5.66633691785811e-05
VC_RS16060,VCA0556; VC_A0556,,DUF3332 domain-containing protein,1.07009689255948,0.000506634209227
VC_RS16065,VCA0557; VC_A0557,,transporter substrate-binding domain-containing diguanylate cyclase,-0.246421950712788,0.203316196108855
VC_RS16075,VCA0558; VC_A0558,,gamma-glutamyltransferase family protein,-3.3884107979697,2.32718113045283e-05
VC_RS16080,VCA0559; VC_A0559,,Solitary outer membrane autotransporter beta-barrel domain,-0.498081582610606,0.0164242688963069
VC_RS16085,VCA0560; VC_A0560,,GGDEF domain-containing protein,0.231533296821404,0.228710747015342
VC_RS16090,VCA0561; VC_A0561,,late competence development ComFB family protein,1.14165733736114,7.31732472451385e-05
VC_RS16095,VCA0562; VC_A0562,,HlyU family transcriptional regulator,0.0720659351935086,0.770699634535493
VC_RS16100,VCA0563; VC_A0563,,Re/Si-specific NAD(P)(+) transhydrogenase subunit alpha,0.0465692660277332,0.871345124339739
VC_RS16105,VCA0564; VC_A0564,pntB,Re/Si-specific NAD(P)(+) transhydrogenase subunit beta,0.588738342611161,0.0320784635957848
VC_RS16110,VCA0565; VC_A0565,vxrA,sensor histidine kinase VxrA,0.6190251291744,0.0015171177654647
VC_RS16115,VCA0566; VC_A0566,vxrB,response regulator transcription factor VxrB,1.49367159451624,0.0001742917346991
VC_RS16120,VCA0567; VC_A0567,,DUF2861 family protein,1.43561661252003,7.3596293775732e-06
VC_RS16125,VCA0568; VC_A0568,,conjugal transfer protein TraF,0.190940981690689,0.457496573050448
VC_RS16130,VCA0569; VC_A0569,,YoaH family protein,-0.834731105779191,0.310203379626517
VC_RS16135,VCA0570; VC_A0570,yciH,stress response translation initiation inhibitor YciH,1.10483547624799,0.000112496178619
VC_RS16140,VCA0571; VC_A0571,,DUF3319 domain-containing protein,0.608973302180135,0.0006474462696946
VC_RS16145,VCA0572; VC_A0572,,D-alanine--D-alanine ligase,-0.143050999117627,0.519734972593351
VC_RS16150,VCA0573; VC_A0573,,SPOR domain-containing protein,0.278391294965133,0.120051540841288
VC_RS16155,VCA0574; VC_A0574,,bifunctional acetate--CoA ligase family protein/GNAT family N-acetyltransferase,0.480272893468484,0.0676831114365375
VC_RS16160,VCA0575; VC_A0575,,LysR substrate-binding domain-containing protein,-0.0330538783471963,0.860114319096534
VC_RS16165,VCA0576; VC_A0576,,TonB-dependent hemoglobin/transferrin/lactoferrin family receptor,-0.910830087275574,0.011219409306663
VC_RS16170,VCA0578; VC_A0578,,SgrR family transcriptional regulator,0.328568724417724,0.0372594953251235
VC_RS16175,VCA0579; VC_A0579,,DUF3389 family protein,0.549037563125565,0.0297912097962308
VC_RS16180,VCA0580; VC_A0580,,hotdog fold thioesterase,0.389634380644489,0.0653859058765629
VC_RS16185,VCA0581; VC_A0581,,M48 family metallopeptidase,0.914596034859407,5.90008907830833e-05
VC_RS16190,VCA0582; VC_A0582,,RNA-binding S4 domain-containing protein,0.868974564301859,0.0045972135047424
VC_RS16195,VCA0583; VC_A0583,,substrate-binding periplasmic protein,0.54590563140365,0.16249320334488
VC_RS16200,VCA0584; VC_A0584,,glutathione S-transferase family protein,0.507756602146548,0.0232568501129939
VC_RS16205,VCA0585; VC_A0585,,glutathione S-transferase,0.3531375381898,0.251848161494958
VC_RS16210,VCA0586; VC_A0586,,TetR/AcrR family transcriptional regulator,-1.44538338720616,9.80948374353272e-05
VC_RS16215,VCA0587; VC_A0587,,PPC domain-containing DNA-binding protein,-1.73617167358103,0.0024548515704101
VC_RS16220,VCA0588; VC_A0588,,ABC transporter ATP-binding protein,1.3525161323628,7.47587491363936e-06
VC_RS16225,VCA0589; VC_A0589,,ABC transporter permease,1.55330767099761,4.11523213304917e-06
VC_RS16230,VCA0590; VC_A0590,,microcin C ABC transporter permease YejB,1.24705123896438,2.13351000067752e-06
VC_RS16235,VCA0591; VC_A0591,,extracellular solute-binding protein,0.653698027977202,0.0009916797784077
VC_RS16240,VCA0592; VC_A0592,,NUDIX hydrolase,0.60650812884412,0.0732188002306917
VC_RS16245,VCA0593; VC_A0593,,exopolyphosphatase,0.418232934938032,0.0994903136406266
VC_RS16250,VCA0594; VC_A0594,,putative hemolysin,2.55900919500899,4.53910857603762e-07
VC_RS16255,VCA0595; VC_A0595,,YdcF family protein,0.0870496071353854,0.672910611752828
VC_RS16260,VCA0596; VC_A0596,,peptide MFS transporter,-1.25072608764608,0.0004957310226795
VC_RS16265,VCA0599; VC_A0599,,DMT family transporter,-0.168030510633633,0.28916159544174
VC_RS16270,VCA0600; VC_A0600,phnR,phosphonate utilization transcriptional regulator PhnR,-0.244717757275853,0.145730790335743
VC_RS16275,VCA0601; VC_A0601,,putative 2-aminoethylphosphonate ABC transporter permease subunit,0.0877961707853142,0.71502482583605
VC_RS16280,VCA0602; VC_A0602,,putative 2-aminoethylphosphonate ABC transporter ATP-binding protein,-0.432999927590583,0.399405668276597
VC_RS16285,VCA0603; VC_A0603,,putative 2-aminoethylphosphonate ABC transporter substrate-binding protein,0.319211124815853,0.352778989002244
VC_RS16290,VCA0604; VC_A0604,phnW,2-aminoethylphosphonate--pyruvate transaminase,-0.454006950104784,0.322860965683495
VC_RS16295,VCA0605; VC_A0605,,aspartate aminotransferase family protein,1.06382518062584,0.0123055953521065
VC_RS16300,VCA0606; VC_A0606,phnX,phosphonoacetaldehyde hydrolase,0.423357644795135,0.185434739041171
VC_RS16305,VCA0607; VC_A0607,rnk,nucleoside diphosphate kinase regulator,0.730228316098423,0.0073207358302577
VC_RS16310,VCA0608; VC_A0608,yjjG,pyrimidine 5'-nucleotidase,-0.420312212835491,0.0233515889356985
VC_RS16315,VCA0610; VC_A0610,elbB,isoprenoid biosynthesis glyoxalase ElbB,0.750534754283213,0.141255850630784
VC_RS16320,VCA0612; VC_A0612,mscL,large-conductance mechanosensitive channel protein MscL,-0.0126768560832811,0.969277227306995
VC_RS16325,VCA0614; VC_A0614,,formate--tetrahydrofolate ligase,-1.20522222942441,9.40415236608436e-05
VC_RS16330,VCA0615; VC_A0615,msrB,peptide-methionine (R)-S-oxide reductase MsrB,-0.239662727563555,0.816076593866882
VC_RS16335,VCA0616; VC_A0616,folE,GTP cyclohydrolase I FolE,-0.388163438405696,0.0664690412442991
VC_RS16340,VCA0617; VC_A0617,moeA,molybdopterin molybdotransferase MoeA,-0.204638250743658,0.147491881422745
VC_RS16345,VCA0618; VC_A0618,moeB,molybdopterin-synthase adenylyltransferase MoeB,-0.213817708828469,0.167472609410306
VC_RS16350,VCA0619; VC_A0619,,VOC family protein,-0.185432015515575,0.569015939677035
VC_RS16355,VCA0620; VC_A0620,sseA,3-mercaptopyruvate sulfurtransferase,0.0610327838544891,0.810002661753728
VC_RS16360,VCA0621; VC_A0621,,sugar-binding transcriptional regulator,0.76238378617298,0.0068461732435384
VC_RS16365,VCA0623; VC_A0623,tal,transaldolase,0.0491773248085031,0.818544493302173
VC_RS16370,VCA0624; VC_A0624,tkt,transketolase,0.279797688043506,0.127501879318305
VC_RS16375,VCA0625; VC_A0625,,TonB-dependent receptor domain-containing protein,-3.11588234959409,4.64309478352605e-06
VC_RS16380,VCA0627; VC_A0627,,RNA methyltransferase,-0.915817893820455,0.0002218578141066
VC_RS16385,VCA0628; VC_A0628,,SEC-C metal-binding domain-containing protein,-0.378694457787664,0.391374159793265
VC_RS16390,VCA0629; VC_A0629,,AbrB family transcriptional regulator,-0.984847233179749,0.0032740894964103
VC_RS16395,VCA0630; VC_A0630,,D-2-hydroxyacid dehydrogenase family protein,-1.02217965639858,0.0025342506435741
VC_RS16400,VCA0631; VC_A0631,,GNAT family N-acetyltransferase,-1.03217327994656,0.0016727760320265
VC_RS16405,VCA0632; VC_A0632,,NUDIX hydrolase,-1.08533837857319,0.0012946455535749
VC_RS16410,VCA0633; VC_A0633,,GlpM family protein,-0.957775518204173,0.0001571639021487
VC_RS16415,VCA0634; VC_A0634,,tRNA (adenine(22)-N(1))-methyltransferase,0.585079749995296,0.032743960588726
VC_RS16420,VCA0635; VC_A0635,,LysR family transcriptional regulator,0.170072818113042,0.55598158844287
VC_RS16425,VCA0636; VC_A0636,,putative quinol monooxygenase,-0.435397597504716,0.176292583988007
VC_RS16430,VCA0637; VC_A0637,,oxygen-insensitive NAD(P)H-dependent nitroreductase NfsB,-0.397531027392655,0.12669849378641
VC_RS16435,VCA0638; VC_A0638,,efflux RND transporter permease subunit,0.655833597629301,0.0039411458040128
VC_RS16440,VCA0639; VC_A0639,,efflux RND transporter periplasmic adaptor subunit,0.197819665356297,0.560178158857404
VC_RS16445,VCA0640; VC_A0640,,YeeE/YedE family protein,0.0047908238522988,0.987066345609458
VC_RS16450,VCA0641; VC_A0641,,YeeE/YedE family protein,0.141243035777977,0.778645515948071
VC_RS16455,VCA0642; VC_A0642,,ArsR/SmtB family transcription factor,0.0167883972465019,0.984737015463362
VC_RS16460,VCA0643; VC_A0643,,YgaP family membrane protein,-0.0279539375840923,0.952853780844238
VC_RS16465,VCA0644; VC_A0644,,FAD-dependent oxidoreductase,0.485283406417674,0.0348187263347846
VC_RS16470,VCA0645; VC_A0645,,VOC family protein,1.85495615589619,3.31279041841763e-05
VC_RS16475,VCA0646; VC_A0646,,lysophospholipid acyltransferase family protein,0.962958047017293,0.15799696563839
VC_RS16480,VCA0647; VC_A0647,,YHS domain-containing (seleno)protein,1.12779230185851,0.274890540849832
VC_RS16485,VCA0648; VC_A0648,,NRDE family protein,-0.0781225123969277,0.94848705891083
VC_RS16490,VCA0649; VC_A0649,,hypothetical protein,-0.0428303793932982,0.971583914416925
VC_RS16495,VCA0650; VC_A0650,,hypothetical protein,0.526654914198379,0.603365335249183
VC_RS16500,VCA0651; VC_A0651,,DedA family protein,0.129682918722667,0.927405001986189
VC_RS16505,VCA0652; VC_A0652,,DUF3069 domain-containing protein,-0.0087695755772597,0.976289050539419
VC_RS16510,VCA0653; VC_A0653,,sucrose-specific PTS transporter subunit IIBC,1.20593212423279,0.0002186928212821
VC_RS16515,VCA0654; VC_A0654,,LacI family DNA-binding transcriptional regulator,0.625964097240813,0.0027416558325479
VC_RS16520,VCA0655; VC_A0655,,glycoside hydrolase family 32 protein,0.286994076992995,0.115071206770743
VC_RS16525,VCA0656; VC_A0656,,aminoimidazole riboside kinase,1.42592936430692,0.0003042585709446
VC_RS16530,VCA0657; VC_A0657,glpD,glycerol-3-phosphate dehydrogenase,0.906304605964994,0.0057786824270416
VC_RS16535,VCA0658; VC_A0658,,methyl-accepting chemotaxis protein,0.894454705627051,0.0088724399624924
VC_RS16540,VCA0659; VC_A0659,,OmpA family protein,-0.0403817088782903,0.862329719744267
VC_RS16545,VCA0661; VC_A0661,,FKBP-type peptidyl-prolyl cis-trans isomerase,-0.258498265545901,0.262778818527191
VC_RS16550,VCA0662; VC_A0662,,beta-phosphoglucomutase family hydrolase,0.68228128406539,0.0007363837748544
VC_RS16555,VCA0663; VC_A0663,,methyl-accepting chemotaxis protein,-0.472875966556657,0.0298008043904936
VC_RS16560,VCA0665; VC_A0665,dcuC,anaerobic C4-dicarboxylate transporter DcuC,-1.5106719347726,0.0101165531065343
VC_RS16565,VCA0666; VC_A0666,,L-serine ammonia-lyase,1.54063632859558,1.06535553418456e-06
VC_RS16570,VCA0667; VC_A0667,,sodium:solute symporter,1.32010768144333,1.60337204127533e-05
VC_RS16575,VCA0669; VC_A0669,,MFS transporter,1.3433621359983,0.002759288869303
VC_RS16580,VCA0671; VC_A0671,,nuclear transport factor 2 family protein,0.917500116821868,0.0138519417769712
VC_RS16585,VCA0673; VC_A0673,,LacI family DNA-binding transcriptional regulator,-0.29054350698206,0.0731017820780065
VC_RS16590,VCA0674; VC_A0674,,response regulator,-0.220962436775114,0.655246016024684
VC_RS16595,VCA0675; VC_A0675,narQ,nitrate/nitrite two-component system sensor histidine kinase NarQ,-0.682460056990103,0.0380432507742702
VC_RS16600,VCA0676; VC_A0676,napF,ferredoxin-type protein NapF,-1.6899385200476,0.0042451333762619
VC_RS16605,VCA0677; VC_A0677,,chaperone NapD,-1.94337669345481,0.0014710004074536
VC_RS16610,VCA0678; VC_A0678,napA,periplasmic nitrate reductase subunit alpha,-1.48666257811919,0.0097532492773808
VC_RS16615,VCA0679; VC_A0679,,nitrate reductase cytochrome c-type subunit,-1.77243168988004,0.0064717655835436
VC_RS16620,VCA0680; VC_A0680,,NapC/NirT family cytochrome c,-1.20795158302658,0.0467994848431178
VC_RS16625,,,TIGR02808 family protein,-1.21718639093945,0.0394413307742138
VC_RS16630,VCA0681; VC_A0681,,HD-GYP domain-containing protein,0.708865744534611,0.0047227980962566
VC_RS16635,VCA0682; VC_A0682,,response regulator transcription factor,1.6848340369732,3.78889386110388e-05
VC_RS16640,VCA0683; VC_A0683,uhpB,signal transduction histidine-protein kinase/phosphatase UhpB,1.06666874287583,0.0026986554581903
VC_RS16645,VCA0684; VC_A0684,,MFS transporter,1.08827792239329,0.0109303605444597
VC_RS16650,VCA0685; VC_A0685,,ABC transporter substrate-binding protein,0.702996936965776,0.0248605577802278
VC_RS16655,VCA0686; VC_A0686,,ABC transporter permease,0.306838319983841,0.310673381741743
VC_RS16660,VCA0687; VC_A0687,fbpC,ferric ABC transporter ATP-binding protein,0.403233219848295,0.210455915811833
VC_RS16665,VCA0688; VC_A0688,,class I poly(R)-hydroxyalkanoic acid synthase,0.509702973698803,0.0335515383433701
VC_RS16670,VCA0689; VC_A0689,,phasin family protein,1.06527660799319,0.0065923357278547
VC_RS16675,VCA0690; VC_A0690,,acetyl-CoA C-acetyltransferase,0.656955500236226,0.0307468176263361
VC_RS16680,VCA0691; VC_A0691,,SDR family oxidoreductase,1.18804848395373,0.0044325513469169
VC_RS16685,VCA0692; VC_A0692,secF,protein translocase subunit SecF,-0.222398306693223,0.190500789752584
VC_RS16690,VCA0693; VC_A0693,secD,protein translocase subunit SecD,-0.828535917286339,8.72313132594352e-05
VC_RS16695,VCA0694; VC_A0694,,hypothetical protein,-0.0883394308327182,0.651786293114911
VC_RS16700,VCA0695; VC_A0695,,SH3 domain-containing protein,1.7352476244198,5.01784311329354e-06
VC_RS16705,VCA0697; VC_A0697,,sensor domain-containing diguanylate cyclase,-1.05737291217774,0.0005574536318819
VC_RS16710,VCA0699; VC_A0699,glgC,glucose-1-phosphate adenylyltransferase,-1.15441404087746,0.0004581640496924
VC_RS16715,VCA0700; VC_A0700,,chitinase C-terminal domain-containing protein,2.50895674218223,1.17233541966552e-05
VC_RS16720,VCA0702; VC_A0702,,iron-containing alcohol dehydrogenase,1.71482128580502,0.0001739834008917
VC_RS16725,VCA0703; VC_A0703,,lysoplasmalogenase,-0.216394020959637,0.433888112578661
VC_RS16730,VCA0704; VC_A0704,,sigma-54-dependent transcriptional regulator,0.264358026885628,0.255294437053891
VC_RS16735,VCA0705; VC_A0705,,ATP-binding protein,0.349618896492612,0.05757465574824
VC_RS16740,VCA0706; VC_A0706,,ABC transporter substrate-binding protein,0.44756219512493,0.0515407860424068
VC_RS16745,VCA0707; VC_A0707,,MFS transporter,0.651191781719633,0.136157596937053
VC_RS16750,VCA0708; VC_A0708,pyk,pyruvate kinase,0.832421727221555,0.0130443755935684
VC_RS16755,VCA0709; VC_A0709,torS,TMAO reductase system sensor histidine kinase/response regulator TorS,-0.0741243496903475,0.641832703181332
VC_RS16760,VCA0710; VC_A0710,torT,TMAO reductase system periplasmic protein TorT,-0.46158360833388,0.0334560476434114
VC_RS16765,VCA0711; VC_A0711,,methylglyoxal synthase,-0.0945970278507652,0.714253030411692
VC_RS16770,VCA0712; VC_A0712,pncA,bifunctional nicotinamidase/pyrazinamidase,0.160997766879024,0.451049829153355
VC_RS16775,VCA0714; VC_A0714,,diacylglycerol kinase,-1.00936788978976,0.0065677244350141
VC_RS16780,VCA0715; VC_A0715,,PepSY domain-containing protein,-1.87381125163387,0.0755351051940987
VC_RS16785,VCA0716; VC_A0716,,cytochrome b/b6 domain-containing protein,0.476725380010864,0.195094061921723
VC_RS16790,VCA0717; VC_A0717,helD,DNA helicase IV,-0.0983799127829443,0.537926834854647
VC_RS16795,VCA0718; VC_A0718,yccS,YccS family putative transporter,-0.50831593516699,0.0921008149609372
VC_RS16800,VCA0719; VC_A0719,,sensor histidine kinase,0.716838649318654,0.0347502032094184
VC_RS16805,VCA0720; VC_A0720,,heme NO-binding domain-containing protein,0.515106959686493,0.219182128618588
VC_RS16810,VCA0722; VC_A0722,,hypothetical protein,2.63423133767325,4.51483031124271e-08
VC_RS16815,VCA0723; VC_A0723,,hydroxymethylglutaryl-CoA reductase,0.867622929298883,0.0003893130856239
VC_RS16820,VCA0724; VC_A0724,modC,molybdenum ABC transporter ATP-binding protein ModC,0.50237862125881,0.0253406598231102
VC_RS16825,VCA0725; VC_A0725,modB,molybdate ABC transporter permease subunit,-0.0950786334173779,0.784697851565139
VC_RS16830,VCA0726; VC_A0726,modA,molybdate ABC transporter substrate-binding protein,0.168764364603097,0.494974889759319
VC_RS16835,VCA0727; VC_A0727,,cobyric acid synthase,-0.24485370546745,0.0895966029141214
VC_RS16840,VCA0728; VC_A0728,,AAA family ATPase,0.424323601929193,0.0182555926797324
VC_RS16845,VCA0729; VC_A0729,,hypothetical protein,0.0554769838054993,0.814440223137977
VC_RS16850,VCA0730; VC_A0730,,SIR2 family NAD-dependent protein deacylase,0.746803491639319,0.006666828826111
VC_RS16855,VCA0731; VC_A0731,,hypothetical protein,0.380722036871319,0.361252353878296
VC_RS16860,VCA0732; VC_A0732,,YgiW/YdeI family stress tolerance OB fold protein,1.32339842982537,1.5218538659882e-05
VC_RS16865,VCA0734; VC_A0734,,hypothetical protein,-0.364708563881658,0.151394832529647
VC_RS16870,VCA0735; VC_A0735,,PilZ domain-containing protein,0.965693126601073,5.01361659035319e-05
VC_RS16875,VCA0736; VC_A0736,luxQ,quorum-sensing autoinducer 2 sensor kinase/phosphatase LuxQ,0.0585092051243566,0.723101855766279
VC_RS16880,VCA0737; VC_A0737,,autoinducer 2-binding periplasmic protein LuxP,-0.797741369429512,0.0002211831047595
VC_RS16885,VCA0738; VC_A0738,traF,conjugal transfer protein TraF,-0.0270843686826282,0.888622700639577
VC_RS16890,VCA0739; VC_A0739,,GIY-YIG nuclease family protein,0.293936770407945,0.273487439813506
VC_RS16895,VCA0740; VC_A0740,,YceH family protein,-0.404005956730569,0.0135130864551165
VC_RS16900,,,hypothetical protein,-1.06933370085173,0.000894666329535
VC_RS16905,VCA0741; VC_A0741,,DUF496 family protein,-0.949308633355257,0.0038090322764261
VC_RS16910,VCA0743; VC_A0743,,YgjV family protein,-0.804123423508256,0.0223908790307158
VC_RS16915,VCA0744; VC_A0744,glpK,glycerol kinase GlpK,1.49041678417969,1.80651406923891e-05
VC_RS16920,VCA0745; VC_A0745,,MIP/aquaporin family protein,0.422680261883265,0.304951908648311
VC_RS16925,VCA0747; VC_A0747,glpA,anaerobic glycerol-3-phosphate dehydrogenase subunit A,0.706836062962589,0.0422381392371432
VC_RS16930,VCA0748; VC_A0748,glpB,glycerol-3-phosphate dehydrogenase subunit GlpB,0.676383216505076,0.0046640321091457
VC_RS16935,VCA0749; VC_A0749,glpC,anaerobic glycerol-3-phosphate dehydrogenase subunit GlpC,0.806137116895572,0.0143543846669627
VC_RS16940,VCA0751; VC_A0751,,ketoacyl-ACP synthase III,-0.722487353012778,0.0004899959195563
VC_RS16945,VCA0752; VC_A0752,trxC,thioredoxin TrxC,4.66798938918691,8.68996955778626e-08
VC_RS16950,VCA0753; VC_A0753,,MFS transporter,-0.0475649251791161,0.881185272408905
VC_RS16955,VCA0754; VC_A0754,,lipase family protein,0.242253238117594,0.639161713443949
VC_RS16970,VCA0754a,,lactoylglutathione lyase family protein,0.839699487560896,0.0339895768446791
VC_RS16975,VCA0756; VC_A0756,,LysR family transcriptional regulator,1.02142909171488,0.0028539738794837
VC_RS16980,VCA0757; VC_A0757,artM,arginine ABC transporter permease ArtM,-0.650925515598853,0.0151489784112566
VC_RS16985,VCA0758; VC_A0758,artQ,arginine ABC transporter permease ArtQ,-0.508722442178989,0.0636320088049186
VC_RS16990,VCA0759; VC_A0759,,arginine ABC transporter substrate-binding protein,-0.07563005430767,0.7923932293703
VC_RS16995,VCA0760; VC_A0760,artP,arginine ABC transporter ATP-binding protein ArtP,-0.102979387672896,0.627034814753125
VC_RS17005,VCA0762; VC_A0762,viaA,ATPase RavA stimulator ViaA,1.80256305926712,6.38837569693521e-06
VC_RS17010,VCA0763; VC_A0763,,ATPase RavA domain-containing protein,1.67305457150624,1.64080633142828e-06
VC_RS17015,VCA0764; VC_A0764,,NUDIX hydrolase,-1.10236968282424,0.0001083995047917
VC_RS17020,VCA0765; VC_A0765,ltaE,low-specificity L-threonine aldolase,-0.433342117971618,0.0650819109496392
VC_RS17025,VCA0766; VC_A0766,,c-type cytochrome,0.0993647305072761,0.734258512586371
VC_RS17030,VCA0767; VC_A0767,,TetR/AcrR family transcriptional regulator,-0.187359960503142,0.238943730069553
VC_RS17035,VCA0768; VC_A0768,,DEAD/DEAH box helicase,-2.99002492706844,1.81758670201245e-05
VC_RS17040,VCA0769; VC_A0769,,ACP phosphodiesterase,-0.941797674947525,0.0256549439431994
VC_RS17045,VCA0772; VC_A0772,,aromatic amino acid transport family protein,-2.10913086973609,2.38373405469809e-06
VC_RS17050,VCA0773; VC_A0773,,methyl-accepting chemotaxis protein,-0.883145654328596,0.0011814105479828
VC_RS17055,VCA0774; VC_A0774,galE,UDP-glucose 4-epimerase GalE,0.528455945057185,0.0459074680762722
VC_RS17060,VCA0776; VC_A0776,,5-oxoprolinase subunit PxpA,0.356669000111835,0.0653859058765629
VC_RS17065,VCA0777; VC_A0777,,allophanate hydrolase subunit 1,-0.0953092663485327,0.643184747545848
VC_RS17070,VCA0778; VC_A0778,,biotin-dependent carboxyltransferase family protein,-0.375889422824322,0.089120399466565
VC_RS17075,VCA0779; VC_A0779,,FAD-dependent oxidoreductase,-0.0045412284269414,0.982537489748692
VC_RS17080,VCA0780; VC_A0780,,nucleotide sugar dehydrogenase,0.384071769727525,0.119670360701832
VC_RS17085,VCA0781; VC_A0781,,ABC transporter permease,0.463223283545166,0.009498330885493
VC_RS17090,VCA0782; VC_A0782,,ABC transporter ATP-binding protein,0.317200617414616,0.246871613792554
VC_RS17095,VCA0783; VC_A0783,tesA,multifunctional acyl-CoA thioesterase I/protease I/lysophospholipase L1,-0.164592166206114,0.507267790707237
VC_RS17100,VCA0784; VC_A0784,fabV,enoyl-ACP reductase FabV,-0.541804591376419,0.210455915811833
VC_RS17105,VCA0785; VC_A0785,,sensor domain-containing phosphodiesterase,-0.170661006035843,0.251848161494958
VC_RS17110,VCA0786; VC_A0786,,ABC-ATPase domain-containing protein,-1.18405097600115,1.87609469135801e-05
VC_RS17115,VCA0788; VC_A0788,,DNA-J related domain-containing protein,1.05452150717546,5.95378985950294e-05
VC_RS17120,VCA0789; VC_A0789,,DUF2238 domain-containing protein,-1.49515698487477,5.41427002462465e-06
VC_RS17125,VCA0790; VC_A0790,,tyrosine-type recombinase/integrase,-0.769480095173941,0.0129904701770111
VC_RS17130,VCA0791; VC_A0791,,IS3-like element ISVch4 family transposase,0.609930917575691,0.010001359035704
VC_RS17135,VCA0793; VC_A0793,,Rha family transcriptional regulator,-0.10039848877811,0.770699634535493
VC_RS17140,VCA0794; VC_A0794,,hypothetical protein,-0.53344371342792,0.166342903418429
VC_RS17145,VCA0795; VC_A0795,,recombinase family protein,1.22386365290397,0.0013881046095434
VC_RS17150,,,transcription initiation factor TFIIIB,0.0015905308177832,0.992110668609899
VC_RS17155,VCA0798; VC_A0798,,HAD family hydrolase,-1.06824543672069,0.0030585696373397
VC_RS17160,VCA0799; VC_A0799,,hypothetical protein,-0.427490335363353,0.0046570532465346
VC_RS17165,VCA0800; VC_A0800,,CreA family protein,0.0814591959327004,0.823880831051955
VC_RS17170,VCA0801; VC_A0801,,inosine/guanosine kinase,-1.51872279146385,0.0012993454440897
VC_RS17175,VCA0802; VC_A0802,,LTA synthase family protein,-0.987696621561668,0.0002662825456645
VC_RS17180,VCA0803; VC_A0803,vesA,GlyGly-anchored extracellular serine protease VesA,0.311627213463804,0.36755528778836
VC_RS17185,VCA0804; VC_A0804,,DEAD/DEAH box helicase,-4.71068970208115,1.20457263007605e-06
VC_RS17190,VCA0805; VC_A0805,rnb,exoribonuclease II,-0.901582777087552,1.64307441333168e-05
VC_RS17195,VCA0806; VC_A0806,,DUF3024 domain-containing protein,0.124412142736859,0.74854303701958
VC_RS17200,VCA0807; VC_A0807,,phosphate ABC transporter substrate-binding protein PstS family protein,-0.737486038919003,0.0023548554605911
VC_RS17205,VCA0808; VC_A0808,,MaoC family dehydratase,0.318203366687412,0.1547879783604
VC_RS17210,VCA0809; VC_A0809,,cryptochrome/photolyase family protein,1.12356705024358,0.0071869610476908
VC_RS17215,VCA0811; VC_A0811,gbpA,N-acetylglucosamine-binding protein GbpA,3.27731277319053,5.49752410800483e-07
VC_RS17220,VCA0812; VC_A0812,,serine protease,1.25435225551891,0.003831863020371
VC_RS17225,VCA0813; VC_A0813,,M28 family metallopeptidase,0.733035573934173,0.0202102207716334
VC_RS17230,VCA0814; VC_A0814,speB,agmatinase,0.806881609314793,0.0027558765349509
VC_RS17235,VCA0815; VC_A0815,speA,arginine decarboxylase,0.352971189280429,0.087112317305627
VC_RS17240,VCA0817; VC_A0817,,mechanosensitive ion channel domain-containing protein,-0.399622898639682,0.0727239932129699
VC_RS17245,VCA0818; VC_A0818,,magnesium transporter,-0.608580650001145,0.0073627968839527
VC_RS17250,VCA0819; VC_A0819,,co-chaperone GroES,6.72432765686531,4.11045423406807e-06
VC_RS17255,VCA0820; VC_A0820,groL,chaperonin GroEL,7.15229995555607,5.41427002462465e-06
VC_RS17260,VCA0821; VC_A0821,,hypothetical protein,7.71648234749212,1.5218538659882e-05
VC_RS17265,VCA0822; VC_A0822,,aspartate kinase,-0.0356112778105772,0.890189794211284
VC_RS17270,VCA0823; VC_A0823,,ectoine synthase,0.376702002088429,0.381530359446952
VC_RS17275,VCA0824; VC_A0824,ectB,diaminobutyrate--2-oxoglutarate transaminase,-0.771595237942983,0.0148446309242233
VC_RS17280,VCA0825; VC_A0825,ectA,diaminobutyrate acetyltransferase,-1.70972965615826,0.0001523350840115
VC_RS17285,VCA0827; VC_A0827,,4a-hydroxytetrahydrobiopterin dehydratase,0.99533370070701,0.0004909334957523
VC_RS17290,VCA0828; VC_A0828,phhA,phenylalanine 4-monooxygenase,0.827661100703693,0.008399833467905
VC_RS17295,VCA0829; VC_A0829,,acetoacetate--CoA ligase,0.89105894596391,0.0002157204933257
VC_RS17300,VCA0830; VC_A0830,,LysR family transcriptional regulator,-0.743087464539706,0.0009360993207393
VC_RS17310,VCA0832; VC_A0832,,class I SAM-dependent DNA methyltransferase,0.604135415736572,0.0178682255725625
VC_RS17315,VCA0833; VC_A0833,,LysR family transcriptional regulator,0.326755727124491,0.176292583988007
VC_RS17320,VCA0834; VC_A0834,,cation diffusion facilitator family transporter,-0.257626142230144,0.549827535602732
VC_RS17325,VCA0835; VC_A0835,yddG,aromatic amino acid DMT transporter YddG,-0.275850773155034,0.210636441055642
VC_RS17330,VCA0836; VC_A0836,,sugar O-acetyltransferase,0.537341556473462,0.0173718846601595
VC_RS17335,VCA0837; VC_A0837,,hemolysin family protein,-0.841732664375013,0.0002164063158353
VC_RS17340,VCA0838; VC_A0838,,OsmC family protein,-0.455649944564368,0.0176041161040508
VC_RS17345,VCA0840; VC_A0840,,dCMP deaminase family protein,0.76044214478394,0.0030971888583697
VC_RS17350,VCA0843; VC_A0843,,glyceraldehyde-3-phosphate dehydrogenase,0.0425262979387273,0.889357645631893
VC_RS17355,VCA0845; VC_A0845,,hypothetical protein,0.690035712897668,0.0130069598518006
VC_RS17360,VCA0846; VC_A0846,,LysE family translocator,-0.98440678121668,0.0012798561236269
VC_RS17365,VCA0847; VC_A0847,yjeH,L-methionine/branched-chain amino acid transporter,-1.23934053025614,6.78370029391959e-05
VC_RS17370,VCA0848; VC_A0848,,GGDEF domain-containing protein,0.929139733683095,0.007373715141543
VC_RS17375,VCA0849; VC_A0849,craA,retention module-containing protein,0.178607409923107,0.381321177263
VC_RS17380,VCA0850; VC_A0850,,LytR/AlgR family response regulator transcription factor,1.22308794758383,3.46922987211523e-06
VC_RS17385,VCA0851; VC_A0851,,sensor histidine kinase,1.08576840977909,0.0001334489362256
VC_RS17390,VCA0852; VC_A0852,,hypothetical protein,0.0677117706409518,0.870579197615121
VC_RS17395,VCA0853; VC_A0853,,outer membrane lipoprotein-sorting protein,0.517639598157777,0.252943112894294
VC_RS17400,VCA0854; VC_A0854,,ABC transporter permease,0.419981602719783,0.283619635350221
VC_RS17405,VCA0855; VC_A0855,,ABC transporter ATP-binding protein,0.993853859450589,0.0947112128968233
VC_RS17410,VCA0856; VC_A0856,,hypothetical protein,0.489073902201717,0.414151647382047
VC_RS17415,VCA0859; VC_A0859,,aldo/keto reductase,1.28622434025624,2.46597022451361e-05
VC_RS17420,VCA0860; VC_A0860,,alpha-amylase,0.0036528285601742,0.988700668717116
VC_RS17425,VC_A0861,,hypothetical protein,-1.6491021471311,0.223147326785394
VC_RS17430,VCA0862; VC_A0862,,outer membrane protein transport protein,-3.58702247955496,1.33053205684192e-07
VC_RS17435,VCA0863; VC_A0863,,lysophospholipase VolA,-2.92439745954057,1.06073254990223e-07
VC_RS17440,VCA0864; VC_A0864,,methyl-accepting chemotaxis protein,-0.227621335568384,0.399197004418008
VC_RS17445,VCA0865; VC_A0865,hapA,hemagglutinin/proteinase HapA,0.273734763832478,0.140996674178188
VC_RS17455,VCA0867; VC_A0867,ompW,outer membrane protein OmpW,1.13141392458418,0.0152930089067511
VC_RS17460,VCA0868; VC_A0868,,hypothetical protein,1.76828337422056,0.0003404546540017
VC_RS17465,VCA0870; VC_A0870,pbpG,D-alanyl-D-alanine endopeptidase,0.251628158614751,0.242503942797588
VC_RS17470,VCA0871; VC_A0871,,PLP-dependent aminotransferase family protein,0.28856883495721,0.269807251296456
VC_RS17475,VCA0872; VC_A0872,,cytochrome ubiquinol oxidase subunit I,-0.500849168608102,0.12013355002447
VC_RS17480,VCA0873; VC_A0873,cydB,cytochrome d ubiquinol oxidase subunit II,0.184309577093764,0.530362409113829
VC_RS17485,,cydX,cytochrome bd-I oxidase subunit CydX,-0.602156949502371,0.405088920992847
VC_RS17490,VCA0874; VC_A0874,,hypothetical protein,-8.74740441891685,5.27377094367498e-06
VC_RS17495,VCA0875; VC_A0875,,D-serine ammonia-lyase,0.0561151720024994,0.765100117505044
VC_RS17500,VCA0876; VC_A0876,dsdC,DNA-binding transcriptional regulator DsdC,-0.2721253935042,0.448393542289776
VC_RS17505,VCA0877; VC_A0877,,linear amide C-N hydrolase,0.0870397975959362,0.763198843156967
VC_RS17510,VCA0878; VC_A0878,,integrase,0.129037377687064,0.726255954403991
VC_RS17515,VCA0880; VC_A0880,,alpha-pore-forming tripartite toxin MakABE regulator MakD,1.98589597181086,0.001888163865599
VC_RS17520,VCA0881; VC_A0881,,alpha-pore-forming tripartite toxin MakABE regulator MakC,2.61161487844989,0.0002454860591587
VC_RS17525,VCA0882; VC_A0882,,alpha-pore-forming cytotoxin subunit MakB,2.25950981726417,0.0001354673824143
VC_RS17530,VCA0883; VC_A0883,makA,cytotoxin MakA,2.66131866510235,3.83072158741165e-05
VC_RS17535,VCA0884; VC_A0884,,alpha-pore-forming cytotoxin subunit MakE,1.29542328679434,0.0003304728498107
VC_RS17545,VCA0885; VC_A0885,tdh,L-threonine 3-dehydrogenase,1.26015093943261,0.0004604199406603
VC_RS17550,VCA0886; VC_A0886,,glycine C-acetyltransferase,0.353602642329365,0.221810479562545
VC_RS17555,VCA0887; VC_A0887,,protein deglycase HchA,0.462482180238051,0.0210878764959075
VC_RS17560,VCA0888; VC_A0888,,PA1136 family autoinducer-binding transcriptional regulator,0.369568042962533,0.090688170314963
VC_RS17565,VCA0889; VC_A0889,,LysR family transcriptional regulator,0.107198703570685,0.578367267160193
VC_RS17570,VCA0890; VC_A0890,,SMU1112c/YaeR family gloxylase I-like metalloprotein,0.573568816142378,0.0289977089362407
VC_RS17575,VCA0891; VC_A0891,,PepSY-associated TM helix domain-containing protein,-0.927191145078593,0.0012393429119396
VC_RS17580,VCA0892; VC_A0892,,hypothetical protein,0.0728245252131881,0.795062219827804
VC_RS17585,VCA0893; VC_A0893,,cytochrome b562,-0.287810904786344,0.122628349115919
VC_RS17590,VCA0894; VC_A0894,,phosphatase,0.521112486399217,0.0173648341019264
VC_RS17595,VCA0895; VC_A0895,,HD domain-containing phosphohydrolase,1.28580606838998,0.0003682934737415
VC_RS17600,VCA0896; VC_A0896,zwf,glucose-6-phosphate dehydrogenase,-1.04007638646579,0.0001396617500964
VC_RS17605,VCA0897; VC_A0897,pgl,6-phosphogluconolactonase,-1.27200362587726,6.38837569693521e-06
VC_RS17610,VCA0898; VC_A0898,gnd,decarboxylating NADP(+)-dependent phosphogluconate dehydrogenase,-0.491589681887175,0.0107324314022763
VC_RS17615,VCA0900; VC_A0900,,MBL fold metallo-hydrolase,1.0542609789296,0.0001709240039417
VC_RS17620,VCA0901; VC_A0901,,DsbA family protein,1.06762090516322,0.0009628110906843
VC_RS17625,VCA0902; VC_A0902,,DUF6279 family lipoprotein,0.828338420640464,0.0036665243772325
VC_RS17630,VCA0903; VC_A0903,,glycerate kinase,0.765374252404553,0.0041203633107985
VC_RS17635,VCA0904; VC_A0904,,GntP family permease,0.404114351948462,0.1547879783604
VC_RS17640,VCA0905; VC_A0905,,PucR family transcriptional regulator,1.03372763632253,0.0134980933254402
VC_RS17645,VCA0906; VC_A0906,,methyl-accepting chemotaxis protein,0.0295164968406,0.908607039065003
VC_RS17650,VCA0907; VC_A0907,hutZ,heme utilization protein HutZ,-0.302587564260689,0.238958961278093
VC_RS17655,VCA0908; VC_A0908,hutX,heme utilization cystosolic carrier protein HutX,-0.479518580763943,0.0113735782682859
VC_RS17660,VCA0909; VC_A0909,hutW,heme anaerobic degradation radical SAM methyltransferase ChuW/HutW,-0.726270409882614,0.0012993454440897
VC_RS17665,VCA0910; VC_A0910,,energy transducer TonB,-0.575908674585744,0.0215226157491292
VC_RS17670,VCA0911; VC_A0911,,MotA/TolQ/ExbB proton channel family protein,-0.899506313586897,0.0002379263707923
VC_RS17675,VCA0912; VC_A0912,,ExbD/TolR family protein,-0.624548361432027,0.0033271170763699
VC_RS17680,VCA0913; VC_A0913,,heme/hemin ABC transporter substrate-binding protein,-0.944089578735245,0.0002965481286509
VC_RS17685,VCA0914; VC_A0914,,FecCD family ABC transporter permease,-0.642529324688284,0.0077126623512709
VC_RS17690,VCA0915; VC_A0915,,heme ABC transporter ATP-binding protein,-0.90206363045673,0.0012096414193533
VC_RS17695,VCA0917; VC_A0917,,TetR family transcriptional regulator,2.09916062058584,7.95772099236358e-07
VC_RS17700,VCA0919; VC_A0919,,YfcZ/YiiS family protein,0.763816611711384,0.0014458312237567
VC_RS17705,VCA0920; VC_A0920,,hypothetical protein,-0.584985489079605,0.0548179474259327
VC_RS17710,VCA0921; VC_A0921,,1-acyl-sn-glycerol-3-phosphate acyltransferase,0.0741000551104917,0.715056526833325
VC_RS17715,VCA0922; VC_A0922,,hypothetical protein,-1.51914745948657,0.0013849357101059
VC_RS17720,VCA0923; VC_A0923,mlp37,methyl-accepting chemotaxis protein Mlp37,0.726304838025135,0.0158805367169897
VC_RS17725,VCA0924; VC_A0924,,hybrid-cluster NAD(P)-dependent oxidoreductase,-0.171632598996688,0.33384208000269
VC_RS17730,VCA0925; VC_A0925,pyrC,dihydroorotase,-0.212184540239137,0.42307435001001
VC_RS17735,VCA0926; VC_A0926,,helix-turn-helix domain-containing protein,0.536291481724949,0.0109688567166428
VC_RS17740,VCA0927; VC_A0927,,DUF805 domain-containing protein,-1.35020499317877,0.0921008149609372
VC_RS17745,VCA0928; VC_A0928,,hypothetical protein,-1.32272979322781,0.078053935064211
VC_RS17750,VCA0929; VC_A0929,rlmC,23S rRNA (uracil(747)-C(5))-methyltransferase RlmC,-0.470941597035283,0.007412253397753
VC_RS17755,VCA0930; VC_A0930,,DUF808 domain-containing protein,0.0302745613030699,0.882864097934174
VC_RS17760,VCA0931; VC_A0931,,3'3'-cGAMP-specific phosphodiesterase,0.118988649773048,0.520456809314416
VC_RS17765,VCA0933; VC_A0933,,transcription antiterminator/RNA stability regulator CspE,-6.83469176522126,3.83072158741165e-05
VC_RS17770,VCA0935; VC_A0935,,hypothetical protein,-3.54784579732187,2.57567189564403e-05
VC_RS17775,VCA0936; VC_A0936,,M14 family metallopeptidase,-1.69407046909904,0.0001044224401238
VC_RS17780,VCA0937; VC_A0937,,AraC family transcriptional regulator,0.274432188598419,0.127073773005761
VC_RS17785,VCA0938; VC_A0938,,DMT family transporter,-1.81642131694387,1.64080633142828e-06
VC_RS17790,VCA0939; VC_A0939,,GGDEF domain-containing protein,-0.366377423152133,0.137134367033727
VC_RS17795,VCA0940; VC_A0940,,DeoR/GlpR family transcriptional regulator,0.533902288908259,0.0269295109664381
VC_RS17800,VCA0941; VC_A0941,,acyl-CoA thioesterase,0.93430634971017,0.0002097818807581
VC_RS17805,VCA0942; VC_A0942,,hypothetical protein,0.319692164612955,0.24815650897211
VC_RS17810,VCA0943; VC_A0943,malG,maltose ABC transporter permease MalG,-0.207174877386614,0.392311523774456
VC_RS17815,VCA0944; VC_A0944,malF,maltose ABC transporter permease MalF,0.90953578168898,0.020054449826988
VC_RS17820,VCA0945; VC_A0945,malE,maltose/maltodextrin ABC transporter substrate-binding protein MalE,1.61257485641081,0.0015314809142821
VC_RS17825,VCA0946; VC_A0946,malK,maltose/maltodextrin ABC transporter ATP-binding protein MalK,1.08714425212814,0.0028778782825076
VC_RS17830,VCA0947; VC_A0947,speG,spermidine N1-acetyltransferase,1.5483369890945,2.67271396018472e-05
VC_RS17835,VCA0948; VC_A0948,,Rho-binding antiterminator,1.03123571689464,0.0004562669277801
VC_RS17840,VCA0949; VC_A0949,,2OG-Fe(II) oxygenase,-0.107128097617001,0.751175733388056
VC_RS17845,VCA0951; VC_A0951,,heavy metal-binding domain-containing protein,1.59425325117949,0.0002110761855346
VC_RS17850,VCA0952; VC_A0952,vpsT,LuxR family transcriptional regulator VpsT,1.80373911752849,1.67808621459322e-05
VC_RS17855,VCA0953; VC_A0953,ppiC,peptidylprolyl isomerase PpiC,-0.552449120136017,0.0195202465234113
VC_RS17860,VCA0954; VC_A0954,,chemotaxis protein,-0.846075330182577,0.0022753840639522
VC_RS17865,VCA0955; VC_A0955,,MarR family winged helix-turn-helix transcriptional regulator,0.768080553759479,0.0039411458040128
VC_RS17870,VCA0956; VC_A0956,,GGDEF domain-containing protein,0.640067682899125,0.0026947113955081
VC_RS17875,VCA0957; VC_A0957,,malate synthase,0.790265722599573,0.0367011920789304
VC_RS17880,VCA0958; VC_A0958,,DUF3612 domain-containing protein,0.827994775368672,0.0017947116314587
VC_RS17885,VCA0960; VC_A0960,,diguanylate cyclase,-0.333028864021398,0.100861400586302
VC_RS17890,VCA0961; VC_A0961,,alpha-ketoglutarate-dependent dioxygenase AlkB family protein,-0.544234287087466,0.0067002045056534
VC_RS17895,VCA0962; VC_A0962,,DUF3541 domain-containing protein,2.40063614560886,2.45246162178733e-07
VC_RS17900,VCA0963; VC_A0963,,DMT family transporter,-0.0499771785041673,0.882864097934174
VC_RS17905,VCA0964; VC_A0964,,LysR substrate-binding domain-containing protein,0.447299271014378,0.0496493949794708
VC_RS17910,VCA0965; VC_A0965,,GGDEF domain-containing protein,0.836715214168886,0.0093820422686598
VC_RS17915,VCA0966; VC_A0966,,hypothetical protein,1.84292213345657,1.37173730522241e-06
VC_RS17920,VCA0969; VC_A0969,,pirin family protein,-0.122190722950993,0.593252394161975
VC_RS17925,VCA0970; VC_A0970,,pyrimidine/purine nucleoside phosphorylase,0.531257850442046,0.0220210022862889
VC_RS17930,VCA0971; VC_A0971,,DUF2850 domain-containing protein,-0.0531411071077922,0.801821897888812
VC_RS17935,VCA0972; VC_A0972,,MDR family MFS transporter,-0.939698744324683,0.0003773703610663
VC_RS17940,VCA0974; VC_A0974,,methyl-accepting chemotaxis protein,-0.302511642574473,0.181119645175948
VC_RS17945,VCA0975; VC_A0975,,Lon protease family protein,-0.427526594888529,0.0435800165233458
VC_RS17950,VCA0976; VC_A0976,,hypothetical protein,-1.74012410161492,5.08904994907327e-05
VC_RS17955,VCA0977; VC_A0977,,ABC transporter ATP-binding protein,-1.26593105995607,0.0001063770620785
VC_RS17960,VCA0978; VC_A0978,,transporter substrate-binding domain-containing protein,1.64013629493815,0.010471762903836
VC_RS17965,VC_A0979,,methyl-accepting chemotaxis protein,0.0636559854059272,0.903392386728957
VC_RS17970,VC_A0980,,hypothetical protein,1.5323976489789,0.0001787555934414
VC_RS17975,VCA0981; VC_A0981,,substrate-binding periplasmic protein,1.43256674374027,0.0010706895481756
VC_RS17980,VCA0982; VC_A0982,,LysR family transcriptional regulator,-0.272419567324273,0.305031830561388
VC_RS17985,,,hypothetical protein,0.40315009633474,0.561647447203129
VC_RS17990,VCA0983; VC_A0983,,L-lactate permease,-0.0386600923512763,0.926751177024392
VC_RS17995,VCA0984; VC_A0984,lldD,FMN-dependent L-lactate dehydrogenase LldD,-0.189053216188586,0.564451691500503
VC_RS18000,VCA0985; VC_A0985,,FAD-binding and (Fe-S)-binding domain-containing protein,0.261794254167412,0.389087912269735
VC_RS18005,VCA0986; VC_A0986,,posphoenolpyruvate synthetase regulatory kinase/phosphorylase PpsR,-0.158039438022308,0.508613081371564
VC_RS18010,VCA0987; VC_A0987,ppsA,phosphoenolpyruvate synthase,0.746304094655003,0.0087438062942147
VC_RS18015,VCA0988; VC_A0988,,methyl-accepting chemotaxis protein,0.732431093025864,0.0429245752660098
VC_RS18020,VCA0989; VC_A0989,,MATE family efflux transporter,2.40783456397296,3.79906790021474e-06
VC_RS18025,VCA0990; VC_A0990,,DEAD/DEAH box helicase,-0.640903720134643,0.0044616615861512
VC_RS18030,VCA0991; VC_A0991,,LysR family transcriptional regulator,0.0433697884705845,0.861698703447488
VC_RS18035,VCA0992; VC_A0992,grxB,glutaredoxin 2,-0.372169583111796,0.350505330323062
VC_RS18040,VCA0993; VC_A0993,,alkene reductase,0.0097607821848347,0.976189735227986
VC_RS18045,VCA0994; VC_A0994,ctlX,citrulline utilization hydrolase CtlX,-0.262202838188198,0.405088920992847
VC_RS18050,VCA0996; VC_A0996,vcaM,multidrug efflux ABC transporter VcaM,-0.953074499433624,5.60470423612531e-05
VC_RS18055,VCA0997; VC_A0997,,hypothetical protein,-0.372023042485657,0.115195128851549
VC_RS18060,VCA0998; VC_A0998,,alkene reductase,0.328291639271319,0.35256740412114
VC_RS18065,VCA0999; VC_A0999,,TetR/AcrR family transcriptional regulator,0.934522421492907,4.38434126078732e-05
VC_RS18070,VCA1000; VC_A1000,,LysE family translocator,-0.190884350298066,0.6091348087474
VC_RS18075,VCA1001; VC_A1001,,helix-turn-helix transcriptional regulator,-0.368850779008952,0.0888326777430667
VC_RS18080,VCA1002; VC_A1002,,AzlC family ABC transporter permease,-0.133837077435214,0.570350709408116
VC_RS18085,VCA1003; VC_A1003,,AzlD domain-containing protein,0.160572666558658,0.643269051353528
VC_RS18090,VCA1004; VC_A1004,,fumarylacetoacetate hydrolase family protein,0.0925140211920499,0.69411322037219
VC_RS18095,VCA1005; VC_A1005,,MarR family winged helix-turn-helix transcriptional regulator,1.27739439087642,0.0003132365120709
VC_RS18100,VCA1006; VC_A1006,,organic hydroperoxide resistance protein,0.964512210910282,0.0229773813369505
VC_RS18105,VCA1008; VC_A1008,,anion-selective porin,0.503892274147703,0.15694214869521
VC_RS18110,VCA1010; VC_A1010,,DMT family transporter,-1.22671989337905,0.0003231856377656
VC_RS18115,VCA1011; VC_A1011,,glutaredoxin domain-containing protein,-0.994065651338258,0.0437031132918428
VC_RS18120,VCA1012; VC_A1012,,YjiG family protein,0.254694588819447,0.65608173189992
VC_RS18125,VCA1013; VC_A1013,,nucleoside recognition domain-containing protein,-0.201691815279184,0.714253030411692
VC_RS18130,VCA1015; VC_A1015,nhaD,sodium:proton antiporter NhaD,1.60255118535225,0.0007899420174299
VC_RS18135,VCA1016; VC_A1016,,hypothetical protein,1.05730208692651,0.0077126623512709
VC_RS18140,VCA1017; VC_A1017,,methylated-DNA--[protein]-cysteine S-methyltransferase,1.26106251425098,0.0020931226749489
VC_RS18145,VCA1018; VC_A1018,,DNA-3-methyladenine glycosylase 2 family protein,-0.403266771699943,0.0834921039828732
VC_RS18150,VCA1019; VC_A1019,,DoxX family protein,-0.769814277437719,0.33734701162514
VC_RS18155,VCA1020; VC_A1020,,LysR family transcriptional regulator,-0.352144803148233,0.0470785016478073
VC_RS18160,VCA1021; VC_A1021,,DUF413 domain-containing protein,1.31113617682544,2.09676055370962e-05
VC_RS18165,VCA1023; VC_A1023,,flavohemoglobin expression-modulating QEGLA motif protein,0.632824977602554,0.0056339197150008
VC_RS18170,VCA1024; VC_A1024,,DUF3081 domain-containing protein,1.07710428232203,0.0157204315338959
VC_RS18175,VCA1025; VC_A1025,nagB,glucosamine-6-phosphate deaminase,0.611975981995057,0.0236656058176845
VC_RS18180,VCA1026; VC_A1026,,tetratricopeptide repeat protein,-0.257960239857403,0.136468694754299
VC_RS18185,VCA1027; VC_A1027,,MalM family protein,1.21889476856698,0.0006337689391032
VC_RS18190,VCA1028; VC_A1028,lamB,maltoporin LamB,2.91877269441354,6.29847208348193e-06
VC_RS18195,VCA1029; VC_A1029,glgX,glycogen debranching protein GlgX,0.553958314273464,0.0029244678465503
VC_RS18200,VCA1030; VC_A1030,,DUF2999 family protein,0.227557528327292,0.203064766452349
VC_RS18205,VCA1031; VC_A1031,,methyl-accepting chemotaxis protein,-0.397253033905211,0.146784742949771
VC_RS18210,VCA1032; VC_A1032,,hypothetical protein,2.15337255281592,7.95772099236358e-07
VC_RS18215,VCA1033; VC_A1033,,ABC transporter substrate-binding protein,1.13160040790536,0.0003950008672179
VC_RS18220,VCA1034; VC_A1034,,HAMP domain-containing methyl-accepting chemotaxis protein,0.947030166937501,0.0017651828380908
VC_RS18225,VCA1035; VC_A1035,,DUF3297 family protein,-1.18894121175553,0.0006474639466276
VC_RS18230,VCA1036; VC_A1036,aroG,3-deoxy-7-phosphoheptulonate synthase AroG,-0.237751331313966,0.235625129267444
VC_RS18235,VCA1037; VC_A1037,,amino acid ABC transporter ATP-binding protein,-0.528457734902909,0.0133334269507689
VC_RS18240,VCA1038; VC_A1038,,amino acid ABC transporter permease,-0.567117068191819,0.0068110080926259
VC_RS18245,VCA1039; VC_A1039,,transporter substrate-binding domain-containing protein,-0.144287529061191,0.585168416498026
VC_RS18250,VCA1040; VC_A1040,,amino acid ABC transporter permease,-0.728304274950935,0.005373922709504
VC_RS18255,VCA1041; VC_A1041,,phospho-sugar mutase,0.343171504894415,0.27908247856164
VC_RS18260,VCA1042; VC_A1042,,bactofilin family protein,-0.365173961016034,0.0955442738300401
VC_RS18265,VCA1043; VC_A1043,,M23 family metallopeptidase,-1.59871413774566,5.12116172646534e-06
VC_RS18270,VCA1045; VC_A1045,,PTS mannitol transporter subunit IICBA,-0.35335796664934,0.0664691323331656
VC_RS18275,VCA1046; VC_A1046,,mannitol-1-phosphate 5-dehydrogenase,-0.0397287957486404,0.857526022344833
VC_RS18280,VCA1047; VC_A1047,,MltR family transcriptional regulator,0.25997279220859,0.197460749437386
VC_RS18285,VCA1048; VC_A1048,,Gfo/Idh/MocA family protein,-0.196747050043666,0.322927867576696
VC_RS18290,VCA1049; VC_A1049,,Vmh family MBL fold metallo-hydrolase,-0.185548037305189,0.503752200985824
VC_RS18295,VCA1050; VC_A1050,,hypothetical protein,1.13504516915129,0.0002961321613171
VC_RS18300,VCA1051; VC_A1051,,YccF domain-containing protein,1.33956410586371,1.80831802572771e-05
VC_RS18305,VCA1052; VC_A1052,,sulfite exporter TauE/SafE family protein,-0.584786301066814,0.0116707456748784
VC_RS18310,VCA1053; VC_A1053,,rhodanese-like domain-containing protein,-0.191649529026096,0.332876160471374
VC_RS18315,VCA1054; VC_A1054,,NAD(P)-dependent oxidoreductase,2.01267995226683,9.27891513333271e-06
VC_RS18320,VCA1055; VC_A1055,,LysR family transcriptional regulator,-0.109304984032578,0.7225887619894
VC_RS18325,VCA1056; VC_A1056,,methyl-accepting chemotaxis protein,0.947400754608767,0.0009689384424419
VC_RS18330,VCA1057; VC_A1057,,SDR family oxidoreductase,0.736210018410272,0.0543034595412165
VC_RS18335,VCA1058; VC_A1058,,LysR family transcriptional regulator,0.621498774117573,0.0138238747543284
VC_RS18340,VCA1059; VC_A1059,trmY,tRNA (pseudouridine(54)-N(1))-methyltransferase TrmY,-0.83326827368602,0.0019388253704912
VC_RS18345,VCA1060; VC_A1060,ribB,"3,4-dihydroxy-2-butanone-4-phosphate synthase",-1.41268573748371,9.73626763612806e-05
VC_RS18350,VC_A1061,,hypothetical protein,0.942028089596352,0.296818701913483
VC_RS18355,VCA1062; VC_A1062,potE,putrescine-ornithine antiporter,1.05263449993034,0.0143666083303285
VC_RS18360,VCA1063; VC_A1063,speF,ornithine decarboxylase SpeF,1.39812340461238,0.0026680025855145
VC_RS18365,VC_A1065,speFL,leader peptide SpeFL,2.17149335656421,0.0022056109778332
VC_RS18370,VCA1067; VC_A1067,,coniferyl aldehyde dehydrogenase,0.596157100521137,0.0110156516805366
VC_RS18375,VCA1068; VC_A1068,,Lrp/AsnC family transcriptional regulator,0.749960955173761,0.0086924805102743
VC_RS18380,VCA1069; VC_A1069,,methyl-accepting chemotaxis protein,1.87642341580399,7.15995002066317e-05
VC_RS18385,VCA1070; VC_A1070,,hypothetical protein,0.583996177225316,0.123155576405327
VC_RS18390,VCA1071; VC_A1071,putP,sodium/proline symporter PutP,0.0125331682194127,0.969277227306995
VC_RS18395,VCA1072; VC_A1072,,1-pyrroline-5-carboxylate dehydrogenase,-0.1263086272906,0.734024895865831
VC_RS18400,VCA1073; VC_A1073,putA,bifunctional proline dehydrogenase/L-glutamate gamma-semialdehyde dehydrogenase PutA,0.51998037685451,0.072971824642746
VC_RS18405,VCA1074; VC_A1074,,AraC family transcriptional regulator,-0.47009122293374,0.0212004718495222
VC_RS18410,VCA1075; VC_A1075,,PEGA domain-containing protein,-0.0657119956526539,0.743316896949031
VC_RS18415,VCA1077; VC_A1077,,SUMF1/EgtB/PvdO family nonheme iron enzyme,0.0038789548740968,0.979513369547606
VC_RS18420,VCA1078; VC_A1078,,helix-turn-helix transcriptional regulator,-0.691418097799989,0.0011501907059727
VC_RS18425,VCA1079; VC_A1079,pdxH,pyridoxamine 5'-phosphate oxidase,0.379158030291984,0.0709439121163933
VC_RS18430,VCA1080; VC_A1080,lapC,HlyD family type I secretion periplasmic adaptor subunit,-0.700080771227805,0.0009597934688459
VC_RS18435,VCA1081; VC_A1081,lapG,transglutaminase-like cysteine peptidase,0.186982883668252,0.218670048521173
VC_RS18440,VCA1082,lapD,EAL domain-containing protein,0.0862029202786569,0.533396776031688
VC_RS18445,VCA1084; VC_A1084,lapB,type I secretion system permease/ATPase,-0.195273319102455,0.310760612112848
VC_RS18450,VCA1085; VC_A1085,,DUF342 domain-containing protein,-0.42742530057188,0.0520444143675366
VC_RS18455,VCA1086; VC_A1086,,ATP-binding SpoIIE family protein phosphatase,1.09559053709492,7.13148295689867e-05
VC_RS18460,VCA1087; VC_A1087,,STAS domain-containing protein,1.58070602545695,0.0026680025855145
VC_RS18465,VCA1088; VC_A1088,,methyl-accepting chemotaxis protein,1.45689815707057,0.0001281464974688
VC_RS18470,VCA1089; VC_A1089,,chemotaxis response regulator protein-glutamate methylesterase,1.00105251635276,0.0084099228117846
VC_RS18475,VCA1090; VC_A1090,cheD,chemoreceptor glutamine deamidase CheD,1.51984279168512,0.0040262319093083
VC_RS18480,VCA1091; VC_A1091,,CheR family methyltransferase,2.00465063491543,0.0001469926523668
VC_RS18485,VCA1092; VC_A1092,,methyl-accepting chemotaxis protein,1.98470386178889,9.578346217561e-06
VC_RS18490,VCA1093; VC_A1093,,chemotaxis protein CheW,2.36972575310195,0.0063781077675803
VC_RS18495,VCA1094; VC_A1094,,chemotaxis protein CheW,1.53185282914724,0.001390854691888
VC_RS18500,VCA1095; VC_A1095,,chemotaxis protein CheA,1.80952210076599,8.03455610689769e-05
VC_RS18505,VCA1096; VC_A1096,,response regulator,2.81635276494231,5.25095480000994e-05
VC_RS18510,VCA1097; VC_A1097,,STAS domain-containing protein,1.66063443609095,0.0003981933327174
VC_RS18515,VCA1098; VC_A1098,,ABC transporter substrate-binding protein,-0.550950275510781,0.0222530779268108
VC_RS18520,VCA1099; VC_A1099,,ABC transporter permease,0.278250125821963,0.582529770550381
VC_RS18525,VCA1100; VC_A1100,,ABC transporter permease,-0.146744833886671,0.766135606174731
VC_RS18530,VCA1101; VC_A1101,,ABC transporter ATP-binding protein,0.107900237407616,0.74854303701958
VC_RS18535,VCA1102; VC_A1102,,phosphoethanolamine transferase,0.320674716746137,0.434166679544057
VC_RS18540,VCA1104; VC_A1104,,sensor histidine kinase,0.447603027673641,0.0699717723044659
VC_RS18545,VCA1105; VC_A1105,,response regulator,0.697351866458685,0.0050711308110302
VC_RS18550,VCA1106,,tetratricopeptide repeat protein,0.79768230386619,0.0094172060182125
VC_RS18555,VCA1108; VC_A1108,,SDR family oxidoreductase,0.832551704303859,0.0121345453101341
VC_RS18560,VCA1109; VC_A1109,,TenA family transcriptional regulator,-1.16115213501004,0.0229624622278736
VC_RS18565,VCA1110; VC_A1110,,AMP-dependent synthetase/ligase,-1.27736086776824,0.0063374690723329
VC_RS18570,VCA1111; VC_A1111,,thermostable hemolysin,-0.501060134697466,0.127655010406826
VC_RS18575,VCA1112; VC_A1112,,GNAT family N-acetyltransferase,0.284981430975716,0.0805829485212752
VC_RS18580,VCA1113; VC_A1113,,ABC transporter substrate-binding protein,1.10587673274786,0.0009552193956477
VC_RS18585,VCA1114; VC_A1114,,ParB/RepB/Spo0J family partition protein,0.850234825719495,0.0006363449106095
VC_RS18590,VCA1115; VC_A1115,,AAA family ATPase,0.13673898597924,0.489148276792524
VC_RS18595,VC_0059,,hypothetical protein,-1.4214130712817,0.0002590141110472
VC_RS18600,VC_1116,,hypothetical protein,3.46124314860482,0.0281384445287022
VC_RS18605,VC_1262,,hypothetical protein,1.25048457705507,0.0293441032712783
VC_RS18610,,,hypothetical protein,0.986520345320042,0.002132851756195
VC_RS18615,VC_1646,,hypothetical protein,-0.356708159844884,0.425967346244665
VC_RS18620,VC_2753,,hypothetical protein,-2.38769688720418,5.33818576505323e-06
VC_RS18655,VC_A0393,,DUF645 family protein,-0.0956323853999543,0.80057757986792
VC_RS18690,VC_A0609,,hypothetical protein,0.497180829697802,0.351793118343331
VC_RS18695,,,hypothetical protein,4.6937959885136,4.0254754166834303e-10
VC_RS18700,VC_A0899,,hypothetical protein,0.0809933101859482,0.862760211567445
VC_RS18725,,,hypothetical protein,3.22756368998998,0.0029298973662048
VC_RS18735,VC_A0283,,hypothetical protein,-0.101307849816218,0.646919660699186
VC_RS18750,VC_A0437,,DUF645 family protein,-0.456167644895181,0.128390870927255
VC_RS18760,,,DUF645 family protein,-1.26145734626344,0.0009345971535349
VC_RS18785,VC_0822,,hypothetical protein,-0.689764743243962,0.0695764257050252
VC_RS18790,VC_0865,,hypothetical protein,0.52242078602157,0.110918452355173
VC_RS18795,,,hypothetical protein,-0.604477273887635,0.433888112578661
VC_RS18800,,,hypothetical protein,4.22901478891906,6.87928128540211e-05
VC_RS18805,VC_1007,,hypothetical protein,-3.54226766200698,7.09350560491613e-05
VC_RS18810,VC_1378,,hypothetical protein,-0.241171054688963,0.454528901212006
VC_RS18835,,,glycoside hydrolase family 36 protein,1.30659371805425,0.0001084020874119
VC_RS18840,,,inovirus Gp2 family protein,-0.890887533525581,0.133149148833221
VC_RS18845,,,hypothetical protein,-2.72901189760246,9.05523815331906e-05
VC_RS18855,,,hypothetical protein,-0.728069671245929,0.0786807459175893
VC_RS18865,VC_A0087,,hypothetical protein,-1.45425797493193,0.0016450051581128
VC_RS18870,,,type VI secretion system PAAR protein,-0.664729020163184,0.0101844175312478
VC_RS18900,,,hypothetical protein,-1.41212292720756,0.0523276814630172
VC_RS18905,,,ggdef family protein,-0.851728103910759,0.0571554168964415
VC_RS18955,,,DUF645 family protein,-0.604743449059208,0.31545072741398
VC_RS18960,,,Tfp pilus assembly protein,-0.434795592954962,0.365349497939183
VC_RS18970,,,DUF645 family protein,-1.05487680789452,0.0047909459235322
VC_RS18995,VC_A0394,,hypothetical protein,-0.70098140742002,0.283619635350221
VC_RS19000,VC_A0403,,hypothetical protein,-0.500304736852255,0.0509055848146019
VC_RS19040,VC_A0438,,hypothetical protein,-1.29148129124196,0.0692666464075922
VC_RS19050,,,GNAT family N-acetyltransferase,-0.203192435783091,0.506522774354252
VC_RS19055,,,hypothetical protein,-0.330461316998959,0.348393645876825
VC_RS19075,,,DUF1778 domain-containing protein,0.994183057173924,5.78537717086102e-05
VC_RS19085,VC_A0857,,hypothetical protein,1.16394832599134,0.1477463663609
VC_RS19100,,,IS3 family transposase,0.086506139520226,0.765100117505044
VC_RS19105,,,hypothetical protein,0.29020937370599,0.22438240358249
VC_RS19110,,,hypothetical protein,-1.21311636307499,0.0077733373667649
VC_RS19115,VC_0846,,tyrosine-type recombinase/integrase,-0.508854496946124,0.477381305807599
VC_RS19120,VC_1406,,methyl-accepting chemotaxis protein,0.94721775525214,0.0005074865987533
VC_RS19125,VC_1620,frhA,cadherin domain-containing protein,-1.01626808394315,0.0006079035125945
VC_RS19130,,,hypothetical protein,-0.179554821449406,0.80057757986792
VC_RS19135,VC_2719,,ComF family protein,-0.753821692024914,0.0900421005872487
VC_RS19140,VC_A0327,,DUF3709 domain-containing protein,-0.263435184335134,0.411156566282349
VC_RS19145,VC_A0339,,DUF3709 domain-containing protein,-1.90128698406673,6.38708820659263e-06
VC_RS19150,VC_A0362,,hypothetical protein,-0.912937436797221,0.33384208000269
VC_RS19155,,,pseudouridine synthase,-0.402181275906559,0.15694214869521
VC_RS19160,,,transposase,-2.16400193225069,0.0009136252194891
VC_RS19165,,tnaC,tryptophanase leader peptide,-0.250546554174317,0.787231028742853
