plateId,wellId,mutant,metric,umap1,umap2
241010_105227_Plate_1,A11,flaA,cosine,17.969694,6.6416936
241010_105227_Plate_1,A1,hapR,cosine,2.7694592,0.3341319
241010_105227_Plate_1,A2,luxO_D47E,cosine,12.70335,2.4692302
241010_105227_Plate_1,A3,rbmB,cosine,14.062316,-0.43612427
241010_105227_Plate_1,A4,vpsL,cosine,17.97741,20.444351
241010_105227_Plate_1,A5,WT,cosine,7.438457,12.587294
241010_105227_Plate_1,A6,potD1,cosine,2.8325539,-1.9130752
241010_105227_Plate_1,A9,vpvC_W240R,cosine,-7.1580644,6.812601
241010_105227_Plate_1,B11,flaA,cosine,18.765585,8.494425
241010_105227_Plate_1,B1,hapR,cosine,3.9750836,0.71062535
241010_105227_Plate_1,B2,luxO_D47E,cosine,12.76942,2.2660325
241010_105227_Plate_1,B3,rbmB,cosine,11.293384,-1.4808308
241010_105227_Plate_1,B4,vpsL,cosine,17.858566,21.345818
241010_105227_Plate_1,B5,WT,cosine,9.620082,12.297074
241010_105227_Plate_1,B6,potD1,cosine,5.091196,-1.7793618
241010_105227_Plate_1,B9,vpvC_W240R,cosine,-6.785498,6.9424996
241010_105227_Plate_1,C11,flaA,cosine,18.63916,7.391023
241010_105227_Plate_1,C1,hapR,cosine,2.8750296,0.78143895
241010_105227_Plate_1,C2,luxO_D47E,cosine,12.509966,2.632573
241010_105227_Plate_1,C3,rbmB,cosine,13.593286,-1.3104739
241010_105227_Plate_1,C4,vpsL,cosine,17.951353,20.920572
241010_105227_Plate_1,C5,WT,cosine,9.763012,12.250428
241010_105227_Plate_1,C6,potD1,cosine,5.256321,-1.5953951
241010_105227_Plate_1,C9,vpvC_W240R,cosine,-6.9221463,6.565188
241010_105227_Plate_1,D11,flaA,cosine,17.776,6.362871
241010_105227_Plate_1,D1,hapR,cosine,4.476453,0.69714725
241010_105227_Plate_1,D2,luxO_D47E,cosine,12.209893,3.5825324
241010_105227_Plate_1,D3,rbmB,cosine,12.297898,-1.683488
241010_105227_Plate_1,D4,vpsL,cosine,16.495163,20.645174
241010_105227_Plate_1,D5,WT,cosine,8.320249,12.918045
241010_105227_Plate_1,D6,potD1,cosine,5.2652626,-1.7336928
241010_105227_Plate_1,D9,vpvC_W240R,cosine,-7.1010027,6.7091246
241010_105227_Plate_1,E10,vpsL,cosine,17.325806,20.933662
241010_105227_Plate_1,E11,WT,cosine,9.768385,12.31079
241010_105227_Plate_1,E12,potD1,cosine,4.4956117,-2.3736768
241010_105227_Plate_1,E3,vpvC_W240R,cosine,-8.745163,5.740033
241010_105227_Plate_1,E5,flaA,cosine,17.801058,6.510262
241010_105227_Plate_1,E7,hapR,cosine,4.2083774,0.76112694
241010_105227_Plate_1,E8,luxO_D47E,cosine,11.597721,3.9234273
241010_105227_Plate_1,E9,rbmB,cosine,11.222092,-1.4609686
241010_105227_Plate_1,F10,vpsL,cosine,17.5624,21.639448
241010_105227_Plate_1,F11,WT,cosine,6.3632693,12.85172
241010_105227_Plate_1,F12,potD1,cosine,3.1969285,-2.3503642
241010_105227_Plate_1,F3,vpvC_W240R,cosine,-7.6916695,6.401185
241010_105227_Plate_1,F5,flaA,cosine,17.27838,6.140868
241010_105227_Plate_1,F7,hapR,cosine,3.0055397,0.86733645
241010_105227_Plate_1,F8,luxO_D47E,cosine,11.647604,5.841136
241010_105227_Plate_1,F9,rbmB,cosine,12.938417,-1.625118
241010_105227_Plate_1,G10,vpsL,cosine,16.100954,20.178753
241010_105227_Plate_1,G11,WT,cosine,9.710223,12.257566
241010_105227_Plate_1,G12,potD1,cosine,4.0768056,-2.4510205
241010_105227_Plate_1,G3,vpvC_W240R,cosine,-8.357756,5.8716426
241010_105227_Plate_1,G5,flaA,cosine,18.654509,7.749066
241010_105227_Plate_1,G7,hapR,cosine,2.9432406,0.8567698
241010_105227_Plate_1,G8,luxO_D47E,cosine,12.363942,2.9716852
241010_105227_Plate_1,G9,rbmB,cosine,11.540561,-1.6053418
241010_105227_Plate_1,H10,vpsL,cosine,17.001352,20.972933
241010_105227_Plate_1,H11,WT,cosine,7.7488856,12.666619
241010_105227_Plate_1,H12,potD1,cosine,3.0612376,-2.582032
241010_105227_Plate_1,H3,vpvC_W240R,cosine,-7.2088428,6.499077
241010_105227_Plate_1,H5,flaA,cosine,18.032545,7.0399733
241010_105227_Plate_1,H7,hapR,cosine,2.4990532,0.8197638
241010_105227_Plate_1,H8,luxO_D47E,cosine,11.946286,3.8977757
241010_105227_Plate_1,H9,rbmB,cosine,12.297317,-1.3832159
241010_111308_Plate_1,A11,flaA,cosine,18.658667,7.611447
241010_111308_Plate_1,A1,hapR,cosine,2.6899433,0.022366919
241010_111308_Plate_1,A2,luxO_D47E,cosine,13.233998,1.4678689
241010_111308_Plate_1,A3,rbmB,cosine,13.963471,-0.10896874
241010_111308_Plate_1,A4,vpsL,cosine,17.569468,20.263653
241010_111308_Plate_1,A5,WT,cosine,7.00052,12.912077
241010_111308_Plate_1,A6,potD1,cosine,2.3492186,-1.9903378
241010_111308_Plate_1,A9,vpvC_W240R,cosine,-7.383104,6.743146
241010_111308_Plate_1,B11,flaA,cosine,18.45791,7.7527227
241010_111308_Plate_1,B1,hapR,cosine,3.045874,0.57716614
241010_111308_Plate_1,B2,luxO_D47E,cosine,12.9437475,2.1860516
241010_111308_Plate_1,B3,rbmB,cosine,13.28022,-1.4194496
241010_111308_Plate_1,B4,vpsL,cosine,17.854996,21.21327
241010_111308_Plate_1,B5,WT,cosine,8.603006,12.438622
241010_111308_Plate_1,B6,potD1,cosine,3.9674795,-1.733006
241010_111308_Plate_1,B9,vpvC_W240R,cosine,-7.211288,6.9394712
241010_111308_Plate_1,C11,flaA,cosine,18.714663,7.606734
241010_111308_Plate_1,C1,hapR,cosine,2.6409276,0.7051622
241010_111308_Plate_1,C2,luxO_D47E,cosine,12.858834,2.327505
241010_111308_Plate_1,C3,rbmB,cosine,14.11861,-0.7097328
241010_111308_Plate_1,C4,vpsL,cosine,17.5569,20.170517
241010_111308_Plate_1,C5,WT,cosine,9.729761,12.394557
241010_111308_Plate_1,C6,potD1,cosine,4.0134816,-1.9109898
241010_111308_Plate_1,C9,vpvC_W240R,cosine,-7.114751,6.318786
241010_111308_Plate_1,D11,flaA,cosine,16.92499,5.7549634
241010_111308_Plate_1,D1,hapR,cosine,2.9003267,0.83285385
241010_111308_Plate_1,D2,luxO_D47E,cosine,12.691217,2.55948
241010_111308_Plate_1,D3,rbmB,cosine,13.632212,-1.1915214
241010_111308_Plate_1,D4,vpsL,cosine,17.514524,20.201235
241010_111308_Plate_1,D5,WT,cosine,6.312084,12.871637
241010_111308_Plate_1,D6,potD1,cosine,5.569592,-1.7814037
241010_111308_Plate_1,D9,vpvC_W240R,cosine,-7.2801657,6.6984777
241010_111308_Plate_1,E10,vpsL,cosine,17.092157,20.39229
241010_111308_Plate_1,E11,WT,cosine,7.289858,12.8611765
241010_111308_Plate_1,E12,potD1,cosine,3.1128056,-2.7712512
241010_111308_Plate_1,E3,vpvC_W240R,cosine,-8.5363865,6.000004
241010_111308_Plate_1,E5,flaA,cosine,18.576557,7.7012196
241010_111308_Plate_1,E7,hapR,cosine,3.2563522,0.41876307
241010_111308_Plate_1,E8,luxO_D47E,cosine,12.232005,3.0762315
241010_111308_Plate_1,E9,rbmB,cosine,12.798484,-1.5760926
241010_111308_Plate_1,F10,vpsL,cosine,17.91709,21.06715
241010_111308_Plate_1,F11,WT,cosine,7.0754995,12.759655
241010_111308_Plate_1,F12,potD1,cosine,1.9035312,-1.6549532
241010_111308_Plate_1,F3,vpvC_W240R,cosine,-8.772115,5.837815
241010_111308_Plate_1,F5,flaA,cosine,17.04119,5.978968
241010_111308_Plate_1,F7,hapR,cosine,2.4624553,0.5846725
241010_111308_Plate_1,F8,luxO_D47E,cosine,11.766617,4.0903053
241010_111308_Plate_1,F9,rbmB,cosine,13.747332,-1.2743884
241010_111308_Plate_1,G10,vpsL,cosine,16.950237,21.055782
241010_111308_Plate_1,G11,WT,cosine,8.91659,13.156365
241010_111308_Plate_1,G12,potD1,cosine,2.5548575,-2.4659061
241010_111308_Plate_1,G3,vpvC_W240R,cosine,-8.628594,5.8205614
241010_111308_Plate_1,G5,flaA,cosine,18.553772,8.186099
241010_111308_Plate_1,G7,hapR,cosine,2.4341023,0.45098194
241010_111308_Plate_1,G8,luxO_D47E,cosine,12.728211,2.4375207
241010_111308_Plate_1,G9,rbmB,cosine,13.210232,-1.5116771
241010_111308_Plate_1,H10,vpsL,cosine,18.004974,20.507433
241010_111308_Plate_1,H11,WT,cosine,6.998385,12.61539
241010_111308_Plate_1,H12,potD1,cosine,2.5480738,-2.470703
241010_111308_Plate_1,H3,vpvC_W240R,cosine,-6.1946363,7.2855287
241010_111308_Plate_1,H5,flaA,cosine,18.194962,7.0651402
241010_111308_Plate_1,H7,hapR,cosine,2.5470066,0.92023265
241010_111308_Plate_1,H8,luxO_D47E,cosine,12.555681,2.685804
241010_111308_Plate_1,H9,rbmB,cosine,13.223111,-1.260192
241010_113157_Plate_1,A11,flaA,cosine,17.022783,5.932745
241010_113157_Plate_1,A1,hapR,cosine,2.4061894,0.031591084
241010_113157_Plate_1,A2,luxO_D47E,cosine,13.041294,1.9162619
241010_113157_Plate_1,A3,rbmB,cosine,13.016185,3.3428106
241010_113157_Plate_1,A4,vpsL,cosine,17.634657,20.460114
241010_113157_Plate_1,A5,WT,cosine,6.4505,13.096261
241010_113157_Plate_1,A6,potD1,cosine,2.4415863,-1.9156744
241010_113157_Plate_1,A9,vpvC_W240R,cosine,-7.1839724,6.8444805
241010_113157_Plate_1,B11,flaA,cosine,18.352797,7.223268
241010_113157_Plate_1,B1,hapR,cosine,3.0936599,0.3295971
241010_113157_Plate_1,B2,luxO_D47E,cosine,12.991545,2.0929074
241010_113157_Plate_1,B3,rbmB,cosine,11.859332,-1.4352024
241010_113157_Plate_1,B4,vpsL,cosine,17.279753,20.729761
241010_113157_Plate_1,B5,WT,cosine,8.492896,12.413633
241010_113157_Plate_1,B6,potD1,cosine,2.7164989,-1.8589818
241010_113157_Plate_1,B9,vpvC_W240R,cosine,-6.0618463,7.2233973
241010_113157_Plate_1,C11,flaA,cosine,18.56991,6.664851
241010_113157_Plate_1,C1,hapR,cosine,2.7654412,0.81043446
241010_113157_Plate_1,C2,luxO_D47E,cosine,12.950082,2.1481364
241010_113157_Plate_1,C3,rbmB,cosine,14.023795,-0.17756721
241010_113157_Plate_1,C4,vpsL,cosine,17.936367,20.405907
241010_113157_Plate_1,C5,WT,cosine,9.7073,12.31042
241010_113157_Plate_1,C6,potD1,cosine,4.285817,-1.9077927
241010_113157_Plate_1,C9,vpvC_W240R,cosine,-7.6716833,5.981734
241010_113157_Plate_1,D11,flaA,cosine,16.893064,5.7351413
241010_113157_Plate_1,D1,hapR,cosine,3.2719278,0.8787216
241010_113157_Plate_1,D2,luxO_D47E,cosine,12.877972,2.3529463
241010_113157_Plate_1,D3,rbmB,cosine,13.853942,-0.967113
241010_113157_Plate_1,D4,vpsL,cosine,16.174782,20.180988
241010_113157_Plate_1,D5,WT,cosine,7.068348,13.007986
241010_113157_Plate_1,D6,potD1,cosine,5.0696983,-1.8155216
241010_113157_Plate_1,D9,vpvC_W240R,cosine,-8.038559,5.7732687
241010_113157_Plate_1,E10,vpsL,cosine,17.889444,21.179628
241010_113157_Plate_1,E11,WT,cosine,7.264494,12.758615
241010_113157_Plate_1,E12,potD1,cosine,3.4963775,-2.5204265
241010_113157_Plate_1,E3,vpvC_W240R,cosine,-8.826642,5.539297
241010_113157_Plate_1,E5,flaA,cosine,16.946486,5.890466
241010_113157_Plate_1,E7,hapR,cosine,2.3793585,0.3779474
241010_113157_Plate_1,E8,luxO_D47E,cosine,12.332772,2.8922653
241010_113157_Plate_1,E9,rbmB,cosine,14.002464,-0.73994863
241010_113157_Plate_1,F10,vpsL,cosine,17.369562,21.031624
241010_113157_Plate_1,F11,WT,cosine,15.5875635,19.647133
241010_113157_Plate_1,F12,potD1,cosine,2.8688667,-2.584109
241010_113157_Plate_1,F3,vpvC_W240R,cosine,-8.920106,5.6757274
241010_113157_Plate_1,F5,flaA,cosine,17.214869,6.0866857
241010_113157_Plate_1,F7,hapR,cosine,2.867391,0.5471615
241010_113157_Plate_1,F8,luxO_D47E,cosine,11.744791,3.7089388
241010_113157_Plate_1,F9,rbmB,cosine,13.833897,-1.0610833
241010_113157_Plate_1,G10,vpsL,cosine,17.77469,21.204132
241010_113157_Plate_1,G11,WT,cosine,15.670494,19.849186
241010_113157_Plate_1,G12,potD1,cosine,2.888059,-2.6571476
241010_113157_Plate_1,G3,vpvC_W240R,cosine,-8.607551,5.8151107
241010_113157_Plate_1,G5,flaA,cosine,18.673319,7.476794
241010_113157_Plate_1,G7,hapR,cosine,2.4087384,0.69724584
241010_113157_Plate_1,G8,luxO_D47E,cosine,12.723879,2.4820077
241010_113157_Plate_1,G9,rbmB,cosine,13.617374,-1.2688388
241010_113157_Plate_1,H10,vpsL,cosine,15.989611,20.088339
241010_113157_Plate_1,H11,WT,cosine,7.124296,12.921062
241010_113157_Plate_1,H12,potD1,cosine,2.0717487,-1.4263282
241010_113157_Plate_1,H3,vpvC_W240R,cosine,-7.635948,6.4960337
241010_113157_Plate_1,H5,flaA,cosine,16.85734,5.8115954
241010_113157_Plate_1,H7,hapR,cosine,2.746542,0.9991306
241010_113157_Plate_1,H8,luxO_D47E,cosine,12.44164,2.666036
241010_113157_Plate_1,H9,rbmB,cosine,13.292473,-0.803915
241011_175118_Plate_1,A11,flaA,cosine,18.907366,8.241237
241011_175118_Plate_1,A1,hapR,cosine,2.9206507,0.10676526
241011_175118_Plate_1,A2,luxO_D47E,cosine,12.760034,2.084438
241011_175118_Plate_1,A3,rbmB,cosine,12.326691,-1.7522376
241011_175118_Plate_1,A4,vpsL,cosine,17.77697,21.003262
241011_175118_Plate_1,A5,WT,cosine,8.512897,13.062783
241011_175118_Plate_1,A6,potD1,cosine,3.0671718,-2.3310618
241011_175118_Plate_1,A9,vpvC_W240R,cosine,-7.9343524,6.1743903
241011_175118_Plate_1,B11,flaA,cosine,18.370066,6.3560853
241011_175118_Plate_1,B1,hapR,cosine,3.3217666,0.33760542
241011_175118_Plate_1,B2,luxO_D47E,cosine,11.5827265,4.99964
241011_175118_Plate_1,B3,rbmB,cosine,12.542427,-1.059629
241011_175118_Plate_1,B4,vpsL,cosine,16.960247,21.573748
241011_175118_Plate_1,B5,WT,cosine,9.078165,12.867342
241011_175118_Plate_1,B6,potD1,cosine,5.331377,-1.8969347
241011_175118_Plate_1,B9,vpvC_W240R,cosine,-6.521995,7.0162992
241011_175118_Plate_1,C11,flaA,cosine,18.986032,8.456838
241011_175118_Plate_1,C1,hapR,cosine,5.018219,0.09148705
241011_175118_Plate_1,C2,luxO_D47E,cosine,11.618739,5.0065346
241011_175118_Plate_1,C3,rbmB,cosine,11.387847,-1.5487771
241011_175118_Plate_1,C4,vpsL,cosine,17.562668,21.688263
241011_175118_Plate_1,C5,WT,cosine,7.2164755,12.915262
241011_175118_Plate_1,C6,potD1,cosine,5.821731,-1.4797112
241011_175118_Plate_1,C9,vpvC_W240R,cosine,-5.957867,6.3863454
241011_175118_Plate_1,D11,flaA,cosine,18.20238,6.255538
241011_175118_Plate_1,D1,hapR,cosine,2.9863074,1.022568
241011_175118_Plate_1,D2,luxO_D47E,cosine,12.23085,4.1882243
241011_175118_Plate_1,D3,rbmB,cosine,11.315018,-1.5923584
241011_175118_Plate_1,D4,vpsL,cosine,16.854,21.782888
241011_175118_Plate_1,D5,WT,cosine,9.294957,12.976809
241011_175118_Plate_1,D6,potD1,cosine,5.56056,-1.712752
241011_175118_Plate_1,D9,vpvC_W240R,cosine,-5.7514286,6.5443096
241011_175118_Plate_1,E10,vpsL,cosine,17.612598,21.81247
241011_175118_Plate_1,E11,WT,cosine,9.9136505,12.448957
241011_175118_Plate_1,E12,potD1,cosine,4.508735,-2.402243
241011_175118_Plate_1,E3,vpvC_W240R,cosine,-8.53922,5.613045
241011_175118_Plate_1,E5,flaA,cosine,18.156172,6.1280165
241011_175118_Plate_1,E7,hapR,cosine,4.194507,0.084034234
241011_175118_Plate_1,E8,luxO_D47E,cosine,11.991132,5.1062393
241011_175118_Plate_1,E9,rbmB,cosine,11.186488,-1.7328955
241011_175118_Plate_1,F10,vpsL,cosine,17.633923,21.514341
241011_175118_Plate_1,F11,WT,cosine,8.597987,12.452858
241011_175118_Plate_1,F12,potD1,cosine,5.300909,-1.9700937
241011_175118_Plate_1,F3,vpvC_W240R,cosine,-5.94337,7.1819043
241011_175118_Plate_1,F5,flaA,cosine,18.865337,8.542686
241011_175118_Plate_1,F7,hapR,cosine,4.4020605,0.35275817
241011_175118_Plate_1,F8,luxO_D47E,cosine,12.231442,4.162013
241011_175118_Plate_1,F9,rbmB,cosine,11.2440405,-1.6094298
241011_175118_Plate_1,G10,vpsL,cosine,17.54087,21.716093
241011_175118_Plate_1,G11,WT,cosine,7.0266366,13.227806
241011_175118_Plate_1,G12,potD1,cosine,4.38788,-2.2198234
241011_175118_Plate_1,G3,vpvC_W240R,cosine,-6.2473965,6.968819
241011_175118_Plate_1,G5,flaA,cosine,18.031258,6.105405
241011_175118_Plate_1,G7,hapR,cosine,4.4382534,0.44720593
241011_175118_Plate_1,G8,luxO_D47E,cosine,11.66573,4.6476693
241011_175118_Plate_1,G9,rbmB,cosine,11.335537,-1.5906678
241011_175118_Plate_1,H10,vpsL,cosine,17.591228,21.738562
241011_175118_Plate_1,H11,WT,cosine,8.246876,12.936302
241011_175118_Plate_1,H12,potD1,cosine,1.9926146,-1.2492794
241011_175118_Plate_1,H3,vpvC_W240R,cosine,-8.630383,5.638121
241011_175118_Plate_1,H5,flaA,cosine,18.021347,6.3070955
241011_175118_Plate_1,H7,hapR,cosine,3.7728317,0.6365829
241011_175118_Plate_1,H8,luxO_D47E,cosine,12.673757,2.5479248
241011_175118_Plate_1,H9,rbmB,cosine,12.29159,-1.7797284
241011_181056_Plate_1,A11,flaA,cosine,19.1119,7.913588
241011_181056_Plate_1,A1,hapR,cosine,2.336673,-0.5040103
241011_181056_Plate_1,A2,luxO_D47E,cosine,12.933938,2.0124757
241011_181056_Plate_1,A3,rbmB,cosine,13.238695,-1.321188
241011_181056_Plate_1,A4,vpsL,cosine,17.037697,20.364517
241011_181056_Plate_1,A5,WT,cosine,8.57337,12.921484
241011_181056_Plate_1,A6,potD1,cosine,2.4660046,-1.653014
241011_181056_Plate_1,A9,vpvC_W240R,cosine,-8.34691,5.768199
241011_181056_Plate_1,B11,flaA,cosine,18.444365,7.1733027
241011_181056_Plate_1,B1,hapR,cosine,4.0559,0.3279724
241011_181056_Plate_1,B2,luxO_D47E,cosine,12.669578,3.15513
241011_181056_Plate_1,B3,rbmB,cosine,12.381452,-1.132109
241011_181056_Plate_1,B4,vpsL,cosine,17.351658,21.013071
241011_181056_Plate_1,B5,WT,cosine,9.813807,12.480936
241011_181056_Plate_1,B6,potD1,cosine,4.457692,-2.020354
241011_181056_Plate_1,B9,vpvC_W240R,cosine,-7.425496,6.5767407
241011_181056_Plate_1,C11,flaA,cosine,18.925467,7.3697023
241011_181056_Plate_1,C1,hapR,cosine,4.517206,0.13218796
241011_181056_Plate_1,C2,luxO_D47E,cosine,12.585106,3.412437
241011_181056_Plate_1,C3,rbmB,cosine,12.787534,-0.96333796
241011_181056_Plate_1,C4,vpsL,cosine,17.020994,21.420946
241011_181056_Plate_1,C5,WT,cosine,6.0596294,12.869452
241011_181056_Plate_1,C6,potD1,cosine,3.7359297,-2.2077153
241011_181056_Plate_1,C9,vpvC_W240R,cosine,-5.7845187,6.460703
241011_181056_Plate_1,D11,flaA,cosine,18.904753,7.109376
241011_181056_Plate_1,D1,hapR,cosine,2.756231,0.753053
241011_181056_Plate_1,D2,luxO_D47E,cosine,12.663414,3.1231425
241011_181056_Plate_1,D3,rbmB,cosine,12.278044,-1.1404126
241011_181056_Plate_1,D4,vpsL,cosine,17.1095,20.87026
241011_181056_Plate_1,D5,WT,cosine,8.845783,12.518362
241011_181056_Plate_1,D6,potD1,cosine,2.6452146,-2.0210338
241011_181056_Plate_1,D9,vpvC_W240R,cosine,-6.1828103,7.324915
241011_181056_Plate_1,E10,vpsL,cosine,16.753721,21.22581
241011_181056_Plate_1,E11,WT,cosine,8.324041,12.639974
241011_181056_Plate_1,E12,potD1,cosine,1.9905655,-1.799143
241011_181056_Plate_1,E3,vpvC_W240R,cosine,-8.712403,5.6904764
241011_181056_Plate_1,E5,flaA,cosine,18.72201,6.8847113
241011_181056_Plate_1,E7,hapR,cosine,4.348318,0.3392579
241011_181056_Plate_1,E8,luxO_D47E,cosine,11.78732,4.550346
241011_181056_Plate_1,E9,rbmB,cosine,12.103545,-1.4731809
241011_181056_Plate_1,F10,vpsL,cosine,17.771214,20.835144
241011_181056_Plate_1,F11,WT,cosine,8.623273,13.072579
241011_181056_Plate_1,F12,potD1,cosine,2.8548553,-2.5861697
241011_181056_Plate_1,F3,vpvC_W240R,cosine,-6.765606,7.069152
241011_181056_Plate_1,F5,flaA,cosine,18.845062,7.0455585
241011_181056_Plate_1,F7,hapR,cosine,4.5067453,0.32496566
241011_181056_Plate_1,F8,luxO_D47E,cosine,12.558935,3.0050006
241011_181056_Plate_1,F9,rbmB,cosine,13.196901,-1.2162734
241011_181056_Plate_1,G10,vpsL,cosine,17.885628,21.040817
241011_181056_Plate_1,G11,WT,cosine,6.899481,12.550501
241011_181056_Plate_1,G12,potD1,cosine,2.5284035,-2.6024795
241011_181056_Plate_1,G3,vpvC_W240R,cosine,-6.566896,7.268787
241011_181056_Plate_1,G5,flaA,cosine,18.00404,6.109278
241011_181056_Plate_1,G7,hapR,cosine,3.237591,0.7033702
241011_181056_Plate_1,G8,luxO_D47E,cosine,11.538463,4.8748555
241011_181056_Plate_1,G9,rbmB,cosine,12.789879,-1.4286742
241011_181056_Plate_1,H10,vpsL,cosine,17.01492,21.506092
241011_181056_Plate_1,H11,WT,cosine,8.115511,13.18737
241011_181056_Plate_1,H12,potD1,cosine,1.9854659,-1.3962208
241011_181056_Plate_1,H3,vpvC_W240R,cosine,-7.5479264,6.221914
241011_181056_Plate_1,H5,flaA,cosine,18.824148,6.9182854
241011_181056_Plate_1,H7,hapR,cosine,3.5361607,0.86112136
241011_181056_Plate_1,H8,luxO_D47E,cosine,12.321891,3.095474
241011_181056_Plate_1,H9,rbmB,cosine,12.516311,-0.94382256
241011_183053_Plate_1,A11,flaA,cosine,19.151459,8.138091
241011_183053_Plate_1,A1,hapR,cosine,2.6726289,-0.20032766
241011_183053_Plate_1,A2,luxO_D47E,cosine,13.1074095,1.7029893
241011_183053_Plate_1,A3,rbmB,cosine,13.468329,-0.3554783
241011_183053_Plate_1,A4,vpsL,cosine,17.928127,20.492447
241011_183053_Plate_1,A5,WT,cosine,8.575974,13.160987
241011_183053_Plate_1,A6,potD1,cosine,2.3751144,-1.9760382
241011_183053_Plate_1,A9,vpvC_W240R,cosine,-7.7941813,6.2651076
241011_183053_Plate_1,B11,flaA,cosine,18.14249,6.1976805
241011_183053_Plate_1,B1,hapR,cosine,4.1120462,0.29634464
241011_183053_Plate_1,B2,luxO_D47E,cosine,12.380101,3.4991393
241011_183053_Plate_1,B3,rbmB,cosine,12.665172,-1.4737756
241011_183053_Plate_1,B4,vpsL,cosine,17.985537,20.699596
241011_183053_Plate_1,B5,WT,cosine,8.746511,12.447818
241011_183053_Plate_1,B6,potD1,cosine,3.7358515,-1.9968033
241011_183053_Plate_1,B9,vpvC_W240R,cosine,-6.877797,7.082601
241011_183053_Plate_1,C11,flaA,cosine,19.167973,7.8715367
241011_183053_Plate_1,C1,hapR,cosine,4.334104,0.287826
241011_183053_Plate_1,C2,luxO_D47E,cosine,12.381338,3.8536186
241011_183053_Plate_1,C3,rbmB,cosine,11.379771,-1.4917728
241011_183053_Plate_1,C4,vpsL,cosine,17.773438,21.549252
241011_183053_Plate_1,C5,WT,cosine,6.109695,13.003834
241011_183053_Plate_1,C6,potD1,cosine,2.6913805,-2.140906
241011_183053_Plate_1,C9,vpvC_W240R,cosine,-6.1919284,6.295887
241011_183053_Plate_1,D11,flaA,cosine,19.05341,7.3313665
241011_183053_Plate_1,D1,hapR,cosine,3.4434993,0.7706164
241011_183053_Plate_1,D2,luxO_D47E,cosine,12.270634,4.040538
241011_183053_Plate_1,D3,rbmB,cosine,11.981609,-1.4422495
241011_183053_Plate_1,D4,vpsL,cosine,17.233398,21.174545
241011_183053_Plate_1,D5,WT,cosine,8.95789,12.437143
241011_183053_Plate_1,D6,potD1,cosine,3.8436794,-2.2347958
241011_183053_Plate_1,D9,vpvC_W240R,cosine,-6.3322535,7.4238596
241011_183053_Plate_1,E10,vpsL,cosine,16.93407,20.839163
241011_183053_Plate_1,E11,WT,cosine,8.609379,12.677573
241011_183053_Plate_1,E12,potD1,cosine,2.4238026,-2.215354
241011_183053_Plate_1,E3,vpvC_W240R,cosine,-8.62346,5.660208
241011_183053_Plate_1,E5,flaA,cosine,18.731537,6.7550054
241011_183053_Plate_1,E7,hapR,cosine,3.889039,0.20342487
241011_183053_Plate_1,E8,luxO_D47E,cosine,11.557642,5.2053766
241011_183053_Plate_1,E9,rbmB,cosine,12.24234,-1.2959399
241011_183053_Plate_1,F10,vpsL,cosine,17.939514,20.693138
241011_183053_Plate_1,F11,WT,cosine,7.080084,12.8042965
241011_183053_Plate_1,F12,potD1,cosine,4.1586933,-2.4500802
241011_183053_Plate_1,F3,vpvC_W240R,cosine,-6.8470826,7.1220865
241011_183053_Plate_1,F5,flaA,cosine,18.99245,8.208247
241011_183053_Plate_1,F7,hapR,cosine,4.8661356,0.12876189
241011_183053_Plate_1,F8,luxO_D47E,cosine,12.273179,3.668068
241011_183053_Plate_1,F9,rbmB,cosine,12.239329,-1.3968506
241011_183053_Plate_1,G10,vpsL,cosine,17.726469,20.897963
241011_183053_Plate_1,G11,WT,cosine,8.775899,13.330476
241011_183053_Plate_1,G12,potD1,cosine,2.507204,-2.5280328
241011_183053_Plate_1,G3,vpvC_W240R,cosine,-6.4669147,7.4056287
241011_183053_Plate_1,G5,flaA,cosine,19.02952,8.312028
241011_183053_Plate_1,G7,hapR,cosine,3.3687053,0.91990566
241011_183053_Plate_1,G8,luxO_D47E,cosine,12.517317,4.2190375
241011_183053_Plate_1,G9,rbmB,cosine,12.104822,-1.5830467
241011_183053_Plate_1,H10,vpsL,cosine,16.939655,21.592556
241011_183053_Plate_1,H11,WT,cosine,8.083539,12.684056
241011_183053_Plate_1,H12,potD1,cosine,2.065306,-1.4980754
241011_183053_Plate_1,H3,vpvC_W240R,cosine,-7.363611,6.484867
241011_183053_Plate_1,H5,flaA,cosine,18.065035,6.0812526
241011_183053_Plate_1,H7,hapR,cosine,2.5356266,0.31571257
241011_183053_Plate_1,H8,luxO_D47E,cosine,12.07377,3.2175388
241011_183053_Plate_1,H9,rbmB,cosine,12.973658,-1.4916625
241014_113135_Plate_1,A11,flaA,cosine,18.808233,7.104342
241014_113135_Plate_1,A1,hapR,cosine,5.4091177,-0.50046325
241014_113135_Plate_1,A2,luxO_D47E,cosine,11.553673,6.613874
241014_113135_Plate_1,A3,rbmB,cosine,10.75724,-1.2553128
241014_113135_Plate_1,A4,vpsL,cosine,17.468655,21.737978
241014_113135_Plate_1,A5,WT,cosine,17.363037,22.094727
241014_113135_Plate_1,A6,potD1,cosine,5.896415,-1.6033344
241014_113135_Plate_1,A9,vpvC_W240R,cosine,-7.9321914,6.3836355
241014_113135_Plate_1,B11,flaA,cosine,18.901669,8.078469
241014_113135_Plate_1,B1,hapR,cosine,3.7038038,0.26290706
241014_113135_Plate_1,B2,luxO_D47E,cosine,11.565834,6.619899
241014_113135_Plate_1,B3,rbmB,cosine,11.517492,-1.6625308
241014_113135_Plate_1,B4,vpsL,cosine,16.428152,20.57625
241014_113135_Plate_1,B5,WT,cosine,17.314749,22.177752
241014_113135_Plate_1,B6,potD1,cosine,6.6404357,-1.2541369
241014_113135_Plate_1,B9,vpvC_W240R,cosine,-6.008908,7.3762054
241014_113135_Plate_1,C11,flaA,cosine,16.706507,5.829036
241014_113135_Plate_1,C1,hapR,cosine,11.379717,6.2825828
241014_113135_Plate_1,C2,luxO_D47E,cosine,11.55193,6.4250464
241014_113135_Plate_1,C3,rbmB,cosine,11.363164,6.9814167
241014_113135_Plate_1,C4,vpsL,cosine,17.439919,22.160725
241014_113135_Plate_1,C5,WT,cosine,17.33213,22.24005
241014_113135_Plate_1,C6,potD1,cosine,11.48024,6.7186875
241014_113135_Plate_1,C9,vpvC_W240R,cosine,6.198643,-1.1779954
241014_113135_Plate_1,D11,flaA,cosine,16.970905,5.858919
241014_113135_Plate_1,D1,hapR,cosine,6.494431,-1.2874771
241014_113135_Plate_1,D2,luxO_D47E,cosine,11.481875,6.479017
241014_113135_Plate_1,D3,rbmB,cosine,11.354349,-1.5838473
241014_113135_Plate_1,D4,vpsL,cosine,17.39589,22.044643
241014_113135_Plate_1,D5,WT,cosine,17.155483,22.141191
241014_113135_Plate_1,D9,vpvC_W240R,cosine,-5.6664195,6.4398265
241014_113135_Plate_1,E10,vpsL,cosine,16.31225,20.535522
241014_113135_Plate_1,E11,WT,cosine,9.825998,12.523724
241014_113135_Plate_1,E12,potD1,cosine,4.1152744,-2.3499267
241014_113135_Plate_1,E3,vpvC_W240R,cosine,5.8254843,-1.1940271
241014_113135_Plate_1,E5,flaA,cosine,11.664079,6.661022
241014_113135_Plate_1,E7,hapR,cosine,13.248056,3.8640943
241014_113135_Plate_1,E8,luxO_D47E,cosine,11.570401,6.4251637
241014_113135_Plate_1,E9,rbmB,cosine,10.874737,-1.5277761
241014_113135_Plate_1,F10,vpsL,cosine,16.538038,20.61236
241014_113135_Plate_1,F11,WT,cosine,9.459284,12.20279
241014_113135_Plate_1,F12,potD1,cosine,4.026028,-2.5023293
241014_113135_Plate_1,F3,vpvC_W240R,cosine,-5.7536874,6.6909046
241014_113135_Plate_1,F5,flaA,cosine,11.651556,6.7386327
241014_113135_Plate_1,F7,hapR,cosine,6.410033,-1.2062212
241014_113135_Plate_1,F8,luxO_D47E,cosine,11.670948,5.4862614
241014_113135_Plate_1,F9,rbmB,cosine,11.536928,-1.7398193
241014_113135_Plate_1,G10,vpsL,cosine,16.927507,21.409685
241014_113135_Plate_1,G11,WT,cosine,9.752209,12.329401
241014_113135_Plate_1,G12,potD1,cosine,4.1337843,-2.3902411
241014_113135_Plate_1,G3,vpvC_W240R,cosine,-5.6113997,6.5355587
241014_113135_Plate_1,G5,flaA,cosine,18.820204,7.81119
241014_113135_Plate_1,G7,hapR,cosine,5.3989115,-0.13472521
241014_113135_Plate_1,G8,luxO_D47E,cosine,11.718097,6.011502
241014_113135_Plate_1,G9,rbmB,cosine,12.324864,-1.3544244
241014_113135_Plate_1,H10,vpsL,cosine,16.614338,21.157515
241014_113135_Plate_1,H11,WT,cosine,8.20007,13.442085
241014_113135_Plate_1,H12,potD1,cosine,4.610493,-2.320385
241014_113135_Plate_1,H3,vpvC_W240R,cosine,-6.3329325,7.164209
241014_113135_Plate_1,H5,flaA,cosine,18.036032,6.6622176
241014_113135_Plate_1,H7,hapR,cosine,5.634439,-0.24235195
241014_113135_Plate_1,H8,luxO_D47E,cosine,11.597401,6.533119
241014_113135_Plate_1,H9,rbmB,cosine,13.472155,-0.45801494
241014_115113_Plate_1,A11,flaA,cosine,18.391224,6.342261
241014_115113_Plate_1,A1,hapR,cosine,3.356637,0.015572423
241014_115113_Plate_1,A2,luxO_D47E,cosine,11.576896,5.915053
241014_115113_Plate_1,A3,rbmB,cosine,13.006727,-0.83212566
241014_115113_Plate_1,A4,vpsL,cosine,17.435452,21.542332
241014_115113_Plate_1,A5,WT,cosine,7.98929,12.810695
241014_115113_Plate_1,A6,potD1,cosine,2.6358364,-1.8433894
241014_115113_Plate_1,A9,vpvC_W240R,cosine,-7.2417264,6.8884544
241014_115113_Plate_1,B11,flaA,cosine,19.16965,8.000963
241014_115113_Plate_1,B1,hapR,cosine,3.1654196,1.0168271
241014_115113_Plate_1,B2,luxO_D47E,cosine,11.622293,6.631338
241014_115113_Plate_1,B3,rbmB,cosine,13.562442,-0.9407594
241014_115113_Plate_1,B4,vpsL,cosine,16.827765,21.507948
241014_115113_Plate_1,B5,WT,cosine,9.596295,12.599705
241014_115113_Plate_1,B6,potD1,cosine,4.848575,-1.9294863
241014_115113_Plate_1,B9,vpvC_W240R,cosine,-5.9911947,7.3019066
241014_115113_Plate_1,C11,flaA,cosine,16.802437,5.643713
241014_115113_Plate_1,C1,hapR,cosine,6.471419,-1.2770497
241014_115113_Plate_1,C2,luxO_D47E,cosine,11.719496,5.9530272
241014_115113_Plate_1,C3,rbmB,cosine,10.889813,-1.4016218
241014_115113_Plate_1,C4,vpsL,cosine,17.409248,22.204971
241014_115113_Plate_1,C5,WT,cosine,17.28582,22.190756
241014_115113_Plate_1,C6,potD1,cosine,4.0965776,-2.2524374
241014_115113_Plate_1,C9,vpvC_W240R,cosine,-5.8868523,6.4417043
241014_115113_Plate_1,D11,flaA,cosine,18.986828,7.8759446
241014_115113_Plate_1,D1,hapR,cosine,5.850285,-0.6333067
241014_115113_Plate_1,D2,luxO_D47E,cosine,11.710886,5.584744
241014_115113_Plate_1,D3,rbmB,cosine,12.16495,-1.2035725
241014_115113_Plate_1,D4,vpsL,cosine,17.100779,21.935612
241014_115113_Plate_1,D5,WT,cosine,8.433375,12.566967
241014_115113_Plate_1,D9,vpvC_W240R,cosine,-7.796539,5.864064
241014_115113_Plate_1,E10,vpsL,cosine,15.999444,20.074902
241014_115113_Plate_1,E11,WT,cosine,9.201704,13.427919
241014_115113_Plate_1,E12,potD1,cosine,2.1525195,-2.0205283
241014_115113_Plate_1,E3,vpvC_W240R,cosine,-6.4717364,6.5174737
241014_115113_Plate_1,E5,flaA,cosine,11.898055,6.364593
241014_115113_Plate_1,E7,hapR,cosine,5.6153765,-0.31468725
241014_115113_Plate_1,E8,luxO_D47E,cosine,11.899143,4.29221
241014_115113_Plate_1,E9,rbmB,cosine,13.655079,-0.6331847
241014_115113_Plate_1,F10,vpsL,cosine,17.897438,21.046215
241014_115113_Plate_1,F11,WT,cosine,6.754672,12.929328
241014_115113_Plate_1,F12,potD1,cosine,2.1919956,-2.0956695
241014_115113_Plate_1,F3,vpvC_W240R,cosine,-5.9261565,7.3961253
241014_115113_Plate_1,F5,flaA,cosine,11.721472,6.7302957
241014_115113_Plate_1,F7,hapR,cosine,5.2054815,-0.030450499
241014_115113_Plate_1,F8,luxO_D47E,cosine,11.763399,4.1653132
241014_115113_Plate_1,F9,rbmB,cosine,11.815142,-1.6582177
241014_115113_Plate_1,G10,vpsL,cosine,17.084442,20.41162
241014_115113_Plate_1,G11,WT,cosine,9.535402,12.381758
241014_115113_Plate_1,G12,potD1,cosine,2.2691915,-1.8635513
241014_115113_Plate_1,G3,vpvC_W240R,cosine,-5.965174,7.1871405
241014_115113_Plate_1,G5,flaA,cosine,18.31772,6.539899
241014_115113_Plate_1,G7,hapR,cosine,4.322,0.2936385
241014_115113_Plate_1,G8,luxO_D47E,cosine,11.696542,4.739869
241014_115113_Plate_1,G9,rbmB,cosine,12.640389,-0.9177793
241014_115113_Plate_1,H10,vpsL,cosine,16.712126,21.113043
241014_115113_Plate_1,H11,WT,cosine,8.012076,12.946389
241014_115113_Plate_1,H12,potD1,cosine,2.440152,-2.6594245
241014_115113_Plate_1,H3,vpvC_W240R,cosine,-8.546606,5.9325366
241014_115113_Plate_1,H5,flaA,cosine,16.572647,5.766706
241014_115113_Plate_1,H7,hapR,cosine,5.57292,-0.5947166
241014_115113_Plate_1,H8,luxO_D47E,cosine,11.714594,5.0929613
241014_115113_Plate_1,H9,rbmB,cosine,13.366116,-0.68196106
241014_121049_Plate_1,A11,flaA,cosine,18.927654,7.274754
241014_121049_Plate_1,A1,hapR,cosine,3.9332657,0.16200823
241014_121049_Plate_1,A2,luxO_D47E,cosine,11.661128,6.288768
241014_121049_Plate_1,A3,rbmB,cosine,12.0974045,-1.508757
241014_121049_Plate_1,A4,vpsL,cosine,17.570848,21.30566
241014_121049_Plate_1,A5,WT,cosine,8.379026,12.813086
241014_121049_Plate_1,A6,potD1,cosine,4.463975,-2.3539338
241014_121049_Plate_1,A9,vpvC_W240R,cosine,-8.002404,6.1646843
241014_121049_Plate_1,B11,flaA,cosine,19.19392,8.349097
241014_121049_Plate_1,B1,hapR,cosine,3.1271458,0.8350154
241014_121049_Plate_1,B2,luxO_D47E,cosine,11.639698,6.0889254
241014_121049_Plate_1,B3,rbmB,cosine,13.550961,-0.8694643
241014_121049_Plate_1,B4,vpsL,cosine,16.52994,20.954704
241014_121049_Plate_1,B5,WT,cosine,9.414106,12.690222
241014_121049_Plate_1,B6,potD1,cosine,3.9115045,-2.0440736
241014_121049_Plate_1,B9,vpvC_W240R,cosine,-6.475352,7.3966084
241014_121049_Plate_1,C11,flaA,cosine,17.049538,5.9001074
241014_121049_Plate_1,C1,hapR,cosine,6.265333,-1.1682289
241014_121049_Plate_1,C2,luxO_D47E,cosine,11.65554,5.8913927
241014_121049_Plate_1,C3,rbmB,cosine,11.089075,-1.7399838
241014_121049_Plate_1,C4,vpsL,cosine,16.486362,21.058573
241014_121049_Plate_1,C5,WT,cosine,16.970886,21.968636
241014_121049_Plate_1,C6,potD1,cosine,3.6971815,-2.3643649
241014_121049_Plate_1,C9,vpvC_W240R,cosine,-5.8535066,6.386977
241014_121049_Plate_1,D11,flaA,cosine,16.977589,5.7156115
241014_121049_Plate_1,D1,hapR,cosine,5.451798,-0.3225216
241014_121049_Plate_1,D2,luxO_D47E,cosine,11.592668,6.155035
241014_121049_Plate_1,D3,rbmB,cosine,12.31802,-1.5709734
241014_121049_Plate_1,D4,vpsL,cosine,16.755985,21.4209
241014_121049_Plate_1,D5,WT,cosine,8.162959,12.63206
241014_121049_Plate_1,D9,vpvC_W240R,cosine,-6.7927637,6.8602595
241014_121049_Plate_1,E10,vpsL,cosine,17.889305,20.748817
241014_121049_Plate_1,E11,WT,cosine,8.827342,13.051893
241014_121049_Plate_1,E12,potD1,cosine,2.8605373,-2.7571723
241014_121049_Plate_1,E3,vpvC_W240R,cosine,-7.7711744,6.177739
241014_121049_Plate_1,E5,flaA,cosine,18.466192,6.5893373
241014_121049_Plate_1,E7,hapR,cosine,5.394477,-0.15025114
241014_121049_Plate_1,E8,luxO_D47E,cosine,11.625896,5.3140707
241014_121049_Plate_1,E9,rbmB,cosine,13.211911,-0.9369278
241014_121049_Plate_1,F10,vpsL,cosine,18.079346,20.204058
241014_121049_Plate_1,F11,WT,cosine,8.979076,13.345374
241014_121049_Plate_1,F12,potD1,cosine,2.2292125,-1.8542696
241014_121049_Plate_1,F3,vpvC_W240R,cosine,-6.5559063,7.2348866
241014_121049_Plate_1,F5,flaA,cosine,16.705288,5.840484
241014_121049_Plate_1,F7,hapR,cosine,4.944384,0.14323097
241014_121049_Plate_1,F8,luxO_D47E,cosine,12.06223,4.2919474
241014_121049_Plate_1,F9,rbmB,cosine,12.470237,-1.1117136
241014_121049_Plate_1,G10,vpsL,cosine,16.78262,20.641712
241014_121049_Plate_1,G11,WT,cosine,8.469184,12.5990305
241014_121049_Plate_1,G12,potD1,cosine,2.9374206,-2.6613548
241014_121049_Plate_1,G3,vpvC_W240R,cosine,-6.04514,7.2856293
241014_121049_Plate_1,G5,flaA,cosine,18.822544,6.9558415
241014_121049_Plate_1,G7,hapR,cosine,4.8101797,0.30938882
241014_121049_Plate_1,G8,luxO_D47E,cosine,11.754409,5.5890746
241014_121049_Plate_1,G9,rbmB,cosine,13.332753,-0.63539374
241014_121049_Plate_1,H10,vpsL,cosine,16.761578,20.852411
241014_121049_Plate_1,H11,WT,cosine,6.881391,12.598603
241014_121049_Plate_1,H12,potD1,cosine,3.066236,-2.877027
241014_121049_Plate_1,H3,vpvC_W240R,cosine,-7.7090316,6.548474
241014_121049_Plate_1,H5,flaA,cosine,17.087654,5.7765374
241014_121049_Plate_1,H7,hapR,cosine,4.484803,0.1245117
241014_121049_Plate_1,H8,luxO_D47E,cosine,11.931029,5.3612385
241014_121049_Plate_1,H9,rbmB,cosine,13.627726,-0.35253227
241016_105223_Plate_1,A11,flaA,cosine,17.985222,6.576222
241016_105223_Plate_1,A1,hapR,cosine,5.3622103,-0.3664215
241016_105223_Plate_1,A2,luxO_D47E,cosine,11.669167,5.2340803
241016_105223_Plate_1,A3,rbmB,cosine,13.8972225,-0.8328295
241016_105223_Plate_1,A4,vpsL,cosine,16.901575,20.678167
241016_105223_Plate_1,A5,WT,cosine,8.669037,12.894921
241016_105223_Plate_1,A6,potD1,cosine,3.4641595,-2.5654697
241016_105223_Plate_1,A9,vpvC_W240R,cosine,-6.5395865,6.615943
241016_105223_Plate_1,B11,flaA,cosine,18.705688,7.916897
241016_105223_Plate_1,B1,hapR,cosine,5.8561683,-0.49062765
241016_105223_Plate_1,B2,luxO_D47E,cosine,11.764053,5.0229535
241016_105223_Plate_1,B3,rbmB,cosine,12.875272,-1.6907263
241016_105223_Plate_1,B4,vpsL,cosine,17.80181,20.204163
241016_105223_Plate_1,B5,WT,cosine,8.801948,12.8919
241016_105223_Plate_1,B6,potD1,cosine,5.1268096,-1.7056628
241016_105223_Plate_1,B9,vpvC_W240R,cosine,-6.4672117,6.7573957
241016_105223_Plate_1,C11,flaA,cosine,16.811098,5.790894
241016_105223_Plate_1,C1,hapR,cosine,5.7555003,-0.20788035
241016_105223_Plate_1,C2,luxO_D47E,cosine,11.633772,4.626048
241016_105223_Plate_1,C3,rbmB,cosine,14.157739,-0.8192371
241016_105223_Plate_1,C4,vpsL,cosine,17.851254,21.017366
241016_105223_Plate_1,C5,WT,cosine,8.039362,13.121725
241016_105223_Plate_1,C6,potD1,cosine,4.5018997,-1.6710044
241016_105223_Plate_1,C9,vpvC_W240R,cosine,-5.974954,6.460904
241016_105223_Plate_1,D11,flaA,cosine,16.900667,5.7708263
241016_105223_Plate_1,D1,hapR,cosine,5.5538197,-0.32181993
241016_105223_Plate_1,D2,luxO_D47E,cosine,11.683305,5.7209454
241016_105223_Plate_1,D3,rbmB,cosine,11.787322,-1.7037159
241016_105223_Plate_1,D4,vpsL,cosine,16.971508,20.702456
241016_105223_Plate_1,D5,WT,cosine,7.620425,12.654451
241016_105223_Plate_1,D6,potD1,cosine,5.201031,-1.9361843
241016_105223_Plate_1,D9,vpvC_W240R,cosine,-5.6799574,6.453557
241016_105223_Plate_1,E10,vpsL,cosine,16.009975,20.02724
241016_105223_Plate_1,E11,WT,cosine,7.6710954,12.648034
241016_105223_Plate_1,E12,potD1,cosine,4.4648786,-2.297848
241016_105223_Plate_1,E3,vpvC_W240R,cosine,-6.461736,6.6990414
241016_105223_Plate_1,E5,flaA,cosine,18.006222,6.748499
241016_105223_Plate_1,E7,hapR,cosine,5.399544,-0.23536958
241016_105223_Plate_1,E8,luxO_D47E,cosine,11.603377,5.8912234
241016_105223_Plate_1,E9,rbmB,cosine,13.117464,-1.2538195
241016_105223_Plate_1,F10,vpsL,cosine,16.89386,20.944164
241016_105223_Plate_1,F11,WT,cosine,7.20128,12.712656
241016_105223_Plate_1,F12,potD1,cosine,3.7871184,-2.601832
241016_105223_Plate_1,F3,vpvC_W240R,cosine,-6.0487037,7.1518
241016_105223_Plate_1,F5,flaA,cosine,18.326466,7.1734147
241016_105223_Plate_1,F7,hapR,cosine,5.655736,-0.51931816
241016_105223_Plate_1,F8,luxO_D47E,cosine,11.70104,4.9688964
241016_105223_Plate_1,F9,rbmB,cosine,12.622292,-1.6120927
241016_105223_Plate_1,G10,vpsL,cosine,16.078213,20.095673
241016_105223_Plate_1,G11,WT,cosine,6.5519643,12.799979
241016_105223_Plate_1,G12,potD1,cosine,2.7432156,-2.395794
241016_105223_Plate_1,G3,vpvC_W240R,cosine,-6.468384,6.6956286
241016_105223_Plate_1,G5,flaA,cosine,18.224606,7.175531
241016_105223_Plate_1,G7,hapR,cosine,5.522794,-0.09017125
241016_105223_Plate_1,G8,luxO_D47E,cosine,11.967383,4.953184
241016_105223_Plate_1,G9,rbmB,cosine,11.40793,-1.4122458
241016_105223_Plate_1,H10,vpsL,cosine,15.771409,19.946186
241016_105223_Plate_1,H11,WT,cosine,7.656544,12.725861
241016_105223_Plate_1,H12,potD1,cosine,4.189218,-2.4615602
241016_105223_Plate_1,H3,vpvC_W240R,cosine,-6.914039,6.5160937
241016_105223_Plate_1,H5,flaA,cosine,18.232615,7.8514786
241016_105223_Plate_1,H7,hapR,cosine,6.3056726,-1.096597
241016_105223_Plate_1,H8,luxO_D47E,cosine,11.852866,5.464497
241016_105223_Plate_1,H9,rbmB,cosine,12.69813,-1.6981206
241016_113137_Plate_1,A11,flaA,cosine,18.958067,7.164987
241016_113137_Plate_1,A1,hapR,cosine,2.789653,-0.019907333
241016_113137_Plate_1,A2,luxO_D47E,cosine,11.987421,3.2105742
241016_113137_Plate_1,A3,rbmB,cosine,13.925563,0.029865652
241016_113137_Plate_1,A4,vpsL,cosine,18.05849,20.381132
241016_113137_Plate_1,A5,WT,cosine,8.240167,13.511047
241016_113137_Plate_1,A6,potD1,cosine,2.5644841,-2.4203403
241016_113137_Plate_1,A9,vpvC_W240R,cosine,-6.984852,6.817822
241016_113137_Plate_1,B11,flaA,cosine,18.929138,7.938491
241016_113137_Plate_1,B1,hapR,cosine,3.9871764,0.42715812
241016_113137_Plate_1,B2,luxO_D47E,cosine,11.839526,3.4810123
241016_113137_Plate_1,B3,rbmB,cosine,13.894291,-1.0056248
241016_113137_Plate_1,B4,vpsL,cosine,17.793509,20.01354
241016_113137_Plate_1,B5,WT,cosine,7.032061,12.493994
241016_113137_Plate_1,B6,potD1,cosine,2.8975248,-2.1543536
241016_113137_Plate_1,B9,vpvC_W240R,cosine,-7.8290887,5.941563
241016_113137_Plate_1,C11,flaA,cosine,17.821169,6.166705
241016_113137_Plate_1,C1,hapR,cosine,4.483488,0.012015732
241016_113137_Plate_1,C2,luxO_D47E,cosine,11.474201,4.1625185
241016_113137_Plate_1,C3,rbmB,cosine,13.810739,-0.086872965
241016_113137_Plate_1,C4,vpsL,cosine,17.965733,20.282118
241016_113137_Plate_1,C5,WT,cosine,8.0755,12.515006
241016_113137_Plate_1,C6,potD1,cosine,3.0495758,-1.9541451
241016_113137_Plate_1,C9,vpvC_W240R,cosine,-5.690383,6.3370614
241016_113137_Plate_1,D11,flaA,cosine,18.383656,6.7532887
241016_113137_Plate_1,D1,hapR,cosine,4.68287,0.3832853
241016_113137_Plate_1,D2,luxO_D47E,cosine,11.953243,5.087098
241016_113137_Plate_1,D3,rbmB,cosine,13.773592,-1.0776709
241016_113137_Plate_1,D4,vpsL,cosine,17.613777,20.07242
241016_113137_Plate_1,D5,WT,cosine,6.0326815,12.816097
241016_113137_Plate_1,D6,potD1,cosine,5.201736,-2.022118
241016_113137_Plate_1,D9,vpvC_W240R,cosine,-5.866086,6.671192
241016_113137_Plate_1,E10,vpsL,cosine,17.85789,20.296156
241016_113137_Plate_1,E11,WT,cosine,6.7847123,12.728031
241016_113137_Plate_1,E12,potD1,cosine,2.1596878,-2.1016643
241016_113137_Plate_1,E3,vpvC_W240R,cosine,-7.3300405,6.766349
241016_113137_Plate_1,E5,flaA,cosine,18.093641,6.8229303
241016_113137_Plate_1,E7,hapR,cosine,3.4543526,0.23467267
241016_113137_Plate_1,E8,luxO_D47E,cosine,11.797077,3.7202096
241016_113137_Plate_1,E9,rbmB,cosine,13.653914,-1.1062939
241016_113137_Plate_1,F10,vpsL,cosine,17.581202,20.578936
241016_113137_Plate_1,F11,WT,cosine,6.1824555,12.809636
241016_113137_Plate_1,F12,potD1,cosine,3.0056574,-2.7395046
241016_113137_Plate_1,F3,vpvC_W240R,cosine,-6.284425,7.4425616
241016_113137_Plate_1,F5,flaA,cosine,17.55125,6.235696
241016_113137_Plate_1,F7,hapR,cosine,4.9160466,0.24574614
241016_113137_Plate_1,F8,luxO_D47E,cosine,11.551228,3.791464
241016_113137_Plate_1,F9,rbmB,cosine,13.814401,-0.23595469
241016_113137_Plate_1,G10,vpsL,cosine,17.458591,21.562002
241016_113137_Plate_1,G11,WT,cosine,6.0471935,12.855486
241016_113137_Plate_1,G12,potD1,cosine,2.0446346,-1.2903775
241016_113137_Plate_1,G3,vpvC_W240R,cosine,-7.6732683,6.080376
241016_113137_Plate_1,G5,flaA,cosine,18.769722,7.5104012
241016_113137_Plate_1,G7,hapR,cosine,5.011562,0.24878955
241016_113137_Plate_1,G8,luxO_D47E,cosine,11.629769,4.2517967
241016_113137_Plate_1,G9,rbmB,cosine,12.615082,-1.0117686
241016_113137_Plate_1,H10,vpsL,cosine,16.30684,19.848402
241016_113137_Plate_1,H11,WT,cosine,6.0550723,12.907636
241016_113137_Plate_1,H12,potD1,cosine,2.022956,-1.90086
241016_113137_Plate_1,H3,vpvC_W240R,cosine,-7.697285,5.8487344
241016_113137_Plate_1,H5,flaA,cosine,17.855587,6.690268
241016_113137_Plate_1,H7,hapR,cosine,4.5750237,0.38307637
241016_113137_Plate_1,H8,luxO_D47E,cosine,12.136563,3.9306188
241016_113137_Plate_1,H9,rbmB,cosine,13.673293,-0.43010026
241017_175114_Plate_1,A11,flaA,cosine,18.590338,8.536491
241017_175114_Plate_1,A1,hapR,cosine,2.7567627,-0.034655865
241017_175114_Plate_1,A2,luxO_D47E,cosine,12.554055,3.4786224
241017_175114_Plate_1,A3,rbmB,cosine,13.9519415,-0.5687452
241017_175114_Plate_1,A4,vpsL,cosine,17.60492,20.142952
241017_175114_Plate_1,A5,WT,cosine,7.4149103,12.93231
241017_175114_Plate_1,A6,potD1,cosine,2.2617233,-1.2029579
241017_175114_Plate_1,A9,vpvC_W240R,cosine,-8.061261,5.8106637
241017_175114_Plate_1,B11,flaA,cosine,19.136349,8.094686
241017_175114_Plate_1,B1,hapR,cosine,3.7178495,0.54946196
241017_175114_Plate_1,B2,luxO_D47E,cosine,12.564785,3.3672395
241017_175114_Plate_1,B3,rbmB,cosine,12.980674,-1.3382174
241017_175114_Plate_1,B4,vpsL,cosine,17.533508,20.119745
241017_175114_Plate_1,B5,WT,cosine,7.9225736,12.866617
241017_175114_Plate_1,B6,potD1,cosine,3.3206801,-2.1324978
241017_175114_Plate_1,B9,vpvC_W240R,cosine,-7.571017,6.290855
241017_175114_Plate_1,C11,flaA,cosine,17.313364,5.8794036
241017_175114_Plate_1,C1,hapR,cosine,4.043989,0.2569688
241017_175114_Plate_1,C2,luxO_D47E,cosine,12.791689,4.089643
241017_175114_Plate_1,C3,rbmB,cosine,13.799451,-1.1811441
241017_175114_Plate_1,C4,vpsL,cosine,17.17744,20.233067
241017_175114_Plate_1,C5,WT,cosine,8.492672,12.577055
241017_175114_Plate_1,C6,potD1,cosine,3.5145535,-2.163936
241017_175114_Plate_1,C9,vpvC_W240R,cosine,13.696995,0.21778913
241017_175114_Plate_1,D11,flaA,cosine,18.061218,5.979186
241017_175114_Plate_1,D1,hapR,cosine,4.872823,0.40117204
241017_175114_Plate_1,D2,luxO_D47E,cosine,11.834153,4.7203565
241017_175114_Plate_1,D3,rbmB,cosine,11.687094,-1.3479595
241017_175114_Plate_1,D4,vpsL,cosine,17.261545,20.037155
241017_175114_Plate_1,D5,WT,cosine,6.0311847,13.051165
241017_175114_Plate_1,D6,potD1,cosine,2.053814,-2.084969
241017_175114_Plate_1,D9,vpvC_W240R,cosine,-6.8344746,7.0614457
241017_175114_Plate_1,E10,vpsL,cosine,17.792923,20.31656
241017_175114_Plate_1,E11,WT,cosine,8.333336,13.148477
241017_175114_Plate_1,E12,potD1,cosine,2.245589,-2.2602718
241017_175114_Plate_1,E3,vpvC_W240R,cosine,-8.7059555,5.5993257
241017_175114_Plate_1,E5,flaA,cosine,18.819803,7.242416
241017_175114_Plate_1,E7,hapR,cosine,4.9872637,-0.020056156
241017_175114_Plate_1,E8,luxO_D47E,cosine,12.228671,3.733007
241017_175114_Plate_1,E9,rbmB,cosine,12.256413,-1.6849501
241017_175114_Plate_1,F10,vpsL,cosine,17.184645,19.876995
241017_175114_Plate_1,F11,WT,cosine,6.8585,12.885572
241017_175114_Plate_1,F12,potD1,cosine,2.177498,-2.2732034
241017_175114_Plate_1,F3,vpvC_W240R,cosine,-7.8272204,5.9721355
241017_175114_Plate_1,F5,flaA,cosine,18.648964,6.6593666
241017_175114_Plate_1,F7,hapR,cosine,5.1216993,-0.09858537
241017_175114_Plate_1,F8,luxO_D47E,cosine,11.51664,4.8361816
241017_175114_Plate_1,F9,rbmB,cosine,12.33795,-1.2844982
241017_175114_Plate_1,G10,vpsL,cosine,17.1143,19.982428
241017_175114_Plate_1,G11,WT,cosine,6.8129163,12.618894
241017_175114_Plate_1,G12,potD1,cosine,2.0320868,-1.9183428
241017_175114_Plate_1,G3,vpvC_W240R,cosine,-7.395834,6.3559628
241017_175114_Plate_1,G5,flaA,cosine,18.906921,7.780383
241017_175114_Plate_1,G7,hapR,cosine,5.013008,0.16543022
241017_175114_Plate_1,G8,luxO_D47E,cosine,11.888774,4.491026
241017_175114_Plate_1,G9,rbmB,cosine,12.701607,-1.2243804
241017_175114_Plate_1,H10,vpsL,cosine,18.07556,20.246498
241017_175114_Plate_1,H11,WT,cosine,6.6725373,13.234648
241017_175114_Plate_1,H12,potD1,cosine,4.678045,-2.3505926
241017_175114_Plate_1,H3,vpvC_W240R,cosine,-8.522443,5.536078
241017_175114_Plate_1,H5,flaA,cosine,18.943129,7.495715
241017_175114_Plate_1,H7,hapR,cosine,3.6035275,0.4607364
241017_175114_Plate_1,H8,luxO_D47E,cosine,12.330313,3.857063
241017_175114_Plate_1,H9,rbmB,cosine,12.862572,-1.7209727
241017_181052_Plate_1,A11,flaA,cosine,19.057285,7.5335193
241017_181052_Plate_1,A1,hapR,cosine,2.889489,-0.049222767
241017_181052_Plate_1,A2,luxO_D47E,cosine,11.675546,4.4108357
241017_181052_Plate_1,A3,rbmB,cosine,13.808527,-0.19009562
241017_181052_Plate_1,A4,vpsL,cosine,17.184088,21.191137
241017_181052_Plate_1,A5,WT,cosine,7.456004,12.930348
241017_181052_Plate_1,A6,potD1,cosine,3.8890643,-1.7522389
241017_181052_Plate_1,A9,vpvC_W240R,cosine,-8.395187,5.584187
241017_181052_Plate_1,B11,flaA,cosine,19.206432,7.7897396
241017_181052_Plate_1,B1,hapR,cosine,4.0957007,0.08504754
241017_181052_Plate_1,B2,luxO_D47E,cosine,12.449259,3.9660041
241017_181052_Plate_1,B3,rbmB,cosine,13.045023,-1.5287511
241017_181052_Plate_1,B4,vpsL,cosine,17.791824,20.616098
241017_181052_Plate_1,B5,WT,cosine,6.198698,13.103998
241017_181052_Plate_1,B6,potD1,cosine,3.7030654,-2.1609945
241017_181052_Plate_1,B9,vpvC_W240R,cosine,-7.1622066,6.374556
241017_181052_Plate_1,C11,flaA,cosine,18.86224,6.870312
241017_181052_Plate_1,C1,hapR,cosine,4.3263974,0.036011193
241017_181052_Plate_1,C2,luxO_D47E,cosine,11.730124,4.207373
241017_181052_Plate_1,C3,rbmB,cosine,13.732666,-1.1678952
241017_181052_Plate_1,C4,vpsL,cosine,17.413422,19.956818
241017_181052_Plate_1,C5,WT,cosine,7.0413175,13.079393
241017_181052_Plate_1,C6,potD1,cosine,3.098575,-2.4550993
241017_181052_Plate_1,C9,vpvC_W240R,cosine,13.673234,0.27245453
241017_181052_Plate_1,D11,flaA,cosine,19.097893,8.665371
241017_181052_Plate_1,D1,hapR,cosine,3.5150378,0.5929852
241017_181052_Plate_1,D2,luxO_D47E,cosine,11.959675,4.33772
241017_181052_Plate_1,D3,rbmB,cosine,12.516852,-0.94170225
241017_181052_Plate_1,D4,vpsL,cosine,17.3113,20.08661
241017_181052_Plate_1,D5,WT,cosine,5.972794,12.945495
241017_181052_Plate_1,D6,potD1,cosine,3.1276107,-2.2528777
241017_181052_Plate_1,D9,vpvC_W240R,cosine,-7.642413,5.8587656
241017_181052_Plate_1,E10,vpsL,cosine,17.063301,20.686426
241017_181052_Plate_1,E11,WT,cosine,8.88141,13.168241
241017_181052_Plate_1,E12,potD1,cosine,2.175347,-2.1687727
241017_181052_Plate_1,E3,vpvC_W240R,cosine,-8.072074,6.094488
241017_181052_Plate_1,E5,flaA,cosine,17.265646,5.881961
241017_181052_Plate_1,E7,hapR,cosine,4.926978,-0.023344379
241017_181052_Plate_1,E8,luxO_D47E,cosine,11.542753,4.7196636
241017_181052_Plate_1,E9,rbmB,cosine,13.535908,-1.2651051
241017_181052_Plate_1,F10,vpsL,cosine,17.621483,20.047033
241017_181052_Plate_1,F11,WT,cosine,8.130845,13.046368
241017_181052_Plate_1,F12,potD1,cosine,2.7816024,-2.7585025
241017_181052_Plate_1,F3,vpvC_W240R,cosine,-7.594505,6.070063
241017_181052_Plate_1,F5,flaA,cosine,18.485249,6.40954
241017_181052_Plate_1,F7,hapR,cosine,5.0496764,-0.40866455
241017_181052_Plate_1,F8,luxO_D47E,cosine,11.739429,5.464422
241017_181052_Plate_1,F9,rbmB,cosine,12.103351,-1.1902962
241017_181052_Plate_1,G10,vpsL,cosine,16.218039,20.294971
241017_181052_Plate_1,G11,WT,cosine,8.606467,13.070089
241017_181052_Plate_1,G12,potD1,cosine,2.3096032,-2.3896625
241017_181052_Plate_1,G3,vpvC_W240R,cosine,-8.099759,5.7803144
241017_181052_Plate_1,G5,flaA,cosine,18.833542,8.535023
241017_181052_Plate_1,G7,hapR,cosine,4.949223,-0.33222955
241017_181052_Plate_1,G8,luxO_D47E,cosine,12.630953,3.301588
241017_181052_Plate_1,G9,rbmB,cosine,12.582338,-1.4940085
241017_181052_Plate_1,H10,vpsL,cosine,16.87101,21.27446
241017_181052_Plate_1,H11,WT,cosine,8.256779,12.900217
241017_181052_Plate_1,H12,potD1,cosine,4.8456635,-2.271161
241017_181052_Plate_1,H3,vpvC_W240R,cosine,-8.326091,5.66404
241017_181052_Plate_1,H5,flaA,cosine,18.679987,7.3295407
241017_181052_Plate_1,H7,hapR,cosine,5.3241115,-0.37237984
241017_181052_Plate_1,H8,luxO_D47E,cosine,12.179727,4.057515
241017_181052_Plate_1,H9,rbmB,cosine,13.52051,-0.5300351
241017_183030_Plate_1,A11,flaA,cosine,18.81551,7.810932
241017_183030_Plate_1,A1,hapR,cosine,3.243296,0.12006797
241017_183030_Plate_1,A2,luxO_D47E,cosine,11.83192,4.5745745
241017_183030_Plate_1,A3,rbmB,cosine,12.845408,-1.0693234
241017_183030_Plate_1,A4,vpsL,cosine,16.723272,21.355341
241017_183030_Plate_1,A5,WT,cosine,8.062318,13.191648
241017_183030_Plate_1,A6,potD1,cosine,2.6934063,-1.7957852
241017_183030_Plate_1,A9,vpvC_W240R,cosine,-7.8404803,5.7543693
241017_183030_Plate_1,B11,flaA,cosine,18.764212,6.791735
241017_183030_Plate_1,B1,hapR,cosine,3.7909606,0.49426213
241017_183030_Plate_1,B2,luxO_D47E,cosine,11.509372,4.921961
241017_183030_Plate_1,B3,rbmB,cosine,11.1235695,-1.4864311
241017_183030_Plate_1,B4,vpsL,cosine,17.446743,21.590582
241017_183030_Plate_1,B5,WT,cosine,9.506186,12.678473
241017_183030_Plate_1,B6,potD1,cosine,5.457229,-1.7997414
241017_183030_Plate_1,B9,vpvC_W240R,cosine,-7.1662316,6.316041
241017_183030_Plate_1,C11,flaA,cosine,17.895342,6.0014186
241017_183030_Plate_1,C1,hapR,cosine,5.1800685,-0.25870743
241017_183030_Plate_1,C2,luxO_D47E,cosine,11.451207,5.034258
241017_183030_Plate_1,C3,rbmB,cosine,13.509428,-1.073642
241017_183030_Plate_1,C4,vpsL,cosine,17.964495,20.212692
241017_183030_Plate_1,C5,WT,cosine,8.757288,12.529966
241017_183030_Plate_1,C6,potD1,cosine,5.932337,-1.5809307
241017_183030_Plate_1,C9,vpvC_W240R,cosine,13.669897,0.12388291
241017_183030_Plate_1,D11,flaA,cosine,19.188234,8.041499
241017_183030_Plate_1,D1,hapR,cosine,3.5161045,0.53005385
241017_183030_Plate_1,D2,luxO_D47E,cosine,11.588726,5.8428216
241017_183030_Plate_1,D3,rbmB,cosine,11.359435,-1.5492036
241017_183030_Plate_1,D4,vpsL,cosine,16.837246,19.971687
241017_183030_Plate_1,D5,WT,cosine,8.351915,13.291929
241017_183030_Plate_1,D6,potD1,cosine,4.5216784,-2.0091944
241017_183030_Plate_1,D9,vpvC_W240R,cosine,-8.157647,5.65659
241017_183030_Plate_1,E10,vpsL,cosine,15.720347,19.85587
241017_183030_Plate_1,E11,WT,cosine,8.811378,13.526985
241017_183030_Plate_1,E12,potD1,cosine,4.8218136,-2.1743174
241017_183030_Plate_1,E3,vpvC_W240R,cosine,-8.206627,5.706015
241017_183030_Plate_1,E5,flaA,cosine,18.124556,5.9881396
241017_183030_Plate_1,E7,hapR,cosine,5.203669,-0.27507532
241017_183030_Plate_1,E8,luxO_D47E,cosine,11.5217085,5.1670227
241017_183030_Plate_1,E9,rbmB,cosine,11.648759,-1.4511517
241017_183030_Plate_1,F10,vpsL,cosine,17.35084,20.681723
241017_183030_Plate_1,F11,WT,cosine,9.804379,12.318032
241017_183030_Plate_1,F12,potD1,cosine,4.6745825,-2.2713928
241017_183030_Plate_1,F3,vpvC_W240R,cosine,-6.3175917,7.383618
241017_183030_Plate_1,F5,flaA,cosine,18.104404,6.0600657
241017_183030_Plate_1,F7,hapR,cosine,5.763874,-0.7004481
241017_183030_Plate_1,F8,luxO_D47E,cosine,11.546154,5.5244503
241017_183030_Plate_1,F9,rbmB,cosine,11.10524,-1.447793
241017_183030_Plate_1,G10,vpsL,cosine,16.627392,20.904785
241017_183030_Plate_1,G11,WT,cosine,9.247418,12.908215
241017_183030_Plate_1,G12,potD1,cosine,4.5594296,-2.225743
241017_183030_Plate_1,G3,vpvC_W240R,cosine,-6.8120446,6.591504
241017_183030_Plate_1,G5,flaA,cosine,18.50228,6.509533
241017_183030_Plate_1,G7,hapR,cosine,5.7937765,-0.50568646
241017_183030_Plate_1,G8,luxO_D47E,cosine,12.016052,4.360069
241017_183030_Plate_1,G9,rbmB,cosine,13.120773,3.874256
241017_183030_Plate_1,H10,vpsL,cosine,16.891981,21.403767
241017_183030_Plate_1,H11,WT,cosine,9.087387,13.153989
241017_183030_Plate_1,H12,potD1,cosine,6.0243063,-1.577612
241017_183030_Plate_1,H3,vpvC_W240R,cosine,-8.031867,6.0606294
241017_183030_Plate_1,H5,flaA,cosine,19.041233,7.550144
241017_183030_Plate_1,H7,hapR,cosine,5.437656,-0.1258387
241017_183030_Plate_1,H8,luxO_D47E,cosine,12.132135,4.447854
241017_183030_Plate_1,H9,rbmB,cosine,12.163477,-1.8304981
241023_161758_Plate_1,A11,flaA,cosine,18.45057,8.523233
241023_161758_Plate_1,A1,hapR,cosine,3.132874,-0.067729264
241023_161758_Plate_1,A2,luxO_D47E,cosine,11.619367,3.8226707
241023_161758_Plate_1,A3,rbmB,cosine,12.227568,-1.5668035
241023_161758_Plate_1,A4,vpsL,cosine,16.511549,21.09968
241023_161758_Plate_1,A5,WT,cosine,8.994098,12.654494
241023_161758_Plate_1,A6,potD1,cosine,4.9788556,-1.7648346
241023_161758_Plate_1,A9,vpvC_W240R,cosine,-6.415297,6.594491
241023_161758_Plate_1,B11,flaA,cosine,18.584957,8.632773
241023_161758_Plate_1,B1,hapR,cosine,3.2657368,1.0439607
241023_161758_Plate_1,B2,luxO_D47E,cosine,11.964912,3.8026626
241023_161758_Plate_1,B3,rbmB,cosine,13.707083,-1.0760168
241023_161758_Plate_1,B4,vpsL,cosine,16.301226,20.015516
241023_161758_Plate_1,B5,WT,cosine,8.844301,12.86078
241023_161758_Plate_1,B6,potD1,cosine,4.9202094,-1.3939189
241023_161758_Plate_1,B9,vpvC_W240R,cosine,-6.504706,6.9035554
241023_161758_Plate_1,C11,flaA,cosine,18.425806,8.433673
241023_161758_Plate_1,C1,hapR,cosine,3.124531,0.9233311
241023_161758_Plate_1,C2,luxO_D47E,cosine,11.66867,3.7200496
241023_161758_Plate_1,C3,rbmB,cosine,13.219268,-1.3172075
241023_161758_Plate_1,C4,vpsL,cosine,16.4451,19.53249
241023_161758_Plate_1,C5,WT,cosine,9.16758,12.45489
241023_161758_Plate_1,C6,potD1,cosine,5.4835114,-1.7448752
241023_161758_Plate_1,C9,vpvC_W240R,cosine,-6.111664,6.6971703
241023_161758_Plate_1,D11,flaA,cosine,18.536337,8.471164
241023_161758_Plate_1,D1,hapR,cosine,3.0061436,1.0955436
241023_161758_Plate_1,D2,luxO_D47E,cosine,11.700622,3.906592
241023_161758_Plate_1,D3,rbmB,cosine,11.463841,-1.6258353
241023_161758_Plate_1,D4,vpsL,cosine,16.65208,19.71414
241023_161758_Plate_1,D5,WT,cosine,8.081541,13.11767
241023_161758_Plate_1,D6,potD1,cosine,5.1267557,-1.6460435
241023_161758_Plate_1,D9,vpvC_W240R,cosine,-6.3984885,6.2796454
241023_161758_Plate_1,E10,vpsL,cosine,16.849493,20.261448
241023_161758_Plate_1,E11,WT,cosine,7.806754,12.996507
241023_161758_Plate_1,E12,potD1,cosine,2.0081265,-2.1004422
241023_161758_Plate_1,E3,vpvC_W240R,cosine,-8.098886,5.7044306
241023_161758_Plate_1,E5,flaA,cosine,17.744862,6.437698
241023_161758_Plate_1,E7,hapR,cosine,5.494996,-0.42988226
241023_161758_Plate_1,E8,luxO_D47E,cosine,11.748833,5.1628356
241023_161758_Plate_1,E9,rbmB,cosine,13.931849,-0.8848593
241023_161758_Plate_1,F10,vpsL,cosine,16.910975,20.277456
241023_161758_Plate_1,F11,WT,cosine,6.820701,13.05259
241023_161758_Plate_1,F12,potD1,cosine,3.3559413,-2.5282817
241023_161758_Plate_1,F3,vpvC_W240R,cosine,-6.5214214,6.157419
241023_161758_Plate_1,F5,flaA,cosine,18.260363,8.024368
241023_161758_Plate_1,F7,hapR,cosine,5.1973505,-0.007941612
241023_161758_Plate_1,F8,luxO_D47E,cosine,11.742816,4.919428
241023_161758_Plate_1,F9,rbmB,cosine,12.695147,-1.7910647
241023_161758_Plate_1,G10,vpsL,cosine,16.345911,19.589037
241023_161758_Plate_1,G11,WT,cosine,6.9726515,12.763912
241023_161758_Plate_1,G12,potD1,cosine,3.386416,-2.609894
241023_161758_Plate_1,G3,vpvC_W240R,cosine,-6.114139,6.8969336
241023_161758_Plate_1,G5,flaA,cosine,17.16701,6.018446
241023_161758_Plate_1,G7,hapR,cosine,3.1243415,0.48190662
241023_161758_Plate_1,G8,luxO_D47E,cosine,11.580323,6.1607704
241023_161758_Plate_1,G9,rbmB,cosine,11.1531725,-1.5578151
241023_161758_Plate_1,H10,vpsL,cosine,16.542221,19.577108
241023_161758_Plate_1,H11,WT,cosine,6.2566752,12.93202
241023_161758_Plate_1,H12,potD1,cosine,2.6287694,-2.4797192
241023_161758_Plate_1,H3,vpvC_W240R,cosine,-8.842048,5.600927
241023_161758_Plate_1,H5,flaA,cosine,18.310152,8.573183
241023_161758_Plate_1,H7,hapR,cosine,3.5199344,0.86404014
241023_161758_Plate_1,H8,luxO_D47E,cosine,11.9522,5.160672
241023_161758_Plate_1,H9,rbmB,cosine,12.607962,-1.8276787
241023_163737_Plate_1,A11,flaA,cosine,18.272932,8.344155
241023_163737_Plate_1,A1,hapR,cosine,3.029039,0.19415794
241023_163737_Plate_1,A2,luxO_D47E,cosine,11.707129,3.5748193
241023_163737_Plate_1,A3,rbmB,cosine,13.998357,-0.34802255
241023_163737_Plate_1,A4,vpsL,cosine,17.16857,20.10427
241023_163737_Plate_1,A5,WT,cosine,6.6787467,13.250123
241023_163737_Plate_1,A6,potD1,cosine,2.912626,-2.1277382
241023_163737_Plate_1,A9,vpvC_W240R,cosine,-7.535144,6.1898165
241023_163737_Plate_1,B11,flaA,cosine,18.446762,8.681522
241023_163737_Plate_1,B1,hapR,cosine,3.3882957,0.9318666
241023_163737_Plate_1,B2,luxO_D47E,cosine,12.184865,2.8907871
241023_163737_Plate_1,B3,rbmB,cosine,13.867501,-1.2811326
241023_163737_Plate_1,B4,vpsL,cosine,16.696041,20.018188
241023_163737_Plate_1,B5,WT,cosine,8.196295,12.804609
241023_163737_Plate_1,B6,potD1,cosine,3.089372,-1.683893
241023_163737_Plate_1,B9,vpvC_W240R,cosine,-7.8706155,6.406657
241023_163737_Plate_1,C11,flaA,cosine,18.546562,8.05938
241023_163737_Plate_1,C1,hapR,cosine,2.7213874,0.9914453
241023_163737_Plate_1,C2,luxO_D47E,cosine,11.698423,3.4241364
241023_163737_Plate_1,C3,rbmB,cosine,13.903945,-1.1765033
241023_163737_Plate_1,C4,vpsL,cosine,16.731134,19.410004
241023_163737_Plate_1,C5,WT,cosine,15.588697,19.756805
241023_163737_Plate_1,C6,potD1,cosine,4.2368336,-1.5902029
241023_163737_Plate_1,C9,vpvC_W240R,cosine,-6.345183,7.1042504
241023_163737_Plate_1,D11,flaA,cosine,18.50793,8.63189
241023_163737_Plate_1,D1,hapR,cosine,3.0602665,1.1348722
241023_163737_Plate_1,D2,luxO_D47E,cosine,11.777604,3.5506089
241023_163737_Plate_1,D3,rbmB,cosine,13.965373,0.036771283
241023_163737_Plate_1,D4,vpsL,cosine,16.668688,19.348013
241023_163737_Plate_1,D5,WT,cosine,6.8688807,13.094272
241023_163737_Plate_1,D6,potD1,cosine,3.8205922,-1.9409069
241023_163737_Plate_1,D9,vpvC_W240R,cosine,-6.400435,6.312186
241023_163737_Plate_1,E10,vpsL,cosine,16.639097,20.03258
241023_163737_Plate_1,E11,WT,cosine,6.750198,13.242258
241023_163737_Plate_1,E12,potD1,cosine,2.3630197,-1.4801323
241023_163737_Plate_1,E3,vpvC_W240R,cosine,-8.368912,5.9187875
241023_163737_Plate_1,E5,flaA,cosine,18.174717,7.0916996
241023_163737_Plate_1,E7,hapR,cosine,3.7337213,0.35530773
241023_163737_Plate_1,E8,luxO_D47E,cosine,12.07109,3.3761096
241023_163737_Plate_1,E9,rbmB,cosine,14.145766,-0.5885239
241023_163737_Plate_1,F10,vpsL,cosine,16.741613,19.469667
241023_163737_Plate_1,F11,WT,cosine,6.123673,12.723557
241023_163737_Plate_1,F12,potD1,cosine,3.533391,-2.5779986
241023_163737_Plate_1,F3,vpvC_W240R,cosine,-7.84571,5.735368
241023_163737_Plate_1,F5,flaA,cosine,18.267345,7.905316
241023_163737_Plate_1,F7,hapR,cosine,4.573317,0.6829428
241023_163737_Plate_1,F8,luxO_D47E,cosine,11.75544,3.4997487
241023_163737_Plate_1,F9,rbmB,cosine,10.95638,-1.5476389
241023_163737_Plate_1,G10,vpsL,cosine,16.661606,19.470873
241023_163737_Plate_1,G11,WT,cosine,6.081014,12.830145
241023_163737_Plate_1,G12,potD1,cosine,2.3071969,-1.5629653
241023_163737_Plate_1,G3,vpvC_W240R,cosine,-7.353365,6.5331273
241023_163737_Plate_1,G5,flaA,cosine,17.179375,6.091861
241023_163737_Plate_1,G7,hapR,cosine,4.5244,0.61078054
241023_163737_Plate_1,G8,luxO_D47E,cosine,12.979425,3.981983
241023_163737_Plate_1,G9,rbmB,cosine,12.827038,-1.8516457
241023_163737_Plate_1,H10,vpsL,cosine,16.555742,19.313211
241023_163737_Plate_1,H11,WT,cosine,5.9855556,13.088647
241023_163737_Plate_1,H12,potD1,cosine,2.0919952,-1.472203
241023_163737_Plate_1,H3,vpvC_W240R,cosine,-8.83455,5.5901046
241023_163737_Plate_1,H5,flaA,cosine,18.325258,8.555986
241023_163737_Plate_1,H7,hapR,cosine,3.2050796,1.065554
241023_163737_Plate_1,H8,luxO_D47E,cosine,12.485426,2.787489
241023_163737_Plate_1,H9,rbmB,cosine,13.587038,-0.29015222
241023_165712_Plate_1,A11,flaA,cosine,18.314472,8.511613
241023_165712_Plate_1,A1,hapR,cosine,2.795409,-0.06047908
241023_165712_Plate_1,A2,luxO_D47E,cosine,11.764743,3.447088
241023_165712_Plate_1,A3,rbmB,cosine,13.749264,-0.17861106
241023_165712_Plate_1,A4,vpsL,cosine,16.719759,20.130316
241023_165712_Plate_1,A5,WT,cosine,6.61666,13.230896
241023_165712_Plate_1,A6,potD1,cosine,2.4719691,-1.9644487
241023_165712_Plate_1,A9,vpvC_W240R,cosine,-6.522243,7.149019
241023_165712_Plate_1,B11,flaA,cosine,18.665545,8.602145
241023_165712_Plate_1,B1,hapR,cosine,3.0505178,1.001614
241023_165712_Plate_1,B2,luxO_D47E,cosine,11.422268,4.274938
241023_165712_Plate_1,B3,rbmB,cosine,13.589961,-0.53610516
241023_165712_Plate_1,B4,vpsL,cosine,16.67749,19.849861
241023_165712_Plate_1,B5,WT,cosine,7.0278006,13.144504
241023_165712_Plate_1,B6,potD1,cosine,2.0846362,-1.2786778
241023_165712_Plate_1,B9,vpvC_W240R,cosine,-8.50326,5.634961
241023_165712_Plate_1,C11,flaA,cosine,18.561028,8.439868
241023_165712_Plate_1,C1,hapR,cosine,2.8100052,1.0111983
241023_165712_Plate_1,C2,luxO_D47E,cosine,11.6989,3.9655757
241023_165712_Plate_1,C3,rbmB,cosine,13.843479,-0.038954034
241023_165712_Plate_1,C4,vpsL,cosine,16.610075,19.344843
241023_165712_Plate_1,C5,WT,cosine,6.1896157,13.18785
241023_165712_Plate_1,C6,potD1,cosine,3.1091568,-1.9838302
241023_165712_Plate_1,C9,vpvC_W240R,cosine,-6.2575183,7.077939
241023_165712_Plate_1,D11,flaA,cosine,18.558073,7.180622
241023_165712_Plate_1,D1,hapR,cosine,3.8868482,0.6645167
241023_165712_Plate_1,D2,luxO_D47E,cosine,11.623039,3.5684109
241023_165712_Plate_1,D3,rbmB,cosine,14.13222,-0.3824836
241023_165712_Plate_1,D4,vpsL,cosine,16.70897,19.325434
241023_165712_Plate_1,D5,WT,cosine,8.2540045,12.710262
241023_165712_Plate_1,D6,potD1,cosine,2.7981813,-1.6536117
241023_165712_Plate_1,D9,vpvC_W240R,cosine,-7.766795,5.8101044
241023_165712_Plate_1,E10,vpsL,cosine,16.724161,20.09599
241023_165712_Plate_1,E11,WT,cosine,6.7022843,13.330502
241023_165712_Plate_1,E12,potD1,cosine,2.52938,-2.0700474
241023_165712_Plate_1,E3,vpvC_W240R,cosine,-7.974994,6.499605
241023_165712_Plate_1,E5,flaA,cosine,18.65849,8.037903
241023_165712_Plate_1,E7,hapR,cosine,3.0903773,0.41165558
241023_165712_Plate_1,E8,luxO_D47E,cosine,11.86234,4.827266
241023_165712_Plate_1,E9,rbmB,cosine,14.074911,-0.5133445
241023_165712_Plate_1,F10,vpsL,cosine,16.704788,19.586731
241023_165712_Plate_1,F11,WT,cosine,6.0713124,13.121291
241023_165712_Plate_1,F12,potD1,cosine,3.0898411,-2.3949697
241023_165712_Plate_1,F3,vpvC_W240R,cosine,-7.8328896,5.752949
241023_165712_Plate_1,F5,flaA,cosine,17.526094,6.325611
241023_165712_Plate_1,F7,hapR,cosine,4.5735936,0.72144085
241023_165712_Plate_1,F8,luxO_D47E,cosine,11.49312,4.4992256
241023_165712_Plate_1,F9,rbmB,cosine,10.79543,-1.4743286
241023_165712_Plate_1,G10,vpsL,cosine,16.687183,19.281149
241023_165712_Plate_1,G11,WT,cosine,5.9491024,13.112239
241023_165712_Plate_1,G12,potD1,cosine,2.1270633,-1.438489
241023_165712_Plate_1,G3,vpvC_W240R,cosine,-7.6789827,6.186227
241023_165712_Plate_1,G5,flaA,cosine,18.135443,6.7389092
241023_165712_Plate_1,G7,hapR,cosine,5.0339236,0.34297282
241023_165712_Plate_1,G8,luxO_D47E,cosine,11.443652,4.3565993
241023_165712_Plate_1,G9,rbmB,cosine,13.603833,-1.4822811
241023_165712_Plate_1,H10,vpsL,cosine,15.680045,19.731516
241023_165712_Plate_1,H11,WT,cosine,5.9319134,13.128891
241023_165712_Plate_1,H12,potD1,cosine,2.0079942,-1.4181763
241023_165712_Plate_1,H3,vpvC_W240R,cosine,-8.950744,5.5103183
241023_165712_Plate_1,H5,flaA,cosine,18.298704,8.39208
241023_165712_Plate_1,H7,hapR,cosine,3.0890796,1.0300717
241023_165712_Plate_1,H8,luxO_D47E,cosine,12.629438,2.7678437
241023_165712_Plate_1,H9,rbmB,cosine,13.8797655,-0.64517933
241010_105227_Plate_1,A11,flaA,euclid,-6.794217,6.817302
241010_105227_Plate_1,A1,hapR,euclid,9.297459,14.88241
241010_105227_Plate_1,A2,luxO_D47E,euclid,-0.057608686,5.5865884
241010_105227_Plate_1,A3,rbmB,euclid,0.72521347,9.109915
241010_105227_Plate_1,A4,vpsL,euclid,-8.938826,-2.6444485
241010_105227_Plate_1,A5,WT,euclid,-2.0960734,-6.09966
241010_105227_Plate_1,A6,potD1,euclid,7.782797,17.411676
241010_105227_Plate_1,A9,vpvC_W240R,euclid,13.729943,2.4140575
241010_105227_Plate_1,B11,flaA,euclid,-8.651781,7.9739785
241010_105227_Plate_1,B1,hapR,euclid,8.326782,14.302503
241010_105227_Plate_1,B2,luxO_D47E,euclid,0.06984556,5.725953
241010_105227_Plate_1,B3,rbmB,euclid,2.2634528,11.285304
241010_105227_Plate_1,B4,vpsL,euclid,-8.762705,-3.627474
241010_105227_Plate_1,B5,WT,euclid,-3.902197,-4.9752502
241010_105227_Plate_1,B6,potD1,euclid,6.0889845,16.126942
241010_105227_Plate_1,B9,vpvC_W240R,euclid,13.319789,2.6943724
241010_105227_Plate_1,C11,flaA,euclid,-7.671179,7.6924095
241010_105227_Plate_1,C1,hapR,euclid,9.307206,14.414211
241010_105227_Plate_1,C2,luxO_D47E,euclid,-0.22914575,5.3901067
241010_105227_Plate_1,C3,rbmB,euclid,0.6952995,9.784331
241010_105227_Plate_1,C4,vpsL,euclid,-8.921971,-3.1931386
241010_105227_Plate_1,C5,WT,euclid,-3.8656275,-5.0088763
241010_105227_Plate_1,C6,potD1,euclid,6.046452,15.94854
241010_105227_Plate_1,C9,vpvC_W240R,euclid,13.519714,2.137376
241010_105227_Plate_1,D11,flaA,euclid,-6.4249516,6.5726233
241010_105227_Plate_1,D1,hapR,euclid,7.9929633,14.132422
241010_105227_Plate_1,D2,luxO_D47E,euclid,-0.4960762,4.6544533
241010_105227_Plate_1,D3,rbmB,euclid,1.5909669,10.84161
241010_105227_Plate_1,D4,vpsL,euclid,-7.460557,-2.9416633
241010_105227_Plate_1,D5,WT,euclid,-2.7117355,-5.4584174
241010_105227_Plate_1,D6,potD1,euclid,5.9796977,16.01266
241010_105227_Plate_1,D9,vpvC_W240R,euclid,13.605103,2.3556888
241010_105227_Plate_1,E10,vpsL,euclid,-8.384976,-3.2793283
241010_105227_Plate_1,E11,WT,euclid,-4.0016026,-4.8524966
241010_105227_Plate_1,E12,potD1,euclid,6.1376724,16.835712
241010_105227_Plate_1,E3,vpvC_W240R,euclid,15.343475,1.1999648
241010_105227_Plate_1,E5,flaA,euclid,-6.5692286,6.5074453
241010_105227_Plate_1,E7,hapR,euclid,8.191729,14.174893
241010_105227_Plate_1,E8,luxO_D47E,euclid,-1.1886628,4.5486336
241010_105227_Plate_1,E9,rbmB,euclid,2.1812444,11.383959
241010_105227_Plate_1,F10,vpsL,euclid,-8.587109,-3.7896717
241010_105227_Plate_1,F11,WT,euclid,-1.1781341,-6.1680155
241010_105227_Plate_1,F12,potD1,euclid,7.34601,17.570852
241010_105227_Plate_1,F3,vpvC_W240R,euclid,14.301449,1.8071247
241010_105227_Plate_1,F5,flaA,euclid,-5.955406,6.0632963
241010_105227_Plate_1,F7,hapR,euclid,9.419066,14.248581
241010_105227_Plate_1,F8,luxO_D47E,euclid,-2.5730383,4.009397
241010_105227_Plate_1,F9,rbmB,euclid,1.286465,10.401938
241010_105227_Plate_1,G10,vpsL,euclid,-6.855504,-2.4720097
241010_105227_Plate_1,G11,WT,euclid,-3.994014,-4.899588
241010_105227_Plate_1,G12,potD1,euclid,6.4413815,17.085903
241010_105227_Plate_1,G3,vpvC_W240R,euclid,14.9820385,1.4765548
241010_105227_Plate_1,G5,flaA,euclid,-7.8196845,7.8234954
241010_105227_Plate_1,G7,hapR,euclid,9.40627,14.304037
241010_105227_Plate_1,G8,luxO_D47E,euclid,-0.24653415,5.1115456
241010_105227_Plate_1,G9,rbmB,euclid,2.119952,11.046694
241010_105227_Plate_1,H10,vpsL,euclid,-8.195486,-3.363032
241010_105227_Plate_1,H11,WT,euclid,-2.4243069,-5.927258
241010_105227_Plate_1,H12,potD1,euclid,7.160887,17.720179
241010_105227_Plate_1,H3,vpvC_W240R,euclid,13.755166,1.9996979
241010_105227_Plate_1,H5,flaA,euclid,-7.2043095,7.0125957
241010_105227_Plate_1,H7,hapR,euclid,9.745773,14.4948635
241010_105227_Plate_1,H8,luxO_D47E,euclid,-1.060686,4.304414
241010_105227_Plate_1,H9,rbmB,euclid,2.278991,10.378119
241010_111308_Plate_1,A11,flaA,euclid,-7.7012444,7.7686377
241010_111308_Plate_1,A1,hapR,euclid,9.315945,15.121497
241010_111308_Plate_1,A2,luxO_D47E,euclid,0.2931893,6.461739
241010_111308_Plate_1,A3,rbmB,euclid,0.7774782,8.801431
241010_111308_Plate_1,A4,vpsL,euclid,-8.5440035,-2.4192832
241010_111308_Plate_1,A5,WT,euclid,-1.4468905,-5.870357
241010_111308_Plate_1,A6,potD1,euclid,8.07145,17.764313
241010_111308_Plate_1,A9,vpvC_W240R,euclid,14.024381,2.1270669
241010_111308_Plate_1,B11,flaA,euclid,-8.009468,7.6237493
241010_111308_Plate_1,B1,hapR,euclid,9.168979,14.691743
241010_111308_Plate_1,B2,luxO_D47E,euclid,0.11344565,5.7869215
241010_111308_Plate_1,B3,rbmB,euclid,1.106003,10.068236
241010_111308_Plate_1,B4,vpsL,euclid,-8.746425,-3.498587
241010_111308_Plate_1,B5,WT,euclid,-2.8638647,-5.734588
241010_111308_Plate_1,B6,potD1,euclid,7.054591,16.794977
241010_111308_Plate_1,B9,vpvC_W240R,euclid,13.729144,2.3911235
241010_111308_Plate_1,C11,flaA,euclid,-7.801302,7.870664
241010_111308_Plate_1,C1,hapR,euclid,9.760108,14.5236845
241010_111308_Plate_1,C2,luxO_D47E,euclid,0.024695875,5.6568613
241010_111308_Plate_1,C3,rbmB,euclid,0.5633311,9.22925
241010_111308_Plate_1,C4,vpsL,euclid,-8.506056,-2.3842309
241010_111308_Plate_1,C5,WT,euclid,-3.98993,-4.827684
241010_111308_Plate_1,C6,potD1,euclid,6.762611,16.88132
241010_111308_Plate_1,C9,vpvC_W240R,euclid,13.7063055,2.126677
241010_111308_Plate_1,D11,flaA,euclid,-5.632011,5.8091784
241010_111308_Plate_1,D1,hapR,euclid,9.505553,14.462601
241010_111308_Plate_1,D2,luxO_D47E,euclid,-0.17238013,5.462184
241010_111308_Plate_1,D3,rbmB,euclid,0.7911424,9.697982
241010_111308_Plate_1,D4,vpsL,euclid,-8.4300375,-2.500972
241010_111308_Plate_1,D5,WT,euclid,-1.0960331,-6.079227
241010_111308_Plate_1,D6,potD1,euclid,5.7830033,15.794864
241010_111308_Plate_1,D9,vpvC_W240R,euclid,13.829032,2.1991072
241010_111308_Plate_1,E10,vpsL,euclid,-8.2395315,-2.6670895
241010_111308_Plate_1,E11,WT,euclid,-1.9035201,-6.061043
241010_111308_Plate_1,E12,potD1,euclid,7.1331253,18.029072
241010_111308_Plate_1,E3,vpvC_W240R,euclid,15.1184225,1.3694232
241010_111308_Plate_1,E5,flaA,euclid,-7.9055266,7.776506
241010_111308_Plate_1,E7,hapR,euclid,9.079712,14.823796
241010_111308_Plate_1,E8,luxO_D47E,euclid,-0.40940842,5.034355
241010_111308_Plate_1,E9,rbmB,euclid,1.2260263,10.350393
241010_111308_Plate_1,F10,vpsL,euclid,-8.771918,-3.285426
241010_111308_Plate_1,F11,WT,euclid,-1.7344378,-6.128393
241010_111308_Plate_1,F12,potD1,euclid,8.800811,17.942888
241010_111308_Plate_1,F3,vpvC_W240R,euclid,15.298637,1.2555693
241010_111308_Plate_1,F5,flaA,euclid,-5.749131,5.84552
241010_111308_Plate_1,F7,hapR,euclid,9.753508,14.753553
241010_111308_Plate_1,F8,luxO_D47E,euclid,-1.2096207,4.224068
241010_111308_Plate_1,F9,rbmB,euclid,0.73417455,9.804396
241010_111308_Plate_1,G10,vpsL,euclid,-7.8416567,-3.3071697
241010_111308_Plate_1,G11,WT,euclid,-2.85042,-4.9433155
241010_111308_Plate_1,G12,potD1,euclid,7.7375364,18.108906
241010_111308_Plate_1,G3,vpvC_W240R,euclid,15.135704,1.2754302
241010_111308_Plate_1,G5,flaA,euclid,-8.288225,7.7969694
241010_111308_Plate_1,G7,hapR,euclid,9.760919,14.840546
241010_111308_Plate_1,G8,luxO_D47E,euclid,-0.12005671,5.531275
241010_111308_Plate_1,G9,rbmB,euclid,1.1153994,10.2333555
241010_111308_Plate_1,H10,vpsL,euclid,-8.914244,-2.7412205
241010_111308_Plate_1,H11,WT,euclid,-1.6919752,-6.012566
241010_111308_Plate_1,H12,potD1,euclid,7.675374,18.000729
241010_111308_Plate_1,H3,vpvC_W240R,euclid,12.709635,3.1895425
241010_111308_Plate_1,H5,flaA,euclid,-7.2376246,7.109186
241010_111308_Plate_1,H7,hapR,euclid,9.840817,14.453375
241010_111308_Plate_1,H8,luxO_D47E,euclid,-0.111658365,5.292993
241010_111308_Plate_1,H9,rbmB,euclid,1.3365742,9.921535
241010_113157_Plate_1,A11,flaA,euclid,-5.734198,5.824585
241010_113157_Plate_1,A1,hapR,euclid,9.53995,15.2516365
241010_113157_Plate_1,A2,luxO_D47E,euclid,0.16825078,5.98588
241010_113157_Plate_1,A3,rbmB,euclid,-6.1407332,-1.928877
241010_113157_Plate_1,A4,vpsL,euclid,-8.61996,-2.817477
241010_113157_Plate_1,A5,WT,euclid,-1.0764966,-5.744723
241010_113157_Plate_1,A6,potD1,euclid,8.100687,17.690985
241010_113157_Plate_1,A9,vpvC_W240R,euclid,13.847286,2.3536944
241010_113157_Plate_1,B11,flaA,euclid,-7.4359865,7.470012
241010_113157_Plate_1,B1,hapR,euclid,9.131396,14.799296
241010_113157_Plate_1,B2,luxO_D47E,euclid,0.15182547,5.833123
241010_113157_Plate_1,B3,rbmB,euclid,1.8621426,11.087179
241010_113157_Plate_1,B4,vpsL,euclid,-8.308369,-3.1018422
241010_113157_Plate_1,B5,WT,euclid,-3.0860982,-5.8582373
241010_113157_Plate_1,B6,potD1,euclid,7.8862495,17.31147
241010_113157_Plate_1,B9,vpvC_W240R,euclid,12.595409,3.0656157
241010_113157_Plate_1,C11,flaA,euclid,-6.789512,7.3477
241010_113157_Plate_1,C1,hapR,euclid,9.552758,14.353521
241010_113157_Plate_1,C2,luxO_D47E,euclid,0.108943984,5.8465137
241010_113157_Plate_1,C3,rbmB,euclid,0.63065404,8.731184
241010_113157_Plate_1,C4,vpsL,euclid,-8.913532,-2.566092
241010_113157_Plate_1,C5,WT,euclid,-3.9174044,-4.811007
241010_113157_Plate_1,C6,potD1,euclid,6.5547457,16.641506
241010_113157_Plate_1,C9,vpvC_W240R,euclid,14.287604,1.4505751
241010_113157_Plate_1,D11,flaA,euclid,-5.4946666,5.660171
241010_113157_Plate_1,D1,hapR,euclid,9.180732,14.257669
241010_113157_Plate_1,D2,luxO_D47E,euclid,0.0043147174,5.7176347
241010_113157_Plate_1,D3,rbmB,euclid,0.6300825,9.50486
241010_113157_Plate_1,D4,vpsL,euclid,-7.0763173,-2.6160688
241010_113157_Plate_1,D5,WT,euclid,-1.6548969,-5.821859
241010_113157_Plate_1,D6,potD1,euclid,6.057399,16.12665
241010_113157_Plate_1,D9,vpvC_W240R,euclid,14.673551,1.438712
241010_113157_Plate_1,E10,vpsL,euclid,-8.90986,-3.405301
241010_113157_Plate_1,E11,WT,euclid,-1.9459251,-6.0448723
241010_113157_Plate_1,E12,potD1,euclid,6.8151755,17.607594
241010_113157_Plate_1,E3,vpvC_W240R,euclid,15.463519,1.2357426
241010_113157_Plate_1,E5,flaA,euclid,-5.5948987,5.721373
241010_113157_Plate_1,E7,hapR,euclid,9.69978,15.002827
241010_113157_Plate_1,E8,luxO_D47E,euclid,-0.38648292,5.0916657
241010_113157_Plate_1,E9,rbmB,euclid,0.49172667,9.293292
241010_113157_Plate_1,F10,vpsL,euclid,-8.462295,-3.2789383
241010_113157_Plate_1,F11,WT,euclid,-5.977504,-1.9598012
241010_113157_Plate_1,F12,potD1,euclid,7.2572975,18.069036
241010_113157_Plate_1,F3,vpvC_W240R,euclid,15.386049,1.1142414
241010_113157_Plate_1,F5,flaA,euclid,-5.814583,6.0028315
241010_113157_Plate_1,F7,hapR,euclid,9.25209,14.527913
241010_113157_Plate_1,F8,luxO_D47E,euclid,-0.94679594,4.675915
241010_113157_Plate_1,F9,rbmB,euclid,0.8655568,9.544273
241010_113157_Plate_1,G10,vpsL,euclid,-8.728983,-3.4700828
241010_113157_Plate_1,G11,WT,euclid,-6.06581,-2.1679587
241010_113157_Plate_1,G12,potD1,euclid,7.335124,17.886719
241010_113157_Plate_1,G3,vpvC_W240R,euclid,15.059522,1.313351
241010_113157_Plate_1,G5,flaA,euclid,-7.5595694,7.7356014
241010_113157_Plate_1,G7,hapR,euclid,9.826119,14.610492
241010_113157_Plate_1,G8,luxO_D47E,euclid,-0.00492664,5.6181707
241010_113157_Plate_1,G9,rbmB,euclid,0.7032889,9.811929
241010_113157_Plate_1,H10,vpsL,euclid,-6.6032696,-2.5183096
241010_113157_Plate_1,H11,WT,euclid,-1.707707,-5.911258
241010_113157_Plate_1,H12,potD1,euclid,8.744383,17.689175
241010_113157_Plate_1,H3,vpvC_W240R,euclid,14.165972,1.9888769
241010_113157_Plate_1,H5,flaA,euclid,-5.6357307,5.689914
241010_113157_Plate_1,H7,hapR,euclid,9.614491,14.308198
241010_113157_Plate_1,H8,luxO_D47E,euclid,-0.19476645,5.289552
241010_113157_Plate_1,H9,rbmB,euclid,1.5104553,9.578139
241011_175118_Plate_1,A11,flaA,euclid,-8.177488,8.197773
241011_175118_Plate_1,A1,hapR,euclid,9.084885,15.065577
241011_175118_Plate_1,A2,luxO_D47E,euclid,0.05790588,5.8249288
241011_175118_Plate_1,A3,rbmB,euclid,1.7472707,10.5576935
241011_175118_Plate_1,A4,vpsL,euclid,-8.820334,-3.11844
241011_175118_Plate_1,A5,WT,euclid,-2.6381688,-5.299779
241011_175118_Plate_1,A6,potD1,euclid,7.4452786,17.532806
241011_175118_Plate_1,A9,vpvC_W240R,euclid,14.603093,1.651161
241011_175118_Plate_1,B11,flaA,euclid,-6.312601,7.1720715
241011_175118_Plate_1,B1,hapR,euclid,8.92256,14.799152
241011_175118_Plate_1,B2,luxO_D47E,euclid,-1.7379053,3.740218
241011_175118_Plate_1,B3,rbmB,euclid,2.0144193,10.116973
241011_175118_Plate_1,B4,vpsL,euclid,-7.957069,-3.7791038
241011_175118_Plate_1,B5,WT,euclid,-3.1045055,-4.969966
241011_175118_Plate_1,B6,potD1,euclid,5.8345613,15.96132
241011_175118_Plate_1,B9,vpvC_W240R,euclid,13.102212,2.731674
241011_175118_Plate_1,C11,flaA,euclid,-8.283338,8.204232
241011_175118_Plate_1,C1,hapR,euclid,7.0381603,14.503652
241011_175118_Plate_1,C2,luxO_D47E,euclid,-1.5588382,3.5703971
241011_175118_Plate_1,C3,rbmB,euclid,2.2281952,11.119999
241011_175118_Plate_1,C4,vpsL,euclid,-8.3822775,-3.926534
241011_175118_Plate_1,C5,WT,euclid,-1.9327168,-5.796468
241011_175118_Plate_1,C6,potD1,euclid,5.7864785,15.441341
241011_175118_Plate_1,C9,vpvC_W240R,euclid,12.432657,2.1818092
241011_175118_Plate_1,D11,flaA,euclid,-6.26044,6.997428
241011_175118_Plate_1,D1,hapR,euclid,9.383364,14.222232
241011_175118_Plate_1,D2,luxO_D47E,euclid,-0.66015023,3.9449778
241011_175118_Plate_1,D3,rbmB,euclid,2.3727968,11.138633
241011_175118_Plate_1,D4,vpsL,euclid,-7.88469,-3.8557587
241011_175118_Plate_1,D5,WT,euclid,-3.1590273,-4.755319
241011_175118_Plate_1,D6,potD1,euclid,5.7308245,15.793247
241011_175118_Plate_1,D9,vpvC_W240R,euclid,12.294382,2.3712637
241011_175118_Plate_1,E10,vpsL,euclid,-8.52078,-3.9409053
241011_175118_Plate_1,E11,WT,euclid,-4.0603976,-4.786151
241011_175118_Plate_1,E12,potD1,euclid,6.209979,16.816914
241011_175118_Plate_1,E3,vpvC_W240R,euclid,15.061724,1.0755299
241011_175118_Plate_1,E5,flaA,euclid,-6.2593827,6.950707
241011_175118_Plate_1,E7,hapR,euclid,7.796777,14.727745
241011_175118_Plate_1,E8,luxO_D47E,euclid,-1.7346872,3.5523717
241011_175118_Plate_1,E9,rbmB,euclid,2.5289307,11.140589
241011_175118_Plate_1,F10,vpsL,euclid,-8.486752,-3.724063
241011_175118_Plate_1,F11,WT,euclid,-3.1042032,-5.647196
241011_175118_Plate_1,F12,potD1,euclid,5.758259,16.009085
241011_175118_Plate_1,F3,vpvC_W240R,euclid,12.471558,3.0315123
241011_175118_Plate_1,F5,flaA,euclid,-8.436539,8.162297
241011_175118_Plate_1,F7,hapR,euclid,8.072195,14.373314
241011_175118_Plate_1,F8,luxO_D47E,euclid,-0.7493512,3.996229
241011_175118_Plate_1,F9,rbmB,euclid,2.424889,11.231382
241011_175118_Plate_1,G10,vpsL,euclid,-8.299177,-3.8422544
241011_175118_Plate_1,G11,WT,euclid,-1.6135721,-5.3845344
241011_175118_Plate_1,G12,potD1,euclid,6.265917,16.821547
241011_175118_Plate_1,G3,vpvC_W240R,euclid,12.783026,2.7075953
241011_175118_Plate_1,G5,flaA,euclid,-6.3352838,6.8677473
241011_175118_Plate_1,G7,hapR,euclid,7.8139625,14.417205
241011_175118_Plate_1,G8,luxO_D47E,euclid,-1.4146289,3.9548957
241011_175118_Plate_1,G9,rbmB,euclid,2.2772598,11.226373
241011_175118_Plate_1,H10,vpsL,euclid,-8.374443,-3.9870534
241011_175118_Plate_1,H11,WT,euclid,-2.707609,-5.5083313
241011_175118_Plate_1,H12,potD1,euclid,8.822541,17.663904
241011_175118_Plate_1,H3,vpvC_W240R,euclid,15.219404,1.3633981
241011_175118_Plate_1,H5,flaA,euclid,-6.4544215,6.947889
241011_175118_Plate_1,H7,hapR,euclid,8.591436,14.4212885
241011_175118_Plate_1,H8,luxO_D47E,euclid,0.02737071,5.475833
241011_175118_Plate_1,H9,rbmB,euclid,1.7849243,10.644184
241011_181056_Plate_1,A11,flaA,euclid,-7.773381,8.0977545
241011_181056_Plate_1,A1,hapR,euclid,9.354944,15.699936
241011_181056_Plate_1,A2,luxO_D47E,euclid,0.17548653,6.062697
241011_181056_Plate_1,A3,rbmB,euclid,1.2866074,9.933506
241011_181056_Plate_1,A4,vpsL,euclid,-8.146363,-2.5608387
241011_181056_Plate_1,A5,WT,euclid,-2.7714427,-5.3027883
241011_181056_Plate_1,A6,potD1,euclid,8.354682,17.64628
241011_181056_Plate_1,A9,vpvC_W240R,euclid,15.043169,1.3565203
241011_181056_Plate_1,B11,flaA,euclid,-7.3341465,7.5129366
241011_181056_Plate_1,B1,hapR,euclid,8.084254,14.681376
241011_181056_Plate_1,B2,luxO_D47E,euclid,-0.013590483,4.86925
241011_181056_Plate_1,B3,rbmB,euclid,2.1593635,10.276081
241011_181056_Plate_1,B4,vpsL,euclid,-8.36209,-3.1422484
241011_181056_Plate_1,B5,WT,euclid,-3.9661767,-4.7375226
241011_181056_Plate_1,B6,potD1,euclid,6.329773,16.616398
241011_181056_Plate_1,B9,vpvC_W240R,euclid,13.95221,1.9995563
241011_181056_Plate_1,C11,flaA,euclid,-7.3446403,7.818389
241011_181056_Plate_1,C1,hapR,euclid,7.620069,14.5731325
241011_181056_Plate_1,C2,luxO_D47E,euclid,-0.13873568,4.4668474
241011_181056_Plate_1,C3,rbmB,euclid,1.8432245,9.898974
241011_181056_Plate_1,C4,vpsL,euclid,-7.940371,-3.5580943
241011_181056_Plate_1,C5,WT,euclid,-0.90455943,-5.884854
241011_181056_Plate_1,C6,potD1,euclid,6.810173,17.179205
241011_181056_Plate_1,C9,vpvC_W240R,euclid,12.448751,2.1422539
241011_181056_Plate_1,D11,flaA,euclid,-7.190599,7.843092
241011_181056_Plate_1,D1,hapR,euclid,9.439847,14.596793
241011_181056_Plate_1,D2,luxO_D47E,euclid,0.025717877,5.0248075
241011_181056_Plate_1,D3,rbmB,euclid,2.0202053,10.3687105
241011_181056_Plate_1,D4,vpsL,euclid,-8.018358,-3.097359
241011_181056_Plate_1,D5,WT,euclid,-3.263438,-5.467161
241011_181056_Plate_1,D6,potD1,euclid,7.8762627,17.607159
241011_181056_Plate_1,D9,vpvC_W240R,euclid,12.736719,3.1845353
241011_181056_Plate_1,E10,vpsL,euclid,-7.71814,-3.4823167
241011_181056_Plate_1,E11,WT,euclid,-2.8833416,-5.7136307
241011_181056_Plate_1,E12,potD1,euclid,8.396496,17.973131
241011_181056_Plate_1,E3,vpvC_W240R,euclid,15.246912,1.139309
241011_181056_Plate_1,E5,flaA,euclid,-6.898457,7.6025352
241011_181056_Plate_1,E7,hapR,euclid,7.8215785,14.489393
241011_181056_Plate_1,E8,luxO_D47E,euclid,-1.367155,3.8781533
241011_181056_Plate_1,E9,rbmB,euclid,1.780358,10.757691
241011_181056_Plate_1,F10,vpsL,euclid,-8.820491,-3.1924994
241011_181056_Plate_1,F11,WT,euclid,-2.6883855,-5.0868235
241011_181056_Plate_1,F12,potD1,euclid,7.358517,17.967356
241011_181056_Plate_1,F3,vpvC_W240R,euclid,13.470042,2.759037
241011_181056_Plate_1,F5,flaA,euclid,-6.9269233,7.616789
241011_181056_Plate_1,F7,hapR,euclid,7.731339,14.482187
241011_181056_Plate_1,F8,luxO_D47E,euclid,-0.0056994874,4.9368887
241011_181056_Plate_1,F9,rbmB,euclid,1.1470066,10.08772
241011_181056_Plate_1,G10,vpsL,euclid,-8.892834,-3.380603
241011_181056_Plate_1,G11,WT,euclid,-1.5446786,-6.0856023
241011_181056_Plate_1,G12,potD1,euclid,7.5095615,18.144571
241011_181056_Plate_1,G3,vpvC_W240R,euclid,13.203051,3.0493817
241011_181056_Plate_1,G5,flaA,euclid,-6.233371,6.8410244
241011_181056_Plate_1,G7,hapR,euclid,9.099624,14.54161
241011_181056_Plate_1,G8,luxO_D47E,euclid,-1.7102106,3.9923267
241011_181056_Plate_1,G9,rbmB,euclid,1.5520171,10.224113
241011_181056_Plate_1,H10,vpsL,euclid,-7.79391,-3.7318177
241011_181056_Plate_1,H11,WT,euclid,-2.3170788,-5.3214946
241011_181056_Plate_1,H12,potD1,euclid,8.871603,17.778248
241011_181056_Plate_1,H3,vpvC_W240R,euclid,14.146445,1.8699433
241011_181056_Plate_1,H5,flaA,euclid,-6.9681644,7.6028237
241011_181056_Plate_1,H7,hapR,euclid,8.900634,14.326508
241011_181056_Plate_1,H8,luxO_D47E,euclid,-0.19564937,4.9088316
241011_181056_Plate_1,H9,rbmB,euclid,2.0473518,10.0279045
241011_183053_Plate_1,A11,flaA,euclid,-7.992543,8.353704
241011_183053_Plate_1,A1,hapR,euclid,9.23499,15.318422
241011_183053_Plate_1,A2,luxO_D47E,euclid,0.25170484,6.2728677
241011_183053_Plate_1,A3,rbmB,euclid,1.4409575,9.128512
241011_183053_Plate_1,A4,vpsL,euclid,-8.70681,-2.78711
241011_183053_Plate_1,A5,WT,euclid,-2.687188,-5.185935
241011_183053_Plate_1,A6,potD1,euclid,8.106727,17.7002
241011_183053_Plate_1,A9,vpvC_W240R,euclid,14.2963295,1.7433783
241011_183053_Plate_1,B11,flaA,euclid,-6.2916436,7.0251164
241011_183053_Plate_1,B1,hapR,euclid,8.115525,14.680853
241011_183053_Plate_1,B2,luxO_D47E,euclid,-0.37307093,4.519719
241011_183053_Plate_1,B3,rbmB,euclid,1.6162196,10.335434
241011_183053_Plate_1,B4,vpsL,euclid,-8.953945,-2.9596946
241011_183053_Plate_1,B5,WT,euclid,-3.2735245,-5.6264143
241011_183053_Plate_1,B6,potD1,euclid,7.0157127,17.071457
241011_183053_Plate_1,B9,vpvC_W240R,euclid,13.448531,2.6044345
241011_183053_Plate_1,C11,flaA,euclid,-7.722336,8.215579
241011_183053_Plate_1,C1,hapR,euclid,7.870123,14.5765505
241011_183053_Plate_1,C2,luxO_D47E,euclid,-0.5236157,4.178184
241011_183053_Plate_1,C3,rbmB,euclid,2.2153926,11.248225
241011_183053_Plate_1,C4,vpsL,euclid,-8.591974,-3.7843747
241011_183053_Plate_1,C5,WT,euclid,-0.9171316,-5.8306584
241011_183053_Plate_1,C6,potD1,euclid,7.6675434,17.738373
241011_183053_Plate_1,C9,vpvC_W240R,euclid,12.583891,2.1053712
241011_183053_Plate_1,D11,flaA,euclid,-7.196686,7.8857436
241011_183053_Plate_1,D1,hapR,euclid,8.986636,14.450199
241011_183053_Plate_1,D2,luxO_D47E,euclid,-0.6235791,4.1070876
241011_183053_Plate_1,D3,rbmB,euclid,2.0665865,10.737579
241011_183053_Plate_1,D4,vpsL,euclid,-7.996006,-3.3356788
241011_183053_Plate_1,D5,WT,euclid,-3.4016643,-5.498863
241011_183053_Plate_1,D6,potD1,euclid,6.715364,17.096863
241011_183053_Plate_1,D9,vpvC_W240R,euclid,12.923627,3.1061428
241011_183053_Plate_1,E10,vpsL,euclid,-7.9112377,-3.006962
241011_183053_Plate_1,E11,WT,euclid,-3.1052275,-5.584054
241011_183053_Plate_1,E12,potD1,euclid,7.890992,17.945002
241011_183053_Plate_1,E3,vpvC_W240R,euclid,15.170076,1.0964351
241011_183053_Plate_1,E5,flaA,euclid,-6.631364,7.4504824
241011_183053_Plate_1,E7,hapR,euclid,8.303901,14.811038
241011_183053_Plate_1,E8,luxO_D47E,euclid,-2.034405,3.5231278
241011_183053_Plate_1,E9,rbmB,euclid,1.7558833,10.537986
241011_183053_Plate_1,F10,vpsL,euclid,-8.933061,-3.0036588
241011_183053_Plate_1,F11,WT,euclid,-1.8208873,-5.7622285
241011_183053_Plate_1,F12,potD1,euclid,6.28844,17.09555
241011_183053_Plate_1,F3,vpvC_W240R,euclid,13.538142,2.6520371
241011_183053_Plate_1,F5,flaA,euclid,-8.164316,8.250775
241011_183053_Plate_1,F7,hapR,euclid,7.375574,14.618637
241011_183053_Plate_1,F8,luxO_D47E,euclid,-0.40178165,4.3753667
241011_183053_Plate_1,F9,rbmB,euclid,2.0298665,10.644187
241011_183053_Plate_1,G10,vpsL,euclid,-8.761011,-3.207146
241011_183053_Plate_1,G11,WT,euclid,-2.6832266,-4.8608117
241011_183053_Plate_1,G12,potD1,euclid,7.784797,18.195644
241011_183053_Plate_1,G3,vpvC_W240R,euclid,13.084256,3.1139598
241011_183053_Plate_1,G5,flaA,euclid,-8.247743,8.236488
241011_183053_Plate_1,G7,hapR,euclid,8.904257,14.392061
241011_183053_Plate_1,G8,luxO_D47E,euclid,-1.069887,3.6443815
241011_183053_Plate_1,G9,rbmB,euclid,1.884364,10.790602
241011_183053_Plate_1,H10,vpsL,euclid,-7.7551045,-3.6914182
241011_183053_Plate_1,H11,WT,euclid,-2.5690434,-5.7927656
241011_183053_Plate_1,H12,potD1,euclid,8.737432,17.733122
241011_183053_Plate_1,H3,vpvC_W240R,euclid,14.014783,1.9693933
241011_183053_Plate_1,H5,flaA,euclid,-6.300061,6.7918572
241011_183053_Plate_1,H7,hapR,euclid,9.503288,15.085049
241011_183053_Plate_1,H8,luxO_D47E,euclid,-0.46789578,4.850976
241011_183053_Plate_1,H9,rbmB,euclid,1.3984445,10.245567
241014_113135_Plate_1,A11,flaA,euclid,-7.104616,7.6792784
241014_113135_Plate_1,A1,hapR,euclid,6.5596976,14.855087
241014_113135_Plate_1,A2,luxO_D47E,euclid,-3.4798295,4.3698063
241014_113135_Plate_1,A3,rbmB,euclid,2.7634583,11.435586
241014_113135_Plate_1,A4,vpsL,euclid,-8.495666,-3.8843818
241014_113135_Plate_1,A5,WT,euclid,-8.242235,-4.267306
241014_113135_Plate_1,A6,potD1,euclid,5.7066517,15.528984
241014_113135_Plate_1,A9,vpvC_W240R,euclid,14.515965,1.8865333
241014_113135_Plate_1,B11,flaA,euclid,-8.126727,8.098884
241014_113135_Plate_1,B1,hapR,euclid,8.472204,14.638008
241014_113135_Plate_1,B2,luxO_D47E,euclid,-3.5955298,4.4506016
241014_113135_Plate_1,B3,rbmB,euclid,2.3372066,11.018372
241014_113135_Plate_1,B4,vpsL,euclid,-7.966964,-3.1613052
241014_113135_Plate_1,B5,WT,euclid,-8.356547,-4.3911657
241014_113135_Plate_1,B6,potD1,euclid,5.427621,14.873728
241014_113135_Plate_1,B9,vpvC_W240R,euclid,12.592631,3.1542344
241014_113135_Plate_1,C11,flaA,euclid,-5.4028444,5.6097245
241014_113135_Plate_1,C1,hapR,euclid,-3.4924161,4.557222
241014_113135_Plate_1,C2,luxO_D47E,euclid,-3.2619498,4.184383
241014_113135_Plate_1,C3,rbmB,euclid,-3.6534302,4.3296824
241014_113135_Plate_1,C4,vpsL,euclid,-8.375721,-4.247954
241014_113135_Plate_1,C5,WT,euclid,-8.278127,-4.340158
241014_113135_Plate_1,C6,potD1,euclid,-3.6202624,4.431811
241014_113135_Plate_1,C9,vpvC_W240R,euclid,5.6992397,14.971503
241014_113135_Plate_1,D11,flaA,euclid,-5.45293,5.6775613
241014_113135_Plate_1,D1,hapR,euclid,5.5790296,14.7661915
241014_113135_Plate_1,D2,luxO_D47E,euclid,-3.461353,4.352392
241014_113135_Plate_1,D3,rbmB,euclid,2.3255467,11.259781
241014_113135_Plate_1,D4,vpsL,euclid,-8.428038,-4.1347556
241014_113135_Plate_1,D5,WT,euclid,-8.102872,-4.267133
241014_113135_Plate_1,D9,vpvC_W240R,euclid,12.227696,2.2409248
241014_113135_Plate_1,E10,vpsL,euclid,-7.2619143,-2.8362782
241014_113135_Plate_1,E11,WT,euclid,-3.9527607,-4.722331
241014_113135_Plate_1,E12,potD1,euclid,6.576588,17.180773
241014_113135_Plate_1,E3,vpvC_W240R,euclid,5.8509264,15.008933
241014_113135_Plate_1,E5,flaA,euclid,-3.865378,4.5440173
241014_113135_Plate_1,E7,hapR,euclid,-5.804253,-1.6185453
241014_113135_Plate_1,E8,luxO_D47E,euclid,-3.1838272,4.1804023
241014_113135_Plate_1,E9,rbmB,euclid,2.5528636,11.515881
241014_113135_Plate_1,F10,vpsL,euclid,-7.4444795,-2.9453926
241014_113135_Plate_1,F11,WT,euclid,-3.910043,-5.1069016
241014_113135_Plate_1,F12,potD1,euclid,6.430756,17.277536
241014_113135_Plate_1,F3,vpvC_W240R,euclid,12.263195,2.5247333
241014_113135_Plate_1,F5,flaA,euclid,-3.9281962,4.624856
241014_113135_Plate_1,F7,hapR,euclid,5.72473,14.847155
241014_113135_Plate_1,F8,luxO_D47E,euclid,-2.3582025,4.044528
241014_113135_Plate_1,F9,rbmB,euclid,2.4512599,10.953886
241014_113135_Plate_1,G10,vpsL,euclid,-7.6609964,-3.5764353
241014_113135_Plate_1,G11,WT,euclid,-4.005856,-5.0098805
241014_113135_Plate_1,G12,potD1,euclid,6.4162865,17.002594
241014_113135_Plate_1,G3,vpvC_W240R,euclid,12.269559,2.3925061
241014_113135_Plate_1,G5,flaA,euclid,-7.7150674,7.782261
241014_113135_Plate_1,G7,hapR,euclid,6.6986628,14.515838
241014_113135_Plate_1,G8,luxO_D47E,euclid,-2.832919,3.9312027
241014_113135_Plate_1,G9,rbmB,euclid,2.1232898,10.3879385
241014_113135_Plate_1,H10,vpsL,euclid,-7.3944755,-3.352888
241014_113135_Plate_1,H11,WT,euclid,-2.399605,-4.9529424
241014_113135_Plate_1,H12,potD1,euclid,5.9848394,16.580717
241014_113135_Plate_1,H3,vpvC_W240R,euclid,12.8605,2.9444764
241014_113135_Plate_1,H5,flaA,euclid,-6.73706,6.903141
241014_113135_Plate_1,H7,hapR,euclid,6.649563,14.577629
241014_113135_Plate_1,H8,luxO_D47E,euclid,-3.4017577,4.2942963
241014_113135_Plate_1,H9,rbmB,euclid,1.5353433,9.250101
241014_115113_Plate_1,A11,flaA,euclid,-6.526617,7.082274
241014_115113_Plate_1,A1,hapR,euclid,8.665534,15.130518
241014_115113_Plate_1,A2,luxO_D47E,euclid,-2.863256,3.8644552
241014_115113_Plate_1,A3,rbmB,euclid,1.8166345,9.683053
241014_115113_Plate_1,A4,vpsL,euclid,-8.369869,-3.7446456
241014_115113_Plate_1,A5,WT,euclid,-2.418041,-5.698597
241014_115113_Plate_1,A6,potD1,euclid,8.050029,17.601892
241014_115113_Plate_1,A9,vpvC_W240R,euclid,13.71784,2.338476
241014_115113_Plate_1,B11,flaA,euclid,-7.8119435,8.152718
241014_115113_Plate_1,B1,hapR,euclid,9.184167,14.076912
241014_115113_Plate_1,B2,luxO_D47E,euclid,-3.4696407,4.3201466
241014_115113_Plate_1,B3,rbmB,euclid,0.91833836,9.664498
241014_115113_Plate_1,B4,vpsL,euclid,-7.885055,-3.696357
241014_115113_Plate_1,B5,WT,euclid,-3.734887,-4.75749
241014_115113_Plate_1,B6,potD1,euclid,6.222709,16.408403
241014_115113_Plate_1,B9,vpvC_W240R,euclid,12.65559,3.1773956
241014_115113_Plate_1,C11,flaA,euclid,-5.620204,5.7742796
241014_115113_Plate_1,C1,hapR,euclid,5.6130776,14.865146
241014_115113_Plate_1,C2,luxO_D47E,euclid,-2.983776,4.056727
241014_115113_Plate_1,C3,rbmB,euclid,2.570666,11.531212
241014_115113_Plate_1,C4,vpsL,euclid,-8.435772,-4.231755
241014_115113_Plate_1,C5,WT,euclid,-8.236108,-4.320915
241014_115113_Plate_1,C6,potD1,euclid,6.5041404,16.941235
241014_115113_Plate_1,C9,vpvC_W240R,euclid,12.55803,2.211027
241014_115113_Plate_1,D11,flaA,euclid,-7.750335,8.1481495
241014_115113_Plate_1,D1,hapR,euclid,6.2766714,14.660094
241014_115113_Plate_1,D2,luxO_D47E,euclid,-2.395138,3.780119
241014_115113_Plate_1,D3,rbmB,euclid,2.1959834,10.308544
241014_115113_Plate_1,D4,vpsL,euclid,-8.098641,-4.001612
241014_115113_Plate_1,D5,WT,euclid,-2.9260867,-5.756602
241014_115113_Plate_1,D9,vpvC_W240R,euclid,14.5421915,1.5426525
241014_115113_Plate_1,E10,vpsL,euclid,-6.635415,-2.398328
241014_115113_Plate_1,E11,WT,euclid,-3.0079944,-4.5865707
241014_115113_Plate_1,E12,potD1,euclid,8.32596,18.16314
241014_115113_Plate_1,E3,vpvC_W240R,euclid,13.089131,2.321649
241014_115113_Plate_1,E5,flaA,euclid,-4.910174,5.324997
241014_115113_Plate_1,E7,hapR,euclid,6.5161595,14.849788
241014_115113_Plate_1,E8,luxO_D47E,euclid,-1.191935,4.0639086
241014_115113_Plate_1,E9,rbmB,euclid,1.1429799,9.397158
241014_115113_Plate_1,F10,vpsL,euclid,-8.8238125,-3.29219
241014_115113_Plate_1,F11,WT,euclid,-1.4491252,-5.8908076
241014_115113_Plate_1,F12,potD1,euclid,8.30298,18.171322
241014_115113_Plate_1,F3,vpvC_W240R,euclid,12.542494,3.2591448
241014_115113_Plate_1,F5,flaA,euclid,-3.95218,4.661667
241014_115113_Plate_1,F7,hapR,euclid,6.8371634,14.637382
241014_115113_Plate_1,F8,luxO_D47E,euclid,-1.3349421,4.3152866
241014_115113_Plate_1,F9,rbmB,euclid,2.3150256,10.793055
241014_115113_Plate_1,G10,vpsL,euclid,-8.007493,-2.6233704
241014_115113_Plate_1,G11,WT,euclid,-3.8248193,-5.0692887
241014_115113_Plate_1,G12,potD1,euclid,8.243179,17.851616
241014_115113_Plate_1,G3,vpvC_W240R,euclid,12.541693,3.1024218
241014_115113_Plate_1,G5,flaA,euclid,-6.6730847,7.185701
241014_115113_Plate_1,G7,hapR,euclid,7.9503818,14.409896
241014_115113_Plate_1,G8,luxO_D47E,euclid,-1.743095,4.141434
241014_115113_Plate_1,G9,rbmB,euclid,1.8382916,9.934539
241014_115113_Plate_1,H10,vpsL,euclid,-7.4895988,-3.4014182
241014_115113_Plate_1,H11,WT,euclid,-2.4273236,-5.594536
241014_115113_Plate_1,H12,potD1,euclid,7.625817,18.181637
241014_115113_Plate_1,H3,vpvC_W240R,euclid,15.012883,1.2964706
241014_115113_Plate_1,H5,flaA,euclid,-5.3389173,5.493741
241014_115113_Plate_1,H7,hapR,euclid,6.381675,14.607051
241014_115113_Plate_1,H8,luxO_D47E,euclid,-1.9965737,4.1640077
241014_115113_Plate_1,H9,rbmB,euclid,1.3677999,9.470697
241014_121049_Plate_1,A11,flaA,euclid,-7.2223444,7.7889385
241014_121049_Plate_1,A1,hapR,euclid,8.115823,14.882769
241014_121049_Plate_1,A2,luxO_D47E,euclid,-3.1642218,4.1093354
241014_121049_Plate_1,A3,rbmB,euclid,2.231755,10.534835
241014_121049_Plate_1,A4,vpsL,euclid,-8.638998,-3.5123868
241014_121049_Plate_1,A5,WT,euclid,-2.7792833,-5.594821
241014_121049_Plate_1,A6,potD1,euclid,6.161756,16.922771
241014_121049_Plate_1,A9,vpvC_W240R,euclid,14.515208,1.6935235
241014_121049_Plate_1,B11,flaA,euclid,-8.071326,8.341984
241014_121049_Plate_1,B1,hapR,euclid,9.233998,14.318863
241014_121049_Plate_1,B2,luxO_D47E,euclid,-2.9902775,3.9747267
241014_121049_Plate_1,B3,rbmB,euclid,1.2048861,9.485811
241014_121049_Plate_1,B4,vpsL,euclid,-7.4860377,-3.273947
241014_121049_Plate_1,B5,WT,euclid,-3.5737457,-4.846055
241014_121049_Plate_1,B6,potD1,euclid,6.730164,16.955486
241014_121049_Plate_1,B9,vpvC_W240R,euclid,13.027367,3.1268737
241014_121049_Plate_1,C11,flaA,euclid,-5.479643,5.8433747
241014_121049_Plate_1,C1,hapR,euclid,5.628115,14.860747
241014_121049_Plate_1,C2,luxO_D47E,euclid,-2.8940656,3.9784334
241014_121049_Plate_1,C3,rbmB,euclid,2.5048766,11.184669
241014_121049_Plate_1,C4,vpsL,euclid,-7.379033,-3.2582664
241014_121049_Plate_1,C5,WT,euclid,-7.9975333,-4.0605664
241014_121049_Plate_1,C6,potD1,euclid,6.7565384,17.240343
241014_121049_Plate_1,C9,vpvC_W240R,euclid,12.508121,2.0743825
241014_121049_Plate_1,D11,flaA,euclid,-5.632822,5.7962313
241014_121049_Plate_1,D1,hapR,euclid,6.452336,14.653209
241014_121049_Plate_1,D2,luxO_D47E,euclid,-2.967009,4.020147
241014_121049_Plate_1,D3,rbmB,euclid,1.9352746,10.50604
241014_121049_Plate_1,D4,vpsL,euclid,-7.6238523,-3.6098337
241014_121049_Plate_1,D5,WT,euclid,-2.7128222,-5.7229652
241014_121049_Plate_1,D9,vpvC_W240R,euclid,13.414487,2.5357785
241014_121049_Plate_1,E10,vpsL,euclid,-8.865363,-3.114484
241014_121049_Plate_1,E11,WT,euclid,-3.0294209,-5.1499887
241014_121049_Plate_1,E12,potD1,euclid,7.2263284,18.081226
241014_121049_Plate_1,E3,vpvC_W240R,euclid,14.194508,1.6212184
241014_121049_Plate_1,E5,flaA,euclid,-6.654146,7.260015
241014_121049_Plate_1,E7,hapR,euclid,6.6940494,14.796335
241014_121049_Plate_1,E8,luxO_D47E,euclid,-2.1585174,3.808748
241014_121049_Plate_1,E9,rbmB,euclid,1.2845619,9.73027
241014_121049_Plate_1,F10,vpsL,euclid,-9.009766,-2.497725
241014_121049_Plate_1,F11,WT,euclid,-2.820823,-4.897753
241014_121049_Plate_1,F12,potD1,euclid,8.370174,17.775057
241014_121049_Plate_1,F3,vpvC_W240R,euclid,13.283169,2.9408774
241014_121049_Plate_1,F5,flaA,euclid,-5.3734713,5.607199
241014_121049_Plate_1,F7,hapR,euclid,7.197337,14.556724
241014_121049_Plate_1,F8,luxO_D47E,euclid,-1.2519367,3.8590853
241014_121049_Plate_1,F9,rbmB,euclid,1.6937437,10.204807
241014_121049_Plate_1,G10,vpsL,euclid,-7.8151455,-2.8743188
241014_121049_Plate_1,G11,WT,euclid,-2.9376028,-5.633384
241014_121049_Plate_1,G12,potD1,euclid,7.2785497,17.934042
241014_121049_Plate_1,G3,vpvC_W240R,euclid,12.671324,3.1719754
241014_121049_Plate_1,G5,flaA,euclid,-7.0471373,7.585462
241014_121049_Plate_1,G7,hapR,euclid,7.5395412,14.389253
241014_121049_Plate_1,G8,luxO_D47E,euclid,-2.6166573,3.8339837
241014_121049_Plate_1,G9,rbmB,euclid,1.4952555,9.398451
241014_121049_Plate_1,H10,vpsL,euclid,-7.6560664,-3.0036774
241014_121049_Plate_1,H11,WT,euclid,-1.5728626,-6.0216365
241014_121049_Plate_1,H12,potD1,euclid,7.051703,17.884792
241014_121049_Plate_1,H3,vpvC_W240R,euclid,14.188928,2.0708535
241014_121049_Plate_1,H5,flaA,euclid,-5.742316,5.9228234
241014_121049_Plate_1,H7,hapR,euclid,7.509833,14.601957
241014_121049_Plate_1,H8,luxO_D47E,euclid,-2.2372804,3.8211136
241014_121049_Plate_1,H9,rbmB,euclid,1.373717,9.137654
241016_105223_Plate_1,A11,flaA,euclid,-6.6265993,6.8709865
241016_105223_Plate_1,A1,hapR,euclid,6.5255466,14.813633
241016_105223_Plate_1,A2,luxO_D47E,euclid,-2.289263,3.868373
241016_105223_Plate_1,A3,rbmB,euclid,0.5924271,9.353514
241016_105223_Plate_1,A4,vpsL,euclid,-7.903786,-2.851883
241016_105223_Plate_1,A5,WT,euclid,-2.860663,-5.0603647
241016_105223_Plate_1,A6,potD1,euclid,7.369424,17.194956
241016_105223_Plate_1,A9,vpvC_W240R,euclid,12.872911,2.4312398
241016_105223_Plate_1,B11,flaA,euclid,-8.060573,7.8432155
241016_105223_Plate_1,B1,hapR,euclid,6.374073,14.639615
241016_105223_Plate_1,B2,luxO_D47E,euclid,-1.9473249,4.0957375
241016_105223_Plate_1,B3,rbmB,euclid,1.2244244,10.390484
241016_105223_Plate_1,B4,vpsL,euclid,-8.933214,-2.4708455
241016_105223_Plate_1,B5,WT,euclid,-3.0247624,-4.991284
241016_105223_Plate_1,B6,potD1,euclid,6.123347,16.038395
241016_105223_Plate_1,B9,vpvC_W240R,euclid,13.027299,2.6184957
241016_105223_Plate_1,C11,flaA,euclid,-5.506748,5.5473337
241016_105223_Plate_1,C1,hapR,euclid,6.5667386,14.542666
241016_105223_Plate_1,C2,luxO_D47E,euclid,-1.6218022,3.9915364
241016_105223_Plate_1,C3,rbmB,euclid,0.5415419,9.127969
241016_105223_Plate_1,C4,vpsL,euclid,-8.756235,-3.2345684
241016_105223_Plate_1,C5,WT,euclid,-2.3197374,-5.38771
241016_105223_Plate_1,C6,potD1,euclid,6.570862,16.309498
241016_105223_Plate_1,C9,vpvC_W240R,euclid,12.629019,2.2156813
241016_105223_Plate_1,D11,flaA,euclid,-5.5439057,5.610546
241016_105223_Plate_1,D1,hapR,euclid,6.4406996,14.878086
241016_105223_Plate_1,D2,luxO_D47E,euclid,-2.6445448,4.1840296
241016_105223_Plate_1,D3,rbmB,euclid,2.0255215,10.961821
241016_105223_Plate_1,D4,vpsL,euclid,-7.8313518,-2.9441364
241016_105223_Plate_1,D5,WT,euclid,-2.2009351,-5.976904
241016_105223_Plate_1,D6,potD1,euclid,5.9350743,16.163591
241016_105223_Plate_1,D9,vpvC_W240R,euclid,12.214823,2.2811341
241016_105223_Plate_1,E10,vpsL,euclid,-6.8629055,-2.4047132
241016_105223_Plate_1,E11,WT,euclid,-2.3724544,-6.0163164
241016_105223_Plate_1,E12,potD1,euclid,6.1397743,16.715395
241016_105223_Plate_1,E3,vpvC_W240R,euclid,13.034454,2.493054
241016_105223_Plate_1,E5,flaA,euclid,-6.9263697,6.875613
241016_105223_Plate_1,E7,hapR,euclid,6.692684,14.651188
241016_105223_Plate_1,E8,luxO_D47E,euclid,-2.7791495,4.1176476
241016_105223_Plate_1,E9,rbmB,euclid,1.2848294,10.111552
241016_105223_Plate_1,F10,vpsL,euclid,-7.987391,-2.9915245
241016_105223_Plate_1,F11,WT,euclid,-1.9846972,-5.8605204
241016_105223_Plate_1,F12,potD1,euclid,7.005881,17.167105
241016_105223_Plate_1,F3,vpvC_W240R,euclid,12.556233,3.0657396
241016_105223_Plate_1,F5,flaA,euclid,-7.313785,7.2381167
241016_105223_Plate_1,F7,hapR,euclid,6.3734007,14.718588
241016_105223_Plate_1,F8,luxO_D47E,euclid,-1.9502156,4.052726
241016_105223_Plate_1,F9,rbmB,euclid,1.4949654,10.635425
241016_105223_Plate_1,G10,vpsL,euclid,-6.9954143,-2.597856
241016_105223_Plate_1,G11,WT,euclid,-1.3152627,-6.088734
241016_105223_Plate_1,G12,potD1,euclid,7.4692698,17.85887
241016_105223_Plate_1,G3,vpvC_W240R,euclid,12.910657,2.5285957
241016_105223_Plate_1,G5,flaA,euclid,-7.3134294,7.1908154
241016_105223_Plate_1,G7,hapR,euclid,6.682334,14.42646
241016_105223_Plate_1,G8,luxO_D47E,euclid,-1.6757163,3.8052547
241016_105223_Plate_1,G9,rbmB,euclid,2.2051914,11.472951
241016_105223_Plate_1,H10,vpsL,euclid,-6.2432303,-2.2460208
241016_105223_Plate_1,H11,WT,euclid,-2.299253,-5.850642
241016_105223_Plate_1,H12,potD1,euclid,6.3645678,17.12459
241016_105223_Plate_1,H3,vpvC_W240R,euclid,13.256531,2.206269
241016_105223_Plate_1,H5,flaA,euclid,-7.955503,7.3465943
241016_105223_Plate_1,H7,hapR,euclid,5.839952,14.773944
241016_105223_Plate_1,H8,luxO_D47E,euclid,-2.382745,3.8877215
241016_105223_Plate_1,H9,rbmB,euclid,1.4660618,10.411658
241016_113137_Plate_1,A11,flaA,euclid,-7.111672,7.7023945
241016_113137_Plate_1,A1,hapR,euclid,9.108589,15.230123
241016_113137_Plate_1,A2,luxO_D47E,euclid,-0.5691761,4.83582
241016_113137_Plate_1,A3,rbmB,euclid,0.8066589,8.563828
241016_113137_Plate_1,A4,vpsL,euclid,-8.868941,-2.5912411
241016_113137_Plate_1,A5,WT,euclid,-2.350742,-4.8612337
241016_113137_Plate_1,A6,potD1,euclid,7.7556405,17.826038
241016_113137_Plate_1,A9,vpvC_W240R,euclid,13.574428,2.4722445
241016_113137_Plate_1,B11,flaA,euclid,-7.9442067,8.133601
241016_113137_Plate_1,B1,hapR,euclid,8.273382,14.608396
241016_113137_Plate_1,B2,luxO_D47E,euclid,-0.927669,4.7437534
241016_113137_Plate_1,B3,rbmB,euclid,0.93344104,9.506252
241016_113137_Plate_1,B4,vpsL,euclid,-8.704589,-2.293093
241016_113137_Plate_1,B5,WT,euclid,-1.7637287,-6.1937103
241016_113137_Plate_1,B6,potD1,euclid,7.511921,17.710154
241016_113137_Plate_1,B9,vpvC_W240R,euclid,14.553708,1.5688658
241016_113137_Plate_1,C11,flaA,euclid,-6.3517466,6.664158
241016_113137_Plate_1,C1,hapR,euclid,7.5336804,14.726094
241016_113137_Plate_1,C2,luxO_D47E,euclid,-1.4102036,4.3659687
241016_113137_Plate_1,C3,rbmB,euclid,0.8138167,8.772997
241016_113137_Plate_1,C4,vpsL,euclid,-8.9880495,-2.5716977
241016_113137_Plate_1,C5,WT,euclid,-2.752082,-5.8964515
241016_113137_Plate_1,C6,potD1,euclid,7.685699,17.36875
241016_113137_Plate_1,C9,vpvC_W240R,euclid,12.260584,2.2066386
241016_113137_Plate_1,D11,flaA,euclid,-6.89385,7.205135
241016_113137_Plate_1,D1,hapR,euclid,7.543607,14.417547
241016_113137_Plate_1,D2,luxO_D47E,euclid,-2.0479283,3.8950455
241016_113137_Plate_1,D3,rbmB,euclid,0.7455836,9.604696
241016_113137_Plate_1,D4,vpsL,euclid,-8.63939,-2.3556492
241016_113137_Plate_1,D5,WT,euclid,-0.801756,-5.9751005
241016_113137_Plate_1,D6,potD1,euclid,5.796188,16.15803
241016_113137_Plate_1,D9,vpvC_W240R,euclid,12.451645,2.4394095
241016_113137_Plate_1,E10,vpsL,euclid,-8.899862,-2.4914205
241016_113137_Plate_1,E11,WT,euclid,-1.4357095,-6.0210195
241016_113137_Plate_1,E12,potD1,euclid,8.184337,18.050455
241016_113137_Plate_1,E3,vpvC_W240R,euclid,13.907532,2.1065192
241016_113137_Plate_1,E5,flaA,euclid,-6.847663,6.959474
241016_113137_Plate_1,E7,hapR,euclid,8.766691,14.750931
241016_113137_Plate_1,E8,luxO_D47E,euclid,-1.0229303,4.7025967
241016_113137_Plate_1,E9,rbmB,euclid,0.8578169,9.628655
241016_113137_Plate_1,F10,vpsL,euclid,-8.536168,-2.8903234
241016_113137_Plate_1,F11,WT,euclid,-0.895858,-5.9978886
241016_113137_Plate_1,F12,potD1,euclid,7.2492003,17.980473
241016_113137_Plate_1,F3,vpvC_W240R,euclid,12.793114,3.223455
241016_113137_Plate_1,F5,flaA,euclid,-6.1893034,6.3472414
241016_113137_Plate_1,F7,hapR,euclid,7.338378,14.462586
241016_113137_Plate_1,F8,luxO_D47E,euclid,-1.2029219,4.6108413
241016_113137_Plate_1,F9,rbmB,euclid,0.9372076,8.845202
241016_113137_Plate_1,G10,vpsL,euclid,-8.3530035,-3.692036
241016_113137_Plate_1,G11,WT,euclid,-0.7941605,-5.988778
241016_113137_Plate_1,G12,potD1,euclid,8.794788,17.502323
241016_113137_Plate_1,G3,vpvC_W240R,euclid,14.251063,1.6134458
241016_113137_Plate_1,G5,flaA,euclid,-7.5722914,7.6717443
241016_113137_Plate_1,G7,hapR,euclid,7.2429414,14.384529
241016_113137_Plate_1,G8,luxO_D47E,euclid,-1.48065,4.269517
241016_113137_Plate_1,G9,rbmB,euclid,2.0163703,10.057697
241016_113137_Plate_1,H10,vpsL,euclid,-7.1908154,-2.3018575
241016_113137_Plate_1,H11,WT,euclid,-0.9722147,-5.8830056
241016_113137_Plate_1,H12,potD1,euclid,8.480866,18.17286
241016_113137_Plate_1,H3,vpvC_W240R,euclid,14.390629,1.5520155
241016_113137_Plate_1,H5,flaA,euclid,-6.7274523,6.685896
241016_113137_Plate_1,H7,hapR,euclid,7.7008996,14.445364
241016_113137_Plate_1,H8,luxO_D47E,euclid,-0.5789529,4.177343
241016_113137_Plate_1,H9,rbmB,euclid,1.3937461,9.251508
241017_175114_Plate_1,A11,flaA,euclid,-8.62269,7.85481
241017_175114_Plate_1,A1,hapR,euclid,9.238574,15.193683
241017_175114_Plate_1,A2,luxO_D47E,euclid,-0.12483891,4.5423555
241017_175114_Plate_1,A3,rbmB,euclid,0.79384315,9.132082
241017_175114_Plate_1,A4,vpsL,euclid,-8.685825,-2.4468143
241017_175114_Plate_1,A5,WT,euclid,-2.0220838,-5.786272
241017_175114_Plate_1,A6,potD1,euclid,8.727619,17.362038
241017_175114_Plate_1,A9,vpvC_W240R,euclid,14.78598,1.4890629
241017_175114_Plate_1,B11,flaA,euclid,-8.017844,8.312738
241017_175114_Plate_1,B1,hapR,euclid,8.61111,14.42766
241017_175114_Plate_1,B2,luxO_D47E,euclid,-0.16207793,4.551291
241017_175114_Plate_1,B3,rbmB,euclid,1.3737242,10.177213
241017_175114_Plate_1,B4,vpsL,euclid,-8.5710945,-2.3778327
241017_175114_Plate_1,B5,WT,euclid,-2.4529405,-5.5956326
241017_175114_Plate_1,B6,potD1,euclid,7.201965,17.38833
241017_175114_Plate_1,B9,vpvC_W240R,euclid,14.286737,1.7069
241017_175114_Plate_1,C11,flaA,euclid,-5.7786455,6.1163797
241017_175114_Plate_1,C1,hapR,euclid,8.261073,14.537019
241017_175114_Plate_1,C2,luxO_D47E,euclid,-5.76114,-1.652995
241017_175114_Plate_1,C3,rbmB,euclid,0.6085283,9.75856
241017_175114_Plate_1,C4,vpsL,euclid,-8.202051,-2.4853168
241017_175114_Plate_1,C5,WT,euclid,-3.1109123,-5.613837
241017_175114_Plate_1,C6,potD1,euclid,6.9169126,17.25878
241017_175114_Plate_1,C9,vpvC_W240R,euclid,1.0020947,8.551059
241017_175114_Plate_1,D11,flaA,euclid,-6.154927,6.917154
241017_175114_Plate_1,D1,hapR,euclid,7.3251967,14.40615
241017_175114_Plate_1,D2,luxO_D47E,euclid,-1.689142,4.0689664
241017_175114_Plate_1,D3,rbmB,euclid,1.8667209,11.162551
241017_175114_Plate_1,D4,vpsL,euclid,-8.288299,-2.3629627
241017_175114_Plate_1,D5,WT,euclid,-0.66834736,-5.884984
241017_175114_Plate_1,D6,potD1,euclid,8.228443,18.078945
241017_175114_Plate_1,D9,vpvC_W240R,euclid,13.341476,2.7035403
241017_175114_Plate_1,E10,vpsL,euclid,-8.794307,-2.5840104
241017_175114_Plate_1,E11,WT,euclid,-2.4865084,-5.292817
241017_175114_Plate_1,E12,potD1,euclid,8.116572,18.183676
241017_175114_Plate_1,E3,vpvC_W240R,euclid,15.292358,1.1820034
241017_175114_Plate_1,E5,flaA,euclid,-7.228172,7.804947
241017_175114_Plate_1,E7,hapR,euclid,7.061089,14.724249
241017_175114_Plate_1,E8,luxO_D47E,euclid,-0.49305892,4.2328
241017_175114_Plate_1,E9,rbmB,euclid,1.555694,10.868133
241017_175114_Plate_1,F10,vpsL,euclid,-8.206919,-2.3366923
241017_175114_Plate_1,F11,WT,euclid,-1.4537898,-5.7703342
241017_175114_Plate_1,F12,potD1,euclid,8.05579,18.15933
241017_175114_Plate_1,F3,vpvC_W240R,euclid,14.487627,1.6194662
241017_175114_Plate_1,F5,flaA,euclid,-6.7653837,7.520047
241017_175114_Plate_1,F7,hapR,euclid,7.1051645,14.708295
241017_175114_Plate_1,F8,luxO_D47E,euclid,-1.7091882,3.8006952
241017_175114_Plate_1,F9,rbmB,euclid,2.0438645,10.333232
241017_175114_Plate_1,G10,vpsL,euclid,-8.161824,-2.2233293
241017_175114_Plate_1,G11,WT,euclid,-1.6457481,-5.885689
241017_175114_Plate_1,G12,potD1,euclid,8.462525,18.10729
241017_175114_Plate_1,G3,vpvC_W240R,euclid,14.139679,1.9757059
241017_175114_Plate_1,G5,flaA,euclid,-7.5652966,7.9874268
241017_175114_Plate_1,G7,hapR,euclid,7.0738606,14.550638
241017_175114_Plate_1,G8,luxO_D47E,euclid,-1.5578902,3.7934425
241017_175114_Plate_1,G9,rbmB,euclid,1.792394,10.123808
241017_175114_Plate_1,H10,vpsL,euclid,-8.916632,-2.540572
241017_175114_Plate_1,H11,WT,euclid,-1.2302593,-5.4857078
241017_175114_Plate_1,H12,potD1,euclid,5.870145,16.607927
241017_175114_Plate_1,H3,vpvC_W240R,euclid,15.215838,1.1682572
241017_175114_Plate_1,H5,flaA,euclid,-7.5627947,7.9344745
241017_175114_Plate_1,H7,hapR,euclid,8.597917,14.560323
241017_175114_Plate_1,H8,luxO_D47E,euclid,-0.48802382,4.266123
241017_175114_Plate_1,H9,rbmB,euclid,1.3612694,10.437872
241017_181052_Plate_1,A11,flaA,euclid,-7.485077,7.9303427
241017_181052_Plate_1,A1,hapR,euclid,9.10461,15.190344
241017_181052_Plate_1,A2,luxO_D47E,euclid,-1.3744493,3.9749684
241017_181052_Plate_1,A3,rbmB,euclid,0.89406097,8.983367
241017_181052_Plate_1,A4,vpsL,euclid,-8.047701,-3.3351266
241017_181052_Plate_1,A5,WT,euclid,-2.123323,-5.5968657
241017_181052_Plate_1,A6,potD1,euclid,7.0003324,16.696405
241017_181052_Plate_1,A9,vpvC_W240R,euclid,15.194264,1.2760673
241017_181052_Plate_1,B11,flaA,euclid,-7.7033176,8.154265
241017_181052_Plate_1,B1,hapR,euclid,8.028385,14.708113
241017_181052_Plate_1,B2,luxO_D47E,euclid,-0.4990309,4.2377057
241017_181052_Plate_1,B3,rbmB,euclid,1.1566192,10.112675
241017_181052_Plate_1,B4,vpsL,euclid,-8.728885,-2.9161227
241017_181052_Plate_1,B5,WT,euclid,-0.89052415,-5.685
241017_181052_Plate_1,B6,potD1,euclid,6.799283,17.238459
241017_181052_Plate_1,B9,vpvC_W240R,euclid,13.697064,2.023875
241017_181052_Plate_1,C11,flaA,euclid,-6.9595156,7.5087028
241017_181052_Plate_1,C1,hapR,euclid,7.831693,14.734199
241017_181052_Plate_1,C2,luxO_D47E,euclid,-1.2870618,4.1733603
241017_181052_Plate_1,C3,rbmB,euclid,0.65126437,9.915174
241017_181052_Plate_1,C4,vpsL,euclid,-8.348386,-2.2119174
241017_181052_Plate_1,C5,WT,euclid,-1.6236401,-5.6805763
241017_181052_Plate_1,C6,potD1,euclid,7.089546,17.66623
241017_181052_Plate_1,C9,vpvC_W240R,euclid,0.88544416,8.359208
241017_181052_Plate_1,D11,flaA,euclid,-8.28999,8.5627
241017_181052_Plate_1,D1,hapR,euclid,8.803599,14.502218
241017_181052_Plate_1,D2,luxO_D47E,euclid,-1.1492355,3.964918
241017_181052_Plate_1,D3,rbmB,euclid,1.9638885,10.106815
241017_181052_Plate_1,D4,vpsL,euclid,-8.28385,-2.463604
241017_181052_Plate_1,D5,WT,euclid,-0.7478295,-5.933533
241017_181052_Plate_1,D6,potD1,euclid,7.200244,17.52874
241017_181052_Plate_1,D9,vpvC_W240R,euclid,14.283194,1.3876625
241017_181052_Plate_1,E10,vpsL,euclid,-8.151083,-2.867743
241017_181052_Plate_1,E11,WT,euclid,-2.8270898,-4.9105515
241017_181052_Plate_1,E12,potD1,euclid,8.095581,18.148785
241017_181052_Plate_1,E3,vpvC_W240R,euclid,14.616843,1.617585
241017_181052_Plate_1,E5,flaA,euclid,-5.668058,6.011936
241017_181052_Plate_1,E7,hapR,euclid,7.2110696,14.615354
241017_181052_Plate_1,E8,luxO_D47E,euclid,-1.7939165,3.7100296
241017_181052_Plate_1,E9,rbmB,euclid,1.0252043,9.909948
241017_181052_Plate_1,F10,vpsL,euclid,-8.520152,-2.347559
241017_181052_Plate_1,F11,WT,euclid,-2.4793942,-5.3526726
241017_181052_Plate_1,F12,potD1,euclid,7.355616,18.033012
241017_181052_Plate_1,F3,vpvC_W240R,euclid,14.23319,1.856651
241017_181052_Plate_1,F5,flaA,euclid,-6.577927,7.399746
241017_181052_Plate_1,F7,hapR,euclid,6.9219036,14.96353
241017_181052_Plate_1,F8,luxO_D47E,euclid,-2.2072036,3.554925
241017_181052_Plate_1,F9,rbmB,euclid,1.6040758,10.774467
241017_181052_Plate_1,G10,vpsL,euclid,-7.09571,-2.5728009
241017_181052_Plate_1,G11,WT,euclid,-2.7083967,-5.085624
241017_181052_Plate_1,G12,potD1,euclid,7.805797,18.13198
241017_181052_Plate_1,G3,vpvC_W240R,euclid,14.981042,1.3786582
241017_181052_Plate_1,G5,flaA,euclid,-8.305618,8.313598
241017_181052_Plate_1,G7,hapR,euclid,7.019056,14.906571
241017_181052_Plate_1,G8,luxO_D47E,euclid,0.034929052,4.667852
241017_181052_Plate_1,G9,rbmB,euclid,1.5980867,10.512123
241017_181052_Plate_1,H10,vpsL,euclid,-7.640998,-3.5291088
241017_181052_Plate_1,H11,WT,euclid,-2.5294945,-5.5617914
241017_181052_Plate_1,H12,potD1,euclid,5.87012,16.540386
241017_181052_Plate_1,H3,vpvC_W240R,euclid,15.166825,1.3864293
241017_181052_Plate_1,H5,flaA,euclid,-7.4528203,7.5713334
241017_181052_Plate_1,H7,hapR,euclid,6.452336,14.658484
241017_181052_Plate_1,H8,luxO_D47E,euclid,-0.8166612,4.0836167
241017_181052_Plate_1,H9,rbmB,euclid,1.3181031,9.218406
241017_183030_Plate_1,A11,flaA,euclid,-7.698205,8.049067
241017_183030_Plate_1,A1,hapR,euclid,8.851023,14.959081
241017_183030_Plate_1,A2,luxO_D47E,euclid,-1.2962022,3.7101722
241017_183030_Plate_1,A3,rbmB,euclid,1.7373558,9.903238
241017_183030_Plate_1,A4,vpsL,euclid,-7.7362556,-3.461031
241017_183030_Plate_1,A5,WT,euclid,-2.3256373,-5.279208
241017_183030_Plate_1,A6,potD1,euclid,8.046258,17.462952
241017_183030_Plate_1,A9,vpvC_W240R,euclid,14.618294,1.3305669
241017_183030_Plate_1,B11,flaA,euclid,-6.7445745,7.6324654
241017_183030_Plate_1,B1,hapR,euclid,8.390973,14.587103
241017_183030_Plate_1,B2,luxO_D47E,euclid,-1.8107882,3.5383043
241017_183030_Plate_1,B3,rbmB,euclid,2.3631828,11.293296
241017_183030_Plate_1,B4,vpsL,euclid,-8.378038,-3.7005394
241017_183030_Plate_1,B5,WT,euclid,-3.5261345,-4.741296
241017_183030_Plate_1,B6,potD1,euclid,5.790975,15.8284445
241017_183030_Plate_1,B9,vpvC_W240R,euclid,13.846651,1.9142523
241017_183030_Plate_1,C11,flaA,euclid,-6.0963144,6.7508483
241017_183030_Plate_1,C1,hapR,euclid,6.8553333,14.74047
241017_183030_Plate_1,C2,luxO_D47E,euclid,-1.8635223,3.578668
241017_183030_Plate_1,C3,rbmB,euclid,0.9517761,9.7455845
241017_183030_Plate_1,C4,vpsL,euclid,-8.841302,-2.5774314
241017_183030_Plate_1,C5,WT,euclid,-3.2053504,-5.534617
241017_183030_Plate_1,C6,potD1,euclid,5.6576567,15.453355
241017_183030_Plate_1,C9,vpvC_W240R,euclid,1.0410588,8.61606
241017_183030_Plate_1,D11,flaA,euclid,-7.855287,8.249549
241017_183030_Plate_1,D1,hapR,euclid,8.866349,14.617207
241017_183030_Plate_1,D2,luxO_D47E,euclid,-2.7228055,3.7234519
241017_183030_Plate_1,D3,rbmB,euclid,2.0661044,11.221776
241017_183030_Plate_1,D4,vpsL,euclid,-7.5827985,-2.3357472
241017_183030_Plate_1,D5,WT,euclid,-2.4510713,-5.0975723
241017_183030_Plate_1,D6,potD1,euclid,6.411116,16.573503
241017_183030_Plate_1,D9,vpvC_W240R,euclid,14.812766,1.2952182
241017_183030_Plate_1,E10,vpsL,euclid,-6.295446,-2.2788835
241017_183030_Plate_1,E11,WT,euclid,-2.8546343,-4.597879
241017_183030_Plate_1,E12,potD1,euclid,5.9516816,16.46674
241017_183030_Plate_1,E3,vpvC_W240R,euclid,14.893649,1.2428516
241017_183030_Plate_1,E5,flaA,euclid,-6.160777,6.8256106
241017_183030_Plate_1,E7,hapR,euclid,6.9040227,14.925109
241017_183030_Plate_1,E8,luxO_D47E,euclid,-2.1157854,3.6498199
241017_183030_Plate_1,E9,rbmB,euclid,1.948457,11.086132
241017_183030_Plate_1,F10,vpsL,euclid,-8.367111,-2.9637883
241017_183030_Plate_1,F11,WT,euclid,-3.9050376,-4.8346157
241017_183030_Plate_1,F12,potD1,euclid,5.9753118,16.624727
241017_183030_Plate_1,F3,vpvC_W240R,euclid,12.894798,2.9632108
241017_183030_Plate_1,F5,flaA,euclid,-6.293453,6.905546
241017_183030_Plate_1,F7,hapR,euclid,6.160278,14.716971
241017_183030_Plate_1,F8,luxO_D47E,euclid,-2.3938894,3.6311634
241017_183030_Plate_1,F9,rbmB,euclid,2.4313664,11.616892
241017_183030_Plate_1,G10,vpsL,euclid,-7.522539,-3.1283817
241017_183030_Plate_1,G11,WT,euclid,-3.2454677,-4.8130875
241017_183030_Plate_1,G12,potD1,euclid,6.139225,16.763947
241017_183030_Plate_1,G3,vpvC_W240R,euclid,13.326821,2.3079166
241017_183030_Plate_1,G5,flaA,euclid,-6.5160203,7.2061605
241017_183030_Plate_1,G7,hapR,euclid,6.332161,14.669389
241017_183030_Plate_1,G8,luxO_D47E,euclid,-0.92387336,3.8404877
241017_183030_Plate_1,G9,rbmB,euclid,-5.8647027,-1.7507719
241017_183030_Plate_1,H10,vpsL,euclid,-7.5612054,-3.7007189
241017_183030_Plate_1,H11,WT,euclid,-3.007983,-4.839697
241017_183030_Plate_1,H12,potD1,euclid,5.6218176,15.396495
241017_183030_Plate_1,H3,vpvC_W240R,euclid,14.650172,1.520875
241017_183030_Plate_1,H5,flaA,euclid,-7.441979,8.061454
241017_183030_Plate_1,H7,hapR,euclid,6.741257,14.605711
241017_183030_Plate_1,H8,luxO_D47E,euclid,-0.8570212,3.714641
241017_183030_Plate_1,H9,rbmB,euclid,1.6412071,10.7188015
241023_161758_Plate_1,A11,flaA,euclid,-8.590821,7.7261834
241023_161758_Plate_1,A1,hapR,euclid,8.886475,15.191502
241023_161758_Plate_1,A2,luxO_D47E,euclid,-1.2530254,4.5043664
241023_161758_Plate_1,A3,rbmB,euclid,1.9657843,10.640535
241023_161758_Plate_1,A4,vpsL,euclid,-7.459137,-3.1558874
241023_161758_Plate_1,A5,WT,euclid,-3.2567084,-5.125048
241023_161758_Plate_1,A6,potD1,euclid,6.2225327,16.286398
241023_161758_Plate_1,A9,vpvC_W240R,euclid,12.853303,2.4246683
241023_161758_Plate_1,B11,flaA,euclid,-8.807443,7.962617
241023_161758_Plate_1,B1,hapR,euclid,9.068964,14.109454
241023_161758_Plate_1,B2,luxO_D47E,euclid,-0.75880885,4.3408475
241023_161758_Plate_1,B3,rbmB,euclid,0.8772736,9.542494
241023_161758_Plate_1,B4,vpsL,euclid,-7.1988873,-2.3826776
241023_161758_Plate_1,B5,WT,euclid,-3.0027242,-5.3084946
241023_161758_Plate_1,B6,potD1,euclid,6.3812566,16.006891
241023_161758_Plate_1,B9,vpvC_W240R,euclid,13.031227,2.6323285
241023_161758_Plate_1,C11,flaA,euclid,-8.501772,7.86002
241023_161758_Plate_1,C1,hapR,euclid,9.263017,14.329243
241023_161758_Plate_1,C2,luxO_D47E,euclid,-0.9729304,4.5602355
241023_161758_Plate_1,C3,rbmB,euclid,1.0859274,9.828056
241023_161758_Plate_1,C4,vpsL,euclid,-7.4846697,-1.876307
241023_161758_Plate_1,C5,WT,euclid,-3.4972312,-5.2422767
241023_161758_Plate_1,C6,potD1,euclid,5.896238,15.9309225
241023_161758_Plate_1,C9,vpvC_W240R,euclid,12.60708,2.4730008
241023_161758_Plate_1,D11,flaA,euclid,-8.654419,7.8302317
241023_161758_Plate_1,D1,hapR,euclid,9.339636,14.0503845
241023_161758_Plate_1,D2,luxO_D47E,euclid,-1.154503,4.416363
241023_161758_Plate_1,D3,rbmB,euclid,2.184839,11.244531
241023_161758_Plate_1,D4,vpsL,euclid,-7.5064282,-2.0232072
241023_161758_Plate_1,D5,WT,euclid,-2.1721144,-5.2820163
241023_161758_Plate_1,D6,potD1,euclid,6.2905803,16.097862
241023_161758_Plate_1,D9,vpvC_W240R,euclid,12.717919,2.2647684
241023_161758_Plate_1,E10,vpsL,euclid,-7.7471924,-2.479591
241023_161758_Plate_1,E11,WT,euclid,-2.175864,-5.558966
241023_161758_Plate_1,E12,potD1,euclid,8.223999,17.99667
241023_161758_Plate_1,E3,vpvC_W240R,euclid,14.668234,1.2765856
241023_161758_Plate_1,E5,flaA,euclid,-6.4508677,6.484065
241023_161758_Plate_1,E7,hapR,euclid,6.5862327,14.8639965
241023_161758_Plate_1,E8,luxO_D47E,euclid,-2.1203809,3.9100175
241023_161758_Plate_1,E9,rbmB,euclid,0.54890233,9.490709
241023_161758_Plate_1,F10,vpsL,euclid,-7.7599025,-2.4027033
241023_161758_Plate_1,F11,WT,euclid,-1.4637299,-5.9014297
241023_161758_Plate_1,F12,potD1,euclid,7.5624,17.23068
241023_161758_Plate_1,F3,vpvC_W240R,euclid,12.982668,2.1690114
241023_161758_Plate_1,F5,flaA,euclid,-8.0883465,7.4889297
241023_161758_Plate_1,F7,hapR,euclid,6.954469,14.474367
241023_161758_Plate_1,F8,luxO_D47E,euclid,-2.1079037,4.009574
241023_161758_Plate_1,F9,rbmB,euclid,1.3572577,10.598646
241023_161758_Plate_1,G10,vpsL,euclid,-7.2212477,-2.0190568
241023_161758_Plate_1,G11,WT,euclid,-1.705114,-5.9260674
241023_161758_Plate_1,G12,potD1,euclid,7.4156876,17.281368
241023_161758_Plate_1,G3,vpvC_W240R,euclid,12.653161,2.7742639
241023_161758_Plate_1,G5,flaA,euclid,-5.8949,6.0507107
241023_161758_Plate_1,G7,hapR,euclid,8.928702,14.564746
241023_161758_Plate_1,G8,luxO_D47E,euclid,-2.9516473,4.086542
241023_161758_Plate_1,G9,rbmB,euclid,2.362772,11.357904
241023_161758_Plate_1,H10,vpsL,euclid,-7.63612,-1.90878
241023_161758_Plate_1,H11,WT,euclid,-1.0180326,-6.0941815
241023_161758_Plate_1,H12,potD1,euclid,7.6728945,17.9331
241023_161758_Plate_1,H3,vpvC_W240R,euclid,15.3454075,1.2490002
241023_161758_Plate_1,H5,flaA,euclid,-8.563489,7.7056456
241023_161758_Plate_1,H7,hapR,euclid,8.813477,14.257061
241023_161758_Plate_1,H8,luxO_D47E,euclid,-2.1358583,4.1266923
241023_161758_Plate_1,H9,rbmB,euclid,1.4900777,10.577407
241023_163737_Plate_1,A11,flaA,euclid,-8.340214,7.5721593
241023_163737_Plate_1,A1,hapR,euclid,9.042086,14.904093
241023_163737_Plate_1,A2,luxO_D47E,euclid,-1.1627164,4.6131043
241023_163737_Plate_1,A3,rbmB,euclid,0.70184165,9.161499
241023_163737_Plate_1,A4,vpsL,euclid,-7.991796,-2.3395576
241023_163737_Plate_1,A5,WT,euclid,-1.2279241,-5.477004
241023_163737_Plate_1,A6,potD1,euclid,7.67348,17.538097
241023_163737_Plate_1,A9,vpvC_W240R,euclid,14.081488,1.7316579
241023_163737_Plate_1,B11,flaA,euclid,-8.703633,7.8035145
241023_163737_Plate_1,B1,hapR,euclid,8.996335,14.095945
241023_163737_Plate_1,B2,luxO_D47E,euclid,-0.49218607,5.154918
241023_163737_Plate_1,B3,rbmB,euclid,0.8006045,9.756886
241023_163737_Plate_1,B4,vpsL,euclid,-7.468602,-2.35544
241023_163737_Plate_1,B5,WT,euclid,-2.7223554,-5.6134353
241023_163737_Plate_1,B6,potD1,euclid,7.7312455,17.067547
241023_163737_Plate_1,B9,vpvC_W240R,euclid,14.366341,1.9339648
241023_163737_Plate_1,C11,flaA,euclid,-8.124716,7.824595
241023_163737_Plate_1,C1,hapR,euclid,9.588329,14.28344
241023_163737_Plate_1,C2,luxO_D47E,euclid,-0.914336,4.657301
241023_163737_Plate_1,C3,rbmB,euclid,0.6717091,9.636209
241023_163737_Plate_1,C4,vpsL,euclid,-7.6727295,-1.706714
241023_163737_Plate_1,C5,WT,euclid,-6.0130405,-2.0894265
241023_163737_Plate_1,C6,potD1,euclid,6.817492,16.455885
241023_163737_Plate_1,C9,vpvC_W240R,euclid,12.981126,2.9504654
241023_163737_Plate_1,D11,flaA,euclid,-8.762535,7.7090344
241023_163737_Plate_1,D1,hapR,euclid,9.361446,14.002212
241023_163737_Plate_1,D2,luxO_D47E,euclid,-0.9950052,4.5717316
241023_163737_Plate_1,D3,rbmB,euclid,0.705616,8.590843
241023_163737_Plate_1,D4,vpsL,euclid,-7.540713,-1.7161212
241023_163737_Plate_1,D5,WT,euclid,-1.5510216,-5.7201962
241023_163737_Plate_1,D6,potD1,euclid,7.0350113,16.844687
241023_163737_Plate_1,D9,vpvC_W240R,euclid,12.70906,2.297801
241023_163737_Plate_1,E10,vpsL,euclid,-7.5114713,-2.3767476
241023_163737_Plate_1,E11,WT,euclid,-1.3271508,-5.5765715
241023_163737_Plate_1,E12,potD1,euclid,8.5136385,17.609947
241023_163737_Plate_1,E3,vpvC_W240R,euclid,14.971544,1.3251158
241023_163737_Plate_1,E5,flaA,euclid,-7.21445,7.1562366
241023_163737_Plate_1,E7,hapR,euclid,8.528307,14.7357435
241023_163737_Plate_1,E8,luxO_D47E,euclid,-0.71500516,4.5473785
241023_163737_Plate_1,E9,rbmB,euclid,0.5978404,9.138332
241023_163737_Plate_1,F10,vpsL,euclid,-7.6119957,-1.9301422
241023_163737_Plate_1,F11,WT,euclid,-0.9691043,-5.9903774
241023_163737_Plate_1,F12,potD1,euclid,7.4386477,17.147701
241023_163737_Plate_1,F3,vpvC_W240R,euclid,14.301179,1.3049734
241023_163737_Plate_1,F5,flaA,euclid,-8.018749,7.3396974
241023_163737_Plate_1,F7,hapR,euclid,7.9621563,14.121656
241023_163737_Plate_1,F8,luxO_D47E,euclid,-0.85352635,4.5013127
241023_163737_Plate_1,F9,rbmB,euclid,2.6318262,11.475489
241023_163737_Plate_1,G10,vpsL,euclid,-7.661449,-1.74919
241023_163737_Plate_1,G11,WT,euclid,-0.8571593,-6.107962
241023_163737_Plate_1,G12,potD1,euclid,8.50037,17.633814
241023_163737_Plate_1,G3,vpvC_W240R,euclid,13.835868,1.8163962
241023_163737_Plate_1,G5,flaA,euclid,-5.871429,6.005349
241023_163737_Plate_1,G7,hapR,euclid,8.351301,14.161213
241023_163737_Plate_1,G8,luxO_D47E,euclid,-5.849737,-1.7197255
241023_163737_Plate_1,G9,rbmB,euclid,1.3517286,10.689532
241023_163737_Plate_1,H10,vpsL,euclid,-7.5808244,-1.719363
241023_163737_Plate_1,H11,WT,euclid,-0.72446656,-6.029505
241023_163737_Plate_1,H12,potD1,euclid,8.669188,17.766893
241023_163737_Plate_1,H3,vpvC_W240R,euclid,15.479067,1.1375519
241023_163737_Plate_1,H5,flaA,euclid,-8.608002,7.6800227
241023_163737_Plate_1,H7,hapR,euclid,9.242639,14.14442
241023_163737_Plate_1,H8,luxO_D47E,euclid,-0.18502198,5.2099423
241023_163737_Plate_1,H9,rbmB,euclid,1.4001192,9.134428
241023_165712_Plate_1,A11,flaA,euclid,-8.448072,7.6414785
241023_165712_Plate_1,A1,hapR,euclid,9.097627,15.286934
241023_165712_Plate_1,A2,luxO_D47E,euclid,-1.0618247,4.6113
241023_165712_Plate_1,A3,rbmB,euclid,0.9918809,8.893575
241023_165712_Plate_1,A4,vpsL,euclid,-7.623249,-2.3785758
241023_165712_Plate_1,A5,WT,euclid,-1.1717263,-5.4620595
241023_165712_Plate_1,A6,potD1,euclid,8.142651,17.64528
241023_165712_Plate_1,A9,vpvC_W240R,euclid,13.165523,2.9376357
241023_165712_Plate_1,B11,flaA,euclid,-8.654067,7.9680934
241023_165712_Plate_1,B1,hapR,euclid,9.272538,14.163079
241023_165712_Plate_1,B2,luxO_D47E,euclid,-1.4565814,4.470921
241023_165712_Plate_1,B3,rbmB,euclid,1.1301912,9.164655
241023_165712_Plate_1,B4,vpsL,euclid,-7.4722342,-2.2021754
241023_165712_Plate_1,B5,WT,euclid,-1.6464964,-5.5673714
241023_165712_Plate_1,B6,potD1,euclid,8.733522,17.501085
241023_165712_Plate_1,B9,vpvC_W240R,euclid,15.038391,1.0426346
241023_165712_Plate_1,C11,flaA,euclid,-8.496521,7.8708925
241023_165712_Plate_1,C1,hapR,euclid,9.320595,14.09931
241023_165712_Plate_1,C2,luxO_D47E,euclid,-1.1958963,4.227626
241023_165712_Plate_1,C3,rbmB,euclid,0.85702425,8.740822
241023_165712_Plate_1,C4,vpsL,euclid,-7.5748262,-1.6975558
241023_165712_Plate_1,C5,WT,euclid,-0.7838663,-5.7673025
241023_165712_Plate_1,C6,potD1,euclid,7.672868,17.292799
241023_165712_Plate_1,C9,vpvC_W240R,euclid,12.840153,2.9080193
241023_165712_Plate_1,D11,flaA,euclid,-7.185503,7.423766
241023_165712_Plate_1,D1,hapR,euclid,8.492999,14.2454405
241023_165712_Plate_1,D2,luxO_D47E,euclid,-1.1014199,4.6513143
241023_165712_Plate_1,D3,rbmB,euclid,0.68698627,8.928604
241023_165712_Plate_1,D4,vpsL,euclid,-7.5438466,-1.6538306
241023_165712_Plate_1,D5,WT,euclid,-2.8584876,-5.579211
241023_165712_Plate_1,D6,potD1,euclid,8.045454,17.310078
241023_165712_Plate_1,D9,vpvC_W240R,euclid,14.43263,1.4096116
241023_165712_Plate_1,E10,vpsL,euclid,-7.668857,-2.5375748
241023_165712_Plate_1,E11,WT,euclid,-1.3380827,-5.535332
241023_165712_Plate_1,E12,potD1,euclid,8.000346,17.542421
241023_165712_Plate_1,E3,vpvC_W240R,euclid,14.203542,1.9222485
241023_165712_Plate_1,E5,flaA,euclid,-7.9485106,7.782427
241023_165712_Plate_1,E7,hapR,euclid,8.98677,14.867947
241023_165712_Plate_1,E8,luxO_D47E,euclid,-1.8981022,4.121802
241023_165712_Plate_1,E9,rbmB,euclid,0.5622808,9.091704
241023_165712_Plate_1,F10,vpsL,euclid,-7.6794662,-2.122606
241023_165712_Plate_1,F11,WT,euclid,-0.69385827,-5.787242
241023_165712_Plate_1,F12,potD1,euclid,7.718673,17.41607
241023_165712_Plate_1,F3,vpvC_W240R,euclid,14.321823,1.4499685
241023_165712_Plate_1,F5,flaA,euclid,-6.2487936,6.263021
241023_165712_Plate_1,F7,hapR,euclid,7.9088483,14.144951
241023_165712_Plate_1,F8,luxO_D47E,euclid,-1.6500789,4.258988
241023_165712_Plate_1,F9,rbmB,euclid,2.554758,11.522767
241023_165712_Plate_1,G10,vpsL,euclid,-7.587233,-1.580836
241023_165712_Plate_1,G11,WT,euclid,-0.66918766,-5.8436427
241023_165712_Plate_1,G12,potD1,euclid,8.7822695,17.726038
241023_165712_Plate_1,G3,vpvC_W240R,euclid,14.158036,1.809056
241023_165712_Plate_1,G5,flaA,euclid,-6.896341,7.0199857
241023_165712_Plate_1,G7,hapR,euclid,7.332962,14.349725
241023_165712_Plate_1,G8,luxO_D47E,euclid,-1.73724,4.291227
241023_165712_Plate_1,G9,rbmB,euclid,1.017126,10.012065
241023_165712_Plate_1,H10,vpsL,euclid,-6.173774,-1.9985747
241023_165712_Plate_1,H11,WT,euclid,-0.61577415,-5.9521995
241023_165712_Plate_1,H12,potD1,euclid,8.751294,17.668547
241023_165712_Plate_1,H3,vpvC_W240R,euclid,15.441847,1.1798475
241023_165712_Plate_1,H5,flaA,euclid,-8.408315,7.545182
241023_165712_Plate_1,H7,hapR,euclid,9.400338,14.21019
241023_165712_Plate_1,H8,luxO_D47E,euclid,-0.09801641,5.2619877
241023_165712_Plate_1,H9,rbmB,euclid,1.0069506,9.236079
