plateId,wellId,mutant,geneLocus,function,n_neighbors,min_dist,umap1,umap2
Plate1_Drawer1 02-Oct-2025 11-48-52,A10,VC_1462,VC_1462,RstB2 protein; Similar to GP:2564358; identified by sequence similarity; putative.,10,0.1,-1.5778178,10.095109
Plate1_Drawer1 02-Oct-2025 11-48-52,A12,wavA,VC_0223,"ADP-heptose--LPS heptosyltransferase II, putative; Similar to GB:L42023 SP:P44011 PID:1003930 PID:1222457 PID:1204774; identified by sequence similarity; putative.",10,0.1,-2.612157,9.675881
Plate1_Drawer1 02-Oct-2025 11-48-52,A1,ung,VC_2359,uracil-DNA glycosylase; Excises uracil residues from the DNA which can arise as a result of misincorporation of dUMP residues by DNA polymerase or due to deamination of cytosine.,10,0.1,0.39304438,8.833268
Plate1_Drawer1 02-Oct-2025 11-48-52,A2,VC_2453,VC_2453,Sensor histidine kinase/response regulator; Similar to GB:D10888 SP:P26607 PID:216535 PID:882680 GB:U00096; identified by sequence similarity; putative.,10,0.1,4.785616,14.159244
Plate1_Drawer1 02-Oct-2025 11-48-52,A3,VC_2311,VC_2311,HesA/MoeB/ThiF family protein; Similar to GB:D21145 PID:471103 PID:882707 GB:U00096 SP:Q46927; identified by sequence similarity; putative.,10,0.1,0.44927207,8.785817
Plate1_Drawer1 02-Oct-2025 11-48-52,A4,lipA,VC_0943,"Lipoic acid synthetase; Catalyzes the radical-mediated insertion of two sulfur atoms into the C-6 and C-8 positions of the octanoyl moiety bound to the lipoyl domains of lipoate-dependent enzymes, thereby converting the octanoylated domains into lipoylated derivatives.",10,0.1,5.862725,15.658708
Plate1_Drawer1 02-Oct-2025 11-48-52,A5,rsmJ,VC_0073,Conserved hypothetical protein; Specifically methylates the guanosine in position 1516 of 16S rRNA.,10,0.1,0.3085323,8.577026
Plate1_Drawer1 02-Oct-2025 11-48-52,A6,potC,VC_1426,"Spermidine/putrescine ABC transporter, permease protein; Similar to GB:M64519 SP:P23859 PID:147328 GB:U00096 PID:1651551; identified by sequence similarity; putative.",10,0.1,0.23925318,10.84757
Plate1_Drawer1 02-Oct-2025 11-48-52,A7,pckA,VC_2738,Phosphoenolpyruvate carboxykinase; Involved in the gluconeogenesis. Catalyzes the conversion of oxaloacetate (OAA) to phosphoenolpyruvate (PEP) through direct phosphoryl transfer between the nucleoside triphosphate and OAA. Belongs to the phosphoenolpyruvate carboxykinase (ATP) family.,10,0.1,4.33889,11.373632
Plate1_Drawer1 02-Oct-2025 11-48-52,A8,rluD,VC_0709,"Ribosomal large subunit pseudouridine synthase D; Responsible for synthesis of pseudouridine from uracil at positions 1911, 1915 and 1917 in 23S ribosomal RNA; Belongs to the pseudouridine synthase RluA family.",10,0.1,0.11262116,9.963878
Plate1_Drawer1 02-Oct-2025 11-48-52,B10,flgP,VC_2206,Conserved hypothetical protein; Identified by Glimmer2; putative.,10,0.1,6.0665627,9.591196
Plate1_Drawer1 02-Oct-2025 11-48-52,B11,fliQ,VC_2122,Flagellar biosynthetic protein FliQ; Role in flagellar biosynthesis. Belongs to the FliQ/MopD/SpaQ family.,10,0.1,9.506166,6.2981005
Plate1_Drawer1 02-Oct-2025 11-48-52,B12,argF,VC_2508,Ornithine carbamoyltransferase; Reversibly catalyzes the transfer of the carbamoyl group from carbamoyl phosphate (CP) to the N(epsilon) atom of ornithine (ORN) to produce L-citrulline; Belongs to the aspartate/ornithine carbamoyltransferase superfamily. OTCase family.,10,0.1,-1.5022604,9.512383
Plate1_Drawer1 02-Oct-2025 11-48-52,B1,flgB,VC_2200,"Flagellar basal-body rod protein FlgB; Structural component of flagellum, the bacterial motility apparatus. Part of the rod structure of flagellar basal body.",10,0.1,4.7954926,14.187743
Plate1_Drawer1 02-Oct-2025 11-48-52,B2,fliS,VC_2138,Flagellar protein FliS; Similar to GB:U12816 PID:1254205; identified by sequence similarity; putative.,10,0.1,9.56248,6.4716387
Plate1_Drawer1 02-Oct-2025 11-48-52,B3,VC_A1081,VC_A1081,Hypothetical protein; Identified by Glimmer2; putative.,10,0.1,1.5191383,9.073423
Plate1_Drawer1 02-Oct-2025 11-48-52,B4,VC_1909,VC_1909,Hypothetical protein; Identified by Glimmer2; putative.,10,0.1,-2.8242126,8.198821
Plate1_Drawer1 02-Oct-2025 11-48-52,B5,VC_0449,VC_0449,Methyl-accepting chemotaxis protein; Similar to GB:X61367 PID:48195; identified by sequence similarity; putative.,10,0.1,-3.3510098,8.128378
Plate1_Drawer1 02-Oct-2025 11-48-52,B6,VC_1498,VC_1498,Conserved hypothetical protein; Identified by Glimmer2; putative.,10,0.1,-2.8069494,8.64017
Plate1_Drawer1 02-Oct-2025 11-48-52,B7,VC_2756,VC_2756,Potassium uptake protein TrkH; Low-affinity potassium transport system. Interacts with Trk system potassium uptake protein TrkA; Belongs to the TrkH potassium transport family.,10,0.1,-3.1477108,9.002317
Plate1_Drawer1 02-Oct-2025 11-48-52,B8,VC_0113,VC_0113,Methyltransferase-related protein; Similar to SP:P37431 PID:295895; identified by sequence similarity; putative.,10,0.1,-1.6406214,10.043304
Plate1_Drawer1 02-Oct-2025 11-48-52,B9,VC_1423,VC_1423,Hypothetical protein; Identified by Glimmer2; putative.,10,0.1,0.38373047,11.525946
Plate1_Drawer1 02-Oct-2025 11-48-52,C10,epsC,VC_2734,"General secretion pathway protein C; Involved in a type II secretion system (T2SS, formerly general secretion pathway, GSP) for the export of proteins (By similarity). Required for secretion of cholera toxin through the outer membrane.",10,0.1,-4.4144545,7.2606444
Plate1_Drawer1 02-Oct-2025 11-48-52,C11,proQ,VC_1497,"Conserved hypothetical protein; RNA chaperone with significant RNA binding, RNA strand exchange and RNA duplexing activities; Belongs to the ProQ family.",10,0.1,-4.0009947,6.938968
Plate1_Drawer1 02-Oct-2025 11-48-52,C12,VC_2627,VC_2627,DamX-related protein; Similar to SP:P11557 GB:Z19601 PID:41226 PID:43274 PID:606322; identified by sequence similarity; putative.,10,0.1,-2.569731,5.9179134
Plate1_Drawer1 02-Oct-2025 11-48-52,C1,VC_A0588,VC_A0588,"Peptide ABC transporter, ATP-binding protein, putative; Similar to SP:P33916 PID:405909 GB:U00096 PID:1736845 PID:1788506; identified by sequence similarity; putative; Belongs to the ABC transporter superfamily.",10,0.1,-5.1142545,6.680361
Plate1_Drawer1 02-Oct-2025 11-48-52,C2,gshB,VC_0468,Glutathione synthetase; Similar to SP:P04425 GB:X01666 PID:41625 PID:882476 GB:U00096; identified by sequence similarity; putative.,10,0.1,1.1046045,14.192655
Plate1_Drawer1 02-Oct-2025 11-48-52,C3,potB,VC_1427,"Spermidine/putrescine ABC transporter, permease protein; Similar to GB:M64519 SP:P23860 PID:147327 GB:U00096 PID:1651552; identified by sequence similarity; putative.",10,0.1,4.2453256,10.46813
Plate1_Drawer1 02-Oct-2025 11-48-52,C4,flgE,VC_2197,Flagellar hook protein FlgE; Similar to GB:X51737 SP:P16322 GB:X52093 PID:47673; identified by sequence similarity; putative.,10,0.1,9.66559,5.7894254
Plate1_Drawer1 02-Oct-2025 11-48-52,C5,glyQ,VC_0021,"glycyl-tRNA synthetase, alpha chain; Similar to SP:P00960 GB:J01622 PID:146222 PID:146225 PID:466698; identified by sequence similarity; putative.",10,0.1,-1.8570155,8.514906
Plate1_Drawer1 02-Oct-2025 11-48-52,C6,VC_0462,VC_0462,Twitching motility protein PilT; Similar to SP:P24559 GB:X67095 PID:151490; identified by sequence similarity; putative.,10,0.1,-2.5252256,8.682637
Plate1_Drawer1 02-Oct-2025 11-48-52,C7,flhA,VC_2069,"Flagellar biosynthetic protein FlhA; Required for formation of the rod structure of the flagellar apparatus. Together with FliI and FliH, may constitute the export apparatus of flagellin; Belongs to the FHIPEP (flagella/HR/invasion proteins export pore) family.",10,0.1,8.84323,3.119377
Plate1_Drawer1 02-Oct-2025 11-48-52,C8,VC_0399,VC_0399,MSHA biogenesis protein MshI; Similar to PID:791156 PID:791153; identified by sequence similarity; putative.,10,0.1,0.21906489,8.554356
Plate1_Drawer1 02-Oct-2025 11-48-52,C9,fliD,VC_2140,"Flagellar hook-associated protein FliD; FILAMENT CAP Required for the morphogenesis and for the elongation of the flagellar filament by facilitating polymerization of the flagellin monomers at the tip of growing filament. Forms a capping structure, which prevents flagellin subunits (transported through the central channel of the flagellum) from leaking out without polymerization at the distal end (By similarity).",10,0.1,1.4924464,10.4928
Plate1_Drawer1 02-Oct-2025 11-48-52,D10,VC_2270,VC_2270,Riboflavin,10,0.1,-5.1279964,4.1153703
Plate1_Drawer1 02-Oct-2025 11-48-52,D11,VC_2718; VC_2719,VC_2718; VC_2719,,10,0.1,5.585852,14.788836
Plate1_Drawer1 02-Oct-2025 11-48-52,D1,VC_0196,VC_0196,ATP-dependent DNA helicase RecQ; Similar to GB:M87049 SP:P15043 GB:M30198 PID:147559 PID:148221; identified by sequence similarity; putative.,10,0.1,-1.7498454,10.000541
Plate1_Drawer1 02-Oct-2025 11-48-52,D2,VC_1933,VC_1933,Hypothetical protein; Identified by Glimmer2; putative.,10,0.1,0.27681592,8.766224
Plate1_Drawer1 02-Oct-2025 11-48-52,D3,VC_A0001,VC_A0001,Hypothetical protein; Identified by Glimmer2; putative.,10,0.1,-1.7414777,7.434804
Plate1_Drawer1 02-Oct-2025 11-48-52,D4,fadR,VC_1900,Fatty acid metabolism regulator protein; Multifunctional regulator of fatty acid metabolism.,10,0.1,6.46966,14.382528
Plate1_Drawer1 02-Oct-2025 11-48-52,D5,pilC,VC_2425,Type IV pilin biogenesis protein PilC; Involved in the translocation of the type IV pilin; Belongs to the GSP F family.,10,0.1,-2.8865232,9.427634
Plate1_Drawer1 02-Oct-2025 11-48-52,D6,pta,VC_1097,Phosphate acetyltransferase; Involved in acetate metabolism; In the N-terminal section; belongs to the CobB/CobQ family.,10,0.1,-4.8026867,2.484893
Plate1_Drawer1 02-Oct-2025 11-48-52,D7,VC_A0800,VC_A0800,creA protein; Similar to SP:P08367 GB:M13608 PID:147249 PID:147691 PID:537237; identified by sequence similarity; putative.,10,0.1,4.3508854,11.407711
Plate1_Drawer1 02-Oct-2025 11-48-52,D8,wzt,VC_0247,lipopolysaccharide/O-antigen transport protein; Similar to GB:X59554 PID:48389; identified by sequence similarity; putative.,10,0.1,-1.8480383,10.468641
Plate1_Drawer1 02-Oct-2025 11-48-52,D9,wbeM,VC_0250,Iron-containing alcohol dehydrogenase family protein RfbM; Similar to GB:M26941 SP:P13604 PID:144714; identified by sequence similarity; putative.,10,0.1,-5.361226,6.646309
Plate1_Drawer1 02-Oct-2025 11-48-52,E11,VC_A0620,VC_A0620,"Thiosulfate sulfurtransferase SseA, putative; Similar to SP:P31142 GB:U00096 PID:1788869 PID:1799924; identified by sequence similarity; putative.",10,0.1,-2.9034379,7.9254
Plate1_Drawer1 02-Oct-2025 11-48-52,E12,trmJ,VC_0746,"RNA methyltransferase, TrmH family; Catalyzes the formation of 2'O-methylated cytidine (Cm32) or 2'O-methylated uridine (Um32) at position 32 in tRNA.",10,0.1,-4.7364063,6.2361145
Plate1_Drawer1 02-Oct-2025 11-48-52,E1,VC_A0759,VC_A0759,"Arginine ABC transporter, periplasmic arginine-binding protein; Similar to SP:P30859 GB:X67753 GB:X86160 PID:40931 PID:769791; identified by sequence similarity; putative; Belongs to the bacterial solute-binding protein 3 family.",10,0.1,-2.6133935,9.376651
Plate1_Drawer1 02-Oct-2025 11-48-52,E2,VC_A0785,VC_A0785,GGDEF family protein; Similar to PID:1651932; identified by sequence similarity; putative.,10,0.1,2.5347683,10.610541
Plate1_Drawer1 02-Oct-2025 11-48-52,E3,fliE,VC_2134,Flagellar hook-basal body complex protein FliE; Similar to PID:2338730; identified by sequence similarity; putative.,10,0.1,4.810148,14.163404
Plate1_Drawer1 02-Oct-2025 11-48-52,E4,VC_1581,VC_1581,"NADH dehydrogenase, putative; Similar to SP:P33607 PID:397909 GB:U00096 PID:1788614 PID:1799638; identified by sequence similarity; putative.",10,0.1,-1.9201874,7.587756
Plate1_Drawer1 02-Oct-2025 11-48-52,E5,fliP,VC_2123,Flagellar biosynthetic protein FliP; Plays a role in the flagellum-specific transport system. Belongs to the FliP/MopC/SpaP family.,10,0.1,9.244568,5.2430515
Plate1_Drawer1 02-Oct-2025 11-48-52,E6,lpxM,VC_0212,Lipid A biosynthesis (kdo)2-(lauroyl)-lipid IVA acyltransferase; Catalyzes the transfer of myristate from myristoyl-acyl carrier protein (ACP) to Kdo(2)-(lauroyl)-lipid IV(A) to form Kdo(2)- lipid A.,10,0.1,3.8021185,9.284619
Plate1_Drawer1 02-Oct-2025 11-48-52,E7,VC_2714,VC_2714,Transcriptional regulator OmpR; Similar to PID:2108342; identified by sequence similarity; putative.,10,0.1,-4.9110456,6.6214976
Plate1_Drawer1 02-Oct-2025 11-48-52,E9,VC_1154,VC_1154,Hypothetical protein; Identified by Glimmer2; putative.,10,0.1,-5.0455875,6.0864263
Plate1_Drawer1 02-Oct-2025 11-48-52,F10,cdgJ,VC_0137,Conserved hypothetical protein; Phosphodiesterase (PDE) that catalyzes the hydrolysis of cyclic diguanylate (c-di-GMP). Positively regulates motility and negatively regulates biofilm formation.,10,0.1,-1.1849309,8.091052
Plate1_Drawer1 02-Oct-2025 11-48-52,F11,recO,VC_2459,DNA repair protein RecO; Involved in DNA repair and RecF pathway recombination.,10,0.1,-2.8879957,9.043926
Plate1_Drawer1 02-Oct-2025 11-48-52,F12,VC_A0999,VC_A0999,"Transcriptional regulator, TetR family; Similar to GB:U00096 PID:1787354; identified by sequence similarity; putative.",10,0.1,-2.743782,9.207824
Plate1_Drawer1 02-Oct-2025 11-48-52,F2,VC_2224,VC_2224,GGDEF family protein; Similar to GB:U00096 PID:1787603; identified by sequence similarity; putative.,10,0.1,-4.8829494,6.8501015
Plate1_Drawer1 02-Oct-2025 11-48-52,F3,VC_A1099,VC_A1099,"ABC transporter, permease protein; Similar to SP:P33591 GB:X73143 PID:404846 PID:466613 GB:U00096; identified by sequence similarity; putative.",10,0.1,-4.900516,6.85906
Plate1_Drawer1 02-Oct-2025 11-48-52,F4,VC_1320,VC_1320,DNA-binding response regulator; Similar to PID:1079807 SP:P52108 GB:U00096 PID:1742647 PID:1742658; identified by sequence similarity; putative.,10,0.1,-4.99259,6.084858
Plate1_Drawer1 02-Oct-2025 11-48-52,F5,VC_1319,VC_1319,Sensor histidine kinase; Similar to GB:M36795 SP:P08336 GB:X13307 PID:145590 PID:305015; identified by sequence similarity; putative.,10,0.1,-5.0475693,2.7833705
Plate1_Drawer1 02-Oct-2025 11-48-52,F6,VC_A0536,VC_A0536,Conserved hypothetical protein; Identified by Glimmer2; putative.,10,0.1,-1.9162313,7.5051565
Plate1_Drawer1 02-Oct-2025 11-48-52,F7,VC_1414,VC_1414,"Thermostable carboxypeptidase 1; Broad specificity carboxypetidase that releases amino acids sequentially from the C-terminus, including neutral, aromatic, polar and basic residues.",10,0.1,-4.9312987,4.1328793
Plate1_Drawer1 02-Oct-2025 11-48-52,F8,VC_A0527,VC_A0527,Conserved hypothetical protein; Identified by Glimmer2; putative.,10,0.1,-5.2682033,3.6651602
Plate1_Drawer1 02-Oct-2025 11-48-52,F9,argH,VC_2641,Argininosuccinate lyase; Similar to SP:P11447 GB:J01590 GB:M21446 PID:145335 PID:396307; identified by sequence similarity; putative.,10,0.1,-4.556983,6.755107
Plate1_Drawer1 02-Oct-2025 11-48-52,G10,rluE,VC_1140,Pseudouridine synthase family 1 protein; Responsible for synthesis of pseudouridine from uracil-2457 in 23S ribosomal RNA; Belongs to the pseudouridine synthase RsuA family.,10,0.1,-0.2906717,10.108537
Plate1_Drawer1 02-Oct-2025 11-48-52,G11,VC_2524,VC_2524,Conserved hypothetical protein; Catalyzes the hydrolysis of 3-deoxy-D-manno-octulosonate 8- phosphate (KDO 8-P) to 3-deoxy-D-manno-octulosonate (KDO) and inorganic phosphate; Belongs to the KdsC family.,10,0.1,-5.1208177,7.0525603
Plate1_Drawer1 02-Oct-2025 11-48-52,G12,VC_0900,VC_0900,GGDEF family protein; Similar to PID:1652841; identified by sequence similarity; putative.,10,0.1,8.001747,11.132065
Plate1_Drawer1 02-Oct-2025 11-48-52,G1,guaB,VC_0767,"Inosine-5`-monophosphate dehydrogenase; Catalyzes the conversion of inosine 5'-phosphate (IMP) to xanthosine 5'-phosphate (XMP), the first committed and rate-limiting step in the de novo synthesis of guanine nucleotides, and therefore plays an important role in the regulation of cell growth. Belongs to the IMPDH/GMPR family.",10,0.1,-4.8056607,6.210802
Plate1_Drawer1 02-Oct-2025 11-48-52,G2,VC_A0171,VC_A0171,Conserved hypothetical protein; Identified by Glimmer2; putative.,10,0.1,1.1778793,10.59031
Plate1_Drawer1 02-Oct-2025 11-48-52,G3,fliJ,VC_2129,"Flagellar protein FliJ, putative; Similar to PID:1071644 SP:P52613 GB:U00096 PID:1736608 PID:1788252; identified by sequence similarity; putative.",10,0.1,9.633817,5.4105206
Plate1_Drawer1 02-Oct-2025 11-48-52,G4,VC_0161,VC_0161,Transcriptional activator IlvY; Similar to GB:L42023 SP:P44821 PID:1005575 PID:1220765 PID:1204932; identified by sequence similarity; putative; Belongs to the LysR transcriptional regulatory family.,10,0.1,0.16375816,10.843933
Plate1_Drawer1 02-Oct-2025 11-48-52,G5,VC_0405,VC_0405,MSHA biogenesis protein MshE; Similar to PID:791156 PID:791159; identified by sequence similarity; putative.,10,0.1,-2.0771177,7.635345
Plate1_Drawer1 02-Oct-2025 11-48-52,G6,VC_1295,VC_1295,Conserved hypothetical protein; Phosphodiesterase (PDE) that catalyzes the hydrolysis of cyclic diguanylate (c-di-GMP) to GMP in vitro. Increases motility and decreases biofilm formation in vivo.,10,0.1,-4.8976803,6.6368117
Plate1_Drawer1 02-Oct-2025 11-48-52,G8,manC,VC_0241,Mannose-1-phosphate guanylyltransferase; Similar to GB:X59554 SP:Q07024 PID:48383; identified by sequence similarity; putative.,10,0.1,5.7081103,21.164713
Plate1_Drawer1 02-Oct-2025 11-48-52,H10,trpR,VC_0701,"Trp operon repressor, putative; This protein is an aporepressor. When complexed with L- tryptophan it binds the operator region of the trp operon and prevents the initiation of transcription (By similarity).",10,0.1,-2.9418538,9.4312725
Plate1_Drawer1 02-Oct-2025 11-48-52,H11,greA,VC_0634,"Transcription elongation factor GreA; Necessary for efficient RNA polymerase transcription elongation past template-encoded arresting sites. The arresting sites in DNA have the property of trapping a certain fraction of elongating RNA polymerases that pass through, resulting in locked ternary complexes. Cleavage of the nascent transcript by cleavage factors such as GreA or GreB allows the resumption of elongation from the new 3'terminus. GreA releases sequences of 2 to 3 nucleotides.",10,0.1,0.24642013,8.930065
Plate1_Drawer1 02-Oct-2025 11-48-52,H12,VC_0419,VC_0419,Cytoplasmic axial filament protein; Similar to SP:P25537 PID:48826 PID:606187 GB:U00096 PID:1789645; identified by sequence similarity; putative.,10,0.1,0.47740698,9.507475
Plate1_Drawer1 02-Oct-2025 11-48-52,H1,flhG,VC_2067,MinD-related protein; Similar to GP:3695013; identified by sequence similarity; putative. MULTIPLE FILAMENTS,10,0.1,-0.57920986,2.806839
Plate1_Drawer1 02-Oct-2025 11-48-52,H2,VC_A0940,VC_A0940,"Transcriptional regulator, DeoR family; Similar to SP:P09392 GB:M96795 PID:146186 PID:606358 GB:U00096; identified by sequence similarity; putative.",10,0.1,2.5204213,11.129425
Plate1_Drawer1 02-Oct-2025 11-48-52,H3,ectA,VC_A0825,"L-2,4-diaminobutyric acid acetyltransferase; Catalyzes the acetylation of L-2,4-diaminobutyrate (DABA) to gamma-N-acetyl-alpha,gamma-diaminobutyric acid (ADABA) with acetyl coenzyme A.",10,0.1,-3.1351023,8.988506
Plate1_Drawer1 02-Oct-2025 11-48-52,H4,VC_A0840,VC_A0840,"Deoxycytidylate deaminase, putative; Similar to SP:P33968 GB:X70289 PID:396216; identified by sequence similarity; putative.",10,0.1,0.26209,8.874643
Plate1_Drawer1 02-Oct-2025 11-48-52,H6,VC_2522,VC_2522,Conserved hypothetical protein; Identified by Glimmer2; putative.,10,0.1,-2.3554485,9.248819
Plate1_Drawer1 02-Oct-2025 11-48-52,H7,glmS,VC_0487,"Glucosamine--fructose-6-phosphate aminotransferase (isomerizing); Catalyzes the first step in hexosamine metabolism, converting fructose-6P into glucosamine-6P using glutamine as a nitrogen source.",10,0.1,-2.2591429,7.4386554
Plate1_Drawer1 02-Oct-2025 11-48-52,H8,manA,VC_0269,Mannose-6-phosphate isomerase; Similar to SP:P25081 GB:X57117 PID:48820; identified by sequence similarity; putative; Belongs to the mannose-6-phosphate isomerase type 1 family.,10,0.1,5.7656302,21.243448
Plate1_Drawer1 02-Oct-2025 11-48-52,H9,nusB,VC_2267,N utilization substance protein B; Involved in transcription antitermination. Required for transcription of ribosomal RNA (rRNA) genes. Binds specifically to the boxA antiterminator sequence of the ribosomal RNA (rrn) operons.,10,0.1,-2.8142426,8.089935
Plate1_Drawer1 07-Aug-2025 11-29-03,A10,VC_1462,VC_1462,RstB2 protein; Similar to GP:2564358; identified by sequence similarity; putative.,10,0.1,-0.15269022,10.215454
Plate1_Drawer1 07-Aug-2025 11-29-03,A12,wavA,VC_0223,"ADP-heptose--LPS heptosyltransferase II, putative; Similar to GB:L42023 SP:P44011 PID:1003930 PID:1222457 PID:1204774; identified by sequence similarity; putative.",10,0.1,-1.184749,11.984392
Plate1_Drawer1 07-Aug-2025 11-29-03,A1,ung,VC_2359,uracil-DNA glycosylase; Excises uracil residues from the DNA which can arise as a result of misincorporation of dUMP residues by DNA polymerase or due to deamination of cytosine.,10,0.1,0.35853907,8.559344
Plate1_Drawer1 07-Aug-2025 11-29-03,A2,VC_2453,VC_2453,Sensor histidine kinase/response regulator; Similar to GB:D10888 SP:P26607 PID:216535 PID:882680 GB:U00096; identified by sequence similarity; putative.,10,0.1,0.13354243,7.6746244
Plate1_Drawer1 07-Aug-2025 11-29-03,A3,VC_2311,VC_2311,HesA/MoeB/ThiF family protein; Similar to GB:D21145 PID:471103 PID:882707 GB:U00096 SP:Q46927; identified by sequence similarity; putative.,10,0.1,-0.25149164,8.662902
Plate1_Drawer1 07-Aug-2025 11-29-03,A4,lipA,VC_0943,"Lipoic acid synthetase; Catalyzes the radical-mediated insertion of two sulfur atoms into the C-6 and C-8 positions of the octanoyl moiety bound to the lipoyl domains of lipoate-dependent enzymes, thereby converting the octanoylated domains into lipoylated derivatives.",10,0.1,5.877562,15.585127
Plate1_Drawer1 07-Aug-2025 11-29-03,A5,rsmJ,VC_0073,Conserved hypothetical protein; Specifically methylates the guanosine in position 1516 of 16S rRNA.,10,0.1,0.4575751,11.092678
Plate1_Drawer1 07-Aug-2025 11-29-03,A6,potC,VC_1426,"Spermidine/putrescine ABC transporter, permease protein; Similar to GB:M64519 SP:P23859 PID:147328 GB:U00096 PID:1651551; identified by sequence similarity; putative.",10,0.1,-0.22723424,8.668207
Plate1_Drawer1 07-Aug-2025 11-29-03,A7,pckA,VC_2738,Phosphoenolpyruvate carboxykinase; Involved in the gluconeogenesis. Catalyzes the conversion of oxaloacetate (OAA) to phosphoenolpyruvate (PEP) through direct phosphoryl transfer between the nucleoside triphosphate and OAA. Belongs to the phosphoenolpyruvate carboxykinase (ATP) family.,10,0.1,3.495634,11.9230585
Plate1_Drawer1 07-Aug-2025 11-29-03,A8,rluD,VC_0709,"Ribosomal large subunit pseudouridine synthase D; Responsible for synthesis of pseudouridine from uracil at positions 1911, 1915 and 1917 in 23S ribosomal RNA; Belongs to the pseudouridine synthase RluA family.",10,0.1,0.6098759,9.505385
Plate1_Drawer1 07-Aug-2025 11-29-03,A9,vibB,VC_0771,Vibriobactin-specific isochorismatase; Involved in the biosynthesis of the catechol siderophore vibriobactin. Vibriobactin is a chelating compound involved in transporting iron from the bacterial environment into the cell cytoplasm; Belongs to the isochorismatase family.,10,0.1,0.8568998,14.856948
Plate1_Drawer1 07-Aug-2025 11-29-03,B10,flgP,VC_2206,Conserved hypothetical protein; Identified by Glimmer2; putative.,10,0.1,5.9153666,9.956374
Plate1_Drawer1 07-Aug-2025 11-29-03,B1,flgB,VC_2200,"Flagellar basal-body rod protein FlgB; Structural component of flagellum, the bacterial motility apparatus. Part of the rod structure of flagellar basal body.",10,0.1,9.566427,4.2621098
Plate1_Drawer1 07-Aug-2025 11-29-03,B2,fliS,VC_2138,Flagellar protein FliS; Similar to GB:U12816 PID:1254205; identified by sequence similarity; putative.,10,0.1,8.896191,3.7710013
Plate1_Drawer1 07-Aug-2025 11-29-03,B3,VC_A1081,VC_A1081,Hypothetical protein; Identified by Glimmer2; putative.,10,0.1,1.7213197,9.317754
Plate1_Drawer1 07-Aug-2025 11-29-03,B4,VC_1909,VC_1909,Hypothetical protein; Identified by Glimmer2; putative.,10,0.1,-1.2218394,7.007069
Plate1_Drawer1 07-Aug-2025 11-29-03,B5,VC_0449,VC_0449,Methyl-accepting chemotaxis protein; Similar to GB:X61367 PID:48195; identified by sequence similarity; putative.,10,0.1,-3.8550012,8.84847
Plate1_Drawer1 07-Aug-2025 11-29-03,B6,VC_1498,VC_1498,Conserved hypothetical protein; Identified by Glimmer2; putative.,10,0.1,2.0224009,9.869237
Plate1_Drawer1 07-Aug-2025 11-29-03,B7,VC_2756,VC_2756,Potassium uptake protein TrkH; Low-affinity potassium transport system. Interacts with Trk system potassium uptake protein TrkA; Belongs to the TrkH potassium transport family.,10,0.1,3.5162444,10.385648
Plate1_Drawer1 07-Aug-2025 11-29-03,B8,VC_0113,VC_0113,Methyltransferase-related protein; Similar to SP:P37431 PID:295895; identified by sequence similarity; putative.,10,0.1,2.6081405,11.318291
Plate1_Drawer1 07-Aug-2025 11-29-03,B9,VC_1423,VC_1423,Hypothetical protein; Identified by Glimmer2; putative.,10,0.1,-1.6413447,5.5197005
Plate1_Drawer1 07-Aug-2025 11-29-03,C10,epsC,VC_2734,"General secretion pathway protein C; Involved in a type II secretion system (T2SS, formerly general secretion pathway, GSP) for the export of proteins (By similarity). Required for secretion of cholera toxin through the outer membrane.",10,0.1,-5.4299083,4.9570723
Plate1_Drawer1 07-Aug-2025 11-29-03,C11,proQ,VC_1497,"Conserved hypothetical protein; RNA chaperone with significant RNA binding, RNA strand exchange and RNA duplexing activities; Belongs to the ProQ family.",10,0.1,-4.6746907,6.850013
Plate1_Drawer1 07-Aug-2025 11-29-03,C12,VC_2627,VC_2627,DamX-related protein; Similar to SP:P11557 GB:Z19601 PID:41226 PID:43274 PID:606322; identified by sequence similarity; putative.,10,0.1,-2.5363057,4.430821
Plate1_Drawer1 07-Aug-2025 11-29-03,C1,VC_A0588,VC_A0588,"Peptide ABC transporter, ATP-binding protein, putative; Similar to SP:P33916 PID:405909 GB:U00096 PID:1736845 PID:1788506; identified by sequence similarity; putative; Belongs to the ABC transporter superfamily.",10,0.1,-4.0562735,6.430699
Plate1_Drawer1 07-Aug-2025 11-29-03,C2,gshB,VC_0468,Glutathione synthetase; Similar to SP:P04425 GB:X01666 PID:41625 PID:882476 GB:U00096; identified by sequence similarity; putative.,10,0.1,2.1979,15.397289
Plate1_Drawer1 07-Aug-2025 11-29-03,C3,potB,VC_1427,"Spermidine/putrescine ABC transporter, permease protein; Similar to GB:M64519 SP:P23860 PID:147327 GB:U00096 PID:1651552; identified by sequence similarity; putative.",10,0.1,4.6032376,10.455084
Plate1_Drawer1 07-Aug-2025 11-29-03,C5,glyQ,VC_0021,"glycyl-tRNA synthetase, alpha chain; Similar to SP:P00960 GB:J01622 PID:146222 PID:146225 PID:466698; identified by sequence similarity; putative.",10,0.1,-3.0731497,5.175764
Plate1_Drawer1 07-Aug-2025 11-29-03,C6,VC_0462,VC_0462,Twitching motility protein PilT; Similar to SP:P24559 GB:X67095 PID:151490; identified by sequence similarity; putative.,10,0.1,-0.0028302793,7.067114
Plate1_Drawer1 07-Aug-2025 11-29-03,C7,flhA,VC_2069,"Flagellar biosynthetic protein FlhA; Required for formation of the rod structure of the flagellar apparatus. Together with FliI and FliH, may constitute the export apparatus of flagellin; Belongs to the FHIPEP (flagella/HR/invasion proteins export pore) family.",10,0.1,9.155166,5.9858165
Plate1_Drawer1 07-Aug-2025 11-29-03,C8,VC_0399,VC_0399,MSHA biogenesis protein MshI; Similar to PID:791156 PID:791153; identified by sequence similarity; putative.,10,0.1,0.966655,12.903312
Plate1_Drawer1 07-Aug-2025 11-29-03,C9,fliD,VC_2140,"Flagellar hook-associated protein FliD; FILAMENT CAP Required for the morphogenesis and for the elongation of the flagellar filament by facilitating polymerization of the flagellin monomers at the tip of growing filament. Forms a capping structure, which prevents flagellin subunits (transported through the central channel of the flagellum) from leaking out without polymerization at the distal end (By similarity).",10,0.1,-3.5346863,7.8768706
Plate1_Drawer1 07-Aug-2025 11-29-03,D10,VC_2270,VC_2270,Riboflavin,10,0.1,1.0900464,13.735321
Plate1_Drawer1 07-Aug-2025 11-29-03,D11,VC_2718; VC_2719,VC_2718; VC_2719,,10,0.1,9.433214,12.943934
Plate1_Drawer1 07-Aug-2025 11-29-03,D12,wbeG,VC_0245,rfbG protein; Similar to GB:X59554 PID:48387; identified by sequence similarity; putative.,10,0.1,-0.79307777,12.059442
Plate1_Drawer1 07-Aug-2025 11-29-03,D1,VC_0196,VC_0196,ATP-dependent DNA helicase RecQ; Similar to GB:M87049 SP:P15043 GB:M30198 PID:147559 PID:148221; identified by sequence similarity; putative.,10,0.1,2.1049626,11.412167
Plate1_Drawer1 07-Aug-2025 11-29-03,D2,VC_1933,VC_1933,Hypothetical protein; Identified by Glimmer2; putative.,10,0.1,-0.15427545,8.618867
Plate1_Drawer1 07-Aug-2025 11-29-03,D3,VC_A0001,VC_A0001,Hypothetical protein; Identified by Glimmer2; putative.,10,0.1,-1.7980223,7.3070297
Plate1_Drawer1 07-Aug-2025 11-29-03,D4,fadR,VC_1900,Fatty acid metabolism regulator protein; Multifunctional regulator of fatty acid metabolism.,10,0.1,-0.5569222,3.5771666
Plate1_Drawer1 07-Aug-2025 11-29-03,D5,pilC,VC_2425,Type IV pilin biogenesis protein PilC; Involved in the translocation of the type IV pilin; Belongs to the GSP F family.,10,0.1,-1.5084692,9.987104
Plate1_Drawer1 07-Aug-2025 11-29-03,D6,pta,VC_1097,Phosphate acetyltransferase; Involved in acetate metabolism; In the N-terminal section; belongs to the CobB/CobQ family.,10,0.1,-4.9669437,2.666404
Plate1_Drawer1 07-Aug-2025 11-29-03,D7,VC_A0800,VC_A0800,creA protein; Similar to SP:P08367 GB:M13608 PID:147249 PID:147691 PID:537237; identified by sequence similarity; putative.,10,0.1,4.37663,11.131488
Plate1_Drawer1 07-Aug-2025 11-29-03,D8,wzt,VC_0247,lipopolysaccharide/O-antigen transport protein; Similar to GB:X59554 PID:48389; identified by sequence similarity; putative.,10,0.1,-2.1350076,10.560738
Plate1_Drawer1 07-Aug-2025 11-29-03,D9,wbeM,VC_0250,Iron-containing alcohol dehydrogenase family protein RfbM; Similar to GB:M26941 SP:P13604 PID:144714; identified by sequence similarity; putative.,10,0.1,-1.1017358,12.044086
Plate1_Drawer1 07-Aug-2025 11-29-03,E10,VC_1887,VC_1887,Hypothetical protein; Identified by Glimmer2; putative.,10,0.1,7.4057317,12.478807
Plate1_Drawer1 07-Aug-2025 11-29-03,E12,trmJ,VC_0746,"RNA methyltransferase, TrmH family; Catalyzes the formation of 2'O-methylated cytidine (Cm32) or 2'O-methylated uridine (Um32) at position 32 in tRNA.",10,0.1,-3.9812622,1.2965461
Plate1_Drawer1 07-Aug-2025 11-29-03,E1,VC_A0759,VC_A0759,"Arginine ABC transporter, periplasmic arginine-binding protein; Similar to SP:P30859 GB:X67753 GB:X86160 PID:40931 PID:769791; identified by sequence similarity; putative; Belongs to the bacterial solute-binding protein 3 family.",10,0.1,3.3518744,10.344046
Plate1_Drawer1 07-Aug-2025 11-29-03,E2,VC_A0785,VC_A0785,GGDEF family protein; Similar to PID:1651932; identified by sequence similarity; putative.,10,0.1,4.336461,9.59884
Plate1_Drawer1 07-Aug-2025 11-29-03,E3,fliE,VC_2134,Flagellar hook-basal body complex protein FliE; Similar to PID:2338730; identified by sequence similarity; putative.,10,0.1,9.191025,2.0172095
Plate1_Drawer1 07-Aug-2025 11-29-03,E4,VC_1581,VC_1581,"NADH dehydrogenase, putative; Similar to SP:P33607 PID:397909 GB:U00096 PID:1788614 PID:1799638; identified by sequence similarity; putative.",10,0.1,-4.40731,1.9711007
Plate1_Drawer1 07-Aug-2025 11-29-03,E5,fliP,VC_2123,Flagellar biosynthetic protein FliP; Plays a role in the flagellum-specific transport system. Belongs to the FliP/MopC/SpaP family.,10,0.1,8.775918,5.071403
Plate1_Drawer1 07-Aug-2025 11-29-03,E6,lpxM,VC_0212,Lipid A biosynthesis (kdo)2-(lauroyl)-lipid IVA acyltransferase; Catalyzes the transfer of myristate from myristoyl-acyl carrier protein (ACP) to Kdo(2)-(lauroyl)-lipid IV(A) to form Kdo(2)- lipid A.,10,0.1,3.9272292,9.245171
Plate1_Drawer1 07-Aug-2025 11-29-03,E7,VC_2714,VC_2714,Transcriptional regulator OmpR; Similar to PID:2108342; identified by sequence similarity; putative.,10,0.1,-3.87292,1.208626
Plate1_Drawer1 07-Aug-2025 11-29-03,F10,cdgJ,VC_0137,Conserved hypothetical protein; Phosphodiesterase (PDE) that catalyzes the hydrolysis of cyclic diguanylate (c-di-GMP). Positively regulates motility and negatively regulates biofilm formation.,10,0.1,-1.6275185,5.6934395
Plate1_Drawer1 07-Aug-2025 11-29-03,F11,recO,VC_2459,DNA repair protein RecO; Involved in DNA repair and RecF pathway recombination.,10,0.1,3.1885135,10.928704
Plate1_Drawer1 07-Aug-2025 11-29-03,F12,VC_A0999,VC_A0999,"Transcriptional regulator, TetR family; Similar to GB:U00096 PID:1787354; identified by sequence similarity; putative.",10,0.1,1.7468239,11.285598
Plate1_Drawer1 07-Aug-2025 11-29-03,F2,VC_2224,VC_2224,GGDEF family protein; Similar to GB:U00096 PID:1787603; identified by sequence similarity; putative.,10,0.1,-5.19014,5.8913345
Plate1_Drawer1 07-Aug-2025 11-29-03,F3,VC_A1099,VC_A1099,"ABC transporter, permease protein; Similar to SP:P33591 GB:X73143 PID:404846 PID:466613 GB:U00096; identified by sequence similarity; putative.",10,0.1,-5.414974,4.447065
Plate1_Drawer1 07-Aug-2025 11-29-03,F4,VC_1320,VC_1320,DNA-binding response regulator; Similar to PID:1079807 SP:P52108 GB:U00096 PID:1742647 PID:1742658; identified by sequence similarity; putative.,10,0.1,-3.8811636,1.1543335
Plate1_Drawer1 07-Aug-2025 11-29-03,F5,VC_1319,VC_1319,Sensor histidine kinase; Similar to GB:M36795 SP:P08336 GB:X13307 PID:145590 PID:305015; identified by sequence similarity; putative.,10,0.1,-5.283379,5.766222
Plate1_Drawer1 07-Aug-2025 11-29-03,F6,VC_A0536,VC_A0536,Conserved hypothetical protein; Identified by Glimmer2; putative.,10,0.1,-0.17875023,9.00143
Plate1_Drawer1 07-Aug-2025 11-29-03,F7,VC_1414,VC_1414,"Thermostable carboxypeptidase 1; Broad specificity carboxypetidase that releases amino acids sequentially from the C-terminus, including neutral, aromatic, polar and basic residues.",10,0.1,-5.3701935,3.6427224
Plate1_Drawer1 07-Aug-2025 11-29-03,F9,argH,VC_2641,Argininosuccinate lyase; Similar to SP:P11447 GB:J01590 GB:M21446 PID:145335 PID:396307; identified by sequence similarity; putative.,10,0.1,-5.7813163,3.4518006
Plate1_Drawer1 07-Aug-2025 11-29-03,G10,rluE,VC_1140,Pseudouridine synthase family 1 protein; Responsible for synthesis of pseudouridine from uracil-2457 in 23S ribosomal RNA; Belongs to the pseudouridine synthase RsuA family.,10,0.1,2.9121315,10.8788805
Plate1_Drawer1 07-Aug-2025 11-29-03,G11,VC_2524,VC_2524,Conserved hypothetical protein; Catalyzes the hydrolysis of 3-deoxy-D-manno-octulosonate 8- phosphate (KDO 8-P) to 3-deoxy-D-manno-octulosonate (KDO) and inorganic phosphate; Belongs to the KdsC family.,10,0.1,-6.7005363,4.693629
Plate1_Drawer1 07-Aug-2025 11-29-03,G12,VC_0900,VC_0900,GGDEF family protein; Similar to PID:1652841; identified by sequence similarity; putative.,10,0.1,7.941319,11.055989
Plate1_Drawer1 07-Aug-2025 11-29-03,G2,VC_A0171,VC_A0171,Conserved hypothetical protein; Identified by Glimmer2; putative.,10,0.1,3.7134295,10.447825
Plate1_Drawer1 07-Aug-2025 11-29-03,G3,fliJ,VC_2129,"Flagellar protein FliJ, putative; Similar to PID:1071644 SP:P52613 GB:U00096 PID:1736608 PID:1788252; identified by sequence similarity; putative.",10,0.1,0.05383162,6.0568686
Plate1_Drawer1 07-Aug-2025 11-29-03,G4,VC_0161,VC_0161,Transcriptional activator IlvY; Similar to GB:L42023 SP:P44821 PID:1005575 PID:1220765 PID:1204932; identified by sequence similarity; putative; Belongs to the LysR transcriptional regulatory family.,10,0.1,2.7317383,10.878643
Plate1_Drawer1 07-Aug-2025 11-29-03,G5,VC_0405,VC_0405,MSHA biogenesis protein MshE; Similar to PID:791156 PID:791159; identified by sequence similarity; putative.,10,0.1,-3.0276885,4.833432
Plate1_Drawer1 07-Aug-2025 11-29-03,G6,VC_1295,VC_1295,Conserved hypothetical protein; Phosphodiesterase (PDE) that catalyzes the hydrolysis of cyclic diguanylate (c-di-GMP) to GMP in vitro. Increases motility and decreases biofilm formation in vivo.,10,0.1,-4.701477,2.0543435
Plate1_Drawer1 07-Aug-2025 11-29-03,G7,flgD,VC_2198,Basal-body rod modification protein FlgD; Required for flagellar hook formation. May act as a scaffolding protein.,10,0.1,13.715517,-0.3280114
Plate1_Drawer1 07-Aug-2025 11-29-03,G8,manC,VC_0241,Mannose-1-phosphate guanylyltransferase; Similar to GB:X59554 SP:Q07024 PID:48383; identified by sequence similarity; putative.,10,0.1,5.8935637,21.558636
Plate1_Drawer1 07-Aug-2025 11-29-03,H10,trpR,VC_0701,"Trp operon repressor, putative; This protein is an aporepressor. When complexed with L- tryptophan it binds the operator region of the trp operon and prevents the initiation of transcription (By similarity).",10,0.1,1.9468763,11.228133
Plate1_Drawer1 07-Aug-2025 11-29-03,H11,greA,VC_0634,"Transcription elongation factor GreA; Necessary for efficient RNA polymerase transcription elongation past template-encoded arresting sites. The arresting sites in DNA have the property of trapping a certain fraction of elongating RNA polymerases that pass through, resulting in locked ternary complexes. Cleavage of the nascent transcript by cleavage factors such as GreA or GreB allows the resumption of elongation from the new 3'terminus. GreA releases sequences of 2 to 3 nucleotides.",10,0.1,0.82115763,9.175273
Plate1_Drawer1 07-Aug-2025 11-29-03,H12,VC_0419,VC_0419,Cytoplasmic axial filament protein; Similar to SP:P25537 PID:48826 PID:606187 GB:U00096 PID:1789645; identified by sequence similarity; putative.,10,0.1,-2.968867,4.8995743
Plate1_Drawer1 07-Aug-2025 11-29-03,H1,flhG,VC_2067,MinD-related protein; Similar to GP:3695013; identified by sequence similarity; putative. MULTIPLE FILAMENTS,10,0.1,-0.55766666,2.8480504
Plate1_Drawer1 07-Aug-2025 11-29-03,H2,VC_A0940,VC_A0940,"Transcriptional regulator, DeoR family; Similar to SP:P09392 GB:M96795 PID:146186 PID:606358 GB:U00096; identified by sequence similarity; putative.",10,0.1,2.2869053,9.559909
Plate1_Drawer1 07-Aug-2025 11-29-03,H3,ectA,VC_A0825,"L-2,4-diaminobutyric acid acetyltransferase; Catalyzes the acetylation of L-2,4-diaminobutyrate (DABA) to gamma-N-acetyl-alpha,gamma-diaminobutyric acid (ADABA) with acetyl coenzyme A.",10,0.1,2.4332993,11.073094
Plate1_Drawer1 07-Aug-2025 11-29-03,H4,VC_A0840,VC_A0840,"Deoxycytidylate deaminase, putative; Similar to SP:P33968 GB:X70289 PID:396216; identified by sequence similarity; putative.",10,0.1,-1.4196901,4.9996133
Plate1_Drawer1 07-Aug-2025 11-29-03,H6,VC_2522,VC_2522,Conserved hypothetical protein; Identified by Glimmer2; putative.,10,0.1,-0.8621138,8.272785
Plate1_Drawer1 07-Aug-2025 11-29-03,H7,glmS,VC_0487,"Glucosamine--fructose-6-phosphate aminotransferase (isomerizing); Catalyzes the first step in hexosamine metabolism, converting fructose-6P into glucosamine-6P using glutamine as a nitrogen source.",10,0.1,-0.88061905,7.952319
Plate1_Drawer1 07-Aug-2025 11-29-03,H8,manA,VC_0269,Mannose-6-phosphate isomerase; Similar to SP:P25081 GB:X57117 PID:48820; identified by sequence similarity; putative; Belongs to the mannose-6-phosphate isomerase type 1 family.,10,0.1,5.829786,21.346216
Plate1_Drawer1 07-Aug-2025 11-29-03,H9,nusB,VC_2267,N utilization substance protein B; Involved in transcription antitermination. Required for transcription of ribosomal RNA (rRNA) genes. Binds specifically to the boxA antiterminator sequence of the ribosomal RNA (rrn) operons.,10,0.1,-2.3970182,5.7325997
Plate1_Drawer1 22-Jul-2025 10-47-22,A10,VC_1462,VC_1462,RstB2 protein; Similar to GP:2564358; identified by sequence similarity; putative.,10,0.1,-0.53294885,5.748584
Plate1_Drawer1 22-Jul-2025 10-47-22,A12,wavA,VC_0223,"ADP-heptose--LPS heptosyltransferase II, putative; Similar to GB:L42023 SP:P44011 PID:1003930 PID:1222457 PID:1204774; identified by sequence similarity; putative.",10,0.1,-1.9121481,10.61946
Plate1_Drawer1 22-Jul-2025 10-47-22,A1,ung,VC_2359,uracil-DNA glycosylase; Excises uracil residues from the DNA which can arise as a result of misincorporation of dUMP residues by DNA polymerase or due to deamination of cytosine.,10,0.1,0.61028004,8.086123
Plate1_Drawer1 22-Jul-2025 10-47-22,A2,VC_2453,VC_2453,Sensor histidine kinase/response regulator; Similar to GB:D10888 SP:P26607 PID:216535 PID:882680 GB:U00096; identified by sequence similarity; putative.,10,0.1,0.6787903,7.961685
Plate1_Drawer1 22-Jul-2025 10-47-22,A3,VC_2311,VC_2311,HesA/MoeB/ThiF family protein; Similar to GB:D21145 PID:471103 PID:882707 GB:U00096 SP:Q46927; identified by sequence similarity; putative.,10,0.1,0.21522488,7.8706737
Plate1_Drawer1 22-Jul-2025 10-47-22,A4,lipA,VC_0943,"Lipoic acid synthetase; Catalyzes the radical-mediated insertion of two sulfur atoms into the C-6 and C-8 positions of the octanoyl moiety bound to the lipoyl domains of lipoate-dependent enzymes, thereby converting the octanoylated domains into lipoylated derivatives.",10,0.1,6.1559606,14.74064
Plate1_Drawer1 22-Jul-2025 10-47-22,A5,rsmJ,VC_0073,Conserved hypothetical protein; Specifically methylates the guanosine in position 1516 of 16S rRNA.,10,0.1,0.5084572,8.182748
Plate1_Drawer1 22-Jul-2025 10-47-22,A6,potC,VC_1426,"Spermidine/putrescine ABC transporter, permease protein; Similar to GB:M64519 SP:P23859 PID:147328 GB:U00096 PID:1651551; identified by sequence similarity; putative.",10,0.1,-1.2508144,8.596862
Plate1_Drawer1 22-Jul-2025 10-47-22,A7,pckA,VC_2738,Phosphoenolpyruvate carboxykinase; Involved in the gluconeogenesis. Catalyzes the conversion of oxaloacetate (OAA) to phosphoenolpyruvate (PEP) through direct phosphoryl transfer between the nucleoside triphosphate and OAA. Belongs to the phosphoenolpyruvate carboxykinase (ATP) family.,10,0.1,4.270575,10.325993
Plate1_Drawer1 22-Jul-2025 10-47-22,A8,rluD,VC_0709,"Ribosomal large subunit pseudouridine synthase D; Responsible for synthesis of pseudouridine from uracil at positions 1911, 1915 and 1917 in 23S ribosomal RNA; Belongs to the pseudouridine synthase RluA family.",10,0.1,0.2335348,9.052366
Plate1_Drawer1 22-Jul-2025 10-47-22,A9,vibB,VC_0771,Vibriobactin-specific isochorismatase; Involved in the biosynthesis of the catechol siderophore vibriobactin. Vibriobactin is a chelating compound involved in transporting iron from the bacterial environment into the cell cytoplasm; Belongs to the isochorismatase family.,10,0.1,1.0314358,14.20378
Plate1_Drawer1 22-Jul-2025 10-47-22,B10,flgP,VC_2206,Conserved hypothetical protein; Identified by Glimmer2; putative.,10,0.1,8.655469,3.5725021
Plate1_Drawer1 22-Jul-2025 10-47-22,B11,fliQ,VC_2122,Flagellar biosynthetic protein FliQ; Role in flagellar biosynthesis. Belongs to the FliQ/MopD/SpaQ family.,10,0.1,8.508183,4.380535
Plate1_Drawer1 22-Jul-2025 10-47-22,B12,argF,VC_2508,Ornithine carbamoyltransferase; Reversibly catalyzes the transfer of the carbamoyl group from carbamoyl phosphate (CP) to the N(epsilon) atom of ornithine (ORN) to produce L-citrulline; Belongs to the aspartate/ornithine carbamoyltransferase superfamily. OTCase family.,10,0.1,-1.3256013,8.546535
Plate1_Drawer1 22-Jul-2025 10-47-22,B1,flgB,VC_2200,"Flagellar basal-body rod protein FlgB; Structural component of flagellum, the bacterial motility apparatus. Part of the rod structure of flagellar basal body.",10,0.1,9.306442,2.244021
Plate1_Drawer1 22-Jul-2025 10-47-22,B2,fliS,VC_2138,Flagellar protein FliS; Similar to GB:U12816 PID:1254205; identified by sequence similarity; putative.,10,0.1,9.126033,2.56161
Plate1_Drawer1 22-Jul-2025 10-47-22,B3,VC_A1081,VC_A1081,Hypothetical protein; Identified by Glimmer2; putative.,10,0.1,1.6268336,8.172445
Plate1_Drawer1 22-Jul-2025 10-47-22,B4,VC_1909,VC_1909,Hypothetical protein; Identified by Glimmer2; putative.,10,0.1,-2.4435415,5.696071
Plate1_Drawer1 22-Jul-2025 10-47-22,B5,VC_0449,VC_0449,Methyl-accepting chemotaxis protein; Similar to GB:X61367 PID:48195; identified by sequence similarity; putative.,10,0.1,-0.4508524,8.599807
Plate1_Drawer1 22-Jul-2025 10-47-22,B6,VC_1498,VC_1498,Conserved hypothetical protein; Identified by Glimmer2; putative.,10,0.1,-1.0228226,10.033225
Plate1_Drawer1 22-Jul-2025 10-47-22,B7,VC_2756,VC_2756,Potassium uptake protein TrkH; Low-affinity potassium transport system. Interacts with Trk system potassium uptake protein TrkA; Belongs to the TrkH potassium transport family.,10,0.1,2.3436759,9.44547
Plate1_Drawer1 22-Jul-2025 10-47-22,B8,VC_0113,VC_0113,Methyltransferase-related protein; Similar to SP:P37431 PID:295895; identified by sequence similarity; putative.,10,0.1,1.3628446,10.465194
Plate1_Drawer1 22-Jul-2025 10-47-22,B9,VC_1423,VC_1423,Hypothetical protein; Identified by Glimmer2; putative.,10,0.1,-1.8321882,5.420943
Plate1_Drawer1 22-Jul-2025 10-47-22,C10,epsC,VC_2734,"General secretion pathway protein C; Involved in a type II secretion system (T2SS, formerly general secretion pathway, GSP) for the export of proteins (By similarity). Required for secretion of cholera toxin through the outer membrane.",10,0.1,-4.354153,2.0728807
Plate1_Drawer1 22-Jul-2025 10-47-22,C11,proQ,VC_1497,"Conserved hypothetical protein; RNA chaperone with significant RNA binding, RNA strand exchange and RNA duplexing activities; Belongs to the ProQ family.",10,0.1,-3.9165475,3.7359467
Plate1_Drawer1 22-Jul-2025 10-47-22,C12,VC_2627,VC_2627,DamX-related protein; Similar to SP:P11557 GB:Z19601 PID:41226 PID:43274 PID:606322; identified by sequence similarity; putative.,10,0.1,-2.6205432,4.0353994
Plate1_Drawer1 22-Jul-2025 10-47-22,C1,VC_A0588,VC_A0588,"Peptide ABC transporter, ATP-binding protein, putative; Similar to SP:P33916 PID:405909 GB:U00096 PID:1736845 PID:1788506; identified by sequence similarity; putative; Belongs to the ABC transporter superfamily.",10,0.1,-3.7353306,5.145179
Plate1_Drawer1 22-Jul-2025 10-47-22,C2,gshB,VC_0468,Glutathione synthetase; Similar to SP:P04425 GB:X01666 PID:41625 PID:882476 GB:U00096; identified by sequence similarity; putative.,10,0.1,1.9455492,15.156898
Plate1_Drawer1 22-Jul-2025 10-47-22,C3,potB,VC_1427,"Spermidine/putrescine ABC transporter, permease protein; Similar to GB:M64519 SP:P23860 PID:147327 GB:U00096 PID:1651552; identified by sequence similarity; putative.",10,0.1,4.9031367,10.1674795
Plate1_Drawer1 22-Jul-2025 10-47-22,C4,flgE,VC_2197,Flagellar hook protein FlgE; Similar to GB:X51737 SP:P16322 GB:X52093 PID:47673; identified by sequence similarity; putative.,10,0.1,9.213002,1.7015752
Plate1_Drawer1 22-Jul-2025 10-47-22,C5,glyQ,VC_0021,"glycyl-tRNA synthetase, alpha chain; Similar to SP:P00960 GB:J01622 PID:146222 PID:146225 PID:466698; identified by sequence similarity; putative.",10,0.1,-1.4771831,8.467215
Plate1_Drawer1 22-Jul-2025 10-47-22,C6,VC_0462,VC_0462,Twitching motility protein PilT; Similar to SP:P24559 GB:X67095 PID:151490; identified by sequence similarity; putative.,10,0.1,0.1338196,7.0635915
Plate1_Drawer1 22-Jul-2025 10-47-22,C7,flhA,VC_2069,"Flagellar biosynthetic protein FlhA; Required for formation of the rod structure of the flagellar apparatus. Together with FliI and FliH, may constitute the export apparatus of flagellin; Belongs to the FHIPEP (flagella/HR/invasion proteins export pore) family.",10,0.1,8.907729,2.9665918
Plate1_Drawer1 22-Jul-2025 10-47-22,C8,VC_0399,VC_0399,MSHA biogenesis protein MshI; Similar to PID:791156 PID:791153; identified by sequence similarity; putative.,10,0.1,0.19894172,7.150161
Plate1_Drawer1 22-Jul-2025 10-47-22,C9,fliD,VC_2140,"Flagellar hook-associated protein FliD; FILAMENT CAP Required for the morphogenesis and for the elongation of the flagellar filament by facilitating polymerization of the flagellin monomers at the tip of growing filament. Forms a capping structure, which prevents flagellin subunits (transported through the central channel of the flagellum) from leaking out without polymerization at the distal end (By similarity).",10,0.1,0.22333907,6.203396
Plate1_Drawer1 22-Jul-2025 10-47-22,D11,VC_2718; VC_2719,VC_2718; VC_2719,,10,0.1,10.71445,12.459069
Plate1_Drawer1 22-Jul-2025 10-47-22,D12,wbeG,VC_0245,rfbG protein; Similar to GB:X59554 PID:48387; identified by sequence similarity; putative.,10,0.1,-2.4055347,9.997838
Plate1_Drawer1 22-Jul-2025 10-47-22,D1,VC_0196,VC_0196,ATP-dependent DNA helicase RecQ; Similar to GB:M87049 SP:P15043 GB:M30198 PID:147559 PID:148221; identified by sequence similarity; putative.,10,0.1,-0.032905314,9.920499
Plate1_Drawer1 22-Jul-2025 10-47-22,D2,VC_1933,VC_1933,Hypothetical protein; Identified by Glimmer2; putative.,10,0.1,0.4183254,7.760237
Plate1_Drawer1 22-Jul-2025 10-47-22,D3,VC_A0001,VC_A0001,Hypothetical protein; Identified by Glimmer2; putative.,10,0.1,-1.9707642,5.7039857
Plate1_Drawer1 22-Jul-2025 10-47-22,D4,fadR,VC_1900,Fatty acid metabolism regulator protein; Multifunctional regulator of fatty acid metabolism.,10,0.1,6.575584,14.285694
Plate1_Drawer1 22-Jul-2025 10-47-22,D5,pilC,VC_2425,Type IV pilin biogenesis protein PilC; Involved in the translocation of the type IV pilin; Belongs to the GSP F family.,10,0.1,-1.3822978,8.574513
Plate1_Drawer1 22-Jul-2025 10-47-22,D6,pta,VC_1097,Phosphate acetyltransferase; Involved in acetate metabolism; In the N-terminal section; belongs to the CobB/CobQ family.,10,0.1,-4.5738635,2.712897
Plate1_Drawer1 22-Jul-2025 10-47-22,D7,VC_A0800,VC_A0800,creA protein; Similar to SP:P08367 GB:M13608 PID:147249 PID:147691 PID:537237; identified by sequence similarity; putative.,10,0.1,4.8895807,10.088948
Plate1_Drawer1 22-Jul-2025 10-47-22,D8,wzt,VC_0247,lipopolysaccharide/O-antigen transport protein; Similar to GB:X59554 PID:48389; identified by sequence similarity; putative.,10,0.1,-1.3614422,11.678385
Plate1_Drawer1 22-Jul-2025 10-47-22,D9,wbeM,VC_0250,Iron-containing alcohol dehydrogenase family protein RfbM; Similar to GB:M26941 SP:P13604 PID:144714; identified by sequence similarity; putative.,10,0.1,-1.8874345,10.830909
Plate1_Drawer1 22-Jul-2025 10-47-22,E10,VC_1887,VC_1887,Hypothetical protein; Identified by Glimmer2; putative.,10,0.1,8.636966,12.668801
Plate1_Drawer1 22-Jul-2025 10-47-22,E11,VC_A0620,VC_A0620,"Thiosulfate sulfurtransferase SseA, putative; Similar to SP:P31142 GB:U00096 PID:1788869 PID:1799924; identified by sequence similarity; putative.",10,0.1,-4.217674,4.7872276
Plate1_Drawer1 22-Jul-2025 10-47-22,E12,trmJ,VC_0746,"RNA methyltransferase, TrmH family; Catalyzes the formation of 2'O-methylated cytidine (Cm32) or 2'O-methylated uridine (Um32) at position 32 in tRNA.",10,0.1,-3.3784018,4.9404325
Plate1_Drawer1 22-Jul-2025 10-47-22,E1,VC_A0759,VC_A0759,"Arginine ABC transporter, periplasmic arginine-binding protein; Similar to SP:P30859 GB:X67753 GB:X86160 PID:40931 PID:769791; identified by sequence similarity; putative; Belongs to the bacterial solute-binding protein 3 family.",10,0.1,-0.5667261,9.483286
Plate1_Drawer1 22-Jul-2025 10-47-22,E2,VC_A0785,VC_A0785,GGDEF family protein; Similar to PID:1651932; identified by sequence similarity; putative.,10,0.1,3.7662356,10.937227
Plate1_Drawer1 22-Jul-2025 10-47-22,E3,fliE,VC_2134,Flagellar hook-basal body complex protein FliE; Similar to PID:2338730; identified by sequence similarity; putative.,10,0.1,8.816551,3.173448
Plate1_Drawer1 22-Jul-2025 10-47-22,E4,VC_1581,VC_1581,"NADH dehydrogenase, putative; Similar to SP:P33607 PID:397909 GB:U00096 PID:1788614 PID:1799638; identified by sequence similarity; putative.",10,0.1,-2.9497182,4.8805118
Plate1_Drawer1 22-Jul-2025 10-47-22,E5,fliP,VC_2123,Flagellar biosynthetic protein FliP; Plays a role in the flagellum-specific transport system. Belongs to the FliP/MopC/SpaP family.,10,0.1,8.90916,2.9613485
Plate1_Drawer1 22-Jul-2025 10-47-22,E7,VC_2714,VC_2714,Transcriptional regulator OmpR; Similar to PID:2108342; identified by sequence similarity; putative.,10,0.1,-4.986172,3.3775241
Plate1_Drawer1 22-Jul-2025 10-47-22,E9,VC_1154,VC_1154,Hypothetical protein; Identified by Glimmer2; putative.,10,0.1,-5.2550178,3.890971
Plate1_Drawer1 22-Jul-2025 10-47-22,F10,cdgJ,VC_0137,Conserved hypothetical protein; Phosphodiesterase (PDE) that catalyzes the hydrolysis of cyclic diguanylate (c-di-GMP). Positively regulates motility and negatively regulates biofilm formation.,10,0.1,0.32404888,11.3179
Plate1_Drawer1 22-Jul-2025 10-47-22,F11,recO,VC_2459,DNA repair protein RecO; Involved in DNA repair and RecF pathway recombination.,10,0.1,2.375942,10.986065
Plate1_Drawer1 22-Jul-2025 10-47-22,F12,VC_A0999,VC_A0999,"Transcriptional regulator, TetR family; Similar to GB:U00096 PID:1787354; identified by sequence similarity; putative.",10,0.1,-1.1449988,9.645526
Plate1_Drawer1 22-Jul-2025 10-47-22,F2,VC_2224,VC_2224,GGDEF family protein; Similar to GB:U00096 PID:1787603; identified by sequence similarity; putative.,10,0.1,-4.516182,2.3361232
Plate1_Drawer1 22-Jul-2025 10-47-22,F3,VC_A1099,VC_A1099,"ABC transporter, permease protein; Similar to SP:P33591 GB:X73143 PID:404846 PID:466613 GB:U00096; identified by sequence similarity; putative.",10,0.1,-3.9098563,1.3436496
Plate1_Drawer1 22-Jul-2025 10-47-22,F4,VC_1320,VC_1320,DNA-binding response regulator; Similar to PID:1079807 SP:P52108 GB:U00096 PID:1742647 PID:1742658; identified by sequence similarity; putative.,10,0.1,-3.9527512,1.3629639
Plate1_Drawer1 22-Jul-2025 10-47-22,F5,VC_1319,VC_1319,Sensor histidine kinase; Similar to GB:M36795 SP:P08336 GB:X13307 PID:145590 PID:305015; identified by sequence similarity; putative.,10,0.1,-4.7800713,1.8122107
Plate1_Drawer1 22-Jul-2025 10-47-22,F6,VC_A0536,VC_A0536,Conserved hypothetical protein; Identified by Glimmer2; putative.,10,0.1,-4.4675407,3.159962
Plate1_Drawer1 22-Jul-2025 10-47-22,F7,VC_1414,VC_1414,"Thermostable carboxypeptidase 1; Broad specificity carboxypetidase that releases amino acids sequentially from the C-terminus, including neutral, aromatic, polar and basic residues.",10,0.1,-5.1215367,3.2007053
Plate1_Drawer1 22-Jul-2025 10-47-22,F8,VC_A0527,VC_A0527,Conserved hypothetical protein; Identified by Glimmer2; putative.,10,0.1,-4.7313147,1.8821747
Plate1_Drawer1 22-Jul-2025 10-47-22,F9,argH,VC_2641,Argininosuccinate lyase; Similar to SP:P11447 GB:J01590 GB:M21446 PID:145335 PID:396307; identified by sequence similarity; putative.,10,0.1,-5.227283,4.790134
Plate1_Drawer1 22-Jul-2025 10-47-22,G10,rluE,VC_1140,Pseudouridine synthase family 1 protein; Responsible for synthesis of pseudouridine from uracil-2457 in 23S ribosomal RNA; Belongs to the pseudouridine synthase RsuA family.,10,0.1,2.3115733,9.485235
Plate1_Drawer1 22-Jul-2025 10-47-22,G11,VC_2524,VC_2524,Conserved hypothetical protein; Catalyzes the hydrolysis of 3-deoxy-D-manno-octulosonate 8- phosphate (KDO 8-P) to 3-deoxy-D-manno-octulosonate (KDO) and inorganic phosphate; Belongs to the KdsC family.,10,0.1,-3.9851115,4.0492706
Plate1_Drawer1 22-Jul-2025 10-47-22,G12,VC_0900,VC_0900,GGDEF family protein; Similar to PID:1652841; identified by sequence similarity; putative.,10,0.1,4.001141,9.25664
Plate1_Drawer1 22-Jul-2025 10-47-22,G2,VC_A0171,VC_A0171,Conserved hypothetical protein; Identified by Glimmer2; putative.,10,0.1,4.067722,10.335935
Plate1_Drawer1 22-Jul-2025 10-47-22,G3,fliJ,VC_2129,"Flagellar protein FliJ, putative; Similar to PID:1071644 SP:P52613 GB:U00096 PID:1736608 PID:1788252; identified by sequence similarity; putative.",10,0.1,9.248434,2.083207
Plate1_Drawer1 22-Jul-2025 10-47-22,G4,VC_0161,VC_0161,Transcriptional activator IlvY; Similar to GB:L42023 SP:P44821 PID:1005575 PID:1220765 PID:1204932; identified by sequence similarity; putative; Belongs to the LysR transcriptional regulatory family.,10,0.1,2.0819802,9.14656
Plate1_Drawer1 22-Jul-2025 10-47-22,G5,VC_0405,VC_0405,MSHA biogenesis protein MshE; Similar to PID:791156 PID:791159; identified by sequence similarity; putative.,10,0.1,-3.4527562,5.022789
Plate1_Drawer1 22-Jul-2025 10-47-22,G6,VC_1295,VC_1295,Conserved hypothetical protein; Phosphodiesterase (PDE) that catalyzes the hydrolysis of cyclic diguanylate (c-di-GMP) to GMP in vitro. Increases motility and decreases biofilm formation in vivo.,10,0.1,-4.2933807,1.941865
Plate1_Drawer1 22-Jul-2025 10-47-22,G7,flgD,VC_2198,Basal-body rod modification protein FlgD; Required for flagellar hook formation. May act as a scaffolding protein.,10,0.1,13.685612,-0.29764417
Plate1_Drawer1 22-Jul-2025 10-47-22,G8,manC,VC_0241,Mannose-1-phosphate guanylyltransferase; Similar to GB:X59554 SP:Q07024 PID:48383; identified by sequence similarity; putative.,10,0.1,5.9954176,21.31036
Plate1_Drawer1 22-Jul-2025 10-47-22,H10,trpR,VC_0701,"Trp operon repressor, putative; This protein is an aporepressor. When complexed with L- tryptophan it binds the operator region of the trp operon and prevents the initiation of transcription (By similarity).",10,0.1,2.0593483,9.101652
Plate1_Drawer1 22-Jul-2025 10-47-22,H11,greA,VC_0634,"Transcription elongation factor GreA; Necessary for efficient RNA polymerase transcription elongation past template-encoded arresting sites. The arresting sites in DNA have the property of trapping a certain fraction of elongating RNA polymerases that pass through, resulting in locked ternary complexes. Cleavage of the nascent transcript by cleavage factors such as GreA or GreB allows the resumption of elongation from the new 3'terminus. GreA releases sequences of 2 to 3 nucleotides.",10,0.1,-1.1779827,5.233999
Plate1_Drawer1 22-Jul-2025 10-47-22,H12,VC_0419,VC_0419,Cytoplasmic axial filament protein; Similar to SP:P25537 PID:48826 PID:606187 GB:U00096 PID:1789645; identified by sequence similarity; putative.,10,0.1,-0.055191837,6.9376917
Plate1_Drawer1 22-Jul-2025 10-47-22,H1,flhG,VC_2067,MinD-related protein; Similar to GP:3695013; identified by sequence similarity; putative. MULTIPLE FILAMENTS,10,0.1,-0.45688137,2.8873155
Plate1_Drawer1 22-Jul-2025 10-47-22,H2,VC_A0940,VC_A0940,"Transcriptional regulator, DeoR family; Similar to SP:P09392 GB:M96795 PID:146186 PID:606358 GB:U00096; identified by sequence similarity; putative.",10,0.1,0.84801185,8.046432
Plate1_Drawer1 22-Jul-2025 10-47-22,H3,ectA,VC_A0825,"L-2,4-diaminobutyric acid acetyltransferase; Catalyzes the acetylation of L-2,4-diaminobutyrate (DABA) to gamma-N-acetyl-alpha,gamma-diaminobutyric acid (ADABA) with acetyl coenzyme A.",10,0.1,-0.6607907,9.902405
Plate1_Drawer1 22-Jul-2025 10-47-22,H4,VC_A0840,VC_A0840,"Deoxycytidylate deaminase, putative; Similar to SP:P33968 GB:X70289 PID:396216; identified by sequence similarity; putative.",10,0.1,0.31134564,6.5845227
Plate1_Drawer1 22-Jul-2025 10-47-22,H6,VC_2522,VC_2522,Conserved hypothetical protein; Identified by Glimmer2; putative.,10,0.1,-2.4297917,5.5283413
Plate1_Drawer1 22-Jul-2025 10-47-22,H7,glmS,VC_0487,"Glucosamine--fructose-6-phosphate aminotransferase (isomerizing); Catalyzes the first step in hexosamine metabolism, converting fructose-6P into glucosamine-6P using glutamine as a nitrogen source.",10,0.1,-3.371644,4.8085966
Plate1_Drawer1 22-Jul-2025 10-47-22,H8,manA,VC_0269,Mannose-6-phosphate isomerase; Similar to SP:P25081 GB:X57117 PID:48820; identified by sequence similarity; putative; Belongs to the mannose-6-phosphate isomerase type 1 family.,10,0.1,6.0147214,21.329878
Plate1_Drawer1 22-Jul-2025 10-47-22,H9,nusB,VC_2267,N utilization substance protein B; Involved in transcription antitermination. Required for transcription of ribosomal RNA (rRNA) genes. Binds specifically to the boxA antiterminator sequence of the ribosomal RNA (rrn) operons.,10,0.1,-3.4615753,5.1613755
Plate1_Drawer1 25-Aug-2025 11-45-52,A10,VC_1462,VC_1462,RstB2 protein; Similar to GP:2564358; identified by sequence similarity; putative.,10,0.1,-0.8291283,9.668394
Plate1_Drawer1 25-Aug-2025 11-45-52,A12,wavA,VC_0223,"ADP-heptose--LPS heptosyltransferase II, putative; Similar to GB:L42023 SP:P44011 PID:1003930 PID:1222457 PID:1204774; identified by sequence similarity; putative.",10,0.1,-1.7214301,11.056569
Plate1_Drawer1 25-Aug-2025 11-45-52,A1,ung,VC_2359,uracil-DNA glycosylase; Excises uracil residues from the DNA which can arise as a result of misincorporation of dUMP residues by DNA polymerase or due to deamination of cytosine.,10,0.1,0.32474616,8.778086
Plate1_Drawer1 25-Aug-2025 11-45-52,A2,VC_2453,VC_2453,Sensor histidine kinase/response regulator; Similar to GB:D10888 SP:P26607 PID:216535 PID:882680 GB:U00096; identified by sequence similarity; putative.,10,0.1,0.8246781,8.095009
Plate1_Drawer1 25-Aug-2025 11-45-52,A3,VC_2311,VC_2311,HesA/MoeB/ThiF family protein; Similar to GB:D21145 PID:471103 PID:882707 GB:U00096 SP:Q46927; identified by sequence similarity; putative.,10,0.1,0.1835705,7.9198084
Plate1_Drawer1 25-Aug-2025 11-45-52,A4,lipA,VC_0943,"Lipoic acid synthetase; Catalyzes the radical-mediated insertion of two sulfur atoms into the C-6 and C-8 positions of the octanoyl moiety bound to the lipoyl domains of lipoate-dependent enzymes, thereby converting the octanoylated domains into lipoylated derivatives.",10,0.1,5.937602,15.483387
Plate1_Drawer1 25-Aug-2025 11-45-52,A5,rsmJ,VC_0073,Conserved hypothetical protein; Specifically methylates the guanosine in position 1516 of 16S rRNA.,10,0.1,-0.96798074,7.9598017
Plate1_Drawer1 25-Aug-2025 11-45-52,A6,potC,VC_1426,"Spermidine/putrescine ABC transporter, permease protein; Similar to GB:M64519 SP:P23859 PID:147328 GB:U00096 PID:1651551; identified by sequence similarity; putative.",10,0.1,-1.3505454,8.625878
Plate1_Drawer1 25-Aug-2025 11-45-52,A7,pckA,VC_2738,Phosphoenolpyruvate carboxykinase; Involved in the gluconeogenesis. Catalyzes the conversion of oxaloacetate (OAA) to phosphoenolpyruvate (PEP) through direct phosphoryl transfer between the nucleoside triphosphate and OAA. Belongs to the phosphoenolpyruvate carboxykinase (ATP) family.,10,0.1,4.619129,10.390399
Plate1_Drawer1 25-Aug-2025 11-45-52,A8,rluD,VC_0709,"Ribosomal large subunit pseudouridine synthase D; Responsible for synthesis of pseudouridine from uracil at positions 1911, 1915 and 1917 in 23S ribosomal RNA; Belongs to the pseudouridine synthase RluA family.",10,0.1,0.05411729,7.261724
Plate1_Drawer1 25-Aug-2025 11-45-52,A9,vibB,VC_0771,Vibriobactin-specific isochorismatase; Involved in the biosynthesis of the catechol siderophore vibriobactin. Vibriobactin is a chelating compound involved in transporting iron from the bacterial environment into the cell cytoplasm; Belongs to the isochorismatase family.,10,0.1,0.9341289,14.7029295
Plate1_Drawer1 25-Aug-2025 11-45-52,B10,flgP,VC_2206,Conserved hypothetical protein; Identified by Glimmer2; putative.,10,0.1,2.2941618,9.057006
Plate1_Drawer1 25-Aug-2025 11-45-52,B11,fliQ,VC_2122,Flagellar biosynthetic protein FliQ; Role in flagellar biosynthesis. Belongs to the FliQ/MopD/SpaQ family.,10,0.1,8.551494,4.564296
Plate1_Drawer1 25-Aug-2025 11-45-52,B12,argF,VC_2508,Ornithine carbamoyltransferase; Reversibly catalyzes the transfer of the carbamoyl group from carbamoyl phosphate (CP) to the N(epsilon) atom of ornithine (ORN) to produce L-citrulline; Belongs to the aspartate/ornithine carbamoyltransferase superfamily. OTCase family.,10,0.1,1.1544229,11.973445
Plate1_Drawer1 25-Aug-2025 11-45-52,B1,flgB,VC_2200,"Flagellar basal-body rod protein FlgB; Structural component of flagellum, the bacterial motility apparatus. Part of the rod structure of flagellar basal body.",10,0.1,3.1097994,8.889854
Plate1_Drawer1 25-Aug-2025 11-45-52,B2,fliS,VC_2138,Flagellar protein FliS; Similar to GB:U12816 PID:1254205; identified by sequence similarity; putative.,10,0.1,8.877358,3.9297016
Plate1_Drawer1 25-Aug-2025 11-45-52,B3,VC_A1081,VC_A1081,Hypothetical protein; Identified by Glimmer2; putative.,10,0.1,1.6912,8.887221
Plate1_Drawer1 25-Aug-2025 11-45-52,B4,VC_1909,VC_1909,Hypothetical protein; Identified by Glimmer2; putative.,10,0.1,-1.3439007,7.1549106
Plate1_Drawer1 25-Aug-2025 11-45-52,B5,VC_0449,VC_0449,Methyl-accepting chemotaxis protein; Similar to GB:X61367 PID:48195; identified by sequence similarity; putative.,10,0.1,-3.134195,8.378494
Plate1_Drawer1 25-Aug-2025 11-45-52,B6,VC_1498,VC_1498,Conserved hypothetical protein; Identified by Glimmer2; putative.,10,0.1,-1.4689498,9.91146
Plate1_Drawer1 25-Aug-2025 11-45-52,B7,VC_2756,VC_2756,Potassium uptake protein TrkH; Low-affinity potassium transport system. Interacts with Trk system potassium uptake protein TrkA; Belongs to the TrkH potassium transport family.,10,0.1,1.5282046,10.876453
Plate1_Drawer1 25-Aug-2025 11-45-52,B8,VC_0113,VC_0113,Methyltransferase-related protein; Similar to SP:P37431 PID:295895; identified by sequence similarity; putative.,10,0.1,2.224883,10.913938
Plate1_Drawer1 25-Aug-2025 11-45-52,B9,VC_1423,VC_1423,Hypothetical protein; Identified by Glimmer2; putative.,10,0.1,-2.2423792,4.416151
Plate1_Drawer1 25-Aug-2025 11-45-52,C11,proQ,VC_1497,"Conserved hypothetical protein; RNA chaperone with significant RNA binding, RNA strand exchange and RNA duplexing activities; Belongs to the ProQ family.",10,0.1,-3.9992883,2.2712755
Plate1_Drawer1 25-Aug-2025 11-45-52,C12,VC_2627,VC_2627,DamX-related protein; Similar to SP:P11557 GB:Z19601 PID:41226 PID:43274 PID:606322; identified by sequence similarity; putative.,10,0.1,-1.953752,5.0990663
Plate1_Drawer1 25-Aug-2025 11-45-52,C1,VC_A0588,VC_A0588,"Peptide ABC transporter, ATP-binding protein, putative; Similar to SP:P33916 PID:405909 GB:U00096 PID:1736845 PID:1788506; identified by sequence similarity; putative; Belongs to the ABC transporter superfamily.",10,0.1,-5.1730914,6.401929
Plate1_Drawer1 25-Aug-2025 11-45-52,C2,gshB,VC_0468,Glutathione synthetase; Similar to SP:P04425 GB:X01666 PID:41625 PID:882476 GB:U00096; identified by sequence similarity; putative.,10,0.1,2.2082422,15.376507
Plate1_Drawer1 25-Aug-2025 11-45-52,C3,potB,VC_1427,"Spermidine/putrescine ABC transporter, permease protein; Similar to GB:M64519 SP:P23860 PID:147327 GB:U00096 PID:1651552; identified by sequence similarity; putative.",10,0.1,4.429152,10.553826
Plate1_Drawer1 25-Aug-2025 11-45-52,C4,flgE,VC_2197,Flagellar hook protein FlgE; Similar to GB:X51737 SP:P16322 GB:X52093 PID:47673; identified by sequence similarity; putative.,10,0.1,9.184618,1.7029129
Plate1_Drawer1 25-Aug-2025 11-45-52,C5,glyQ,VC_0021,"glycyl-tRNA synthetase, alpha chain; Similar to SP:P00960 GB:J01622 PID:146222 PID:146225 PID:466698; identified by sequence similarity; putative.",10,0.1,-1.5958167,8.479981
Plate1_Drawer1 25-Aug-2025 11-45-52,C6,VC_0462,VC_0462,Twitching motility protein PilT; Similar to SP:P24559 GB:X67095 PID:151490; identified by sequence similarity; putative.,10,0.1,-3.824326,1.9755416
Plate1_Drawer1 25-Aug-2025 11-45-52,C7,flhA,VC_2069,"Flagellar biosynthetic protein FlhA; Required for formation of the rod structure of the flagellar apparatus. Together with FliI and FliH, may constitute the export apparatus of flagellin; Belongs to the FHIPEP (flagella/HR/invasion proteins export pore) family.",10,0.1,4.028399,9.294133
Plate1_Drawer1 25-Aug-2025 11-45-52,C8,VC_0399,VC_0399,MSHA biogenesis protein MshI; Similar to PID:791156 PID:791153; identified by sequence similarity; putative.,10,0.1,0.46512455,8.0355625
Plate1_Drawer1 25-Aug-2025 11-45-52,C9,fliD,VC_2140,"Flagellar hook-associated protein FliD; FILAMENT CAP Required for the morphogenesis and for the elongation of the flagellar filament by facilitating polymerization of the flagellin monomers at the tip of growing filament. Forms a capping structure, which prevents flagellin subunits (transported through the central channel of the flagellum) from leaking out without polymerization at the distal end (By similarity).",10,0.1,-3.8004034,1.6385562
Plate1_Drawer1 25-Aug-2025 11-45-52,D10,VC_2270,VC_2270,Riboflavin,10,0.1,1.1524574,13.761945
Plate1_Drawer1 25-Aug-2025 11-45-52,D12,wbeG,VC_0245,rfbG protein; Similar to GB:X59554 PID:48387; identified by sequence similarity; putative.,10,0.1,-1.8361672,10.837095
Plate1_Drawer1 25-Aug-2025 11-45-52,D1,VC_0196,VC_0196,ATP-dependent DNA helicase RecQ; Similar to GB:M87049 SP:P15043 GB:M30198 PID:147559 PID:148221; identified by sequence similarity; putative.,10,0.1,-0.6656434,9.809868
Plate1_Drawer1 25-Aug-2025 11-45-52,D2,VC_1933,VC_1933,Hypothetical protein; Identified by Glimmer2; putative.,10,0.1,-0.09116781,7.215606
Plate1_Drawer1 25-Aug-2025 11-45-52,D3,VC_A0001,VC_A0001,Hypothetical protein; Identified by Glimmer2; putative.,10,0.1,-3.9295783,6.366752
Plate1_Drawer1 25-Aug-2025 11-45-52,D4,fadR,VC_1900,Fatty acid metabolism regulator protein; Multifunctional regulator of fatty acid metabolism.,10,0.1,6.697337,14.155635
Plate1_Drawer1 25-Aug-2025 11-45-52,D5,pilC,VC_2425,Type IV pilin biogenesis protein PilC; Involved in the translocation of the type IV pilin; Belongs to the GSP F family.,10,0.1,-2.0838194,8.803069
Plate1_Drawer1 25-Aug-2025 11-45-52,D7,VC_A0800,VC_A0800,creA protein; Similar to SP:P08367 GB:M13608 PID:147249 PID:147691 PID:537237; identified by sequence similarity; putative.,10,0.1,4.2632427,11.221589
Plate1_Drawer1 25-Aug-2025 11-45-52,D8,wzt,VC_0247,lipopolysaccharide/O-antigen transport protein; Similar to GB:X59554 PID:48389; identified by sequence similarity; putative.,10,0.1,-0.17406724,6.51518
Plate1_Drawer1 25-Aug-2025 11-45-52,D9,wbeM,VC_0250,Iron-containing alcohol dehydrogenase family protein RfbM; Similar to GB:M26941 SP:P13604 PID:144714; identified by sequence similarity; putative.,10,0.1,-2.1824956,13.690695
Plate1_Drawer1 25-Aug-2025 11-45-52,E10,VC_1887,VC_1887,Hypothetical protein; Identified by Glimmer2; putative.,10,0.1,7.4694533,12.510641
Plate1_Drawer1 25-Aug-2025 11-45-52,E12,trmJ,VC_0746,"RNA methyltransferase, TrmH family; Catalyzes the formation of 2'O-methylated cytidine (Cm32) or 2'O-methylated uridine (Um32) at position 32 in tRNA.",10,0.1,-5.285879,3.2089252
Plate1_Drawer1 25-Aug-2025 11-45-52,E1,VC_A0759,VC_A0759,"Arginine ABC transporter, periplasmic arginine-binding protein; Similar to SP:P30859 GB:X67753 GB:X86160 PID:40931 PID:769791; identified by sequence similarity; putative; Belongs to the bacterial solute-binding protein 3 family.",10,0.1,1.6677766,10.588338
Plate1_Drawer1 25-Aug-2025 11-45-52,E2,VC_A0785,VC_A0785,GGDEF family protein; Similar to PID:1651932; identified by sequence similarity; putative.,10,0.1,4.327688,10.080238
Plate1_Drawer1 25-Aug-2025 11-45-52,E3,fliE,VC_2134,Flagellar hook-basal body complex protein FliE; Similar to PID:2338730; identified by sequence similarity; putative.,10,0.1,9.134187,2.151856
Plate1_Drawer1 25-Aug-2025 11-45-52,E4,VC_1581,VC_1581,"NADH dehydrogenase, putative; Similar to SP:P33607 PID:397909 GB:U00096 PID:1788614 PID:1799638; identified by sequence similarity; putative.",10,0.1,-4.49773,3.0548708
Plate1_Drawer1 25-Aug-2025 11-45-52,E5,fliP,VC_2123,Flagellar biosynthetic protein FliP; Plays a role in the flagellum-specific transport system. Belongs to the FliP/MopC/SpaP family.,10,0.1,8.951952,3.2979558
Plate1_Drawer1 25-Aug-2025 11-45-52,E6,lpxM,VC_0212,Lipid A biosynthesis (kdo)2-(lauroyl)-lipid IVA acyltransferase; Catalyzes the transfer of myristate from myristoyl-acyl carrier protein (ACP) to Kdo(2)-(lauroyl)-lipid IV(A) to form Kdo(2)- lipid A.,10,0.1,3.8730788,9.178641
Plate1_Drawer1 25-Aug-2025 11-45-52,E7,VC_2714,VC_2714,Transcriptional regulator OmpR; Similar to PID:2108342; identified by sequence similarity; putative.,10,0.1,-5.1010523,5.220558
Plate1_Drawer1 25-Aug-2025 11-45-52,E9,VC_1154,VC_1154,Hypothetical protein; Identified by Glimmer2; putative.,10,0.1,-5.228986,2.9056914
Plate1_Drawer1 25-Aug-2025 11-45-52,F10,cdgJ,VC_0137,Conserved hypothetical protein; Phosphodiesterase (PDE) that catalyzes the hydrolysis of cyclic diguanylate (c-di-GMP). Positively regulates motility and negatively regulates biofilm formation.,10,0.1,-3.0952163,4.8532352
Plate1_Drawer1 25-Aug-2025 11-45-52,F11,recO,VC_2459,DNA repair protein RecO; Involved in DNA repair and RecF pathway recombination.,10,0.1,2.3865016,9.187127
Plate1_Drawer1 25-Aug-2025 11-45-52,F12,VC_A0999,VC_A0999,"Transcriptional regulator, TetR family; Similar to GB:U00096 PID:1787354; identified by sequence similarity; putative.",10,0.1,-1.156076,10.092658
Plate1_Drawer1 25-Aug-2025 11-45-52,F2,VC_2224,VC_2224,GGDEF family protein; Similar to GB:U00096 PID:1787603; identified by sequence similarity; putative.,10,0.1,-5.154195,3.201062
Plate1_Drawer1 25-Aug-2025 11-45-52,F3,VC_A1099,VC_A1099,"ABC transporter, permease protein; Similar to SP:P33591 GB:X73143 PID:404846 PID:466613 GB:U00096; identified by sequence similarity; putative.",10,0.1,-5.243107,3.0705144
Plate1_Drawer1 25-Aug-2025 11-45-52,F4,VC_1320,VC_1320,DNA-binding response regulator; Similar to PID:1079807 SP:P52108 GB:U00096 PID:1742647 PID:1742658; identified by sequence similarity; putative.,10,0.1,-5.2904162,1.7990302
Plate1_Drawer1 25-Aug-2025 11-45-52,F5,VC_1319,VC_1319,Sensor histidine kinase; Similar to GB:M36795 SP:P08336 GB:X13307 PID:145590 PID:305015; identified by sequence similarity; putative.,10,0.1,-5.3454857,1.7823803
Plate1_Drawer1 25-Aug-2025 11-45-52,F6,VC_A0536,VC_A0536,Conserved hypothetical protein; Identified by Glimmer2; putative.,10,0.1,-3.0865664,4.8007216
Plate1_Drawer1 25-Aug-2025 11-45-52,F7,VC_1414,VC_1414,"Thermostable carboxypeptidase 1; Broad specificity carboxypetidase that releases amino acids sequentially from the C-terminus, including neutral, aromatic, polar and basic residues.",10,0.1,-4.268585,1.627527
Plate1_Drawer1 25-Aug-2025 11-45-52,F8,VC_A0527,VC_A0527,Conserved hypothetical protein; Identified by Glimmer2; putative.,10,0.1,-5.465579,2.094814
Plate1_Drawer1 25-Aug-2025 11-45-52,F9,argH,VC_2641,Argininosuccinate lyase; Similar to SP:P11447 GB:J01590 GB:M21446 PID:145335 PID:396307; identified by sequence similarity; putative.,10,0.1,-5.559366,2.3143659
Plate1_Drawer1 25-Aug-2025 11-45-52,G10,rluE,VC_1140,Pseudouridine synthase family 1 protein; Responsible for synthesis of pseudouridine from uracil-2457 in 23S ribosomal RNA; Belongs to the pseudouridine synthase RsuA family.,10,0.1,2.1540403,10.913911
Plate1_Drawer1 25-Aug-2025 11-45-52,G11,VC_2524,VC_2524,Conserved hypothetical protein; Catalyzes the hydrolysis of 3-deoxy-D-manno-octulosonate 8- phosphate (KDO 8-P) to 3-deoxy-D-manno-octulosonate (KDO) and inorganic phosphate; Belongs to the KdsC family.,10,0.1,-5.5120206,3.0821877
Plate1_Drawer1 25-Aug-2025 11-45-52,G12,VC_0900,VC_0900,GGDEF family protein; Similar to PID:1652841; identified by sequence similarity; putative.,10,0.1,3.8844492,9.181473
Plate1_Drawer1 25-Aug-2025 11-45-52,G1,guaB,VC_0767,"Inosine-5`-monophosphate dehydrogenase; Catalyzes the conversion of inosine 5'-phosphate (IMP) to xanthosine 5'-phosphate (XMP), the first committed and rate-limiting step in the de novo synthesis of guanine nucleotides, and therefore plays an important role in the regulation of cell growth. Belongs to the IMPDH/GMPR family.",10,0.1,1.0628546,14.12396
Plate1_Drawer1 25-Aug-2025 11-45-52,G2,VC_A0171,VC_A0171,Conserved hypothetical protein; Identified by Glimmer2; putative.,10,0.1,3.9599638,10.38497
Plate1_Drawer1 25-Aug-2025 11-45-52,G3,fliJ,VC_2129,"Flagellar protein FliJ, putative; Similar to PID:1071644 SP:P52613 GB:U00096 PID:1736608 PID:1788252; identified by sequence similarity; putative.",10,0.1,1.1223437,6.1893044
Plate1_Drawer1 25-Aug-2025 11-45-52,G4,VC_0161,VC_0161,Transcriptional activator IlvY; Similar to GB:L42023 SP:P44821 PID:1005575 PID:1220765 PID:1204932; identified by sequence similarity; putative; Belongs to the LysR transcriptional regulatory family.,10,0.1,1.7200596,11.417821
Plate1_Drawer1 25-Aug-2025 11-45-52,G5,VC_0405,VC_0405,MSHA biogenesis protein MshE; Similar to PID:791156 PID:791159; identified by sequence similarity; putative.,10,0.1,-2.1297703,5.5572157
Plate1_Drawer1 25-Aug-2025 11-45-52,G6,VC_1295,VC_1295,Conserved hypothetical protein; Phosphodiesterase (PDE) that catalyzes the hydrolysis of cyclic diguanylate (c-di-GMP) to GMP in vitro. Increases motility and decreases biofilm formation in vivo.,10,0.1,-4.9875684,3.3098044
Plate1_Drawer1 25-Aug-2025 11-45-52,G7,flgD,VC_2198,Basal-body rod modification protein FlgD; Required for flagellar hook formation. May act as a scaffolding protein.,10,0.1,13.598774,-0.20594713
Plate1_Drawer1 25-Aug-2025 11-45-52,G8,manC,VC_0241,Mannose-1-phosphate guanylyltransferase; Similar to GB:X59554 SP:Q07024 PID:48383; identified by sequence similarity; putative.,10,0.1,5.930958,21.604877
Plate1_Drawer1 25-Aug-2025 11-45-52,H10,trpR,VC_0701,"Trp operon repressor, putative; This protein is an aporepressor. When complexed with L- tryptophan it binds the operator region of the trp operon and prevents the initiation of transcription (By similarity).",10,0.1,-0.636011,9.637004
Plate1_Drawer1 25-Aug-2025 11-45-52,H11,greA,VC_0634,"Transcription elongation factor GreA; Necessary for efficient RNA polymerase transcription elongation past template-encoded arresting sites. The arresting sites in DNA have the property of trapping a certain fraction of elongating RNA polymerases that pass through, resulting in locked ternary complexes. Cleavage of the nascent transcript by cleavage factors such as GreA or GreB allows the resumption of elongation from the new 3'terminus. GreA releases sequences of 2 to 3 nucleotides.",10,0.1,-1.2080978,5.204008
Plate1_Drawer1 25-Aug-2025 11-45-52,H12,VC_0419,VC_0419,Cytoplasmic axial filament protein; Similar to SP:P25537 PID:48826 PID:606187 GB:U00096 PID:1789645; identified by sequence similarity; putative.,10,0.1,-0.5413277,6.2311244
Plate1_Drawer1 25-Aug-2025 11-45-52,H1,flhG,VC_2067,MinD-related protein; Similar to GP:3695013; identified by sequence similarity; putative. MULTIPLE FILAMENTS,10,0.1,-0.52309024,2.8620944
Plate1_Drawer1 25-Aug-2025 11-45-52,H2,VC_A0940,VC_A0940,"Transcriptional regulator, DeoR family; Similar to SP:P09392 GB:M96795 PID:146186 PID:606358 GB:U00096; identified by sequence similarity; putative.",10,0.1,2.804452,9.384086
Plate1_Drawer1 25-Aug-2025 11-45-52,H3,ectA,VC_A0825,"L-2,4-diaminobutyric acid acetyltransferase; Catalyzes the acetylation of L-2,4-diaminobutyrate (DABA) to gamma-N-acetyl-alpha,gamma-diaminobutyric acid (ADABA) with acetyl coenzyme A.",10,0.1,-0.86226314,10.19745
Plate1_Drawer1 25-Aug-2025 11-45-52,H4,VC_A0840,VC_A0840,"Deoxycytidylate deaminase, putative; Similar to SP:P33968 GB:X70289 PID:396216; identified by sequence similarity; putative.",10,0.1,-1.3144796,5.1611953
Plate1_Drawer1 25-Aug-2025 11-45-52,H6,VC_2522,VC_2522,Conserved hypothetical protein; Identified by Glimmer2; putative.,10,0.1,-1.7021,5.433337
Plate1_Drawer1 25-Aug-2025 11-45-52,H7,glmS,VC_0487,"Glucosamine--fructose-6-phosphate aminotransferase (isomerizing); Catalyzes the first step in hexosamine metabolism, converting fructose-6P into glucosamine-6P using glutamine as a nitrogen source.",10,0.1,-4.5666404,2.8640084
Plate1_Drawer1 25-Aug-2025 11-45-52,H8,manA,VC_0269,Mannose-6-phosphate isomerase; Similar to SP:P25081 GB:X57117 PID:48820; identified by sequence similarity; putative; Belongs to the mannose-6-phosphate isomerase type 1 family.,10,0.1,5.8793006,21.664146
Plate1_Drawer1 25-Aug-2025 11-45-52,H9,nusB,VC_2267,N utilization substance protein B; Involved in transcription antitermination. Required for transcription of ribosomal RNA (rRNA) genes. Binds specifically to the boxA antiterminator sequence of the ribosomal RNA (rrn) operons.,10,0.1,-4.4258056,3.2883906
Plate1_Drawer1 25-Jul-2025 14-04-47,A10,VC_1462,VC_1462,RstB2 protein; Similar to GP:2564358; identified by sequence similarity; putative.,10,0.1,0.11238946,10.398058
Plate1_Drawer1 25-Jul-2025 14-04-47,A12,wavA,VC_0223,"ADP-heptose--LPS heptosyltransferase II, putative; Similar to GB:L42023 SP:P44011 PID:1003930 PID:1222457 PID:1204774; identified by sequence similarity; putative.",10,0.1,-0.49986213,11.936436
Plate1_Drawer1 25-Jul-2025 14-04-47,A1,ung,VC_2359,uracil-DNA glycosylase; Excises uracil residues from the DNA which can arise as a result of misincorporation of dUMP residues by DNA polymerase or due to deamination of cytosine.,10,0.1,1.2563465,12.519197
Plate1_Drawer1 25-Jul-2025 14-04-47,A2,VC_2453,VC_2453,Sensor histidine kinase/response regulator; Similar to GB:D10888 SP:P26607 PID:216535 PID:882680 GB:U00096; identified by sequence similarity; putative.,10,0.1,0.80079126,9.440488
Plate1_Drawer1 25-Jul-2025 14-04-47,A3,VC_2311,VC_2311,HesA/MoeB/ThiF family protein; Similar to GB:D21145 PID:471103 PID:882707 GB:U00096 SP:Q46927; identified by sequence similarity; putative.,10,0.1,0.21097787,8.543044
Plate1_Drawer1 25-Jul-2025 14-04-47,A4,lipA,VC_0943,"Lipoic acid synthetase; Catalyzes the radical-mediated insertion of two sulfur atoms into the C-6 and C-8 positions of the octanoyl moiety bound to the lipoyl domains of lipoate-dependent enzymes, thereby converting the octanoylated domains into lipoylated derivatives.",10,0.1,2.5660439,15.621473
Plate1_Drawer1 25-Jul-2025 14-04-47,A6,potC,VC_1426,"Spermidine/putrescine ABC transporter, permease protein; Similar to GB:M64519 SP:P23859 PID:147328 GB:U00096 PID:1651551; identified by sequence similarity; putative.",10,0.1,1.2186891,11.796065
Plate1_Drawer1 25-Jul-2025 14-04-47,A7,pckA,VC_2738,Phosphoenolpyruvate carboxykinase; Involved in the gluconeogenesis. Catalyzes the conversion of oxaloacetate (OAA) to phosphoenolpyruvate (PEP) through direct phosphoryl transfer between the nucleoside triphosphate and OAA. Belongs to the phosphoenolpyruvate carboxykinase (ATP) family.,10,0.1,3.4525669,11.990248
Plate1_Drawer1 25-Jul-2025 14-04-47,A8,rluD,VC_0709,"Ribosomal large subunit pseudouridine synthase D; Responsible for synthesis of pseudouridine from uracil at positions 1911, 1915 and 1917 in 23S ribosomal RNA; Belongs to the pseudouridine synthase RluA family.",10,0.1,0.5213013,9.355029
Plate1_Drawer1 25-Jul-2025 14-04-47,B10,flgP,VC_2206,Conserved hypothetical protein; Identified by Glimmer2; putative.,10,0.1,5.907009,9.511831
Plate1_Drawer1 25-Jul-2025 14-04-47,B11,fliQ,VC_2122,Flagellar biosynthetic protein FliQ; Role in flagellar biosynthesis. Belongs to the FliQ/MopD/SpaQ family.,10,0.1,8.624655,4.156002
Plate1_Drawer1 25-Jul-2025 14-04-47,B12,argF,VC_2508,Ornithine carbamoyltransferase; Reversibly catalyzes the transfer of the carbamoyl group from carbamoyl phosphate (CP) to the N(epsilon) atom of ornithine (ORN) to produce L-citrulline; Belongs to the aspartate/ornithine carbamoyltransferase superfamily. OTCase family.,10,0.1,-2.8855975,9.508554
Plate1_Drawer1 25-Jul-2025 14-04-47,B1,flgB,VC_2200,"Flagellar basal-body rod protein FlgB; Structural component of flagellum, the bacterial motility apparatus. Part of the rod structure of flagellar basal body.",10,0.1,9.556314,4.0961933
Plate1_Drawer1 25-Jul-2025 14-04-47,B2,fliS,VC_2138,Flagellar protein FliS; Similar to GB:U12816 PID:1254205; identified by sequence similarity; putative.,10,0.1,9.270456,6.186538
Plate1_Drawer1 25-Jul-2025 14-04-47,B3,VC_A1081,VC_A1081,Hypothetical protein; Identified by Glimmer2; putative.,10,0.1,1.7090921,9.528164
Plate1_Drawer1 25-Jul-2025 14-04-47,B4,VC_1909,VC_1909,Hypothetical protein; Identified by Glimmer2; putative.,10,0.1,-1.3413079,6.97418
Plate1_Drawer1 25-Jul-2025 14-04-47,B5,VC_0449,VC_0449,Methyl-accepting chemotaxis protein; Similar to GB:X61367 PID:48195; identified by sequence similarity; putative.,10,0.1,-2.7304826,9.60269
Plate1_Drawer1 25-Jul-2025 14-04-47,B6,VC_1498,VC_1498,Conserved hypothetical protein; Identified by Glimmer2; putative.,10,0.1,0.42583394,10.879594
Plate1_Drawer1 25-Jul-2025 14-04-47,B7,VC_2756,VC_2756,Potassium uptake protein TrkH; Low-affinity potassium transport system. Interacts with Trk system potassium uptake protein TrkA; Belongs to the TrkH potassium transport family.,10,0.1,1.9743207,12.355021
Plate1_Drawer1 25-Jul-2025 14-04-47,B8,VC_0113,VC_0113,Methyltransferase-related protein; Similar to SP:P37431 PID:295895; identified by sequence similarity; putative.,10,0.1,2.6899962,12.025049
Plate1_Drawer1 25-Jul-2025 14-04-47,B9,VC_1423,VC_1423,Hypothetical protein; Identified by Glimmer2; putative.,10,0.1,-1.2038878,6.7773013
Plate1_Drawer1 25-Jul-2025 14-04-47,C10,epsC,VC_2734,"General secretion pathway protein C; Involved in a type II secretion system (T2SS, formerly general secretion pathway, GSP) for the export of proteins (By similarity). Required for secretion of cholera toxin through the outer membrane.",10,0.1,-5.489546,5.029992
Plate1_Drawer1 25-Jul-2025 14-04-47,C11,proQ,VC_1497,"Conserved hypothetical protein; RNA chaperone with significant RNA binding, RNA strand exchange and RNA duplexing activities; Belongs to the ProQ family.",10,0.1,-3.3978074,8.3787155
Plate1_Drawer1 25-Jul-2025 14-04-47,C12,VC_2627,VC_2627,DamX-related protein; Similar to SP:P11557 GB:Z19601 PID:41226 PID:43274 PID:606322; identified by sequence similarity; putative.,10,0.1,-1.6495633,6.673586
Plate1_Drawer1 25-Jul-2025 14-04-47,C1,VC_A0588,VC_A0588,"Peptide ABC transporter, ATP-binding protein, putative; Similar to SP:P33916 PID:405909 GB:U00096 PID:1736845 PID:1788506; identified by sequence similarity; putative; Belongs to the ABC transporter superfamily.",10,0.1,-3.644809,5.0383577
Plate1_Drawer1 25-Jul-2025 14-04-47,C2,gshB,VC_0468,Glutathione synthetase; Similar to SP:P04425 GB:X01666 PID:41625 PID:882476 GB:U00096; identified by sequence similarity; putative.,10,0.1,1.5975293,14.825089
Plate1_Drawer1 25-Jul-2025 14-04-47,C3,potB,VC_1427,"Spermidine/putrescine ABC transporter, permease protein; Similar to GB:M64519 SP:P23860 PID:147327 GB:U00096 PID:1651552; identified by sequence similarity; putative.",10,0.1,3.9512725,10.944966
Plate1_Drawer1 25-Jul-2025 14-04-47,C4,flgE,VC_2197,Flagellar hook protein FlgE; Similar to GB:X51737 SP:P16322 GB:X52093 PID:47673; identified by sequence similarity; putative.,10,0.1,9.470439,2.1010196
Plate1_Drawer1 25-Jul-2025 14-04-47,C5,glyQ,VC_0021,"glycyl-tRNA synthetase, alpha chain; Similar to SP:P00960 GB:J01622 PID:146222 PID:146225 PID:466698; identified by sequence similarity; putative.",10,0.1,-1.6066848,9.587402
Plate1_Drawer1 25-Jul-2025 14-04-47,C6,VC_0462,VC_0462,Twitching motility protein PilT; Similar to SP:P24559 GB:X67095 PID:151490; identified by sequence similarity; putative.,10,0.1,0.34094724,12.2825575
Plate1_Drawer1 25-Jul-2025 14-04-47,C7,flhA,VC_2069,"Flagellar biosynthetic protein FlhA; Required for formation of the rod structure of the flagellar apparatus. Together with FliI and FliH, may constitute the export apparatus of flagellin; Belongs to the FHIPEP (flagella/HR/invasion proteins export pore) family.",10,0.1,8.782749,5.037205
Plate1_Drawer1 25-Jul-2025 14-04-47,C8,VC_0399,VC_0399,MSHA biogenesis protein MshI; Similar to PID:791156 PID:791153; identified by sequence similarity; putative.,10,0.1,0.91724426,12.645626
Plate1_Drawer1 25-Jul-2025 14-04-47,C9,fliD,VC_2140,"Flagellar hook-associated protein FliD; FILAMENT CAP Required for the morphogenesis and for the elongation of the flagellar filament by facilitating polymerization of the flagellin monomers at the tip of growing filament. Forms a capping structure, which prevents flagellin subunits (transported through the central channel of the flagellum) from leaking out without polymerization at the distal end (By similarity).",10,0.1,-3.4559069,8.804472
Plate1_Drawer1 25-Jul-2025 14-04-47,D10,VC_2270,VC_2270,Riboflavin,10,0.1,0.9280264,14.746063
Plate1_Drawer1 25-Jul-2025 14-04-47,D11,VC_2718; VC_2719,VC_2718; VC_2719,,10,0.1,9.345642,12.921375
Plate1_Drawer1 25-Jul-2025 14-04-47,D12,wbeG,VC_0245,rfbG protein; Similar to GB:X59554 PID:48387; identified by sequence similarity; putative.,10,0.1,-2.1535656,13.886236
Plate1_Drawer1 25-Jul-2025 14-04-47,D1,VC_0196,VC_0196,ATP-dependent DNA helicase RecQ; Similar to GB:M87049 SP:P15043 GB:M30198 PID:147559 PID:148221; identified by sequence similarity; putative.,10,0.1,1.0445318,11.165489
Plate1_Drawer1 25-Jul-2025 14-04-47,D2,VC_1933,VC_1933,Hypothetical protein; Identified by Glimmer2; putative.,10,0.1,0.3546881,11.368059
Plate1_Drawer1 25-Jul-2025 14-04-47,D3,VC_A0001,VC_A0001,Hypothetical protein; Identified by Glimmer2; putative.,10,0.1,-1.4036238,7.685707
Plate1_Drawer1 25-Jul-2025 14-04-47,D4,fadR,VC_1900,Fatty acid metabolism regulator protein; Multifunctional regulator of fatty acid metabolism.,10,0.1,6.6125493,14.249923
Plate1_Drawer1 25-Jul-2025 14-04-47,D5,pilC,VC_2425,Type IV pilin biogenesis protein PilC; Involved in the translocation of the type IV pilin; Belongs to the GSP F family.,10,0.1,-2.9794078,9.353266
Plate1_Drawer1 25-Jul-2025 14-04-47,D6,pta,VC_1097,Phosphate acetyltransferase; Involved in acetate metabolism; In the N-terminal section; belongs to the CobB/CobQ family.,10,0.1,-4.9260483,3.123946
Plate1_Drawer1 25-Jul-2025 14-04-47,D7,VC_A0800,VC_A0800,creA protein; Similar to SP:P08367 GB:M13608 PID:147249 PID:147691 PID:537237; identified by sequence similarity; putative.,10,0.1,4.207998,11.653751
Plate1_Drawer1 25-Jul-2025 14-04-47,D8,wzt,VC_0247,lipopolysaccharide/O-antigen transport protein; Similar to GB:X59554 PID:48389; identified by sequence similarity; putative.,10,0.1,-1.2325073,11.889389
Plate1_Drawer1 25-Jul-2025 14-04-47,D9,wbeM,VC_0250,Iron-containing alcohol dehydrogenase family protein RfbM; Similar to GB:M26941 SP:P13604 PID:144714; identified by sequence similarity; putative.,10,0.1,-1.1755856,11.971097
Plate1_Drawer1 25-Jul-2025 14-04-47,E10,VC_1887,VC_1887,Hypothetical protein; Identified by Glimmer2; putative.,10,0.1,8.386341,12.597947
Plate1_Drawer1 25-Jul-2025 14-04-47,E11,VC_A0620,VC_A0620,"Thiosulfate sulfurtransferase SseA, putative; Similar to SP:P31142 GB:U00096 PID:1788869 PID:1799924; identified by sequence similarity; putative.",10,0.1,-2.6503985,7.655032
Plate1_Drawer1 25-Jul-2025 14-04-47,E12,trmJ,VC_0746,"RNA methyltransferase, TrmH family; Catalyzes the formation of 2'O-methylated cytidine (Cm32) or 2'O-methylated uridine (Um32) at position 32 in tRNA.",10,0.1,-4.847513,2.2617748
Plate1_Drawer1 25-Jul-2025 14-04-47,E1,VC_A0759,VC_A0759,"Arginine ABC transporter, periplasmic arginine-binding protein; Similar to SP:P30859 GB:X67753 GB:X86160 PID:40931 PID:769791; identified by sequence similarity; putative; Belongs to the bacterial solute-binding protein 3 family.",10,0.1,1.8305848,8.775935
Plate1_Drawer1 25-Jul-2025 14-04-47,E2,VC_A0785,VC_A0785,GGDEF family protein; Similar to PID:1651932; identified by sequence similarity; putative.,10,0.1,3.1133227,10.233631
Plate1_Drawer1 25-Jul-2025 14-04-47,E3,fliE,VC_2134,Flagellar hook-basal body complex protein FliE; Similar to PID:2338730; identified by sequence similarity; putative.,10,0.1,9.132922,2.1724925
Plate1_Drawer1 25-Jul-2025 14-04-47,E4,VC_1581,VC_1581,"NADH dehydrogenase, putative; Similar to SP:P33607 PID:397909 GB:U00096 PID:1788614 PID:1799638; identified by sequence similarity; putative.",10,0.1,-2.69083,5.876061
Plate1_Drawer1 25-Jul-2025 14-04-47,E5,fliP,VC_2123,Flagellar biosynthetic protein FliP; Plays a role in the flagellum-specific transport system. Belongs to the FliP/MopC/SpaP family.,10,0.1,9.157006,6.0476904
Plate1_Drawer1 25-Jul-2025 14-04-47,E6,lpxM,VC_0212,Lipid A biosynthesis (kdo)2-(lauroyl)-lipid IVA acyltransferase; Catalyzes the transfer of myristate from myristoyl-acyl carrier protein (ACP) to Kdo(2)-(lauroyl)-lipid IV(A) to form Kdo(2)- lipid A.,10,0.1,3.8815925,9.42765
Plate1_Drawer1 25-Jul-2025 14-04-47,E7,VC_2714,VC_2714,Transcriptional regulator OmpR; Similar to PID:2108342; identified by sequence similarity; putative.,10,0.1,-4.9126663,6.8399024
Plate1_Drawer1 25-Jul-2025 14-04-47,E9,VC_1154,VC_1154,Hypothetical protein; Identified by Glimmer2; putative.,10,0.1,-5.3523717,4.7971983
Plate1_Drawer1 25-Jul-2025 14-04-47,F10,cdgJ,VC_0137,Conserved hypothetical protein; Phosphodiesterase (PDE) that catalyzes the hydrolysis of cyclic diguanylate (c-di-GMP). Positively regulates motility and negatively regulates biofilm formation.,10,0.1,0.287207,11.719526
Plate1_Drawer1 25-Jul-2025 14-04-47,F11,recO,VC_2459,DNA repair protein RecO; Involved in DNA repair and RecF pathway recombination.,10,0.1,0.052460052,10.028425
Plate1_Drawer1 25-Jul-2025 14-04-47,F12,VC_A0999,VC_A0999,"Transcriptional regulator, TetR family; Similar to GB:U00096 PID:1787354; identified by sequence similarity; putative.",10,0.1,-0.34823823,10.295857
Plate1_Drawer1 25-Jul-2025 14-04-47,F2,VC_2224,VC_2224,GGDEF family protein; Similar to GB:U00096 PID:1787603; identified by sequence similarity; putative.,10,0.1,-4.8522444,2.8130999
Plate1_Drawer1 25-Jul-2025 14-04-47,F3,VC_A1099,VC_A1099,"ABC transporter, permease protein; Similar to SP:P33591 GB:X73143 PID:404846 PID:466613 GB:U00096; identified by sequence similarity; putative.",10,0.1,-5.2530246,2.6997714
Plate1_Drawer1 25-Jul-2025 14-04-47,F4,VC_1320,VC_1320,DNA-binding response regulator; Similar to PID:1079807 SP:P52108 GB:U00096 PID:1742647 PID:1742658; identified by sequence similarity; putative.,10,0.1,-5.166412,1.826494
Plate1_Drawer1 25-Jul-2025 14-04-47,F5,VC_1319,VC_1319,Sensor histidine kinase; Similar to GB:M36795 SP:P08336 GB:X13307 PID:145590 PID:305015; identified by sequence similarity; putative.,10,0.1,-5.001355,1.754096
Plate1_Drawer1 25-Jul-2025 14-04-47,F6,VC_A0536,VC_A0536,Conserved hypothetical protein; Identified by Glimmer2; putative.,10,0.1,-1.4578352,7.2927876
Plate1_Drawer1 25-Jul-2025 14-04-47,F7,VC_1414,VC_1414,"Thermostable carboxypeptidase 1; Broad specificity carboxypetidase that releases amino acids sequentially from the C-terminus, including neutral, aromatic, polar and basic residues.",10,0.1,-3.673167,7.417446
Plate1_Drawer1 25-Jul-2025 14-04-47,F8,VC_A0527,VC_A0527,Conserved hypothetical protein; Identified by Glimmer2; putative.,10,0.1,-4.4730206,1.804729
Plate1_Drawer1 25-Jul-2025 14-04-47,F9,argH,VC_2641,Argininosuccinate lyase; Similar to SP:P11447 GB:J01590 GB:M21446 PID:145335 PID:396307; identified by sequence similarity; putative.,10,0.1,-5.412749,3.624655
Plate1_Drawer1 25-Jul-2025 14-04-47,G10,rluE,VC_1140,Pseudouridine synthase family 1 protein; Responsible for synthesis of pseudouridine from uracil-2457 in 23S ribosomal RNA; Belongs to the pseudouridine synthase RsuA family.,10,0.1,2.365409,11.057192
Plate1_Drawer1 25-Jul-2025 14-04-47,G11,VC_2524,VC_2524,Conserved hypothetical protein; Catalyzes the hydrolysis of 3-deoxy-D-manno-octulosonate 8- phosphate (KDO 8-P) to 3-deoxy-D-manno-octulosonate (KDO) and inorganic phosphate; Belongs to the KdsC family.,10,0.1,-5.6312766,3.6093936
Plate1_Drawer1 25-Jul-2025 14-04-47,G12,VC_0900,VC_0900,GGDEF family protein; Similar to PID:1652841; identified by sequence similarity; putative.,10,0.1,7.967933,11.083018
Plate1_Drawer1 25-Jul-2025 14-04-47,G2,VC_A0171,VC_A0171,Conserved hypothetical protein; Identified by Glimmer2; putative.,10,0.1,2.8522875,10.80624
Plate1_Drawer1 25-Jul-2025 14-04-47,G3,fliJ,VC_2129,"Flagellar protein FliJ, putative; Similar to PID:1071644 SP:P52613 GB:U00096 PID:1736608 PID:1788252; identified by sequence similarity; putative.",10,0.1,0.93912554,7.814827
Plate1_Drawer1 25-Jul-2025 14-04-47,G4,VC_0161,VC_0161,Transcriptional activator IlvY; Similar to GB:L42023 SP:P44821 PID:1005575 PID:1220765 PID:1204932; identified by sequence similarity; putative; Belongs to the LysR transcriptional regulatory family.,10,0.1,2.7270243,10.903475
Plate1_Drawer1 25-Jul-2025 14-04-47,G5,VC_0405,VC_0405,MSHA biogenesis protein MshE; Similar to PID:791156 PID:791159; identified by sequence similarity; putative.,10,0.1,-2.5101683,5.933415
Plate1_Drawer1 25-Jul-2025 14-04-47,G6,VC_1295,VC_1295,Conserved hypothetical protein; Phosphodiesterase (PDE) that catalyzes the hydrolysis of cyclic diguanylate (c-di-GMP) to GMP in vitro. Increases motility and decreases biofilm formation in vivo.,10,0.1,-5.2278924,5.763252
Plate1_Drawer1 25-Jul-2025 14-04-47,G7,flgD,VC_2198,Basal-body rod modification protein FlgD; Required for flagellar hook formation. May act as a scaffolding protein.,10,0.1,13.704023,-0.31611955
Plate1_Drawer1 25-Jul-2025 14-04-47,G8,manC,VC_0241,Mannose-1-phosphate guanylyltransferase; Similar to GB:X59554 SP:Q07024 PID:48383; identified by sequence similarity; putative.,10,0.1,5.813711,21.409086
Plate1_Drawer1 25-Jul-2025 14-04-47,H10,trpR,VC_0701,"Trp operon repressor, putative; This protein is an aporepressor. When complexed with L- tryptophan it binds the operator region of the trp operon and prevents the initiation of transcription (By similarity).",10,0.1,1.6946942,10.928009
Plate1_Drawer1 25-Jul-2025 14-04-47,H11,greA,VC_0634,"Transcription elongation factor GreA; Necessary for efficient RNA polymerase transcription elongation past template-encoded arresting sites. The arresting sites in DNA have the property of trapping a certain fraction of elongating RNA polymerases that pass through, resulting in locked ternary complexes. Cleavage of the nascent transcript by cleavage factors such as GreA or GreB allows the resumption of elongation from the new 3'terminus. GreA releases sequences of 2 to 3 nucleotides.",10,0.1,0.48094788,9.282112
Plate1_Drawer1 25-Jul-2025 14-04-47,H12,VC_0419,VC_0419,Cytoplasmic axial filament protein; Similar to SP:P25537 PID:48826 PID:606187 GB:U00096 PID:1789645; identified by sequence similarity; putative.,10,0.1,0.66601664,8.909433
Plate1_Drawer1 25-Jul-2025 14-04-47,H1,flhG,VC_2067,MinD-related protein; Similar to GP:3695013; identified by sequence similarity; putative. MULTIPLE FILAMENTS,10,0.1,-0.4871751,2.8623593
Plate1_Drawer1 25-Jul-2025 14-04-47,H2,VC_A0940,VC_A0940,"Transcriptional regulator, DeoR family; Similar to SP:P09392 GB:M96795 PID:146186 PID:606358 GB:U00096; identified by sequence similarity; putative.",10,0.1,0.991906,9.401766
Plate1_Drawer1 25-Jul-2025 14-04-47,H3,ectA,VC_A0825,"L-2,4-diaminobutyric acid acetyltransferase; Catalyzes the acetylation of L-2,4-diaminobutyrate (DABA) to gamma-N-acetyl-alpha,gamma-diaminobutyric acid (ADABA) with acetyl coenzyme A.",10,0.1,-1.2540127,9.816576
Plate1_Drawer1 25-Jul-2025 14-04-47,H4,VC_A0840,VC_A0840,"Deoxycytidylate deaminase, putative; Similar to SP:P33968 GB:X70289 PID:396216; identified by sequence similarity; putative.",10,0.1,-0.13865742,6.5237284
Plate1_Drawer1 25-Jul-2025 14-04-47,H6,VC_2522,VC_2522,Conserved hypothetical protein; Identified by Glimmer2; putative.,10,0.1,-1.5976318,5.469951
Plate1_Drawer1 25-Jul-2025 14-04-47,H7,glmS,VC_0487,"Glucosamine--fructose-6-phosphate aminotransferase (isomerizing); Catalyzes the first step in hexosamine metabolism, converting fructose-6P into glucosamine-6P using glutamine as a nitrogen source.",10,0.1,-4.464092,2.0855448
Plate1_Drawer1 25-Jul-2025 14-04-47,H8,manA,VC_0269,Mannose-6-phosphate isomerase; Similar to SP:P25081 GB:X57117 PID:48820; identified by sequence similarity; putative; Belongs to the mannose-6-phosphate isomerase type 1 family.,10,0.1,5.9114738,21.644894
Plate1_Drawer1 25-Jul-2025 14-04-47,H9,nusB,VC_2267,N utilization substance protein B; Involved in transcription antitermination. Required for transcription of ribosomal RNA (rRNA) genes. Binds specifically to the boxA antiterminator sequence of the ribosomal RNA (rrn) operons.,10,0.1,-2.2950175,7.3394
Plate1_Drawer1 27-Aug-2025 15-50-24,A10,VC_1462,VC_1462,RstB2 protein; Similar to GP:2564358; identified by sequence similarity; putative.,10,0.1,-0.7093895,10.259925
Plate1_Drawer1 27-Aug-2025 15-50-24,A12,wavA,VC_0223,"ADP-heptose--LPS heptosyltransferase II, putative; Similar to GB:L42023 SP:P44011 PID:1003930 PID:1222457 PID:1204774; identified by sequence similarity; putative.",10,0.1,-1.6675066,11.133122
Plate1_Drawer1 27-Aug-2025 15-50-24,A1,ung,VC_2359,uracil-DNA glycosylase; Excises uracil residues from the DNA which can arise as a result of misincorporation of dUMP residues by DNA polymerase or due to deamination of cytosine.,10,0.1,0.34043586,7.825695
Plate1_Drawer1 27-Aug-2025 15-50-24,A2,VC_2453,VC_2453,Sensor histidine kinase/response regulator; Similar to GB:D10888 SP:P26607 PID:216535 PID:882680 GB:U00096; identified by sequence similarity; putative.,10,0.1,0.68405056,7.624308
Plate1_Drawer1 27-Aug-2025 15-50-24,A3,VC_2311,VC_2311,HesA/MoeB/ThiF family protein; Similar to GB:D21145 PID:471103 PID:882707 GB:U00096 SP:Q46927; identified by sequence similarity; putative.,10,0.1,0.4142972,7.800144
Plate1_Drawer1 27-Aug-2025 15-50-24,A4,lipA,VC_0943,"Lipoic acid synthetase; Catalyzes the radical-mediated insertion of two sulfur atoms into the C-6 and C-8 positions of the octanoyl moiety bound to the lipoyl domains of lipoate-dependent enzymes, thereby converting the octanoylated domains into lipoylated derivatives.",10,0.1,5.939501,15.357151
Plate1_Drawer1 27-Aug-2025 15-50-24,A5,rsmJ,VC_0073,Conserved hypothetical protein; Specifically methylates the guanosine in position 1516 of 16S rRNA.,10,0.1,0.1551665,8.466169
Plate1_Drawer1 27-Aug-2025 15-50-24,A6,potC,VC_1426,"Spermidine/putrescine ABC transporter, permease protein; Similar to GB:M64519 SP:P23859 PID:147328 GB:U00096 PID:1651551; identified by sequence similarity; putative.",10,0.1,-1.0463867,8.887308
Plate1_Drawer1 27-Aug-2025 15-50-24,A7,pckA,VC_2738,Phosphoenolpyruvate carboxykinase; Involved in the gluconeogenesis. Catalyzes the conversion of oxaloacetate (OAA) to phosphoenolpyruvate (PEP) through direct phosphoryl transfer between the nucleoside triphosphate and OAA. Belongs to the phosphoenolpyruvate carboxykinase (ATP) family.,10,0.1,4.283833,10.342832
Plate1_Drawer1 27-Aug-2025 15-50-24,A8,rluD,VC_0709,"Ribosomal large subunit pseudouridine synthase D; Responsible for synthesis of pseudouridine from uracil at positions 1911, 1915 and 1917 in 23S ribosomal RNA; Belongs to the pseudouridine synthase RluA family.",10,0.1,-1.4822426,5.7263355
Plate1_Drawer1 27-Aug-2025 15-50-24,A9,vibB,VC_0771,Vibriobactin-specific isochorismatase; Involved in the biosynthesis of the catechol siderophore vibriobactin. Vibriobactin is a chelating compound involved in transporting iron from the bacterial environment into the cell cytoplasm; Belongs to the isochorismatase family.,10,0.1,1.0232043,14.647875
Plate1_Drawer1 27-Aug-2025 15-50-24,B10,flgP,VC_2206,Conserved hypothetical protein; Identified by Glimmer2; putative.,10,0.1,5.828721,9.481734
Plate1_Drawer1 27-Aug-2025 15-50-24,B11,fliQ,VC_2122,Flagellar biosynthetic protein FliQ; Role in flagellar biosynthesis. Belongs to the FliQ/MopD/SpaQ family.,10,0.1,8.564204,4.229621
Plate1_Drawer1 27-Aug-2025 15-50-24,B12,argF,VC_2508,Ornithine carbamoyltransferase; Reversibly catalyzes the transfer of the carbamoyl group from carbamoyl phosphate (CP) to the N(epsilon) atom of ornithine (ORN) to produce L-citrulline; Belongs to the aspartate/ornithine carbamoyltransferase superfamily. OTCase family.,10,0.1,-0.70618236,10.309927
Plate1_Drawer1 27-Aug-2025 15-50-24,B1,flgB,VC_2200,"Flagellar basal-body rod protein FlgB; Structural component of flagellum, the bacterial motility apparatus. Part of the rod structure of flagellar basal body.",10,0.1,9.546135,4.1732235
Plate1_Drawer1 27-Aug-2025 15-50-24,B2,fliS,VC_2138,Flagellar protein FliS; Similar to GB:U12816 PID:1254205; identified by sequence similarity; putative.,10,0.1,8.913872,3.945556
Plate1_Drawer1 27-Aug-2025 15-50-24,B3,VC_A1081,VC_A1081,Hypothetical protein; Identified by Glimmer2; putative.,10,0.1,1.5698028,9.163424
Plate1_Drawer1 27-Aug-2025 15-50-24,B4,VC_1909,VC_1909,Hypothetical protein; Identified by Glimmer2; putative.,10,0.1,-1.4456753,7.306563
Plate1_Drawer1 27-Aug-2025 15-50-24,B5,VC_0449,VC_0449,Methyl-accepting chemotaxis protein; Similar to GB:X61367 PID:48195; identified by sequence similarity; putative.,10,0.1,-1.3692671,9.755383
Plate1_Drawer1 27-Aug-2025 15-50-24,B6,VC_1498,VC_1498,Conserved hypothetical protein; Identified by Glimmer2; putative.,10,0.1,-1.5573319,10.029937
Plate1_Drawer1 27-Aug-2025 15-50-24,B7,VC_2756,VC_2756,Potassium uptake protein TrkH; Low-affinity potassium transport system. Interacts with Trk system potassium uptake protein TrkA; Belongs to the TrkH potassium transport family.,10,0.1,1.9465688,10.799118
Plate1_Drawer1 27-Aug-2025 15-50-24,B8,VC_0113,VC_0113,Methyltransferase-related protein; Similar to SP:P37431 PID:295895; identified by sequence similarity; putative.,10,0.1,2.1278787,9.698017
Plate1_Drawer1 27-Aug-2025 15-50-24,B9,VC_1423,VC_1423,Hypothetical protein; Identified by Glimmer2; putative.,10,0.1,-1.6456673,5.4884305
Plate1_Drawer1 27-Aug-2025 15-50-24,C10,epsC,VC_2734,"General secretion pathway protein C; Involved in a type II secretion system (T2SS, formerly general secretion pathway, GSP) for the export of proteins (By similarity). Required for secretion of cholera toxin through the outer membrane.",10,0.1,-5.2430654,1.6678717
Plate1_Drawer1 27-Aug-2025 15-50-24,C11,proQ,VC_1497,"Conserved hypothetical protein; RNA chaperone with significant RNA binding, RNA strand exchange and RNA duplexing activities; Belongs to the ProQ family.",10,0.1,-4.1969395,2.4369416
Plate1_Drawer1 27-Aug-2025 15-50-24,C12,VC_2627,VC_2627,DamX-related protein; Similar to SP:P11557 GB:Z19601 PID:41226 PID:43274 PID:606322; identified by sequence similarity; putative.,10,0.1,-2.389698,4.4382863
Plate1_Drawer1 27-Aug-2025 15-50-24,C1,VC_A0588,VC_A0588,"Peptide ABC transporter, ATP-binding protein, putative; Similar to SP:P33916 PID:405909 GB:U00096 PID:1736845 PID:1788506; identified by sequence similarity; putative; Belongs to the ABC transporter superfamily.",10,0.1,-4.9263535,3.3419998
Plate1_Drawer1 27-Aug-2025 15-50-24,C2,gshB,VC_0468,Glutathione synthetase; Similar to SP:P04425 GB:X01666 PID:41625 PID:882476 GB:U00096; identified by sequence similarity; putative.,10,0.1,5.597569,15.925366
Plate1_Drawer1 27-Aug-2025 15-50-24,C3,potB,VC_1427,"Spermidine/putrescine ABC transporter, permease protein; Similar to GB:M64519 SP:P23860 PID:147327 GB:U00096 PID:1651552; identified by sequence similarity; putative.",10,0.1,4.3219004,10.48794
Plate1_Drawer1 27-Aug-2025 15-50-24,C4,flgE,VC_2197,Flagellar hook protein FlgE; Similar to GB:X51737 SP:P16322 GB:X52093 PID:47673; identified by sequence similarity; putative.,10,0.1,8.945447,1.2324018
Plate1_Drawer1 27-Aug-2025 15-50-24,C6,VC_0462,VC_0462,Twitching motility protein PilT; Similar to SP:P24559 GB:X67095 PID:151490; identified by sequence similarity; putative.,10,0.1,-1.8880837,8.547798
Plate1_Drawer1 27-Aug-2025 15-50-24,C7,flhA,VC_2069,"Flagellar biosynthetic protein FlhA; Required for formation of the rod structure of the flagellar apparatus. Together with FliI and FliH, may constitute the export apparatus of flagellin; Belongs to the FHIPEP (flagella/HR/invasion proteins export pore) family.",10,0.1,8.767775,5.097187
Plate1_Drawer1 27-Aug-2025 15-50-24,C8,VC_0399,VC_0399,MSHA biogenesis protein MshI; Similar to PID:791156 PID:791153; identified by sequence similarity; putative.,10,0.1,0.22189252,8.551311
Plate1_Drawer1 27-Aug-2025 15-50-24,C9,fliD,VC_2140,"Flagellar hook-associated protein FliD; FILAMENT CAP Required for the morphogenesis and for the elongation of the flagellar filament by facilitating polymerization of the flagellin monomers at the tip of growing filament. Forms a capping structure, which prevents flagellin subunits (transported through the central channel of the flagellum) from leaking out without polymerization at the distal end (By similarity).",10,0.1,-1.1817197,5.1222506
Plate1_Drawer1 27-Aug-2025 15-50-24,D10,VC_2270,VC_2270,Riboflavin,10,0.1,0.922561,14.758217
Plate1_Drawer1 27-Aug-2025 15-50-24,D11,VC_2718; VC_2719,VC_2718; VC_2719,,10,0.1,10.754255,12.517043
Plate1_Drawer1 27-Aug-2025 15-50-24,D12,wbeG,VC_0245,rfbG protein; Similar to GB:X59554 PID:48387; identified by sequence similarity; putative.,10,0.1,-2.1579275,13.734308
Plate1_Drawer1 27-Aug-2025 15-50-24,D1,VC_0196,VC_0196,ATP-dependent DNA helicase RecQ; Similar to GB:M87049 SP:P15043 GB:M30198 PID:147559 PID:148221; identified by sequence similarity; putative.,10,0.1,-0.5612784,10.34123
Plate1_Drawer1 27-Aug-2025 15-50-24,D2,VC_1933,VC_1933,Hypothetical protein; Identified by Glimmer2; putative.,10,0.1,0.39000916,8.084183
Plate1_Drawer1 27-Aug-2025 15-50-24,D3,VC_A0001,VC_A0001,Hypothetical protein; Identified by Glimmer2; putative.,10,0.1,-4.498163,3.0873802
Plate1_Drawer1 27-Aug-2025 15-50-24,D4,fadR,VC_1900,Fatty acid metabolism regulator protein; Multifunctional regulator of fatty acid metabolism.,10,0.1,-1.4448876,4.0638914
Plate1_Drawer1 27-Aug-2025 15-50-24,D5,pilC,VC_2425,Type IV pilin biogenesis protein PilC; Involved in the translocation of the type IV pilin; Belongs to the GSP F family.,10,0.1,-1.1431811,9.618898
Plate1_Drawer1 27-Aug-2025 15-50-24,D6,pta,VC_1097,Phosphate acetyltransferase; Involved in acetate metabolism; In the N-terminal section; belongs to the CobB/CobQ family.,10,0.1,-4.2308054,0.8433707
Plate1_Drawer1 27-Aug-2025 15-50-24,D7,VC_A0800,VC_A0800,creA protein; Similar to SP:P08367 GB:M13608 PID:147249 PID:147691 PID:537237; identified by sequence similarity; putative.,10,0.1,4.1833096,11.659813
Plate1_Drawer1 27-Aug-2025 15-50-24,D8,wzt,VC_0247,lipopolysaccharide/O-antigen transport protein; Similar to GB:X59554 PID:48389; identified by sequence similarity; putative.,10,0.1,-2.0437813,10.534591
Plate1_Drawer1 27-Aug-2025 15-50-24,D9,wbeM,VC_0250,Iron-containing alcohol dehydrogenase family protein RfbM; Similar to GB:M26941 SP:P13604 PID:144714; identified by sequence similarity; putative.,10,0.1,-1.9152238,10.718731
Plate1_Drawer1 27-Aug-2025 15-50-24,E10,VC_1887,VC_1887,Hypothetical protein; Identified by Glimmer2; putative.,10,0.1,7.498339,12.486646
Plate1_Drawer1 27-Aug-2025 15-50-24,E11,VC_A0620,VC_A0620,"Thiosulfate sulfurtransferase SseA, putative; Similar to SP:P31142 GB:U00096 PID:1788869 PID:1799924; identified by sequence similarity; putative.",10,0.1,-5.475681,2.8626215
Plate1_Drawer1 27-Aug-2025 15-50-24,E12,trmJ,VC_0746,"RNA methyltransferase, TrmH family; Catalyzes the formation of 2'O-methylated cytidine (Cm32) or 2'O-methylated uridine (Um32) at position 32 in tRNA.",10,0.1,-4.253347,0.8902416
Plate1_Drawer1 27-Aug-2025 15-50-24,E1,VC_A0759,VC_A0759,"Arginine ABC transporter, periplasmic arginine-binding protein; Similar to SP:P30859 GB:X67753 GB:X86160 PID:40931 PID:769791; identified by sequence similarity; putative; Belongs to the bacterial solute-binding protein 3 family.",10,0.1,1.7527176,9.762189
Plate1_Drawer1 27-Aug-2025 15-50-24,E2,VC_A0785,VC_A0785,GGDEF family protein; Similar to PID:1651932; identified by sequence similarity; putative.,10,0.1,4.077661,10.2504425
Plate1_Drawer1 27-Aug-2025 15-50-24,E3,fliE,VC_2134,Flagellar hook-basal body complex protein FliE; Similar to PID:2338730; identified by sequence similarity; putative.,10,0.1,8.994412,3.5845997
Plate1_Drawer1 27-Aug-2025 15-50-24,E4,VC_1581,VC_1581,"NADH dehydrogenase, putative; Similar to SP:P33607 PID:397909 GB:U00096 PID:1788614 PID:1799638; identified by sequence similarity; putative.",10,0.1,-2.5611148,5.9056354
Plate1_Drawer1 27-Aug-2025 15-50-24,E5,fliP,VC_2123,Flagellar biosynthetic protein FliP; Plays a role in the flagellum-specific transport system. Belongs to the FliP/MopC/SpaP family.,10,0.1,8.832905,4.026289
Plate1_Drawer1 27-Aug-2025 15-50-24,E6,lpxM,VC_0212,Lipid A biosynthesis (kdo)2-(lauroyl)-lipid IVA acyltransferase; Catalyzes the transfer of myristate from myristoyl-acyl carrier protein (ACP) to Kdo(2)-(lauroyl)-lipid IV(A) to form Kdo(2)- lipid A.,10,0.1,3.9035776,9.219519
Plate1_Drawer1 27-Aug-2025 15-50-24,E7,VC_2714,VC_2714,Transcriptional regulator OmpR; Similar to PID:2108342; identified by sequence similarity; putative.,10,0.1,-5.30482,1.6945288
Plate1_Drawer1 27-Aug-2025 15-50-24,E9,VC_1154,VC_1154,Hypothetical protein; Identified by Glimmer2; putative.,10,0.1,-3.967907,6.4552445
Plate1_Drawer1 27-Aug-2025 15-50-24,F10,cdgJ,VC_0137,Conserved hypothetical protein; Phosphodiesterase (PDE) that catalyzes the hydrolysis of cyclic diguanylate (c-di-GMP). Positively regulates motility and negatively regulates biofilm formation.,10,0.1,0.45295018,11.057336
Plate1_Drawer1 27-Aug-2025 15-50-24,F11,recO,VC_2459,DNA repair protein RecO; Involved in DNA repair and RecF pathway recombination.,10,0.1,1.9468749,10.756693
Plate1_Drawer1 27-Aug-2025 15-50-24,F12,VC_A0999,VC_A0999,"Transcriptional regulator, TetR family; Similar to GB:U00096 PID:1787354; identified by sequence similarity; putative.",10,0.1,-1.0973417,10.10125
Plate1_Drawer1 27-Aug-2025 15-50-24,F2,VC_2224,VC_2224,GGDEF family protein; Similar to GB:U00096 PID:1787603; identified by sequence similarity; putative.,10,0.1,-4.906967,2.4238908
Plate1_Drawer1 27-Aug-2025 15-50-24,F3,VC_A1099,VC_A1099,"ABC transporter, permease protein; Similar to SP:P33591 GB:X73143 PID:404846 PID:466613 GB:U00096; identified by sequence similarity; putative.",10,0.1,-4.3561783,2.0934029
Plate1_Drawer1 27-Aug-2025 15-50-24,F4,VC_1320,VC_1320,DNA-binding response regulator; Similar to PID:1079807 SP:P52108 GB:U00096 PID:1742647 PID:1742658; identified by sequence similarity; putative.,10,0.1,-5.0059342,2.6785624
Plate1_Drawer1 27-Aug-2025 15-50-24,F5,VC_1319,VC_1319,Sensor histidine kinase; Similar to GB:M36795 SP:P08336 GB:X13307 PID:145590 PID:305015; identified by sequence similarity; putative.,10,0.1,-4.816963,3.6078277
Plate1_Drawer1 27-Aug-2025 15-50-24,F6,VC_A0536,VC_A0536,Conserved hypothetical protein; Identified by Glimmer2; putative.,10,0.1,-4.686114,2.5363426
Plate1_Drawer1 27-Aug-2025 15-50-24,F7,VC_1414,VC_1414,"Thermostable carboxypeptidase 1; Broad specificity carboxypetidase that releases amino acids sequentially from the C-terminus, including neutral, aromatic, polar and basic residues.",10,0.1,-3.0121577,5.477772
Plate1_Drawer1 27-Aug-2025 15-50-24,F8,VC_A0527,VC_A0527,Conserved hypothetical protein; Identified by Glimmer2; putative.,10,0.1,-5.308829,1.8408184
Plate1_Drawer1 27-Aug-2025 15-50-24,F9,argH,VC_2641,Argininosuccinate lyase; Similar to SP:P11447 GB:J01590 GB:M21446 PID:145335 PID:396307; identified by sequence similarity; putative.,10,0.1,-5.3926663,1.8522117
Plate1_Drawer1 27-Aug-2025 15-50-24,G10,rluE,VC_1140,Pseudouridine synthase family 1 protein; Responsible for synthesis of pseudouridine from uracil-2457 in 23S ribosomal RNA; Belongs to the pseudouridine synthase RsuA family.,10,0.1,2.091919,10.24187
Plate1_Drawer1 27-Aug-2025 15-50-24,G11,VC_2524,VC_2524,Conserved hypothetical protein; Catalyzes the hydrolysis of 3-deoxy-D-manno-octulosonate 8- phosphate (KDO 8-P) to 3-deoxy-D-manno-octulosonate (KDO) and inorganic phosphate; Belongs to the KdsC family.,10,0.1,-5.214665,4.125683
Plate1_Drawer1 27-Aug-2025 15-50-24,G12,VC_0900,VC_0900,GGDEF family protein; Similar to PID:1652841; identified by sequence similarity; putative.,10,0.1,7.986695,11.113109
Plate1_Drawer1 27-Aug-2025 15-50-24,G2,VC_A0171,VC_A0171,Conserved hypothetical protein; Identified by Glimmer2; putative.,10,0.1,4.0968723,10.393858
Plate1_Drawer1 27-Aug-2025 15-50-24,G3,fliJ,VC_2129,"Flagellar protein FliJ, putative; Similar to PID:1071644 SP:P52613 GB:U00096 PID:1736608 PID:1788252; identified by sequence similarity; putative.",10,0.1,1.0701356,6.2369576
Plate1_Drawer1 27-Aug-2025 15-50-24,G4,VC_0161,VC_0161,Transcriptional activator IlvY; Similar to GB:L42023 SP:P44821 PID:1005575 PID:1220765 PID:1204932; identified by sequence similarity; putative; Belongs to the LysR transcriptional regulatory family.,10,0.1,1.9779549,10.028671
Plate1_Drawer1 27-Aug-2025 15-50-24,G5,VC_0405,VC_0405,MSHA biogenesis protein MshE; Similar to PID:791156 PID:791159; identified by sequence similarity; putative.,10,0.1,-3.0172908,4.8253226
Plate1_Drawer1 27-Aug-2025 15-50-24,G6,VC_1295,VC_1295,Conserved hypothetical protein; Phosphodiesterase (PDE) that catalyzes the hydrolysis of cyclic diguanylate (c-di-GMP) to GMP in vitro. Increases motility and decreases biofilm formation in vivo.,10,0.1,-5.40527,3.6172278
Plate1_Drawer1 27-Aug-2025 15-50-24,G7,flgD,VC_2198,Basal-body rod modification protein FlgD; Required for flagellar hook formation. May act as a scaffolding protein.,10,0.1,13.703039,-0.31511506
Plate1_Drawer1 27-Aug-2025 15-50-24,G8,manC,VC_0241,Mannose-1-phosphate guanylyltransferase; Similar to GB:X59554 SP:Q07024 PID:48383; identified by sequence similarity; putative.,10,0.1,5.8885045,21.542994
Plate1_Drawer1 27-Aug-2025 15-50-24,H10,trpR,VC_0701,"Trp operon repressor, putative; This protein is an aporepressor. When complexed with L- tryptophan it binds the operator region of the trp operon and prevents the initiation of transcription (By similarity).",10,0.1,-0.63359916,9.667251
Plate1_Drawer1 27-Aug-2025 15-50-24,H11,greA,VC_0634,"Transcription elongation factor GreA; Necessary for efficient RNA polymerase transcription elongation past template-encoded arresting sites. The arresting sites in DNA have the property of trapping a certain fraction of elongating RNA polymerases that pass through, resulting in locked ternary complexes. Cleavage of the nascent transcript by cleavage factors such as GreA or GreB allows the resumption of elongation from the new 3'terminus. GreA releases sequences of 2 to 3 nucleotides.",10,0.1,-1.1258844,5.4251947
Plate1_Drawer1 27-Aug-2025 15-50-24,H12,VC_0419,VC_0419,Cytoplasmic axial filament protein; Similar to SP:P25537 PID:48826 PID:606187 GB:U00096 PID:1789645; identified by sequence similarity; putative.,10,0.1,-1.3393759,5.102517
Plate1_Drawer1 27-Aug-2025 15-50-24,H1,flhG,VC_2067,MinD-related protein; Similar to GP:3695013; identified by sequence similarity; putative. MULTIPLE FILAMENTS,10,0.1,-0.41602215,2.9230068
Plate1_Drawer1 27-Aug-2025 15-50-24,H2,VC_A0940,VC_A0940,"Transcriptional regulator, DeoR family; Similar to SP:P09392 GB:M96795 PID:146186 PID:606358 GB:U00096; identified by sequence similarity; putative.",10,0.1,1.2114853,11.993454
Plate1_Drawer1 27-Aug-2025 15-50-24,H3,ectA,VC_A0825,"L-2,4-diaminobutyric acid acetyltransferase; Catalyzes the acetylation of L-2,4-diaminobutyrate (DABA) to gamma-N-acetyl-alpha,gamma-diaminobutyric acid (ADABA) with acetyl coenzyme A.",10,0.1,-0.90182877,9.621684
Plate1_Drawer1 27-Aug-2025 15-50-24,H4,VC_A0840,VC_A0840,"Deoxycytidylate deaminase, putative; Similar to SP:P33968 GB:X70289 PID:396216; identified by sequence similarity; putative.",10,0.1,-0.8794969,5.9034166
Plate1_Drawer1 27-Aug-2025 15-50-24,H6,VC_2522,VC_2522,Conserved hypothetical protein; Identified by Glimmer2; putative.,10,0.1,-1.1086491,5.8150406
Plate1_Drawer1 27-Aug-2025 15-50-24,H7,glmS,VC_0487,"Glucosamine--fructose-6-phosphate aminotransferase (isomerizing); Catalyzes the first step in hexosamine metabolism, converting fructose-6P into glucosamine-6P using glutamine as a nitrogen source.",10,0.1,-3.3650184,4.922736
Plate1_Drawer1 27-Aug-2025 15-50-24,H8,manA,VC_0269,Mannose-6-phosphate isomerase; Similar to SP:P25081 GB:X57117 PID:48820; identified by sequence similarity; putative; Belongs to the mannose-6-phosphate isomerase type 1 family.,10,0.1,5.854304,21.51876
Plate1_Drawer1 27-Aug-2025 15-50-24,H9,nusB,VC_2267,N utilization substance protein B; Involved in transcription antitermination. Required for transcription of ribosomal RNA (rRNA) genes. Binds specifically to the boxA antiterminator sequence of the ribosomal RNA (rrn) operons.,10,0.1,-2.4177222,5.768281
Plate1_Drawer1 29-Aug-2025 10-37-42,A10,VC_1462,VC_1462,RstB2 protein; Similar to GP:2564358; identified by sequence similarity; putative.,10,0.1,-0.44652894,10.203438
Plate1_Drawer1 29-Aug-2025 10-37-42,A12,wavA,VC_0223,"ADP-heptose--LPS heptosyltransferase II, putative; Similar to GB:L42023 SP:P44011 PID:1003930 PID:1222457 PID:1204774; identified by sequence similarity; putative.",10,0.1,-1.8608382,10.84592
Plate1_Drawer1 29-Aug-2025 10-37-42,A1,ung,VC_2359,uracil-DNA glycosylase; Excises uracil residues from the DNA which can arise as a result of misincorporation of dUMP residues by DNA polymerase or due to deamination of cytosine.,10,0.1,0.55619353,8.234583
Plate1_Drawer1 29-Aug-2025 10-37-42,A2,VC_2453,VC_2453,Sensor histidine kinase/response regulator; Similar to GB:D10888 SP:P26607 PID:216535 PID:882680 GB:U00096; identified by sequence similarity; putative.,10,0.1,0.46807262,7.8435826
Plate1_Drawer1 29-Aug-2025 10-37-42,A3,VC_2311,VC_2311,HesA/MoeB/ThiF family protein; Similar to GB:D21145 PID:471103 PID:882707 GB:U00096 SP:Q46927; identified by sequence similarity; putative.,10,0.1,0.16292518,7.8894277
Plate1_Drawer1 29-Aug-2025 10-37-42,A4,lipA,VC_0943,"Lipoic acid synthetase; Catalyzes the radical-mediated insertion of two sulfur atoms into the C-6 and C-8 positions of the octanoyl moiety bound to the lipoyl domains of lipoate-dependent enzymes, thereby converting the octanoylated domains into lipoylated derivatives.",10,0.1,6.120859,14.683393
Plate1_Drawer1 29-Aug-2025 10-37-42,A5,rsmJ,VC_0073,Conserved hypothetical protein; Specifically methylates the guanosine in position 1516 of 16S rRNA.,10,0.1,0.17929843,8.482983
Plate1_Drawer1 29-Aug-2025 10-37-42,A7,pckA,VC_2738,Phosphoenolpyruvate carboxykinase; Involved in the gluconeogenesis. Catalyzes the conversion of oxaloacetate (OAA) to phosphoenolpyruvate (PEP) through direct phosphoryl transfer between the nucleoside triphosphate and OAA. Belongs to the phosphoenolpyruvate carboxykinase (ATP) family.,10,0.1,3.608174,11.191364
Plate1_Drawer1 29-Aug-2025 10-37-42,A8,rluD,VC_0709,"Ribosomal large subunit pseudouridine synthase D; Responsible for synthesis of pseudouridine from uracil at positions 1911, 1915 and 1917 in 23S ribosomal RNA; Belongs to the pseudouridine synthase RluA family.",10,0.1,-0.9481418,6.1676593
Plate1_Drawer1 29-Aug-2025 10-37-42,B10,flgP,VC_2206,Conserved hypothetical protein; Identified by Glimmer2; putative.,10,0.1,5.8693967,9.518156
Plate1_Drawer1 29-Aug-2025 10-37-42,B11,fliQ,VC_2122,Flagellar biosynthetic protein FliQ; Role in flagellar biosynthesis. Belongs to the FliQ/MopD/SpaQ family.,10,0.1,8.656437,4.724331
Plate1_Drawer1 29-Aug-2025 10-37-42,B12,argF,VC_2508,Ornithine carbamoyltransferase; Reversibly catalyzes the transfer of the carbamoyl group from carbamoyl phosphate (CP) to the N(epsilon) atom of ornithine (ORN) to produce L-citrulline; Belongs to the aspartate/ornithine carbamoyltransferase superfamily. OTCase family.,10,0.1,-2.8202622,9.396397
Plate1_Drawer1 29-Aug-2025 10-37-42,B1,flgB,VC_2200,"Flagellar basal-body rod protein FlgB; Structural component of flagellum, the bacterial motility apparatus. Part of the rod structure of flagellar basal body.",10,0.1,9.418411,6.0974684
Plate1_Drawer1 29-Aug-2025 10-37-42,B2,fliS,VC_2138,Flagellar protein FliS; Similar to GB:U12816 PID:1254205; identified by sequence similarity; putative.,10,0.1,8.781646,4.0844207
Plate1_Drawer1 29-Aug-2025 10-37-42,B3,VC_A1081,VC_A1081,Hypothetical protein; Identified by Glimmer2; putative.,10,0.1,1.7284473,9.396945
Plate1_Drawer1 29-Aug-2025 10-37-42,B4,VC_1909,VC_1909,Hypothetical protein; Identified by Glimmer2; putative.,10,0.1,-1.3517063,7.1993637
Plate1_Drawer1 29-Aug-2025 10-37-42,B5,VC_0449,VC_0449,Methyl-accepting chemotaxis protein; Similar to GB:X61367 PID:48195; identified by sequence similarity; putative.,10,0.1,-2.718059,9.00537
Plate1_Drawer1 29-Aug-2025 10-37-42,B6,VC_1498,VC_1498,Conserved hypothetical protein; Identified by Glimmer2; putative.,10,0.1,-1.5987937,10.012211
Plate1_Drawer1 29-Aug-2025 10-37-42,B7,VC_2756,VC_2756,Potassium uptake protein TrkH; Low-affinity potassium transport system. Interacts with Trk system potassium uptake protein TrkA; Belongs to the TrkH potassium transport family.,10,0.1,2.089273,10.537245
Plate1_Drawer1 29-Aug-2025 10-37-42,B8,VC_0113,VC_0113,Methyltransferase-related protein; Similar to SP:P37431 PID:295895; identified by sequence similarity; putative.,10,0.1,2.314124,10.798312
Plate1_Drawer1 29-Aug-2025 10-37-42,B9,VC_1423,VC_1423,Hypothetical protein; Identified by Glimmer2; putative.,10,0.1,-2.8669424,3.6059046
Plate1_Drawer1 29-Aug-2025 10-37-42,C10,epsC,VC_2734,"General secretion pathway protein C; Involved in a type II secretion system (T2SS, formerly general secretion pathway, GSP) for the export of proteins (By similarity). Required for secretion of cholera toxin through the outer membrane.",10,0.1,-4.0614924,0.97684336
Plate1_Drawer1 29-Aug-2025 10-37-42,C11,proQ,VC_1497,"Conserved hypothetical protein; RNA chaperone with significant RNA binding, RNA strand exchange and RNA duplexing activities; Belongs to the ProQ family.",10,0.1,-3.9158938,3.5567646
Plate1_Drawer1 29-Aug-2025 10-37-42,C12,VC_2627,VC_2627,DamX-related protein; Similar to SP:P11557 GB:Z19601 PID:41226 PID:43274 PID:606322; identified by sequence similarity; putative.,10,0.1,-1.371772,6.447349
Plate1_Drawer1 29-Aug-2025 10-37-42,C1,VC_A0588,VC_A0588,"Peptide ABC transporter, ATP-binding protein, putative; Similar to SP:P33916 PID:405909 GB:U00096 PID:1736845 PID:1788506; identified by sequence similarity; putative; Belongs to the ABC transporter superfamily.",10,0.1,-3.7772155,5.138872
Plate1_Drawer1 29-Aug-2025 10-37-42,C2,gshB,VC_0468,Glutathione synthetase; Similar to SP:P04425 GB:X01666 PID:41625 PID:882476 GB:U00096; identified by sequence similarity; putative.,10,0.1,2.1418624,15.3505335
Plate1_Drawer1 29-Aug-2025 10-37-42,C3,potB,VC_1427,"Spermidine/putrescine ABC transporter, permease protein; Similar to GB:M64519 SP:P23860 PID:147327 GB:U00096 PID:1651552; identified by sequence similarity; putative.",10,0.1,0.86082524,6.429399
Plate1_Drawer1 29-Aug-2025 10-37-42,C5,glyQ,VC_0021,"glycyl-tRNA synthetase, alpha chain; Similar to SP:P00960 GB:J01622 PID:146222 PID:146225 PID:466698; identified by sequence similarity; putative.",10,0.1,-1.3706962,8.737303
Plate1_Drawer1 29-Aug-2025 10-37-42,C6,VC_0462,VC_0462,Twitching motility protein PilT; Similar to SP:P24559 GB:X67095 PID:151490; identified by sequence similarity; putative.,10,0.1,0.33332068,7.6909003
Plate1_Drawer1 29-Aug-2025 10-37-42,C8,VC_0399,VC_0399,MSHA biogenesis protein MshI; Similar to PID:791156 PID:791153; identified by sequence similarity; putative.,10,0.1,0.22807226,8.580663
Plate1_Drawer1 29-Aug-2025 10-37-42,C9,fliD,VC_2140,"Flagellar hook-associated protein FliD; FILAMENT CAP Required for the morphogenesis and for the elongation of the flagellar filament by facilitating polymerization of the flagellin monomers at the tip of growing filament. Forms a capping structure, which prevents flagellin subunits (transported through the central channel of the flagellum) from leaking out without polymerization at the distal end (By similarity).",10,0.1,-1.1397568,5.1701336
Plate1_Drawer1 29-Aug-2025 10-37-42,D10,VC_2270,VC_2270,Riboflavin,10,0.1,0.9333558,14.753155
Plate1_Drawer1 29-Aug-2025 10-37-42,D12,wbeG,VC_0245,rfbG protein; Similar to GB:X59554 PID:48387; identified by sequence similarity; putative.,10,0.1,0.046389904,12.119643
Plate1_Drawer1 29-Aug-2025 10-37-42,D1,VC_0196,VC_0196,ATP-dependent DNA helicase RecQ; Similar to GB:M87049 SP:P15043 GB:M30198 PID:147559 PID:148221; identified by sequence similarity; putative.,10,0.1,0.0499972,10.276022
Plate1_Drawer1 29-Aug-2025 10-37-42,D2,VC_1933,VC_1933,Hypothetical protein; Identified by Glimmer2; putative.,10,0.1,0.31936017,7.9159355
Plate1_Drawer1 29-Aug-2025 10-37-42,D3,VC_A0001,VC_A0001,Hypothetical protein; Identified by Glimmer2; putative.,10,0.1,-2.7216296,5.4722877
Plate1_Drawer1 29-Aug-2025 10-37-42,D5,pilC,VC_2425,Type IV pilin biogenesis protein PilC; Involved in the translocation of the type IV pilin; Belongs to the GSP F family.,10,0.1,-1.2543097,9.696799
Plate1_Drawer1 29-Aug-2025 10-37-42,E10,VC_1887,VC_1887,Hypothetical protein; Identified by Glimmer2; putative.,10,0.1,7.4421034,12.493009
Plate1_Drawer1 29-Aug-2025 10-37-42,E11,VC_A0620,VC_A0620,"Thiosulfate sulfurtransferase SseA, putative; Similar to SP:P31142 GB:U00096 PID:1788869 PID:1799924; identified by sequence similarity; putative.",10,0.1,-4.2462735,1.5772147
Plate1_Drawer1 29-Aug-2025 10-37-42,E12,trmJ,VC_0746,"RNA methyltransferase, TrmH family; Catalyzes the formation of 2'O-methylated cytidine (Cm32) or 2'O-methylated uridine (Um32) at position 32 in tRNA.",10,0.1,-5.241539,3.1375723
Plate1_Drawer1 29-Aug-2025 10-37-42,E1,VC_A0759,VC_A0759,"Arginine ABC transporter, periplasmic arginine-binding protein; Similar to SP:P30859 GB:X67753 GB:X86160 PID:40931 PID:769791; identified by sequence similarity; putative; Belongs to the bacterial solute-binding protein 3 family.",10,0.1,-0.07898959,10.386148
Plate1_Drawer1 29-Aug-2025 10-37-42,E2,VC_A0785,VC_A0785,GGDEF family protein; Similar to PID:1651932; identified by sequence similarity; putative.,10,0.1,3.4643912,11.083148
Plate1_Drawer1 29-Aug-2025 10-37-42,E3,fliE,VC_2134,Flagellar hook-basal body complex protein FliE; Similar to PID:2338730; identified by sequence similarity; putative.,10,0.1,4.1240826,10.243816
Plate1_Drawer1 29-Aug-2025 10-37-42,E4,VC_1581,VC_1581,"NADH dehydrogenase, putative; Similar to SP:P33607 PID:397909 GB:U00096 PID:1788614 PID:1799638; identified by sequence similarity; putative.",10,0.1,-0.6285045,8.346647
Plate1_Drawer1 29-Aug-2025 10-37-42,E5,fliP,VC_2123,Flagellar biosynthetic protein FliP; Plays a role in the flagellum-specific transport system. Belongs to the FliP/MopC/SpaP family.,10,0.1,8.950052,3.2940867
Plate1_Drawer1 29-Aug-2025 10-37-42,E6,lpxM,VC_0212,Lipid A biosynthesis (kdo)2-(lauroyl)-lipid IVA acyltransferase; Catalyzes the transfer of myristate from myristoyl-acyl carrier protein (ACP) to Kdo(2)-(lauroyl)-lipid IV(A) to form Kdo(2)- lipid A.,10,0.1,3.90859,9.1889305
Plate1_Drawer1 29-Aug-2025 10-37-42,F10,cdgJ,VC_0137,Conserved hypothetical protein; Phosphodiesterase (PDE) that catalyzes the hydrolysis of cyclic diguanylate (c-di-GMP). Positively regulates motility and negatively regulates biofilm formation.,10,0.1,-1.5550407,5.692651
Plate1_Drawer1 29-Aug-2025 10-37-42,F11,recO,VC_2459,DNA repair protein RecO; Involved in DNA repair and RecF pathway recombination.,10,0.1,2.5145109,11.072163
Plate1_Drawer1 29-Aug-2025 10-37-42,F12,VC_A0999,VC_A0999,"Transcriptional regulator, TetR family; Similar to GB:U00096 PID:1787354; identified by sequence similarity; putative.",10,0.1,-3.0993798,9.342499
Plate1_Drawer1 29-Aug-2025 10-37-42,F2,VC_2224,VC_2224,GGDEF family protein; Similar to GB:U00096 PID:1787603; identified by sequence similarity; putative.,10,0.1,-5.2098165,3.7746584
Plate1_Drawer1 29-Aug-2025 10-37-42,F3,VC_A1099,VC_A1099,"ABC transporter, permease protein; Similar to SP:P33591 GB:X73143 PID:404846 PID:466613 GB:U00096; identified by sequence similarity; putative.",10,0.1,-3.9921467,1.0183094
Plate1_Drawer1 29-Aug-2025 10-37-42,F4,VC_1320,VC_1320,DNA-binding response regulator; Similar to PID:1079807 SP:P52108 GB:U00096 PID:1742647 PID:1742658; identified by sequence similarity; putative.,10,0.1,-5.589675,3.8374348
Plate1_Drawer1 29-Aug-2025 10-37-42,F5,VC_1319,VC_1319,Sensor histidine kinase; Similar to GB:M36795 SP:P08336 GB:X13307 PID:145590 PID:305015; identified by sequence similarity; putative.,10,0.1,-4.9014907,2.7867193
Plate1_Drawer1 29-Aug-2025 10-37-42,F6,VC_A0536,VC_A0536,Conserved hypothetical protein; Identified by Glimmer2; putative.,10,0.1,-2.9330132,5.1135807
Plate1_Drawer1 29-Aug-2025 10-37-42,F7,VC_1414,VC_1414,"Thermostable carboxypeptidase 1; Broad specificity carboxypetidase that releases amino acids sequentially from the C-terminus, including neutral, aromatic, polar and basic residues.",10,0.1,-5.0840034,5.135823
Plate1_Drawer1 29-Aug-2025 10-37-42,F8,VC_A0527,VC_A0527,Conserved hypothetical protein; Identified by Glimmer2; putative.,10,0.1,-5.5093546,6.425977
Plate1_Drawer1 29-Aug-2025 10-37-42,F9,argH,VC_2641,Argininosuccinate lyase; Similar to SP:P11447 GB:J01590 GB:M21446 PID:145335 PID:396307; identified by sequence similarity; putative.,10,0.1,-3.8959951,1.1184845
Plate1_Drawer1 29-Aug-2025 10-37-42,G10,rluE,VC_1140,Pseudouridine synthase family 1 protein; Responsible for synthesis of pseudouridine from uracil-2457 in 23S ribosomal RNA; Belongs to the pseudouridine synthase RsuA family.,10,0.1,2.604287,11.060993
Plate1_Drawer1 29-Aug-2025 10-37-42,G11,VC_2524,VC_2524,Conserved hypothetical protein; Catalyzes the hydrolysis of 3-deoxy-D-manno-octulosonate 8- phosphate (KDO 8-P) to 3-deoxy-D-manno-octulosonate (KDO) and inorganic phosphate; Belongs to the KdsC family.,10,0.1,-5.326444,4.0499997
Plate1_Drawer1 29-Aug-2025 10-37-42,G12,VC_0900,VC_0900,GGDEF family protein; Similar to PID:1652841; identified by sequence similarity; putative.,10,0.1,7.970767,11.092528
Plate1_Drawer1 29-Aug-2025 10-37-42,G2,VC_A0171,VC_A0171,Conserved hypothetical protein; Identified by Glimmer2; putative.,10,0.1,3.1277103,11.098772
Plate1_Drawer1 29-Aug-2025 10-37-42,G3,fliJ,VC_2129,"Flagellar protein FliJ, putative; Similar to PID:1071644 SP:P52613 GB:U00096 PID:1736608 PID:1788252; identified by sequence similarity; putative.",10,0.1,2.6887834,9.401946
Plate1_Drawer1 29-Aug-2025 10-37-42,G4,VC_0161,VC_0161,Transcriptional activator IlvY; Similar to GB:L42023 SP:P44821 PID:1005575 PID:1220765 PID:1204932; identified by sequence similarity; putative; Belongs to the LysR transcriptional regulatory family.,10,0.1,1.7080187,10.691783
Plate1_Drawer1 29-Aug-2025 10-37-42,G5,VC_0405,VC_0405,MSHA biogenesis protein MshE; Similar to PID:791156 PID:791159; identified by sequence similarity; putative.,10,0.1,-2.0331998,5.8350306
Plate1_Drawer1 29-Aug-2025 10-37-42,G6,VC_1295,VC_1295,Conserved hypothetical protein; Phosphodiesterase (PDE) that catalyzes the hydrolysis of cyclic diguanylate (c-di-GMP) to GMP in vitro. Increases motility and decreases biofilm formation in vivo.,10,0.1,-5.274872,5.6631293
Plate1_Drawer1 29-Aug-2025 10-37-42,G7,flgD,VC_2198,Basal-body rod modification protein FlgD; Required for flagellar hook formation. May act as a scaffolding protein.,10,0.1,13.704379,-0.31668758
Plate1_Drawer1 29-Aug-2025 10-37-42,G8,manC,VC_0241,Mannose-1-phosphate guanylyltransferase; Similar to GB:X59554 SP:Q07024 PID:48383; identified by sequence similarity; putative.,10,0.1,5.8684855,21.519127
Plate1_Drawer1 29-Aug-2025 10-37-42,H10,trpR,VC_0701,"Trp operon repressor, putative; This protein is an aporepressor. When complexed with L- tryptophan it binds the operator region of the trp operon and prevents the initiation of transcription (By similarity).",10,0.1,1.7863759,11.288275
Plate1_Drawer1 29-Aug-2025 10-37-42,H11,greA,VC_0634,"Transcription elongation factor GreA; Necessary for efficient RNA polymerase transcription elongation past template-encoded arresting sites. The arresting sites in DNA have the property of trapping a certain fraction of elongating RNA polymerases that pass through, resulting in locked ternary complexes. Cleavage of the nascent transcript by cleavage factors such as GreA or GreB allows the resumption of elongation from the new 3'terminus. GreA releases sequences of 2 to 3 nucleotides.",10,0.1,-3.0322402,4.754475
Plate1_Drawer1 29-Aug-2025 10-37-42,H1,flhG,VC_2067,MinD-related protein; Similar to GP:3695013; identified by sequence similarity; putative. MULTIPLE FILAMENTS,10,0.1,-0.5201417,2.8308225
Plate1_Drawer1 29-Aug-2025 10-37-42,H2,VC_A0940,VC_A0940,"Transcriptional regulator, DeoR family; Similar to SP:P09392 GB:M96795 PID:146186 PID:606358 GB:U00096; identified by sequence similarity; putative.",10,0.1,2.9457386,9.694544
Plate1_Drawer1 29-Aug-2025 10-37-42,H3,ectA,VC_A0825,"L-2,4-diaminobutyric acid acetyltransferase; Catalyzes the acetylation of L-2,4-diaminobutyrate (DABA) to gamma-N-acetyl-alpha,gamma-diaminobutyric acid (ADABA) with acetyl coenzyme A.",10,0.1,-0.6958754,9.658549
Plate1_Drawer1 29-Aug-2025 10-37-42,H4,VC_A0840,VC_A0840,"Deoxycytidylate deaminase, putative; Similar to SP:P33968 GB:X70289 PID:396216; identified by sequence similarity; putative.",10,0.1,-0.93754196,5.92793
Plate1_Drawer1 29-Aug-2025 10-37-42,H6,VC_2522,VC_2522,Conserved hypothetical protein; Identified by Glimmer2; putative.,10,0.1,-1.0506124,5.8359675
Plate1_Drawer1 29-Aug-2025 10-37-42,H8,manA,VC_0269,Mannose-6-phosphate isomerase; Similar to SP:P25081 GB:X57117 PID:48820; identified by sequence similarity; putative; Belongs to the mannose-6-phosphate isomerase type 1 family.,10,0.1,5.9406524,21.430746
Plate1_Drawer1 29-Aug-2025 10-37-42,H9,nusB,VC_2267,N utilization substance protein B; Involved in transcription antitermination. Required for transcription of ribosomal RNA (rRNA) genes. Binds specifically to the boxA antiterminator sequence of the ribosomal RNA (rrn) operons.,10,0.1,-3.2577477,4.523978
Plate1_Drawer1 31-Jul-2025 10-10-52,A10,VC_1462,VC_1462,RstB2 protein; Similar to GP:2564358; identified by sequence similarity; putative.,10,0.1,0.32324076,10.655081
Plate1_Drawer1 31-Jul-2025 10-10-52,A12,wavA,VC_0223,"ADP-heptose--LPS heptosyltransferase II, putative; Similar to GB:L42023 SP:P44011 PID:1003930 PID:1222457 PID:1204774; identified by sequence similarity; putative.",10,0.1,0.750576,11.281136
Plate1_Drawer1 31-Jul-2025 10-10-52,A1,ung,VC_2359,uracil-DNA glycosylase; Excises uracil residues from the DNA which can arise as a result of misincorporation of dUMP residues by DNA polymerase or due to deamination of cytosine.,10,0.1,0.9617349,12.877805
Plate1_Drawer1 31-Jul-2025 10-10-52,A2,VC_2453,VC_2453,Sensor histidine kinase/response regulator; Similar to GB:D10888 SP:P26607 PID:216535 PID:882680 GB:U00096; identified by sequence similarity; putative.,10,0.1,0.6748787,8.536115
Plate1_Drawer1 31-Jul-2025 10-10-52,A3,VC_2311,VC_2311,HesA/MoeB/ThiF family protein; Similar to GB:D21145 PID:471103 PID:882707 GB:U00096 SP:Q46927; identified by sequence similarity; putative.,10,0.1,8.882038,1.1211108
Plate1_Drawer1 31-Jul-2025 10-10-52,A4,lipA,VC_0943,"Lipoic acid synthetase; Catalyzes the radical-mediated insertion of two sulfur atoms into the C-6 and C-8 positions of the octanoyl moiety bound to the lipoyl domains of lipoate-dependent enzymes, thereby converting the octanoylated domains into lipoylated derivatives.",10,0.1,5.9351287,15.472333
Plate1_Drawer1 31-Jul-2025 10-10-52,A5,rsmJ,VC_0073,Conserved hypothetical protein; Specifically methylates the guanosine in position 1516 of 16S rRNA.,10,0.1,-3.1315317,8.379811
Plate1_Drawer1 31-Jul-2025 10-10-52,A6,potC,VC_1426,"Spermidine/putrescine ABC transporter, permease protein; Similar to GB:M64519 SP:P23859 PID:147328 GB:U00096 PID:1651551; identified by sequence similarity; putative.",10,0.1,-0.02543442,9.813403
Plate1_Drawer1 31-Jul-2025 10-10-52,A7,pckA,VC_2738,Phosphoenolpyruvate carboxykinase; Involved in the gluconeogenesis. Catalyzes the conversion of oxaloacetate (OAA) to phosphoenolpyruvate (PEP) through direct phosphoryl transfer between the nucleoside triphosphate and OAA. Belongs to the phosphoenolpyruvate carboxykinase (ATP) family.,10,0.1,3.4431326,12.168322
Plate1_Drawer1 31-Jul-2025 10-10-52,A8,rluD,VC_0709,"Ribosomal large subunit pseudouridine synthase D; Responsible for synthesis of pseudouridine from uracil at positions 1911, 1915 and 1917 in 23S ribosomal RNA; Belongs to the pseudouridine synthase RluA family.",10,0.1,0.49760264,9.306238
Plate1_Drawer1 31-Jul-2025 10-10-52,B10,flgP,VC_2206,Conserved hypothetical protein; Identified by Glimmer2; putative.,10,0.1,6.0307126,9.855912
Plate1_Drawer1 31-Jul-2025 10-10-52,B11,fliQ,VC_2122,Flagellar biosynthetic protein FliQ; Role in flagellar biosynthesis. Belongs to the FliQ/MopD/SpaQ family.,10,0.1,8.559116,4.728477
Plate1_Drawer1 31-Jul-2025 10-10-52,B12,argF,VC_2508,Ornithine carbamoyltransferase; Reversibly catalyzes the transfer of the carbamoyl group from carbamoyl phosphate (CP) to the N(epsilon) atom of ornithine (ORN) to produce L-citrulline; Belongs to the aspartate/ornithine carbamoyltransferase superfamily. OTCase family.,10,0.1,-3.5567741,9.123954
Plate1_Drawer1 31-Jul-2025 10-10-52,B1,flgB,VC_2200,"Flagellar basal-body rod protein FlgB; Structural component of flagellum, the bacterial motility apparatus. Part of the rod structure of flagellar basal body.",10,0.1,9.553389,4.2826223
Plate1_Drawer1 31-Jul-2025 10-10-52,B2,fliS,VC_2138,Flagellar protein FliS; Similar to GB:U12816 PID:1254205; identified by sequence similarity; putative.,10,0.1,9.162093,2.4691575
Plate1_Drawer1 31-Jul-2025 10-10-52,B3,VC_A1081,VC_A1081,Hypothetical protein; Identified by Glimmer2; putative.,10,0.1,1.6384836,9.148193
Plate1_Drawer1 31-Jul-2025 10-10-52,B4,VC_1909,VC_1909,Hypothetical protein; Identified by Glimmer2; putative.,10,0.1,0.461617,12.006798
Plate1_Drawer1 31-Jul-2025 10-10-52,B5,VC_0449,VC_0449,Methyl-accepting chemotaxis protein; Similar to GB:X61367 PID:48195; identified by sequence similarity; putative.,10,0.1,-3.2774577,8.322702
Plate1_Drawer1 31-Jul-2025 10-10-52,B6,VC_1498,VC_1498,Conserved hypothetical protein; Identified by Glimmer2; putative.,10,0.1,0.9950541,10.945016
Plate1_Drawer1 31-Jul-2025 10-10-52,B7,VC_2756,VC_2756,Potassium uptake protein TrkH; Low-affinity potassium transport system. Interacts with Trk system potassium uptake protein TrkA; Belongs to the TrkH potassium transport family.,10,0.1,1.6448554,10.811961
Plate1_Drawer1 31-Jul-2025 10-10-52,B8,VC_0113,VC_0113,Methyltransferase-related protein; Similar to SP:P37431 PID:295895; identified by sequence similarity; putative.,10,0.1,2.6601875,11.947847
Plate1_Drawer1 31-Jul-2025 10-10-52,B9,VC_1423,VC_1423,Hypothetical protein; Identified by Glimmer2; putative.,10,0.1,-1.6831635,5.5202966
Plate1_Drawer1 31-Jul-2025 10-10-52,C10,epsC,VC_2734,"General secretion pathway protein C; Involved in a type II secretion system (T2SS, formerly general secretion pathway, GSP) for the export of proteins (By similarity). Required for secretion of cholera toxin through the outer membrane.",10,0.1,-5.4956007,4.8738756
Plate1_Drawer1 31-Jul-2025 10-10-52,C11,proQ,VC_1497,"Conserved hypothetical protein; RNA chaperone with significant RNA binding, RNA strand exchange and RNA duplexing activities; Belongs to the ProQ family.",10,0.1,-3.8979607,3.6325123
Plate1_Drawer1 31-Jul-2025 10-10-52,C12,VC_2627,VC_2627,DamX-related protein; Similar to SP:P11557 GB:Z19601 PID:41226 PID:43274 PID:606322; identified by sequence similarity; putative.,10,0.1,-2.7884843,4.1798253
Plate1_Drawer1 31-Jul-2025 10-10-52,C1,VC_A0588,VC_A0588,"Peptide ABC transporter, ATP-binding protein, putative; Similar to SP:P33916 PID:405909 GB:U00096 PID:1736845 PID:1788506; identified by sequence similarity; putative; Belongs to the ABC transporter superfamily.",10,0.1,-5.3134885,6.5027847
Plate1_Drawer1 31-Jul-2025 10-10-52,C2,gshB,VC_0468,Glutathione synthetase; Similar to SP:P04425 GB:X01666 PID:41625 PID:882476 GB:U00096; identified by sequence similarity; putative.,10,0.1,2.1833806,15.383244
Plate1_Drawer1 31-Jul-2025 10-10-52,C3,potB,VC_1427,"Spermidine/putrescine ABC transporter, permease protein; Similar to GB:M64519 SP:P23860 PID:147327 GB:U00096 PID:1651552; identified by sequence similarity; putative.",10,0.1,4.239282,11.66395
Plate1_Drawer1 31-Jul-2025 10-10-52,C4,flgE,VC_2197,Flagellar hook protein FlgE; Similar to GB:X51737 SP:P16322 GB:X52093 PID:47673; identified by sequence similarity; putative.,10,0.1,9.301359,1.8480645
Plate1_Drawer1 31-Jul-2025 10-10-52,C5,glyQ,VC_0021,"glycyl-tRNA synthetase, alpha chain; Similar to SP:P00960 GB:J01622 PID:146222 PID:146225 PID:466698; identified by sequence similarity; putative.",10,0.1,-2.1156123,8.811763
Plate1_Drawer1 31-Jul-2025 10-10-52,C6,VC_0462,VC_0462,Twitching motility protein PilT; Similar to SP:P24559 GB:X67095 PID:151490; identified by sequence similarity; putative.,10,0.1,0.29083604,11.7084055
Plate1_Drawer1 31-Jul-2025 10-10-52,C7,flhA,VC_2069,"Flagellar biosynthetic protein FlhA; Required for formation of the rod structure of the flagellar apparatus. Together with FliI and FliH, may constitute the export apparatus of flagellin; Belongs to the FHIPEP (flagella/HR/invasion proteins export pore) family.",10,0.1,8.755529,4.884993
Plate1_Drawer1 31-Jul-2025 10-10-52,C8,VC_0399,VC_0399,MSHA biogenesis protein MshI; Similar to PID:791156 PID:791153; identified by sequence similarity; putative.,10,0.1,1.0120696,13.094142
Plate1_Drawer1 31-Jul-2025 10-10-52,C9,fliD,VC_2140,"Flagellar hook-associated protein FliD; FILAMENT CAP Required for the morphogenesis and for the elongation of the flagellar filament by facilitating polymerization of the flagellin monomers at the tip of growing filament. Forms a capping structure, which prevents flagellin subunits (transported through the central channel of the flagellum) from leaking out without polymerization at the distal end (By similarity).",10,0.1,-0.02002501,8.836412
Plate1_Drawer1 31-Jul-2025 10-10-52,D11,VC_2718; VC_2719,VC_2718; VC_2719,,10,0.1,10.2410555,12.806086
Plate1_Drawer1 31-Jul-2025 10-10-52,D12,wbeG,VC_0245,rfbG protein; Similar to GB:X59554 PID:48387; identified by sequence similarity; putative.,10,0.1,-2.1059248,13.692675
Plate1_Drawer1 31-Jul-2025 10-10-52,D1,VC_0196,VC_0196,ATP-dependent DNA helicase RecQ; Similar to GB:M87049 SP:P15043 GB:M30198 PID:147559 PID:148221; identified by sequence similarity; putative.,10,0.1,2.231279,11.996755
Plate1_Drawer1 31-Jul-2025 10-10-52,D2,VC_1933,VC_1933,Hypothetical protein; Identified by Glimmer2; putative.,10,0.1,8.851485,1.0876964
Plate1_Drawer1 31-Jul-2025 10-10-52,D3,VC_A0001,VC_A0001,Hypothetical protein; Identified by Glimmer2; putative.,10,0.1,-1.6011815,7.412493
Plate1_Drawer1 31-Jul-2025 10-10-52,D4,fadR,VC_1900,Fatty acid metabolism regulator protein; Multifunctional regulator of fatty acid metabolism.,10,0.1,6.3026886,14.5021105
Plate1_Drawer1 31-Jul-2025 10-10-52,D5,pilC,VC_2425,Type IV pilin biogenesis protein PilC; Involved in the translocation of the type IV pilin; Belongs to the GSP F family.,10,0.1,-3.2568476,8.940045
Plate1_Drawer1 31-Jul-2025 10-10-52,D6,pta,VC_1097,Phosphate acetyltransferase; Involved in acetate metabolism; In the N-terminal section; belongs to the CobB/CobQ family.,10,0.1,-5.1491942,5.4485826
Plate1_Drawer1 31-Jul-2025 10-10-52,D7,VC_A0800,VC_A0800,creA protein; Similar to SP:P08367 GB:M13608 PID:147249 PID:147691 PID:537237; identified by sequence similarity; putative.,10,0.1,4.153653,11.686821
Plate1_Drawer1 31-Jul-2025 10-10-52,D8,wzt,VC_0247,lipopolysaccharide/O-antigen transport protein; Similar to GB:X59554 PID:48389; identified by sequence similarity; putative.,10,0.1,-2.045379,10.631203
Plate1_Drawer1 31-Jul-2025 10-10-52,D9,wbeM,VC_0250,Iron-containing alcohol dehydrogenase family protein RfbM; Similar to GB:M26941 SP:P13604 PID:144714; identified by sequence similarity; putative.,10,0.1,-1.450955,11.500621
Plate1_Drawer1 31-Jul-2025 10-10-52,E10,VC_1887,VC_1887,Hypothetical protein; Identified by Glimmer2; putative.,10,0.1,7.458883,12.512728
Plate1_Drawer1 31-Jul-2025 10-10-52,E11,VC_A0620,VC_A0620,"Thiosulfate sulfurtransferase SseA, putative; Similar to SP:P31142 GB:U00096 PID:1788869 PID:1799924; identified by sequence similarity; putative.",10,0.1,-3.3461359,4.9879894
Plate1_Drawer1 31-Jul-2025 10-10-52,E12,trmJ,VC_0746,"RNA methyltransferase, TrmH family; Catalyzes the formation of 2'O-methylated cytidine (Cm32) or 2'O-methylated uridine (Um32) at position 32 in tRNA.",10,0.1,-5.305374,4.709815
Plate1_Drawer1 31-Jul-2025 10-10-52,E1,VC_A0759,VC_A0759,"Arginine ABC transporter, periplasmic arginine-binding protein; Similar to SP:P30859 GB:X67753 GB:X86160 PID:40931 PID:769791; identified by sequence similarity; putative; Belongs to the bacterial solute-binding protein 3 family.",10,0.1,-0.7059888,9.463187
Plate1_Drawer1 31-Jul-2025 10-10-52,E2,VC_A0785,VC_A0785,GGDEF family protein; Similar to PID:1651932; identified by sequence similarity; putative.,10,0.1,3.14634,10.204641
Plate1_Drawer1 31-Jul-2025 10-10-52,E3,fliE,VC_2134,Flagellar hook-basal body complex protein FliE; Similar to PID:2338730; identified by sequence similarity; putative.,10,0.1,8.9728775,4.1948786
Plate1_Drawer1 31-Jul-2025 10-10-52,E4,VC_1581,VC_1581,"NADH dehydrogenase, putative; Similar to SP:P33607 PID:397909 GB:U00096 PID:1788614 PID:1799638; identified by sequence similarity; putative.",10,0.1,-2.0960164,5.9374037
Plate1_Drawer1 31-Jul-2025 10-10-52,E5,fliP,VC_2123,Flagellar biosynthetic protein FliP; Plays a role in the flagellum-specific transport system. Belongs to the FliP/MopC/SpaP family.,10,0.1,8.98863,3.4015405
Plate1_Drawer1 31-Jul-2025 10-10-52,E6,lpxM,VC_0212,Lipid A biosynthesis (kdo)2-(lauroyl)-lipid IVA acyltransferase; Catalyzes the transfer of myristate from myristoyl-acyl carrier protein (ACP) to Kdo(2)-(lauroyl)-lipid IV(A) to form Kdo(2)- lipid A.,10,0.1,3.890832,9.242316
Plate1_Drawer1 31-Jul-2025 10-10-52,E7,VC_2714,VC_2714,Transcriptional regulator OmpR; Similar to PID:2108342; identified by sequence similarity; putative.,10,0.1,-5.42886,4.4856243
Plate1_Drawer1 31-Jul-2025 10-10-52,E9,VC_1154,VC_1154,Hypothetical protein; Identified by Glimmer2; putative.,10,0.1,-4.3441205,6.1696653
Plate1_Drawer1 31-Jul-2025 10-10-52,F10,cdgJ,VC_0137,Conserved hypothetical protein; Phosphodiesterase (PDE) that catalyzes the hydrolysis of cyclic diguanylate (c-di-GMP). Positively regulates motility and negatively regulates biofilm formation.,10,0.1,0.6600235,12.068615
Plate1_Drawer1 31-Jul-2025 10-10-52,F11,recO,VC_2459,DNA repair protein RecO; Involved in DNA repair and RecF pathway recombination.,10,0.1,1.1392983,10.361794
Plate1_Drawer1 31-Jul-2025 10-10-52,F12,VC_A0999,VC_A0999,"Transcriptional regulator, TetR family; Similar to GB:U00096 PID:1787354; identified by sequence similarity; putative.",10,0.1,-1.0875276,10.291036
Plate1_Drawer1 31-Jul-2025 10-10-52,F2,VC_2224,VC_2224,GGDEF family protein; Similar to GB:U00096 PID:1787603; identified by sequence similarity; putative.,10,0.1,-5.1687765,1.9313937
Plate1_Drawer1 31-Jul-2025 10-10-52,F3,VC_A1099,VC_A1099,"ABC transporter, permease protein; Similar to SP:P33591 GB:X73143 PID:404846 PID:466613 GB:U00096; identified by sequence similarity; putative.",10,0.1,-5.4168534,4.6103396
Plate1_Drawer1 31-Jul-2025 10-10-52,F4,VC_1320,VC_1320,DNA-binding response regulator; Similar to PID:1079807 SP:P52108 GB:U00096 PID:1742647 PID:1742658; identified by sequence similarity; putative.,10,0.1,-5.364504,3.3180647
Plate1_Drawer1 31-Jul-2025 10-10-52,F5,VC_1319,VC_1319,Sensor histidine kinase; Similar to GB:M36795 SP:P08336 GB:X13307 PID:145590 PID:305015; identified by sequence similarity; putative.,10,0.1,-5.4054418,4.381033
Plate1_Drawer1 31-Jul-2025 10-10-52,F6,VC_A0536,VC_A0536,Conserved hypothetical protein; Identified by Glimmer2; putative.,10,0.1,-2.5136487,5.7303724
Plate1_Drawer1 31-Jul-2025 10-10-52,F7,VC_1414,VC_1414,"Thermostable carboxypeptidase 1; Broad specificity carboxypetidase that releases amino acids sequentially from the C-terminus, including neutral, aromatic, polar and basic residues.",10,0.1,-5.290239,5.69804
Plate1_Drawer1 31-Jul-2025 10-10-52,F8,VC_A0527,VC_A0527,Conserved hypothetical protein; Identified by Glimmer2; putative.,10,0.1,-5.520502,3.8301945
Plate1_Drawer1 31-Jul-2025 10-10-52,F9,argH,VC_2641,Argininosuccinate lyase; Similar to SP:P11447 GB:J01590 GB:M21446 PID:145335 PID:396307; identified by sequence similarity; putative.,10,0.1,-5.289095,5.8367715
Plate1_Drawer1 31-Jul-2025 10-10-52,G10,rluE,VC_1140,Pseudouridine synthase family 1 protein; Responsible for synthesis of pseudouridine from uracil-2457 in 23S ribosomal RNA; Belongs to the pseudouridine synthase RsuA family.,10,0.1,1.0388001,11.206868
Plate1_Drawer1 31-Jul-2025 10-10-52,G11,VC_2524,VC_2524,Conserved hypothetical protein; Catalyzes the hydrolysis of 3-deoxy-D-manno-octulosonate 8- phosphate (KDO 8-P) to 3-deoxy-D-manno-octulosonate (KDO) and inorganic phosphate; Belongs to the KdsC family.,10,0.1,-6.5444274,4.6528916
Plate1_Drawer1 31-Jul-2025 10-10-52,G12,VC_0900,VC_0900,GGDEF family protein; Similar to PID:1652841; identified by sequence similarity; putative.,10,0.1,7.978384,11.109439
Plate1_Drawer1 31-Jul-2025 10-10-52,G2,VC_A0171,VC_A0171,Conserved hypothetical protein; Identified by Glimmer2; putative.,10,0.1,2.6951156,10.65915
Plate1_Drawer1 31-Jul-2025 10-10-52,G3,fliJ,VC_2129,"Flagellar protein FliJ, putative; Similar to PID:1071644 SP:P52613 GB:U00096 PID:1736608 PID:1788252; identified by sequence similarity; putative.",10,0.1,1.3055571,9.940043
Plate1_Drawer1 31-Jul-2025 10-10-52,G4,VC_0161,VC_0161,Transcriptional activator IlvY; Similar to GB:L42023 SP:P44821 PID:1005575 PID:1220765 PID:1204932; identified by sequence similarity; putative; Belongs to the LysR transcriptional regulatory family.,10,0.1,1.5902486,11.177355
Plate1_Drawer1 31-Jul-2025 10-10-52,G5,VC_0405,VC_0405,MSHA biogenesis protein MshE; Similar to PID:791156 PID:791159; identified by sequence similarity; putative.,10,0.1,-1.854815,7.2753196
Plate1_Drawer1 31-Jul-2025 10-10-52,G6,VC_1295,VC_1295,Conserved hypothetical protein; Phosphodiesterase (PDE) that catalyzes the hydrolysis of cyclic diguanylate (c-di-GMP) to GMP in vitro. Increases motility and decreases biofilm formation in vivo.,10,0.1,-5.0737824,5.9511123
Plate1_Drawer1 31-Jul-2025 10-10-52,G7,flgD,VC_2198,Basal-body rod modification protein FlgD; Required for flagellar hook formation. May act as a scaffolding protein.,10,0.1,13.644497,-0.2550178
Plate1_Drawer1 31-Jul-2025 10-10-52,G8,manC,VC_0241,Mannose-1-phosphate guanylyltransferase; Similar to GB:X59554 SP:Q07024 PID:48383; identified by sequence similarity; putative.,10,0.1,5.931917,21.244194
Plate1_Drawer1 31-Jul-2025 10-10-52,H10,trpR,VC_0701,"Trp operon repressor, putative; This protein is an aporepressor. When complexed with L- tryptophan it binds the operator region of the trp operon and prevents the initiation of transcription (By similarity).",10,0.1,1.3033047,11.330314
Plate1_Drawer1 31-Jul-2025 10-10-52,H11,greA,VC_0634,"Transcription elongation factor GreA; Necessary for efficient RNA polymerase transcription elongation past template-encoded arresting sites. The arresting sites in DNA have the property of trapping a certain fraction of elongating RNA polymerases that pass through, resulting in locked ternary complexes. Cleavage of the nascent transcript by cleavage factors such as GreA or GreB allows the resumption of elongation from the new 3'terminus. GreA releases sequences of 2 to 3 nucleotides.",10,0.1,0.7146391,9.882894
Plate1_Drawer1 31-Jul-2025 10-10-52,H12,VC_0419,VC_0419,Cytoplasmic axial filament protein; Similar to SP:P25537 PID:48826 PID:606187 GB:U00096 PID:1789645; identified by sequence similarity; putative.,10,0.1,-0.43121034,6.4211698
Plate1_Drawer1 31-Jul-2025 10-10-52,H1,flhG,VC_2067,MinD-related protein; Similar to GP:3695013; identified by sequence similarity; putative. MULTIPLE FILAMENTS,10,0.1,-0.5310811,2.8623652
Plate1_Drawer1 31-Jul-2025 10-10-52,H2,VC_A0940,VC_A0940,"Transcriptional regulator, DeoR family; Similar to SP:P09392 GB:M96795 PID:146186 PID:606358 GB:U00096; identified by sequence similarity; putative.",10,0.1,1.1484979,9.631891
Plate1_Drawer1 31-Jul-2025 10-10-52,H3,ectA,VC_A0825,"L-2,4-diaminobutyric acid acetyltransferase; Catalyzes the acetylation of L-2,4-diaminobutyrate (DABA) to gamma-N-acetyl-alpha,gamma-diaminobutyric acid (ADABA) with acetyl coenzyme A.",10,0.1,-0.82363904,10.22258
Plate1_Drawer1 31-Jul-2025 10-10-52,H4,VC_A0840,VC_A0840,"Deoxycytidylate deaminase, putative; Similar to SP:P33968 GB:X70289 PID:396216; identified by sequence similarity; putative.",10,0.1,0.1988051,6.522893
Plate1_Drawer1 31-Jul-2025 10-10-52,H6,VC_2522,VC_2522,Conserved hypothetical protein; Identified by Glimmer2; putative.,10,0.1,-1.6383795,5.9850717
Plate1_Drawer1 31-Jul-2025 10-10-52,H7,glmS,VC_0487,"Glucosamine--fructose-6-phosphate aminotransferase (isomerizing); Catalyzes the first step in hexosamine metabolism, converting fructose-6P into glucosamine-6P using glutamine as a nitrogen source.",10,0.1,-3.5390923,5.126506
Plate1_Drawer1 31-Jul-2025 10-10-52,H8,manA,VC_0269,Mannose-6-phosphate isomerase; Similar to SP:P25081 GB:X57117 PID:48820; identified by sequence similarity; putative; Belongs to the mannose-6-phosphate isomerase type 1 family.,10,0.1,5.932399,21.554523
Plate1_Drawer1 31-Jul-2025 10-10-52,H9,nusB,VC_2267,N utilization substance protein B; Involved in transcription antitermination. Required for transcription of ribosomal RNA (rRNA) genes. Binds specifically to the boxA antiterminator sequence of the ribosomal RNA (rrn) operons.,10,0.1,-1.8554277,6.612884
Plate1_Drawer2 02-Oct-2025 11-49-19,A10,VC_1462,VC_1462,RstB2 protein; Similar to GP:2564358; identified by sequence similarity; putative.,10,0.1,-2.7114975,8.652673
Plate1_Drawer2 02-Oct-2025 11-49-19,A12,wavA,VC_0223,"ADP-heptose--LPS heptosyltransferase II, putative; Similar to GB:L42023 SP:P44011 PID:1003930 PID:1222457 PID:1204774; identified by sequence similarity; putative.",10,0.1,-0.0050746407,11.841474
Plate1_Drawer2 02-Oct-2025 11-49-19,A1,ung,VC_2359,uracil-DNA glycosylase; Excises uracil residues from the DNA which can arise as a result of misincorporation of dUMP residues by DNA polymerase or due to deamination of cytosine.,10,0.1,0.55336636,8.716005
Plate1_Drawer2 02-Oct-2025 11-49-19,A2,VC_2453,VC_2453,Sensor histidine kinase/response regulator; Similar to GB:D10888 SP:P26607 PID:216535 PID:882680 GB:U00096; identified by sequence similarity; putative.,10,0.1,1.0892426,14.519082
Plate1_Drawer2 02-Oct-2025 11-49-19,A3,VC_2311,VC_2311,HesA/MoeB/ThiF family protein; Similar to GB:D21145 PID:471103 PID:882707 GB:U00096 SP:Q46927; identified by sequence similarity; putative.,10,0.1,0.44147193,8.872561
Plate1_Drawer2 02-Oct-2025 11-49-19,A4,lipA,VC_0943,"Lipoic acid synthetase; Catalyzes the radical-mediated insertion of two sulfur atoms into the C-6 and C-8 positions of the octanoyl moiety bound to the lipoyl domains of lipoate-dependent enzymes, thereby converting the octanoylated domains into lipoylated derivatives.",10,0.1,5.856567,15.828485
Plate1_Drawer2 02-Oct-2025 11-49-19,A5,rsmJ,VC_0073,Conserved hypothetical protein; Specifically methylates the guanosine in position 1516 of 16S rRNA.,10,0.1,0.4267365,8.846618
Plate1_Drawer2 02-Oct-2025 11-49-19,A6,potC,VC_1426,"Spermidine/putrescine ABC transporter, permease protein; Similar to GB:M64519 SP:P23859 PID:147328 GB:U00096 PID:1651551; identified by sequence similarity; putative.",10,0.1,-2.8701465,9.579338
Plate1_Drawer2 02-Oct-2025 11-49-19,A7,pckA,VC_2738,Phosphoenolpyruvate carboxykinase; Involved in the gluconeogenesis. Catalyzes the conversion of oxaloacetate (OAA) to phosphoenolpyruvate (PEP) through direct phosphoryl transfer between the nucleoside triphosphate and OAA. Belongs to the phosphoenolpyruvate carboxykinase (ATP) family.,10,0.1,2.7717526,12.014576
Plate1_Drawer2 02-Oct-2025 11-49-19,A8,rluD,VC_0709,"Ribosomal large subunit pseudouridine synthase D; Responsible for synthesis of pseudouridine from uracil at positions 1911, 1915 and 1917 in 23S ribosomal RNA; Belongs to the pseudouridine synthase RluA family.",10,0.1,0.33757138,10.28035
Plate1_Drawer2 02-Oct-2025 11-49-19,B10,flgP,VC_2206,Conserved hypothetical protein; Identified by Glimmer2; putative.,10,0.1,9.675985,5.747501
Plate1_Drawer2 02-Oct-2025 11-49-19,B11,fliQ,VC_2122,Flagellar biosynthetic protein FliQ; Role in flagellar biosynthesis. Belongs to the FliQ/MopD/SpaQ family.,10,0.1,9.530006,6.4609594
Plate1_Drawer2 02-Oct-2025 11-49-19,B12,argF,VC_2508,Ornithine carbamoyltransferase; Reversibly catalyzes the transfer of the carbamoyl group from carbamoyl phosphate (CP) to the N(epsilon) atom of ornithine (ORN) to produce L-citrulline; Belongs to the aspartate/ornithine carbamoyltransferase superfamily. OTCase family.,10,0.1,0.5224287,8.39637
Plate1_Drawer2 02-Oct-2025 11-49-19,B1,flgB,VC_2200,"Flagellar basal-body rod protein FlgB; Structural component of flagellum, the bacterial motility apparatus. Part of the rod structure of flagellar basal body.",10,0.1,4.781399,14.19071
Plate1_Drawer2 02-Oct-2025 11-49-19,B2,fliS,VC_2138,Flagellar protein FliS; Similar to GB:U12816 PID:1254205; identified by sequence similarity; putative.,10,0.1,9.5089855,6.4443564
Plate1_Drawer2 02-Oct-2025 11-49-19,B3,VC_A1081,VC_A1081,Hypothetical protein; Identified by Glimmer2; putative.,10,0.1,1.5566318,10.664458
Plate1_Drawer2 02-Oct-2025 11-49-19,B4,VC_1909,VC_1909,Hypothetical protein; Identified by Glimmer2; putative.,10,0.1,-2.82125,8.481298
Plate1_Drawer2 02-Oct-2025 11-49-19,B5,VC_0449,VC_0449,Methyl-accepting chemotaxis protein; Similar to GB:X61367 PID:48195; identified by sequence similarity; putative.,10,0.1,-2.64135,8.666062
Plate1_Drawer2 02-Oct-2025 11-49-19,B6,VC_1498,VC_1498,Conserved hypothetical protein; Identified by Glimmer2; putative.,10,0.1,-5.379793,7.2361217
Plate1_Drawer2 02-Oct-2025 11-49-19,B7,VC_2756,VC_2756,Potassium uptake protein TrkH; Low-affinity potassium transport system. Interacts with Trk system potassium uptake protein TrkA; Belongs to the TrkH potassium transport family.,10,0.1,-3.2918086,8.149944
Plate1_Drawer2 02-Oct-2025 11-49-19,B8,VC_0113,VC_0113,Methyltransferase-related protein; Similar to SP:P37431 PID:295895; identified by sequence similarity; putative.,10,0.1,-2.792138,9.527502
Plate1_Drawer2 02-Oct-2025 11-49-19,B9,VC_1423,VC_1423,Hypothetical protein; Identified by Glimmer2; putative.,10,0.1,0.4080321,11.518234
Plate1_Drawer2 02-Oct-2025 11-49-19,C10,epsC,VC_2734,"General secretion pathway protein C; Involved in a type II secretion system (T2SS, formerly general secretion pathway, GSP) for the export of proteins (By similarity). Required for secretion of cholera toxin through the outer membrane.",10,0.1,-4.998746,6.668105
Plate1_Drawer2 02-Oct-2025 11-49-19,C11,proQ,VC_1497,"Conserved hypothetical protein; RNA chaperone with significant RNA binding, RNA strand exchange and RNA duplexing activities; Belongs to the ProQ family.",10,0.1,-4.6929708,6.9573565
Plate1_Drawer2 02-Oct-2025 11-49-19,C12,VC_2627,VC_2627,DamX-related protein; Similar to SP:P11557 GB:Z19601 PID:41226 PID:43274 PID:606322; identified by sequence similarity; putative.,10,0.1,-1.0048797,8.599348
Plate1_Drawer2 02-Oct-2025 11-49-19,C1,VC_A0588,VC_A0588,"Peptide ABC transporter, ATP-binding protein, putative; Similar to SP:P33916 PID:405909 GB:U00096 PID:1736845 PID:1788506; identified by sequence similarity; putative; Belongs to the ABC transporter superfamily.",10,0.1,-5.364774,7.2932205
Plate1_Drawer2 02-Oct-2025 11-49-19,C2,gshB,VC_0468,Glutathione synthetase; Similar to SP:P04425 GB:X01666 PID:41625 PID:882476 GB:U00096; identified by sequence similarity; putative.,10,0.1,5.823037,15.688601
Plate1_Drawer2 02-Oct-2025 11-49-19,C3,potB,VC_1427,"Spermidine/putrescine ABC transporter, permease protein; Similar to GB:M64519 SP:P23860 PID:147327 GB:U00096 PID:1651552; identified by sequence similarity; putative.",10,0.1,4.532331,11.010898
Plate1_Drawer2 02-Oct-2025 11-49-19,C4,flgE,VC_2197,Flagellar hook protein FlgE; Similar to GB:X51737 SP:P16322 GB:X52093 PID:47673; identified by sequence similarity; putative.,10,0.1,4.788966,14.16264
Plate1_Drawer2 02-Oct-2025 11-49-19,C5,glyQ,VC_0021,"glycyl-tRNA synthetase, alpha chain; Similar to SP:P00960 GB:J01622 PID:146222 PID:146225 PID:466698; identified by sequence similarity; putative.",10,0.1,-2.4703343,9.796501
Plate1_Drawer2 02-Oct-2025 11-49-19,C6,VC_0462,VC_0462,Twitching motility protein PilT; Similar to SP:P24559 GB:X67095 PID:151490; identified by sequence similarity; putative.,10,0.1,-2.7262986,8.699067
Plate1_Drawer2 02-Oct-2025 11-49-19,C7,flhA,VC_2069,"Flagellar biosynthetic protein FlhA; Required for formation of the rod structure of the flagellar apparatus. Together with FliI and FliH, may constitute the export apparatus of flagellin; Belongs to the FHIPEP (flagella/HR/invasion proteins export pore) family.",10,0.1,8.982183,5.237269
Plate1_Drawer2 02-Oct-2025 11-49-19,C8,VC_0399,VC_0399,MSHA biogenesis protein MshI; Similar to PID:791156 PID:791153; identified by sequence similarity; putative.,10,0.1,-0.039544538,8.980799
Plate1_Drawer2 02-Oct-2025 11-49-19,C9,fliD,VC_2140,"Flagellar hook-associated protein FliD; FILAMENT CAP Required for the morphogenesis and for the elongation of the flagellar filament by facilitating polymerization of the flagellin monomers at the tip of growing filament. Forms a capping structure, which prevents flagellin subunits (transported through the central channel of the flagellum) from leaking out without polymerization at the distal end (By similarity).",10,0.1,1.6686274,10.619846
Plate1_Drawer2 02-Oct-2025 11-49-19,D10,VC_2270,VC_2270,Riboflavin,10,0.1,-5.04008,7.3275614
Plate1_Drawer2 02-Oct-2025 11-49-19,D11,VC_2718; VC_2719,VC_2718; VC_2719,,10,0.1,5.327662,14.342493
Plate1_Drawer2 02-Oct-2025 11-49-19,D12,wbeG,VC_0245,rfbG protein; Similar to GB:X59554 PID:48387; identified by sequence similarity; putative.,10,0.1,0.06755329,11.856957
Plate1_Drawer2 02-Oct-2025 11-49-19,D1,VC_0196,VC_0196,ATP-dependent DNA helicase RecQ; Similar to GB:M87049 SP:P15043 GB:M30198 PID:147559 PID:148221; identified by sequence similarity; putative.,10,0.1,0.1159312,11.6647005
Plate1_Drawer2 02-Oct-2025 11-49-19,D2,VC_1933,VC_1933,Hypothetical protein; Identified by Glimmer2; putative.,10,0.1,0.17142728,11.637727
Plate1_Drawer2 02-Oct-2025 11-49-19,D3,VC_A0001,VC_A0001,Hypothetical protein; Identified by Glimmer2; putative.,10,0.1,0.63915914,10.1463585
Plate1_Drawer2 02-Oct-2025 11-49-19,D4,fadR,VC_1900,Fatty acid metabolism regulator protein; Multifunctional regulator of fatty acid metabolism.,10,0.1,5.9157,14.566786
Plate1_Drawer2 02-Oct-2025 11-49-19,D5,pilC,VC_2425,Type IV pilin biogenesis protein PilC; Involved in the translocation of the type IV pilin; Belongs to the GSP F family.,10,0.1,-0.117623486,9.072953
Plate1_Drawer2 02-Oct-2025 11-49-19,D6,pta,VC_1097,Phosphate acetyltransferase; Involved in acetate metabolism; In the N-terminal section; belongs to the CobB/CobQ family.,10,0.1,-5.069843,7.2084413
Plate1_Drawer2 02-Oct-2025 11-49-19,D7,VC_A0800,VC_A0800,creA protein; Similar to SP:P08367 GB:M13608 PID:147249 PID:147691 PID:537237; identified by sequence similarity; putative.,10,0.1,3.7151165,12.637329
Plate1_Drawer2 02-Oct-2025 11-49-19,D8,wzt,VC_0247,lipopolysaccharide/O-antigen transport protein; Similar to GB:X59554 PID:48389; identified by sequence similarity; putative.,10,0.1,-5.0254736,7.2664847
Plate1_Drawer2 02-Oct-2025 11-49-19,D9,wbeM,VC_0250,Iron-containing alcohol dehydrogenase family protein RfbM; Similar to GB:M26941 SP:P13604 PID:144714; identified by sequence similarity; putative.,10,0.1,-5.3891697,7.047166
Plate1_Drawer2 02-Oct-2025 11-49-19,E11,VC_A0620,VC_A0620,"Thiosulfate sulfurtransferase SseA, putative; Similar to SP:P31142 GB:U00096 PID:1788869 PID:1799924; identified by sequence similarity; putative.",10,0.1,-2.5928562,8.27683
Plate1_Drawer2 02-Oct-2025 11-49-19,E12,trmJ,VC_0746,"RNA methyltransferase, TrmH family; Catalyzes the formation of 2'O-methylated cytidine (Cm32) or 2'O-methylated uridine (Um32) at position 32 in tRNA.",10,0.1,-3.276947,8.325672
Plate1_Drawer2 02-Oct-2025 11-49-19,E1,VC_A0759,VC_A0759,"Arginine ABC transporter, periplasmic arginine-binding protein; Similar to SP:P30859 GB:X67753 GB:X86160 PID:40931 PID:769791; identified by sequence similarity; putative; Belongs to the bacterial solute-binding protein 3 family.",10,0.1,-4.8875546,7.282589
Plate1_Drawer2 02-Oct-2025 11-49-19,E2,VC_A0785,VC_A0785,GGDEF family protein; Similar to PID:1651932; identified by sequence similarity; putative.,10,0.1,4.129035,11.636552
Plate1_Drawer2 02-Oct-2025 11-49-19,E3,fliE,VC_2134,Flagellar hook-basal body complex protein FliE; Similar to PID:2338730; identified by sequence similarity; putative.,10,0.1,4.785262,14.158012
Plate1_Drawer2 02-Oct-2025 11-49-19,E4,VC_1581,VC_1581,"NADH dehydrogenase, putative; Similar to SP:P33607 PID:397909 GB:U00096 PID:1788614 PID:1799638; identified by sequence similarity; putative.",10,0.1,-2.4630713,9.60088
Plate1_Drawer2 02-Oct-2025 11-49-19,E5,fliP,VC_2123,Flagellar biosynthetic protein FliP; Plays a role in the flagellum-specific transport system. Belongs to the FliP/MopC/SpaP family.,10,0.1,9.34349,3.4588134
Plate1_Drawer2 02-Oct-2025 11-49-19,E6,lpxM,VC_0212,Lipid A biosynthesis (kdo)2-(lauroyl)-lipid IVA acyltransferase; Catalyzes the transfer of myristate from myristoyl-acyl carrier protein (ACP) to Kdo(2)-(lauroyl)-lipid IV(A) to form Kdo(2)- lipid A.,10,0.1,3.2818854,10.197527
Plate1_Drawer2 02-Oct-2025 11-49-19,E7,VC_2714,VC_2714,Transcriptional regulator OmpR; Similar to PID:2108342; identified by sequence similarity; putative.,10,0.1,-5.153928,7.2833133
Plate1_Drawer2 02-Oct-2025 11-49-19,E9,VC_1154,VC_1154,Hypothetical protein; Identified by Glimmer2; putative.,10,0.1,-4.787678,6.988927
Plate1_Drawer2 02-Oct-2025 11-49-19,F10,cdgJ,VC_0137,Conserved hypothetical protein; Phosphodiesterase (PDE) that catalyzes the hydrolysis of cyclic diguanylate (c-di-GMP). Positively regulates motility and negatively regulates biofilm formation.,10,0.1,-0.7557123,8.542357
Plate1_Drawer2 02-Oct-2025 11-49-19,F11,recO,VC_2459,DNA repair protein RecO; Involved in DNA repair and RecF pathway recombination.,10,0.1,1.2299953,10.579873
Plate1_Drawer2 02-Oct-2025 11-49-19,F12,VC_A0999,VC_A0999,"Transcriptional regulator, TetR family; Similar to GB:U00096 PID:1787354; identified by sequence similarity; putative.",10,0.1,-2.791148,9.680947
Plate1_Drawer2 02-Oct-2025 11-49-19,F2,VC_2224,VC_2224,GGDEF family protein; Similar to GB:U00096 PID:1787603; identified by sequence similarity; putative.,10,0.1,-5.324515,7.2718654
Plate1_Drawer2 02-Oct-2025 11-49-19,F3,VC_A1099,VC_A1099,"ABC transporter, permease protein; Similar to SP:P33591 GB:X73143 PID:404846 PID:466613 GB:U00096; identified by sequence similarity; putative.",10,0.1,-5.3539,7.1812134
Plate1_Drawer2 02-Oct-2025 11-49-19,F4,VC_1320,VC_1320,DNA-binding response regulator; Similar to PID:1079807 SP:P52108 GB:U00096 PID:1742647 PID:1742658; identified by sequence similarity; putative.,10,0.1,-5.4259706,6.793076
Plate1_Drawer2 02-Oct-2025 11-49-19,F5,VC_1319,VC_1319,Sensor histidine kinase; Similar to GB:M36795 SP:P08336 GB:X13307 PID:145590 PID:305015; identified by sequence similarity; putative.,10,0.1,-5.006816,7.183633
Plate1_Drawer2 02-Oct-2025 11-49-19,F6,VC_A0536,VC_A0536,Conserved hypothetical protein; Identified by Glimmer2; putative.,10,0.1,-2.4786422,9.515115
Plate1_Drawer2 02-Oct-2025 11-49-19,F7,VC_1414,VC_1414,"Thermostable carboxypeptidase 1; Broad specificity carboxypetidase that releases amino acids sequentially from the C-terminus, including neutral, aromatic, polar and basic residues.",10,0.1,-5.1238375,6.5574174
Plate1_Drawer2 02-Oct-2025 11-49-19,F8,VC_A0527,VC_A0527,Conserved hypothetical protein; Identified by Glimmer2; putative.,10,0.1,-5.286318,7.0316167
Plate1_Drawer2 02-Oct-2025 11-49-19,F9,argH,VC_2641,Argininosuccinate lyase; Similar to SP:P11447 GB:J01590 GB:M21446 PID:145335 PID:396307; identified by sequence similarity; putative.,10,0.1,-5.3999553,7.1514444
Plate1_Drawer2 02-Oct-2025 11-49-19,G10,rluE,VC_1140,Pseudouridine synthase family 1 protein; Responsible for synthesis of pseudouridine from uracil-2457 in 23S ribosomal RNA; Belongs to the pseudouridine synthase RsuA family.,10,0.1,-0.49575156,10.082291
Plate1_Drawer2 02-Oct-2025 11-49-19,G11,VC_2524,VC_2524,Conserved hypothetical protein; Catalyzes the hydrolysis of 3-deoxy-D-manno-octulosonate 8- phosphate (KDO 8-P) to 3-deoxy-D-manno-octulosonate (KDO) and inorganic phosphate; Belongs to the KdsC family.,10,0.1,-5.338704,6.981503
Plate1_Drawer2 02-Oct-2025 11-49-19,G12,VC_0900,VC_0900,GGDEF family protein; Similar to PID:1652841; identified by sequence similarity; putative.,10,0.1,8.024641,11.151031
Plate1_Drawer2 02-Oct-2025 11-49-19,G1,guaB,VC_0767,"Inosine-5`-monophosphate dehydrogenase; Catalyzes the conversion of inosine 5'-phosphate (IMP) to xanthosine 5'-phosphate (XMP), the first committed and rate-limiting step in the de novo synthesis of guanine nucleotides, and therefore plays an important role in the regulation of cell growth. Belongs to the IMPDH/GMPR family.",10,0.1,-5.070887,7.19146
Plate1_Drawer2 02-Oct-2025 11-49-19,G2,VC_A0171,VC_A0171,Conserved hypothetical protein; Identified by Glimmer2; putative.,10,0.1,0.7163129,11.625578
Plate1_Drawer2 02-Oct-2025 11-49-19,G3,fliJ,VC_2129,"Flagellar protein FliJ, putative; Similar to PID:1071644 SP:P52613 GB:U00096 PID:1736608 PID:1788252; identified by sequence similarity; putative.",10,0.1,9.675938,5.6338773
Plate1_Drawer2 02-Oct-2025 11-49-19,G4,VC_0161,VC_0161,Transcriptional activator IlvY; Similar to GB:L42023 SP:P44821 PID:1005575 PID:1220765 PID:1204932; identified by sequence similarity; putative; Belongs to the LysR transcriptional regulatory family.,10,0.1,-2.4541223,9.718484
Plate1_Drawer2 02-Oct-2025 11-49-19,G5,VC_0405,VC_0405,MSHA biogenesis protein MshE; Similar to PID:791156 PID:791159; identified by sequence similarity; putative.,10,0.1,-3.187946,9.366944
Plate1_Drawer2 02-Oct-2025 11-49-19,G6,VC_1295,VC_1295,Conserved hypothetical protein; Phosphodiesterase (PDE) that catalyzes the hydrolysis of cyclic diguanylate (c-di-GMP) to GMP in vitro. Increases motility and decreases biofilm formation in vivo.,10,0.1,-5.076506,7.44257
Plate1_Drawer2 02-Oct-2025 11-49-19,G8,manC,VC_0241,Mannose-1-phosphate guanylyltransferase; Similar to GB:X59554 SP:Q07024 PID:48383; identified by sequence similarity; putative.,10,0.1,1.0336819,14.648879
Plate1_Drawer2 02-Oct-2025 11-49-19,H10,trpR,VC_0701,"Trp operon repressor, putative; This protein is an aporepressor. When complexed with L- tryptophan it binds the operator region of the trp operon and prevents the initiation of transcription (By similarity).",10,0.1,0.8346384,11.437442
Plate1_Drawer2 02-Oct-2025 11-49-19,H11,greA,VC_0634,"Transcription elongation factor GreA; Necessary for efficient RNA polymerase transcription elongation past template-encoded arresting sites. The arresting sites in DNA have the property of trapping a certain fraction of elongating RNA polymerases that pass through, resulting in locked ternary complexes. Cleavage of the nascent transcript by cleavage factors such as GreA or GreB allows the resumption of elongation from the new 3'terminus. GreA releases sequences of 2 to 3 nucleotides.",10,0.1,0.6511876,10.197439
Plate1_Drawer2 02-Oct-2025 11-49-19,H12,VC_0419,VC_0419,Cytoplasmic axial filament protein; Similar to SP:P25537 PID:48826 PID:606187 GB:U00096 PID:1789645; identified by sequence similarity; putative.,10,0.1,0.8171633,9.582312
Plate1_Drawer2 02-Oct-2025 11-49-19,H1,flhG,VC_2067,MinD-related protein; Similar to GP:3695013; identified by sequence similarity; putative. MULTIPLE FILAMENTS,10,0.1,-0.6067411,2.765544
Plate1_Drawer2 02-Oct-2025 11-49-19,H2,VC_A0940,VC_A0940,"Transcriptional regulator, DeoR family; Similar to SP:P09392 GB:M96795 PID:146186 PID:606358 GB:U00096; identified by sequence similarity; putative.",10,0.1,1.8874334,11.412982
Plate1_Drawer2 02-Oct-2025 11-49-19,H3,ectA,VC_A0825,"L-2,4-diaminobutyric acid acetyltransferase; Catalyzes the acetylation of L-2,4-diaminobutyrate (DABA) to gamma-N-acetyl-alpha,gamma-diaminobutyric acid (ADABA) with acetyl coenzyme A.",10,0.1,-5.1555953,7.4443774
Plate1_Drawer2 02-Oct-2025 11-49-19,H4,VC_A0840,VC_A0840,"Deoxycytidylate deaminase, putative; Similar to SP:P33968 GB:X70289 PID:396216; identified by sequence similarity; putative.",10,0.1,0.42102537,11.536068
Plate1_Drawer2 02-Oct-2025 11-49-19,H6,VC_2522,VC_2522,Conserved hypothetical protein; Identified by Glimmer2; putative.,10,0.1,-2.9949012,9.202235
Plate1_Drawer2 02-Oct-2025 11-49-19,H7,glmS,VC_0487,"Glucosamine--fructose-6-phosphate aminotransferase (isomerizing); Catalyzes the first step in hexosamine metabolism, converting fructose-6P into glucosamine-6P using glutamine as a nitrogen source.",10,0.1,0.38224104,11.801907
Plate1_Drawer2 02-Oct-2025 11-49-19,H8,manA,VC_0269,Mannose-6-phosphate isomerase; Similar to SP:P25081 GB:X57117 PID:48820; identified by sequence similarity; putative; Belongs to the mannose-6-phosphate isomerase type 1 family.,10,0.1,5.6735845,21.136435
Plate1_Drawer2 02-Oct-2025 11-49-19,H9,nusB,VC_2267,N utilization substance protein B; Involved in transcription antitermination. Required for transcription of ribosomal RNA (rRNA) genes. Binds specifically to the boxA antiterminator sequence of the ribosomal RNA (rrn) operons.,10,0.1,-3.5625646,9.136537
Plate1_Drawer2 07-Aug-2025 11-29-30,A10,VC_1462,VC_1462,RstB2 protein; Similar to GP:2564358; identified by sequence similarity; putative.,10,0.1,1.4176552,10.7683525
Plate1_Drawer2 07-Aug-2025 11-29-30,A12,wavA,VC_0223,"ADP-heptose--LPS heptosyltransferase II, putative; Similar to GB:L42023 SP:P44011 PID:1003930 PID:1222457 PID:1204774; identified by sequence similarity; putative.",10,0.1,-2.099358,13.665379
Plate1_Drawer2 07-Aug-2025 11-29-30,A1,ung,VC_2359,uracil-DNA glycosylase; Excises uracil residues from the DNA which can arise as a result of misincorporation of dUMP residues by DNA polymerase or due to deamination of cytosine.,10,0.1,0.40345472,8.802428
Plate1_Drawer2 07-Aug-2025 11-29-30,A2,VC_2453,VC_2453,Sensor histidine kinase/response regulator; Similar to GB:D10888 SP:P26607 PID:216535 PID:882680 GB:U00096; identified by sequence similarity; putative.,10,0.1,0.2454279,8.962175
Plate1_Drawer2 07-Aug-2025 11-29-30,A3,VC_2311,VC_2311,HesA/MoeB/ThiF family protein; Similar to GB:D21145 PID:471103 PID:882707 GB:U00096 SP:Q46927; identified by sequence similarity; putative.,10,0.1,-0.16636917,8.638192
Plate1_Drawer2 07-Aug-2025 11-29-30,A5,rsmJ,VC_0073,Conserved hypothetical protein; Specifically methylates the guanosine in position 1516 of 16S rRNA.,10,0.1,0.55541795,12.361474
Plate1_Drawer2 07-Aug-2025 11-29-30,A6,potC,VC_1426,"Spermidine/putrescine ABC transporter, permease protein; Similar to GB:M64519 SP:P23859 PID:147328 GB:U00096 PID:1651551; identified by sequence similarity; putative.",10,0.1,0.32934278,10.465711
Plate1_Drawer2 07-Aug-2025 11-29-30,A7,pckA,VC_2738,Phosphoenolpyruvate carboxykinase; Involved in the gluconeogenesis. Catalyzes the conversion of oxaloacetate (OAA) to phosphoenolpyruvate (PEP) through direct phosphoryl transfer between the nucleoside triphosphate and OAA. Belongs to the phosphoenolpyruvate carboxykinase (ATP) family.,10,0.1,3.4469786,12.140128
Plate1_Drawer2 07-Aug-2025 11-29-30,A8,rluD,VC_0709,"Ribosomal large subunit pseudouridine synthase D; Responsible for synthesis of pseudouridine from uracil at positions 1911, 1915 and 1917 in 23S ribosomal RNA; Belongs to the pseudouridine synthase RluA family.",10,0.1,0.7406451,9.839567
Plate1_Drawer2 07-Aug-2025 11-29-30,A9,vibB,VC_0771,Vibriobactin-specific isochorismatase; Involved in the biosynthesis of the catechol siderophore vibriobactin. Vibriobactin is a chelating compound involved in transporting iron from the bacterial environment into the cell cytoplasm; Belongs to the isochorismatase family.,10,0.1,0.8648514,14.8437395
Plate1_Drawer2 07-Aug-2025 11-29-30,B10,flgP,VC_2206,Conserved hypothetical protein; Identified by Glimmer2; putative.,10,0.1,5.8079576,9.560934
Plate1_Drawer2 07-Aug-2025 11-29-30,B1,flgB,VC_2200,"Flagellar basal-body rod protein FlgB; Structural component of flagellum, the bacterial motility apparatus. Part of the rod structure of flagellar basal body.",10,0.1,9.553717,4.3180203
Plate1_Drawer2 07-Aug-2025 11-29-30,B2,fliS,VC_2138,Flagellar protein FliS; Similar to GB:U12816 PID:1254205; identified by sequence similarity; putative.,10,0.1,8.904335,4.023418
Plate1_Drawer2 07-Aug-2025 11-29-30,B3,VC_A1081,VC_A1081,Hypothetical protein; Identified by Glimmer2; putative.,10,0.1,1.7497644,9.496278
Plate1_Drawer2 07-Aug-2025 11-29-30,B4,VC_1909,VC_1909,Hypothetical protein; Identified by Glimmer2; putative.,10,0.1,1.2259434,11.778507
Plate1_Drawer2 07-Aug-2025 11-29-30,B5,VC_0449,VC_0449,Methyl-accepting chemotaxis protein; Similar to GB:X61367 PID:48195; identified by sequence similarity; putative.,10,0.1,-3.8466835,8.936238
Plate1_Drawer2 07-Aug-2025 11-29-30,B6,VC_1498,VC_1498,Conserved hypothetical protein; Identified by Glimmer2; putative.,10,0.1,1.032994,11.195403
Plate1_Drawer2 07-Aug-2025 11-29-30,B7,VC_2756,VC_2756,Potassium uptake protein TrkH; Low-affinity potassium transport system. Interacts with Trk system potassium uptake protein TrkA; Belongs to the TrkH potassium transport family.,10,0.1,2.4055312,10.969969
Plate1_Drawer2 07-Aug-2025 11-29-30,B8,VC_0113,VC_0113,Methyltransferase-related protein; Similar to SP:P37431 PID:295895; identified by sequence similarity; putative.,10,0.1,3.0207074,10.90297
Plate1_Drawer2 07-Aug-2025 11-29-30,B9,VC_1423,VC_1423,Hypothetical protein; Identified by Glimmer2; putative.,10,0.1,-1.3174709,6.6545734
Plate1_Drawer2 07-Aug-2025 11-29-30,C10,epsC,VC_2734,"General secretion pathway protein C; Involved in a type II secretion system (T2SS, formerly general secretion pathway, GSP) for the export of proteins (By similarity). Required for secretion of cholera toxin through the outer membrane.",10,0.1,-5.222328,4.71649
Plate1_Drawer2 07-Aug-2025 11-29-30,C11,proQ,VC_1497,"Conserved hypothetical protein; RNA chaperone with significant RNA binding, RNA strand exchange and RNA duplexing activities; Belongs to the ProQ family.",10,0.1,-4.6900177,6.8961554
Plate1_Drawer2 07-Aug-2025 11-29-30,C12,VC_2627,VC_2627,DamX-related protein; Similar to SP:P11557 GB:Z19601 PID:41226 PID:43274 PID:606322; identified by sequence similarity; putative.,10,0.1,-0.76487166,6.564673
Plate1_Drawer2 07-Aug-2025 11-29-30,C1,VC_A0588,VC_A0588,"Peptide ABC transporter, ATP-binding protein, putative; Similar to SP:P33916 PID:405909 GB:U00096 PID:1736845 PID:1788506; identified by sequence similarity; putative; Belongs to the ABC transporter superfamily.",10,0.1,-5.227172,6.3979425
Plate1_Drawer2 07-Aug-2025 11-29-30,C2,gshB,VC_0468,Glutathione synthetase; Similar to SP:P04425 GB:X01666 PID:41625 PID:882476 GB:U00096; identified by sequence similarity; putative.,10,0.1,5.662893,15.811403
Plate1_Drawer2 07-Aug-2025 11-29-30,C3,potB,VC_1427,"Spermidine/putrescine ABC transporter, permease protein; Similar to GB:M64519 SP:P23860 PID:147327 GB:U00096 PID:1651552; identified by sequence similarity; putative.",10,0.1,4.1273313,11.746199
Plate1_Drawer2 07-Aug-2025 11-29-30,C4,flgE,VC_2197,Flagellar hook protein FlgE; Similar to GB:X51737 SP:P16322 GB:X52093 PID:47673; identified by sequence similarity; putative.,10,0.1,8.986817,1.2909249
Plate1_Drawer2 07-Aug-2025 11-29-30,C5,glyQ,VC_0021,"glycyl-tRNA synthetase, alpha chain; Similar to SP:P00960 GB:J01622 PID:146222 PID:146225 PID:466698; identified by sequence similarity; putative.",10,0.1,-1.9248753,8.859908
Plate1_Drawer2 07-Aug-2025 11-29-30,C6,VC_0462,VC_0462,Twitching motility protein PilT; Similar to SP:P24559 GB:X67095 PID:151490; identified by sequence similarity; putative.,10,0.1,0.24355462,8.428553
Plate1_Drawer2 07-Aug-2025 11-29-30,C7,flhA,VC_2069,"Flagellar biosynthetic protein FlhA; Required for formation of the rod structure of the flagellar apparatus. Together with FliI and FliH, may constitute the export apparatus of flagellin; Belongs to the FHIPEP (flagella/HR/invasion proteins export pore) family.",10,0.1,8.812203,5.1349134
Plate1_Drawer2 07-Aug-2025 11-29-30,C8,VC_0399,VC_0399,MSHA biogenesis protein MshI; Similar to PID:791156 PID:791153; identified by sequence similarity; putative.,10,0.1,0.79798794,12.5131
Plate1_Drawer2 07-Aug-2025 11-29-30,C9,fliD,VC_2140,"Flagellar hook-associated protein FliD; FILAMENT CAP Required for the morphogenesis and for the elongation of the flagellar filament by facilitating polymerization of the flagellin monomers at the tip of growing filament. Forms a capping structure, which prevents flagellin subunits (transported through the central channel of the flagellum) from leaking out without polymerization at the distal end (By similarity).",10,0.1,-4.0702224,8.623734
Plate1_Drawer2 07-Aug-2025 11-29-30,D10,VC_2270,VC_2270,Riboflavin,10,0.1,1.09476,13.918632
Plate1_Drawer2 07-Aug-2025 11-29-30,D11,VC_2718; VC_2719,VC_2718; VC_2719,,10,0.1,9.130083,12.893879
Plate1_Drawer2 07-Aug-2025 11-29-30,D12,wbeG,VC_0245,rfbG protein; Similar to GB:X59554 PID:48387; identified by sequence similarity; putative.,10,0.1,-0.81719965,12.053844
Plate1_Drawer2 07-Aug-2025 11-29-30,D1,VC_0196,VC_0196,ATP-dependent DNA helicase RecQ; Similar to GB:M87049 SP:P15043 GB:M30198 PID:147559 PID:148221; identified by sequence similarity; putative.,10,0.1,2.1176813,11.995853
Plate1_Drawer2 07-Aug-2025 11-29-30,D2,VC_1933,VC_1933,Hypothetical protein; Identified by Glimmer2; putative.,10,0.1,0.07710723,8.48259
Plate1_Drawer2 07-Aug-2025 11-29-30,D3,VC_A0001,VC_A0001,Hypothetical protein; Identified by Glimmer2; putative.,10,0.1,-1.7357548,7.498897
Plate1_Drawer2 07-Aug-2025 11-29-30,D4,fadR,VC_1900,Fatty acid metabolism regulator protein; Multifunctional regulator of fatty acid metabolism.,10,0.1,6.6966863,14.156351
Plate1_Drawer2 07-Aug-2025 11-29-30,D5,pilC,VC_2425,Type IV pilin biogenesis protein PilC; Involved in the translocation of the type IV pilin; Belongs to the GSP F family.,10,0.1,-0.80323243,10.211593
Plate1_Drawer2 07-Aug-2025 11-29-30,D6,pta,VC_1097,Phosphate acetyltransferase; Involved in acetate metabolism; In the N-terminal section; belongs to the CobB/CobQ family.,10,0.1,-4.8029513,3.6553164
Plate1_Drawer2 07-Aug-2025 11-29-30,D7,VC_A0800,VC_A0800,creA protein; Similar to SP:P08367 GB:M13608 PID:147249 PID:147691 PID:537237; identified by sequence similarity; putative.,10,0.1,4.614147,10.872779
Plate1_Drawer2 07-Aug-2025 11-29-30,D8,wzt,VC_0247,lipopolysaccharide/O-antigen transport protein; Similar to GB:X59554 PID:48389; identified by sequence similarity; putative.,10,0.1,-1.8760768,10.864577
Plate1_Drawer2 07-Aug-2025 11-29-30,D9,wbeM,VC_0250,Iron-containing alcohol dehydrogenase family protein RfbM; Similar to GB:M26941 SP:P13604 PID:144714; identified by sequence similarity; putative.,10,0.1,-1.5979971,11.179151
Plate1_Drawer2 07-Aug-2025 11-29-30,E10,VC_1887,VC_1887,Hypothetical protein; Identified by Glimmer2; putative.,10,0.1,7.728454,12.46965
Plate1_Drawer2 07-Aug-2025 11-29-30,E11,VC_A0620,VC_A0620,"Thiosulfate sulfurtransferase SseA, putative; Similar to SP:P31142 GB:U00096 PID:1788869 PID:1799924; identified by sequence similarity; putative.",10,0.1,-4.779747,5.1634774
Plate1_Drawer2 07-Aug-2025 11-29-30,E12,trmJ,VC_0746,"RNA methyltransferase, TrmH family; Catalyzes the formation of 2'O-methylated cytidine (Cm32) or 2'O-methylated uridine (Um32) at position 32 in tRNA.",10,0.1,-5.4739776,4.4441333
Plate1_Drawer2 07-Aug-2025 11-29-30,E1,VC_A0759,VC_A0759,"Arginine ABC transporter, periplasmic arginine-binding protein; Similar to SP:P30859 GB:X67753 GB:X86160 PID:40931 PID:769791; identified by sequence similarity; putative; Belongs to the bacterial solute-binding protein 3 family.",10,0.1,2.702107,11.020225
Plate1_Drawer2 07-Aug-2025 11-29-30,E2,VC_A0785,VC_A0785,GGDEF family protein; Similar to PID:1651932; identified by sequence similarity; putative.,10,0.1,4.2538257,10.3157215
Plate1_Drawer2 07-Aug-2025 11-29-30,E3,fliE,VC_2134,Flagellar hook-basal body complex protein FliE; Similar to PID:2338730; identified by sequence similarity; putative.,10,0.1,9.118101,2.2250476
Plate1_Drawer2 07-Aug-2025 11-29-30,E4,VC_1581,VC_1581,"NADH dehydrogenase, putative; Similar to SP:P33607 PID:397909 GB:U00096 PID:1788614 PID:1799638; identified by sequence similarity; putative.",10,0.1,-3.0427206,4.7529597
Plate1_Drawer2 07-Aug-2025 11-29-30,E5,fliP,VC_2123,Flagellar biosynthetic protein FliP; Plays a role in the flagellum-specific transport system. Belongs to the FliP/MopC/SpaP family.,10,0.1,8.773109,5.099585
Plate1_Drawer2 07-Aug-2025 11-29-30,E6,lpxM,VC_0212,Lipid A biosynthesis (kdo)2-(lauroyl)-lipid IVA acyltransferase; Catalyzes the transfer of myristate from myristoyl-acyl carrier protein (ACP) to Kdo(2)-(lauroyl)-lipid IV(A) to form Kdo(2)- lipid A.,10,0.1,3.9000561,9.206019
Plate1_Drawer2 07-Aug-2025 11-29-30,E7,VC_2714,VC_2714,Transcriptional regulator OmpR; Similar to PID:2108342; identified by sequence similarity; putative.,10,0.1,-4.404989,1.9124255
Plate1_Drawer2 07-Aug-2025 11-29-30,F10,cdgJ,VC_0137,Conserved hypothetical protein; Phosphodiesterase (PDE) that catalyzes the hydrolysis of cyclic diguanylate (c-di-GMP). Positively regulates motility and negatively regulates biofilm formation.,10,0.1,0.2771295,11.478453
Plate1_Drawer2 07-Aug-2025 11-29-30,F11,recO,VC_2459,DNA repair protein RecO; Involved in DNA repair and RecF pathway recombination.,10,0.1,3.4819987,10.710231
Plate1_Drawer2 07-Aug-2025 11-29-30,F12,VC_A0999,VC_A0999,"Transcriptional regulator, TetR family; Similar to GB:U00096 PID:1787354; identified by sequence similarity; putative.",10,0.1,1.5275629,10.851062
Plate1_Drawer2 07-Aug-2025 11-29-30,F2,VC_2224,VC_2224,GGDEF family protein; Similar to GB:U00096 PID:1787603; identified by sequence similarity; putative.,10,0.1,-5.4564195,4.888288
Plate1_Drawer2 07-Aug-2025 11-29-30,F3,VC_A1099,VC_A1099,"ABC transporter, permease protein; Similar to SP:P33591 GB:X73143 PID:404846 PID:466613 GB:U00096; identified by sequence similarity; putative.",10,0.1,-5.654122,3.7623003
Plate1_Drawer2 07-Aug-2025 11-29-30,F4,VC_1320,VC_1320,DNA-binding response regulator; Similar to PID:1079807 SP:P52108 GB:U00096 PID:1742647 PID:1742658; identified by sequence similarity; putative.,10,0.1,-4.252563,0.87497705
Plate1_Drawer2 07-Aug-2025 11-29-30,F5,VC_1319,VC_1319,Sensor histidine kinase; Similar to GB:M36795 SP:P08336 GB:X13307 PID:145590 PID:305015; identified by sequence similarity; putative.,10,0.1,1.1976343,12.001251
Plate1_Drawer2 07-Aug-2025 11-29-30,F6,VC_A0536,VC_A0536,Conserved hypothetical protein; Identified by Glimmer2; putative.,10,0.1,-1.9040314,7.1510115
Plate1_Drawer2 07-Aug-2025 11-29-30,F7,VC_1414,VC_1414,"Thermostable carboxypeptidase 1; Broad specificity carboxypetidase that releases amino acids sequentially from the C-terminus, including neutral, aromatic, polar and basic residues.",10,0.1,-5.4896345,5.0845313
Plate1_Drawer2 07-Aug-2025 11-29-30,F8,VC_A0527,VC_A0527,Conserved hypothetical protein; Identified by Glimmer2; putative.,10,0.1,-5.3513017,1.8242946
Plate1_Drawer2 07-Aug-2025 11-29-30,F9,argH,VC_2641,Argininosuccinate lyase; Similar to SP:P11447 GB:J01590 GB:M21446 PID:145335 PID:396307; identified by sequence similarity; putative.,10,0.1,-5.5664086,3.7971842
Plate1_Drawer2 07-Aug-2025 11-29-30,G10,rluE,VC_1140,Pseudouridine synthase family 1 protein; Responsible for synthesis of pseudouridine from uracil-2457 in 23S ribosomal RNA; Belongs to the pseudouridine synthase RsuA family.,10,0.1,2.8311925,10.819802
Plate1_Drawer2 07-Aug-2025 11-29-30,G11,VC_2524,VC_2524,Conserved hypothetical protein; Catalyzes the hydrolysis of 3-deoxy-D-manno-octulosonate 8- phosphate (KDO 8-P) to 3-deoxy-D-manno-octulosonate (KDO) and inorganic phosphate; Belongs to the KdsC family.,10,0.1,-6.7493134,4.7424617
Plate1_Drawer2 07-Aug-2025 11-29-30,G12,VC_0900,VC_0900,GGDEF family protein; Similar to PID:1652841; identified by sequence similarity; putative.,10,0.1,7.9962034,11.12751
Plate1_Drawer2 07-Aug-2025 11-29-30,G2,VC_A0171,VC_A0171,Conserved hypothetical protein; Identified by Glimmer2; putative.,10,0.1,2.9602115,10.93205
Plate1_Drawer2 07-Aug-2025 11-29-30,G3,fliJ,VC_2129,"Flagellar protein FliJ, putative; Similar to PID:1071644 SP:P52613 GB:U00096 PID:1736608 PID:1788252; identified by sequence similarity; putative.",10,0.1,0.3704341,6.2837563
Plate1_Drawer2 07-Aug-2025 11-29-30,G4,VC_0161,VC_0161,Transcriptional activator IlvY; Similar to GB:L42023 SP:P44821 PID:1005575 PID:1220765 PID:1204932; identified by sequence similarity; putative; Belongs to the LysR transcriptional regulatory family.,10,0.1,2.5588982,11.033275
Plate1_Drawer2 07-Aug-2025 11-29-30,G5,VC_0405,VC_0405,MSHA biogenesis protein MshE; Similar to PID:791156 PID:791159; identified by sequence similarity; putative.,10,0.1,-1.9614948,5.7821045
Plate1_Drawer2 07-Aug-2025 11-29-30,G6,VC_1295,VC_1295,Conserved hypothetical protein; Phosphodiesterase (PDE) that catalyzes the hydrolysis of cyclic diguanylate (c-di-GMP) to GMP in vitro. Increases motility and decreases biofilm formation in vivo.,10,0.1,-5.2435184,4.9151154
Plate1_Drawer2 07-Aug-2025 11-29-30,G7,flgD,VC_2198,Basal-body rod modification protein FlgD; Required for flagellar hook formation. May act as a scaffolding protein.,10,0.1,13.749249,-0.3631362
Plate1_Drawer2 07-Aug-2025 11-29-30,G8,manC,VC_0241,Mannose-1-phosphate guanylyltransferase; Similar to GB:X59554 SP:Q07024 PID:48383; identified by sequence similarity; putative.,10,0.1,5.94628,21.471949
Plate1_Drawer2 07-Aug-2025 11-29-30,H10,trpR,VC_0701,"Trp operon repressor, putative; This protein is an aporepressor. When complexed with L- tryptophan it binds the operator region of the trp operon and prevents the initiation of transcription (By similarity).",10,0.1,2.4047484,11.148263
Plate1_Drawer2 07-Aug-2025 11-29-30,H11,greA,VC_0634,"Transcription elongation factor GreA; Necessary for efficient RNA polymerase transcription elongation past template-encoded arresting sites. The arresting sites in DNA have the property of trapping a certain fraction of elongating RNA polymerases that pass through, resulting in locked ternary complexes. Cleavage of the nascent transcript by cleavage factors such as GreA or GreB allows the resumption of elongation from the new 3'terminus. GreA releases sequences of 2 to 3 nucleotides.",10,0.1,0.91414654,11.501956
Plate1_Drawer2 07-Aug-2025 11-29-30,H12,VC_0419,VC_0419,Cytoplasmic axial filament protein; Similar to SP:P25537 PID:48826 PID:606187 GB:U00096 PID:1789645; identified by sequence similarity; putative.,10,0.1,-0.38362765,6.3932185
Plate1_Drawer2 07-Aug-2025 11-29-30,H1,flhG,VC_2067,MinD-related protein; Similar to GP:3695013; identified by sequence similarity; putative. MULTIPLE FILAMENTS,10,0.1,-0.5766362,2.8458772
Plate1_Drawer2 07-Aug-2025 11-29-30,H2,VC_A0940,VC_A0940,"Transcriptional regulator, DeoR family; Similar to SP:P09392 GB:M96795 PID:146186 PID:606358 GB:U00096; identified by sequence similarity; putative.",10,0.1,1.3763672,9.633032
Plate1_Drawer2 07-Aug-2025 11-29-30,H3,ectA,VC_A0825,"L-2,4-diaminobutyric acid acetyltransferase; Catalyzes the acetylation of L-2,4-diaminobutyrate (DABA) to gamma-N-acetyl-alpha,gamma-diaminobutyric acid (ADABA) with acetyl coenzyme A.",10,0.1,2.951056,10.731636
Plate1_Drawer2 07-Aug-2025 11-29-30,H4,VC_A0840,VC_A0840,"Deoxycytidylate deaminase, putative; Similar to SP:P33968 GB:X70289 PID:396216; identified by sequence similarity; putative.",10,0.1,-0.8549382,7.958028
Plate1_Drawer2 07-Aug-2025 11-29-30,H6,VC_2522,VC_2522,Conserved hypothetical protein; Identified by Glimmer2; putative.,10,0.1,-0.27952278,8.829949
Plate1_Drawer2 07-Aug-2025 11-29-30,H7,glmS,VC_0487,"Glucosamine--fructose-6-phosphate aminotransferase (isomerizing); Catalyzes the first step in hexosamine metabolism, converting fructose-6P into glucosamine-6P using glutamine as a nitrogen source.",10,0.1,-0.91784257,7.719652
Plate1_Drawer2 07-Aug-2025 11-29-30,H8,manA,VC_0269,Mannose-6-phosphate isomerase; Similar to SP:P25081 GB:X57117 PID:48820; identified by sequence similarity; putative; Belongs to the mannose-6-phosphate isomerase type 1 family.,10,0.1,5.9142404,21.139252
Plate1_Drawer2 07-Aug-2025 11-29-30,H9,nusB,VC_2267,N utilization substance protein B; Involved in transcription antitermination. Required for transcription of ribosomal RNA (rRNA) genes. Binds specifically to the boxA antiterminator sequence of the ribosomal RNA (rrn) operons.,10,0.1,-2.0970123,6.0943956
Plate1_Drawer2 22-Jul-2025 10-47-50,A10,VC_1462,VC_1462,RstB2 protein; Similar to GP:2564358; identified by sequence similarity; putative.,10,0.1,-0.58465534,5.6798773
Plate1_Drawer2 22-Jul-2025 10-47-50,A12,wavA,VC_0223,"ADP-heptose--LPS heptosyltransferase II, putative; Similar to GB:L42023 SP:P44011 PID:1003930 PID:1222457 PID:1204774; identified by sequence similarity; putative.",10,0.1,-2.0379841,10.675676
Plate1_Drawer2 22-Jul-2025 10-47-50,A1,ung,VC_2359,uracil-DNA glycosylase; Excises uracil residues from the DNA which can arise as a result of misincorporation of dUMP residues by DNA polymerase or due to deamination of cytosine.,10,0.1,0.6294761,8.11041
Plate1_Drawer2 22-Jul-2025 10-47-50,A2,VC_2453,VC_2453,Sensor histidine kinase/response regulator; Similar to GB:D10888 SP:P26607 PID:216535 PID:882680 GB:U00096; identified by sequence similarity; putative.,10,0.1,0.5782527,7.925393
Plate1_Drawer2 22-Jul-2025 10-47-50,A3,VC_2311,VC_2311,HesA/MoeB/ThiF family protein; Similar to GB:D21145 PID:471103 PID:882707 GB:U00096 SP:Q46927; identified by sequence similarity; putative.,10,0.1,0.25235376,7.232032
Plate1_Drawer2 22-Jul-2025 10-47-50,A4,lipA,VC_0943,"Lipoic acid synthetase; Catalyzes the radical-mediated insertion of two sulfur atoms into the C-6 and C-8 positions of the octanoyl moiety bound to the lipoyl domains of lipoate-dependent enzymes, thereby converting the octanoylated domains into lipoylated derivatives.",10,0.1,5.9714403,15.268676
Plate1_Drawer2 22-Jul-2025 10-47-50,A5,rsmJ,VC_0073,Conserved hypothetical protein; Specifically methylates the guanosine in position 1516 of 16S rRNA.,10,0.1,0.54200757,8.134134
Plate1_Drawer2 22-Jul-2025 10-47-50,A6,potC,VC_1426,"Spermidine/putrescine ABC transporter, permease protein; Similar to GB:M64519 SP:P23859 PID:147328 GB:U00096 PID:1651551; identified by sequence similarity; putative.",10,0.1,-2.331341,4.215749
Plate1_Drawer2 22-Jul-2025 10-47-50,A7,pckA,VC_2738,Phosphoenolpyruvate carboxykinase; Involved in the gluconeogenesis. Catalyzes the conversion of oxaloacetate (OAA) to phosphoenolpyruvate (PEP) through direct phosphoryl transfer between the nucleoside triphosphate and OAA. Belongs to the phosphoenolpyruvate carboxykinase (ATP) family.,10,0.1,4.741353,9.771577
Plate1_Drawer2 22-Jul-2025 10-47-50,A8,rluD,VC_0709,"Ribosomal large subunit pseudouridine synthase D; Responsible for synthesis of pseudouridine from uracil at positions 1911, 1915 and 1917 in 23S ribosomal RNA; Belongs to the pseudouridine synthase RluA family.",10,0.1,-1.3934952,5.7117467
Plate1_Drawer2 22-Jul-2025 10-47-50,A9,vibB,VC_0771,Vibriobactin-specific isochorismatase; Involved in the biosynthesis of the catechol siderophore vibriobactin. Vibriobactin is a chelating compound involved in transporting iron from the bacterial environment into the cell cytoplasm; Belongs to the isochorismatase family.,10,0.1,0.9495505,14.72491
Plate1_Drawer2 22-Jul-2025 10-47-50,B10,flgP,VC_2206,Conserved hypothetical protein; Identified by Glimmer2; putative.,10,0.1,8.603354,3.6172247
Plate1_Drawer2 22-Jul-2025 10-47-50,B11,fliQ,VC_2122,Flagellar biosynthetic protein FliQ; Role in flagellar biosynthesis. Belongs to the FliQ/MopD/SpaQ family.,10,0.1,8.745483,3.3021996
Plate1_Drawer2 22-Jul-2025 10-47-50,B12,argF,VC_2508,Ornithine carbamoyltransferase; Reversibly catalyzes the transfer of the carbamoyl group from carbamoyl phosphate (CP) to the N(epsilon) atom of ornithine (ORN) to produce L-citrulline; Belongs to the aspartate/ornithine carbamoyltransferase superfamily. OTCase family.,10,0.1,-1.3757831,8.5817175
Plate1_Drawer2 22-Jul-2025 10-47-50,B1,flgB,VC_2200,"Flagellar basal-body rod protein FlgB; Structural component of flagellum, the bacterial motility apparatus. Part of the rod structure of flagellar basal body.",10,0.1,9.27233,2.1648777
Plate1_Drawer2 22-Jul-2025 10-47-50,B2,fliS,VC_2138,Flagellar protein FliS; Similar to GB:U12816 PID:1254205; identified by sequence similarity; putative.,10,0.1,9.1131315,2.5035117
Plate1_Drawer2 22-Jul-2025 10-47-50,B3,VC_A1081,VC_A1081,Hypothetical protein; Identified by Glimmer2; putative.,10,0.1,0.21304645,6.2264833
Plate1_Drawer2 22-Jul-2025 10-47-50,B4,VC_1909,VC_1909,Hypothetical protein; Identified by Glimmer2; putative.,10,0.1,-3.524545,5.929508
Plate1_Drawer2 22-Jul-2025 10-47-50,B5,VC_0449,VC_0449,Methyl-accepting chemotaxis protein; Similar to GB:X61367 PID:48195; identified by sequence similarity; putative.,10,0.1,-0.64811397,8.718329
Plate1_Drawer2 22-Jul-2025 10-47-50,B6,VC_1498,VC_1498,Conserved hypothetical protein; Identified by Glimmer2; putative.,10,0.1,-1.135154,9.954969
Plate1_Drawer2 22-Jul-2025 10-47-50,B7,VC_2756,VC_2756,Potassium uptake protein TrkH; Low-affinity potassium transport system. Interacts with Trk system potassium uptake protein TrkA; Belongs to the TrkH potassium transport family.,10,0.1,2.5048451,9.3850765
Plate1_Drawer2 22-Jul-2025 10-47-50,B8,VC_0113,VC_0113,Methyltransferase-related protein; Similar to SP:P37431 PID:295895; identified by sequence similarity; putative.,10,0.1,2.2827435,9.493018
Plate1_Drawer2 22-Jul-2025 10-47-50,B9,VC_1423,VC_1423,Hypothetical protein; Identified by Glimmer2; putative.,10,0.1,-1.6290776,5.5368576
Plate1_Drawer2 22-Jul-2025 10-47-50,C10,epsC,VC_2734,"General secretion pathway protein C; Involved in a type II secretion system (T2SS, formerly general secretion pathway, GSP) for the export of proteins (By similarity). Required for secretion of cholera toxin through the outer membrane.",10,0.1,-3.8294122,1.2345924
Plate1_Drawer2 22-Jul-2025 10-47-50,C11,proQ,VC_1497,"Conserved hypothetical protein; RNA chaperone with significant RNA binding, RNA strand exchange and RNA duplexing activities; Belongs to the ProQ family.",10,0.1,-3.8823962,2.311238
Plate1_Drawer2 22-Jul-2025 10-47-50,C12,VC_2627,VC_2627,DamX-related protein; Similar to SP:P11557 GB:Z19601 PID:41226 PID:43274 PID:606322; identified by sequence similarity; putative.,10,0.1,-2.9009602,3.520425
Plate1_Drawer2 22-Jul-2025 10-47-50,C1,VC_A0588,VC_A0588,"Peptide ABC transporter, ATP-binding protein, putative; Similar to SP:P33916 PID:405909 GB:U00096 PID:1736845 PID:1788506; identified by sequence similarity; putative; Belongs to the ABC transporter superfamily.",10,0.1,-3.832588,1.409895
Plate1_Drawer2 22-Jul-2025 10-47-50,C2,gshB,VC_0468,Glutathione synthetase; Similar to SP:P04425 GB:X01666 PID:41625 PID:882476 GB:U00096; identified by sequence similarity; putative.,10,0.1,2.1306121,15.316948
Plate1_Drawer2 22-Jul-2025 10-47-50,C3,potB,VC_1427,"Spermidine/putrescine ABC transporter, permease protein; Similar to GB:M64519 SP:P23860 PID:147327 GB:U00096 PID:1651552; identified by sequence similarity; putative.",10,0.1,4.9321604,10.083771
Plate1_Drawer2 22-Jul-2025 10-47-50,C4,flgE,VC_2197,Flagellar hook protein FlgE; Similar to GB:X51737 SP:P16322 GB:X52093 PID:47673; identified by sequence similarity; putative.,10,0.1,9.463129,2.1967893
Plate1_Drawer2 22-Jul-2025 10-47-50,C5,glyQ,VC_0021,"glycyl-tRNA synthetase, alpha chain; Similar to SP:P00960 GB:J01622 PID:146222 PID:146225 PID:466698; identified by sequence similarity; putative.",10,0.1,-1.4499092,8.432217
Plate1_Drawer2 22-Jul-2025 10-47-50,C6,VC_0462,VC_0462,Twitching motility protein PilT; Similar to SP:P24559 GB:X67095 PID:151490; identified by sequence similarity; putative.,10,0.1,0.05420589,6.943612
Plate1_Drawer2 22-Jul-2025 10-47-50,C7,flhA,VC_2069,"Flagellar biosynthetic protein FlhA; Required for formation of the rod structure of the flagellar apparatus. Together with FliI and FliH, may constitute the export apparatus of flagellin; Belongs to the FHIPEP (flagella/HR/invasion proteins export pore) family.",10,0.1,8.949549,2.8219106
Plate1_Drawer2 22-Jul-2025 10-47-50,C8,VC_0399,VC_0399,MSHA biogenesis protein MshI; Similar to PID:791156 PID:791153; identified by sequence similarity; putative.,10,0.1,0.16319774,6.723132
Plate1_Drawer2 22-Jul-2025 10-47-50,C9,fliD,VC_2140,"Flagellar hook-associated protein FliD; FILAMENT CAP Required for the morphogenesis and for the elongation of the flagellar filament by facilitating polymerization of the flagellin monomers at the tip of growing filament. Forms a capping structure, which prevents flagellin subunits (transported through the central channel of the flagellum) from leaking out without polymerization at the distal end (By similarity).",10,0.1,0.28226194,6.223865
Plate1_Drawer2 22-Jul-2025 10-47-50,D11,VC_2718; VC_2719,VC_2718; VC_2719,,10,0.1,10.697519,12.477471
Plate1_Drawer2 22-Jul-2025 10-47-50,D12,wbeG,VC_0245,rfbG protein; Similar to GB:X59554 PID:48387; identified by sequence similarity; putative.,10,0.1,-1.976716,10.667468
Plate1_Drawer2 22-Jul-2025 10-47-50,D1,VC_0196,VC_0196,ATP-dependent DNA helicase RecQ; Similar to GB:M87049 SP:P15043 GB:M30198 PID:147559 PID:148221; identified by sequence similarity; putative.,10,0.1,-0.45428675,9.514554
Plate1_Drawer2 22-Jul-2025 10-47-50,D2,VC_1933,VC_1933,Hypothetical protein; Identified by Glimmer2; putative.,10,0.1,0.5454626,8.015502
Plate1_Drawer2 22-Jul-2025 10-47-50,D3,VC_A0001,VC_A0001,Hypothetical protein; Identified by Glimmer2; putative.,10,0.1,-1.9469652,5.6966124
Plate1_Drawer2 22-Jul-2025 10-47-50,D4,fadR,VC_1900,Fatty acid metabolism regulator protein; Multifunctional regulator of fatty acid metabolism.,10,0.1,6.5761595,14.279631
Plate1_Drawer2 22-Jul-2025 10-47-50,D5,pilC,VC_2425,Type IV pilin biogenesis protein PilC; Involved in the translocation of the type IV pilin; Belongs to the GSP F family.,10,0.1,-1.384085,8.544133
Plate1_Drawer2 22-Jul-2025 10-47-50,D6,pta,VC_1097,Phosphate acetyltransferase; Involved in acetate metabolism; In the N-terminal section; belongs to the CobB/CobQ family.,10,0.1,-4.8490224,3.081553
Plate1_Drawer2 22-Jul-2025 10-47-50,D7,VC_A0800,VC_A0800,creA protein; Similar to SP:P08367 GB:M13608 PID:147249 PID:147691 PID:537237; identified by sequence similarity; putative.,10,0.1,4.942323,10.058516
Plate1_Drawer2 22-Jul-2025 10-47-50,D8,wzt,VC_0247,lipopolysaccharide/O-antigen transport protein; Similar to GB:X59554 PID:48389; identified by sequence similarity; putative.,10,0.1,-0.8693837,12.024023
Plate1_Drawer2 22-Jul-2025 10-47-50,D9,wbeM,VC_0250,Iron-containing alcohol dehydrogenase family protein RfbM; Similar to GB:M26941 SP:P13604 PID:144714; identified by sequence similarity; putative.,10,0.1,-1.1166352,11.92445
Plate1_Drawer2 22-Jul-2025 10-47-50,E10,VC_1887,VC_1887,Hypothetical protein; Identified by Glimmer2; putative.,10,0.1,8.595449,12.65064
Plate1_Drawer2 22-Jul-2025 10-47-50,E11,VC_A0620,VC_A0620,"Thiosulfate sulfurtransferase SseA, putative; Similar to SP:P31142 GB:U00096 PID:1788869 PID:1799924; identified by sequence similarity; putative.",10,0.1,-4.4439454,2.5838025
Plate1_Drawer2 22-Jul-2025 10-47-50,E1,VC_A0759,VC_A0759,"Arginine ABC transporter, periplasmic arginine-binding protein; Similar to SP:P30859 GB:X67753 GB:X86160 PID:40931 PID:769791; identified by sequence similarity; putative; Belongs to the bacterial solute-binding protein 3 family.",10,0.1,-0.64154655,9.444367
Plate1_Drawer2 22-Jul-2025 10-47-50,E2,VC_A0785,VC_A0785,GGDEF family protein; Similar to PID:1651932; identified by sequence similarity; putative.,10,0.1,3.6322231,11.13534
Plate1_Drawer2 22-Jul-2025 10-47-50,E3,fliE,VC_2134,Flagellar hook-basal body complex protein FliE; Similar to PID:2338730; identified by sequence similarity; putative.,10,0.1,8.845348,3.1890228
Plate1_Drawer2 22-Jul-2025 10-47-50,E4,VC_1581,VC_1581,"NADH dehydrogenase, putative; Similar to SP:P33607 PID:397909 GB:U00096 PID:1788614 PID:1799638; identified by sequence similarity; putative.",10,0.1,-2.3598604,5.62358
Plate1_Drawer2 22-Jul-2025 10-47-50,E5,fliP,VC_2123,Flagellar biosynthetic protein FliP; Plays a role in the flagellum-specific transport system. Belongs to the FliP/MopC/SpaP family.,10,0.1,9.10546,2.5362234
Plate1_Drawer2 22-Jul-2025 10-47-50,E7,VC_2714,VC_2714,Transcriptional regulator OmpR; Similar to PID:2108342; identified by sequence similarity; putative.,10,0.1,-4.550425,6.4861183
Plate1_Drawer2 22-Jul-2025 10-47-50,E9,VC_1154,VC_1154,Hypothetical protein; Identified by Glimmer2; putative.,10,0.1,-4.6159005,6.037442
Plate1_Drawer2 22-Jul-2025 10-47-50,F10,cdgJ,VC_0137,Conserved hypothetical protein; Phosphodiesterase (PDE) that catalyzes the hydrolysis of cyclic diguanylate (c-di-GMP). Positively regulates motility and negatively regulates biofilm formation.,10,0.1,0.38032508,11.462763
Plate1_Drawer2 22-Jul-2025 10-47-50,F11,recO,VC_2459,DNA repair protein RecO; Involved in DNA repair and RecF pathway recombination.,10,0.1,2.2143915,11.015068
Plate1_Drawer2 22-Jul-2025 10-47-50,F12,VC_A0999,VC_A0999,"Transcriptional regulator, TetR family; Similar to GB:U00096 PID:1787354; identified by sequence similarity; putative.",10,0.1,-1.1981586,9.598839
Plate1_Drawer2 22-Jul-2025 10-47-50,F2,VC_2224,VC_2224,GGDEF family protein; Similar to GB:U00096 PID:1787603; identified by sequence similarity; putative.,10,0.1,-5.2542787,3.0978322
Plate1_Drawer2 22-Jul-2025 10-47-50,F3,VC_A1099,VC_A1099,"ABC transporter, permease protein; Similar to SP:P33591 GB:X73143 PID:404846 PID:466613 GB:U00096; identified by sequence similarity; putative.",10,0.1,-4.252303,0.91268545
Plate1_Drawer2 22-Jul-2025 10-47-50,F4,VC_1320,VC_1320,DNA-binding response regulator; Similar to PID:1079807 SP:P52108 GB:U00096 PID:1742647 PID:1742658; identified by sequence similarity; putative.,10,0.1,-4.8632874,2.4397693
Plate1_Drawer2 22-Jul-2025 10-47-50,F5,VC_1319,VC_1319,Sensor histidine kinase; Similar to GB:M36795 SP:P08336 GB:X13307 PID:145590 PID:305015; identified by sequence similarity; putative.,10,0.1,-4.6344643,2.000616
Plate1_Drawer2 22-Jul-2025 10-47-50,F6,VC_A0536,VC_A0536,Conserved hypothetical protein; Identified by Glimmer2; putative.,10,0.1,-3.2236035,4.9349556
Plate1_Drawer2 22-Jul-2025 10-47-50,F7,VC_1414,VC_1414,"Thermostable carboxypeptidase 1; Broad specificity carboxypetidase that releases amino acids sequentially from the C-terminus, including neutral, aromatic, polar and basic residues.",10,0.1,-5.1549554,5.118732
Plate1_Drawer2 22-Jul-2025 10-47-50,F8,VC_A0527,VC_A0527,Conserved hypothetical protein; Identified by Glimmer2; putative.,10,0.1,-4.6828527,2.0308084
Plate1_Drawer2 22-Jul-2025 10-47-50,F9,argH,VC_2641,Argininosuccinate lyase; Similar to SP:P11447 GB:J01590 GB:M21446 PID:145335 PID:396307; identified by sequence similarity; putative.,10,0.1,-4.619967,2.0695915
Plate1_Drawer2 22-Jul-2025 10-47-50,G10,rluE,VC_1140,Pseudouridine synthase family 1 protein; Responsible for synthesis of pseudouridine from uracil-2457 in 23S ribosomal RNA; Belongs to the pseudouridine synthase RsuA family.,10,0.1,2.101011,9.782116
Plate1_Drawer2 22-Jul-2025 10-47-50,G11,VC_2524,VC_2524,Conserved hypothetical protein; Catalyzes the hydrolysis of 3-deoxy-D-manno-octulosonate 8- phosphate (KDO 8-P) to 3-deoxy-D-manno-octulosonate (KDO) and inorganic phosphate; Belongs to the KdsC family.,10,0.1,-3.624837,4.335504
Plate1_Drawer2 22-Jul-2025 10-47-50,G12,VC_0900,VC_0900,GGDEF family protein; Similar to PID:1652841; identified by sequence similarity; putative.,10,0.1,7.979725,11.115481
Plate1_Drawer2 22-Jul-2025 10-47-50,G2,VC_A0171,VC_A0171,Conserved hypothetical protein; Identified by Glimmer2; putative.,10,0.1,4.4983,10.480447
Plate1_Drawer2 22-Jul-2025 10-47-50,G3,fliJ,VC_2129,"Flagellar protein FliJ, putative; Similar to PID:1071644 SP:P52613 GB:U00096 PID:1736608 PID:1788252; identified by sequence similarity; putative.",10,0.1,9.349835,2.4788728
Plate1_Drawer2 22-Jul-2025 10-47-50,G4,VC_0161,VC_0161,Transcriptional activator IlvY; Similar to GB:L42023 SP:P44821 PID:1005575 PID:1220765 PID:1204932; identified by sequence similarity; putative; Belongs to the LysR transcriptional regulatory family.,10,0.1,2.0533335,9.117562
Plate1_Drawer2 22-Jul-2025 10-47-50,G5,VC_0405,VC_0405,MSHA biogenesis protein MshE; Similar to PID:791156 PID:791159; identified by sequence similarity; putative.,10,0.1,-2.1779916,5.598848
Plate1_Drawer2 22-Jul-2025 10-47-50,G6,VC_1295,VC_1295,Conserved hypothetical protein; Phosphodiesterase (PDE) that catalyzes the hydrolysis of cyclic diguanylate (c-di-GMP) to GMP in vitro. Increases motility and decreases biofilm formation in vivo.,10,0.1,-4.738348,2.7338307
Plate1_Drawer2 22-Jul-2025 10-47-50,G7,flgD,VC_2198,Basal-body rod modification protein FlgD; Required for flagellar hook formation. May act as a scaffolding protein.,10,0.1,13.734454,-0.34721595
Plate1_Drawer2 22-Jul-2025 10-47-50,G8,manC,VC_0241,Mannose-1-phosphate guanylyltransferase; Similar to GB:X59554 SP:Q07024 PID:48383; identified by sequence similarity; putative.,10,0.1,5.978284,21.222055
Plate1_Drawer2 22-Jul-2025 10-47-50,H10,trpR,VC_0701,"Trp operon repressor, putative; This protein is an aporepressor. When complexed with L- tryptophan it binds the operator region of the trp operon and prevents the initiation of transcription (By similarity).",10,0.1,2.1318216,9.115813
Plate1_Drawer2 22-Jul-2025 10-47-50,H11,greA,VC_0634,"Transcription elongation factor GreA; Necessary for efficient RNA polymerase transcription elongation past template-encoded arresting sites. The arresting sites in DNA have the property of trapping a certain fraction of elongating RNA polymerases that pass through, resulting in locked ternary complexes. Cleavage of the nascent transcript by cleavage factors such as GreA or GreB allows the resumption of elongation from the new 3'terminus. GreA releases sequences of 2 to 3 nucleotides.",10,0.1,-2.3141408,5.637193
Plate1_Drawer2 22-Jul-2025 10-47-50,H12,VC_0419,VC_0419,Cytoplasmic axial filament protein; Similar to SP:P25537 PID:48826 PID:606187 GB:U00096 PID:1789645; identified by sequence similarity; putative.,10,0.1,-0.03053963,6.96762
Plate1_Drawer2 22-Jul-2025 10-47-50,H1,flhG,VC_2067,MinD-related protein; Similar to GP:3695013; identified by sequence similarity; putative. MULTIPLE FILAMENTS,10,0.1,-0.39578897,2.9540105
Plate1_Drawer2 22-Jul-2025 10-47-50,H2,VC_A0940,VC_A0940,"Transcriptional regulator, DeoR family; Similar to SP:P09392 GB:M96795 PID:146186 PID:606358 GB:U00096; identified by sequence similarity; putative.",10,0.1,2.7773268,9.446151
Plate1_Drawer2 22-Jul-2025 10-47-50,H3,ectA,VC_A0825,"L-2,4-diaminobutyric acid acetyltransferase; Catalyzes the acetylation of L-2,4-diaminobutyrate (DABA) to gamma-N-acetyl-alpha,gamma-diaminobutyric acid (ADABA) with acetyl coenzyme A.",10,0.1,-0.51764905,9.976956
Plate1_Drawer2 22-Jul-2025 10-47-50,H4,VC_A0840,VC_A0840,"Deoxycytidylate deaminase, putative; Similar to SP:P33968 GB:X70289 PID:396216; identified by sequence similarity; putative.",10,0.1,0.3611397,6.6374664
Plate1_Drawer2 22-Jul-2025 10-47-50,H6,VC_2522,VC_2522,Conserved hypothetical protein; Identified by Glimmer2; putative.,10,0.1,-1.8375311,5.9244328
Plate1_Drawer2 22-Jul-2025 10-47-50,H7,glmS,VC_0487,"Glucosamine--fructose-6-phosphate aminotransferase (isomerizing); Catalyzes the first step in hexosamine metabolism, converting fructose-6P into glucosamine-6P using glutamine as a nitrogen source.",10,0.1,-3.2681315,5.0219765
Plate1_Drawer2 22-Jul-2025 10-47-50,H8,manA,VC_0269,Mannose-6-phosphate isomerase; Similar to SP:P25081 GB:X57117 PID:48820; identified by sequence similarity; putative; Belongs to the mannose-6-phosphate isomerase type 1 family.,10,0.1,6.0471687,21.466795
Plate1_Drawer2 22-Jul-2025 10-47-50,H9,nusB,VC_2267,N utilization substance protein B; Involved in transcription antitermination. Required for transcription of ribosomal RNA (rRNA) genes. Binds specifically to the boxA antiterminator sequence of the ribosomal RNA (rrn) operons.,10,0.1,-3.1019115,4.8445606
Plate1_Drawer2 25-Aug-2025 11-46-41,A10,VC_1462,VC_1462,RstB2 protein; Similar to GP:2564358; identified by sequence similarity; putative.,10,0.1,1.1698912,11.273399
Plate1_Drawer2 25-Aug-2025 11-46-41,A12,wavA,VC_0223,"ADP-heptose--LPS heptosyltransferase II, putative; Similar to GB:L42023 SP:P44011 PID:1003930 PID:1222457 PID:1204774; identified by sequence similarity; putative.",10,0.1,-1.6924635,11.152244
Plate1_Drawer2 25-Aug-2025 11-46-41,A1,ung,VC_2359,uracil-DNA glycosylase; Excises uracil residues from the DNA which can arise as a result of misincorporation of dUMP residues by DNA polymerase or due to deamination of cytosine.,10,0.1,0.27076152,8.9131155
Plate1_Drawer2 25-Aug-2025 11-46-41,A2,VC_2453,VC_2453,Sensor histidine kinase/response regulator; Similar to GB:D10888 SP:P26607 PID:216535 PID:882680 GB:U00096; identified by sequence similarity; putative.,10,0.1,0.87137985,8.155194
Plate1_Drawer2 25-Aug-2025 11-46-41,A3,VC_2311,VC_2311,HesA/MoeB/ThiF family protein; Similar to GB:D21145 PID:471103 PID:882707 GB:U00096 SP:Q46927; identified by sequence similarity; putative.,10,0.1,-0.18539907,8.072179
Plate1_Drawer2 25-Aug-2025 11-46-41,A5,rsmJ,VC_0073,Conserved hypothetical protein; Specifically methylates the guanosine in position 1516 of 16S rRNA.,10,0.1,-0.45612684,7.994433
Plate1_Drawer2 25-Aug-2025 11-46-41,A6,potC,VC_1426,"Spermidine/putrescine ABC transporter, permease protein; Similar to GB:M64519 SP:P23859 PID:147328 GB:U00096 PID:1651551; identified by sequence similarity; putative.",10,0.1,-1.1861765,9.006198
Plate1_Drawer2 25-Aug-2025 11-46-41,A7,pckA,VC_2738,Phosphoenolpyruvate carboxykinase; Involved in the gluconeogenesis. Catalyzes the conversion of oxaloacetate (OAA) to phosphoenolpyruvate (PEP) through direct phosphoryl transfer between the nucleoside triphosphate and OAA. Belongs to the phosphoenolpyruvate carboxykinase (ATP) family.,10,0.1,4.4297476,10.846825
Plate1_Drawer2 25-Aug-2025 11-46-41,A8,rluD,VC_0709,"Ribosomal large subunit pseudouridine synthase D; Responsible for synthesis of pseudouridine from uracil at positions 1911, 1915 and 1917 in 23S ribosomal RNA; Belongs to the pseudouridine synthase RluA family.",10,0.1,-1.0072501,6.3525634
Plate1_Drawer2 25-Aug-2025 11-46-41,A9,vibB,VC_0771,Vibriobactin-specific isochorismatase; Involved in the biosynthesis of the catechol siderophore vibriobactin. Vibriobactin is a chelating compound involved in transporting iron from the bacterial environment into the cell cytoplasm; Belongs to the isochorismatase family.,10,0.1,1.0123341,14.660136
Plate1_Drawer2 25-Aug-2025 11-46-41,B10,flgP,VC_2206,Conserved hypothetical protein; Identified by Glimmer2; putative.,10,0.1,2.144865,8.913144
Plate1_Drawer2 25-Aug-2025 11-46-41,B11,fliQ,VC_2122,Flagellar biosynthetic protein FliQ; Role in flagellar biosynthesis. Belongs to the FliQ/MopD/SpaQ family.,10,0.1,8.593071,4.735977
Plate1_Drawer2 25-Aug-2025 11-46-41,B12,argF,VC_2508,Ornithine carbamoyltransferase; Reversibly catalyzes the transfer of the carbamoyl group from carbamoyl phosphate (CP) to the N(epsilon) atom of ornithine (ORN) to produce L-citrulline; Belongs to the aspartate/ornithine carbamoyltransferase superfamily. OTCase family.,10,0.1,-2.5275936,8.945494
Plate1_Drawer2 25-Aug-2025 11-46-41,B1,flgB,VC_2200,"Flagellar basal-body rod protein FlgB; Structural component of flagellum, the bacterial motility apparatus. Part of the rod structure of flagellar basal body.",10,0.1,1.1590399,6.055496
Plate1_Drawer2 25-Aug-2025 11-46-41,B2,fliS,VC_2138,Flagellar protein FliS; Similar to GB:U12816 PID:1254205; identified by sequence similarity; putative.,10,0.1,8.95454,3.9010818
Plate1_Drawer2 25-Aug-2025 11-46-41,B3,VC_A1081,VC_A1081,Hypothetical protein; Identified by Glimmer2; putative.,10,0.1,1.672438,9.117529
Plate1_Drawer2 25-Aug-2025 11-46-41,B4,VC_1909,VC_1909,Hypothetical protein; Identified by Glimmer2; putative.,10,0.1,-1.2014592,7.141925
Plate1_Drawer2 25-Aug-2025 11-46-41,B5,VC_0449,VC_0449,Methyl-accepting chemotaxis protein; Similar to GB:X61367 PID:48195; identified by sequence similarity; putative.,10,0.1,-2.7778437,9.254951
Plate1_Drawer2 25-Aug-2025 11-46-41,B6,VC_1498,VC_1498,Conserved hypothetical protein; Identified by Glimmer2; putative.,10,0.1,-1.3004168,9.832717
Plate1_Drawer2 25-Aug-2025 11-46-41,B7,VC_2756,VC_2756,Potassium uptake protein TrkH; Low-affinity potassium transport system. Interacts with Trk system potassium uptake protein TrkA; Belongs to the TrkH potassium transport family.,10,0.1,2.0168223,10.607422
Plate1_Drawer2 25-Aug-2025 11-46-41,B8,VC_0113,VC_0113,Methyltransferase-related protein; Similar to SP:P37431 PID:295895; identified by sequence similarity; putative.,10,0.1,1.7212492,11.173961
Plate1_Drawer2 25-Aug-2025 11-46-41,B9,VC_1423,VC_1423,Hypothetical protein; Identified by Glimmer2; putative.,10,0.1,-2.1292129,4.2803016
Plate1_Drawer2 25-Aug-2025 11-46-41,C10,epsC,VC_2734,"General secretion pathway protein C; Involved in a type II secretion system (T2SS, formerly general secretion pathway, GSP) for the export of proteins (By similarity). Required for secretion of cholera toxin through the outer membrane.",10,0.1,-3.967898,1.0559189
Plate1_Drawer2 25-Aug-2025 11-46-41,C11,proQ,VC_1497,"Conserved hypothetical protein; RNA chaperone with significant RNA binding, RNA strand exchange and RNA duplexing activities; Belongs to the ProQ family.",10,0.1,-3.968863,2.2231064
Plate1_Drawer2 25-Aug-2025 11-46-41,C12,VC_2627,VC_2627,DamX-related protein; Similar to SP:P11557 GB:Z19601 PID:41226 PID:43274 PID:606322; identified by sequence similarity; putative.,10,0.1,-1.7504596,5.5547442
Plate1_Drawer2 25-Aug-2025 11-46-41,C1,VC_A0588,VC_A0588,"Peptide ABC transporter, ATP-binding protein, putative; Similar to SP:P33916 PID:405909 GB:U00096 PID:1736845 PID:1788506; identified by sequence similarity; putative; Belongs to the ABC transporter superfamily.",10,0.1,-5.0986185,6.8403015
Plate1_Drawer2 25-Aug-2025 11-46-41,C2,gshB,VC_0468,Glutathione synthetase; Similar to SP:P04425 GB:X01666 PID:41625 PID:882476 GB:U00096; identified by sequence similarity; putative.,10,0.1,2.2828896,15.469542
Plate1_Drawer2 25-Aug-2025 11-46-41,C3,potB,VC_1427,"Spermidine/putrescine ABC transporter, permease protein; Similar to GB:M64519 SP:P23860 PID:147327 GB:U00096 PID:1651552; identified by sequence similarity; putative.",10,0.1,4.675221,10.562001
Plate1_Drawer2 25-Aug-2025 11-46-41,C4,flgE,VC_2197,Flagellar hook protein FlgE; Similar to GB:X51737 SP:P16322 GB:X52093 PID:47673; identified by sequence similarity; putative.,10,0.1,9.215206,1.7589821
Plate1_Drawer2 25-Aug-2025 11-46-41,C5,glyQ,VC_0021,"glycyl-tRNA synthetase, alpha chain; Similar to SP:P00960 GB:J01622 PID:146222 PID:146225 PID:466698; identified by sequence similarity; putative.",10,0.1,-2.0873184,8.813849
Plate1_Drawer2 25-Aug-2025 11-46-41,C6,VC_0462,VC_0462,Twitching motility protein PilT; Similar to SP:P24559 GB:X67095 PID:151490; identified by sequence similarity; putative.,10,0.1,-1.712929,8.488493
Plate1_Drawer2 25-Aug-2025 11-46-41,C7,flhA,VC_2069,"Flagellar biosynthetic protein FlhA; Required for formation of the rod structure of the flagellar apparatus. Together with FliI and FliH, may constitute the export apparatus of flagellin; Belongs to the FHIPEP (flagella/HR/invasion proteins export pore) family.",10,0.1,4.703334,9.557564
Plate1_Drawer2 25-Aug-2025 11-46-41,C8,VC_0399,VC_0399,MSHA biogenesis protein MshI; Similar to PID:791156 PID:791153; identified by sequence similarity; putative.,10,0.1,0.15200357,8.529636
Plate1_Drawer2 25-Aug-2025 11-46-41,C9,fliD,VC_2140,"Flagellar hook-associated protein FliD; FILAMENT CAP Required for the morphogenesis and for the elongation of the flagellar filament by facilitating polymerization of the flagellin monomers at the tip of growing filament. Forms a capping structure, which prevents flagellin subunits (transported through the central channel of the flagellum) from leaking out without polymerization at the distal end (By similarity).",10,0.1,-2.8767602,3.5969725
Plate1_Drawer2 25-Aug-2025 11-46-41,D10,VC_2270,VC_2270,Riboflavin,10,0.1,0.9240149,14.754631
Plate1_Drawer2 25-Aug-2025 11-46-41,D11,VC_2718; VC_2719,VC_2718; VC_2719,,10,0.1,10.731626,12.53077
Plate1_Drawer2 25-Aug-2025 11-46-41,D12,wbeG,VC_0245,rfbG protein; Similar to GB:X59554 PID:48387; identified by sequence similarity; putative.,10,0.1,-1.67189,11.209323
Plate1_Drawer2 25-Aug-2025 11-46-41,D1,VC_0196,VC_0196,ATP-dependent DNA helicase RecQ; Similar to GB:M87049 SP:P15043 GB:M30198 PID:147559 PID:148221; identified by sequence similarity; putative.,10,0.1,-0.497695,10.26514
Plate1_Drawer2 25-Aug-2025 11-46-41,D2,VC_1933,VC_1933,Hypothetical protein; Identified by Glimmer2; putative.,10,0.1,0.115055,8.241388
Plate1_Drawer2 25-Aug-2025 11-46-41,D3,VC_A0001,VC_A0001,Hypothetical protein; Identified by Glimmer2; putative.,10,0.1,-2.35872,5.6120133
Plate1_Drawer2 25-Aug-2025 11-46-41,D4,fadR,VC_1900,Fatty acid metabolism regulator protein; Multifunctional regulator of fatty acid metabolism.,10,0.1,6.635579,14.223135
Plate1_Drawer2 25-Aug-2025 11-46-41,D5,pilC,VC_2425,Type IV pilin biogenesis protein PilC; Involved in the translocation of the type IV pilin; Belongs to the GSP F family.,10,0.1,-1.4713033,10.032129
Plate1_Drawer2 25-Aug-2025 11-46-41,D6,pta,VC_1097,Phosphate acetyltransferase; Involved in acetate metabolism; In the N-terminal section; belongs to the CobB/CobQ family.,10,0.1,-5.2652745,1.8979751
Plate1_Drawer2 25-Aug-2025 11-46-41,D7,VC_A0800,VC_A0800,creA protein; Similar to SP:P08367 GB:M13608 PID:147249 PID:147691 PID:537237; identified by sequence similarity; putative.,10,0.1,4.636437,10.856763
Plate1_Drawer2 25-Aug-2025 11-46-41,D8,wzt,VC_0247,lipopolysaccharide/O-antigen transport protein; Similar to GB:X59554 PID:48389; identified by sequence similarity; putative.,10,0.1,-0.21298188,6.5087123
Plate1_Drawer2 25-Aug-2025 11-46-41,D9,wbeM,VC_0250,Iron-containing alcohol dehydrogenase family protein RfbM; Similar to GB:M26941 SP:P13604 PID:144714; identified by sequence similarity; putative.,10,0.1,-2.1188455,13.600358
Plate1_Drawer2 25-Aug-2025 11-46-41,E10,VC_1887,VC_1887,Hypothetical protein; Identified by Glimmer2; putative.,10,0.1,7.467255,12.489923
Plate1_Drawer2 25-Aug-2025 11-46-41,E11,VC_A0620,VC_A0620,"Thiosulfate sulfurtransferase SseA, putative; Similar to SP:P31142 GB:U00096 PID:1788869 PID:1799924; identified by sequence similarity; putative.",10,0.1,-4.330625,1.7532228
Plate1_Drawer2 25-Aug-2025 11-46-41,E12,trmJ,VC_0746,"RNA methyltransferase, TrmH family; Catalyzes the formation of 2'O-methylated cytidine (Cm32) or 2'O-methylated uridine (Um32) at position 32 in tRNA.",10,0.1,-4.7570925,3.4826806
Plate1_Drawer2 25-Aug-2025 11-46-41,E1,VC_A0759,VC_A0759,"Arginine ABC transporter, periplasmic arginine-binding protein; Similar to SP:P30859 GB:X67753 GB:X86160 PID:40931 PID:769791; identified by sequence similarity; putative; Belongs to the bacterial solute-binding protein 3 family.",10,0.1,1.4664255,10.928072
Plate1_Drawer2 25-Aug-2025 11-46-41,E2,VC_A0785,VC_A0785,GGDEF family protein; Similar to PID:1651932; identified by sequence similarity; putative.,10,0.1,4.379339,10.370831
Plate1_Drawer2 25-Aug-2025 11-46-41,E3,fliE,VC_2134,Flagellar hook-basal body complex protein FliE; Similar to PID:2338730; identified by sequence similarity; putative.,10,0.1,9.127809,2.5182252
Plate1_Drawer2 25-Aug-2025 11-46-41,E4,VC_1581,VC_1581,"NADH dehydrogenase, putative; Similar to SP:P33607 PID:397909 GB:U00096 PID:1788614 PID:1799638; identified by sequence similarity; putative.",10,0.1,-2.79834,5.2144637
Plate1_Drawer2 25-Aug-2025 11-46-41,E5,fliP,VC_2123,Flagellar biosynthetic protein FliP; Plays a role in the flagellum-specific transport system. Belongs to the FliP/MopC/SpaP family.,10,0.1,8.659954,4.983788
Plate1_Drawer2 25-Aug-2025 11-46-41,E6,lpxM,VC_0212,Lipid A biosynthesis (kdo)2-(lauroyl)-lipid IVA acyltransferase; Catalyzes the transfer of myristate from myristoyl-acyl carrier protein (ACP) to Kdo(2)-(lauroyl)-lipid IV(A) to form Kdo(2)- lipid A.,10,0.1,3.8859692,9.185775
Plate1_Drawer2 25-Aug-2025 11-46-41,E7,VC_2714,VC_2714,Transcriptional regulator OmpR; Similar to PID:2108342; identified by sequence similarity; putative.,10,0.1,-5.6894546,2.5308492
Plate1_Drawer2 25-Aug-2025 11-46-41,E9,VC_1154,VC_1154,Hypothetical protein; Identified by Glimmer2; putative.,10,0.1,-4.9614134,5.1902194
Plate1_Drawer2 25-Aug-2025 11-46-41,F10,cdgJ,VC_0137,Conserved hypothetical protein; Phosphodiesterase (PDE) that catalyzes the hydrolysis of cyclic diguanylate (c-di-GMP). Positively regulates motility and negatively regulates biofilm formation.,10,0.1,-0.807156,7.1725454
Plate1_Drawer2 25-Aug-2025 11-46-41,F11,recO,VC_2459,DNA repair protein RecO; Involved in DNA repair and RecF pathway recombination.,10,0.1,2.0721068,9.955878
Plate1_Drawer2 25-Aug-2025 11-46-41,F12,VC_A0999,VC_A0999,"Transcriptional regulator, TetR family; Similar to GB:U00096 PID:1787354; identified by sequence similarity; putative.",10,0.1,-0.65540415,9.914519
Plate1_Drawer2 25-Aug-2025 11-46-41,F2,VC_2224,VC_2224,GGDEF family protein; Similar to GB:U00096 PID:1787603; identified by sequence similarity; putative.,10,0.1,-5.2918615,4.5558577
Plate1_Drawer2 25-Aug-2025 11-46-41,F3,VC_A1099,VC_A1099,"ABC transporter, permease protein; Similar to SP:P33591 GB:X73143 PID:404846 PID:466613 GB:U00096; identified by sequence similarity; putative.",10,0.1,-5.699351,2.5793076
Plate1_Drawer2 25-Aug-2025 11-46-41,F4,VC_1320,VC_1320,DNA-binding response regulator; Similar to PID:1079807 SP:P52108 GB:U00096 PID:1742647 PID:1742658; identified by sequence similarity; putative.,10,0.1,-5.7566285,3.3880744
Plate1_Drawer2 25-Aug-2025 11-46-41,F5,VC_1319,VC_1319,Sensor histidine kinase; Similar to GB:M36795 SP:P08336 GB:X13307 PID:145590 PID:305015; identified by sequence similarity; putative.,10,0.1,-5.673015,3.713148
Plate1_Drawer2 25-Aug-2025 11-46-41,F6,VC_A0536,VC_A0536,Conserved hypothetical protein; Identified by Glimmer2; putative.,10,0.1,-3.0448053,5.173075
Plate1_Drawer2 25-Aug-2025 11-46-41,F7,VC_1414,VC_1414,"Thermostable carboxypeptidase 1; Broad specificity carboxypetidase that releases amino acids sequentially from the C-terminus, including neutral, aromatic, polar and basic residues.",10,0.1,-4.165035,0.902257
Plate1_Drawer2 25-Aug-2025 11-46-41,F8,VC_A0527,VC_A0527,Conserved hypothetical protein; Identified by Glimmer2; putative.,10,0.1,-5.6590114,2.5315287
Plate1_Drawer2 25-Aug-2025 11-46-41,F9,argH,VC_2641,Argininosuccinate lyase; Similar to SP:P11447 GB:J01590 GB:M21446 PID:145335 PID:396307; identified by sequence similarity; putative.,10,0.1,-5.0265822,2.7409875
Plate1_Drawer2 25-Aug-2025 11-46-41,G10,rluE,VC_1140,Pseudouridine synthase family 1 protein; Responsible for synthesis of pseudouridine from uracil-2457 in 23S ribosomal RNA; Belongs to the pseudouridine synthase RsuA family.,10,0.1,2.406943,11.016688
Plate1_Drawer2 25-Aug-2025 11-46-41,G11,VC_2524,VC_2524,Conserved hypothetical protein; Catalyzes the hydrolysis of 3-deoxy-D-manno-octulosonate 8- phosphate (KDO 8-P) to 3-deoxy-D-manno-octulosonate (KDO) and inorganic phosphate; Belongs to the KdsC family.,10,0.1,-5.592188,2.9906354
Plate1_Drawer2 25-Aug-2025 11-46-41,G12,VC_0900,VC_0900,GGDEF family protein; Similar to PID:1652841; identified by sequence similarity; putative.,10,0.1,4.052871,9.287269
Plate1_Drawer2 25-Aug-2025 11-46-41,G1,guaB,VC_0767,"Inosine-5`-monophosphate dehydrogenase; Catalyzes the conversion of inosine 5'-phosphate (IMP) to xanthosine 5'-phosphate (XMP), the first committed and rate-limiting step in the de novo synthesis of guanine nucleotides, and therefore plays an important role in the regulation of cell growth. Belongs to the IMPDH/GMPR family.",10,0.1,1.0739775,14.177579
Plate1_Drawer2 25-Aug-2025 11-46-41,G2,VC_A0171,VC_A0171,Conserved hypothetical protein; Identified by Glimmer2; putative.,10,0.1,3.5781674,10.398855
Plate1_Drawer2 25-Aug-2025 11-46-41,G3,fliJ,VC_2129,"Flagellar protein FliJ, putative; Similar to PID:1071644 SP:P52613 GB:U00096 PID:1736608 PID:1788252; identified by sequence similarity; putative.",10,0.1,1.067441,5.9852753
Plate1_Drawer2 25-Aug-2025 11-46-41,G4,VC_0161,VC_0161,Transcriptional activator IlvY; Similar to GB:L42023 SP:P44821 PID:1005575 PID:1220765 PID:1204932; identified by sequence similarity; putative; Belongs to the LysR transcriptional regulatory family.,10,0.1,2.0116208,10.082053
Plate1_Drawer2 25-Aug-2025 11-46-41,G5,VC_0405,VC_0405,MSHA biogenesis protein MshE; Similar to PID:791156 PID:791159; identified by sequence similarity; putative.,10,0.1,-1.7692614,5.81128
Plate1_Drawer2 25-Aug-2025 11-46-41,G6,VC_1295,VC_1295,Conserved hypothetical protein; Phosphodiesterase (PDE) that catalyzes the hydrolysis of cyclic diguanylate (c-di-GMP) to GMP in vitro. Increases motility and decreases biofilm formation in vivo.,10,0.1,-5.7583113,3.4386148
Plate1_Drawer2 25-Aug-2025 11-46-41,G7,flgD,VC_2198,Basal-body rod modification protein FlgD; Required for flagellar hook formation. May act as a scaffolding protein.,10,0.1,13.597562,-0.20470653
Plate1_Drawer2 25-Aug-2025 11-46-41,G8,manC,VC_0241,Mannose-1-phosphate guanylyltransferase; Similar to GB:X59554 SP:Q07024 PID:48383; identified by sequence similarity; putative.,10,0.1,5.936048,21.564949
Plate1_Drawer2 25-Aug-2025 11-46-41,H10,trpR,VC_0701,"Trp operon repressor, putative; This protein is an aporepressor. When complexed with L- tryptophan it binds the operator region of the trp operon and prevents the initiation of transcription (By similarity).",10,0.1,-0.14115024,10.422325
Plate1_Drawer2 25-Aug-2025 11-46-41,H11,greA,VC_0634,"Transcription elongation factor GreA; Necessary for efficient RNA polymerase transcription elongation past template-encoded arresting sites. The arresting sites in DNA have the property of trapping a certain fraction of elongating RNA polymerases that pass through, resulting in locked ternary complexes. Cleavage of the nascent transcript by cleavage factors such as GreA or GreB allows the resumption of elongation from the new 3'terminus. GreA releases sequences of 2 to 3 nucleotides.",10,0.1,-0.9566126,6.1778827
Plate1_Drawer2 25-Aug-2025 11-46-41,H12,VC_0419,VC_0419,Cytoplasmic axial filament protein; Similar to SP:P25537 PID:48826 PID:606187 GB:U00096 PID:1789645; identified by sequence similarity; putative.,10,0.1,-1.3571466,5.190416
Plate1_Drawer2 25-Aug-2025 11-46-41,H1,flhG,VC_2067,MinD-related protein; Similar to GP:3695013; identified by sequence similarity; putative. MULTIPLE FILAMENTS,10,0.1,-0.55817896,2.824632
Plate1_Drawer2 25-Aug-2025 11-46-41,H2,VC_A0940,VC_A0940,"Transcriptional regulator, DeoR family; Similar to SP:P09392 GB:M96795 PID:146186 PID:606358 GB:U00096; identified by sequence similarity; putative.",10,0.1,2.9460387,9.578881
Plate1_Drawer2 25-Aug-2025 11-46-41,H3,ectA,VC_A0825,"L-2,4-diaminobutyric acid acetyltransferase; Catalyzes the acetylation of L-2,4-diaminobutyrate (DABA) to gamma-N-acetyl-alpha,gamma-diaminobutyric acid (ADABA) with acetyl coenzyme A.",10,0.1,-0.9429962,10.293973
Plate1_Drawer2 25-Aug-2025 11-46-41,H4,VC_A0840,VC_A0840,"Deoxycytidylate deaminase, putative; Similar to SP:P33968 GB:X70289 PID:396216; identified by sequence similarity; putative.",10,0.1,-0.88731986,5.9314976
Plate1_Drawer2 25-Aug-2025 11-46-41,H6,VC_2522,VC_2522,Conserved hypothetical protein; Identified by Glimmer2; putative.,10,0.1,-0.69607526,7.300026
Plate1_Drawer2 25-Aug-2025 11-46-41,H7,glmS,VC_0487,"Glucosamine--fructose-6-phosphate aminotransferase (isomerizing); Catalyzes the first step in hexosamine metabolism, converting fructose-6P into glucosamine-6P using glutamine as a nitrogen source.",10,0.1,-2.6541483,5.430436
Plate1_Drawer2 25-Aug-2025 11-46-41,H8,manA,VC_0269,Mannose-6-phosphate isomerase; Similar to SP:P25081 GB:X57117 PID:48820; identified by sequence similarity; putative; Belongs to the mannose-6-phosphate isomerase type 1 family.,10,0.1,5.9490376,21.571213
Plate1_Drawer2 25-Aug-2025 11-46-41,H9,nusB,VC_2267,N utilization substance protein B; Involved in transcription antitermination. Required for transcription of ribosomal RNA (rRNA) genes. Binds specifically to the boxA antiterminator sequence of the ribosomal RNA (rrn) operons.,10,0.1,-3.1619503,5.1188116
Plate1_Drawer2 25-Jul-2025 14-05-14,A10,VC_1462,VC_1462,RstB2 protein; Similar to GP:2564358; identified by sequence similarity; putative.,10,0.1,1.2439936,11.59882
Plate1_Drawer2 25-Jul-2025 14-05-14,A12,wavA,VC_0223,"ADP-heptose--LPS heptosyltransferase II, putative; Similar to GB:L42023 SP:P44011 PID:1003930 PID:1222457 PID:1204774; identified by sequence similarity; putative.",10,0.1,0.1447543,12.117097
Plate1_Drawer2 25-Jul-2025 14-05-14,A1,ung,VC_2359,uracil-DNA glycosylase; Excises uracil residues from the DNA which can arise as a result of misincorporation of dUMP residues by DNA polymerase or due to deamination of cytosine.,10,0.1,1.8955696,12.451434
Plate1_Drawer2 25-Jul-2025 14-05-14,A2,VC_2453,VC_2453,Sensor histidine kinase/response regulator; Similar to GB:D10888 SP:P26607 PID:216535 PID:882680 GB:U00096; identified by sequence similarity; putative.,10,0.1,0.8384468,9.653137
Plate1_Drawer2 25-Jul-2025 14-05-14,A3,VC_2311,VC_2311,HesA/MoeB/ThiF family protein; Similar to GB:D21145 PID:471103 PID:882707 GB:U00096 SP:Q46927; identified by sequence similarity; putative.,10,0.1,0.74820924,9.781794
Plate1_Drawer2 25-Jul-2025 14-05-14,A4,lipA,VC_0943,"Lipoic acid synthetase; Catalyzes the radical-mediated insertion of two sulfur atoms into the C-6 and C-8 positions of the octanoyl moiety bound to the lipoyl domains of lipoate-dependent enzymes, thereby converting the octanoylated domains into lipoylated derivatives.",10,0.1,5.9779854,15.289817
Plate1_Drawer2 25-Jul-2025 14-05-14,A5,rsmJ,VC_0073,Conserved hypothetical protein; Specifically methylates the guanosine in position 1516 of 16S rRNA.,10,0.1,-3.8058083,2.0120986
Plate1_Drawer2 25-Jul-2025 14-05-14,A6,potC,VC_1426,"Spermidine/putrescine ABC transporter, permease protein; Similar to GB:M64519 SP:P23859 PID:147328 GB:U00096 PID:1651551; identified by sequence similarity; putative.",10,0.1,0.33352178,10.854591
Plate1_Drawer2 25-Jul-2025 14-05-14,A7,pckA,VC_2738,Phosphoenolpyruvate carboxykinase; Involved in the gluconeogenesis. Catalyzes the conversion of oxaloacetate (OAA) to phosphoenolpyruvate (PEP) through direct phosphoryl transfer between the nucleoside triphosphate and OAA. Belongs to the phosphoenolpyruvate carboxykinase (ATP) family.,10,0.1,3.6645699,12.655534
Plate1_Drawer2 25-Jul-2025 14-05-14,A8,rluD,VC_0709,"Ribosomal large subunit pseudouridine synthase D; Responsible for synthesis of pseudouridine from uracil at positions 1911, 1915 and 1917 in 23S ribosomal RNA; Belongs to the pseudouridine synthase RluA family.",10,0.1,0.5396675,9.24129
Plate1_Drawer2 25-Jul-2025 14-05-14,B10,flgP,VC_2206,Conserved hypothetical protein; Identified by Glimmer2; putative.,10,0.1,5.9908776,9.834109
Plate1_Drawer2 25-Jul-2025 14-05-14,B11,fliQ,VC_2122,Flagellar biosynthetic protein FliQ; Role in flagellar biosynthesis. Belongs to the FliQ/MopD/SpaQ family.,10,0.1,8.676953,5.3533554
Plate1_Drawer2 25-Jul-2025 14-05-14,B12,argF,VC_2508,Ornithine carbamoyltransferase; Reversibly catalyzes the transfer of the carbamoyl group from carbamoyl phosphate (CP) to the N(epsilon) atom of ornithine (ORN) to produce L-citrulline; Belongs to the aspartate/ornithine carbamoyltransferase superfamily. OTCase family.,10,0.1,-3.328308,9.154396
Plate1_Drawer2 25-Jul-2025 14-05-14,B1,flgB,VC_2200,"Flagellar basal-body rod protein FlgB; Structural component of flagellum, the bacterial motility apparatus. Part of the rod structure of flagellar basal body.",10,0.1,9.571766,4.2680364
Plate1_Drawer2 25-Jul-2025 14-05-14,B2,fliS,VC_2138,Flagellar protein FliS; Similar to GB:U12816 PID:1254205; identified by sequence similarity; putative.,10,0.1,9.296479,6.2517896
Plate1_Drawer2 25-Jul-2025 14-05-14,B3,VC_A1081,VC_A1081,Hypothetical protein; Identified by Glimmer2; putative.,10,0.1,1.9958614,11.780438
Plate1_Drawer2 25-Jul-2025 14-05-14,B4,VC_1909,VC_1909,Hypothetical protein; Identified by Glimmer2; putative.,10,0.1,-1.514294,6.933786
Plate1_Drawer2 25-Jul-2025 14-05-14,B5,VC_0449,VC_0449,Methyl-accepting chemotaxis protein; Similar to GB:X61367 PID:48195; identified by sequence similarity; putative.,10,0.1,-3.9661765,8.79938
Plate1_Drawer2 25-Jul-2025 14-05-14,B6,VC_1498,VC_1498,Conserved hypothetical protein; Identified by Glimmer2; putative.,10,0.1,0.67394596,11.285154
Plate1_Drawer2 25-Jul-2025 14-05-14,B7,VC_2756,VC_2756,Potassium uptake protein TrkH; Low-affinity potassium transport system. Interacts with Trk system potassium uptake protein TrkA; Belongs to the TrkH potassium transport family.,10,0.1,2.0770762,12.371085
Plate1_Drawer2 25-Jul-2025 14-05-14,B8,VC_0113,VC_0113,Methyltransferase-related protein; Similar to SP:P37431 PID:295895; identified by sequence similarity; putative.,10,0.1,2.1686375,12.28003
Plate1_Drawer2 25-Jul-2025 14-05-14,B9,VC_1423,VC_1423,Hypothetical protein; Identified by Glimmer2; putative.,10,0.1,-0.67792016,7.520106
Plate1_Drawer2 25-Jul-2025 14-05-14,C10,epsC,VC_2734,"General secretion pathway protein C; Involved in a type II secretion system (T2SS, formerly general secretion pathway, GSP) for the export of proteins (By similarity). Required for secretion of cholera toxin through the outer membrane.",10,0.1,-5.5413847,6.462611
Plate1_Drawer2 25-Jul-2025 14-05-14,C11,proQ,VC_1497,"Conserved hypothetical protein; RNA chaperone with significant RNA binding, RNA strand exchange and RNA duplexing activities; Belongs to the ProQ family.",10,0.1,-4.7172627,6.821082
Plate1_Drawer2 25-Jul-2025 14-05-14,C12,VC_2627,VC_2627,DamX-related protein; Similar to SP:P11557 GB:Z19601 PID:41226 PID:43274 PID:606322; identified by sequence similarity; putative.,10,0.1,-0.5808997,7.472973
Plate1_Drawer2 25-Jul-2025 14-05-14,C1,VC_A0588,VC_A0588,"Peptide ABC transporter, ATP-binding protein, putative; Similar to SP:P33916 PID:405909 GB:U00096 PID:1736845 PID:1788506; identified by sequence similarity; putative; Belongs to the ABC transporter superfamily.",10,0.1,-2.1713006,7.0684977
Plate1_Drawer2 25-Jul-2025 14-05-14,C2,gshB,VC_0468,Glutathione synthetase; Similar to SP:P04425 GB:X01666 PID:41625 PID:882476 GB:U00096; identified by sequence similarity; putative.,10,0.1,0.89573085,14.797562
Plate1_Drawer2 25-Jul-2025 14-05-14,C3,potB,VC_1427,"Spermidine/putrescine ABC transporter, permease protein; Similar to GB:M64519 SP:P23860 PID:147327 GB:U00096 PID:1651552; identified by sequence similarity; putative.",10,0.1,4.159954,11.120307
Plate1_Drawer2 25-Jul-2025 14-05-14,C4,flgE,VC_2197,Flagellar hook protein FlgE; Similar to GB:X51737 SP:P16322 GB:X52093 PID:47673; identified by sequence similarity; putative.,10,0.1,9.619368,2.3121512
Plate1_Drawer2 25-Jul-2025 14-05-14,C5,glyQ,VC_0021,"glycyl-tRNA synthetase, alpha chain; Similar to SP:P00960 GB:J01622 PID:146222 PID:146225 PID:466698; identified by sequence similarity; putative.",10,0.1,-3.0044203,8.818984
Plate1_Drawer2 25-Jul-2025 14-05-14,C6,VC_0462,VC_0462,Twitching motility protein PilT; Similar to SP:P24559 GB:X67095 PID:151490; identified by sequence similarity; putative.,10,0.1,0.44299164,12.428659
Plate1_Drawer2 25-Jul-2025 14-05-14,C7,flhA,VC_2069,"Flagellar biosynthetic protein FlhA; Required for formation of the rod structure of the flagellar apparatus. Together with FliI and FliH, may constitute the export apparatus of flagellin; Belongs to the FHIPEP (flagella/HR/invasion proteins export pore) family.",10,0.1,9.183188,2.197553
Plate1_Drawer2 25-Jul-2025 14-05-14,C8,VC_0399,VC_0399,MSHA biogenesis protein MshI; Similar to PID:791156 PID:791153; identified by sequence similarity; putative.,10,0.1,1.0825068,13.501583
Plate1_Drawer2 25-Jul-2025 14-05-14,C9,fliD,VC_2140,"Flagellar hook-associated protein FliD; FILAMENT CAP Required for the morphogenesis and for the elongation of the flagellar filament by facilitating polymerization of the flagellin monomers at the tip of growing filament. Forms a capping structure, which prevents flagellin subunits (transported through the central channel of the flagellum) from leaking out without polymerization at the distal end (By similarity).",10,0.1,0.25415295,11.676032
Plate1_Drawer2 25-Jul-2025 14-05-14,D10,VC_2270,VC_2270,Riboflavin,10,0.1,1.1491693,13.641254
Plate1_Drawer2 25-Jul-2025 14-05-14,D11,VC_2718; VC_2719,VC_2718; VC_2719,,10,0.1,9.030867,12.931311
Plate1_Drawer2 25-Jul-2025 14-05-14,D12,wbeG,VC_0245,rfbG protein; Similar to GB:X59554 PID:48387; identified by sequence similarity; putative.,10,0.1,-1.1473987,12.062602
Plate1_Drawer2 25-Jul-2025 14-05-14,D1,VC_0196,VC_0196,ATP-dependent DNA helicase RecQ; Similar to GB:M87049 SP:P15043 GB:M30198 PID:147559 PID:148221; identified by sequence similarity; putative.,10,0.1,2.3311305,11.812129
Plate1_Drawer2 25-Jul-2025 14-05-14,D2,VC_1933,VC_1933,Hypothetical protein; Identified by Glimmer2; putative.,10,0.1,0.65253,12.499466
Plate1_Drawer2 25-Jul-2025 14-05-14,D3,VC_A0001,VC_A0001,Hypothetical protein; Identified by Glimmer2; putative.,10,0.1,-1.3655782,7.217261
Plate1_Drawer2 25-Jul-2025 14-05-14,D4,fadR,VC_1900,Fatty acid metabolism regulator protein; Multifunctional regulator of fatty acid metabolism.,10,0.1,6.5305033,14.325102
Plate1_Drawer2 25-Jul-2025 14-05-14,D5,pilC,VC_2425,Type IV pilin biogenesis protein PilC; Involved in the translocation of the type IV pilin; Belongs to the GSP F family.,10,0.1,-3.0457969,9.414351
Plate1_Drawer2 25-Jul-2025 14-05-14,D6,pta,VC_1097,Phosphate acetyltransferase; Involved in acetate metabolism; In the N-terminal section; belongs to the CobB/CobQ family.,10,0.1,-5.3802657,6.5694056
Plate1_Drawer2 25-Jul-2025 14-05-14,D7,VC_A0800,VC_A0800,creA protein; Similar to SP:P08367 GB:M13608 PID:147249 PID:147691 PID:537237; identified by sequence similarity; putative.,10,0.1,3.6755056,12.735034
Plate1_Drawer2 25-Jul-2025 14-05-14,D8,wzt,VC_0247,lipopolysaccharide/O-antigen transport protein; Similar to GB:X59554 PID:48389; identified by sequence similarity; putative.,10,0.1,-1.1161997,11.954125
Plate1_Drawer2 25-Jul-2025 14-05-14,D9,wbeM,VC_0250,Iron-containing alcohol dehydrogenase family protein RfbM; Similar to GB:M26941 SP:P13604 PID:144714; identified by sequence similarity; putative.,10,0.1,-0.8794561,11.988554
Plate1_Drawer2 25-Jul-2025 14-05-14,E10,VC_1887,VC_1887,Hypothetical protein; Identified by Glimmer2; putative.,10,0.1,4.0621066,12.80196
Plate1_Drawer2 25-Jul-2025 14-05-14,E11,VC_A0620,VC_A0620,"Thiosulfate sulfurtransferase SseA, putative; Similar to SP:P31142 GB:U00096 PID:1788869 PID:1799924; identified by sequence similarity; putative.",10,0.1,-2.7556155,7.3778744
Plate1_Drawer2 25-Jul-2025 14-05-14,E12,trmJ,VC_0746,"RNA methyltransferase, TrmH family; Catalyzes the formation of 2'O-methylated cytidine (Cm32) or 2'O-methylated uridine (Um32) at position 32 in tRNA.",10,0.1,-5.068777,5.472515
Plate1_Drawer2 25-Jul-2025 14-05-14,E1,VC_A0759,VC_A0759,"Arginine ABC transporter, periplasmic arginine-binding protein; Similar to SP:P30859 GB:X67753 GB:X86160 PID:40931 PID:769791; identified by sequence similarity; putative; Belongs to the bacterial solute-binding protein 3 family.",10,0.1,-0.53517383,9.459102
Plate1_Drawer2 25-Jul-2025 14-05-14,E2,VC_A0785,VC_A0785,GGDEF family protein; Similar to PID:1651932; identified by sequence similarity; putative.,10,0.1,3.6517894,10.884168
Plate1_Drawer2 25-Jul-2025 14-05-14,E3,fliE,VC_2134,Flagellar hook-basal body complex protein FliE; Similar to PID:2338730; identified by sequence similarity; putative.,10,0.1,9.051052,2.8684082
Plate1_Drawer2 25-Jul-2025 14-05-14,E4,VC_1581,VC_1581,"NADH dehydrogenase, putative; Similar to SP:P33607 PID:397909 GB:U00096 PID:1788614 PID:1799638; identified by sequence similarity; putative.",10,0.1,-1.6203686,7.376113
Plate1_Drawer2 25-Jul-2025 14-05-14,E5,fliP,VC_2123,Flagellar biosynthetic protein FliP; Plays a role in the flagellum-specific transport system. Belongs to the FliP/MopC/SpaP family.,10,0.1,9.229333,6.0959992
Plate1_Drawer2 25-Jul-2025 14-05-14,E6,lpxM,VC_0212,Lipid A biosynthesis (kdo)2-(lauroyl)-lipid IVA acyltransferase; Catalyzes the transfer of myristate from myristoyl-acyl carrier protein (ACP) to Kdo(2)-(lauroyl)-lipid IV(A) to form Kdo(2)- lipid A.,10,0.1,8.692629,12.67751
Plate1_Drawer2 25-Jul-2025 14-05-14,E7,VC_2714,VC_2714,Transcriptional regulator OmpR; Similar to PID:2108342; identified by sequence similarity; putative.,10,0.1,-5.450582,6.447019
Plate1_Drawer2 25-Jul-2025 14-05-14,E9,VC_1154,VC_1154,Hypothetical protein; Identified by Glimmer2; putative.,10,0.1,-5.5113907,6.8583775
Plate1_Drawer2 25-Jul-2025 14-05-14,F10,cdgJ,VC_0137,Conserved hypothetical protein; Phosphodiesterase (PDE) that catalyzes the hydrolysis of cyclic diguanylate (c-di-GMP). Positively regulates motility and negatively regulates biofilm formation.,10,0.1,0.7244871,12.092178
Plate1_Drawer2 25-Jul-2025 14-05-14,F11,recO,VC_2459,DNA repair protein RecO; Involved in DNA repair and RecF pathway recombination.,10,0.1,-0.19651018,10.373313
Plate1_Drawer2 25-Jul-2025 14-05-14,F12,VC_A0999,VC_A0999,"Transcriptional regulator, TetR family; Similar to GB:U00096 PID:1787354; identified by sequence similarity; putative.",10,0.1,1.3792802,11.054912
Plate1_Drawer2 25-Jul-2025 14-05-14,F2,VC_2224,VC_2224,GGDEF family protein; Similar to GB:U00096 PID:1787603; identified by sequence similarity; putative.,10,0.1,-5.0609922,5.763333
Plate1_Drawer2 25-Jul-2025 14-05-14,F3,VC_A1099,VC_A1099,"ABC transporter, permease protein; Similar to SP:P33591 GB:X73143 PID:404846 PID:466613 GB:U00096; identified by sequence similarity; putative.",10,0.1,-5.1946115,4.974116
Plate1_Drawer2 25-Jul-2025 14-05-14,F4,VC_1320,VC_1320,DNA-binding response regulator; Similar to PID:1079807 SP:P52108 GB:U00096 PID:1742647 PID:1742658; identified by sequence similarity; putative.,10,0.1,-5.1933956,5.015533
Plate1_Drawer2 25-Jul-2025 14-05-14,F5,VC_1319,VC_1319,Sensor histidine kinase; Similar to GB:M36795 SP:P08336 GB:X13307 PID:145590 PID:305015; identified by sequence similarity; putative.,10,0.1,-4.8523397,2.4565947
Plate1_Drawer2 25-Jul-2025 14-05-14,F6,VC_A0536,VC_A0536,Conserved hypothetical protein; Identified by Glimmer2; putative.,10,0.1,-2.3199565,7.460511
Plate1_Drawer2 25-Jul-2025 14-05-14,F7,VC_1414,VC_1414,"Thermostable carboxypeptidase 1; Broad specificity carboxypetidase that releases amino acids sequentially from the C-terminus, including neutral, aromatic, polar and basic residues.",10,0.1,-4.9422555,6.960853
Plate1_Drawer2 25-Jul-2025 14-05-14,F8,VC_A0527,VC_A0527,Conserved hypothetical protein; Identified by Glimmer2; putative.,10,0.1,-5.313066,2.9511142
Plate1_Drawer2 25-Jul-2025 14-05-14,F9,argH,VC_2641,Argininosuccinate lyase; Similar to SP:P11447 GB:J01590 GB:M21446 PID:145335 PID:396307; identified by sequence similarity; putative.,10,0.1,-5.3821883,4.456666
Plate1_Drawer2 25-Jul-2025 14-05-14,G10,rluE,VC_1140,Pseudouridine synthase family 1 protein; Responsible for synthesis of pseudouridine from uracil-2457 in 23S ribosomal RNA; Belongs to the pseudouridine synthase RsuA family.,10,0.1,1.9832023,10.984298
Plate1_Drawer2 25-Jul-2025 14-05-14,G11,VC_2524,VC_2524,Conserved hypothetical protein; Catalyzes the hydrolysis of 3-deoxy-D-manno-octulosonate 8- phosphate (KDO 8-P) to 3-deoxy-D-manno-octulosonate (KDO) and inorganic phosphate; Belongs to the KdsC family.,10,0.1,-6.6507883,4.654645
Plate1_Drawer2 25-Jul-2025 14-05-14,G12,VC_0900,VC_0900,GGDEF family protein; Similar to PID:1652841; identified by sequence similarity; putative.,10,0.1,7.960879,11.075545
Plate1_Drawer2 25-Jul-2025 14-05-14,G2,VC_A0171,VC_A0171,Conserved hypothetical protein; Identified by Glimmer2; putative.,10,0.1,2.7455742,11.974714
Plate1_Drawer2 25-Jul-2025 14-05-14,G3,fliJ,VC_2129,"Flagellar protein FliJ, putative; Similar to PID:1071644 SP:P52613 GB:U00096 PID:1736608 PID:1788252; identified by sequence similarity; putative.",10,0.1,2.869571,8.790425
Plate1_Drawer2 25-Jul-2025 14-05-14,G4,VC_0161,VC_0161,Transcriptional activator IlvY; Similar to GB:L42023 SP:P44821 PID:1005575 PID:1220765 PID:1204932; identified by sequence similarity; putative; Belongs to the LysR transcriptional regulatory family.,10,0.1,2.5827136,11.268434
Plate1_Drawer2 25-Jul-2025 14-05-14,G5,VC_0405,VC_0405,MSHA biogenesis protein MshE; Similar to PID:791156 PID:791159; identified by sequence similarity; putative.,10,0.1,-1.9214116,5.8549504
Plate1_Drawer2 25-Jul-2025 14-05-14,G6,VC_1295,VC_1295,Conserved hypothetical protein; Phosphodiesterase (PDE) that catalyzes the hydrolysis of cyclic diguanylate (c-di-GMP) to GMP in vitro. Increases motility and decreases biofilm formation in vivo.,10,0.1,-5.2687707,7.4117446
Plate1_Drawer2 25-Jul-2025 14-05-14,G7,flgD,VC_2198,Basal-body rod modification protein FlgD; Required for flagellar hook formation. May act as a scaffolding protein.,10,0.1,13.614151,-0.22454776
Plate1_Drawer2 25-Jul-2025 14-05-14,G8,manC,VC_0241,Mannose-1-phosphate guanylyltransferase; Similar to GB:X59554 SP:Q07024 PID:48383; identified by sequence similarity; putative.,10,0.1,5.7774377,21.301664
Plate1_Drawer2 25-Jul-2025 14-05-14,H10,trpR,VC_0701,"Trp operon repressor, putative; This protein is an aporepressor. When complexed with L- tryptophan it binds the operator region of the trp operon and prevents the initiation of transcription (By similarity).",10,0.1,1.6488038,11.283203
Plate1_Drawer2 25-Jul-2025 14-05-14,H11,greA,VC_0634,"Transcription elongation factor GreA; Necessary for efficient RNA polymerase transcription elongation past template-encoded arresting sites. The arresting sites in DNA have the property of trapping a certain fraction of elongating RNA polymerases that pass through, resulting in locked ternary complexes. Cleavage of the nascent transcript by cleavage factors such as GreA or GreB allows the resumption of elongation from the new 3'terminus. GreA releases sequences of 2 to 3 nucleotides.",10,0.1,0.6976844,9.768744
Plate1_Drawer2 25-Jul-2025 14-05-14,H12,VC_0419,VC_0419,Cytoplasmic axial filament protein; Similar to SP:P25537 PID:48826 PID:606187 GB:U00096 PID:1789645; identified by sequence similarity; putative.,10,0.1,-0.12021124,7.0743814
Plate1_Drawer2 25-Jul-2025 14-05-14,H1,flhG,VC_2067,MinD-related protein; Similar to GP:3695013; identified by sequence similarity; putative. MULTIPLE FILAMENTS,10,0.1,-0.5202244,2.824423
Plate1_Drawer2 25-Jul-2025 14-05-14,H2,VC_A0940,VC_A0940,"Transcriptional regulator, DeoR family; Similar to SP:P09392 GB:M96795 PID:146186 PID:606358 GB:U00096; identified by sequence similarity; putative.",10,0.1,2.831682,9.244496
Plate1_Drawer2 25-Jul-2025 14-05-14,H3,ectA,VC_A0825,"L-2,4-diaminobutyric acid acetyltransferase; Catalyzes the acetylation of L-2,4-diaminobutyrate (DABA) to gamma-N-acetyl-alpha,gamma-diaminobutyric acid (ADABA) with acetyl coenzyme A.",10,0.1,-0.17542665,10.707865
Plate1_Drawer2 25-Jul-2025 14-05-14,H4,VC_A0840,VC_A0840,"Deoxycytidylate deaminase, putative; Similar to SP:P33968 GB:X70289 PID:396216; identified by sequence similarity; putative.",10,0.1,0.32580385,6.631295
Plate1_Drawer2 25-Jul-2025 14-05-14,H6,VC_2522,VC_2522,Conserved hypothetical protein; Identified by Glimmer2; putative.,10,0.1,-0.90289474,6.9412184
Plate1_Drawer2 25-Jul-2025 14-05-14,H7,glmS,VC_0487,"Glucosamine--fructose-6-phosphate aminotransferase (isomerizing); Catalyzes the first step in hexosamine metabolism, converting fructose-6P into glucosamine-6P using glutamine as a nitrogen source.",10,0.1,-3.5733545,4.7258854
Plate1_Drawer2 25-Jul-2025 14-05-14,H8,manA,VC_0269,Mannose-6-phosphate isomerase; Similar to SP:P25081 GB:X57117 PID:48820; identified by sequence similarity; putative; Belongs to the mannose-6-phosphate isomerase type 1 family.,10,0.1,5.948,21.598812
Plate1_Drawer2 25-Jul-2025 14-05-14,H9,nusB,VC_2267,N utilization substance protein B; Involved in transcription antitermination. Required for transcription of ribosomal RNA (rRNA) genes. Binds specifically to the boxA antiterminator sequence of the ribosomal RNA (rrn) operons.,10,0.1,-2.3739104,7.50415
Plate1_Drawer2 27-Aug-2025 15-50-56,A10,VC_1462,VC_1462,RstB2 protein; Similar to GP:2564358; identified by sequence similarity; putative.,10,0.1,1.2376864,11.180718
Plate1_Drawer2 27-Aug-2025 15-50-56,A12,wavA,VC_0223,"ADP-heptose--LPS heptosyltransferase II, putative; Similar to GB:L42023 SP:P44011 PID:1003930 PID:1222457 PID:1204774; identified by sequence similarity; putative.",10,0.1,-1.6213137,11.167409
Plate1_Drawer2 27-Aug-2025 15-50-56,A1,ung,VC_2359,uracil-DNA glycosylase; Excises uracil residues from the DNA which can arise as a result of misincorporation of dUMP residues by DNA polymerase or due to deamination of cytosine.,10,0.1,0.47936228,7.5829887
Plate1_Drawer2 27-Aug-2025 15-50-56,A2,VC_2453,VC_2453,Sensor histidine kinase/response regulator; Similar to GB:D10888 SP:P26607 PID:216535 PID:882680 GB:U00096; identified by sequence similarity; putative.,10,0.1,0.76339287,7.6151805
Plate1_Drawer2 27-Aug-2025 15-50-56,A3,VC_2311,VC_2311,HesA/MoeB/ThiF family protein; Similar to GB:D21145 PID:471103 PID:882707 GB:U00096 SP:Q46927; identified by sequence similarity; putative.,10,0.1,0.231481,7.81462
Plate1_Drawer2 27-Aug-2025 15-50-56,A4,lipA,VC_0943,"Lipoic acid synthetase; Catalyzes the radical-mediated insertion of two sulfur atoms into the C-6 and C-8 positions of the octanoyl moiety bound to the lipoyl domains of lipoate-dependent enzymes, thereby converting the octanoylated domains into lipoylated derivatives.",10,0.1,5.9179378,15.465331
Plate1_Drawer2 27-Aug-2025 15-50-56,A5,rsmJ,VC_0073,Conserved hypothetical protein; Specifically methylates the guanosine in position 1516 of 16S rRNA.,10,0.1,-0.71849954,8.612192
Plate1_Drawer2 27-Aug-2025 15-50-56,A6,potC,VC_1426,"Spermidine/putrescine ABC transporter, permease protein; Similar to GB:M64519 SP:P23859 PID:147328 GB:U00096 PID:1651551; identified by sequence similarity; putative.",10,0.1,-0.9990306,8.874115
Plate1_Drawer2 27-Aug-2025 15-50-56,A7,pckA,VC_2738,Phosphoenolpyruvate carboxykinase; Involved in the gluconeogenesis. Catalyzes the conversion of oxaloacetate (OAA) to phosphoenolpyruvate (PEP) through direct phosphoryl transfer between the nucleoside triphosphate and OAA. Belongs to the phosphoenolpyruvate carboxykinase (ATP) family.,10,0.1,4.3744187,10.648708
Plate1_Drawer2 27-Aug-2025 15-50-56,A8,rluD,VC_0709,"Ribosomal large subunit pseudouridine synthase D; Responsible for synthesis of pseudouridine from uracil at positions 1911, 1915 and 1917 in 23S ribosomal RNA; Belongs to the pseudouridine synthase RluA family.",10,0.1,0.25858787,7.3514147
Plate1_Drawer2 27-Aug-2025 15-50-56,A9,vibB,VC_0771,Vibriobactin-specific isochorismatase; Involved in the biosynthesis of the catechol siderophore vibriobactin. Vibriobactin is a chelating compound involved in transporting iron from the bacterial environment into the cell cytoplasm; Belongs to the isochorismatase family.,10,0.1,0.84438545,14.858273
Plate1_Drawer2 27-Aug-2025 15-50-56,B10,flgP,VC_2206,Conserved hypothetical protein; Identified by Glimmer2; putative.,10,0.1,5.8370156,9.53554
Plate1_Drawer2 27-Aug-2025 15-50-56,B11,fliQ,VC_2122,Flagellar biosynthetic protein FliQ; Role in flagellar biosynthesis. Belongs to the FliQ/MopD/SpaQ family.,10,0.1,8.623406,4.700336
Plate1_Drawer2 27-Aug-2025 15-50-56,B12,argF,VC_2508,Ornithine carbamoyltransferase; Reversibly catalyzes the transfer of the carbamoyl group from carbamoyl phosphate (CP) to the N(epsilon) atom of ornithine (ORN) to produce L-citrulline; Belongs to the aspartate/ornithine carbamoyltransferase superfamily. OTCase family.,10,0.1,-0.7679645,10.167489
Plate1_Drawer2 27-Aug-2025 15-50-56,B1,flgB,VC_2200,"Flagellar basal-body rod protein FlgB; Structural component of flagellum, the bacterial motility apparatus. Part of the rod structure of flagellar basal body.",10,0.1,9.485727,5.2594595
Plate1_Drawer2 27-Aug-2025 15-50-56,B2,fliS,VC_2138,Flagellar protein FliS; Similar to GB:U12816 PID:1254205; identified by sequence similarity; putative.,10,0.1,8.606557,4.5807824
Plate1_Drawer2 27-Aug-2025 15-50-56,B3,VC_A1081,VC_A1081,Hypothetical protein; Identified by Glimmer2; putative.,10,0.1,1.71683,9.469003
Plate1_Drawer2 27-Aug-2025 15-50-56,B4,VC_1909,VC_1909,Hypothetical protein; Identified by Glimmer2; putative.,10,0.1,-1.3434149,7.1620855
Plate1_Drawer2 27-Aug-2025 15-50-56,B5,VC_0449,VC_0449,Methyl-accepting chemotaxis protein; Similar to GB:X61367 PID:48195; identified by sequence similarity; putative.,10,0.1,-2.72656,8.792753
Plate1_Drawer2 27-Aug-2025 15-50-56,B6,VC_1498,VC_1498,Conserved hypothetical protein; Identified by Glimmer2; putative.,10,0.1,-1.0210885,10.007823
Plate1_Drawer2 27-Aug-2025 15-50-56,B7,VC_2756,VC_2756,Potassium uptake protein TrkH; Low-affinity potassium transport system. Interacts with Trk system potassium uptake protein TrkA; Belongs to the TrkH potassium transport family.,10,0.1,1.9219103,10.434765
Plate1_Drawer2 27-Aug-2025 15-50-56,B8,VC_0113,VC_0113,Methyltransferase-related protein; Similar to SP:P37431 PID:295895; identified by sequence similarity; putative.,10,0.1,2.3063822,9.497038
Plate1_Drawer2 27-Aug-2025 15-50-56,B9,VC_1423,VC_1423,Hypothetical protein; Identified by Glimmer2; putative.,10,0.1,-2.5557683,4.1664257
Plate1_Drawer2 27-Aug-2025 15-50-56,C10,epsC,VC_2734,"General secretion pathway protein C; Involved in a type II secretion system (T2SS, formerly general secretion pathway, GSP) for the export of proteins (By similarity). Required for secretion of cholera toxin through the outer membrane.",10,0.1,-5.0189533,2.9044678
Plate1_Drawer2 27-Aug-2025 15-50-56,C11,proQ,VC_1497,"Conserved hypothetical protein; RNA chaperone with significant RNA binding, RNA strand exchange and RNA duplexing activities; Belongs to the ProQ family.",10,0.1,-3.9561164,3.6916919
Plate1_Drawer2 27-Aug-2025 15-50-56,C12,VC_2627,VC_2627,DamX-related protein; Similar to SP:P11557 GB:Z19601 PID:41226 PID:43274 PID:606322; identified by sequence similarity; putative.,10,0.1,-1.6261886,6.301294
Plate1_Drawer2 27-Aug-2025 15-50-56,C1,VC_A0588,VC_A0588,"Peptide ABC transporter, ATP-binding protein, putative; Similar to SP:P33916 PID:405909 GB:U00096 PID:1736845 PID:1788506; identified by sequence similarity; putative; Belongs to the ABC transporter superfamily.",10,0.1,-4.3482914,5.359216
Plate1_Drawer2 27-Aug-2025 15-50-56,C2,gshB,VC_0468,Glutathione synthetase; Similar to SP:P04425 GB:X01666 PID:41625 PID:882476 GB:U00096; identified by sequence similarity; putative.,10,0.1,5.8481336,15.923933
Plate1_Drawer2 27-Aug-2025 15-50-56,C3,potB,VC_1427,"Spermidine/putrescine ABC transporter, permease protein; Similar to GB:M64519 SP:P23860 PID:147327 GB:U00096 PID:1651552; identified by sequence similarity; putative.",10,0.1,4.570904,10.931107
Plate1_Drawer2 27-Aug-2025 15-50-56,C4,flgE,VC_2197,Flagellar hook protein FlgE; Similar to GB:X51737 SP:P16322 GB:X52093 PID:47673; identified by sequence similarity; putative.,10,0.1,8.938132,1.2124741
Plate1_Drawer2 27-Aug-2025 15-50-56,C5,glyQ,VC_0021,"glycyl-tRNA synthetase, alpha chain; Similar to SP:P00960 GB:J01622 PID:146222 PID:146225 PID:466698; identified by sequence similarity; putative.",10,0.1,-2.114843,8.810802
Plate1_Drawer2 27-Aug-2025 15-50-56,C6,VC_0462,VC_0462,Twitching motility protein PilT; Similar to SP:P24559 GB:X67095 PID:151490; identified by sequence similarity; putative.,10,0.1,-2.5361252,8.997208
Plate1_Drawer2 27-Aug-2025 15-50-56,C7,flhA,VC_2069,"Flagellar biosynthetic protein FlhA; Required for formation of the rod structure of the flagellar apparatus. Together with FliI and FliH, may constitute the export apparatus of flagellin; Belongs to the FHIPEP (flagella/HR/invasion proteins export pore) family.",10,0.1,8.946844,2.9875636
Plate1_Drawer2 27-Aug-2025 15-50-56,C8,VC_0399,VC_0399,MSHA biogenesis protein MshI; Similar to PID:791156 PID:791153; identified by sequence similarity; putative.,10,0.1,0.24611649,8.557425
Plate1_Drawer2 27-Aug-2025 15-50-56,C9,fliD,VC_2140,"Flagellar hook-associated protein FliD; FILAMENT CAP Required for the morphogenesis and for the elongation of the flagellar filament by facilitating polymerization of the flagellin monomers at the tip of growing filament. Forms a capping structure, which prevents flagellin subunits (transported through the central channel of the flagellum) from leaking out without polymerization at the distal end (By similarity).",10,0.1,0.41143927,6.2248187
Plate1_Drawer2 27-Aug-2025 15-50-56,D11,VC_2718; VC_2719,VC_2718; VC_2719,,10,0.1,9.995115,12.873133
Plate1_Drawer2 27-Aug-2025 15-50-56,D12,wbeG,VC_0245,rfbG protein; Similar to GB:X59554 PID:48387; identified by sequence similarity; putative.,10,0.1,-2.1550732,13.849075
Plate1_Drawer2 27-Aug-2025 15-50-56,D1,VC_0196,VC_0196,ATP-dependent DNA helicase RecQ; Similar to GB:M87049 SP:P15043 GB:M30198 PID:147559 PID:148221; identified by sequence similarity; putative.,10,0.1,-0.5482505,10.355745
Plate1_Drawer2 27-Aug-2025 15-50-56,D2,VC_1933,VC_1933,Hypothetical protein; Identified by Glimmer2; putative.,10,0.1,0.45346528,7.8926826
Plate1_Drawer2 27-Aug-2025 15-50-56,D3,VC_A0001,VC_A0001,Hypothetical protein; Identified by Glimmer2; putative.,10,0.1,-2.7976208,5.340486
Plate1_Drawer2 27-Aug-2025 15-50-56,D4,fadR,VC_1900,Fatty acid metabolism regulator protein; Multifunctional regulator of fatty acid metabolism.,10,0.1,6.7439046,14.068664
Plate1_Drawer2 27-Aug-2025 15-50-56,D5,pilC,VC_2425,Type IV pilin biogenesis protein PilC; Involved in the translocation of the type IV pilin; Belongs to the GSP F family.,10,0.1,-1.5897448,9.977291
Plate1_Drawer2 27-Aug-2025 15-50-56,D6,pta,VC_1097,Phosphate acetyltransferase; Involved in acetate metabolism; In the N-terminal section; belongs to the CobB/CobQ family.,10,0.1,-5.025299,3.453697
Plate1_Drawer2 27-Aug-2025 15-50-56,D7,VC_A0800,VC_A0800,creA protein; Similar to SP:P08367 GB:M13608 PID:147249 PID:147691 PID:537237; identified by sequence similarity; putative.,10,0.1,4.345574,11.471323
Plate1_Drawer2 27-Aug-2025 15-50-56,D8,wzt,VC_0247,lipopolysaccharide/O-antigen transport protein; Similar to GB:X59554 PID:48389; identified by sequence similarity; putative.,10,0.1,-2.0539382,10.621794
Plate1_Drawer2 27-Aug-2025 15-50-56,D9,wbeM,VC_0250,Iron-containing alcohol dehydrogenase family protein RfbM; Similar to GB:M26941 SP:P13604 PID:144714; identified by sequence similarity; putative.,10,0.1,-2.3871562,9.329683
Plate1_Drawer2 27-Aug-2025 15-50-56,E10,VC_1887,VC_1887,Hypothetical protein; Identified by Glimmer2; putative.,10,0.1,7.449178,12.503289
Plate1_Drawer2 27-Aug-2025 15-50-56,E11,VC_A0620,VC_A0620,"Thiosulfate sulfurtransferase SseA, putative; Similar to SP:P31142 GB:U00096 PID:1788869 PID:1799924; identified by sequence similarity; putative.",10,0.1,-2.7096384,8.1684885
Plate1_Drawer2 27-Aug-2025 15-50-56,E12,trmJ,VC_0746,"RNA methyltransferase, TrmH family; Catalyzes the formation of 2'O-methylated cytidine (Cm32) or 2'O-methylated uridine (Um32) at position 32 in tRNA.",10,0.1,-5.3236804,1.7442987
Plate1_Drawer2 27-Aug-2025 15-50-56,E1,VC_A0759,VC_A0759,"Arginine ABC transporter, periplasmic arginine-binding protein; Similar to SP:P30859 GB:X67753 GB:X86160 PID:40931 PID:769791; identified by sequence similarity; putative; Belongs to the bacterial solute-binding protein 3 family.",10,0.1,-0.44111693,10.372546
Plate1_Drawer2 27-Aug-2025 15-50-56,E2,VC_A0785,VC_A0785,GGDEF family protein; Similar to PID:1651932; identified by sequence similarity; putative.,10,0.1,4.2329154,10.260425
Plate1_Drawer2 27-Aug-2025 15-50-56,E3,fliE,VC_2134,Flagellar hook-basal body complex protein FliE; Similar to PID:2338730; identified by sequence similarity; putative.,10,0.1,8.795686,4.0886655
Plate1_Drawer2 27-Aug-2025 15-50-56,E4,VC_1581,VC_1581,"NADH dehydrogenase, putative; Similar to SP:P33607 PID:397909 GB:U00096 PID:1788614 PID:1799638; identified by sequence similarity; putative.",10,0.1,-2.5159347,5.8981986
Plate1_Drawer2 27-Aug-2025 15-50-56,E5,fliP,VC_2123,Flagellar biosynthetic protein FliP; Plays a role in the flagellum-specific transport system. Belongs to the FliP/MopC/SpaP family.,10,0.1,8.668411,4.77697
Plate1_Drawer2 27-Aug-2025 15-50-56,E6,lpxM,VC_0212,Lipid A biosynthesis (kdo)2-(lauroyl)-lipid IVA acyltransferase; Catalyzes the transfer of myristate from myristoyl-acyl carrier protein (ACP) to Kdo(2)-(lauroyl)-lipid IV(A) to form Kdo(2)- lipid A.,10,0.1,3.8915975,9.247484
Plate1_Drawer2 27-Aug-2025 15-50-56,E7,VC_2714,VC_2714,Transcriptional regulator OmpR; Similar to PID:2108342; identified by sequence similarity; putative.,10,0.1,-4.7227874,4.6757345
Plate1_Drawer2 27-Aug-2025 15-50-56,E9,VC_1154,VC_1154,Hypothetical protein; Identified by Glimmer2; putative.,10,0.1,-5.402959,4.832552
Plate1_Drawer2 27-Aug-2025 15-50-56,F10,cdgJ,VC_0137,Conserved hypothetical protein; Phosphodiesterase (PDE) that catalyzes the hydrolysis of cyclic diguanylate (c-di-GMP). Positively regulates motility and negatively regulates biofilm formation.,10,0.1,0.6405239,10.157929
Plate1_Drawer2 27-Aug-2025 15-50-56,F11,recO,VC_2459,DNA repair protein RecO; Involved in DNA repair and RecF pathway recombination.,10,0.1,2.2786958,10.837896
Plate1_Drawer2 27-Aug-2025 15-50-56,F12,VC_A0999,VC_A0999,"Transcriptional regulator, TetR family; Similar to GB:U00096 PID:1787354; identified by sequence similarity; putative.",10,0.1,-1.1940558,9.975976
Plate1_Drawer2 27-Aug-2025 15-50-56,F2,VC_2224,VC_2224,GGDEF family protein; Similar to GB:U00096 PID:1787603; identified by sequence similarity; putative.,10,0.1,-5.646704,2.4166439
Plate1_Drawer2 27-Aug-2025 15-50-56,F3,VC_A1099,VC_A1099,"ABC transporter, permease protein; Similar to SP:P33591 GB:X73143 PID:404846 PID:466613 GB:U00096; identified by sequence similarity; putative.",10,0.1,-5.4956517,2.813982
Plate1_Drawer2 27-Aug-2025 15-50-56,F4,VC_1320,VC_1320,DNA-binding response regulator; Similar to PID:1079807 SP:P52108 GB:U00096 PID:1742647 PID:1742658; identified by sequence similarity; putative.,10,0.1,-5.6921296,2.641348
Plate1_Drawer2 27-Aug-2025 15-50-56,F5,VC_1319,VC_1319,Sensor histidine kinase; Similar to GB:M36795 SP:P08336 GB:X13307 PID:145590 PID:305015; identified by sequence similarity; putative.,10,0.1,-5.1884117,3.312206
Plate1_Drawer2 27-Aug-2025 15-50-56,F6,VC_A0536,VC_A0536,Conserved hypothetical protein; Identified by Glimmer2; putative.,10,0.1,-2.21288,5.6320963
Plate1_Drawer2 27-Aug-2025 15-50-56,F7,VC_1414,VC_1414,"Thermostable carboxypeptidase 1; Broad specificity carboxypetidase that releases amino acids sequentially from the C-terminus, including neutral, aromatic, polar and basic residues.",10,0.1,-5.745317,2.999073
Plate1_Drawer2 27-Aug-2025 15-50-56,F8,VC_A0527,VC_A0527,Conserved hypothetical protein; Identified by Glimmer2; putative.,10,0.1,-5.646211,2.6042733
Plate1_Drawer2 27-Aug-2025 15-50-56,F9,argH,VC_2641,Argininosuccinate lyase; Similar to SP:P11447 GB:J01590 GB:M21446 PID:145335 PID:396307; identified by sequence similarity; putative.,10,0.1,-5.341512,1.7749177
Plate1_Drawer2 27-Aug-2025 15-50-56,G10,rluE,VC_1140,Pseudouridine synthase family 1 protein; Responsible for synthesis of pseudouridine from uracil-2457 in 23S ribosomal RNA; Belongs to the pseudouridine synthase RsuA family.,10,0.1,2.655596,9.803961
Plate1_Drawer2 27-Aug-2025 15-50-56,G11,VC_2524,VC_2524,Conserved hypothetical protein; Catalyzes the hydrolysis of 3-deoxy-D-manno-octulosonate 8- phosphate (KDO 8-P) to 3-deoxy-D-manno-octulosonate (KDO) and inorganic phosphate; Belongs to the KdsC family.,10,0.1,-5.712462,3.58
Plate1_Drawer2 27-Aug-2025 15-50-56,G12,VC_0900,VC_0900,GGDEF family protein; Similar to PID:1652841; identified by sequence similarity; putative.,10,0.1,7.9321537,11.04946
Plate1_Drawer2 27-Aug-2025 15-50-56,G2,VC_A0171,VC_A0171,Conserved hypothetical protein; Identified by Glimmer2; putative.,10,0.1,3.9689934,10.349696
Plate1_Drawer2 27-Aug-2025 15-50-56,G3,fliJ,VC_2129,"Flagellar protein FliJ, putative; Similar to PID:1071644 SP:P52613 GB:U00096 PID:1736608 PID:1788252; identified by sequence similarity; putative.",10,0.1,1.0876663,6.242283
Plate1_Drawer2 27-Aug-2025 15-50-56,G4,VC_0161,VC_0161,Transcriptional activator IlvY; Similar to GB:L42023 SP:P44821 PID:1005575 PID:1220765 PID:1204932; identified by sequence similarity; putative; Belongs to the LysR transcriptional regulatory family.,10,0.1,1.650848,11.3004055
Plate1_Drawer2 27-Aug-2025 15-50-56,G5,VC_0405,VC_0405,MSHA biogenesis protein MshE; Similar to PID:791156 PID:791159; identified by sequence similarity; putative.,10,0.1,-2.1296723,6.4298596
Plate1_Drawer2 27-Aug-2025 15-50-56,G6,VC_1295,VC_1295,Conserved hypothetical protein; Phosphodiesterase (PDE) that catalyzes the hydrolysis of cyclic diguanylate (c-di-GMP) to GMP in vitro. Increases motility and decreases biofilm formation in vivo.,10,0.1,-4.833375,3.9066627
Plate1_Drawer2 27-Aug-2025 15-50-56,G7,flgD,VC_2198,Basal-body rod modification protein FlgD; Required for flagellar hook formation. May act as a scaffolding protein.,10,0.1,13.692118,-0.3040861
Plate1_Drawer2 27-Aug-2025 15-50-56,G8,manC,VC_0241,Mannose-1-phosphate guanylyltransferase; Similar to GB:X59554 SP:Q07024 PID:48383; identified by sequence similarity; putative.,10,0.1,5.798857,21.454756
Plate1_Drawer2 27-Aug-2025 15-50-56,H10,trpR,VC_0701,"Trp operon repressor, putative; This protein is an aporepressor. When complexed with L- tryptophan it binds the operator region of the trp operon and prevents the initiation of transcription (By similarity).",10,0.1,2.098671,9.055219
Plate1_Drawer2 27-Aug-2025 15-50-56,H11,greA,VC_0634,"Transcription elongation factor GreA; Necessary for efficient RNA polymerase transcription elongation past template-encoded arresting sites. The arresting sites in DNA have the property of trapping a certain fraction of elongating RNA polymerases that pass through, resulting in locked ternary complexes. Cleavage of the nascent transcript by cleavage factors such as GreA or GreB allows the resumption of elongation from the new 3'terminus. GreA releases sequences of 2 to 3 nucleotides.",10,0.1,-0.9773174,6.251796
Plate1_Drawer2 27-Aug-2025 15-50-56,H12,VC_0419,VC_0419,Cytoplasmic axial filament protein; Similar to SP:P25537 PID:48826 PID:606187 GB:U00096 PID:1789645; identified by sequence similarity; putative.,10,0.1,-0.47108784,6.3185573
Plate1_Drawer2 27-Aug-2025 15-50-56,H1,flhG,VC_2067,MinD-related protein; Similar to GP:3695013; identified by sequence similarity; putative. MULTIPLE FILAMENTS,10,0.1,-0.484174,2.8501847
Plate1_Drawer2 27-Aug-2025 15-50-56,H2,VC_A0940,VC_A0940,"Transcriptional regulator, DeoR family; Similar to SP:P09392 GB:M96795 PID:146186 PID:606358 GB:U00096; identified by sequence similarity; putative.",10,0.1,3.00718,9.521146
Plate1_Drawer2 27-Aug-2025 15-50-56,H3,ectA,VC_A0825,"L-2,4-diaminobutyric acid acetyltransferase; Catalyzes the acetylation of L-2,4-diaminobutyrate (DABA) to gamma-N-acetyl-alpha,gamma-diaminobutyric acid (ADABA) with acetyl coenzyme A.",10,0.1,-0.7596699,10.283807
Plate1_Drawer2 27-Aug-2025 15-50-56,H4,VC_A0840,VC_A0840,"Deoxycytidylate deaminase, putative; Similar to SP:P33968 GB:X70289 PID:396216; identified by sequence similarity; putative.",10,0.1,-0.42820928,6.7818127
Plate1_Drawer2 27-Aug-2025 15-50-56,H6,VC_2522,VC_2522,Conserved hypothetical protein; Identified by Glimmer2; putative.,10,0.1,-1.1916863,5.722424
Plate1_Drawer2 27-Aug-2025 15-50-56,H7,glmS,VC_0487,"Glucosamine--fructose-6-phosphate aminotransferase (isomerizing); Catalyzes the first step in hexosamine metabolism, converting fructose-6P into glucosamine-6P using glutamine as a nitrogen source.",10,0.1,-2.3519764,5.613028
Plate1_Drawer2 27-Aug-2025 15-50-56,H8,manA,VC_0269,Mannose-6-phosphate isomerase; Similar to SP:P25081 GB:X57117 PID:48820; identified by sequence similarity; putative; Belongs to the mannose-6-phosphate isomerase type 1 family.,10,0.1,5.934471,21.635368
Plate1_Drawer2 27-Aug-2025 15-50-56,H9,nusB,VC_2267,N utilization substance protein B; Involved in transcription antitermination. Required for transcription of ribosomal RNA (rRNA) genes. Binds specifically to the boxA antiterminator sequence of the ribosomal RNA (rrn) operons.,10,0.1,-2.6714845,5.4195633
Plate1_Drawer2 29-Aug-2025 10-38-13,A10,VC_1462,VC_1462,RstB2 protein; Similar to GP:2564358; identified by sequence similarity; putative.,10,0.1,-0.37920177,10.347159
Plate1_Drawer2 29-Aug-2025 10-38-13,A12,wavA,VC_0223,"ADP-heptose--LPS heptosyltransferase II, putative; Similar to GB:L42023 SP:P44011 PID:1003930 PID:1222457 PID:1204774; identified by sequence similarity; putative.",10,0.1,-1.5057628,11.366393
Plate1_Drawer2 29-Aug-2025 10-38-13,A1,ung,VC_2359,uracil-DNA glycosylase; Excises uracil residues from the DNA which can arise as a result of misincorporation of dUMP residues by DNA polymerase or due to deamination of cytosine.,10,0.1,0.6052925,8.285074
Plate1_Drawer2 29-Aug-2025 10-38-13,A2,VC_2453,VC_2453,Sensor histidine kinase/response regulator; Similar to GB:D10888 SP:P26607 PID:216535 PID:882680 GB:U00096; identified by sequence similarity; putative.,10,0.1,0.7249824,8.530637
Plate1_Drawer2 29-Aug-2025 10-38-13,A3,VC_2311,VC_2311,HesA/MoeB/ThiF family protein; Similar to GB:D21145 PID:471103 PID:882707 GB:U00096 SP:Q46927; identified by sequence similarity; putative.,10,0.1,-0.03082047,8.493927
Plate1_Drawer2 29-Aug-2025 10-38-13,A4,lipA,VC_0943,"Lipoic acid synthetase; Catalyzes the radical-mediated insertion of two sulfur atoms into the C-6 and C-8 positions of the octanoyl moiety bound to the lipoyl domains of lipoate-dependent enzymes, thereby converting the octanoylated domains into lipoylated derivatives.",10,0.1,5.9345345,15.431947
Plate1_Drawer2 29-Aug-2025 10-38-13,A5,rsmJ,VC_0073,Conserved hypothetical protein; Specifically methylates the guanosine in position 1516 of 16S rRNA.,10,0.1,0.38047895,11.681868
Plate1_Drawer2 29-Aug-2025 10-38-13,A7,pckA,VC_2738,Phosphoenolpyruvate carboxykinase; Involved in the gluconeogenesis. Catalyzes the conversion of oxaloacetate (OAA) to phosphoenolpyruvate (PEP) through direct phosphoryl transfer between the nucleoside triphosphate and OAA. Belongs to the phosphoenolpyruvate carboxykinase (ATP) family.,10,0.1,3.6170504,11.2159195
Plate1_Drawer2 29-Aug-2025 10-38-13,A8,rluD,VC_0709,"Ribosomal large subunit pseudouridine synthase D; Responsible for synthesis of pseudouridine from uracil at positions 1911, 1915 and 1917 in 23S ribosomal RNA; Belongs to the pseudouridine synthase RluA family.",10,0.1,0.25781906,7.367007
Plate1_Drawer2 29-Aug-2025 10-38-13,A9,vibB,VC_0771,Vibriobactin-specific isochorismatase; Involved in the biosynthesis of the catechol siderophore vibriobactin. Vibriobactin is a chelating compound involved in transporting iron from the bacterial environment into the cell cytoplasm; Belongs to the isochorismatase family.,10,0.1,0.84826416,14.861153
Plate1_Drawer2 29-Aug-2025 10-38-13,B10,flgP,VC_2206,Conserved hypothetical protein; Identified by Glimmer2; putative.,10,0.1,6.020817,9.8487425
Plate1_Drawer2 29-Aug-2025 10-38-13,B11,fliQ,VC_2122,Flagellar biosynthetic protein FliQ; Role in flagellar biosynthesis. Belongs to the FliQ/MopD/SpaQ family.,10,0.1,8.669898,3.9012198
Plate1_Drawer2 29-Aug-2025 10-38-13,B12,argF,VC_2508,Ornithine carbamoyltransferase; Reversibly catalyzes the transfer of the carbamoyl group from carbamoyl phosphate (CP) to the N(epsilon) atom of ornithine (ORN) to produce L-citrulline; Belongs to the aspartate/ornithine carbamoyltransferase superfamily. OTCase family.,10,0.1,-1.1364007,9.900881
Plate1_Drawer2 29-Aug-2025 10-38-13,B1,flgB,VC_2200,"Flagellar basal-body rod protein FlgB; Structural component of flagellum, the bacterial motility apparatus. Part of the rod structure of flagellar basal body.",10,0.1,9.478078,5.8248124
Plate1_Drawer2 29-Aug-2025 10-38-13,B2,fliS,VC_2138,Flagellar protein FliS; Similar to GB:U12816 PID:1254205; identified by sequence similarity; putative.,10,0.1,8.968882,3.880536
Plate1_Drawer2 29-Aug-2025 10-38-13,B3,VC_A1081,VC_A1081,Hypothetical protein; Identified by Glimmer2; putative.,10,0.1,1.9049057,10.8278265
Plate1_Drawer2 29-Aug-2025 10-38-13,B4,VC_1909,VC_1909,Hypothetical protein; Identified by Glimmer2; putative.,10,0.1,-1.3465283,7.0906677
Plate1_Drawer2 29-Aug-2025 10-38-13,B5,VC_0449,VC_0449,Methyl-accepting chemotaxis protein; Similar to GB:X61367 PID:48195; identified by sequence similarity; putative.,10,0.1,0.2243786,10.922151
Plate1_Drawer2 29-Aug-2025 10-38-13,B6,VC_1498,VC_1498,Conserved hypothetical protein; Identified by Glimmer2; putative.,10,0.1,-1.5586807,9.994661
Plate1_Drawer2 29-Aug-2025 10-38-13,B7,VC_2756,VC_2756,Potassium uptake protein TrkH; Low-affinity potassium transport system. Interacts with Trk system potassium uptake protein TrkA; Belongs to the TrkH potassium transport family.,10,0.1,2.153628,10.543278
Plate1_Drawer2 29-Aug-2025 10-38-13,B8,VC_0113,VC_0113,Methyltransferase-related protein; Similar to SP:P37431 PID:295895; identified by sequence similarity; putative.,10,0.1,2.530551,10.077926
Plate1_Drawer2 29-Aug-2025 10-38-13,B9,VC_1423,VC_1423,Hypothetical protein; Identified by Glimmer2; putative.,10,0.1,-1.4429069,6.3803973
Plate1_Drawer2 29-Aug-2025 10-38-13,C10,epsC,VC_2734,"General secretion pathway protein C; Involved in a type II secretion system (T2SS, formerly general secretion pathway, GSP) for the export of proteins (By similarity). Required for secretion of cholera toxin through the outer membrane.",10,0.1,-5.2639933,3.8828073
Plate1_Drawer2 29-Aug-2025 10-38-13,C11,proQ,VC_1497,"Conserved hypothetical protein; RNA chaperone with significant RNA binding, RNA strand exchange and RNA duplexing activities; Belongs to the ProQ family.",10,0.1,-3.9833577,7.2224584
Plate1_Drawer2 29-Aug-2025 10-38-13,C12,VC_2627,VC_2627,DamX-related protein; Similar to SP:P11557 GB:Z19601 PID:41226 PID:43274 PID:606322; identified by sequence similarity; putative.,10,0.1,-1.5238914,6.1904583
Plate1_Drawer2 29-Aug-2025 10-38-13,C1,VC_A0588,VC_A0588,"Peptide ABC transporter, ATP-binding protein, putative; Similar to SP:P33916 PID:405909 GB:U00096 PID:1736845 PID:1788506; identified by sequence similarity; putative; Belongs to the ABC transporter superfamily.",10,0.1,-4.9260693,5.1458945
Plate1_Drawer2 29-Aug-2025 10-38-13,C2,gshB,VC_0468,Glutathione synthetase; Similar to SP:P04425 GB:X01666 PID:41625 PID:882476 GB:U00096; identified by sequence similarity; putative.,10,0.1,1.3728358,14.604952
Plate1_Drawer2 29-Aug-2025 10-38-13,C3,potB,VC_1427,"Spermidine/putrescine ABC transporter, permease protein; Similar to GB:M64519 SP:P23860 PID:147327 GB:U00096 PID:1651552; identified by sequence similarity; putative.",10,0.1,4.3664513,10.460451
Plate1_Drawer2 29-Aug-2025 10-38-13,C4,flgE,VC_2197,Flagellar hook protein FlgE; Similar to GB:X51737 SP:P16322 GB:X52093 PID:47673; identified by sequence similarity; putative.,10,0.1,8.987825,1.2899562
Plate1_Drawer2 29-Aug-2025 10-38-13,C5,glyQ,VC_0021,"glycyl-tRNA synthetase, alpha chain; Similar to SP:P00960 GB:J01622 PID:146222 PID:146225 PID:466698; identified by sequence similarity; putative.",10,0.1,-0.54320306,9.955588
Plate1_Drawer2 29-Aug-2025 10-38-13,C6,VC_0462,VC_0462,Twitching motility protein PilT; Similar to SP:P24559 GB:X67095 PID:151490; identified by sequence similarity; putative.,10,0.1,0.22799513,8.422283
Plate1_Drawer2 29-Aug-2025 10-38-13,C8,VC_0399,VC_0399,MSHA biogenesis protein MshI; Similar to PID:791156 PID:791153; identified by sequence similarity; putative.,10,0.1,0.28392872,8.519408
Plate1_Drawer2 29-Aug-2025 10-38-13,C9,fliD,VC_2140,"Flagellar hook-associated protein FliD; FILAMENT CAP Required for the morphogenesis and for the elongation of the flagellar filament by facilitating polymerization of the flagellin monomers at the tip of growing filament. Forms a capping structure, which prevents flagellin subunits (transported through the central channel of the flagellum) from leaking out without polymerization at the distal end (By similarity).",10,0.1,-0.6881794,6.077795
Plate1_Drawer2 29-Aug-2025 10-38-13,D12,wbeG,VC_0245,rfbG protein; Similar to GB:X59554 PID:48387; identified by sequence similarity; putative.,10,0.1,0.62297124,12.35134
Plate1_Drawer2 29-Aug-2025 10-38-13,D1,VC_0196,VC_0196,ATP-dependent DNA helicase RecQ; Similar to GB:M87049 SP:P15043 GB:M30198 PID:147559 PID:148221; identified by sequence similarity; putative.,10,0.1,-0.042539347,10.380829
Plate1_Drawer2 29-Aug-2025 10-38-13,D2,VC_1933,VC_1933,Hypothetical protein; Identified by Glimmer2; putative.,10,0.1,0.31441027,8.456655
Plate1_Drawer2 29-Aug-2025 10-38-13,D3,VC_A0001,VC_A0001,Hypothetical protein; Identified by Glimmer2; putative.,10,0.1,-1.5322433,7.4455137
Plate1_Drawer2 29-Aug-2025 10-38-13,D5,pilC,VC_2425,Type IV pilin biogenesis protein PilC; Involved in the translocation of the type IV pilin; Belongs to the GSP F family.,10,0.1,-0.6376838,10.378337
Plate1_Drawer2 29-Aug-2025 10-38-13,E10,VC_1887,VC_1887,Hypothetical protein; Identified by Glimmer2; putative.,10,0.1,7.4581323,12.50122
Plate1_Drawer2 29-Aug-2025 10-38-13,E11,VC_A0620,VC_A0620,"Thiosulfate sulfurtransferase SseA, putative; Similar to SP:P31142 GB:U00096 PID:1788869 PID:1799924; identified by sequence similarity; putative.",10,0.1,-4.6893487,3.3158262
Plate1_Drawer2 29-Aug-2025 10-38-13,E12,trmJ,VC_0746,"RNA methyltransferase, TrmH family; Catalyzes the formation of 2'O-methylated cytidine (Cm32) or 2'O-methylated uridine (Um32) at position 32 in tRNA.",10,0.1,-5.484709,6.291895
Plate1_Drawer2 29-Aug-2025 10-38-13,E1,VC_A0759,VC_A0759,"Arginine ABC transporter, periplasmic arginine-binding protein; Similar to SP:P30859 GB:X67753 GB:X86160 PID:40931 PID:769791; identified by sequence similarity; putative; Belongs to the bacterial solute-binding protein 3 family.",10,0.1,-0.13938583,10.456205
Plate1_Drawer2 29-Aug-2025 10-38-13,E2,VC_A0785,VC_A0785,GGDEF family protein; Similar to PID:1651932; identified by sequence similarity; putative.,10,0.1,3.248962,10.892804
Plate1_Drawer2 29-Aug-2025 10-38-13,E3,fliE,VC_2134,Flagellar hook-basal body complex protein FliE; Similar to PID:2338730; identified by sequence similarity; putative.,10,0.1,4.041343,10.219416
Plate1_Drawer2 29-Aug-2025 10-38-13,E4,VC_1581,VC_1581,"NADH dehydrogenase, putative; Similar to SP:P33607 PID:397909 GB:U00096 PID:1788614 PID:1799638; identified by sequence similarity; putative.",10,0.1,-0.8447912,8.334892
Plate1_Drawer2 29-Aug-2025 10-38-13,E5,fliP,VC_2123,Flagellar biosynthetic protein FliP; Plays a role in the flagellum-specific transport system. Belongs to the FliP/MopC/SpaP family.,10,0.1,8.987827,3.3561375
Plate1_Drawer2 29-Aug-2025 10-38-13,E6,lpxM,VC_0212,Lipid A biosynthesis (kdo)2-(lauroyl)-lipid IVA acyltransferase; Catalyzes the transfer of myristate from myristoyl-acyl carrier protein (ACP) to Kdo(2)-(lauroyl)-lipid IV(A) to form Kdo(2)- lipid A.,10,0.1,3.872717,9.200963
Plate1_Drawer2 29-Aug-2025 10-38-13,F10,cdgJ,VC_0137,Conserved hypothetical protein; Phosphodiesterase (PDE) that catalyzes the hydrolysis of cyclic diguanylate (c-di-GMP). Positively regulates motility and negatively regulates biofilm formation.,10,0.1,0.34692445,11.509645
Plate1_Drawer2 29-Aug-2025 10-38-13,F11,recO,VC_2459,DNA repair protein RecO; Involved in DNA repair and RecF pathway recombination.,10,0.1,2.3836272,10.979451
Plate1_Drawer2 29-Aug-2025 10-38-13,F12,VC_A0999,VC_A0999,"Transcriptional regulator, TetR family; Similar to GB:U00096 PID:1787354; identified by sequence similarity; putative.",10,0.1,-0.7194203,10.413066
Plate1_Drawer2 29-Aug-2025 10-38-13,F2,VC_2224,VC_2224,GGDEF family protein; Similar to GB:U00096 PID:1787603; identified by sequence similarity; putative.,10,0.1,-5.3096266,5.131224
Plate1_Drawer2 29-Aug-2025 10-38-13,F3,VC_A1099,VC_A1099,"ABC transporter, permease protein; Similar to SP:P33591 GB:X73143 PID:404846 PID:466613 GB:U00096; identified by sequence similarity; putative.",10,0.1,-5.695342,2.5501711
Plate1_Drawer2 29-Aug-2025 10-38-13,F4,VC_1320,VC_1320,DNA-binding response regulator; Similar to PID:1079807 SP:P52108 GB:U00096 PID:1742647 PID:1742658; identified by sequence similarity; putative.,10,0.1,-5.5673733,4.754888
Plate1_Drawer2 29-Aug-2025 10-38-13,F5,VC_1319,VC_1319,Sensor histidine kinase; Similar to GB:M36795 SP:P08336 GB:X13307 PID:145590 PID:305015; identified by sequence similarity; putative.,10,0.1,-5.437027,5.10116
Plate1_Drawer2 29-Aug-2025 10-38-13,F6,VC_A0536,VC_A0536,Conserved hypothetical protein; Identified by Glimmer2; putative.,10,0.1,-2.7179768,5.3322916
Plate1_Drawer2 29-Aug-2025 10-38-13,F7,VC_1414,VC_1414,"Thermostable carboxypeptidase 1; Broad specificity carboxypetidase that releases amino acids sequentially from the C-terminus, including neutral, aromatic, polar and basic residues.",10,0.1,-5.0332613,5.294875
Plate1_Drawer2 29-Aug-2025 10-38-13,F8,VC_A0527,VC_A0527,Conserved hypothetical protein; Identified by Glimmer2; putative.,10,0.1,-5.3276515,5.764096
Plate1_Drawer2 29-Aug-2025 10-38-13,F9,argH,VC_2641,Argininosuccinate lyase; Similar to SP:P11447 GB:J01590 GB:M21446 PID:145335 PID:396307; identified by sequence similarity; putative.,10,0.1,-5.613537,2.462583
Plate1_Drawer2 29-Aug-2025 10-38-13,G10,rluE,VC_1140,Pseudouridine synthase family 1 protein; Responsible for synthesis of pseudouridine from uracil-2457 in 23S ribosomal RNA; Belongs to the pseudouridine synthase RsuA family.,10,0.1,2.980494,10.873496
Plate1_Drawer2 29-Aug-2025 10-38-13,G11,VC_2524,VC_2524,Conserved hypothetical protein; Catalyzes the hydrolysis of 3-deoxy-D-manno-octulosonate 8- phosphate (KDO 8-P) to 3-deoxy-D-manno-octulosonate (KDO) and inorganic phosphate; Belongs to the KdsC family.,10,0.1,-5.6386137,2.9610114
Plate1_Drawer2 29-Aug-2025 10-38-13,G12,VC_0900,VC_0900,GGDEF family protein; Similar to PID:1652841; identified by sequence similarity; putative.,10,0.1,7.9883723,11.118825
Plate1_Drawer2 29-Aug-2025 10-38-13,G1,guaB,VC_0767,"Inosine-5`-monophosphate dehydrogenase; Catalyzes the conversion of inosine 5'-phosphate (IMP) to xanthosine 5'-phosphate (XMP), the first committed and rate-limiting step in the de novo synthesis of guanine nucleotides, and therefore plays an important role in the regulation of cell growth. Belongs to the IMPDH/GMPR family.",10,0.1,1.0788703,14.107797
Plate1_Drawer2 29-Aug-2025 10-38-13,G2,VC_A0171,VC_A0171,Conserved hypothetical protein; Identified by Glimmer2; putative.,10,0.1,4.15489,10.54263
Plate1_Drawer2 29-Aug-2025 10-38-13,G3,fliJ,VC_2129,"Flagellar protein FliJ, putative; Similar to PID:1071644 SP:P52613 GB:U00096 PID:1736608 PID:1788252; identified by sequence similarity; putative.",10,0.1,2.4755008,9.664449
Plate1_Drawer2 29-Aug-2025 10-38-13,G4,VC_0161,VC_0161,Transcriptional activator IlvY; Similar to GB:L42023 SP:P44821 PID:1005575 PID:1220765 PID:1204932; identified by sequence similarity; putative; Belongs to the LysR transcriptional regulatory family.,10,0.1,2.040958,9.806158
Plate1_Drawer2 29-Aug-2025 10-38-13,G5,VC_0405,VC_0405,MSHA biogenesis protein MshE; Similar to PID:791156 PID:791159; identified by sequence similarity; putative.,10,0.1,-2.106241,7.0471406
Plate1_Drawer2 29-Aug-2025 10-38-13,G6,VC_1295,VC_1295,Conserved hypothetical protein; Phosphodiesterase (PDE) that catalyzes the hydrolysis of cyclic diguanylate (c-di-GMP) to GMP in vitro. Increases motility and decreases biofilm formation in vivo.,10,0.1,-5.2527976,5.719536
Plate1_Drawer2 29-Aug-2025 10-38-13,G7,flgD,VC_2198,Basal-body rod modification protein FlgD; Required for flagellar hook formation. May act as a scaffolding protein.,10,0.1,13.653684,-0.26474145
Plate1_Drawer2 29-Aug-2025 10-38-13,G8,manC,VC_0241,Mannose-1-phosphate guanylyltransferase; Similar to GB:X59554 SP:Q07024 PID:48383; identified by sequence similarity; putative.,10,0.1,5.833688,21.45349
Plate1_Drawer2 29-Aug-2025 10-38-13,H10,trpR,VC_0701,"Trp operon repressor, putative; This protein is an aporepressor. When complexed with L- tryptophan it binds the operator region of the trp operon and prevents the initiation of transcription (By similarity).",10,0.1,1.6832324,11.27362
Plate1_Drawer2 29-Aug-2025 10-38-13,H11,greA,VC_0634,"Transcription elongation factor GreA; Necessary for efficient RNA polymerase transcription elongation past template-encoded arresting sites. The arresting sites in DNA have the property of trapping a certain fraction of elongating RNA polymerases that pass through, resulting in locked ternary complexes. Cleavage of the nascent transcript by cleavage factors such as GreA or GreB allows the resumption of elongation from the new 3'terminus. GreA releases sequences of 2 to 3 nucleotides.",10,0.1,-1.2868893,5.145557
Plate1_Drawer2 29-Aug-2025 10-38-13,H1,flhG,VC_2067,MinD-related protein; Similar to GP:3695013; identified by sequence similarity; putative. MULTIPLE FILAMENTS,10,0.1,-0.5612098,2.7877464
Plate1_Drawer2 29-Aug-2025 10-38-13,H2,VC_A0940,VC_A0940,"Transcriptional regulator, DeoR family; Similar to SP:P09392 GB:M96795 PID:146186 PID:606358 GB:U00096; identified by sequence similarity; putative.",10,0.1,2.9525824,9.73719
Plate1_Drawer2 29-Aug-2025 10-38-13,H3,ectA,VC_A0825,"L-2,4-diaminobutyric acid acetyltransferase; Catalyzes the acetylation of L-2,4-diaminobutyrate (DABA) to gamma-N-acetyl-alpha,gamma-diaminobutyric acid (ADABA) with acetyl coenzyme A.",10,0.1,-0.6562139,10.419878
Plate1_Drawer2 29-Aug-2025 10-38-13,H4,VC_A0840,VC_A0840,"Deoxycytidylate deaminase, putative; Similar to SP:P33968 GB:X70289 PID:396216; identified by sequence similarity; putative.",10,0.1,-0.46283364,7.014457
Plate1_Drawer2 29-Aug-2025 10-38-13,H6,VC_2522,VC_2522,Conserved hypothetical protein; Identified by Glimmer2; putative.,10,0.1,-0.88579625,6.876517
Plate1_Drawer2 29-Aug-2025 10-38-13,H8,manA,VC_0269,Mannose-6-phosphate isomerase; Similar to SP:P25081 GB:X57117 PID:48820; identified by sequence similarity; putative; Belongs to the mannose-6-phosphate isomerase type 1 family.,10,0.1,5.972771,21.54266
Plate1_Drawer2 29-Aug-2025 10-38-13,H9,nusB,VC_2267,N utilization substance protein B; Involved in transcription antitermination. Required for transcription of ribosomal RNA (rRNA) genes. Binds specifically to the boxA antiterminator sequence of the ribosomal RNA (rrn) operons.,10,0.1,-2.1220405,5.748747
Plate1_Drawer3 07-Aug-2025 11-30-00,A10,VC_1462,VC_1462,RstB2 protein; Similar to GP:2564358; identified by sequence similarity; putative.,10,0.1,1.252764,11.410003
Plate1_Drawer3 07-Aug-2025 11-30-00,A12,wavA,VC_0223,"ADP-heptose--LPS heptosyltransferase II, putative; Similar to GB:L42023 SP:P44011 PID:1003930 PID:1222457 PID:1204774; identified by sequence similarity; putative.",10,0.1,-1.2149312,11.986208
Plate1_Drawer3 07-Aug-2025 11-30-00,A1,ung,VC_2359,uracil-DNA glycosylase; Excises uracil residues from the DNA which can arise as a result of misincorporation of dUMP residues by DNA polymerase or due to deamination of cytosine.,10,0.1,0.3813869,8.958741
Plate1_Drawer3 07-Aug-2025 11-30-00,A2,VC_2453,VC_2453,Sensor histidine kinase/response regulator; Similar to GB:D10888 SP:P26607 PID:216535 PID:882680 GB:U00096; identified by sequence similarity; putative.,10,0.1,0.5313333,9.534341
Plate1_Drawer3 07-Aug-2025 11-30-00,A3,VC_2311,VC_2311,HesA/MoeB/ThiF family protein; Similar to GB:D21145 PID:471103 PID:882707 GB:U00096 SP:Q46927; identified by sequence similarity; putative.,10,0.1,0.7169477,8.216166
Plate1_Drawer3 07-Aug-2025 11-30-00,A5,rsmJ,VC_0073,Conserved hypothetical protein; Specifically methylates the guanosine in position 1516 of 16S rRNA.,10,0.1,0.5550993,12.512805
Plate1_Drawer3 07-Aug-2025 11-30-00,A6,potC,VC_1426,"Spermidine/putrescine ABC transporter, permease protein; Similar to GB:M64519 SP:P23859 PID:147328 GB:U00096 PID:1651551; identified by sequence similarity; putative.",10,0.1,1.2957478,11.479184
Plate1_Drawer3 07-Aug-2025 11-30-00,A7,pckA,VC_2738,Phosphoenolpyruvate carboxykinase; Involved in the gluconeogenesis. Catalyzes the conversion of oxaloacetate (OAA) to phosphoenolpyruvate (PEP) through direct phosphoryl transfer between the nucleoside triphosphate and OAA. Belongs to the phosphoenolpyruvate carboxykinase (ATP) family.,10,0.1,3.4766257,12.288882
Plate1_Drawer3 07-Aug-2025 11-30-00,A8,rluD,VC_0709,"Ribosomal large subunit pseudouridine synthase D; Responsible for synthesis of pseudouridine from uracil at positions 1911, 1915 and 1917 in 23S ribosomal RNA; Belongs to the pseudouridine synthase RluA family.",10,0.1,2.733512,15.6339445
Plate1_Drawer3 07-Aug-2025 11-30-00,A9,vibB,VC_0771,Vibriobactin-specific isochorismatase; Involved in the biosynthesis of the catechol siderophore vibriobactin. Vibriobactin is a chelating compound involved in transporting iron from the bacterial environment into the cell cytoplasm; Belongs to the isochorismatase family.,10,0.1,5.856396,15.616615
Plate1_Drawer3 07-Aug-2025 11-30-00,B10,flgP,VC_2206,Conserved hypothetical protein; Identified by Glimmer2; putative.,10,0.1,5.8190584,9.52267
Plate1_Drawer3 07-Aug-2025 11-30-00,B1,flgB,VC_2200,"Flagellar basal-body rod protein FlgB; Structural component of flagellum, the bacterial motility apparatus. Part of the rod structure of flagellar basal body.",10,0.1,9.492936,4.6832614
Plate1_Drawer3 07-Aug-2025 11-30-00,B2,fliS,VC_2138,Flagellar protein FliS; Similar to GB:U12816 PID:1254205; identified by sequence similarity; putative.,10,0.1,8.850191,4.1004834
Plate1_Drawer3 07-Aug-2025 11-30-00,B3,VC_A1081,VC_A1081,Hypothetical protein; Identified by Glimmer2; putative.,10,0.1,1.7389722,9.434507
Plate1_Drawer3 07-Aug-2025 11-30-00,B4,VC_1909,VC_1909,Hypothetical protein; Identified by Glimmer2; putative.,10,0.1,-0.8211197,8.2308445
Plate1_Drawer3 07-Aug-2025 11-30-00,B5,VC_0449,VC_0449,Methyl-accepting chemotaxis protein; Similar to GB:X61367 PID:48195; identified by sequence similarity; putative.,10,0.1,0.49738163,12.483236
Plate1_Drawer3 07-Aug-2025 11-30-00,B6,VC_1498,VC_1498,Conserved hypothetical protein; Identified by Glimmer2; putative.,10,0.1,1.9950558,11.141456
Plate1_Drawer3 07-Aug-2025 11-30-00,B7,VC_2756,VC_2756,Potassium uptake protein TrkH; Low-affinity potassium transport system. Interacts with Trk system potassium uptake protein TrkA; Belongs to the TrkH potassium transport family.,10,0.1,2.012751,10.97487
Plate1_Drawer3 07-Aug-2025 11-30-00,B8,VC_0113,VC_0113,Methyltransferase-related protein; Similar to SP:P37431 PID:295895; identified by sequence similarity; putative.,10,0.1,2.9316466,11.817275
Plate1_Drawer3 07-Aug-2025 11-30-00,B9,VC_1423,VC_1423,Hypothetical protein; Identified by Glimmer2; putative.,10,0.1,-1.1997986,6.732775
Plate1_Drawer3 07-Aug-2025 11-30-00,C10,epsC,VC_2734,"General secretion pathway protein C; Involved in a type II secretion system (T2SS, formerly general secretion pathway, GSP) for the export of proteins (By similarity). Required for secretion of cholera toxin through the outer membrane.",10,0.1,-5.589016,4.946141
Plate1_Drawer3 07-Aug-2025 11-30-00,C11,proQ,VC_1497,"Conserved hypothetical protein; RNA chaperone with significant RNA binding, RNA strand exchange and RNA duplexing activities; Belongs to the ProQ family.",10,0.1,-4.6711407,6.888853
Plate1_Drawer3 07-Aug-2025 11-30-00,C12,VC_2627,VC_2627,DamX-related protein; Similar to SP:P11557 GB:Z19601 PID:41226 PID:43274 PID:606322; identified by sequence similarity; putative.,10,0.1,-1.274503,5.8480163
Plate1_Drawer3 07-Aug-2025 11-30-00,C1,VC_A0588,VC_A0588,"Peptide ABC transporter, ATP-binding protein, putative; Similar to SP:P33916 PID:405909 GB:U00096 PID:1736845 PID:1788506; identified by sequence similarity; putative; Belongs to the ABC transporter superfamily.",10,0.1,-2.3500319,5.863181
Plate1_Drawer3 07-Aug-2025 11-30-00,C2,gshB,VC_0468,Glutathione synthetase; Similar to SP:P04425 GB:X01666 PID:41625 PID:882476 GB:U00096; identified by sequence similarity; putative.,10,0.1,5.6336255,15.79866
Plate1_Drawer3 07-Aug-2025 11-30-00,C3,potB,VC_1427,"Spermidine/putrescine ABC transporter, permease protein; Similar to GB:M64519 SP:P23860 PID:147327 GB:U00096 PID:1651552; identified by sequence similarity; putative.",10,0.1,4.2421637,11.652998
Plate1_Drawer3 07-Aug-2025 11-30-00,C4,flgE,VC_2197,Flagellar hook protein FlgE; Similar to GB:X51737 SP:P16322 GB:X52093 PID:47673; identified by sequence similarity; putative.,10,0.1,9.01217,1.3330678
Plate1_Drawer3 07-Aug-2025 11-30-00,C5,glyQ,VC_0021,"glycyl-tRNA synthetase, alpha chain; Similar to SP:P00960 GB:J01622 PID:146222 PID:146225 PID:466698; identified by sequence similarity; putative.",10,0.1,-1.4520972,9.246053
Plate1_Drawer3 07-Aug-2025 11-30-00,C6,VC_0462,VC_0462,Twitching motility protein PilT; Similar to SP:P24559 GB:X67095 PID:151490; identified by sequence similarity; putative.,10,0.1,0.2798477,8.232287
Plate1_Drawer3 07-Aug-2025 11-30-00,C7,flhA,VC_2069,"Flagellar biosynthetic protein FlhA; Required for formation of the rod structure of the flagellar apparatus. Together with FliI and FliH, may constitute the export apparatus of flagellin; Belongs to the FHIPEP (flagella/HR/invasion proteins export pore) family.",10,0.1,9.106077,5.7990975
Plate1_Drawer3 07-Aug-2025 11-30-00,C8,VC_0399,VC_0399,MSHA biogenesis protein MshI; Similar to PID:791156 PID:791153; identified by sequence similarity; putative.,10,0.1,0.98592615,12.933984
Plate1_Drawer3 07-Aug-2025 11-30-00,C9,fliD,VC_2140,"Flagellar hook-associated protein FliD; FILAMENT CAP Required for the morphogenesis and for the elongation of the flagellar filament by facilitating polymerization of the flagellin monomers at the tip of growing filament. Forms a capping structure, which prevents flagellin subunits (transported through the central channel of the flagellum) from leaking out without polymerization at the distal end (By similarity).",10,0.1,-3.2415333,7.9579525
Plate1_Drawer3 07-Aug-2025 11-30-00,D10,VC_2270,VC_2270,Riboflavin,10,0.1,1.1544445,13.698045
Plate1_Drawer3 07-Aug-2025 11-30-00,D11,VC_2718; VC_2719,VC_2718; VC_2719,,10,0.1,9.197686,12.942537
Plate1_Drawer3 07-Aug-2025 11-30-00,D12,wbeG,VC_0245,rfbG protein; Similar to GB:X59554 PID:48387; identified by sequence similarity; putative.,10,0.1,-0.30472866,12.151005
Plate1_Drawer3 07-Aug-2025 11-30-00,D1,VC_0196,VC_0196,ATP-dependent DNA helicase RecQ; Similar to GB:M87049 SP:P15043 GB:M30198 PID:147559 PID:148221; identified by sequence similarity; putative.,10,0.1,2.3549953,11.834881
Plate1_Drawer3 07-Aug-2025 11-30-00,D2,VC_1933,VC_1933,Hypothetical protein; Identified by Glimmer2; putative.,10,0.1,0.048918013,8.547648
Plate1_Drawer3 07-Aug-2025 11-30-00,D3,VC_A0001,VC_A0001,Hypothetical protein; Identified by Glimmer2; putative.,10,0.1,-2.0389996,5.805024
Plate1_Drawer3 07-Aug-2025 11-30-00,D4,fadR,VC_1900,Fatty acid metabolism regulator protein; Multifunctional regulator of fatty acid metabolism.,10,0.1,6.671676,14.183892
Plate1_Drawer3 07-Aug-2025 11-30-00,D5,pilC,VC_2425,Type IV pilin biogenesis protein PilC; Involved in the translocation of the type IV pilin; Belongs to the GSP F family.,10,0.1,-3.4048712,8.89354
Plate1_Drawer3 07-Aug-2025 11-30-00,D6,pta,VC_1097,Phosphate acetyltransferase; Involved in acetate metabolism; In the N-terminal section; belongs to the CobB/CobQ family.,10,0.1,-4.874527,3.4959872
Plate1_Drawer3 07-Aug-2025 11-30-00,D7,VC_A0800,VC_A0800,creA protein; Similar to SP:P08367 GB:M13608 PID:147249 PID:147691 PID:537237; identified by sequence similarity; putative.,10,0.1,4.3302665,11.287401
Plate1_Drawer3 07-Aug-2025 11-30-00,D8,wzt,VC_0247,lipopolysaccharide/O-antigen transport protein; Similar to GB:X59554 PID:48389; identified by sequence similarity; putative.,10,0.1,0.27261588,10.952228
Plate1_Drawer3 07-Aug-2025 11-30-00,D9,wbeM,VC_0250,Iron-containing alcohol dehydrogenase family protein RfbM; Similar to GB:M26941 SP:P13604 PID:144714; identified by sequence similarity; putative.,10,0.1,-0.57564193,11.876568
Plate1_Drawer3 07-Aug-2025 11-30-00,E10,VC_1887,VC_1887,Hypothetical protein; Identified by Glimmer2; putative.,10,0.1,7.4841843,12.50677
Plate1_Drawer3 07-Aug-2025 11-30-00,E11,VC_A0620,VC_A0620,"Thiosulfate sulfurtransferase SseA, putative; Similar to SP:P31142 GB:U00096 PID:1788869 PID:1799924; identified by sequence similarity; putative.",10,0.1,-4.789521,3.402448
Plate1_Drawer3 07-Aug-2025 11-30-00,E12,trmJ,VC_0746,"RNA methyltransferase, TrmH family; Catalyzes the formation of 2'O-methylated cytidine (Cm32) or 2'O-methylated uridine (Um32) at position 32 in tRNA.",10,0.1,-4.8122334,3.4435809
Plate1_Drawer3 07-Aug-2025 11-30-00,E1,VC_A0759,VC_A0759,"Arginine ABC transporter, periplasmic arginine-binding protein; Similar to SP:P30859 GB:X67753 GB:X86160 PID:40931 PID:769791; identified by sequence similarity; putative; Belongs to the bacterial solute-binding protein 3 family.",10,0.1,2.936323,10.941375
Plate1_Drawer3 07-Aug-2025 11-30-00,E2,VC_A0785,VC_A0785,GGDEF family protein; Similar to PID:1651932; identified by sequence similarity; putative.,10,0.1,4.2884593,10.323533
Plate1_Drawer3 07-Aug-2025 11-30-00,E3,fliE,VC_2134,Flagellar hook-basal body complex protein FliE; Similar to PID:2338730; identified by sequence similarity; putative.,10,0.1,9.144423,2.2058368
Plate1_Drawer3 07-Aug-2025 11-30-00,E4,VC_1581,VC_1581,"NADH dehydrogenase, putative; Similar to SP:P33607 PID:397909 GB:U00096 PID:1788614 PID:1799638; identified by sequence similarity; putative.",10,0.1,-3.0062678,4.8161597
Plate1_Drawer3 07-Aug-2025 11-30-00,E5,fliP,VC_2123,Flagellar biosynthetic protein FliP; Plays a role in the flagellum-specific transport system. Belongs to the FliP/MopC/SpaP family.,10,0.1,8.728043,4.9019547
Plate1_Drawer3 07-Aug-2025 11-30-00,E6,lpxM,VC_0212,Lipid A biosynthesis (kdo)2-(lauroyl)-lipid IVA acyltransferase; Catalyzes the transfer of myristate from myristoyl-acyl carrier protein (ACP) to Kdo(2)-(lauroyl)-lipid IV(A) to form Kdo(2)- lipid A.,10,0.1,3.9281201,9.209202
Plate1_Drawer3 07-Aug-2025 11-30-00,E7,VC_2714,VC_2714,Transcriptional regulator OmpR; Similar to PID:2108342; identified by sequence similarity; putative.,10,0.1,-4.767913,3.5375562
Plate1_Drawer3 07-Aug-2025 11-30-00,F10,cdgJ,VC_0137,Conserved hypothetical protein; Phosphodiesterase (PDE) that catalyzes the hydrolysis of cyclic diguanylate (c-di-GMP). Positively regulates motility and negatively regulates biofilm formation.,10,0.1,-0.79875815,7.9979243
Plate1_Drawer3 07-Aug-2025 11-30-00,F11,recO,VC_2459,DNA repair protein RecO; Involved in DNA repair and RecF pathway recombination.,10,0.1,4.1863766,11.149815
Plate1_Drawer3 07-Aug-2025 11-30-00,F12,VC_A0999,VC_A0999,"Transcriptional regulator, TetR family; Similar to GB:U00096 PID:1787354; identified by sequence similarity; putative.",10,0.1,1.7698729,11.366369
Plate1_Drawer3 07-Aug-2025 11-30-00,F2,VC_2224,VC_2224,GGDEF family protein; Similar to GB:U00096 PID:1787603; identified by sequence similarity; putative.,10,0.1,-5.364407,5.4272456
Plate1_Drawer3 07-Aug-2025 11-30-00,F3,VC_A1099,VC_A1099,"ABC transporter, permease protein; Similar to SP:P33591 GB:X73143 PID:404846 PID:466613 GB:U00096; identified by sequence similarity; putative.",10,0.1,-5.423701,4.428311
Plate1_Drawer3 07-Aug-2025 11-30-00,F4,VC_1320,VC_1320,DNA-binding response regulator; Similar to PID:1079807 SP:P52108 GB:U00096 PID:1742647 PID:1742658; identified by sequence similarity; putative.,10,0.1,-4.269399,0.88279176
Plate1_Drawer3 07-Aug-2025 11-30-00,F5,VC_1319,VC_1319,Sensor histidine kinase; Similar to GB:M36795 SP:P08336 GB:X13307 PID:145590 PID:305015; identified by sequence similarity; putative.,10,0.1,-5.4317117,5.3689966
Plate1_Drawer3 07-Aug-2025 11-30-00,F6,VC_A0536,VC_A0536,Conserved hypothetical protein; Identified by Glimmer2; putative.,10,0.1,-2.182904,5.853129
Plate1_Drawer3 07-Aug-2025 11-30-00,F7,VC_1414,VC_1414,"Thermostable carboxypeptidase 1; Broad specificity carboxypetidase that releases amino acids sequentially from the C-terminus, including neutral, aromatic, polar and basic residues.",10,0.1,-5.5219693,4.98987
Plate1_Drawer3 07-Aug-2025 11-30-00,F8,VC_A0527,VC_A0527,Conserved hypothetical protein; Identified by Glimmer2; putative.,10,0.1,-4.210053,1.5335276
Plate1_Drawer3 07-Aug-2025 11-30-00,F9,argH,VC_2641,Argininosuccinate lyase; Similar to SP:P11447 GB:J01590 GB:M21446 PID:145335 PID:396307; identified by sequence similarity; putative.,10,0.1,-5.4482775,4.427019
Plate1_Drawer3 07-Aug-2025 11-30-00,G10,rluE,VC_1140,Pseudouridine synthase family 1 protein; Responsible for synthesis of pseudouridine from uracil-2457 in 23S ribosomal RNA; Belongs to the pseudouridine synthase RsuA family.,10,0.1,3.0123708,10.773491
Plate1_Drawer3 07-Aug-2025 11-30-00,G11,VC_2524,VC_2524,Conserved hypothetical protein; Catalyzes the hydrolysis of 3-deoxy-D-manno-octulosonate 8- phosphate (KDO 8-P) to 3-deoxy-D-manno-octulosonate (KDO) and inorganic phosphate; Belongs to the KdsC family.,10,0.1,-5.3568497,7.2203455
Plate1_Drawer3 07-Aug-2025 11-30-00,G12,VC_0900,VC_0900,GGDEF family protein; Similar to PID:1652841; identified by sequence similarity; putative.,10,0.1,7.990766,11.112959
Plate1_Drawer3 07-Aug-2025 11-30-00,G2,VC_A0171,VC_A0171,Conserved hypothetical protein; Identified by Glimmer2; putative.,10,0.1,2.8406038,10.984683
Plate1_Drawer3 07-Aug-2025 11-30-00,G3,fliJ,VC_2129,"Flagellar protein FliJ, putative; Similar to PID:1071644 SP:P52613 GB:U00096 PID:1736608 PID:1788252; identified by sequence similarity; putative.",10,0.1,0.20905443,6.184344
Plate1_Drawer3 07-Aug-2025 11-30-00,G4,VC_0161,VC_0161,Transcriptional activator IlvY; Similar to GB:L42023 SP:P44821 PID:1005575 PID:1220765 PID:1204932; identified by sequence similarity; putative; Belongs to the LysR transcriptional regulatory family.,10,0.1,2.420076,10.734485
Plate1_Drawer3 07-Aug-2025 11-30-00,G5,VC_0405,VC_0405,MSHA biogenesis protein MshE; Similar to PID:791156 PID:791159; identified by sequence similarity; putative.,10,0.1,-1.9632419,5.9360137
Plate1_Drawer3 07-Aug-2025 11-30-00,G6,VC_1295,VC_1295,Conserved hypothetical protein; Phosphodiesterase (PDE) that catalyzes the hydrolysis of cyclic diguanylate (c-di-GMP) to GMP in vitro. Increases motility and decreases biofilm formation in vivo.,10,0.1,-5.72424,3.5318391
Plate1_Drawer3 07-Aug-2025 11-30-00,G7,flgD,VC_2198,Basal-body rod modification protein FlgD; Required for flagellar hook formation. May act as a scaffolding protein.,10,0.1,13.639334,-0.24969701
Plate1_Drawer3 07-Aug-2025 11-30-00,G8,manC,VC_0241,Mannose-1-phosphate guanylyltransferase; Similar to GB:X59554 SP:Q07024 PID:48383; identified by sequence similarity; putative.,10,0.1,5.944665,21.405577
Plate1_Drawer3 07-Aug-2025 11-30-00,H10,trpR,VC_0701,"Trp operon repressor, putative; This protein is an aporepressor. When complexed with L- tryptophan it binds the operator region of the trp operon and prevents the initiation of transcription (By similarity).",10,0.1,2.2809217,12.252814
Plate1_Drawer3 07-Aug-2025 11-30-00,H11,greA,VC_0634,"Transcription elongation factor GreA; Necessary for efficient RNA polymerase transcription elongation past template-encoded arresting sites. The arresting sites in DNA have the property of trapping a certain fraction of elongating RNA polymerases that pass through, resulting in locked ternary complexes. Cleavage of the nascent transcript by cleavage factors such as GreA or GreB allows the resumption of elongation from the new 3'terminus. GreA releases sequences of 2 to 3 nucleotides.",10,0.1,0.7049441,9.753485
Plate1_Drawer3 07-Aug-2025 11-30-00,H12,VC_0419,VC_0419,Cytoplasmic axial filament protein; Similar to SP:P25537 PID:48826 PID:606187 GB:U00096 PID:1789645; identified by sequence similarity; putative.,10,0.1,0.729759,9.345493
Plate1_Drawer3 07-Aug-2025 11-30-00,H1,flhG,VC_2067,MinD-related protein; Similar to GP:3695013; identified by sequence similarity; putative. MULTIPLE FILAMENTS,10,0.1,-0.56700754,2.840002
Plate1_Drawer3 07-Aug-2025 11-30-00,H2,VC_A0940,VC_A0940,"Transcriptional regulator, DeoR family; Similar to SP:P09392 GB:M96795 PID:146186 PID:606358 GB:U00096; identified by sequence similarity; putative.",10,0.1,3.1410859,9.882611
Plate1_Drawer3 07-Aug-2025 11-30-00,H3,ectA,VC_A0825,"L-2,4-diaminobutyric acid acetyltransferase; Catalyzes the acetylation of L-2,4-diaminobutyrate (DABA) to gamma-N-acetyl-alpha,gamma-diaminobutyric acid (ADABA) with acetyl coenzyme A.",10,0.1,2.7325346,10.996589
Plate1_Drawer3 07-Aug-2025 11-30-00,H4,VC_A0840,VC_A0840,"Deoxycytidylate deaminase, putative; Similar to SP:P33968 GB:X70289 PID:396216; identified by sequence similarity; putative.",10,0.1,-0.48090532,6.7878866
Plate1_Drawer3 07-Aug-2025 11-30-00,H6,VC_2522,VC_2522,Conserved hypothetical protein; Identified by Glimmer2; putative.,10,0.1,-0.033304524,8.955749
Plate1_Drawer3 07-Aug-2025 11-30-00,H7,glmS,VC_0487,"Glucosamine--fructose-6-phosphate aminotransferase (isomerizing); Catalyzes the first step in hexosamine metabolism, converting fructose-6P into glucosamine-6P using glutamine as a nitrogen source.",10,0.1,-0.81082237,7.4922028
Plate1_Drawer3 07-Aug-2025 11-30-00,H8,manA,VC_0269,Mannose-6-phosphate isomerase; Similar to SP:P25081 GB:X57117 PID:48820; identified by sequence similarity; putative; Belongs to the mannose-6-phosphate isomerase type 1 family.,10,0.1,5.7580795,21.205534
Plate1_Drawer3 07-Aug-2025 11-30-00,H9,nusB,VC_2267,N utilization substance protein B; Involved in transcription antitermination. Required for transcription of ribosomal RNA (rRNA) genes. Binds specifically to the boxA antiterminator sequence of the ribosomal RNA (rrn) operons.,10,0.1,-2.1090915,6.1462774
Plate1_Drawer3 22-Jul-2025 10-49-52,A10,VC_1462,VC_1462,RstB2 protein; Similar to GP:2564358; identified by sequence similarity; putative.,10,0.1,0.22337438,7.2922397
Plate1_Drawer3 22-Jul-2025 10-49-52,A12,wavA,VC_0223,"ADP-heptose--LPS heptosyltransferase II, putative; Similar to GB:L42023 SP:P44011 PID:1003930 PID:1222457 PID:1204774; identified by sequence similarity; putative.",10,0.1,-1.8881881,10.602671
Plate1_Drawer3 22-Jul-2025 10-49-52,A1,ung,VC_2359,uracil-DNA glycosylase; Excises uracil residues from the DNA which can arise as a result of misincorporation of dUMP residues by DNA polymerase or due to deamination of cytosine.,10,0.1,0.5947071,8.068734
Plate1_Drawer3 22-Jul-2025 10-49-52,A2,VC_2453,VC_2453,Sensor histidine kinase/response regulator; Similar to GB:D10888 SP:P26607 PID:216535 PID:882680 GB:U00096; identified by sequence similarity; putative.,10,0.1,0.74279845,7.551699
Plate1_Drawer3 22-Jul-2025 10-49-52,A3,VC_2311,VC_2311,HesA/MoeB/ThiF family protein; Similar to GB:D21145 PID:471103 PID:882707 GB:U00096 SP:Q46927; identified by sequence similarity; putative.,10,0.1,0.40993884,7.6945043
Plate1_Drawer3 22-Jul-2025 10-49-52,A4,lipA,VC_0943,"Lipoic acid synthetase; Catalyzes the radical-mediated insertion of two sulfur atoms into the C-6 and C-8 positions of the octanoyl moiety bound to the lipoyl domains of lipoate-dependent enzymes, thereby converting the octanoylated domains into lipoylated derivatives.",10,0.1,6.000246,15.180121
Plate1_Drawer3 22-Jul-2025 10-49-52,A5,rsmJ,VC_0073,Conserved hypothetical protein; Specifically methylates the guanosine in position 1516 of 16S rRNA.,10,0.1,0.49829555,8.393852
Plate1_Drawer3 22-Jul-2025 10-49-52,A6,potC,VC_1426,"Spermidine/putrescine ABC transporter, permease protein; Similar to GB:M64519 SP:P23859 PID:147328 GB:U00096 PID:1651551; identified by sequence similarity; putative.",10,0.1,0.43503806,7.863299
Plate1_Drawer3 22-Jul-2025 10-49-52,A7,pckA,VC_2738,Phosphoenolpyruvate carboxykinase; Involved in the gluconeogenesis. Catalyzes the conversion of oxaloacetate (OAA) to phosphoenolpyruvate (PEP) through direct phosphoryl transfer between the nucleoside triphosphate and OAA. Belongs to the phosphoenolpyruvate carboxykinase (ATP) family.,10,0.1,4.2749352,10.4222355
Plate1_Drawer3 22-Jul-2025 10-49-52,A8,rluD,VC_0709,"Ribosomal large subunit pseudouridine synthase D; Responsible for synthesis of pseudouridine from uracil at positions 1911, 1915 and 1917 in 23S ribosomal RNA; Belongs to the pseudouridine synthase RluA family.",10,0.1,-3.022056,3.7428613
Plate1_Drawer3 22-Jul-2025 10-49-52,A9,vibB,VC_0771,Vibriobactin-specific isochorismatase; Involved in the biosynthesis of the catechol siderophore vibriobactin. Vibriobactin is a chelating compound involved in transporting iron from the bacterial environment into the cell cytoplasm; Belongs to the isochorismatase family.,10,0.1,0.9547113,14.725125
Plate1_Drawer3 22-Jul-2025 10-49-52,B10,flgP,VC_2206,Conserved hypothetical protein; Identified by Glimmer2; putative.,10,0.1,8.617064,3.6565518
Plate1_Drawer3 22-Jul-2025 10-49-52,B11,fliQ,VC_2122,Flagellar biosynthetic protein FliQ; Role in flagellar biosynthesis. Belongs to the FliQ/MopD/SpaQ family.,10,0.1,8.591543,4.1630745
Plate1_Drawer3 22-Jul-2025 10-49-52,B12,argF,VC_2508,Ornithine carbamoyltransferase; Reversibly catalyzes the transfer of the carbamoyl group from carbamoyl phosphate (CP) to the N(epsilon) atom of ornithine (ORN) to produce L-citrulline; Belongs to the aspartate/ornithine carbamoyltransferase superfamily. OTCase family.,10,0.1,-1.030074,9.610187
Plate1_Drawer3 22-Jul-2025 10-49-52,B1,flgB,VC_2200,"Flagellar basal-body rod protein FlgB; Structural component of flagellum, the bacterial motility apparatus. Part of the rod structure of flagellar basal body.",10,0.1,9.327295,2.4702961
Plate1_Drawer3 22-Jul-2025 10-49-52,B2,fliS,VC_2138,Flagellar protein FliS; Similar to GB:U12816 PID:1254205; identified by sequence similarity; putative.,10,0.1,8.958524,3.211002
Plate1_Drawer3 22-Jul-2025 10-49-52,B3,VC_A1081,VC_A1081,Hypothetical protein; Identified by Glimmer2; putative.,10,0.1,1.5968314,8.153381
Plate1_Drawer3 22-Jul-2025 10-49-52,B4,VC_1909,VC_1909,Hypothetical protein; Identified by Glimmer2; putative.,10,0.1,-2.3367014,5.526476
Plate1_Drawer3 22-Jul-2025 10-49-52,B5,VC_0449,VC_0449,Methyl-accepting chemotaxis protein; Similar to GB:X61367 PID:48195; identified by sequence similarity; putative.,10,0.1,-0.054764453,8.617364
Plate1_Drawer3 22-Jul-2025 10-49-52,B6,VC_1498,VC_1498,Conserved hypothetical protein; Identified by Glimmer2; putative.,10,0.1,-1.4344475,9.8744955
Plate1_Drawer3 22-Jul-2025 10-49-52,B7,VC_2756,VC_2756,Potassium uptake protein TrkH; Low-affinity potassium transport system. Interacts with Trk system potassium uptake protein TrkA; Belongs to the TrkH potassium transport family.,10,0.1,2.4735072,9.187201
Plate1_Drawer3 22-Jul-2025 10-49-52,B8,VC_0113,VC_0113,Methyltransferase-related protein; Similar to SP:P37431 PID:295895; identified by sequence similarity; putative.,10,0.1,2.4205167,9.272686
Plate1_Drawer3 22-Jul-2025 10-49-52,B9,VC_1423,VC_1423,Hypothetical protein; Identified by Glimmer2; putative.,10,0.1,-2.435816,3.9529676
Plate1_Drawer3 22-Jul-2025 10-49-52,C10,epsC,VC_2734,"General secretion pathway protein C; Involved in a type II secretion system (T2SS, formerly general secretion pathway, GSP) for the export of proteins (By similarity). Required for secretion of cholera toxin through the outer membrane.",10,0.1,-3.8939404,1.2720288
Plate1_Drawer3 22-Jul-2025 10-49-52,C11,proQ,VC_1497,"Conserved hypothetical protein; RNA chaperone with significant RNA binding, RNA strand exchange and RNA duplexing activities; Belongs to the ProQ family.",10,0.1,-3.9017477,2.3677926
Plate1_Drawer3 22-Jul-2025 10-49-52,C12,VC_2627,VC_2627,DamX-related protein; Similar to SP:P11557 GB:Z19601 PID:41226 PID:43274 PID:606322; identified by sequence similarity; putative.,10,0.1,-2.8507016,3.524439
Plate1_Drawer3 22-Jul-2025 10-49-52,C1,VC_A0588,VC_A0588,"Peptide ABC transporter, ATP-binding protein, putative; Similar to SP:P33916 PID:405909 GB:U00096 PID:1736845 PID:1788506; identified by sequence similarity; putative; Belongs to the ABC transporter superfamily.",10,0.1,-4.4104576,2.6942844
Plate1_Drawer3 22-Jul-2025 10-49-52,C2,gshB,VC_0468,Glutathione synthetase; Similar to SP:P04425 GB:X01666 PID:41625 PID:882476 GB:U00096; identified by sequence similarity; putative.,10,0.1,2.2686753,15.424901
Plate1_Drawer3 22-Jul-2025 10-49-52,C3,potB,VC_1427,"Spermidine/putrescine ABC transporter, permease protein; Similar to GB:M64519 SP:P23860 PID:147327 GB:U00096 PID:1651552; identified by sequence similarity; putative.",10,0.1,4.6306167,10.865734
Plate1_Drawer3 22-Jul-2025 10-49-52,C4,flgE,VC_2197,Flagellar hook protein FlgE; Similar to GB:X51737 SP:P16322 GB:X52093 PID:47673; identified by sequence similarity; putative.,10,0.1,9.373214,2.002794
Plate1_Drawer3 22-Jul-2025 10-49-52,C5,glyQ,VC_0021,"glycyl-tRNA synthetase, alpha chain; Similar to SP:P00960 GB:J01622 PID:146222 PID:146225 PID:466698; identified by sequence similarity; putative.",10,0.1,-1.6476777,8.453971
Plate1_Drawer3 22-Jul-2025 10-49-52,C6,VC_0462,VC_0462,Twitching motility protein PilT; Similar to SP:P24559 GB:X67095 PID:151490; identified by sequence similarity; putative.,10,0.1,0.042979386,7.0092363
Plate1_Drawer3 22-Jul-2025 10-49-52,C7,flhA,VC_2069,"Flagellar biosynthetic protein FlhA; Required for formation of the rod structure of the flagellar apparatus. Together with FliI and FliH, may constitute the export apparatus of flagellin; Belongs to the FHIPEP (flagella/HR/invasion proteins export pore) family.",10,0.1,8.962378,3.2966614
Plate1_Drawer3 22-Jul-2025 10-49-52,C8,VC_0399,VC_0399,MSHA biogenesis protein MshI; Similar to PID:791156 PID:791153; identified by sequence similarity; putative.,10,0.1,0.21195033,6.731865
Plate1_Drawer3 22-Jul-2025 10-49-52,C9,fliD,VC_2140,"Flagellar hook-associated protein FliD; FILAMENT CAP Required for the morphogenesis and for the elongation of the flagellar filament by facilitating polymerization of the flagellin monomers at the tip of growing filament. Forms a capping structure, which prevents flagellin subunits (transported through the central channel of the flagellum) from leaking out without polymerization at the distal end (By similarity).",10,0.1,0.41584158,6.4504848
Plate1_Drawer3 22-Jul-2025 10-49-52,D11,VC_2718; VC_2719,VC_2718; VC_2719,,10,0.1,10.436551,12.713647
Plate1_Drawer3 22-Jul-2025 10-49-52,D12,wbeG,VC_0245,rfbG protein; Similar to GB:X59554 PID:48387; identified by sequence similarity; putative.,10,0.1,-1.9171069,10.657827
Plate1_Drawer3 22-Jul-2025 10-49-52,D1,VC_0196,VC_0196,ATP-dependent DNA helicase RecQ; Similar to GB:M87049 SP:P15043 GB:M30198 PID:147559 PID:148221; identified by sequence similarity; putative.,10,0.1,-0.12850492,9.944669
Plate1_Drawer3 22-Jul-2025 10-49-52,D2,VC_1933,VC_1933,Hypothetical protein; Identified by Glimmer2; putative.,10,0.1,0.54484826,8.087809
Plate1_Drawer3 22-Jul-2025 10-49-52,D3,VC_A0001,VC_A0001,Hypothetical protein; Identified by Glimmer2; putative.,10,0.1,-3.030749,4.489754
Plate1_Drawer3 22-Jul-2025 10-49-52,D4,fadR,VC_1900,Fatty acid metabolism regulator protein; Multifunctional regulator of fatty acid metabolism.,10,0.1,6.5807986,14.279261
Plate1_Drawer3 22-Jul-2025 10-49-52,D5,pilC,VC_2425,Type IV pilin biogenesis protein PilC; Involved in the translocation of the type IV pilin; Belongs to the GSP F family.,10,0.1,-1.4295708,8.542403
Plate1_Drawer3 22-Jul-2025 10-49-52,D6,pta,VC_1097,Phosphate acetyltransferase; Involved in acetate metabolism; In the N-terminal section; belongs to the CobB/CobQ family.,10,0.1,-4.8604684,3.09206
Plate1_Drawer3 22-Jul-2025 10-49-52,D7,VC_A0800,VC_A0800,creA protein; Similar to SP:P08367 GB:M13608 PID:147249 PID:147691 PID:537237; identified by sequence similarity; putative.,10,0.1,4.8989954,10.114071
Plate1_Drawer3 22-Jul-2025 10-49-52,D8,wzt,VC_0247,lipopolysaccharide/O-antigen transport protein; Similar to GB:X59554 PID:48389; identified by sequence similarity; putative.,10,0.1,-0.8588238,12.016718
Plate1_Drawer3 22-Jul-2025 10-49-52,D9,wbeM,VC_0250,Iron-containing alcohol dehydrogenase family protein RfbM; Similar to GB:M26941 SP:P13604 PID:144714; identified by sequence similarity; putative.,10,0.1,-1.1482958,11.980837
Plate1_Drawer3 22-Jul-2025 10-49-52,E10,VC_1887,VC_1887,Hypothetical protein; Identified by Glimmer2; putative.,10,0.1,5.4076796,13.989182
Plate1_Drawer3 22-Jul-2025 10-49-52,E11,VC_A0620,VC_A0620,"Thiosulfate sulfurtransferase SseA, putative; Similar to SP:P31142 GB:U00096 PID:1788869 PID:1799924; identified by sequence similarity; putative.",10,0.1,-2.5213354,5.589973
Plate1_Drawer3 22-Jul-2025 10-49-52,E12,trmJ,VC_0746,"RNA methyltransferase, TrmH family; Catalyzes the formation of 2'O-methylated cytidine (Cm32) or 2'O-methylated uridine (Um32) at position 32 in tRNA.",10,0.1,-3.8878422,1.2651255
Plate1_Drawer3 22-Jul-2025 10-49-52,E1,VC_A0759,VC_A0759,"Arginine ABC transporter, periplasmic arginine-binding protein; Similar to SP:P30859 GB:X67753 GB:X86160 PID:40931 PID:769791; identified by sequence similarity; putative; Belongs to the bacterial solute-binding protein 3 family.",10,0.1,1.8485092,9.77526
Plate1_Drawer3 22-Jul-2025 10-49-52,E2,VC_A0785,VC_A0785,GGDEF family protein; Similar to PID:1651932; identified by sequence similarity; putative.,10,0.1,4.1792173,10.702271
Plate1_Drawer3 22-Jul-2025 10-49-52,E3,fliE,VC_2134,Flagellar hook-basal body complex protein FliE; Similar to PID:2338730; identified by sequence similarity; putative.,10,0.1,8.974998,3.268374
Plate1_Drawer3 22-Jul-2025 10-49-52,E4,VC_1581,VC_1581,"NADH dehydrogenase, putative; Similar to SP:P33607 PID:397909 GB:U00096 PID:1788614 PID:1799638; identified by sequence similarity; putative.",10,0.1,-2.0609727,5.839667
Plate1_Drawer3 22-Jul-2025 10-49-52,E5,fliP,VC_2123,Flagellar biosynthetic protein FliP; Plays a role in the flagellum-specific transport system. Belongs to the FliP/MopC/SpaP family.,10,0.1,8.839189,3.37497
Plate1_Drawer3 22-Jul-2025 10-49-52,E7,VC_2714,VC_2714,Transcriptional regulator OmpR; Similar to PID:2108342; identified by sequence similarity; putative.,10,0.1,-5.121032,4.8155894
Plate1_Drawer3 22-Jul-2025 10-49-52,E9,VC_1154,VC_1154,Hypothetical protein; Identified by Glimmer2; putative.,10,0.1,-5.1436105,5.5043125
Plate1_Drawer3 22-Jul-2025 10-49-52,F10,cdgJ,VC_0137,Conserved hypothetical protein; Phosphodiesterase (PDE) that catalyzes the hydrolysis of cyclic diguanylate (c-di-GMP). Positively regulates motility and negatively regulates biofilm formation.,10,0.1,0.71562475,10.130929
Plate1_Drawer3 22-Jul-2025 10-49-52,F11,recO,VC_2459,DNA repair protein RecO; Involved in DNA repair and RecF pathway recombination.,10,0.1,2.1145113,10.889811
Plate1_Drawer3 22-Jul-2025 10-49-52,F12,VC_A0999,VC_A0999,"Transcriptional regulator, TetR family; Similar to GB:U00096 PID:1787354; identified by sequence similarity; putative.",10,0.1,-1.2139071,9.736205
Plate1_Drawer3 22-Jul-2025 10-49-52,F2,VC_2224,VC_2224,GGDEF family protein; Similar to GB:U00096 PID:1787603; identified by sequence similarity; putative.,10,0.1,-5.1369033,4.716904
Plate1_Drawer3 22-Jul-2025 10-49-52,F3,VC_A1099,VC_A1099,"ABC transporter, permease protein; Similar to SP:P33591 GB:X73143 PID:404846 PID:466613 GB:U00096; identified by sequence similarity; putative.",10,0.1,-5.035615,4.537645
Plate1_Drawer3 22-Jul-2025 10-49-52,F4,VC_1320,VC_1320,DNA-binding response regulator; Similar to PID:1079807 SP:P52108 GB:U00096 PID:1742647 PID:1742658; identified by sequence similarity; putative.,10,0.1,-4.280688,0.89318067
Plate1_Drawer3 22-Jul-2025 10-49-52,F5,VC_1319,VC_1319,Sensor histidine kinase; Similar to GB:M36795 SP:P08336 GB:X13307 PID:145590 PID:305015; identified by sequence similarity; putative.,10,0.1,-4.7099104,2.6208036
Plate1_Drawer3 22-Jul-2025 10-49-52,F6,VC_A0536,VC_A0536,Conserved hypothetical protein; Identified by Glimmer2; putative.,10,0.1,-2.9070146,8.367322
Plate1_Drawer3 22-Jul-2025 10-49-52,F7,VC_1414,VC_1414,"Thermostable carboxypeptidase 1; Broad specificity carboxypetidase that releases amino acids sequentially from the C-terminus, including neutral, aromatic, polar and basic residues.",10,0.1,-5.026033,5.657102
Plate1_Drawer3 22-Jul-2025 10-49-52,F8,VC_A0527,VC_A0527,Conserved hypothetical protein; Identified by Glimmer2; putative.,10,0.1,-5.127397,2.9098608
Plate1_Drawer3 22-Jul-2025 10-49-52,F9,argH,VC_2641,Argininosuccinate lyase; Similar to SP:P11447 GB:J01590 GB:M21446 PID:145335 PID:396307; identified by sequence similarity; putative.,10,0.1,-5.008854,6.1051
Plate1_Drawer3 22-Jul-2025 10-49-52,G10,rluE,VC_1140,Pseudouridine synthase family 1 protein; Responsible for synthesis of pseudouridine from uracil-2457 in 23S ribosomal RNA; Belongs to the pseudouridine synthase RsuA family.,10,0.1,3.2158809,10.296425
Plate1_Drawer3 22-Jul-2025 10-49-52,G11,VC_2524,VC_2524,Conserved hypothetical protein; Catalyzes the hydrolysis of 3-deoxy-D-manno-octulosonate 8- phosphate (KDO 8-P) to 3-deoxy-D-manno-octulosonate (KDO) and inorganic phosphate; Belongs to the KdsC family.,10,0.1,-4.5660105,5.1860833
Plate1_Drawer3 22-Jul-2025 10-49-52,G12,VC_0900,VC_0900,GGDEF family protein; Similar to PID:1652841; identified by sequence similarity; putative.,10,0.1,8.013247,11.1390505
Plate1_Drawer3 22-Jul-2025 10-49-52,G2,VC_A0171,VC_A0171,Conserved hypothetical protein; Identified by Glimmer2; putative.,10,0.1,4.2935686,10.3081
Plate1_Drawer3 22-Jul-2025 10-49-52,G3,fliJ,VC_2129,"Flagellar protein FliJ, putative; Similar to PID:1071644 SP:P52613 GB:U00096 PID:1736608 PID:1788252; identified by sequence similarity; putative.",10,0.1,9.212457,2.1818504
Plate1_Drawer3 22-Jul-2025 10-49-52,G4,VC_0161,VC_0161,Transcriptional activator IlvY; Similar to GB:L42023 SP:P44821 PID:1005575 PID:1220765 PID:1204932; identified by sequence similarity; putative; Belongs to the LysR transcriptional regulatory family.,10,0.1,1.988513,9.6645975
Plate1_Drawer3 22-Jul-2025 10-49-52,G5,VC_0405,VC_0405,MSHA biogenesis protein MshE; Similar to PID:791156 PID:791159; identified by sequence similarity; putative.,10,0.1,-2.2447767,5.616839
Plate1_Drawer3 22-Jul-2025 10-49-52,G6,VC_1295,VC_1295,Conserved hypothetical protein; Phosphodiesterase (PDE) that catalyzes the hydrolysis of cyclic diguanylate (c-di-GMP) to GMP in vitro. Increases motility and decreases biofilm formation in vivo.,10,0.1,-4.9148765,4.0063853
Plate1_Drawer3 22-Jul-2025 10-49-52,G7,flgD,VC_2198,Basal-body rod modification protein FlgD; Required for flagellar hook formation. May act as a scaffolding protein.,10,0.1,13.65402,-0.26509115
Plate1_Drawer3 22-Jul-2025 10-49-52,G8,manC,VC_0241,Mannose-1-phosphate guanylyltransferase; Similar to GB:X59554 SP:Q07024 PID:48383; identified by sequence similarity; putative.,10,0.1,5.9888783,21.071337
Plate1_Drawer3 22-Jul-2025 10-49-52,H10,trpR,VC_0701,"Trp operon repressor, putative; This protein is an aporepressor. When complexed with L- tryptophan it binds the operator region of the trp operon and prevents the initiation of transcription (By similarity).",10,0.1,-0.5405257,9.497676
Plate1_Drawer3 22-Jul-2025 10-49-52,H11,greA,VC_0634,"Transcription elongation factor GreA; Necessary for efficient RNA polymerase transcription elongation past template-encoded arresting sites. The arresting sites in DNA have the property of trapping a certain fraction of elongating RNA polymerases that pass through, resulting in locked ternary complexes. Cleavage of the nascent transcript by cleavage factors such as GreA or GreB allows the resumption of elongation from the new 3'terminus. GreA releases sequences of 2 to 3 nucleotides.",10,0.1,-1.1132996,5.8691983
Plate1_Drawer3 22-Jul-2025 10-49-52,H12,VC_0419,VC_0419,Cytoplasmic axial filament protein; Similar to SP:P25537 PID:48826 PID:606187 GB:U00096 PID:1789645; identified by sequence similarity; putative.,10,0.1,0.10157701,7.144498
Plate1_Drawer3 22-Jul-2025 10-49-52,H1,flhG,VC_2067,MinD-related protein; Similar to GP:3695013; identified by sequence similarity; putative. MULTIPLE FILAMENTS,10,0.1,-0.39437786,2.9299397
Plate1_Drawer3 22-Jul-2025 10-49-52,H2,VC_A0940,VC_A0940,"Transcriptional regulator, DeoR family; Similar to SP:P09392 GB:M96795 PID:146186 PID:606358 GB:U00096; identified by sequence similarity; putative.",10,0.1,1.1082581,9.601562
Plate1_Drawer3 22-Jul-2025 10-49-52,H3,ectA,VC_A0825,"L-2,4-diaminobutyric acid acetyltransferase; Catalyzes the acetylation of L-2,4-diaminobutyrate (DABA) to gamma-N-acetyl-alpha,gamma-diaminobutyric acid (ADABA) with acetyl coenzyme A.",10,0.1,-0.6235432,10.338491
Plate1_Drawer3 22-Jul-2025 10-49-52,H4,VC_A0840,VC_A0840,"Deoxycytidylate deaminase, putative; Similar to SP:P33968 GB:X70289 PID:396216; identified by sequence similarity; putative.",10,0.1,0.37149268,6.616875
Plate1_Drawer3 22-Jul-2025 10-49-52,H6,VC_2522,VC_2522,Conserved hypothetical protein; Identified by Glimmer2; putative.,10,0.1,-1.4758365,5.987334
Plate1_Drawer3 22-Jul-2025 10-49-52,H7,glmS,VC_0487,"Glucosamine--fructose-6-phosphate aminotransferase (isomerizing); Catalyzes the first step in hexosamine metabolism, converting fructose-6P into glucosamine-6P using glutamine as a nitrogen source.",10,0.1,-2.8557098,5.316547
Plate1_Drawer3 22-Jul-2025 10-49-52,H8,manA,VC_0269,Mannose-6-phosphate isomerase; Similar to SP:P25081 GB:X57117 PID:48820; identified by sequence similarity; putative; Belongs to the mannose-6-phosphate isomerase type 1 family.,10,0.1,5.9825983,21.322697
Plate1_Drawer3 22-Jul-2025 10-49-52,H9,nusB,VC_2267,N utilization substance protein B; Involved in transcription antitermination. Required for transcription of ribosomal RNA (rRNA) genes. Binds specifically to the boxA antiterminator sequence of the ribosomal RNA (rrn) operons.,10,0.1,-2.3173532,5.576214
Plate1_Drawer3 25-Aug-2025 11-47-14,A10,VC_1462,VC_1462,RstB2 protein; Similar to GP:2564358; identified by sequence similarity; putative.,10,0.1,-0.62899077,9.560207
Plate1_Drawer3 25-Aug-2025 11-47-14,A12,wavA,VC_0223,"ADP-heptose--LPS heptosyltransferase II, putative; Similar to GB:L42023 SP:P44011 PID:1003930 PID:1222457 PID:1204774; identified by sequence similarity; putative.",10,0.1,-1.6265306,11.255251
Plate1_Drawer3 25-Aug-2025 11-47-14,A1,ung,VC_2359,uracil-DNA glycosylase; Excises uracil residues from the DNA which can arise as a result of misincorporation of dUMP residues by DNA polymerase or due to deamination of cytosine.,10,0.1,0.67947704,11.391379
Plate1_Drawer3 25-Aug-2025 11-47-14,A2,VC_2453,VC_2453,Sensor histidine kinase/response regulator; Similar to GB:D10888 SP:P26607 PID:216535 PID:882680 GB:U00096; identified by sequence similarity; putative.,10,0.1,0.8504502,8.446005
Plate1_Drawer3 25-Aug-2025 11-47-14,A3,VC_2311,VC_2311,HesA/MoeB/ThiF family protein; Similar to GB:D21145 PID:471103 PID:882707 GB:U00096 SP:Q46927; identified by sequence similarity; putative.,10,0.1,-0.7841184,8.792376
Plate1_Drawer3 25-Aug-2025 11-47-14,A5,rsmJ,VC_0073,Conserved hypothetical protein; Specifically methylates the guanosine in position 1516 of 16S rRNA.,10,0.1,-0.72655034,8.56268
Plate1_Drawer3 25-Aug-2025 11-47-14,A6,potC,VC_1426,"Spermidine/putrescine ABC transporter, permease protein; Similar to GB:M64519 SP:P23859 PID:147328 GB:U00096 PID:1651551; identified by sequence similarity; putative.",10,0.1,0.10443642,7.845405
Plate1_Drawer3 25-Aug-2025 11-47-14,A7,pckA,VC_2738,Phosphoenolpyruvate carboxykinase; Involved in the gluconeogenesis. Catalyzes the conversion of oxaloacetate (OAA) to phosphoenolpyruvate (PEP) through direct phosphoryl transfer between the nucleoside triphosphate and OAA. Belongs to the phosphoenolpyruvate carboxykinase (ATP) family.,10,0.1,4.3036485,11.337552
Plate1_Drawer3 25-Aug-2025 11-47-14,A8,rluD,VC_0709,"Ribosomal large subunit pseudouridine synthase D; Responsible for synthesis of pseudouridine from uracil at positions 1911, 1915 and 1917 in 23S ribosomal RNA; Belongs to the pseudouridine synthase RluA family.",10,0.1,-0.34627002,7.031658
Plate1_Drawer3 25-Aug-2025 11-47-14,A9,vibB,VC_0771,Vibriobactin-specific isochorismatase; Involved in the biosynthesis of the catechol siderophore vibriobactin. Vibriobactin is a chelating compound involved in transporting iron from the bacterial environment into the cell cytoplasm; Belongs to the isochorismatase family.,10,0.1,0.91481924,14.782823
Plate1_Drawer3 25-Aug-2025 11-47-14,B10,flgP,VC_2206,Conserved hypothetical protein; Identified by Glimmer2; putative.,10,0.1,2.386074,9.3017025
Plate1_Drawer3 25-Aug-2025 11-47-14,B11,fliQ,VC_2122,Flagellar biosynthetic protein FliQ; Role in flagellar biosynthesis. Belongs to the FliQ/MopD/SpaQ family.,10,0.1,8.514779,4.7639785
Plate1_Drawer3 25-Aug-2025 11-47-14,B12,argF,VC_2508,Ornithine carbamoyltransferase; Reversibly catalyzes the transfer of the carbamoyl group from carbamoyl phosphate (CP) to the N(epsilon) atom of ornithine (ORN) to produce L-citrulline; Belongs to the aspartate/ornithine carbamoyltransferase superfamily. OTCase family.,10,0.1,0.473644,12.253751
Plate1_Drawer3 25-Aug-2025 11-47-14,B1,flgB,VC_2200,"Flagellar basal-body rod protein FlgB; Structural component of flagellum, the bacterial motility apparatus. Part of the rod structure of flagellar basal body.",10,0.1,1.1892613,6.1195755
Plate1_Drawer3 25-Aug-2025 11-47-14,B2,fliS,VC_2138,Flagellar protein FliS; Similar to GB:U12816 PID:1254205; identified by sequence similarity; putative.,10,0.1,8.9218645,4.1345153
Plate1_Drawer3 25-Aug-2025 11-47-14,B3,VC_A1081,VC_A1081,Hypothetical protein; Identified by Glimmer2; putative.,10,0.1,1.5821817,9.110154
Plate1_Drawer3 25-Aug-2025 11-47-14,B4,VC_1909,VC_1909,Hypothetical protein; Identified by Glimmer2; putative.,10,0.1,-1.305814,7.085537
Plate1_Drawer3 25-Aug-2025 11-47-14,B5,VC_0449,VC_0449,Methyl-accepting chemotaxis protein; Similar to GB:X61367 PID:48195; identified by sequence similarity; putative.,10,0.1,-2.692224,8.977206
Plate1_Drawer3 25-Aug-2025 11-47-14,B6,VC_1498,VC_1498,Conserved hypothetical protein; Identified by Glimmer2; putative.,10,0.1,-1.6152807,9.9106245
Plate1_Drawer3 25-Aug-2025 11-47-14,B7,VC_2756,VC_2756,Potassium uptake protein TrkH; Low-affinity potassium transport system. Interacts with Trk system potassium uptake protein TrkA; Belongs to the TrkH potassium transport family.,10,0.1,2.3839366,11.026375
Plate1_Drawer3 25-Aug-2025 11-47-14,B8,VC_0113,VC_0113,Methyltransferase-related protein; Similar to SP:P37431 PID:295895; identified by sequence similarity; putative.,10,0.1,1.8683316,11.384323
Plate1_Drawer3 25-Aug-2025 11-47-14,B9,VC_1423,VC_1423,Hypothetical protein; Identified by Glimmer2; putative.,10,0.1,-2.1611023,4.3670235
Plate1_Drawer3 25-Aug-2025 11-47-14,C10,epsC,VC_2734,"General secretion pathway protein C; Involved in a type II secretion system (T2SS, formerly general secretion pathway, GSP) for the export of proteins (By similarity). Required for secretion of cholera toxin through the outer membrane.",10,0.1,-4.010424,1.013796
Plate1_Drawer3 25-Aug-2025 11-47-14,C11,proQ,VC_1497,"Conserved hypothetical protein; RNA chaperone with significant RNA binding, RNA strand exchange and RNA duplexing activities; Belongs to the ProQ family.",10,0.1,-4.003169,2.2720969
Plate1_Drawer3 25-Aug-2025 11-47-14,C12,VC_2627,VC_2627,DamX-related protein; Similar to SP:P11557 GB:Z19601 PID:41226 PID:43274 PID:606322; identified by sequence similarity; putative.,10,0.1,-2.5237012,4.435912
Plate1_Drawer3 25-Aug-2025 11-47-14,C1,VC_A0588,VC_A0588,"Peptide ABC transporter, ATP-binding protein, putative; Similar to SP:P33916 PID:405909 GB:U00096 PID:1736845 PID:1788506; identified by sequence similarity; putative; Belongs to the ABC transporter superfamily.",10,0.1,-3.732163,8.825673
Plate1_Drawer3 25-Aug-2025 11-47-14,C2,gshB,VC_0468,Glutathione synthetase; Similar to SP:P04425 GB:X01666 PID:41625 PID:882476 GB:U00096; identified by sequence similarity; putative.,10,0.1,2.1557527,15.358861
Plate1_Drawer3 25-Aug-2025 11-47-14,C3,potB,VC_1427,"Spermidine/putrescine ABC transporter, permease protein; Similar to GB:M64519 SP:P23860 PID:147327 GB:U00096 PID:1651552; identified by sequence similarity; putative.",10,0.1,4.6829944,10.773922
Plate1_Drawer3 25-Aug-2025 11-47-14,C4,flgE,VC_2197,Flagellar hook protein FlgE; Similar to GB:X51737 SP:P16322 GB:X52093 PID:47673; identified by sequence similarity; putative.,10,0.1,9.104959,1.5130718
Plate1_Drawer3 25-Aug-2025 11-47-14,C5,glyQ,VC_0021,"glycyl-tRNA synthetase, alpha chain; Similar to SP:P00960 GB:J01622 PID:146222 PID:146225 PID:466698; identified by sequence similarity; putative.",10,0.1,-1.6618093,10.008496
Plate1_Drawer3 25-Aug-2025 11-47-14,C6,VC_0462,VC_0462,Twitching motility protein PilT; Similar to SP:P24559 GB:X67095 PID:151490; identified by sequence similarity; putative.,10,0.1,-2.3246472,8.634149
Plate1_Drawer3 25-Aug-2025 11-47-14,C7,flhA,VC_2069,"Flagellar biosynthetic protein FlhA; Required for formation of the rod structure of the flagellar apparatus. Together with FliI and FliH, may constitute the export apparatus of flagellin; Belongs to the FHIPEP (flagella/HR/invasion proteins export pore) family.",10,0.1,4.7528534,9.604743
Plate1_Drawer3 25-Aug-2025 11-47-14,C8,VC_0399,VC_0399,MSHA biogenesis protein MshI; Similar to PID:791156 PID:791153; identified by sequence similarity; putative.,10,0.1,0.23173632,8.45078
Plate1_Drawer3 25-Aug-2025 11-47-14,C9,fliD,VC_2140,"Flagellar hook-associated protein FliD; FILAMENT CAP Required for the morphogenesis and for the elongation of the flagellar filament by facilitating polymerization of the flagellin monomers at the tip of growing filament. Forms a capping structure, which prevents flagellin subunits (transported through the central channel of the flagellum) from leaking out without polymerization at the distal end (By similarity).",10,0.1,-2.9264202,3.5682788
Plate1_Drawer3 25-Aug-2025 11-47-14,D11,VC_2718; VC_2719,VC_2718; VC_2719,,10,0.1,10.798453,12.545087
Plate1_Drawer3 25-Aug-2025 11-47-14,D12,wbeG,VC_0245,rfbG protein; Similar to GB:X59554 PID:48387; identified by sequence similarity; putative.,10,0.1,0.3720175,10.960864
Plate1_Drawer3 25-Aug-2025 11-47-14,D1,VC_0196,VC_0196,ATP-dependent DNA helicase RecQ; Similar to GB:M87049 SP:P15043 GB:M30198 PID:147559 PID:148221; identified by sequence similarity; putative.,10,0.1,-0.72321445,10.310759
Plate1_Drawer3 25-Aug-2025 11-47-14,D2,VC_1933,VC_1933,Hypothetical protein; Identified by Glimmer2; putative.,10,0.1,0.092534356,8.488886
Plate1_Drawer3 25-Aug-2025 11-47-14,D3,VC_A0001,VC_A0001,Hypothetical protein; Identified by Glimmer2; putative.,10,0.1,-2.046925,5.791978
Plate1_Drawer3 25-Aug-2025 11-47-14,D4,fadR,VC_1900,Fatty acid metabolism regulator protein; Multifunctional regulator of fatty acid metabolism.,10,0.1,6.6573753,14.2026615
Plate1_Drawer3 25-Aug-2025 11-47-14,D5,pilC,VC_2425,Type IV pilin biogenesis protein PilC; Involved in the translocation of the type IV pilin; Belongs to the GSP F family.,10,0.1,-1.5414168,9.970755
Plate1_Drawer3 25-Aug-2025 11-47-14,D6,pta,VC_1097,Phosphate acetyltransferase; Involved in acetate metabolism; In the N-terminal section; belongs to the CobB/CobQ family.,10,0.1,-4.3432636,0.9513816
Plate1_Drawer3 25-Aug-2025 11-47-14,D7,VC_A0800,VC_A0800,creA protein; Similar to SP:P08367 GB:M13608 PID:147249 PID:147691 PID:537237; identified by sequence similarity; putative.,10,0.1,4.3791847,11.22614
Plate1_Drawer3 25-Aug-2025 11-47-14,D8,wzt,VC_0247,lipopolysaccharide/O-antigen transport protein; Similar to GB:X59554 PID:48389; identified by sequence similarity; putative.,10,0.1,-0.17203185,6.63056
Plate1_Drawer3 25-Aug-2025 11-47-14,D9,wbeM,VC_0250,Iron-containing alcohol dehydrogenase family protein RfbM; Similar to GB:M26941 SP:P13604 PID:144714; identified by sequence similarity; putative.,10,0.1,-2.112257,13.610814
Plate1_Drawer3 25-Aug-2025 11-47-14,E10,VC_1887,VC_1887,Hypothetical protein; Identified by Glimmer2; putative.,10,0.1,7.4856777,12.518298
Plate1_Drawer3 25-Aug-2025 11-47-14,E11,VC_A0620,VC_A0620,"Thiosulfate sulfurtransferase SseA, putative; Similar to SP:P31142 GB:U00096 PID:1788869 PID:1799924; identified by sequence similarity; putative.",10,0.1,-4.2408066,0.8920386
Plate1_Drawer3 25-Aug-2025 11-47-14,E12,trmJ,VC_0746,"RNA methyltransferase, TrmH family; Catalyzes the formation of 2'O-methylated cytidine (Cm32) or 2'O-methylated uridine (Um32) at position 32 in tRNA.",10,0.1,-4.890342,3.9526799
Plate1_Drawer3 25-Aug-2025 11-47-14,E1,VC_A0759,VC_A0759,"Arginine ABC transporter, periplasmic arginine-binding protein; Similar to SP:P30859 GB:X67753 GB:X86160 PID:40931 PID:769791; identified by sequence similarity; putative; Belongs to the bacterial solute-binding protein 3 family.",10,0.1,1.3605455,11.478851
Plate1_Drawer3 25-Aug-2025 11-47-14,E2,VC_A0785,VC_A0785,GGDEF family protein; Similar to PID:1651932; identified by sequence similarity; putative.,10,0.1,4.3210754,10.410966
Plate1_Drawer3 25-Aug-2025 11-47-14,E3,fliE,VC_2134,Flagellar hook-basal body complex protein FliE; Similar to PID:2338730; identified by sequence similarity; putative.,10,0.1,9.025196,3.1111271
Plate1_Drawer3 25-Aug-2025 11-47-14,E4,VC_1581,VC_1581,"NADH dehydrogenase, putative; Similar to SP:P33607 PID:397909 GB:U00096 PID:1788614 PID:1799638; identified by sequence similarity; putative.",10,0.1,-2.1783636,5.5713797
Plate1_Drawer3 25-Aug-2025 11-47-14,E5,fliP,VC_2123,Flagellar biosynthetic protein FliP; Plays a role in the flagellum-specific transport system. Belongs to the FliP/MopC/SpaP family.,10,0.1,8.830179,4.036674
Plate1_Drawer3 25-Aug-2025 11-47-14,E6,lpxM,VC_0212,Lipid A biosynthesis (kdo)2-(lauroyl)-lipid IVA acyltransferase; Catalyzes the transfer of myristate from myristoyl-acyl carrier protein (ACP) to Kdo(2)-(lauroyl)-lipid IV(A) to form Kdo(2)- lipid A.,10,0.1,3.7735891,9.238698
Plate1_Drawer3 25-Aug-2025 11-47-14,E7,VC_2714,VC_2714,Transcriptional regulator OmpR; Similar to PID:2108342; identified by sequence similarity; putative.,10,0.1,-3.5881667,7.695071
Plate1_Drawer3 25-Aug-2025 11-47-14,E9,VC_1154,VC_1154,Hypothetical protein; Identified by Glimmer2; putative.,10,0.1,-4.191971,6.326234
Plate1_Drawer3 25-Aug-2025 11-47-14,F10,cdgJ,VC_0137,Conserved hypothetical protein; Phosphodiesterase (PDE) that catalyzes the hydrolysis of cyclic diguanylate (c-di-GMP). Positively regulates motility and negatively regulates biofilm formation.,10,0.1,-1.8216492,5.57277
Plate1_Drawer3 25-Aug-2025 11-47-14,F11,recO,VC_2459,DNA repair protein RecO; Involved in DNA repair and RecF pathway recombination.,10,0.1,2.3302207,9.308094
Plate1_Drawer3 25-Aug-2025 11-47-14,F12,VC_A0999,VC_A0999,"Transcriptional regulator, TetR family; Similar to GB:U00096 PID:1787354; identified by sequence similarity; putative.",10,0.1,-0.83920807,10.188709
Plate1_Drawer3 25-Aug-2025 11-47-14,F2,VC_2224,VC_2224,GGDEF family protein; Similar to GB:U00096 PID:1787603; identified by sequence similarity; putative.,10,0.1,-5.4143305,4.2388363
Plate1_Drawer3 25-Aug-2025 11-47-14,F3,VC_A1099,VC_A1099,"ABC transporter, permease protein; Similar to SP:P33591 GB:X73143 PID:404846 PID:466613 GB:U00096; identified by sequence similarity; putative.",10,0.1,-5.6735554,3.6545994
Plate1_Drawer3 25-Aug-2025 11-47-14,F4,VC_1320,VC_1320,DNA-binding response regulator; Similar to PID:1079807 SP:P52108 GB:U00096 PID:1742647 PID:1742658; identified by sequence similarity; putative.,10,0.1,-5.5241103,3.5456965
Plate1_Drawer3 25-Aug-2025 11-47-14,F5,VC_1319,VC_1319,Sensor histidine kinase; Similar to GB:M36795 SP:P08336 GB:X13307 PID:145590 PID:305015; identified by sequence similarity; putative.,10,0.1,-5.7566533,3.4017467
Plate1_Drawer3 25-Aug-2025 11-47-14,F6,VC_A0536,VC_A0536,Conserved hypothetical protein; Identified by Glimmer2; putative.,10,0.1,-2.2441044,6.422001
Plate1_Drawer3 25-Aug-2025 11-47-14,F7,VC_1414,VC_1414,"Thermostable carboxypeptidase 1; Broad specificity carboxypetidase that releases amino acids sequentially from the C-terminus, including neutral, aromatic, polar and basic residues.",10,0.1,-5.5579576,2.4291408
Plate1_Drawer3 25-Aug-2025 11-47-14,F8,VC_A0527,VC_A0527,Conserved hypothetical protein; Identified by Glimmer2; putative.,10,0.1,-5.7674584,3.3291924
Plate1_Drawer3 25-Aug-2025 11-47-14,F9,argH,VC_2641,Argininosuccinate lyase; Similar to SP:P11447 GB:J01590 GB:M21446 PID:145335 PID:396307; identified by sequence similarity; putative.,10,0.1,-5.7842135,3.49319
Plate1_Drawer3 25-Aug-2025 11-47-14,G10,rluE,VC_1140,Pseudouridine synthase family 1 protein; Responsible for synthesis of pseudouridine from uracil-2457 in 23S ribosomal RNA; Belongs to the pseudouridine synthase RsuA family.,10,0.1,2.4957957,11.03845
Plate1_Drawer3 25-Aug-2025 11-47-14,G11,VC_2524,VC_2524,Conserved hypothetical protein; Catalyzes the hydrolysis of 3-deoxy-D-manno-octulosonate 8- phosphate (KDO 8-P) to 3-deoxy-D-manno-octulosonate (KDO) and inorganic phosphate; Belongs to the KdsC family.,10,0.1,-5.511122,3.156911
Plate1_Drawer3 25-Aug-2025 11-47-14,G12,VC_0900,VC_0900,GGDEF family protein; Similar to PID:1652841; identified by sequence similarity; putative.,10,0.1,4.0262756,9.266375
Plate1_Drawer3 25-Aug-2025 11-47-14,G2,VC_A0171,VC_A0171,Conserved hypothetical protein; Identified by Glimmer2; putative.,10,0.1,3.6885839,10.436332
Plate1_Drawer3 25-Aug-2025 11-47-14,G3,fliJ,VC_2129,"Flagellar protein FliJ, putative; Similar to PID:1071644 SP:P52613 GB:U00096 PID:1736608 PID:1788252; identified by sequence similarity; putative.",10,0.1,1.150115,6.168784
Plate1_Drawer3 25-Aug-2025 11-47-14,G4,VC_0161,VC_0161,Transcriptional activator IlvY; Similar to GB:L42023 SP:P44821 PID:1005575 PID:1220765 PID:1204932; identified by sequence similarity; putative; Belongs to the LysR transcriptional regulatory family.,10,0.1,1.7317991,10.364535
Plate1_Drawer3 25-Aug-2025 11-47-14,G5,VC_0405,VC_0405,MSHA biogenesis protein MshE; Similar to PID:791156 PID:791159; identified by sequence similarity; putative.,10,0.1,-1.777495,5.8236465
Plate1_Drawer3 25-Aug-2025 11-47-14,G6,VC_1295,VC_1295,Conserved hypothetical protein; Phosphodiesterase (PDE) that catalyzes the hydrolysis of cyclic diguanylate (c-di-GMP) to GMP in vitro. Increases motility and decreases biofilm formation in vivo.,10,0.1,-4.933751,3.9137094
Plate1_Drawer3 25-Aug-2025 11-47-14,G7,flgD,VC_2198,Basal-body rod modification protein FlgD; Required for flagellar hook formation. May act as a scaffolding protein.,10,0.1,13.573459,-0.17786863
Plate1_Drawer3 25-Aug-2025 11-47-14,G8,manC,VC_0241,Mannose-1-phosphate guanylyltransferase; Similar to GB:X59554 SP:Q07024 PID:48383; identified by sequence similarity; putative.,10,0.1,5.876632,21.675913
Plate1_Drawer3 25-Aug-2025 11-47-14,H10,trpR,VC_0701,"Trp operon repressor, putative; This protein is an aporepressor. When complexed with L- tryptophan it binds the operator region of the trp operon and prevents the initiation of transcription (By similarity).",10,0.1,-0.3264964,9.891425
Plate1_Drawer3 25-Aug-2025 11-47-14,H11,greA,VC_0634,"Transcription elongation factor GreA; Necessary for efficient RNA polymerase transcription elongation past template-encoded arresting sites. The arresting sites in DNA have the property of trapping a certain fraction of elongating RNA polymerases that pass through, resulting in locked ternary complexes. Cleavage of the nascent transcript by cleavage factors such as GreA or GreB allows the resumption of elongation from the new 3'terminus. GreA releases sequences of 2 to 3 nucleotides.",10,0.1,-0.50072527,6.9338493
Plate1_Drawer3 25-Aug-2025 11-47-14,H12,VC_0419,VC_0419,Cytoplasmic axial filament protein; Similar to SP:P25537 PID:48826 PID:606187 GB:U00096 PID:1789645; identified by sequence similarity; putative.,10,0.1,-0.8330775,5.954327
Plate1_Drawer3 25-Aug-2025 11-47-14,H1,flhG,VC_2067,MinD-related protein; Similar to GP:3695013; identified by sequence similarity; putative. MULTIPLE FILAMENTS,10,0.1,-0.5342588,2.7925634
Plate1_Drawer3 25-Aug-2025 11-47-14,H2,VC_A0940,VC_A0940,"Transcriptional regulator, DeoR family; Similar to SP:P09392 GB:M96795 PID:146186 PID:606358 GB:U00096; identified by sequence similarity; putative.",10,0.1,3.115688,9.621881
Plate1_Drawer3 25-Aug-2025 11-47-14,H3,ectA,VC_A0825,"L-2,4-diaminobutyric acid acetyltransferase; Catalyzes the acetylation of L-2,4-diaminobutyrate (DABA) to gamma-N-acetyl-alpha,gamma-diaminobutyric acid (ADABA) with acetyl coenzyme A.",10,0.1,-0.82962745,10.083679
Plate1_Drawer3 25-Aug-2025 11-47-14,H4,VC_A0840,VC_A0840,"Deoxycytidylate deaminase, putative; Similar to SP:P33968 GB:X70289 PID:396216; identified by sequence similarity; putative.",10,0.1,-0.8747535,5.920883
Plate1_Drawer3 25-Aug-2025 11-47-14,H6,VC_2522,VC_2522,Conserved hypothetical protein; Identified by Glimmer2; putative.,10,0.1,-0.8587142,8.128782
Plate1_Drawer3 25-Aug-2025 11-47-14,H7,glmS,VC_0487,"Glucosamine--fructose-6-phosphate aminotransferase (isomerizing); Catalyzes the first step in hexosamine metabolism, converting fructose-6P into glucosamine-6P using glutamine as a nitrogen source.",10,0.1,-2.6224458,5.4165564
Plate1_Drawer3 25-Aug-2025 11-47-14,H8,manA,VC_0269,Mannose-6-phosphate isomerase; Similar to SP:P25081 GB:X57117 PID:48820; identified by sequence similarity; putative; Belongs to the mannose-6-phosphate isomerase type 1 family.,10,0.1,6.004442,21.46304
Plate1_Drawer3 25-Aug-2025 11-47-14,H9,nusB,VC_2267,N utilization substance protein B; Involved in transcription antitermination. Required for transcription of ribosomal RNA (rRNA) genes. Binds specifically to the boxA antiterminator sequence of the ribosomal RNA (rrn) operons.,10,0.1,-2.7756526,5.2840953
Plate1_Drawer3 25-Jul-2025 14-06-08,A10,VC_1462,VC_1462,RstB2 protein; Similar to GP:2564358; identified by sequence similarity; putative.,10,0.1,0.6819123,11.342397
Plate1_Drawer3 25-Jul-2025 14-06-08,A12,wavA,VC_0223,"ADP-heptose--LPS heptosyltransferase II, putative; Similar to GB:L42023 SP:P44011 PID:1003930 PID:1222457 PID:1204774; identified by sequence similarity; putative.",10,0.1,0.16993625,12.084321
Plate1_Drawer3 25-Jul-2025 14-06-08,A1,ung,VC_2359,uracil-DNA glycosylase; Excises uracil residues from the DNA which can arise as a result of misincorporation of dUMP residues by DNA polymerase or due to deamination of cytosine.,10,0.1,1.2199076,12.479125
Plate1_Drawer3 25-Jul-2025 14-06-08,A2,VC_2453,VC_2453,Sensor histidine kinase/response regulator; Similar to GB:D10888 SP:P26607 PID:216535 PID:882680 GB:U00096; identified by sequence similarity; putative.,10,0.1,0.7573457,9.850944
Plate1_Drawer3 25-Jul-2025 14-06-08,A3,VC_2311,VC_2311,HesA/MoeB/ThiF family protein; Similar to GB:D21145 PID:471103 PID:882707 GB:U00096 SP:Q46927; identified by sequence similarity; putative.,10,0.1,0.8474891,12.192416
Plate1_Drawer3 25-Jul-2025 14-06-08,A4,lipA,VC_0943,"Lipoic acid synthetase; Catalyzes the radical-mediated insertion of two sulfur atoms into the C-6 and C-8 positions of the octanoyl moiety bound to the lipoyl domains of lipoate-dependent enzymes, thereby converting the octanoylated domains into lipoylated derivatives.",10,0.1,5.932695,15.405082
Plate1_Drawer3 25-Jul-2025 14-06-08,A5,rsmJ,VC_0073,Conserved hypothetical protein; Specifically methylates the guanosine in position 1516 of 16S rRNA.,10,0.1,-3.8127897,2.0001194
Plate1_Drawer3 25-Jul-2025 14-06-08,A6,potC,VC_1426,"Spermidine/putrescine ABC transporter, permease protein; Similar to GB:M64519 SP:P23859 PID:147328 GB:U00096 PID:1651551; identified by sequence similarity; putative.",10,0.1,0.541878,11.378596
Plate1_Drawer3 25-Jul-2025 14-06-08,A7,pckA,VC_2738,Phosphoenolpyruvate carboxykinase; Involved in the gluconeogenesis. Catalyzes the conversion of oxaloacetate (OAA) to phosphoenolpyruvate (PEP) through direct phosphoryl transfer between the nucleoside triphosphate and OAA. Belongs to the phosphoenolpyruvate carboxykinase (ATP) family.,10,0.1,3.746848,12.603827
Plate1_Drawer3 25-Jul-2025 14-06-08,A8,rluD,VC_0709,"Ribosomal large subunit pseudouridine synthase D; Responsible for synthesis of pseudouridine from uracil at positions 1911, 1915 and 1917 in 23S ribosomal RNA; Belongs to the pseudouridine synthase RluA family.",10,0.1,0.7498667,9.833976
Plate1_Drawer3 25-Jul-2025 14-06-08,B10,flgP,VC_2206,Conserved hypothetical protein; Identified by Glimmer2; putative.,10,0.1,6.0500903,9.626031
Plate1_Drawer3 25-Jul-2025 14-06-08,B11,fliQ,VC_2122,Flagellar biosynthetic protein FliQ; Role in flagellar biosynthesis. Belongs to the FliQ/MopD/SpaQ family.,10,0.1,8.484435,4.734779
Plate1_Drawer3 25-Jul-2025 14-06-08,B12,argF,VC_2508,Ornithine carbamoyltransferase; Reversibly catalyzes the transfer of the carbamoyl group from carbamoyl phosphate (CP) to the N(epsilon) atom of ornithine (ORN) to produce L-citrulline; Belongs to the aspartate/ornithine carbamoyltransferase superfamily. OTCase family.,10,0.1,-3.6489296,8.9555435
Plate1_Drawer3 25-Jul-2025 14-06-08,B1,flgB,VC_2200,"Flagellar basal-body rod protein FlgB; Structural component of flagellum, the bacterial motility apparatus. Part of the rod structure of flagellar basal body.",10,0.1,9.559881,4.386738
Plate1_Drawer3 25-Jul-2025 14-06-08,B2,fliS,VC_2138,Flagellar protein FliS; Similar to GB:U12816 PID:1254205; identified by sequence similarity; putative.,10,0.1,8.772568,5.544357
Plate1_Drawer3 25-Jul-2025 14-06-08,B3,VC_A1081,VC_A1081,Hypothetical protein; Identified by Glimmer2; putative.,10,0.1,1.922351,11.855158
Plate1_Drawer3 25-Jul-2025 14-06-08,B4,VC_1909,VC_1909,Hypothetical protein; Identified by Glimmer2; putative.,10,0.1,-1.316971,7.105303
Plate1_Drawer3 25-Jul-2025 14-06-08,B5,VC_0449,VC_0449,Methyl-accepting chemotaxis protein; Similar to GB:X61367 PID:48195; identified by sequence similarity; putative.,10,0.1,-3.6088228,9.094779
Plate1_Drawer3 25-Jul-2025 14-06-08,B6,VC_1498,VC_1498,Conserved hypothetical protein; Identified by Glimmer2; putative.,10,0.1,0.72244525,11.431093
Plate1_Drawer3 25-Jul-2025 14-06-08,B7,VC_2756,VC_2756,Potassium uptake protein TrkH; Low-affinity potassium transport system. Interacts with Trk system potassium uptake protein TrkA; Belongs to the TrkH potassium transport family.,10,0.1,1.88173,12.363231
Plate1_Drawer3 25-Jul-2025 14-06-08,B8,VC_0113,VC_0113,Methyltransferase-related protein; Similar to SP:P37431 PID:295895; identified by sequence similarity; putative.,10,0.1,2.4192746,12.290803
Plate1_Drawer3 25-Jul-2025 14-06-08,B9,VC_1423,VC_1423,Hypothetical protein; Identified by Glimmer2; putative.,10,0.1,-1.055981,6.8586707
Plate1_Drawer3 25-Jul-2025 14-06-08,C10,epsC,VC_2734,"General secretion pathway protein C; Involved in a type II secretion system (T2SS, formerly general secretion pathway, GSP) for the export of proteins (By similarity). Required for secretion of cholera toxin through the outer membrane.",10,0.1,-5.504851,6.462696
Plate1_Drawer3 25-Jul-2025 14-06-08,C11,proQ,VC_1497,"Conserved hypothetical protein; RNA chaperone with significant RNA binding, RNA strand exchange and RNA duplexing activities; Belongs to the ProQ family.",10,0.1,-4.8347955,7.19158
Plate1_Drawer3 25-Jul-2025 14-06-08,C12,VC_2627,VC_2627,DamX-related protein; Similar to SP:P11557 GB:Z19601 PID:41226 PID:43274 PID:606322; identified by sequence similarity; putative.,10,0.1,-0.5715712,7.512286
Plate1_Drawer3 25-Jul-2025 14-06-08,C1,VC_A0588,VC_A0588,"Peptide ABC transporter, ATP-binding protein, putative; Similar to SP:P33916 PID:405909 GB:U00096 PID:1736845 PID:1788506; identified by sequence similarity; putative; Belongs to the ABC transporter superfamily.",10,0.1,-5.308479,6.5270696
Plate1_Drawer3 25-Jul-2025 14-06-08,C2,gshB,VC_0468,Glutathione synthetase; Similar to SP:P04425 GB:X01666 PID:41625 PID:882476 GB:U00096; identified by sequence similarity; putative.,10,0.1,1.1143532,14.523445
Plate1_Drawer3 25-Jul-2025 14-06-08,C3,potB,VC_1427,"Spermidine/putrescine ABC transporter, permease protein; Similar to GB:M64519 SP:P23860 PID:147327 GB:U00096 PID:1651552; identified by sequence similarity; putative.",10,0.1,4.2077208,11.576433
Plate1_Drawer3 25-Jul-2025 14-06-08,C4,flgE,VC_2197,Flagellar hook protein FlgE; Similar to GB:X51737 SP:P16322 GB:X52093 PID:47673; identified by sequence similarity; putative.,10,0.1,9.774842,2.5007007
Plate1_Drawer3 25-Jul-2025 14-06-08,C5,glyQ,VC_0021,"glycyl-tRNA synthetase, alpha chain; Similar to SP:P00960 GB:J01622 PID:146222 PID:146225 PID:466698; identified by sequence similarity; putative.",10,0.1,-2.8613222,9.331596
Plate1_Drawer3 25-Jul-2025 14-06-08,C6,VC_0462,VC_0462,Twitching motility protein PilT; Similar to SP:P24559 GB:X67095 PID:151490; identified by sequence similarity; putative.,10,0.1,0.5695512,12.307983
Plate1_Drawer3 25-Jul-2025 14-06-08,C7,flhA,VC_2069,"Flagellar biosynthetic protein FlhA; Required for formation of the rod structure of the flagellar apparatus. Together with FliI and FliH, may constitute the export apparatus of flagellin; Belongs to the FHIPEP (flagella/HR/invasion proteins export pore) family.",10,0.1,8.681431,5.447279
Plate1_Drawer3 25-Jul-2025 14-06-08,C8,VC_0399,VC_0399,MSHA biogenesis protein MshI; Similar to PID:791156 PID:791153; identified by sequence similarity; putative.,10,0.1,0.98665327,12.987903
Plate1_Drawer3 25-Jul-2025 14-06-08,C9,fliD,VC_2140,"Flagellar hook-associated protein FliD; FILAMENT CAP Required for the morphogenesis and for the elongation of the flagellar filament by facilitating polymerization of the flagellin monomers at the tip of growing filament. Forms a capping structure, which prevents flagellin subunits (transported through the central channel of the flagellum) from leaking out without polymerization at the distal end (By similarity).",10,0.1,-3.4336803,9.176671
Plate1_Drawer3 25-Jul-2025 14-06-08,D10,VC_2270,VC_2270,Riboflavin,10,0.1,0.8604303,14.850041
Plate1_Drawer3 25-Jul-2025 14-06-08,D11,VC_2718; VC_2719,VC_2718; VC_2719,,10,0.1,9.006349,12.954355
Plate1_Drawer3 25-Jul-2025 14-06-08,D12,wbeG,VC_0245,rfbG protein; Similar to GB:X59554 PID:48387; identified by sequence similarity; putative.,10,0.1,-2.1571124,14.035665
Plate1_Drawer3 25-Jul-2025 14-06-08,D1,VC_0196,VC_0196,ATP-dependent DNA helicase RecQ; Similar to GB:M87049 SP:P15043 GB:M30198 PID:147559 PID:148221; identified by sequence similarity; putative.,10,0.1,1.3515086,11.22924
Plate1_Drawer3 25-Jul-2025 14-06-08,D2,VC_1933,VC_1933,Hypothetical protein; Identified by Glimmer2; putative.,10,0.1,0.5741009,12.437743
Plate1_Drawer3 25-Jul-2025 14-06-08,D3,VC_A0001,VC_A0001,Hypothetical protein; Identified by Glimmer2; putative.,10,0.1,0.08787908,9.939592
Plate1_Drawer3 25-Jul-2025 14-06-08,D4,fadR,VC_1900,Fatty acid metabolism regulator protein; Multifunctional regulator of fatty acid metabolism.,10,0.1,6.458611,14.39371
Plate1_Drawer3 25-Jul-2025 14-06-08,D5,pilC,VC_2425,Type IV pilin biogenesis protein PilC; Involved in the translocation of the type IV pilin; Belongs to the GSP F family.,10,0.1,-2.8470094,9.583594
Plate1_Drawer3 25-Jul-2025 14-06-08,D6,pta,VC_1097,Phosphate acetyltransferase; Involved in acetate metabolism; In the N-terminal section; belongs to the CobB/CobQ family.,10,0.1,-5.117768,5.7178926
Plate1_Drawer3 25-Jul-2025 14-06-08,D7,VC_A0800,VC_A0800,creA protein; Similar to SP:P08367 GB:M13608 PID:147249 PID:147691 PID:537237; identified by sequence similarity; putative.,10,0.1,3.7000136,12.72433
Plate1_Drawer3 25-Jul-2025 14-06-08,D8,wzt,VC_0247,lipopolysaccharide/O-antigen transport protein; Similar to GB:X59554 PID:48389; identified by sequence similarity; putative.,10,0.1,-1.1512022,11.92423
Plate1_Drawer3 25-Jul-2025 14-06-08,D9,wbeM,VC_0250,Iron-containing alcohol dehydrogenase family protein RfbM; Similar to GB:M26941 SP:P13604 PID:144714; identified by sequence similarity; putative.,10,0.1,-1.1836894,12.039271
Plate1_Drawer3 25-Jul-2025 14-06-08,E10,VC_1887,VC_1887,Hypothetical protein; Identified by Glimmer2; putative.,10,0.1,5.4155955,13.988306
Plate1_Drawer3 25-Jul-2025 14-06-08,E11,VC_A0620,VC_A0620,"Thiosulfate sulfurtransferase SseA, putative; Similar to SP:P31142 GB:U00096 PID:1788869 PID:1799924; identified by sequence similarity; putative.",10,0.1,-2.3319619,7.471747
Plate1_Drawer3 25-Jul-2025 14-06-08,E12,trmJ,VC_0746,"RNA methyltransferase, TrmH family; Catalyzes the formation of 2'O-methylated cytidine (Cm32) or 2'O-methylated uridine (Um32) at position 32 in tRNA.",10,0.1,-5.1264086,5.6503305
Plate1_Drawer3 25-Jul-2025 14-06-08,E1,VC_A0759,VC_A0759,"Arginine ABC transporter, periplasmic arginine-binding protein; Similar to SP:P30859 GB:X67753 GB:X86160 PID:40931 PID:769791; identified by sequence similarity; putative; Belongs to the bacterial solute-binding protein 3 family.",10,0.1,-0.6757611,10.212575
Plate1_Drawer3 25-Jul-2025 14-06-08,E2,VC_A0785,VC_A0785,GGDEF family protein; Similar to PID:1651932; identified by sequence similarity; putative.,10,0.1,3.436683,10.952386
Plate1_Drawer3 25-Jul-2025 14-06-08,E3,fliE,VC_2134,Flagellar hook-basal body complex protein FliE; Similar to PID:2338730; identified by sequence similarity; putative.,10,0.1,8.9823,3.3369184
Plate1_Drawer3 25-Jul-2025 14-06-08,E4,VC_1581,VC_1581,"NADH dehydrogenase, putative; Similar to SP:P33607 PID:397909 GB:U00096 PID:1788614 PID:1799638; identified by sequence similarity; putative.",10,0.1,-1.8056346,7.376896
Plate1_Drawer3 25-Jul-2025 14-06-08,E5,fliP,VC_2123,Flagellar biosynthetic protein FliP; Plays a role in the flagellum-specific transport system. Belongs to the FliP/MopC/SpaP family.,10,0.1,8.668533,5.374072
Plate1_Drawer3 25-Jul-2025 14-06-08,E6,lpxM,VC_0212,Lipid A biosynthesis (kdo)2-(lauroyl)-lipid IVA acyltransferase; Catalyzes the transfer of myristate from myristoyl-acyl carrier protein (ACP) to Kdo(2)-(lauroyl)-lipid IV(A) to form Kdo(2)- lipid A.,10,0.1,8.848509,12.788412
Plate1_Drawer3 25-Jul-2025 14-06-08,E7,VC_2714,VC_2714,Transcriptional regulator OmpR; Similar to PID:2108342; identified by sequence similarity; putative.,10,0.1,-4.780919,6.9453807
Plate1_Drawer3 25-Jul-2025 14-06-08,E9,VC_1154,VC_1154,Hypothetical protein; Identified by Glimmer2; putative.,10,0.1,-4.990986,6.7930627
Plate1_Drawer3 25-Jul-2025 14-06-08,F10,cdgJ,VC_0137,Conserved hypothetical protein; Phosphodiesterase (PDE) that catalyzes the hydrolysis of cyclic diguanylate (c-di-GMP). Positively regulates motility and negatively regulates biofilm formation.,10,0.1,0.81277865,12.496236
Plate1_Drawer3 25-Jul-2025 14-06-08,F11,recO,VC_2459,DNA repair protein RecO; Involved in DNA repair and RecF pathway recombination.,10,0.1,1.1154045,10.702246
Plate1_Drawer3 25-Jul-2025 14-06-08,F12,VC_A0999,VC_A0999,"Transcriptional regulator, TetR family; Similar to GB:U00096 PID:1787354; identified by sequence similarity; putative.",10,0.1,1.4531478,10.851838
Plate1_Drawer3 25-Jul-2025 14-06-08,F2,VC_2224,VC_2224,GGDEF family protein; Similar to GB:U00096 PID:1787603; identified by sequence similarity; putative.,10,0.1,-5.522207,6.349618
Plate1_Drawer3 25-Jul-2025 14-06-08,F3,VC_A1099,VC_A1099,"ABC transporter, permease protein; Similar to SP:P33591 GB:X73143 PID:404846 PID:466613 GB:U00096; identified by sequence similarity; putative.",10,0.1,-5.2912335,4.936473
Plate1_Drawer3 25-Jul-2025 14-06-08,F4,VC_1320,VC_1320,DNA-binding response regulator; Similar to PID:1079807 SP:P52108 GB:U00096 PID:1742647 PID:1742658; identified by sequence similarity; putative.,10,0.1,-5.2938256,5.731021
Plate1_Drawer3 25-Jul-2025 14-06-08,F5,VC_1319,VC_1319,Sensor histidine kinase; Similar to GB:M36795 SP:P08336 GB:X13307 PID:145590 PID:305015; identified by sequence similarity; putative.,10,0.1,-5.2314377,5.042085
Plate1_Drawer3 25-Jul-2025 14-06-08,F6,VC_A0536,VC_A0536,Conserved hypothetical protein; Identified by Glimmer2; putative.,10,0.1,-0.63010687,7.1721563
Plate1_Drawer3 25-Jul-2025 14-06-08,F7,VC_1414,VC_1414,"Thermostable carboxypeptidase 1; Broad specificity carboxypetidase that releases amino acids sequentially from the C-terminus, including neutral, aromatic, polar and basic residues.",10,0.1,-5.1840944,5.7143507
Plate1_Drawer3 25-Jul-2025 14-06-08,F8,VC_A0527,VC_A0527,Conserved hypothetical protein; Identified by Glimmer2; putative.,10,0.1,-5.342232,3.1628835
Plate1_Drawer3 25-Jul-2025 14-06-08,F9,argH,VC_2641,Argininosuccinate lyase; Similar to SP:P11447 GB:J01590 GB:M21446 PID:145335 PID:396307; identified by sequence similarity; putative.,10,0.1,-5.492805,6.3212433
Plate1_Drawer3 25-Jul-2025 14-06-08,G10,rluE,VC_1140,Pseudouridine synthase family 1 protein; Responsible for synthesis of pseudouridine from uracil-2457 in 23S ribosomal RNA; Belongs to the pseudouridine synthase RsuA family.,10,0.1,1.9760718,12.407768
Plate1_Drawer3 25-Jul-2025 14-06-08,G11,VC_2524,VC_2524,Conserved hypothetical protein; Catalyzes the hydrolysis of 3-deoxy-D-manno-octulosonate 8- phosphate (KDO 8-P) to 3-deoxy-D-manno-octulosonate (KDO) and inorganic phosphate; Belongs to the KdsC family.,10,0.1,-6.5492287,4.638913
Plate1_Drawer3 25-Jul-2025 14-06-08,G12,VC_0900,VC_0900,GGDEF family protein; Similar to PID:1652841; identified by sequence similarity; putative.,10,0.1,7.9569354,11.069407
Plate1_Drawer3 25-Jul-2025 14-06-08,G2,VC_A0171,VC_A0171,Conserved hypothetical protein; Identified by Glimmer2; putative.,10,0.1,3.8940713,11.696868
Plate1_Drawer3 25-Jul-2025 14-06-08,G3,fliJ,VC_2129,"Flagellar protein FliJ, putative; Similar to PID:1071644 SP:P52613 GB:U00096 PID:1736608 PID:1788252; identified by sequence similarity; putative.",10,0.1,2.9128509,8.775996
Plate1_Drawer3 25-Jul-2025 14-06-08,G4,VC_0161,VC_0161,Transcriptional activator IlvY; Similar to GB:L42023 SP:P44821 PID:1005575 PID:1220765 PID:1204932; identified by sequence similarity; putative; Belongs to the LysR transcriptional regulatory family.,10,0.1,2.3595645,11.890575
Plate1_Drawer3 25-Jul-2025 14-06-08,G5,VC_0405,VC_0405,MSHA biogenesis protein MshE; Similar to PID:791156 PID:791159; identified by sequence similarity; putative.,10,0.1,-1.9658524,5.7717137
Plate1_Drawer3 25-Jul-2025 14-06-08,G6,VC_1295,VC_1295,Conserved hypothetical protein; Phosphodiesterase (PDE) that catalyzes the hydrolysis of cyclic diguanylate (c-di-GMP) to GMP in vitro. Increases motility and decreases biofilm formation in vivo.,10,0.1,-4.8998723,7.5688133
Plate1_Drawer3 25-Jul-2025 14-06-08,G7,flgD,VC_2198,Basal-body rod modification protein FlgD; Required for flagellar hook formation. May act as a scaffolding protein.,10,0.1,13.558885,-0.16536942
Plate1_Drawer3 25-Jul-2025 14-06-08,G8,manC,VC_0241,Mannose-1-phosphate guanylyltransferase; Similar to GB:X59554 SP:Q07024 PID:48383; identified by sequence similarity; putative.,10,0.1,5.774082,21.280523
Plate1_Drawer3 25-Jul-2025 14-06-08,H10,trpR,VC_0701,"Trp operon repressor, putative; This protein is an aporepressor. When complexed with L- tryptophan it binds the operator region of the trp operon and prevents the initiation of transcription (By similarity).",10,0.1,1.7112398,11.416259
Plate1_Drawer3 25-Jul-2025 14-06-08,H11,greA,VC_0634,"Transcription elongation factor GreA; Necessary for efficient RNA polymerase transcription elongation past template-encoded arresting sites. The arresting sites in DNA have the property of trapping a certain fraction of elongating RNA polymerases that pass through, resulting in locked ternary complexes. Cleavage of the nascent transcript by cleavage factors such as GreA or GreB allows the resumption of elongation from the new 3'terminus. GreA releases sequences of 2 to 3 nucleotides.",10,0.1,0.6526805,9.906894
Plate1_Drawer3 25-Jul-2025 14-06-08,H12,VC_0419,VC_0419,Cytoplasmic axial filament protein; Similar to SP:P25537 PID:48826 PID:606187 GB:U00096 PID:1789645; identified by sequence similarity; putative.,10,0.1,-1.1093583,6.7180886
Plate1_Drawer3 25-Jul-2025 14-06-08,H1,flhG,VC_2067,MinD-related protein; Similar to GP:3695013; identified by sequence similarity; putative. MULTIPLE FILAMENTS,10,0.1,-0.4934736,2.8239028
Plate1_Drawer3 25-Jul-2025 14-06-08,H2,VC_A0940,VC_A0940,"Transcriptional regulator, DeoR family; Similar to SP:P09392 GB:M96795 PID:146186 PID:606358 GB:U00096; identified by sequence similarity; putative.",10,0.1,2.8945274,9.590487
Plate1_Drawer3 25-Jul-2025 14-06-08,H3,ectA,VC_A0825,"L-2,4-diaminobutyric acid acetyltransferase; Catalyzes the acetylation of L-2,4-diaminobutyrate (DABA) to gamma-N-acetyl-alpha,gamma-diaminobutyric acid (ADABA) with acetyl coenzyme A.",10,0.1,-0.7108884,10.2903595
Plate1_Drawer3 25-Jul-2025 14-06-08,H4,VC_A0840,VC_A0840,"Deoxycytidylate deaminase, putative; Similar to SP:P33968 GB:X70289 PID:396216; identified by sequence similarity; putative.",10,0.1,-0.39296487,6.9452972
Plate1_Drawer3 25-Jul-2025 14-06-08,H6,VC_2522,VC_2522,Conserved hypothetical protein; Identified by Glimmer2; putative.,10,0.1,-0.8860346,6.9344287
Plate1_Drawer3 25-Jul-2025 14-06-08,H7,glmS,VC_0487,"Glucosamine--fructose-6-phosphate aminotransferase (isomerizing); Catalyzes the first step in hexosamine metabolism, converting fructose-6P into glucosamine-6P using glutamine as a nitrogen source.",10,0.1,-3.485673,4.9396467
Plate1_Drawer3 25-Jul-2025 14-06-08,H8,manA,VC_0269,Mannose-6-phosphate isomerase; Similar to SP:P25081 GB:X57117 PID:48820; identified by sequence similarity; putative; Belongs to the mannose-6-phosphate isomerase type 1 family.,10,0.1,5.9042373,21.611172
Plate1_Drawer3 25-Jul-2025 14-06-08,H9,nusB,VC_2267,N utilization substance protein B; Involved in transcription antitermination. Required for transcription of ribosomal RNA (rRNA) genes. Binds specifically to the boxA antiterminator sequence of the ribosomal RNA (rrn) operons.,10,0.1,-3.5748136,9.144269
Plate1_Drawer3 27-Aug-2025 15-51-30,A10,VC_1462,VC_1462,RstB2 protein; Similar to GP:2564358; identified by sequence similarity; putative.,10,0.1,-0.30153412,10.480919
Plate1_Drawer3 27-Aug-2025 15-51-30,A12,wavA,VC_0223,"ADP-heptose--LPS heptosyltransferase II, putative; Similar to GB:L42023 SP:P44011 PID:1003930 PID:1222457 PID:1204774; identified by sequence similarity; putative.",10,0.1,-0.24342173,12.034706
Plate1_Drawer3 27-Aug-2025 15-51-30,A1,ung,VC_2359,uracil-DNA glycosylase; Excises uracil residues from the DNA which can arise as a result of misincorporation of dUMP residues by DNA polymerase or due to deamination of cytosine.,10,0.1,0.34503096,7.715922
Plate1_Drawer3 27-Aug-2025 15-51-30,A2,VC_2453,VC_2453,Sensor histidine kinase/response regulator; Similar to GB:D10888 SP:P26607 PID:216535 PID:882680 GB:U00096; identified by sequence similarity; putative.,10,0.1,0.7005506,7.6613216
Plate1_Drawer3 27-Aug-2025 15-51-30,A3,VC_2311,VC_2311,HesA/MoeB/ThiF family protein; Similar to GB:D21145 PID:471103 PID:882707 GB:U00096 SP:Q46927; identified by sequence similarity; putative.,10,0.1,-0.070341535,8.415545
Plate1_Drawer3 27-Aug-2025 15-51-30,A4,lipA,VC_0943,"Lipoic acid synthetase; Catalyzes the radical-mediated insertion of two sulfur atoms into the C-6 and C-8 positions of the octanoyl moiety bound to the lipoyl domains of lipoate-dependent enzymes, thereby converting the octanoylated domains into lipoylated derivatives.",10,0.1,5.9395204,15.471634
Plate1_Drawer3 27-Aug-2025 15-51-30,A5,rsmJ,VC_0073,Conserved hypothetical protein; Specifically methylates the guanosine in position 1516 of 16S rRNA.,10,0.1,-0.029469823,8.735984
Plate1_Drawer3 27-Aug-2025 15-51-30,A6,potC,VC_1426,"Spermidine/putrescine ABC transporter, permease protein; Similar to GB:M64519 SP:P23859 PID:147328 GB:U00096 PID:1651551; identified by sequence similarity; putative.",10,0.1,-0.38447192,8.125429
Plate1_Drawer3 27-Aug-2025 15-51-30,A7,pckA,VC_2738,Phosphoenolpyruvate carboxykinase; Involved in the gluconeogenesis. Catalyzes the conversion of oxaloacetate (OAA) to phosphoenolpyruvate (PEP) through direct phosphoryl transfer between the nucleoside triphosphate and OAA. Belongs to the phosphoenolpyruvate carboxykinase (ATP) family.,10,0.1,4.192023,10.338594
Plate1_Drawer3 27-Aug-2025 15-51-30,A8,rluD,VC_0709,"Ribosomal large subunit pseudouridine synthase D; Responsible for synthesis of pseudouridine from uracil at positions 1911, 1915 and 1917 in 23S ribosomal RNA; Belongs to the pseudouridine synthase RluA family.",10,0.1,0.24541739,7.397827
Plate1_Drawer3 27-Aug-2025 15-51-30,A9,vibB,VC_0771,Vibriobactin-specific isochorismatase; Involved in the biosynthesis of the catechol siderophore vibriobactin. Vibriobactin is a chelating compound involved in transporting iron from the bacterial environment into the cell cytoplasm; Belongs to the isochorismatase family.,10,0.1,1.039734,14.63904
Plate1_Drawer3 27-Aug-2025 15-51-30,B10,flgP,VC_2206,Conserved hypothetical protein; Identified by Glimmer2; putative.,10,0.1,5.9333615,9.630701
Plate1_Drawer3 27-Aug-2025 15-51-30,B11,fliQ,VC_2122,Flagellar biosynthetic protein FliQ; Role in flagellar biosynthesis. Belongs to the FliQ/MopD/SpaQ family.,10,0.1,8.531967,4.33636
Plate1_Drawer3 27-Aug-2025 15-51-30,B12,argF,VC_2508,Ornithine carbamoyltransferase; Reversibly catalyzes the transfer of the carbamoyl group from carbamoyl phosphate (CP) to the N(epsilon) atom of ornithine (ORN) to produce L-citrulline; Belongs to the aspartate/ornithine carbamoyltransferase superfamily. OTCase family.,10,0.1,-0.47884747,10.309212
Plate1_Drawer3 27-Aug-2025 15-51-30,B1,flgB,VC_2200,"Flagellar basal-body rod protein FlgB; Structural component of flagellum, the bacterial motility apparatus. Part of the rod structure of flagellar basal body.",10,0.1,9.411542,5.6734877
Plate1_Drawer3 27-Aug-2025 15-51-30,B2,fliS,VC_2138,Flagellar protein FliS; Similar to GB:U12816 PID:1254205; identified by sequence similarity; putative.,10,0.1,8.773172,4.162811
Plate1_Drawer3 27-Aug-2025 15-51-30,B3,VC_A1081,VC_A1081,Hypothetical protein; Identified by Glimmer2; putative.,10,0.1,1.6487023,9.451795
Plate1_Drawer3 27-Aug-2025 15-51-30,B4,VC_1909,VC_1909,Hypothetical protein; Identified by Glimmer2; putative.,10,0.1,-1.3368925,7.1972423
Plate1_Drawer3 27-Aug-2025 15-51-30,B5,VC_0449,VC_0449,Methyl-accepting chemotaxis protein; Similar to GB:X61367 PID:48195; identified by sequence similarity; putative.,10,0.1,-2.7698424,8.792126
Plate1_Drawer3 27-Aug-2025 15-51-30,B6,VC_1498,VC_1498,Conserved hypothetical protein; Identified by Glimmer2; putative.,10,0.1,-1.3801023,9.756561
Plate1_Drawer3 27-Aug-2025 15-51-30,B7,VC_2756,VC_2756,Potassium uptake protein TrkH; Low-affinity potassium transport system. Interacts with Trk system potassium uptake protein TrkA; Belongs to the TrkH potassium transport family.,10,0.1,2.2097833,10.591841
Plate1_Drawer3 27-Aug-2025 15-51-30,B8,VC_0113,VC_0113,Methyltransferase-related protein; Similar to SP:P37431 PID:295895; identified by sequence similarity; putative.,10,0.1,2.1134088,9.852211
Plate1_Drawer3 27-Aug-2025 15-51-30,B9,VC_1423,VC_1423,Hypothetical protein; Identified by Glimmer2; putative.,10,0.1,-2.1654232,4.4233284
Plate1_Drawer3 27-Aug-2025 15-51-30,C10,epsC,VC_2734,"General secretion pathway protein C; Involved in a type II secretion system (T2SS, formerly general secretion pathway, GSP) for the export of proteins (By similarity). Required for secretion of cholera toxin through the outer membrane.",10,0.1,-5.5745063,2.2310963
Plate1_Drawer3 27-Aug-2025 15-51-30,C11,proQ,VC_1497,"Conserved hypothetical protein; RNA chaperone with significant RNA binding, RNA strand exchange and RNA duplexing activities; Belongs to the ProQ family.",10,0.1,-3.9922094,3.62828
Plate1_Drawer3 27-Aug-2025 15-51-30,C12,VC_2627,VC_2627,DamX-related protein; Similar to SP:P11557 GB:Z19601 PID:41226 PID:43274 PID:606322; identified by sequence similarity; putative.,10,0.1,-1.6596797,5.4874396
Plate1_Drawer3 27-Aug-2025 15-51-30,C1,VC_A0588,VC_A0588,"Peptide ABC transporter, ATP-binding protein, putative; Similar to SP:P33916 PID:405909 GB:U00096 PID:1736845 PID:1788506; identified by sequence similarity; putative; Belongs to the ABC transporter superfamily.",10,0.1,-4.085431,5.2503633
Plate1_Drawer3 27-Aug-2025 15-51-30,C2,gshB,VC_0468,Glutathione synthetase; Similar to SP:P04425 GB:X01666 PID:41625 PID:882476 GB:U00096; identified by sequence similarity; putative.,10,0.1,1.1299344,14.538045
Plate1_Drawer3 27-Aug-2025 15-51-30,C3,potB,VC_1427,"Spermidine/putrescine ABC transporter, permease protein; Similar to GB:M64519 SP:P23860 PID:147327 GB:U00096 PID:1651552; identified by sequence similarity; putative.",10,0.1,4.7094893,10.74946
Plate1_Drawer3 27-Aug-2025 15-51-30,C4,flgE,VC_2197,Flagellar hook protein FlgE; Similar to GB:X51737 SP:P16322 GB:X52093 PID:47673; identified by sequence similarity; putative.,10,0.1,8.992849,1.2880565
Plate1_Drawer3 27-Aug-2025 15-51-30,C5,glyQ,VC_0021,"glycyl-tRNA synthetase, alpha chain; Similar to SP:P00960 GB:J01622 PID:146222 PID:146225 PID:466698; identified by sequence similarity; putative.",10,0.1,-2.0050197,8.839728
Plate1_Drawer3 27-Aug-2025 15-51-30,C6,VC_0462,VC_0462,Twitching motility protein PilT; Similar to SP:P24559 GB:X67095 PID:151490; identified by sequence similarity; putative.,10,0.1,-1.7719744,9.660372
Plate1_Drawer3 27-Aug-2025 15-51-30,C7,flhA,VC_2069,"Flagellar biosynthetic protein FlhA; Required for formation of the rod structure of the flagellar apparatus. Together with FliI and FliH, may constitute the export apparatus of flagellin; Belongs to the FHIPEP (flagella/HR/invasion proteins export pore) family.",10,0.1,8.718911,4.909031
Plate1_Drawer3 27-Aug-2025 15-51-30,C8,VC_0399,VC_0399,MSHA biogenesis protein MshI; Similar to PID:791156 PID:791153; identified by sequence similarity; putative.,10,0.1,0.24454343,8.54804
Plate1_Drawer3 27-Aug-2025 15-51-30,C9,fliD,VC_2140,"Flagellar hook-associated protein FliD; FILAMENT CAP Required for the morphogenesis and for the elongation of the flagellar filament by facilitating polymerization of the flagellin monomers at the tip of growing filament. Forms a capping structure, which prevents flagellin subunits (transported through the central channel of the flagellum) from leaking out without polymerization at the distal end (By similarity).",10,0.1,0.3152977,6.2553205
Plate1_Drawer3 27-Aug-2025 15-51-30,D11,VC_2718; VC_2719,VC_2718; VC_2719,,10,0.1,10.086808,12.84752
Plate1_Drawer3 27-Aug-2025 15-51-30,D12,wbeG,VC_0245,rfbG protein; Similar to GB:X59554 PID:48387; identified by sequence similarity; putative.,10,0.1,-2.1432018,13.728304
Plate1_Drawer3 27-Aug-2025 15-51-30,D1,VC_0196,VC_0196,ATP-dependent DNA helicase RecQ; Similar to GB:M87049 SP:P15043 GB:M30198 PID:147559 PID:148221; identified by sequence similarity; putative.,10,0.1,-0.42025107,10.409723
Plate1_Drawer3 27-Aug-2025 15-51-30,D2,VC_1933,VC_1933,Hypothetical protein; Identified by Glimmer2; putative.,10,0.1,0.47463018,7.927077
Plate1_Drawer3 27-Aug-2025 15-51-30,D3,VC_A0001,VC_A0001,Hypothetical protein; Identified by Glimmer2; putative.,10,0.1,-3.1746397,4.1585374
Plate1_Drawer3 27-Aug-2025 15-51-30,D4,fadR,VC_1900,Fatty acid metabolism regulator protein; Multifunctional regulator of fatty acid metabolism.,10,0.1,6.7163954,14.123487
Plate1_Drawer3 27-Aug-2025 15-51-30,D5,pilC,VC_2425,Type IV pilin biogenesis protein PilC; Involved in the translocation of the type IV pilin; Belongs to the GSP F family.,10,0.1,-1.2157301,9.696544
Plate1_Drawer3 27-Aug-2025 15-51-30,D6,pta,VC_1097,Phosphate acetyltransferase; Involved in acetate metabolism; In the N-terminal section; belongs to the CobB/CobQ family.,10,0.1,-5.0938745,2.861834
Plate1_Drawer3 27-Aug-2025 15-51-30,D7,VC_A0800,VC_A0800,creA protein; Similar to SP:P08367 GB:M13608 PID:147249 PID:147691 PID:537237; identified by sequence similarity; putative.,10,0.1,4.2070074,11.718759
Plate1_Drawer3 27-Aug-2025 15-51-30,D8,wzt,VC_0247,lipopolysaccharide/O-antigen transport protein; Similar to GB:X59554 PID:48389; identified by sequence similarity; putative.,10,0.1,-1.9973637,10.644667
Plate1_Drawer3 27-Aug-2025 15-51-30,D9,wbeM,VC_0250,Iron-containing alcohol dehydrogenase family protein RfbM; Similar to GB:M26941 SP:P13604 PID:144714; identified by sequence similarity; putative.,10,0.1,-3.5316684,6.850978
Plate1_Drawer3 27-Aug-2025 15-51-30,E10,VC_1887,VC_1887,Hypothetical protein; Identified by Glimmer2; putative.,10,0.1,7.4755282,12.48852
Plate1_Drawer3 27-Aug-2025 15-51-30,E11,VC_A0620,VC_A0620,"Thiosulfate sulfurtransferase SseA, putative; Similar to SP:P31142 GB:U00096 PID:1788869 PID:1799924; identified by sequence similarity; putative.",10,0.1,-2.6061647,5.608368
Plate1_Drawer3 27-Aug-2025 15-51-30,E12,trmJ,VC_0746,"RNA methyltransferase, TrmH family; Catalyzes the formation of 2'O-methylated cytidine (Cm32) or 2'O-methylated uridine (Um32) at position 32 in tRNA.",10,0.1,-4.7958937,2.2487447
Plate1_Drawer3 27-Aug-2025 15-51-30,E1,VC_A0759,VC_A0759,"Arginine ABC transporter, periplasmic arginine-binding protein; Similar to SP:P30859 GB:X67753 GB:X86160 PID:40931 PID:769791; identified by sequence similarity; putative; Belongs to the bacterial solute-binding protein 3 family.",10,0.1,-0.17478701,10.310632
Plate1_Drawer3 27-Aug-2025 15-51-30,E2,VC_A0785,VC_A0785,GGDEF family protein; Similar to PID:1651932; identified by sequence similarity; putative.,10,0.1,4.2402425,10.167463
Plate1_Drawer3 27-Aug-2025 15-51-30,E3,fliE,VC_2134,Flagellar hook-basal body complex protein FliE; Similar to PID:2338730; identified by sequence similarity; putative.,10,0.1,9.118912,3.5052202
Plate1_Drawer3 27-Aug-2025 15-51-30,E4,VC_1581,VC_1581,"NADH dehydrogenase, putative; Similar to SP:P33607 PID:397909 GB:U00096 PID:1788614 PID:1799638; identified by sequence similarity; putative.",10,0.1,-1.8925257,7.1151094
Plate1_Drawer3 27-Aug-2025 15-51-30,E5,fliP,VC_2123,Flagellar biosynthetic protein FliP; Plays a role in the flagellum-specific transport system. Belongs to the FliP/MopC/SpaP family.,10,0.1,8.563212,5.0954947
Plate1_Drawer3 27-Aug-2025 15-51-30,E6,lpxM,VC_0212,Lipid A biosynthesis (kdo)2-(lauroyl)-lipid IVA acyltransferase; Catalyzes the transfer of myristate from myristoyl-acyl carrier protein (ACP) to Kdo(2)-(lauroyl)-lipid IV(A) to form Kdo(2)- lipid A.,10,0.1,3.8565745,9.159184
Plate1_Drawer3 27-Aug-2025 15-51-30,E7,VC_2714,VC_2714,Transcriptional regulator OmpR; Similar to PID:2108342; identified by sequence similarity; putative.,10,0.1,-4.7778587,4.0899806
Plate1_Drawer3 27-Aug-2025 15-51-30,E9,VC_1154,VC_1154,Hypothetical protein; Identified by Glimmer2; putative.,10,0.1,-5.7482224,3.5255075
Plate1_Drawer3 27-Aug-2025 15-51-30,F10,cdgJ,VC_0137,Conserved hypothetical protein; Phosphodiesterase (PDE) that catalyzes the hydrolysis of cyclic diguanylate (c-di-GMP). Positively regulates motility and negatively regulates biofilm formation.,10,0.1,0.5309785,11.756685
Plate1_Drawer3 27-Aug-2025 15-51-30,F11,recO,VC_2459,DNA repair protein RecO; Involved in DNA repair and RecF pathway recombination.,10,0.1,2.0253363,10.435555
Plate1_Drawer3 27-Aug-2025 15-51-30,F12,VC_A0999,VC_A0999,"Transcriptional regulator, TetR family; Similar to GB:U00096 PID:1787354; identified by sequence similarity; putative.",10,0.1,-1.7108066,9.888301
Plate1_Drawer3 27-Aug-2025 15-51-30,F2,VC_2224,VC_2224,GGDEF family protein; Similar to GB:U00096 PID:1787603; identified by sequence similarity; putative.,10,0.1,-4.929028,2.8168247
Plate1_Drawer3 27-Aug-2025 15-51-30,F3,VC_A1099,VC_A1099,"ABC transporter, permease protein; Similar to SP:P33591 GB:X73143 PID:404846 PID:466613 GB:U00096; identified by sequence similarity; putative.",10,0.1,-5.3230524,3.0190701
Plate1_Drawer3 27-Aug-2025 15-51-30,F4,VC_1320,VC_1320,DNA-binding response regulator; Similar to PID:1079807 SP:P52108 GB:U00096 PID:1742647 PID:1742658; identified by sequence similarity; putative.,10,0.1,-5.0863924,2.5554483
Plate1_Drawer3 27-Aug-2025 15-51-30,F5,VC_1319,VC_1319,Sensor histidine kinase; Similar to GB:M36795 SP:P08336 GB:X13307 PID:145590 PID:305015; identified by sequence similarity; putative.,10,0.1,-4.864988,3.4309099
Plate1_Drawer3 27-Aug-2025 15-51-30,F6,VC_A0536,VC_A0536,Conserved hypothetical protein; Identified by Glimmer2; putative.,10,0.1,-2.9465842,5.1909413
Plate1_Drawer3 27-Aug-2025 15-51-30,F7,VC_1414,VC_1414,"Thermostable carboxypeptidase 1; Broad specificity carboxypetidase that releases amino acids sequentially from the C-terminus, including neutral, aromatic, polar and basic residues.",10,0.1,-5.5012274,3.4779837
Plate1_Drawer3 27-Aug-2025 15-51-30,F8,VC_A0527,VC_A0527,Conserved hypothetical protein; Identified by Glimmer2; putative.,10,0.1,-5.62158,2.7205827
Plate1_Drawer3 27-Aug-2025 15-51-30,F9,argH,VC_2641,Argininosuccinate lyase; Similar to SP:P11447 GB:J01590 GB:M21446 PID:145335 PID:396307; identified by sequence similarity; putative.,10,0.1,-5.1811914,2.7767348
Plate1_Drawer3 27-Aug-2025 15-51-30,G10,rluE,VC_1140,Pseudouridine synthase family 1 protein; Responsible for synthesis of pseudouridine from uracil-2457 in 23S ribosomal RNA; Belongs to the pseudouridine synthase RsuA family.,10,0.1,1.9785482,10.113923
Plate1_Drawer3 27-Aug-2025 15-51-30,G11,VC_2524,VC_2524,Conserved hypothetical protein; Catalyzes the hydrolysis of 3-deoxy-D-manno-octulosonate 8- phosphate (KDO 8-P) to 3-deoxy-D-manno-octulosonate (KDO) and inorganic phosphate; Belongs to the KdsC family.,10,0.1,-5.4151564,4.3566694
Plate1_Drawer3 27-Aug-2025 15-51-30,G12,VC_0900,VC_0900,GGDEF family protein; Similar to PID:1652841; identified by sequence similarity; putative.,10,0.1,7.9705415,11.059019
Plate1_Drawer3 27-Aug-2025 15-51-30,G2,VC_A0171,VC_A0171,Conserved hypothetical protein; Identified by Glimmer2; putative.,10,0.1,4.1917396,10.342954
Plate1_Drawer3 27-Aug-2025 15-51-30,G3,fliJ,VC_2129,"Flagellar protein FliJ, putative; Similar to PID:1071644 SP:P52613 GB:U00096 PID:1736608 PID:1788252; identified by sequence similarity; putative.",10,0.1,1.1127955,6.227925
Plate1_Drawer3 27-Aug-2025 15-51-30,G4,VC_0161,VC_0161,Transcriptional activator IlvY; Similar to GB:L42023 SP:P44821 PID:1005575 PID:1220765 PID:1204932; identified by sequence similarity; putative; Belongs to the LysR transcriptional regulatory family.,10,0.1,1.5989312,11.174373
Plate1_Drawer3 27-Aug-2025 15-51-30,G5,VC_0405,VC_0405,MSHA biogenesis protein MshE; Similar to PID:791156 PID:791159; identified by sequence similarity; putative.,10,0.1,-2.1678383,5.6069145
Plate1_Drawer3 27-Aug-2025 15-51-30,G6,VC_1295,VC_1295,Conserved hypothetical protein; Phosphodiesterase (PDE) that catalyzes the hydrolysis of cyclic diguanylate (c-di-GMP) to GMP in vitro. Increases motility and decreases biofilm formation in vivo.,10,0.1,-5.1787,3.2752185
Plate1_Drawer3 27-Aug-2025 15-51-30,G7,flgD,VC_2198,Basal-body rod modification protein FlgD; Required for flagellar hook formation. May act as a scaffolding protein.,10,0.1,13.618694,-0.22981934
Plate1_Drawer3 27-Aug-2025 15-51-30,G8,manC,VC_0241,Mannose-1-phosphate guanylyltransferase; Similar to GB:X59554 SP:Q07024 PID:48383; identified by sequence similarity; putative.,10,0.1,5.9375873,21.638872
Plate1_Drawer3 27-Aug-2025 15-51-30,H10,trpR,VC_0701,"Trp operon repressor, putative; This protein is an aporepressor. When complexed with L- tryptophan it binds the operator region of the trp operon and prevents the initiation of transcription (By similarity).",10,0.1,-0.35152417,9.816011
Plate1_Drawer3 27-Aug-2025 15-51-30,H11,greA,VC_0634,"Transcription elongation factor GreA; Necessary for efficient RNA polymerase transcription elongation past template-encoded arresting sites. The arresting sites in DNA have the property of trapping a certain fraction of elongating RNA polymerases that pass through, resulting in locked ternary complexes. Cleavage of the nascent transcript by cleavage factors such as GreA or GreB allows the resumption of elongation from the new 3'terminus. GreA releases sequences of 2 to 3 nucleotides.",10,0.1,-0.48689345,6.7290916
Plate1_Drawer3 27-Aug-2025 15-51-30,H12,VC_0419,VC_0419,Cytoplasmic axial filament protein; Similar to SP:P25537 PID:48826 PID:606187 GB:U00096 PID:1789645; identified by sequence similarity; putative.,10,0.1,-0.4797643,6.3005347
Plate1_Drawer3 27-Aug-2025 15-51-30,H1,flhG,VC_2067,MinD-related protein; Similar to GP:3695013; identified by sequence similarity; putative. MULTIPLE FILAMENTS,10,0.1,-0.5537853,2.809863
Plate1_Drawer3 27-Aug-2025 15-51-30,H2,VC_A0940,VC_A0940,"Transcriptional regulator, DeoR family; Similar to SP:P09392 GB:M96795 PID:146186 PID:606358 GB:U00096; identified by sequence similarity; putative.",10,0.1,3.0616095,9.699106
Plate1_Drawer3 27-Aug-2025 15-51-30,H3,ectA,VC_A0825,"L-2,4-diaminobutyric acid acetyltransferase; Catalyzes the acetylation of L-2,4-diaminobutyrate (DABA) to gamma-N-acetyl-alpha,gamma-diaminobutyric acid (ADABA) with acetyl coenzyme A.",10,0.1,-0.7031552,10.316022
Plate1_Drawer3 27-Aug-2025 15-51-30,H4,VC_A0840,VC_A0840,"Deoxycytidylate deaminase, putative; Similar to SP:P33968 GB:X70289 PID:396216; identified by sequence similarity; putative.",10,0.1,-0.88894695,6.05725
Plate1_Drawer3 27-Aug-2025 15-51-30,H6,VC_2522,VC_2522,Conserved hypothetical protein; Identified by Glimmer2; putative.,10,0.1,-0.8698595,6.004322
Plate1_Drawer3 27-Aug-2025 15-51-30,H7,glmS,VC_0487,"Glucosamine--fructose-6-phosphate aminotransferase (isomerizing); Catalyzes the first step in hexosamine metabolism, converting fructose-6P into glucosamine-6P using glutamine as a nitrogen source.",10,0.1,-2.4777832,5.5149755
Plate1_Drawer3 27-Aug-2025 15-51-30,H8,manA,VC_0269,Mannose-6-phosphate isomerase; Similar to SP:P25081 GB:X57117 PID:48820; identified by sequence similarity; putative; Belongs to the mannose-6-phosphate isomerase type 1 family.,10,0.1,5.941122,21.557129
Plate1_Drawer3 27-Aug-2025 15-51-30,H9,nusB,VC_2267,N utilization substance protein B; Involved in transcription antitermination. Required for transcription of ribosomal RNA (rRNA) genes. Binds specifically to the boxA antiterminator sequence of the ribosomal RNA (rrn) operons.,10,0.1,-2.4621468,5.7637534
Plate1_Drawer3 29-Aug-2025 10-38-44,A10,VC_1462,VC_1462,RstB2 protein; Similar to GP:2564358; identified by sequence similarity; putative.,10,0.1,1.3498234,10.913003
Plate1_Drawer3 29-Aug-2025 10-38-44,A12,wavA,VC_0223,"ADP-heptose--LPS heptosyltransferase II, putative; Similar to GB:L42023 SP:P44011 PID:1003930 PID:1222457 PID:1204774; identified by sequence similarity; putative.",10,0.1,-1.6308517,11.182793
Plate1_Drawer3 29-Aug-2025 10-38-44,A1,ung,VC_2359,uracil-DNA glycosylase; Excises uracil residues from the DNA which can arise as a result of misincorporation of dUMP residues by DNA polymerase or due to deamination of cytosine.,10,0.1,0.3930579,8.411843
Plate1_Drawer3 29-Aug-2025 10-38-44,A2,VC_2453,VC_2453,Sensor histidine kinase/response regulator; Similar to GB:D10888 SP:P26607 PID:216535 PID:882680 GB:U00096; identified by sequence similarity; putative.,10,0.1,0.72740394,8.066444
Plate1_Drawer3 29-Aug-2025 10-38-44,A3,VC_2311,VC_2311,HesA/MoeB/ThiF family protein; Similar to GB:D21145 PID:471103 PID:882707 GB:U00096 SP:Q46927; identified by sequence similarity; putative.,10,0.1,0.2420879,8.432066
Plate1_Drawer3 29-Aug-2025 10-38-44,A4,lipA,VC_0943,"Lipoic acid synthetase; Catalyzes the radical-mediated insertion of two sulfur atoms into the C-6 and C-8 positions of the octanoyl moiety bound to the lipoyl domains of lipoate-dependent enzymes, thereby converting the octanoylated domains into lipoylated derivatives.",10,0.1,5.9200215,15.440396
Plate1_Drawer3 29-Aug-2025 10-38-44,A5,rsmJ,VC_0073,Conserved hypothetical protein; Specifically methylates the guanosine in position 1516 of 16S rRNA.,10,0.1,0.4169886,11.721406
Plate1_Drawer3 29-Aug-2025 10-38-44,A7,pckA,VC_2738,Phosphoenolpyruvate carboxykinase; Involved in the gluconeogenesis. Catalyzes the conversion of oxaloacetate (OAA) to phosphoenolpyruvate (PEP) through direct phosphoryl transfer between the nucleoside triphosphate and OAA. Belongs to the phosphoenolpyruvate carboxykinase (ATP) family.,10,0.1,3.8972995,11.3544445
Plate1_Drawer3 29-Aug-2025 10-38-44,A8,rluD,VC_0709,"Ribosomal large subunit pseudouridine synthase D; Responsible for synthesis of pseudouridine from uracil at positions 1911, 1915 and 1917 in 23S ribosomal RNA; Belongs to the pseudouridine synthase RluA family.",10,0.1,0.6130814,9.561995
Plate1_Drawer3 29-Aug-2025 10-38-44,B10,flgP,VC_2206,Conserved hypothetical protein; Identified by Glimmer2; putative.,10,0.1,6.0263896,9.823834
Plate1_Drawer3 29-Aug-2025 10-38-44,B11,fliQ,VC_2122,Flagellar biosynthetic protein FliQ; Role in flagellar biosynthesis. Belongs to the FliQ/MopD/SpaQ family.,10,0.1,8.708026,4.9938107
Plate1_Drawer3 29-Aug-2025 10-38-44,B12,argF,VC_2508,Ornithine carbamoyltransferase; Reversibly catalyzes the transfer of the carbamoyl group from carbamoyl phosphate (CP) to the N(epsilon) atom of ornithine (ORN) to produce L-citrulline; Belongs to the aspartate/ornithine carbamoyltransferase superfamily. OTCase family.,10,0.1,-2.8633754,9.4567175
Plate1_Drawer3 29-Aug-2025 10-38-44,B1,flgB,VC_2200,"Flagellar basal-body rod protein FlgB; Structural component of flagellum, the bacterial motility apparatus. Part of the rod structure of flagellar basal body.",10,0.1,9.52241,6.1148105
Plate1_Drawer3 29-Aug-2025 10-38-44,B2,fliS,VC_2138,Flagellar protein FliS; Similar to GB:U12816 PID:1254205; identified by sequence similarity; putative.,10,0.1,8.991313,3.787138
Plate1_Drawer3 29-Aug-2025 10-38-44,B3,VC_A1081,VC_A1081,Hypothetical protein; Identified by Glimmer2; putative.,10,0.1,1.7116275,9.254389
Plate1_Drawer3 29-Aug-2025 10-38-44,B4,VC_1909,VC_1909,Hypothetical protein; Identified by Glimmer2; putative.,10,0.1,-0.48988536,6.362675
Plate1_Drawer3 29-Aug-2025 10-38-44,B5,VC_0449,VC_0449,Methyl-accepting chemotaxis protein; Similar to GB:X61367 PID:48195; identified by sequence similarity; putative.,10,0.1,-2.663613,9.61969
Plate1_Drawer3 29-Aug-2025 10-38-44,B6,VC_1498,VC_1498,Conserved hypothetical protein; Identified by Glimmer2; putative.,10,0.1,-1.3615779,10.142964
Plate1_Drawer3 29-Aug-2025 10-38-44,B7,VC_2756,VC_2756,Potassium uptake protein TrkH; Low-affinity potassium transport system. Interacts with Trk system potassium uptake protein TrkA; Belongs to the TrkH potassium transport family.,10,0.1,2.2553084,9.995646
Plate1_Drawer3 29-Aug-2025 10-38-44,B8,VC_0113,VC_0113,Methyltransferase-related protein; Similar to SP:P37431 PID:295895; identified by sequence similarity; putative.,10,0.1,2.340525,10.730183
Plate1_Drawer3 29-Aug-2025 10-38-44,B9,VC_1423,VC_1423,Hypothetical protein; Identified by Glimmer2; putative.,10,0.1,-1.659207,5.5933056
Plate1_Drawer3 29-Aug-2025 10-38-44,C10,epsC,VC_2734,"General secretion pathway protein C; Involved in a type II secretion system (T2SS, formerly general secretion pathway, GSP) for the export of proteins (By similarity). Required for secretion of cholera toxin through the outer membrane.",10,0.1,-5.7991004,3.3722603
Plate1_Drawer3 29-Aug-2025 10-38-44,C11,proQ,VC_1497,"Conserved hypothetical protein; RNA chaperone with significant RNA binding, RNA strand exchange and RNA duplexing activities; Belongs to the ProQ family.",10,0.1,-4.543279,5.3832283
Plate1_Drawer3 29-Aug-2025 10-38-44,C12,VC_2627,VC_2627,DamX-related protein; Similar to SP:P11557 GB:Z19601 PID:41226 PID:43274 PID:606322; identified by sequence similarity; putative.,10,0.1,-1.4567218,6.407952
Plate1_Drawer3 29-Aug-2025 10-38-44,C1,VC_A0588,VC_A0588,"Peptide ABC transporter, ATP-binding protein, putative; Similar to SP:P33916 PID:405909 GB:U00096 PID:1736845 PID:1788506; identified by sequence similarity; putative; Belongs to the ABC transporter superfamily.",10,0.1,-4.454335,5.7137794
Plate1_Drawer3 29-Aug-2025 10-38-44,C2,gshB,VC_0468,Glutathione synthetase; Similar to SP:P04425 GB:X01666 PID:41625 PID:882476 GB:U00096; identified by sequence similarity; putative.,10,0.1,1.6076679,14.82536
Plate1_Drawer3 29-Aug-2025 10-38-44,C3,potB,VC_1427,"Spermidine/putrescine ABC transporter, permease protein; Similar to GB:M64519 SP:P23860 PID:147327 GB:U00096 PID:1651552; identified by sequence similarity; putative.",10,0.1,4.841503,10.195446
Plate1_Drawer3 29-Aug-2025 10-38-44,C4,flgE,VC_2197,Flagellar hook protein FlgE; Similar to GB:X51737 SP:P16322 GB:X52093 PID:47673; identified by sequence similarity; putative.,10,0.1,9.044984,1.3753775
Plate1_Drawer3 29-Aug-2025 10-38-44,C5,glyQ,VC_0021,"glycyl-tRNA synthetase, alpha chain; Similar to SP:P00960 GB:J01622 PID:146222 PID:146225 PID:466698; identified by sequence similarity; putative.",10,0.1,-0.8728119,10.052309
Plate1_Drawer3 29-Aug-2025 10-38-44,C6,VC_0462,VC_0462,Twitching motility protein PilT; Similar to SP:P24559 GB:X67095 PID:151490; identified by sequence similarity; putative.,10,0.1,0.18554175,8.477179
Plate1_Drawer3 29-Aug-2025 10-38-44,C8,VC_0399,VC_0399,MSHA biogenesis protein MshI; Similar to PID:791156 PID:791153; identified by sequence similarity; putative.,10,0.1,0.2468217,8.556901
Plate1_Drawer3 29-Aug-2025 10-38-44,C9,fliD,VC_2140,"Flagellar hook-associated protein FliD; FILAMENT CAP Required for the morphogenesis and for the elongation of the flagellar filament by facilitating polymerization of the flagellin monomers at the tip of growing filament. Forms a capping structure, which prevents flagellin subunits (transported through the central channel of the flagellum) from leaking out without polymerization at the distal end (By similarity).",10,0.1,0.33921516,7.807295
Plate1_Drawer3 29-Aug-2025 10-38-44,D10,VC_2270,VC_2270,Riboflavin,10,0.1,1.1123022,14.494682
Plate1_Drawer3 29-Aug-2025 10-38-44,D12,wbeG,VC_0245,rfbG protein; Similar to GB:X59554 PID:48387; identified by sequence similarity; putative.,10,0.1,-0.8192618,12.0205555
Plate1_Drawer3 29-Aug-2025 10-38-44,D1,VC_0196,VC_0196,ATP-dependent DNA helicase RecQ; Similar to GB:M87049 SP:P15043 GB:M30198 PID:147559 PID:148221; identified by sequence similarity; putative.,10,0.1,-0.06635105,10.425445
Plate1_Drawer3 29-Aug-2025 10-38-44,D2,VC_1933,VC_1933,Hypothetical protein; Identified by Glimmer2; putative.,10,0.1,0.30170888,8.328765
Plate1_Drawer3 29-Aug-2025 10-38-44,D3,VC_A0001,VC_A0001,Hypothetical protein; Identified by Glimmer2; putative.,10,0.1,-1.7117156,7.3789053
Plate1_Drawer3 29-Aug-2025 10-38-44,D5,pilC,VC_2425,Type IV pilin biogenesis protein PilC; Involved in the translocation of the type IV pilin; Belongs to the GSP F family.,10,0.1,-1.3447856,9.851356
Plate1_Drawer3 29-Aug-2025 10-38-44,E10,VC_1887,VC_1887,Hypothetical protein; Identified by Glimmer2; putative.,10,0.1,7.4779277,12.476312
Plate1_Drawer3 29-Aug-2025 10-38-44,E11,VC_A0620,VC_A0620,"Thiosulfate sulfurtransferase SseA, putative; Similar to SP:P31142 GB:U00096 PID:1788869 PID:1799924; identified by sequence similarity; putative.",10,0.1,-4.7581983,3.2368712
Plate1_Drawer3 29-Aug-2025 10-38-44,E12,trmJ,VC_0746,"RNA methyltransferase, TrmH family; Catalyzes the formation of 2'O-methylated cytidine (Cm32) or 2'O-methylated uridine (Um32) at position 32 in tRNA.",10,0.1,-5.011032,5.1047597
Plate1_Drawer3 29-Aug-2025 10-38-44,E1,VC_A0759,VC_A0759,"Arginine ABC transporter, periplasmic arginine-binding protein; Similar to SP:P30859 GB:X67753 GB:X86160 PID:40931 PID:769791; identified by sequence similarity; putative; Belongs to the bacterial solute-binding protein 3 family.",10,0.1,0.17548947,10.558937
Plate1_Drawer3 29-Aug-2025 10-38-44,E2,VC_A0785,VC_A0785,GGDEF family protein; Similar to PID:1651932; identified by sequence similarity; putative.,10,0.1,3.3188953,11.484151
Plate1_Drawer3 29-Aug-2025 10-38-44,E3,fliE,VC_2134,Flagellar hook-basal body complex protein FliE; Similar to PID:2338730; identified by sequence similarity; putative.,10,0.1,4.0806236,10.220878
Plate1_Drawer3 29-Aug-2025 10-38-44,E4,VC_1581,VC_1581,"NADH dehydrogenase, putative; Similar to SP:P33607 PID:397909 GB:U00096 PID:1788614 PID:1799638; identified by sequence similarity; putative.",10,0.1,-0.83040124,8.308268
Plate1_Drawer3 29-Aug-2025 10-38-44,E5,fliP,VC_2123,Flagellar biosynthetic protein FliP; Plays a role in the flagellum-specific transport system. Belongs to the FliP/MopC/SpaP family.,10,0.1,8.643667,4.6490645
Plate1_Drawer3 29-Aug-2025 10-38-44,E6,lpxM,VC_0212,Lipid A biosynthesis (kdo)2-(lauroyl)-lipid IVA acyltransferase; Catalyzes the transfer of myristate from myristoyl-acyl carrier protein (ACP) to Kdo(2)-(lauroyl)-lipid IV(A) to form Kdo(2)- lipid A.,10,0.1,3.7263966,9.369054
Plate1_Drawer3 29-Aug-2025 10-38-44,F10,cdgJ,VC_0137,Conserved hypothetical protein; Phosphodiesterase (PDE) that catalyzes the hydrolysis of cyclic diguanylate (c-di-GMP). Positively regulates motility and negatively regulates biofilm formation.,10,0.1,0.35023737,11.435403
Plate1_Drawer3 29-Aug-2025 10-38-44,F11,recO,VC_2459,DNA repair protein RecO; Involved in DNA repair and RecF pathway recombination.,10,0.1,2.5574012,11.048569
Plate1_Drawer3 29-Aug-2025 10-38-44,F12,VC_A0999,VC_A0999,"Transcriptional regulator, TetR family; Similar to GB:U00096 PID:1787354; identified by sequence similarity; putative.",10,0.1,-0.40265888,10.434926
Plate1_Drawer3 29-Aug-2025 10-38-44,F2,VC_2224,VC_2224,GGDEF family protein; Similar to GB:U00096 PID:1787603; identified by sequence similarity; putative.,10,0.1,-5.422801,4.53329
Plate1_Drawer3 29-Aug-2025 10-38-44,F3,VC_A1099,VC_A1099,"ABC transporter, permease protein; Similar to SP:P33591 GB:X73143 PID:404846 PID:466613 GB:U00096; identified by sequence similarity; putative.",10,0.1,-5.792658,3.4245262
Plate1_Drawer3 29-Aug-2025 10-38-44,F4,VC_1320,VC_1320,DNA-binding response regulator; Similar to PID:1079807 SP:P52108 GB:U00096 PID:1742647 PID:1742658; identified by sequence similarity; putative.,10,0.1,-5.445294,4.9447355
Plate1_Drawer3 29-Aug-2025 10-38-44,F5,VC_1319,VC_1319,Sensor histidine kinase; Similar to GB:M36795 SP:P08336 GB:X13307 PID:145590 PID:305015; identified by sequence similarity; putative.,10,0.1,-5.1362133,5.9329267
Plate1_Drawer3 29-Aug-2025 10-38-44,F6,VC_A0536,VC_A0536,Conserved hypothetical protein; Identified by Glimmer2; putative.,10,0.1,-1.6566826,5.670899
Plate1_Drawer3 29-Aug-2025 10-38-44,F7,VC_1414,VC_1414,"Thermostable carboxypeptidase 1; Broad specificity carboxypetidase that releases amino acids sequentially from the C-terminus, including neutral, aromatic, polar and basic residues.",10,0.1,-5.296402,5.5336003
Plate1_Drawer3 29-Aug-2025 10-38-44,F8,VC_A0527,VC_A0527,Conserved hypothetical protein; Identified by Glimmer2; putative.,10,0.1,-5.207715,5.9459643
Plate1_Drawer3 29-Aug-2025 10-38-44,F9,argH,VC_2641,Argininosuccinate lyase; Similar to SP:P11447 GB:J01590 GB:M21446 PID:145335 PID:396307; identified by sequence similarity; putative.,10,0.1,-5.1340537,1.6824721
Plate1_Drawer3 29-Aug-2025 10-38-44,G10,rluE,VC_1140,Pseudouridine synthase family 1 protein; Responsible for synthesis of pseudouridine from uracil-2457 in 23S ribosomal RNA; Belongs to the pseudouridine synthase RsuA family.,10,0.1,3.185317,10.992348
Plate1_Drawer3 29-Aug-2025 10-38-44,G11,VC_2524,VC_2524,Conserved hypothetical protein; Catalyzes the hydrolysis of 3-deoxy-D-manno-octulosonate 8- phosphate (KDO 8-P) to 3-deoxy-D-manno-octulosonate (KDO) and inorganic phosphate; Belongs to the KdsC family.,10,0.1,-5.68188,2.8837883
Plate1_Drawer3 29-Aug-2025 10-38-44,G12,VC_0900,VC_0900,GGDEF family protein; Similar to PID:1652841; identified by sequence similarity; putative.,10,0.1,7.985715,11.106719
Plate1_Drawer3 29-Aug-2025 10-38-44,G2,VC_A0171,VC_A0171,Conserved hypothetical protein; Identified by Glimmer2; putative.,10,0.1,4.463188,10.978177
Plate1_Drawer3 29-Aug-2025 10-38-44,G3,fliJ,VC_2129,"Flagellar protein FliJ, putative; Similar to PID:1071644 SP:P52613 GB:U00096 PID:1736608 PID:1788252; identified by sequence similarity; putative.",10,0.1,4.0027103,10.109013
Plate1_Drawer3 29-Aug-2025 10-38-44,G4,VC_0161,VC_0161,Transcriptional activator IlvY; Similar to GB:L42023 SP:P44821 PID:1005575 PID:1220765 PID:1204932; identified by sequence similarity; putative; Belongs to the LysR transcriptional regulatory family.,10,0.1,2.2163484,9.249571
Plate1_Drawer3 29-Aug-2025 10-38-44,G5,VC_0405,VC_0405,MSHA biogenesis protein MshE; Similar to PID:791156 PID:791159; identified by sequence similarity; putative.,10,0.1,-1.6947571,6.7803025
Plate1_Drawer3 29-Aug-2025 10-38-44,G6,VC_1295,VC_1295,Conserved hypothetical protein; Phosphodiesterase (PDE) that catalyzes the hydrolysis of cyclic diguanylate (c-di-GMP) to GMP in vitro. Increases motility and decreases biofilm formation in vivo.,10,0.1,-3.394719,8.11268
Plate1_Drawer3 29-Aug-2025 10-38-44,G7,flgD,VC_2198,Basal-body rod modification protein FlgD; Required for flagellar hook formation. May act as a scaffolding protein.,10,0.1,13.640203,-0.25124997
Plate1_Drawer3 29-Aug-2025 10-38-44,G8,manC,VC_0241,Mannose-1-phosphate guanylyltransferase; Similar to GB:X59554 SP:Q07024 PID:48383; identified by sequence similarity; putative.,10,0.1,5.8753443,21.658743
Plate1_Drawer3 29-Aug-2025 10-38-44,H10,trpR,VC_0701,"Trp operon repressor, putative; This protein is an aporepressor. When complexed with L- tryptophan it binds the operator region of the trp operon and prevents the initiation of transcription (By similarity).",10,0.1,1.894995,11.204607
Plate1_Drawer3 29-Aug-2025 10-38-44,H11,greA,VC_0634,"Transcription elongation factor GreA; Necessary for efficient RNA polymerase transcription elongation past template-encoded arresting sites. The arresting sites in DNA have the property of trapping a certain fraction of elongating RNA polymerases that pass through, resulting in locked ternary complexes. Cleavage of the nascent transcript by cleavage factors such as GreA or GreB allows the resumption of elongation from the new 3'terminus. GreA releases sequences of 2 to 3 nucleotides.",10,0.1,-1.2855366,5.1521106
Plate1_Drawer3 29-Aug-2025 10-38-44,H1,flhG,VC_2067,MinD-related protein; Similar to GP:3695013; identified by sequence similarity; putative. MULTIPLE FILAMENTS,10,0.1,-0.550545,2.8170326
Plate1_Drawer3 29-Aug-2025 10-38-44,H2,VC_A0940,VC_A0940,"Transcriptional regulator, DeoR family; Similar to SP:P09392 GB:M96795 PID:146186 PID:606358 GB:U00096; identified by sequence similarity; putative.",10,0.1,2.9770215,9.650746
Plate1_Drawer3 29-Aug-2025 10-38-44,H3,ectA,VC_A0825,"L-2,4-diaminobutyric acid acetyltransferase; Catalyzes the acetylation of L-2,4-diaminobutyrate (DABA) to gamma-N-acetyl-alpha,gamma-diaminobutyric acid (ADABA) with acetyl coenzyme A.",10,0.1,-0.45736715,10.349493
Plate1_Drawer3 29-Aug-2025 10-38-44,H4,VC_A0840,VC_A0840,"Deoxycytidylate deaminase, putative; Similar to SP:P33968 GB:X70289 PID:396216; identified by sequence similarity; putative.",10,0.1,-0.51296026,6.9286747
Plate1_Drawer3 29-Aug-2025 10-38-44,H6,VC_2522,VC_2522,Conserved hypothetical protein; Identified by Glimmer2; putative.,10,0.1,-0.84007555,6.953185
Plate1_Drawer3 29-Aug-2025 10-38-44,H8,manA,VC_0269,Mannose-6-phosphate isomerase; Similar to SP:P25081 GB:X57117 PID:48820; identified by sequence similarity; putative; Belongs to the mannose-6-phosphate isomerase type 1 family.,10,0.1,6.0033326,21.585003
Plate1_Drawer3 29-Aug-2025 10-38-44,H9,nusB,VC_2267,N utilization substance protein B; Involved in transcription antitermination. Required for transcription of ribosomal RNA (rRNA) genes. Binds specifically to the boxA antiterminator sequence of the ribosomal RNA (rrn) operons.,10,0.1,-1.5697263,6.780907
Plate1_Drawer3 31-Jul-2025 10-11-19,A10,VC_1462,VC_1462,RstB2 protein; Similar to GP:2564358; identified by sequence similarity; putative.,10,0.1,-0.48526576,10.369659
Plate1_Drawer3 31-Jul-2025 10-11-19,A12,wavA,VC_0223,"ADP-heptose--LPS heptosyltransferase II, putative; Similar to GB:L42023 SP:P44011 PID:1003930 PID:1222457 PID:1204774; identified by sequence similarity; putative.",10,0.1,-1.255256,11.656475
Plate1_Drawer3 31-Jul-2025 10-11-19,A1,ung,VC_2359,uracil-DNA glycosylase; Excises uracil residues from the DNA which can arise as a result of misincorporation of dUMP residues by DNA polymerase or due to deamination of cytosine.,10,0.1,0.4313313,11.832194
Plate1_Drawer3 31-Jul-2025 10-11-19,A2,VC_2453,VC_2453,Sensor histidine kinase/response regulator; Similar to GB:D10888 SP:P26607 PID:216535 PID:882680 GB:U00096; identified by sequence similarity; putative.,10,0.1,0.78162,7.64018
Plate1_Drawer3 31-Jul-2025 10-11-19,A3,VC_2311,VC_2311,HesA/MoeB/ThiF family protein; Similar to GB:D21145 PID:471103 PID:882707 GB:U00096 SP:Q46927; identified by sequence similarity; putative.,10,0.1,8.865154,1.1025556
Plate1_Drawer3 31-Jul-2025 10-11-19,A4,lipA,VC_0943,"Lipoic acid synthetase; Catalyzes the radical-mediated insertion of two sulfur atoms into the C-6 and C-8 positions of the octanoyl moiety bound to the lipoyl domains of lipoate-dependent enzymes, thereby converting the octanoylated domains into lipoylated derivatives.",10,0.1,6.196941,14.612898
Plate1_Drawer3 31-Jul-2025 10-11-19,A5,rsmJ,VC_0073,Conserved hypothetical protein; Specifically methylates the guanosine in position 1516 of 16S rRNA.,10,0.1,-3.3379278,7.890854
Plate1_Drawer3 31-Jul-2025 10-11-19,A6,potC,VC_1426,"Spermidine/putrescine ABC transporter, permease protein; Similar to GB:M64519 SP:P23859 PID:147328 GB:U00096 PID:1651551; identified by sequence similarity; putative.",10,0.1,1.2115169,11.987354
Plate1_Drawer3 31-Jul-2025 10-11-19,A7,pckA,VC_2738,Phosphoenolpyruvate carboxykinase; Involved in the gluconeogenesis. Catalyzes the conversion of oxaloacetate (OAA) to phosphoenolpyruvate (PEP) through direct phosphoryl transfer between the nucleoside triphosphate and OAA. Belongs to the phosphoenolpyruvate carboxykinase (ATP) family.,10,0.1,3.6065564,11.189023
Plate1_Drawer3 31-Jul-2025 10-11-19,A8,rluD,VC_0709,"Ribosomal large subunit pseudouridine synthase D; Responsible for synthesis of pseudouridine from uracil at positions 1911, 1915 and 1917 in 23S ribosomal RNA; Belongs to the pseudouridine synthase RluA family.",10,0.1,-1.4859403,5.651917
Plate1_Drawer3 31-Jul-2025 10-11-19,B10,flgP,VC_2206,Conserved hypothetical protein; Identified by Glimmer2; putative.,10,0.1,6.00171,9.842547
Plate1_Drawer3 31-Jul-2025 10-11-19,B11,fliQ,VC_2122,Flagellar biosynthetic protein FliQ; Role in flagellar biosynthesis. Belongs to the FliQ/MopD/SpaQ family.,10,0.1,8.545619,4.3839593
Plate1_Drawer3 31-Jul-2025 10-11-19,B12,argF,VC_2508,Ornithine carbamoyltransferase; Reversibly catalyzes the transfer of the carbamoyl group from carbamoyl phosphate (CP) to the N(epsilon) atom of ornithine (ORN) to produce L-citrulline; Belongs to the aspartate/ornithine carbamoyltransferase superfamily. OTCase family.,10,0.1,-2.742798,9.697207
Plate1_Drawer3 31-Jul-2025 10-11-19,B1,flgB,VC_2200,"Flagellar basal-body rod protein FlgB; Structural component of flagellum, the bacterial motility apparatus. Part of the rod structure of flagellar basal body.",10,0.1,9.554032,4.2145476
Plate1_Drawer3 31-Jul-2025 10-11-19,B2,fliS,VC_2138,Flagellar protein FliS; Similar to GB:U12816 PID:1254205; identified by sequence similarity; putative.,10,0.1,8.915459,3.3566709
Plate1_Drawer3 31-Jul-2025 10-11-19,B3,VC_A1081,VC_A1081,Hypothetical protein; Identified by Glimmer2; putative.,10,0.1,1.5084829,9.09668
Plate1_Drawer3 31-Jul-2025 10-11-19,B4,VC_1909,VC_1909,Hypothetical protein; Identified by Glimmer2; putative.,10,0.1,-0.9375662,8.164799
Plate1_Drawer3 31-Jul-2025 10-11-19,B5,VC_0449,VC_0449,Methyl-accepting chemotaxis protein; Similar to GB:X61367 PID:48195; identified by sequence similarity; putative.,10,0.1,-3.4646027,8.031173
Plate1_Drawer3 31-Jul-2025 10-11-19,B6,VC_1498,VC_1498,Conserved hypothetical protein; Identified by Glimmer2; putative.,10,0.1,0.8609248,11.182126
Plate1_Drawer3 31-Jul-2025 10-11-19,B7,VC_2756,VC_2756,Potassium uptake protein TrkH; Low-affinity potassium transport system. Interacts with Trk system potassium uptake protein TrkA; Belongs to the TrkH potassium transport family.,10,0.1,2.2096796,10.72881
Plate1_Drawer3 31-Jul-2025 10-11-19,B8,VC_0113,VC_0113,Methyltransferase-related protein; Similar to SP:P37431 PID:295895; identified by sequence similarity; putative.,10,0.1,2.454153,11.84369
Plate1_Drawer3 31-Jul-2025 10-11-19,B9,VC_1423,VC_1423,Hypothetical protein; Identified by Glimmer2; putative.,10,0.1,-1.6777714,5.470736
Plate1_Drawer3 31-Jul-2025 10-11-19,C10,epsC,VC_2734,"General secretion pathway protein C; Involved in a type II secretion system (T2SS, formerly general secretion pathway, GSP) for the export of proteins (By similarity). Required for secretion of cholera toxin through the outer membrane.",10,0.1,-5.522539,4.3956475
Plate1_Drawer3 31-Jul-2025 10-11-19,C11,proQ,VC_1497,"Conserved hypothetical protein; RNA chaperone with significant RNA binding, RNA strand exchange and RNA duplexing activities; Belongs to the ProQ family.",10,0.1,-3.850055,3.5532286
Plate1_Drawer3 31-Jul-2025 10-11-19,C12,VC_2627,VC_2627,DamX-related protein; Similar to SP:P11557 GB:Z19601 PID:41226 PID:43274 PID:606322; identified by sequence similarity; putative.,10,0.1,-2.876594,3.5795279
Plate1_Drawer3 31-Jul-2025 10-11-19,C1,VC_A0588,VC_A0588,"Peptide ABC transporter, ATP-binding protein, putative; Similar to SP:P33916 PID:405909 GB:U00096 PID:1736845 PID:1788506; identified by sequence similarity; putative; Belongs to the ABC transporter superfamily.",10,0.1,-4.64647,4.651465
Plate1_Drawer3 31-Jul-2025 10-11-19,C2,gshB,VC_0468,Glutathione synthetase; Similar to SP:P04425 GB:X01666 PID:41625 PID:882476 GB:U00096; identified by sequence similarity; putative.,10,0.1,-1.02836,6.2883735
Plate1_Drawer3 31-Jul-2025 10-11-19,C3,potB,VC_1427,"Spermidine/putrescine ABC transporter, permease protein; Similar to GB:M64519 SP:P23860 PID:147327 GB:U00096 PID:1651552; identified by sequence similarity; putative.",10,0.1,4.1916423,11.681072
Plate1_Drawer3 31-Jul-2025 10-11-19,C4,flgE,VC_2197,Flagellar hook protein FlgE; Similar to GB:X51737 SP:P16322 GB:X52093 PID:47673; identified by sequence similarity; putative.,10,0.1,9.340439,1.8934493
Plate1_Drawer3 31-Jul-2025 10-11-19,C5,glyQ,VC_0021,"glycyl-tRNA synthetase, alpha chain; Similar to SP:P00960 GB:J01622 PID:146222 PID:146225 PID:466698; identified by sequence similarity; putative.",10,0.1,-1.9962622,8.867599
Plate1_Drawer3 31-Jul-2025 10-11-19,C6,VC_0462,VC_0462,Twitching motility protein PilT; Similar to SP:P24559 GB:X67095 PID:151490; identified by sequence similarity; putative.,10,0.1,-2.7145226,9.534989
Plate1_Drawer3 31-Jul-2025 10-11-19,C7,flhA,VC_2069,"Flagellar biosynthetic protein FlhA; Required for formation of the rod structure of the flagellar apparatus. Together with FliI and FliH, may constitute the export apparatus of flagellin; Belongs to the FHIPEP (flagella/HR/invasion proteins export pore) family.",10,0.1,8.858963,4.1317444
Plate1_Drawer3 31-Jul-2025 10-11-19,C8,VC_0399,VC_0399,MSHA biogenesis protein MshI; Similar to PID:791156 PID:791153; identified by sequence similarity; putative.,10,0.1,0.96293205,12.86999
Plate1_Drawer3 31-Jul-2025 10-11-19,C9,fliD,VC_2140,"Flagellar hook-associated protein FliD; FILAMENT CAP Required for the morphogenesis and for the elongation of the flagellar filament by facilitating polymerization of the flagellin monomers at the tip of growing filament. Forms a capping structure, which prevents flagellin subunits (transported through the central channel of the flagellum) from leaking out without polymerization at the distal end (By similarity).",10,0.1,-1.957858,8.892669
Plate1_Drawer3 31-Jul-2025 10-11-19,D10,VC_2270,VC_2270,Riboflavin,10,0.1,0.9169492,14.759632
Plate1_Drawer3 31-Jul-2025 10-11-19,D11,VC_2718; VC_2719,VC_2718; VC_2719,,10,0.1,10.500721,12.674022
Plate1_Drawer3 31-Jul-2025 10-11-19,D12,wbeG,VC_0245,rfbG protein; Similar to GB:X59554 PID:48387; identified by sequence similarity; putative.,10,0.1,-2.125785,13.741922
Plate1_Drawer3 31-Jul-2025 10-11-19,D1,VC_0196,VC_0196,ATP-dependent DNA helicase RecQ; Similar to GB:M87049 SP:P15043 GB:M30198 PID:147559 PID:148221; identified by sequence similarity; putative.,10,0.1,1.2572774,11.001508
Plate1_Drawer3 31-Jul-2025 10-11-19,D2,VC_1933,VC_1933,Hypothetical protein; Identified by Glimmer2; putative.,10,0.1,8.849923,1.0862229
Plate1_Drawer3 31-Jul-2025 10-11-19,D3,VC_A0001,VC_A0001,Hypothetical protein; Identified by Glimmer2; putative.,10,0.1,-2.150637,7.6704063
Plate1_Drawer3 31-Jul-2025 10-11-19,D4,fadR,VC_1900,Fatty acid metabolism regulator protein; Multifunctional regulator of fatty acid metabolism.,10,0.1,6.5152125,14.337049
Plate1_Drawer3 31-Jul-2025 10-11-19,D5,pilC,VC_2425,Type IV pilin biogenesis protein PilC; Involved in the translocation of the type IV pilin; Belongs to the GSP F family.,10,0.1,-2.7088714,9.512343
Plate1_Drawer3 31-Jul-2025 10-11-19,D6,pta,VC_1097,Phosphate acetyltransferase; Involved in acetate metabolism; In the N-terminal section; belongs to the CobB/CobQ family.,10,0.1,-4.3820033,1.7246197
Plate1_Drawer3 31-Jul-2025 10-11-19,D7,VC_A0800,VC_A0800,creA protein; Similar to SP:P08367 GB:M13608 PID:147249 PID:147691 PID:537237; identified by sequence similarity; putative.,10,0.1,4.07424,10.77381
Plate1_Drawer3 31-Jul-2025 10-11-19,D8,wzt,VC_0247,lipopolysaccharide/O-antigen transport protein; Similar to GB:X59554 PID:48389; identified by sequence similarity; putative.,10,0.1,-1.7941918,10.634737
Plate1_Drawer3 31-Jul-2025 10-11-19,D9,wbeM,VC_0250,Iron-containing alcohol dehydrogenase family protein RfbM; Similar to GB:M26941 SP:P13604 PID:144714; identified by sequence similarity; putative.,10,0.1,-1.6485944,10.753716
Plate1_Drawer3 31-Jul-2025 10-11-19,E10,VC_1887,VC_1887,Hypothetical protein; Identified by Glimmer2; putative.,10,0.1,7.3975286,12.477793
Plate1_Drawer3 31-Jul-2025 10-11-19,E11,VC_A0620,VC_A0620,"Thiosulfate sulfurtransferase SseA, putative; Similar to SP:P31142 GB:U00096 PID:1788869 PID:1799924; identified by sequence similarity; putative.",10,0.1,-3.2870743,4.9922805
Plate1_Drawer3 31-Jul-2025 10-11-19,E12,trmJ,VC_0746,"RNA methyltransferase, TrmH family; Catalyzes the formation of 2'O-methylated cytidine (Cm32) or 2'O-methylated uridine (Um32) at position 32 in tRNA.",10,0.1,-4.740757,1.8984615
Plate1_Drawer3 31-Jul-2025 10-11-19,E1,VC_A0759,VC_A0759,"Arginine ABC transporter, periplasmic arginine-binding protein; Similar to SP:P30859 GB:X67753 GB:X86160 PID:40931 PID:769791; identified by sequence similarity; putative; Belongs to the bacterial solute-binding protein 3 family.",10,0.1,-0.58285344,9.938218
Plate1_Drawer3 31-Jul-2025 10-11-19,E2,VC_A0785,VC_A0785,GGDEF family protein; Similar to PID:1651932; identified by sequence similarity; putative.,10,0.1,3.1066232,10.307647
Plate1_Drawer3 31-Jul-2025 10-11-19,E3,fliE,VC_2134,Flagellar hook-basal body complex protein FliE; Similar to PID:2338730; identified by sequence similarity; putative.,10,0.1,9.007821,3.5789335
Plate1_Drawer3 31-Jul-2025 10-11-19,E4,VC_1581,VC_1581,"NADH dehydrogenase, putative; Similar to SP:P33607 PID:397909 GB:U00096 PID:1788614 PID:1799638; identified by sequence similarity; putative.",10,0.1,-2.9942405,4.9662747
Plate1_Drawer3 31-Jul-2025 10-11-19,E5,fliP,VC_2123,Flagellar biosynthetic protein FliP; Plays a role in the flagellum-specific transport system. Belongs to the FliP/MopC/SpaP family.,10,0.1,8.986594,3.097879
Plate1_Drawer3 31-Jul-2025 10-11-19,E6,lpxM,VC_0212,Lipid A biosynthesis (kdo)2-(lauroyl)-lipid IVA acyltransferase; Catalyzes the transfer of myristate from myristoyl-acyl carrier protein (ACP) to Kdo(2)-(lauroyl)-lipid IV(A) to form Kdo(2)- lipid A.,10,0.1,3.857041,9.156075
Plate1_Drawer3 31-Jul-2025 10-11-19,E7,VC_2714,VC_2714,Transcriptional regulator OmpR; Similar to PID:2108342; identified by sequence similarity; putative.,10,0.1,-4.2591186,0.8621101
Plate1_Drawer3 31-Jul-2025 10-11-19,E9,VC_1154,VC_1154,Hypothetical protein; Identified by Glimmer2; putative.,10,0.1,-3.9812727,6.177327
Plate1_Drawer3 31-Jul-2025 10-11-19,F10,cdgJ,VC_0137,Conserved hypothetical protein; Phosphodiesterase (PDE) that catalyzes the hydrolysis of cyclic diguanylate (c-di-GMP). Positively regulates motility and negatively regulates biofilm formation.,10,0.1,0.50305635,11.8864155
Plate1_Drawer3 31-Jul-2025 10-11-19,F11,recO,VC_2459,DNA repair protein RecO; Involved in DNA repair and RecF pathway recombination.,10,0.1,1.7654756,9.7864895
Plate1_Drawer3 31-Jul-2025 10-11-19,F12,VC_A0999,VC_A0999,"Transcriptional regulator, TetR family; Similar to GB:U00096 PID:1787354; identified by sequence similarity; putative.",10,0.1,-1.272735,9.822896
Plate1_Drawer3 31-Jul-2025 10-11-19,F2,VC_2224,VC_2224,GGDEF family protein; Similar to GB:U00096 PID:1787603; identified by sequence similarity; putative.,10,0.1,-3.8427858,1.1931293
Plate1_Drawer3 31-Jul-2025 10-11-19,F3,VC_A1099,VC_A1099,"ABC transporter, permease protein; Similar to SP:P33591 GB:X73143 PID:404846 PID:466613 GB:U00096; identified by sequence similarity; putative.",10,0.1,-4.794183,2.4305942
Plate1_Drawer3 31-Jul-2025 10-11-19,F4,VC_1320,VC_1320,DNA-binding response regulator; Similar to PID:1079807 SP:P52108 GB:U00096 PID:1742647 PID:1742658; identified by sequence similarity; putative.,10,0.1,-4.264408,0.84516066
Plate1_Drawer3 31-Jul-2025 10-11-19,F5,VC_1319,VC_1319,Sensor histidine kinase; Similar to GB:M36795 SP:P08336 GB:X13307 PID:145590 PID:305015; identified by sequence similarity; putative.,10,0.1,-4.7468534,1.9401727
Plate1_Drawer3 31-Jul-2025 10-11-19,F6,VC_A0536,VC_A0536,Conserved hypothetical protein; Identified by Glimmer2; putative.,10,0.1,-3.1537225,5.109343
Plate1_Drawer3 31-Jul-2025 10-11-19,F7,VC_1414,VC_1414,"Thermostable carboxypeptidase 1; Broad specificity carboxypetidase that releases amino acids sequentially from the C-terminus, including neutral, aromatic, polar and basic residues.",10,0.1,-5.3992515,4.4682913
Plate1_Drawer3 31-Jul-2025 10-11-19,F8,VC_A0527,VC_A0527,Conserved hypothetical protein; Identified by Glimmer2; putative.,10,0.1,-5.358821,1.777705
Plate1_Drawer3 31-Jul-2025 10-11-19,F9,argH,VC_2641,Argininosuccinate lyase; Similar to SP:P11447 GB:J01590 GB:M21446 PID:145335 PID:396307; identified by sequence similarity; putative.,10,0.1,-5.3776546,4.1362944
Plate1_Drawer3 31-Jul-2025 10-11-19,G10,rluE,VC_1140,Pseudouridine synthase family 1 protein; Responsible for synthesis of pseudouridine from uracil-2457 in 23S ribosomal RNA; Belongs to the pseudouridine synthase RsuA family.,10,0.1,1.4653106,10.861194
Plate1_Drawer3 31-Jul-2025 10-11-19,G11,VC_2524,VC_2524,Conserved hypothetical protein; Catalyzes the hydrolysis of 3-deoxy-D-manno-octulosonate 8- phosphate (KDO 8-P) to 3-deoxy-D-manno-octulosonate (KDO) and inorganic phosphate; Belongs to the KdsC family.,10,0.1,-4.819667,4.1172547
Plate1_Drawer3 31-Jul-2025 10-11-19,G12,VC_0900,VC_0900,GGDEF family protein; Similar to PID:1652841; identified by sequence similarity; putative.,10,0.1,4.1015615,9.287157
Plate1_Drawer3 31-Jul-2025 10-11-19,G2,VC_A0171,VC_A0171,Conserved hypothetical protein; Identified by Glimmer2; putative.,10,0.1,2.9796915,10.52605
Plate1_Drawer3 31-Jul-2025 10-11-19,G3,fliJ,VC_2129,"Flagellar protein FliJ, putative; Similar to PID:1071644 SP:P52613 GB:U00096 PID:1736608 PID:1788252; identified by sequence similarity; putative.",10,0.1,0.20836921,7.637412
Plate1_Drawer3 31-Jul-2025 10-11-19,G4,VC_0161,VC_0161,Transcriptional activator IlvY; Similar to GB:L42023 SP:P44821 PID:1005575 PID:1220765 PID:1204932; identified by sequence similarity; putative; Belongs to the LysR transcriptional regulatory family.,10,0.1,1.9895877,12.373401
Plate1_Drawer3 31-Jul-2025 10-11-19,G5,VC_0405,VC_0405,MSHA biogenesis protein MshE; Similar to PID:791156 PID:791159; identified by sequence similarity; putative.,10,0.1,-3.1936777,4.9370875
Plate1_Drawer3 31-Jul-2025 10-11-19,G6,VC_1295,VC_1295,Conserved hypothetical protein; Phosphodiesterase (PDE) that catalyzes the hydrolysis of cyclic diguanylate (c-di-GMP) to GMP in vitro. Increases motility and decreases biofilm formation in vivo.,10,0.1,-4.3177743,0.93670356
Plate1_Drawer3 31-Jul-2025 10-11-19,G7,flgD,VC_2198,Basal-body rod modification protein FlgD; Required for flagellar hook formation. May act as a scaffolding protein.,10,0.1,13.693623,-0.30548382
Plate1_Drawer3 31-Jul-2025 10-11-19,G8,manC,VC_0241,Mannose-1-phosphate guanylyltransferase; Similar to GB:X59554 SP:Q07024 PID:48383; identified by sequence similarity; putative.,10,0.1,5.86094,21.449362
Plate1_Drawer3 31-Jul-2025 10-11-19,H10,trpR,VC_0701,"Trp operon repressor, putative; This protein is an aporepressor. When complexed with L- tryptophan it binds the operator region of the trp operon and prevents the initiation of transcription (By similarity).",10,0.1,1.4174246,10.870888
Plate1_Drawer3 31-Jul-2025 10-11-19,H11,greA,VC_0634,"Transcription elongation factor GreA; Necessary for efficient RNA polymerase transcription elongation past template-encoded arresting sites. The arresting sites in DNA have the property of trapping a certain fraction of elongating RNA polymerases that pass through, resulting in locked ternary complexes. Cleavage of the nascent transcript by cleavage factors such as GreA or GreB allows the resumption of elongation from the new 3'terminus. GreA releases sequences of 2 to 3 nucleotides.",10,0.1,0.49474972,9.505387
Plate1_Drawer3 31-Jul-2025 10-11-19,H12,VC_0419,VC_0419,Cytoplasmic axial filament protein; Similar to SP:P25537 PID:48826 PID:606187 GB:U00096 PID:1789645; identified by sequence similarity; putative.,10,0.1,-1.4675635,5.3219433
Plate1_Drawer3 31-Jul-2025 10-11-19,H1,flhG,VC_2067,MinD-related protein; Similar to GP:3695013; identified by sequence similarity; putative. MULTIPLE FILAMENTS,10,0.1,-0.39107117,2.9326363
Plate1_Drawer3 31-Jul-2025 10-11-19,H2,VC_A0940,VC_A0940,"Transcriptional regulator, DeoR family; Similar to SP:P09392 GB:M96795 PID:146186 PID:606358 GB:U00096; identified by sequence similarity; putative.",10,0.1,-0.9407785,5.652102
Plate1_Drawer3 31-Jul-2025 10-11-19,H3,ectA,VC_A0825,"L-2,4-diaminobutyric acid acetyltransferase; Catalyzes the acetylation of L-2,4-diaminobutyrate (DABA) to gamma-N-acetyl-alpha,gamma-diaminobutyric acid (ADABA) with acetyl coenzyme A.",10,0.1,-1.1357939,9.816259
Plate1_Drawer3 31-Jul-2025 10-11-19,H4,VC_A0840,VC_A0840,"Deoxycytidylate deaminase, putative; Similar to SP:P33968 GB:X70289 PID:396216; identified by sequence similarity; putative.",10,0.1,-1.1371732,5.2395077
Plate1_Drawer3 31-Jul-2025 10-11-19,H6,VC_2522,VC_2522,Conserved hypothetical protein; Identified by Glimmer2; putative.,10,0.1,-2.9535508,4.919074
Plate1_Drawer3 31-Jul-2025 10-11-19,H7,glmS,VC_0487,"Glucosamine--fructose-6-phosphate aminotransferase (isomerizing); Catalyzes the first step in hexosamine metabolism, converting fructose-6P into glucosamine-6P using glutamine as a nitrogen source.",10,0.1,-4.66534,2.4707637
Plate1_Drawer3 31-Jul-2025 10-11-19,H8,manA,VC_0269,Mannose-6-phosphate isomerase; Similar to SP:P25081 GB:X57117 PID:48820; identified by sequence similarity; putative; Belongs to the mannose-6-phosphate isomerase type 1 family.,10,0.1,5.8872027,21.725637
Plate1_Drawer3 31-Jul-2025 10-11-19,H9,nusB,VC_2267,N utilization substance protein B; Involved in transcription antitermination. Required for transcription of ribosomal RNA (rRNA) genes. Binds specifically to the boxA antiterminator sequence of the ribosomal RNA (rrn) operons.,10,0.1,-2.9214573,5.3609657
Plate1_Drawer4 02-Oct-2025 11-49-46,A10,VC_1462,VC_1462,RstB2 protein; Similar to GP:2564358; identified by sequence similarity; putative.,10,0.1,-2.5799174,9.461905
Plate1_Drawer4 02-Oct-2025 11-49-46,A12,wavA,VC_0223,"ADP-heptose--LPS heptosyltransferase II, putative; Similar to GB:L42023 SP:P44011 PID:1003930 PID:1222457 PID:1204774; identified by sequence similarity; putative.",10,0.1,-4.9376626,7.5222535
Plate1_Drawer4 02-Oct-2025 11-49-46,A1,ung,VC_2359,uracil-DNA glycosylase; Excises uracil residues from the DNA which can arise as a result of misincorporation of dUMP residues by DNA polymerase or due to deamination of cytosine.,10,0.1,0.3667862,8.850327
Plate1_Drawer4 02-Oct-2025 11-49-46,A3,VC_2311,VC_2311,HesA/MoeB/ThiF family protein; Similar to GB:D21145 PID:471103 PID:882707 GB:U00096 SP:Q46927; identified by sequence similarity; putative.,10,0.1,0.5471265,8.384417
Plate1_Drawer4 02-Oct-2025 11-49-46,A4,lipA,VC_0943,"Lipoic acid synthetase; Catalyzes the radical-mediated insertion of two sulfur atoms into the C-6 and C-8 positions of the octanoyl moiety bound to the lipoyl domains of lipoate-dependent enzymes, thereby converting the octanoylated domains into lipoylated derivatives.",10,0.1,5.854536,15.8172655
Plate1_Drawer4 02-Oct-2025 11-49-46,A5,rsmJ,VC_0073,Conserved hypothetical protein; Specifically methylates the guanosine in position 1516 of 16S rRNA.,10,0.1,0.45331743,8.478443
Plate1_Drawer4 02-Oct-2025 11-49-46,A6,potC,VC_1426,"Spermidine/putrescine ABC transporter, permease protein; Similar to GB:M64519 SP:P23859 PID:147328 GB:U00096 PID:1651551; identified by sequence similarity; putative.",10,0.1,0.7318458,11.362545
Plate1_Drawer4 02-Oct-2025 11-49-46,A7,pckA,VC_2738,Phosphoenolpyruvate carboxykinase; Involved in the gluconeogenesis. Catalyzes the conversion of oxaloacetate (OAA) to phosphoenolpyruvate (PEP) through direct phosphoryl transfer between the nucleoside triphosphate and OAA. Belongs to the phosphoenolpyruvate carboxykinase (ATP) family.,10,0.1,4.2664485,11.545082
Plate1_Drawer4 02-Oct-2025 11-49-46,A8,rluD,VC_0709,"Ribosomal large subunit pseudouridine synthase D; Responsible for synthesis of pseudouridine from uracil at positions 1911, 1915 and 1917 in 23S ribosomal RNA; Belongs to the pseudouridine synthase RluA family.",10,0.1,1.1511571,11.252971
Plate1_Drawer4 02-Oct-2025 11-49-46,B10,flgP,VC_2206,Conserved hypothetical protein; Identified by Glimmer2; putative.,10,0.1,6.059563,9.607502
Plate1_Drawer4 02-Oct-2025 11-49-46,B11,fliQ,VC_2122,Flagellar biosynthetic protein FliQ; Role in flagellar biosynthesis. Belongs to the FliQ/MopD/SpaQ family.,10,0.1,9.5556345,6.508196
Plate1_Drawer4 02-Oct-2025 11-49-46,B12,argF,VC_2508,Ornithine carbamoyltransferase; Reversibly catalyzes the transfer of the carbamoyl group from carbamoyl phosphate (CP) to the N(epsilon) atom of ornithine (ORN) to produce L-citrulline; Belongs to the aspartate/ornithine carbamoyltransferase superfamily. OTCase family.,10,0.1,-0.15086715,8.591368
Plate1_Drawer4 02-Oct-2025 11-49-46,B1,flgB,VC_2200,"Flagellar basal-body rod protein FlgB; Structural component of flagellum, the bacterial motility apparatus. Part of the rod structure of flagellar basal body.",10,0.1,4.7890987,14.153905
Plate1_Drawer4 02-Oct-2025 11-49-46,B2,fliS,VC_2138,Flagellar protein FliS; Similar to GB:U12816 PID:1254205; identified by sequence similarity; putative.,10,0.1,9.569557,6.504593
Plate1_Drawer4 02-Oct-2025 11-49-46,B3,VC_A1081,VC_A1081,Hypothetical protein; Identified by Glimmer2; putative.,10,0.1,0.16602464,11.614867
Plate1_Drawer4 02-Oct-2025 11-49-46,B4,VC_1909,VC_1909,Hypothetical protein; Identified by Glimmer2; putative.,10,0.1,-2.850994,8.276489
Plate1_Drawer4 02-Oct-2025 11-49-46,B5,VC_0449,VC_0449,Methyl-accepting chemotaxis protein; Similar to GB:X61367 PID:48195; identified by sequence similarity; putative.,10,0.1,-2.567101,8.710779
Plate1_Drawer4 02-Oct-2025 11-49-46,B6,VC_1498,VC_1498,Conserved hypothetical protein; Identified by Glimmer2; putative.,10,0.1,0.38515487,12.3096285
Plate1_Drawer4 02-Oct-2025 11-49-46,B7,VC_2756,VC_2756,Potassium uptake protein TrkH; Low-affinity potassium transport system. Interacts with Trk system potassium uptake protein TrkA; Belongs to the TrkH potassium transport family.,10,0.1,-3.1609719,8.989223
Plate1_Drawer4 02-Oct-2025 11-49-46,B8,VC_0113,VC_0113,Methyltransferase-related protein; Similar to SP:P37431 PID:295895; identified by sequence similarity; putative.,10,0.1,-2.7858572,9.276602
Plate1_Drawer4 02-Oct-2025 11-49-46,B9,VC_1423,VC_1423,Hypothetical protein; Identified by Glimmer2; putative.,10,0.1,0.46825367,11.61332
Plate1_Drawer4 02-Oct-2025 11-49-46,C10,epsC,VC_2734,"General secretion pathway protein C; Involved in a type II secretion system (T2SS, formerly general secretion pathway, GSP) for the export of proteins (By similarity). Required for secretion of cholera toxin through the outer membrane.",10,0.1,-4.9789157,6.362759
Plate1_Drawer4 02-Oct-2025 11-49-46,C11,proQ,VC_1497,"Conserved hypothetical protein; RNA chaperone with significant RNA binding, RNA strand exchange and RNA duplexing activities; Belongs to the ProQ family.",10,0.1,-4.851531,7.4180236
Plate1_Drawer4 02-Oct-2025 11-49-46,C12,VC_2627,VC_2627,DamX-related protein; Similar to SP:P11557 GB:Z19601 PID:41226 PID:43274 PID:606322; identified by sequence similarity; putative.,10,0.1,-0.7921859,8.480024
Plate1_Drawer4 02-Oct-2025 11-49-46,C1,VC_A0588,VC_A0588,"Peptide ABC transporter, ATP-binding protein, putative; Similar to SP:P33916 PID:405909 GB:U00096 PID:1736845 PID:1788506; identified by sequence similarity; putative; Belongs to the ABC transporter superfamily.",10,0.1,-5.1330276,7.6069064
Plate1_Drawer4 02-Oct-2025 11-49-46,C2,gshB,VC_0468,Glutathione synthetase; Similar to SP:P04425 GB:X01666 PID:41625 PID:882476 GB:U00096; identified by sequence similarity; putative.,10,0.1,5.865933,15.710474
Plate1_Drawer4 02-Oct-2025 11-49-46,C3,potB,VC_1427,"Spermidine/putrescine ABC transporter, permease protein; Similar to GB:M64519 SP:P23860 PID:147327 GB:U00096 PID:1651552; identified by sequence similarity; putative.",10,0.1,4.4147544,11.399976
Plate1_Drawer4 02-Oct-2025 11-49-46,C4,flgE,VC_2197,Flagellar hook protein FlgE; Similar to GB:X51737 SP:P16322 GB:X52093 PID:47673; identified by sequence similarity; putative.,10,0.1,1.248178,13.735737
Plate1_Drawer4 02-Oct-2025 11-49-46,C5,glyQ,VC_0021,"glycyl-tRNA synthetase, alpha chain; Similar to SP:P00960 GB:J01622 PID:146222 PID:146225 PID:466698; identified by sequence similarity; putative.",10,0.1,-2.196338,8.724756
Plate1_Drawer4 02-Oct-2025 11-49-46,C6,VC_0462,VC_0462,Twitching motility protein PilT; Similar to SP:P24559 GB:X67095 PID:151490; identified by sequence similarity; putative.,10,0.1,-2.6743164,8.651236
Plate1_Drawer4 02-Oct-2025 11-49-46,C7,flhA,VC_2069,"Flagellar biosynthetic protein FlhA; Required for formation of the rod structure of the flagellar apparatus. Together with FliI and FliH, may constitute the export apparatus of flagellin; Belongs to the FHIPEP (flagella/HR/invasion proteins export pore) family.",10,0.1,8.93026,4.318125
Plate1_Drawer4 02-Oct-2025 11-49-46,C8,VC_0399,VC_0399,MSHA biogenesis protein MshI; Similar to PID:791156 PID:791153; identified by sequence similarity; putative.,10,0.1,-0.6196104,8.8418045
Plate1_Drawer4 02-Oct-2025 11-49-46,C9,fliD,VC_2140,"Flagellar hook-associated protein FliD; FILAMENT CAP Required for the morphogenesis and for the elongation of the flagellar filament by facilitating polymerization of the flagellin monomers at the tip of growing filament. Forms a capping structure, which prevents flagellin subunits (transported through the central channel of the flagellum) from leaking out without polymerization at the distal end (By similarity).",10,0.1,1.6884668,10.590074
Plate1_Drawer4 02-Oct-2025 11-49-46,D10,VC_2270,VC_2270,Riboflavin,10,0.1,-4.9605317,6.9556594
Plate1_Drawer4 02-Oct-2025 11-49-46,D11,VC_2718; VC_2719,VC_2718; VC_2719,,10,0.1,5.334324,14.3122
Plate1_Drawer4 02-Oct-2025 11-49-46,D1,VC_0196,VC_0196,ATP-dependent DNA helicase RecQ; Similar to GB:M87049 SP:P15043 GB:M30198 PID:147559 PID:148221; identified by sequence similarity; putative.,10,0.1,0.09232185,11.611353
Plate1_Drawer4 02-Oct-2025 11-49-46,D2,VC_1933,VC_1933,Hypothetical protein; Identified by Glimmer2; putative.,10,0.1,0.075576216,11.511258
Plate1_Drawer4 02-Oct-2025 11-49-46,D3,VC_A0001,VC_A0001,Hypothetical protein; Identified by Glimmer2; putative.,10,0.1,0.8738331,11.527399
Plate1_Drawer4 02-Oct-2025 11-49-46,D4,fadR,VC_1900,Fatty acid metabolism regulator protein; Multifunctional regulator of fatty acid metabolism.,10,0.1,5.941765,15.309414
Plate1_Drawer4 02-Oct-2025 11-49-46,D5,pilC,VC_2425,Type IV pilin biogenesis protein PilC; Involved in the translocation of the type IV pilin; Belongs to the GSP F family.,10,0.1,-0.19124444,9.139828
Plate1_Drawer4 02-Oct-2025 11-49-46,D6,pta,VC_1097,Phosphate acetyltransferase; Involved in acetate metabolism; In the N-terminal section; belongs to the CobB/CobQ family.,10,0.1,-5.127989,7.2550306
Plate1_Drawer4 02-Oct-2025 11-49-46,D7,VC_A0800,VC_A0800,creA protein; Similar to SP:P08367 GB:M13608 PID:147249 PID:147691 PID:537237; identified by sequence similarity; putative.,10,0.1,3.6789956,12.712808
Plate1_Drawer4 02-Oct-2025 11-49-46,D8,wzt,VC_0247,lipopolysaccharide/O-antigen transport protein; Similar to GB:X59554 PID:48389; identified by sequence similarity; putative.,10,0.1,-4.898533,6.7556443
Plate1_Drawer4 02-Oct-2025 11-49-46,D9,wbeM,VC_0250,Iron-containing alcohol dehydrogenase family protein RfbM; Similar to GB:M26941 SP:P13604 PID:144714; identified by sequence similarity; putative.,10,0.1,-4.9838777,7.018993
Plate1_Drawer4 02-Oct-2025 11-49-46,E11,VC_A0620,VC_A0620,"Thiosulfate sulfurtransferase SseA, putative; Similar to SP:P31142 GB:U00096 PID:1788869 PID:1799924; identified by sequence similarity; putative.",10,0.1,-3.208798,8.861156
Plate1_Drawer4 02-Oct-2025 11-49-46,E12,trmJ,VC_0746,"RNA methyltransferase, TrmH family; Catalyzes the formation of 2'O-methylated cytidine (Cm32) or 2'O-methylated uridine (Um32) at position 32 in tRNA.",10,0.1,-4.7613525,7.638407
Plate1_Drawer4 02-Oct-2025 11-49-46,E1,VC_A0759,VC_A0759,"Arginine ABC transporter, periplasmic arginine-binding protein; Similar to SP:P30859 GB:X67753 GB:X86160 PID:40931 PID:769791; identified by sequence similarity; putative; Belongs to the bacterial solute-binding protein 3 family.",10,0.1,-4.862949,7.416693
Plate1_Drawer4 02-Oct-2025 11-49-46,E2,VC_A0785,VC_A0785,GGDEF family protein; Similar to PID:1651932; identified by sequence similarity; putative.,10,0.1,2.9691818,11.731377
Plate1_Drawer4 02-Oct-2025 11-49-46,E3,fliE,VC_2134,Flagellar hook-basal body complex protein FliE; Similar to PID:2338730; identified by sequence similarity; putative.,10,0.1,4.8190317,14.174644
Plate1_Drawer4 02-Oct-2025 11-49-46,E4,VC_1581,VC_1581,"NADH dehydrogenase, putative; Similar to SP:P33607 PID:397909 GB:U00096 PID:1788614 PID:1799638; identified by sequence similarity; putative.",10,0.1,1.2338834,11.605371
Plate1_Drawer4 02-Oct-2025 11-49-46,E5,fliP,VC_2123,Flagellar biosynthetic protein FliP; Plays a role in the flagellum-specific transport system. Belongs to the FliP/MopC/SpaP family.,10,0.1,9.197354,4.5148735
Plate1_Drawer4 02-Oct-2025 11-49-46,E6,lpxM,VC_0212,Lipid A biosynthesis (kdo)2-(lauroyl)-lipid IVA acyltransferase; Catalyzes the transfer of myristate from myristoyl-acyl carrier protein (ACP) to Kdo(2)-(lauroyl)-lipid IV(A) to form Kdo(2)- lipid A.,10,0.1,2.8659227,10.690021
Plate1_Drawer4 02-Oct-2025 11-49-46,E7,VC_2714,VC_2714,Transcriptional regulator OmpR; Similar to PID:2108342; identified by sequence similarity; putative.,10,0.1,-5.0338216,7.2892594
Plate1_Drawer4 02-Oct-2025 11-49-46,E9,VC_1154,VC_1154,Hypothetical protein; Identified by Glimmer2; putative.,10,0.1,-4.8869123,6.776054
Plate1_Drawer4 02-Oct-2025 11-49-46,F10,cdgJ,VC_0137,Conserved hypothetical protein; Phosphodiesterase (PDE) that catalyzes the hydrolysis of cyclic diguanylate (c-di-GMP). Positively regulates motility and negatively regulates biofilm formation.,10,0.1,-0.6620243,8.703783
Plate1_Drawer4 02-Oct-2025 11-49-46,F11,recO,VC_2459,DNA repair protein RecO; Involved in DNA repair and RecF pathway recombination.,10,0.1,-2.325919,9.702722
Plate1_Drawer4 02-Oct-2025 11-49-46,F12,VC_A0999,VC_A0999,"Transcriptional regulator, TetR family; Similar to GB:U00096 PID:1787354; identified by sequence similarity; putative.",10,0.1,-3.2412992,8.877344
Plate1_Drawer4 02-Oct-2025 11-49-46,F2,VC_2224,VC_2224,GGDEF family protein; Similar to GB:U00096 PID:1787603; identified by sequence similarity; putative.,10,0.1,1.2061433,12.0120325
Plate1_Drawer4 02-Oct-2025 11-49-46,F3,VC_A1099,VC_A1099,"ABC transporter, permease protein; Similar to SP:P33591 GB:X73143 PID:404846 PID:466613 GB:U00096; identified by sequence similarity; putative.",10,0.1,-5.2819686,7.153523
Plate1_Drawer4 02-Oct-2025 11-49-46,F4,VC_1320,VC_1320,DNA-binding response regulator; Similar to PID:1079807 SP:P52108 GB:U00096 PID:1742647 PID:1742658; identified by sequence similarity; putative.,10,0.1,-5.1221886,7.327896
Plate1_Drawer4 02-Oct-2025 11-49-46,F5,VC_1319,VC_1319,Sensor histidine kinase; Similar to GB:M36795 SP:P08336 GB:X13307 PID:145590 PID:305015; identified by sequence similarity; putative.,10,0.1,-5.1412587,7.3430324
Plate1_Drawer4 02-Oct-2025 11-49-46,F6,VC_A0536,VC_A0536,Conserved hypothetical protein; Identified by Glimmer2; putative.,10,0.1,-2.4956884,9.601038
Plate1_Drawer4 02-Oct-2025 11-49-46,F7,VC_1414,VC_1414,"Thermostable carboxypeptidase 1; Broad specificity carboxypetidase that releases amino acids sequentially from the C-terminus, including neutral, aromatic, polar and basic residues.",10,0.1,-5.0825357,7.1066093
Plate1_Drawer4 02-Oct-2025 11-49-46,F8,VC_A0527,VC_A0527,Conserved hypothetical protein; Identified by Glimmer2; putative.,10,0.1,-5.2017765,7.146022
Plate1_Drawer4 02-Oct-2025 11-49-46,F9,argH,VC_2641,Argininosuccinate lyase; Similar to SP:P11447 GB:J01590 GB:M21446 PID:145335 PID:396307; identified by sequence similarity; putative.,10,0.1,-4.742384,7.3873634
Plate1_Drawer4 02-Oct-2025 11-49-46,G10,rluE,VC_1140,Pseudouridine synthase family 1 protein; Responsible for synthesis of pseudouridine from uracil-2457 in 23S ribosomal RNA; Belongs to the pseudouridine synthase RsuA family.,10,0.1,-0.3182475,10.19466
Plate1_Drawer4 02-Oct-2025 11-49-46,G11,VC_2524,VC_2524,Conserved hypothetical protein; Catalyzes the hydrolysis of 3-deoxy-D-manno-octulosonate 8- phosphate (KDO 8-P) to 3-deoxy-D-manno-octulosonate (KDO) and inorganic phosphate; Belongs to the KdsC family.,10,0.1,-5.1305156,6.883982
Plate1_Drawer4 02-Oct-2025 11-49-46,G12,VC_0900,VC_0900,GGDEF family protein; Similar to PID:1652841; identified by sequence similarity; putative.,10,0.1,8.0570755,11.180705
Plate1_Drawer4 02-Oct-2025 11-49-46,G1,guaB,VC_0767,"Inosine-5`-monophosphate dehydrogenase; Catalyzes the conversion of inosine 5'-phosphate (IMP) to xanthosine 5'-phosphate (XMP), the first committed and rate-limiting step in the de novo synthesis of guanine nucleotides, and therefore plays an important role in the regulation of cell growth. Belongs to the IMPDH/GMPR family.",10,0.1,-4.988079,7.0388417
Plate1_Drawer4 02-Oct-2025 11-49-46,G2,VC_A0171,VC_A0171,Conserved hypothetical protein; Identified by Glimmer2; putative.,10,0.1,2.1842043,12.071533
Plate1_Drawer4 02-Oct-2025 11-49-46,G3,fliJ,VC_2129,"Flagellar protein FliJ, putative; Similar to PID:1071644 SP:P52613 GB:U00096 PID:1736608 PID:1788252; identified by sequence similarity; putative.",10,0.1,9.646205,5.7852974
Plate1_Drawer4 02-Oct-2025 11-49-46,G4,VC_0161,VC_0161,Transcriptional activator IlvY; Similar to GB:L42023 SP:P44821 PID:1005575 PID:1220765 PID:1204932; identified by sequence similarity; putative; Belongs to the LysR transcriptional regulatory family.,10,0.1,0.35775197,10.948955
Plate1_Drawer4 02-Oct-2025 11-49-46,G5,VC_0405,VC_0405,MSHA biogenesis protein MshE; Similar to PID:791156 PID:791159; identified by sequence similarity; putative.,10,0.1,-3.3345673,8.93959
Plate1_Drawer4 02-Oct-2025 11-49-46,G6,VC_1295,VC_1295,Conserved hypothetical protein; Phosphodiesterase (PDE) that catalyzes the hydrolysis of cyclic diguanylate (c-di-GMP) to GMP in vitro. Increases motility and decreases biofilm formation in vivo.,10,0.1,-5.214107,7.319231
Plate1_Drawer4 02-Oct-2025 11-49-46,G8,manC,VC_0241,Mannose-1-phosphate guanylyltransferase; Similar to GB:X59554 SP:Q07024 PID:48383; identified by sequence similarity; putative.,10,0.1,3.7175732,12.82226
Plate1_Drawer4 02-Oct-2025 11-49-46,H10,trpR,VC_0701,"Trp operon repressor, putative; This protein is an aporepressor. When complexed with L- tryptophan it binds the operator region of the trp operon and prevents the initiation of transcription (By similarity).",10,0.1,-3.3472395,8.793252
Plate1_Drawer4 02-Oct-2025 11-49-46,H11,greA,VC_0634,"Transcription elongation factor GreA; Necessary for efficient RNA polymerase transcription elongation past template-encoded arresting sites. The arresting sites in DNA have the property of trapping a certain fraction of elongating RNA polymerases that pass through, resulting in locked ternary complexes. Cleavage of the nascent transcript by cleavage factors such as GreA or GreB allows the resumption of elongation from the new 3'terminus. GreA releases sequences of 2 to 3 nucleotides.",10,0.1,0.032462187,9.879341
Plate1_Drawer4 02-Oct-2025 11-49-46,H12,VC_0419,VC_0419,Cytoplasmic axial filament protein; Similar to SP:P25537 PID:48826 PID:606187 GB:U00096 PID:1789645; identified by sequence similarity; putative.,10,0.1,-0.030048821,9.925548
Plate1_Drawer4 02-Oct-2025 11-49-46,H1,flhG,VC_2067,MinD-related protein; Similar to GP:3695013; identified by sequence similarity; putative. MULTIPLE FILAMENTS,10,0.1,-0.57276404,2.803761
Plate1_Drawer4 02-Oct-2025 11-49-46,H2,VC_A0940,VC_A0940,"Transcriptional regulator, DeoR family; Similar to SP:P09392 GB:M96795 PID:146186 PID:606358 GB:U00096; identified by sequence similarity; putative.",10,0.1,2.3875682,11.174885
Plate1_Drawer4 02-Oct-2025 11-49-46,H3,ectA,VC_A0825,"L-2,4-diaminobutyric acid acetyltransferase; Catalyzes the acetylation of L-2,4-diaminobutyrate (DABA) to gamma-N-acetyl-alpha,gamma-diaminobutyric acid (ADABA) with acetyl coenzyme A.",10,0.1,-5.121158,7.5347633
Plate1_Drawer4 02-Oct-2025 11-49-46,H4,VC_A0840,VC_A0840,"Deoxycytidylate deaminase, putative; Similar to SP:P33968 GB:X70289 PID:396216; identified by sequence similarity; putative.",10,0.1,0.4484895,11.509399
Plate1_Drawer4 02-Oct-2025 11-49-46,H6,VC_2522,VC_2522,Conserved hypothetical protein; Identified by Glimmer2; putative.,10,0.1,-2.4383342,9.568614
Plate1_Drawer4 02-Oct-2025 11-49-46,H7,glmS,VC_0487,"Glucosamine--fructose-6-phosphate aminotransferase (isomerizing); Catalyzes the first step in hexosamine metabolism, converting fructose-6P into glucosamine-6P using glutamine as a nitrogen source.",10,0.1,-3.2479634,8.924414
Plate1_Drawer4 02-Oct-2025 11-49-46,H8,manA,VC_0269,Mannose-6-phosphate isomerase; Similar to SP:P25081 GB:X57117 PID:48820; identified by sequence similarity; putative; Belongs to the mannose-6-phosphate isomerase type 1 family.,10,0.1,5.687113,21.114275
Plate1_Drawer4 02-Oct-2025 11-49-46,H9,nusB,VC_2267,N utilization substance protein B; Involved in transcription antitermination. Required for transcription of ribosomal RNA (rRNA) genes. Binds specifically to the boxA antiterminator sequence of the ribosomal RNA (rrn) operons.,10,0.1,-3.1735492,8.921679
Plate1_Drawer4 31-Jul-2025 10-59-36,A10,VC_1462,VC_1462,RstB2 protein; Similar to GP:2564358; identified by sequence similarity; putative.,10,0.1,-0.62941635,9.551021
Plate1_Drawer4 31-Jul-2025 10-59-36,A12,wavA,VC_0223,"ADP-heptose--LPS heptosyltransferase II, putative; Similar to GB:L42023 SP:P44011 PID:1003930 PID:1222457 PID:1204774; identified by sequence similarity; putative.",10,0.1,0.42324463,11.361027
Plate1_Drawer4 31-Jul-2025 10-59-36,A1,ung,VC_2359,uracil-DNA glycosylase; Excises uracil residues from the DNA which can arise as a result of misincorporation of dUMP residues by DNA polymerase or due to deamination of cytosine.,10,0.1,0.25812984,11.786204
Plate1_Drawer4 31-Jul-2025 10-59-36,A2,VC_2453,VC_2453,Sensor histidine kinase/response regulator; Similar to GB:D10888 SP:P26607 PID:216535 PID:882680 GB:U00096; identified by sequence similarity; putative.,10,0.1,0.7363598,8.108155
Plate1_Drawer4 31-Jul-2025 10-59-36,A3,VC_2311,VC_2311,HesA/MoeB/ThiF family protein; Similar to GB:D21145 PID:471103 PID:882707 GB:U00096 SP:Q46927; identified by sequence similarity; putative.,10,0.1,8.87863,1.1218855
Plate1_Drawer4 31-Jul-2025 10-59-36,A4,lipA,VC_0943,"Lipoic acid synthetase; Catalyzes the radical-mediated insertion of two sulfur atoms into the C-6 and C-8 positions of the octanoyl moiety bound to the lipoyl domains of lipoate-dependent enzymes, thereby converting the octanoylated domains into lipoylated derivatives.",10,0.1,5.9507303,15.269867
Plate1_Drawer4 31-Jul-2025 10-59-36,A5,rsmJ,VC_0073,Conserved hypothetical protein; Specifically methylates the guanosine in position 1516 of 16S rRNA.,10,0.1,-3.0753853,8.080145
Plate1_Drawer4 31-Jul-2025 10-59-36,A6,potC,VC_1426,"Spermidine/putrescine ABC transporter, permease protein; Similar to GB:M64519 SP:P23859 PID:147328 GB:U00096 PID:1651551; identified by sequence similarity; putative.",10,0.1,-0.08758418,9.782448
Plate1_Drawer4 31-Jul-2025 10-59-36,A7,pckA,VC_2738,Phosphoenolpyruvate carboxykinase; Involved in the gluconeogenesis. Catalyzes the conversion of oxaloacetate (OAA) to phosphoenolpyruvate (PEP) through direct phosphoryl transfer between the nucleoside triphosphate and OAA. Belongs to the phosphoenolpyruvate carboxykinase (ATP) family.,10,0.1,4.1667304,11.702434
Plate1_Drawer4 31-Jul-2025 10-59-36,A8,rluD,VC_0709,"Ribosomal large subunit pseudouridine synthase D; Responsible for synthesis of pseudouridine from uracil at positions 1911, 1915 and 1917 in 23S ribosomal RNA; Belongs to the pseudouridine synthase RluA family.",10,0.1,0.1395211,7.2458873
Plate1_Drawer4 31-Jul-2025 10-59-36,A9,vibB,VC_0771,Vibriobactin-specific isochorismatase; Involved in the biosynthesis of the catechol siderophore vibriobactin. Vibriobactin is a chelating compound involved in transporting iron from the bacterial environment into the cell cytoplasm; Belongs to the isochorismatase family.,10,0.1,0.9403522,14.737995
Plate1_Drawer4 31-Jul-2025 10-59-36,B10,flgP,VC_2206,Conserved hypothetical protein; Identified by Glimmer2; putative.,10,0.1,6.037789,9.839148
Plate1_Drawer4 31-Jul-2025 10-59-36,B11,fliQ,VC_2122,Flagellar biosynthetic protein FliQ; Role in flagellar biosynthesis. Belongs to the FliQ/MopD/SpaQ family.,10,0.1,8.678172,4.9674044
Plate1_Drawer4 31-Jul-2025 10-59-36,B12,argF,VC_2508,Ornithine carbamoyltransferase; Reversibly catalyzes the transfer of the carbamoyl group from carbamoyl phosphate (CP) to the N(epsilon) atom of ornithine (ORN) to produce L-citrulline; Belongs to the aspartate/ornithine carbamoyltransferase superfamily. OTCase family.,10,0.1,-1.8782332,9.971263
Plate1_Drawer4 31-Jul-2025 10-59-36,B1,flgB,VC_2200,"Flagellar basal-body rod protein FlgB; Structural component of flagellum, the bacterial motility apparatus. Part of the rod structure of flagellar basal body.",10,0.1,9.531812,4.254379
Plate1_Drawer4 31-Jul-2025 10-59-36,B2,fliS,VC_2138,Flagellar protein FliS; Similar to GB:U12816 PID:1254205; identified by sequence similarity; putative.,10,0.1,8.948106,3.2070749
Plate1_Drawer4 31-Jul-2025 10-59-36,B3,VC_A1081,VC_A1081,Hypothetical protein; Identified by Glimmer2; putative.,10,0.1,1.6693069,9.148614
Plate1_Drawer4 31-Jul-2025 10-59-36,B4,VC_1909,VC_1909,Hypothetical protein; Identified by Glimmer2; putative.,10,0.1,0.3446004,11.516907
Plate1_Drawer4 31-Jul-2025 10-59-36,B5,VC_0449,VC_0449,Methyl-accepting chemotaxis protein; Similar to GB:X61367 PID:48195; identified by sequence similarity; putative.,10,0.1,-2.89639,8.29839
Plate1_Drawer4 31-Jul-2025 10-59-36,B6,VC_1498,VC_1498,Conserved hypothetical protein; Identified by Glimmer2; putative.,10,0.1,0.8683369,11.133831
Plate1_Drawer4 31-Jul-2025 10-59-36,B7,VC_2756,VC_2756,Potassium uptake protein TrkH; Low-affinity potassium transport system. Interacts with Trk system potassium uptake protein TrkA; Belongs to the TrkH potassium transport family.,10,0.1,1.4596789,11.38587
Plate1_Drawer4 31-Jul-2025 10-59-36,B8,VC_0113,VC_0113,Methyltransferase-related protein; Similar to SP:P37431 PID:295895; identified by sequence similarity; putative.,10,0.1,2.3864012,11.730362
Plate1_Drawer4 31-Jul-2025 10-59-36,B9,VC_1423,VC_1423,Hypothetical protein; Identified by Glimmer2; putative.,10,0.1,-2.2782772,4.2155666
Plate1_Drawer4 31-Jul-2025 10-59-36,C10,epsC,VC_2734,"General secretion pathway protein C; Involved in a type II secretion system (T2SS, formerly general secretion pathway, GSP) for the export of proteins (By similarity). Required for secretion of cholera toxin through the outer membrane.",10,0.1,-4.9587917,5.9433885
Plate1_Drawer4 31-Jul-2025 10-59-36,C11,proQ,VC_1497,"Conserved hypothetical protein; RNA chaperone with significant RNA binding, RNA strand exchange and RNA duplexing activities; Belongs to the ProQ family.",10,0.1,-4.636338,5.0977974
Plate1_Drawer4 31-Jul-2025 10-59-36,C12,VC_2627,VC_2627,DamX-related protein; Similar to SP:P11557 GB:Z19601 PID:41226 PID:43274 PID:606322; identified by sequence similarity; putative.,10,0.1,-2.8933158,3.4783506
Plate1_Drawer4 31-Jul-2025 10-59-36,C1,VC_A0588,VC_A0588,"Peptide ABC transporter, ATP-binding protein, putative; Similar to SP:P33916 PID:405909 GB:U00096 PID:1736845 PID:1788506; identified by sequence similarity; putative; Belongs to the ABC transporter superfamily.",10,0.1,-3.56204,5.1933007
Plate1_Drawer4 31-Jul-2025 10-59-36,C2,gshB,VC_0468,Glutathione synthetase; Similar to SP:P04425 GB:X01666 PID:41625 PID:882476 GB:U00096; identified by sequence similarity; putative.,10,0.1,2.252315,15.4230995
Plate1_Drawer4 31-Jul-2025 10-59-36,C3,potB,VC_1427,"Spermidine/putrescine ABC transporter, permease protein; Similar to GB:M64519 SP:P23860 PID:147327 GB:U00096 PID:1651552; identified by sequence similarity; putative.",10,0.1,4.4155684,11.432487
Plate1_Drawer4 31-Jul-2025 10-59-36,C4,flgE,VC_2197,Flagellar hook protein FlgE; Similar to GB:X51737 SP:P16322 GB:X52093 PID:47673; identified by sequence similarity; putative.,10,0.1,9.318451,1.9342672
Plate1_Drawer4 31-Jul-2025 10-59-36,C5,glyQ,VC_0021,"glycyl-tRNA synthetase, alpha chain; Similar to SP:P00960 GB:J01622 PID:146222 PID:146225 PID:466698; identified by sequence similarity; putative.",10,0.1,-2.4513981,8.690354
Plate1_Drawer4 31-Jul-2025 10-59-36,C6,VC_0462,VC_0462,Twitching motility protein PilT; Similar to SP:P24559 GB:X67095 PID:151490; identified by sequence similarity; putative.,10,0.1,-3.3761773,9.024355
Plate1_Drawer4 31-Jul-2025 10-59-36,C7,flhA,VC_2069,"Flagellar biosynthetic protein FlhA; Required for formation of the rod structure of the flagellar apparatus. Together with FliI and FliH, may constitute the export apparatus of flagellin; Belongs to the FHIPEP (flagella/HR/invasion proteins export pore) family.",10,0.1,8.780837,4.9903173
Plate1_Drawer4 31-Jul-2025 10-59-36,C8,VC_0399,VC_0399,MSHA biogenesis protein MshI; Similar to PID:791156 PID:791153; identified by sequence similarity; putative.,10,0.1,1.2306354,14.491002
Plate1_Drawer4 31-Jul-2025 10-59-36,C9,fliD,VC_2140,"Flagellar hook-associated protein FliD; FILAMENT CAP Required for the morphogenesis and for the elongation of the flagellar filament by facilitating polymerization of the flagellin monomers at the tip of growing filament. Forms a capping structure, which prevents flagellin subunits (transported through the central channel of the flagellum) from leaking out without polymerization at the distal end (By similarity).",10,0.1,-1.3722723,8.67369
Plate1_Drawer4 31-Jul-2025 10-59-36,D10,VC_2270,VC_2270,Riboflavin,10,0.1,1.130572,13.75819
Plate1_Drawer4 31-Jul-2025 10-59-36,D11,VC_2718; VC_2719,VC_2718; VC_2719,,10,0.1,10.466616,12.703206
Plate1_Drawer4 31-Jul-2025 10-59-36,D12,wbeG,VC_0245,rfbG protein; Similar to GB:X59554 PID:48387; identified by sequence similarity; putative.,10,0.1,-1.2738607,12.142961
Plate1_Drawer4 31-Jul-2025 10-59-36,D1,VC_0196,VC_0196,ATP-dependent DNA helicase RecQ; Similar to GB:M87049 SP:P15043 GB:M30198 PID:147559 PID:148221; identified by sequence similarity; putative.,10,0.1,1.2412121,11.075736
Plate1_Drawer4 31-Jul-2025 10-59-36,D2,VC_1933,VC_1933,Hypothetical protein; Identified by Glimmer2; putative.,10,0.1,8.867527,1.1049197
Plate1_Drawer4 31-Jul-2025 10-59-36,D3,VC_A0001,VC_A0001,Hypothetical protein; Identified by Glimmer2; putative.,10,0.1,-1.624906,7.526084
Plate1_Drawer4 31-Jul-2025 10-59-36,D4,fadR,VC_1900,Fatty acid metabolism regulator protein; Multifunctional regulator of fatty acid metabolism.,10,0.1,6.4697285,14.364645
Plate1_Drawer4 31-Jul-2025 10-59-36,D5,pilC,VC_2425,Type IV pilin biogenesis protein PilC; Involved in the translocation of the type IV pilin; Belongs to the GSP F family.,10,0.1,-3.5927012,9.175036
Plate1_Drawer4 31-Jul-2025 10-59-36,D6,pta,VC_1097,Phosphate acetyltransferase; Involved in acetate metabolism; In the N-terminal section; belongs to the CobB/CobQ family.,10,0.1,-5.1116066,3.5865045
Plate1_Drawer4 31-Jul-2025 10-59-36,D7,VC_A0800,VC_A0800,creA protein; Similar to SP:P08367 GB:M13608 PID:147249 PID:147691 PID:537237; identified by sequence similarity; putative.,10,0.1,4.5681605,11.083114
Plate1_Drawer4 31-Jul-2025 10-59-36,D8,wzt,VC_0247,lipopolysaccharide/O-antigen transport protein; Similar to GB:X59554 PID:48389; identified by sequence similarity; putative.,10,0.1,-1.9002466,10.606907
Plate1_Drawer4 31-Jul-2025 10-59-36,D9,wbeM,VC_0250,Iron-containing alcohol dehydrogenase family protein RfbM; Similar to GB:M26941 SP:P13604 PID:144714; identified by sequence similarity; putative.,10,0.1,-1.9373503,10.733234
Plate1_Drawer4 31-Jul-2025 10-59-36,E10,VC_1887,VC_1887,Hypothetical protein; Identified by Glimmer2; putative.,10,0.1,7.4562583,12.510195
Plate1_Drawer4 31-Jul-2025 10-59-36,E11,VC_A0620,VC_A0620,"Thiosulfate sulfurtransferase SseA, putative; Similar to SP:P31142 GB:U00096 PID:1788869 PID:1799924; identified by sequence similarity; putative.",10,0.1,-3.1270676,5.121426
Plate1_Drawer4 31-Jul-2025 10-59-36,E12,trmJ,VC_0746,"RNA methyltransferase, TrmH family; Catalyzes the formation of 2'O-methylated cytidine (Cm32) or 2'O-methylated uridine (Um32) at position 32 in tRNA.",10,0.1,-5.0665474,4.299267
Plate1_Drawer4 31-Jul-2025 10-59-36,E1,VC_A0759,VC_A0759,"Arginine ABC transporter, periplasmic arginine-binding protein; Similar to SP:P30859 GB:X67753 GB:X86160 PID:40931 PID:769791; identified by sequence similarity; putative; Belongs to the bacterial solute-binding protein 3 family.",10,0.1,-0.65326846,10.065938
Plate1_Drawer4 31-Jul-2025 10-59-36,E2,VC_A0785,VC_A0785,GGDEF family protein; Similar to PID:1651932; identified by sequence similarity; putative.,10,0.1,3.1197145,10.305682
Plate1_Drawer4 31-Jul-2025 10-59-36,E3,fliE,VC_2134,Flagellar hook-basal body complex protein FliE; Similar to PID:2338730; identified by sequence similarity; putative.,10,0.1,8.851571,3.1951408
Plate1_Drawer4 31-Jul-2025 10-59-36,E4,VC_1581,VC_1581,"NADH dehydrogenase, putative; Similar to SP:P33607 PID:397909 GB:U00096 PID:1788614 PID:1799638; identified by sequence similarity; putative.",10,0.1,-2.2878425,5.857287
Plate1_Drawer4 31-Jul-2025 10-59-36,E5,fliP,VC_2123,Flagellar biosynthetic protein FliP; Plays a role in the flagellum-specific transport system. Belongs to the FliP/MopC/SpaP family.,10,0.1,8.980739,3.092913
Plate1_Drawer4 31-Jul-2025 10-59-36,E6,lpxM,VC_0212,Lipid A biosynthesis (kdo)2-(lauroyl)-lipid IVA acyltransferase; Catalyzes the transfer of myristate from myristoyl-acyl carrier protein (ACP) to Kdo(2)-(lauroyl)-lipid IV(A) to form Kdo(2)- lipid A.,10,0.1,3.8723168,9.156778
Plate1_Drawer4 31-Jul-2025 10-59-36,E7,VC_2714,VC_2714,Transcriptional regulator OmpR; Similar to PID:2108342; identified by sequence similarity; putative.,10,0.1,-4.6995487,1.9592685
Plate1_Drawer4 31-Jul-2025 10-59-36,E9,VC_1154,VC_1154,Hypothetical protein; Identified by Glimmer2; putative.,10,0.1,-3.9800293,6.643
Plate1_Drawer4 31-Jul-2025 10-59-36,F10,cdgJ,VC_0137,Conserved hypothetical protein; Phosphodiesterase (PDE) that catalyzes the hydrolysis of cyclic diguanylate (c-di-GMP). Positively regulates motility and negatively regulates biofilm formation.,10,0.1,0.53465503,11.925724
Plate1_Drawer4 31-Jul-2025 10-59-36,F11,recO,VC_2459,DNA repair protein RecO; Involved in DNA repair and RecF pathway recombination.,10,0.1,1.838965,9.780337
Plate1_Drawer4 31-Jul-2025 10-59-36,F12,VC_A0999,VC_A0999,"Transcriptional regulator, TetR family; Similar to GB:U00096 PID:1787354; identified by sequence similarity; putative.",10,0.1,-0.6649047,10.033608
Plate1_Drawer4 31-Jul-2025 10-59-36,F2,VC_2224,VC_2224,GGDEF family protein; Similar to GB:U00096 PID:1787603; identified by sequence similarity; putative.,10,0.1,-4.8507,3.3702133
Plate1_Drawer4 31-Jul-2025 10-59-36,F3,VC_A1099,VC_A1099,"ABC transporter, permease protein; Similar to SP:P33591 GB:X73143 PID:404846 PID:466613 GB:U00096; identified by sequence similarity; putative.",10,0.1,-5.2989306,3.6192436
Plate1_Drawer4 31-Jul-2025 10-59-36,F4,VC_1320,VC_1320,DNA-binding response regulator; Similar to PID:1079807 SP:P52108 GB:U00096 PID:1742647 PID:1742658; identified by sequence similarity; putative.,10,0.1,-4.8237567,1.7289113
Plate1_Drawer4 31-Jul-2025 10-59-36,F5,VC_1319,VC_1319,Sensor histidine kinase; Similar to GB:M36795 SP:P08336 GB:X13307 PID:145590 PID:305015; identified by sequence similarity; putative.,10,0.1,-4.9914484,4.486827
Plate1_Drawer4 31-Jul-2025 10-59-36,F6,VC_A0536,VC_A0536,Conserved hypothetical protein; Identified by Glimmer2; putative.,10,0.1,-3.123378,5.1378965
Plate1_Drawer4 31-Jul-2025 10-59-36,F7,VC_1414,VC_1414,"Thermostable carboxypeptidase 1; Broad specificity carboxypetidase that releases amino acids sequentially from the C-terminus, including neutral, aromatic, polar and basic residues.",10,0.1,-5.03158,4.55587
Plate1_Drawer4 31-Jul-2025 10-59-36,F8,VC_A0527,VC_A0527,Conserved hypothetical protein; Identified by Glimmer2; putative.,10,0.1,-5.181699,4.011312
Plate1_Drawer4 31-Jul-2025 10-59-36,F9,argH,VC_2641,Argininosuccinate lyase; Similar to SP:P11447 GB:J01590 GB:M21446 PID:145335 PID:396307; identified by sequence similarity; putative.,10,0.1,-4.849357,1.69929
Plate1_Drawer4 31-Jul-2025 10-59-36,G10,rluE,VC_1140,Pseudouridine synthase family 1 protein; Responsible for synthesis of pseudouridine from uracil-2457 in 23S ribosomal RNA; Belongs to the pseudouridine synthase RsuA family.,10,0.1,-0.2616922,10.189452
Plate1_Drawer4 31-Jul-2025 10-59-36,G11,VC_2524,VC_2524,Conserved hypothetical protein; Catalyzes the hydrolysis of 3-deoxy-D-manno-octulosonate 8- phosphate (KDO 8-P) to 3-deoxy-D-manno-octulosonate (KDO) and inorganic phosphate; Belongs to the KdsC family.,10,0.1,-4.283179,4.2651687
Plate1_Drawer4 31-Jul-2025 10-59-36,G12,VC_0900,VC_0900,GGDEF family protein; Similar to PID:1652841; identified by sequence similarity; putative.,10,0.1,7.931467,11.100268
Plate1_Drawer4 31-Jul-2025 10-59-36,G2,VC_A0171,VC_A0171,Conserved hypothetical protein; Identified by Glimmer2; putative.,10,0.1,3.334902,10.346823
Plate1_Drawer4 31-Jul-2025 10-59-36,G3,fliJ,VC_2129,"Flagellar protein FliJ, putative; Similar to PID:1071644 SP:P52613 GB:U00096 PID:1736608 PID:1788252; identified by sequence similarity; putative.",10,0.1,0.12029543,7.5877147
Plate1_Drawer4 31-Jul-2025 10-59-36,G4,VC_0161,VC_0161,Transcriptional activator IlvY; Similar to GB:L42023 SP:P44821 PID:1005575 PID:1220765 PID:1204932; identified by sequence similarity; putative; Belongs to the LysR transcriptional regulatory family.,10,0.1,1.6442451,11.068678
Plate1_Drawer4 31-Jul-2025 10-59-36,G5,VC_0405,VC_0405,MSHA biogenesis protein MshE; Similar to PID:791156 PID:791159; identified by sequence similarity; putative.,10,0.1,-2.460415,5.713234
Plate1_Drawer4 31-Jul-2025 10-59-36,G6,VC_1295,VC_1295,Conserved hypothetical protein; Phosphodiesterase (PDE) that catalyzes the hydrolysis of cyclic diguanylate (c-di-GMP) to GMP in vitro. Increases motility and decreases biofilm formation in vivo.,10,0.1,-4.852778,1.81219
Plate1_Drawer4 31-Jul-2025 10-59-36,G7,flgD,VC_2198,Basal-body rod modification protein FlgD; Required for flagellar hook formation. May act as a scaffolding protein.,10,0.1,13.613333,-0.22283188
Plate1_Drawer4 31-Jul-2025 10-59-36,G8,manC,VC_0241,Mannose-1-phosphate guanylyltransferase; Similar to GB:X59554 SP:Q07024 PID:48383; identified by sequence similarity; putative.,10,0.1,5.9721403,21.205173
Plate1_Drawer4 31-Jul-2025 10-59-36,H10,trpR,VC_0701,"Trp operon repressor, putative; This protein is an aporepressor. When complexed with L- tryptophan it binds the operator region of the trp operon and prevents the initiation of transcription (By similarity).",10,0.1,1.4231157,10.817352
Plate1_Drawer4 31-Jul-2025 10-59-36,H11,greA,VC_0634,"Transcription elongation factor GreA; Necessary for efficient RNA polymerase transcription elongation past template-encoded arresting sites. The arresting sites in DNA have the property of trapping a certain fraction of elongating RNA polymerases that pass through, resulting in locked ternary complexes. Cleavage of the nascent transcript by cleavage factors such as GreA or GreB allows the resumption of elongation from the new 3'terminus. GreA releases sequences of 2 to 3 nucleotides.",10,0.1,0.53680515,9.518907
Plate1_Drawer4 31-Jul-2025 10-59-36,H12,VC_0419,VC_0419,Cytoplasmic axial filament protein; Similar to SP:P25537 PID:48826 PID:606187 GB:U00096 PID:1789645; identified by sequence similarity; putative.,10,0.1,-1.6930133,7.363309
Plate1_Drawer4 31-Jul-2025 10-59-36,H1,flhG,VC_2067,MinD-related protein; Similar to GP:3695013; identified by sequence similarity; putative. MULTIPLE FILAMENTS,10,0.1,1.2089276,11.9969015
Plate1_Drawer4 31-Jul-2025 10-59-36,H2,VC_A0940,VC_A0940,"Transcriptional regulator, DeoR family; Similar to SP:P09392 GB:M96795 PID:146186 PID:606358 GB:U00096; identified by sequence similarity; putative.",10,0.1,1.091172,8.143891
Plate1_Drawer4 31-Jul-2025 10-59-36,H3,ectA,VC_A0825,"L-2,4-diaminobutyric acid acetyltransferase; Catalyzes the acetylation of L-2,4-diaminobutyrate (DABA) to gamma-N-acetyl-alpha,gamma-diaminobutyric acid (ADABA) with acetyl coenzyme A.",10,0.1,-1.0128243,9.951986
Plate1_Drawer4 31-Jul-2025 10-59-36,H4,VC_A0840,VC_A0840,"Deoxycytidylate deaminase, putative; Similar to SP:P33968 GB:X70289 PID:396216; identified by sequence similarity; putative.",10,0.1,-1.0024889,5.4367676
Plate1_Drawer4 31-Jul-2025 10-59-36,H6,VC_2522,VC_2522,Conserved hypothetical protein; Identified by Glimmer2; putative.,10,0.1,-2.553843,5.974748
Plate1_Drawer4 31-Jul-2025 10-59-36,H7,glmS,VC_0487,"Glucosamine--fructose-6-phosphate aminotransferase (isomerizing); Catalyzes the first step in hexosamine metabolism, converting fructose-6P into glucosamine-6P using glutamine as a nitrogen source.",10,0.1,-5.0323143,4.513969
Plate1_Drawer4 31-Jul-2025 10-59-36,H8,manA,VC_0269,Mannose-6-phosphate isomerase; Similar to SP:P25081 GB:X57117 PID:48820; identified by sequence similarity; putative; Belongs to the mannose-6-phosphate isomerase type 1 family.,10,0.1,5.931548,21.579199
Plate1_Drawer4 31-Jul-2025 10-59-36,H9,nusB,VC_2267,N utilization substance protein B; Involved in transcription antitermination. Required for transcription of ribosomal RNA (rRNA) genes. Binds specifically to the boxA antiterminator sequence of the ribosomal RNA (rrn) operons.,10,0.1,-2.5779803,5.6238503
Plate2_Drawer3 02-Oct-2025 11-50-13,A10,VC_2523,VC_2523,Conserved hypothetical protein; Identified by Glimmer2; putative.,10,0.1,-4.0252495,4.058476
Plate2_Drawer3 02-Oct-2025 11-50-13,A11,fliR,VC_2121,Flagellar biosynthetic protein FliR; Role in flagellar biosynthesis. Belongs to the FliR/MopE/SpaR family.,10,0.1,9.516514,6.4480624
Plate2_Drawer3 02-Oct-2025 11-50-13,A12,argR,VC_0431,Arginine repressor; Regulates arginine biosynthesis genes.,10,0.1,0.030742282,8.845858
Plate2_Drawer3 02-Oct-2025 11-50-13,A1,flgK,VC_2191,Flagellar hook-associated protein FlgM; Similar to PID:2443633; identified by sequence similarity; putative. HOOK FILSMENT JUNCTION,10,0.1,2.7912855,9.790618
Plate2_Drawer3 02-Oct-2025 11-50-13,A2,flrB,VC_2136,Sensory box sensor histidine kinase; Similar to PID:2338728; identified by sequence similarity; putative.,10,0.1,4.785566,14.138202
Plate2_Drawer3 02-Oct-2025 11-50-13,A3,rjg,VC_0264,Conserved hypothetical protein; Identified by Glimmer2; putative.,10,0.1,-4.991498,6.2301044
Plate2_Drawer3 02-Oct-2025 11-50-13,A4,fliA,VC_2066,RNA polymerase sigma factor for flagellar operon FliA; Sigma factors are initiation factors that promote the attachment of RNA polymerase to specific initiation sites and are then released. This sigma factor controls the expression of flagella-related genes; Belongs to the sigma-70 factor family. FliA subfamily.,10,0.1,10.060034,3.1367917
Plate2_Drawer3 02-Oct-2025 11-50-13,A5,flgM,VC_2204,"Negative regulator of flagellin synthesis FlgM, putative; Similar to GB:L14437 SP:P39809 PID:451869 PID:1762336 GB:AL009126; identified by sequence similarity; putative.",10,0.1,-2.6109006,5.942694
Plate2_Drawer3 02-Oct-2025 11-50-13,A6,flrA,VC_2137,Sigma-54 dependent transcriptional activator; Similar to PID:2338727; identified by sequence similarity; putative.,10,0.1,9.903929,3.458214
Plate2_Drawer3 02-Oct-2025 11-50-13,A7,VC_1291,VC_1291,Conserved hypothetical protein; Identified by Glimmer2; putative.,10,0.1,-0.041302867,9.131528
Plate2_Drawer3 02-Oct-2025 11-50-13,A8,thiI,VC_0894,"Thiamin biosynthesis protein ThiI; Catalyzes the ATP-dependent transfer of a sulfur to tRNA to produce 4-thiouridine in position 8 of tRNAs, which functions as a near-UV photosensor. Also catalyzes the transfer of sulfur to the sulfur carrier protein ThiS, forming ThiS-thiocarboxylate. This is a step in the synthesis of thiazole, in the thiamine biosynthesis pathway. The sulfur is donated as persulfide by IscS.",10,0.1,1.0495988,13.904882
Plate2_Drawer3 02-Oct-2025 11-50-13,A9,flhB,VC_2120,"Flagellar biosynthetic protein FlhB; Required for formation of the rod structure in the basal body of the flagellar apparatus. Together with FliI and FliH, may constitute the export apparatus of flagellin; Belongs to the type III secretion exporter family.",10,0.1,9.311283,6.2112646
Plate2_Drawer3 02-Oct-2025 11-50-13,B10,wbeN,VC_0251,Acyl protein synthase/acyl-CoA reductase RfbN; Similar to GB:X59554 PID:48393; identified by sequence similarity; putative.,10,0.1,-2.7415147,9.57648
Plate2_Drawer3 02-Oct-2025 11-50-13,B11,wbeL,VC_0249,rfbL protein; Similar to GB:X59554 PID:48391; identified by sequence similarity; putative.,10,0.1,3.8083508,12.7415
Plate2_Drawer3 02-Oct-2025 11-50-13,B12,pstB1,VC_0726,"Phosphate ABC transporter, ATP-binding protein; Part of the ABC transporter complex PstSACB involved in phosphate import. Responsible for energy coupling to the transport system; Belongs to the ABC transporter superfamily. Phosphate importer (TC 3.A.1.7) family.",10,0.1,-3.1704953,5.5408483
Plate2_Drawer3 02-Oct-2025 11-50-13,B1,aroE,VC_0056,"Shikimate 5-dehydrogenase; Involved in the biosynthesis of the chorismate, which leads to the biosynthesis of aromatic amino acids. Catalyzes the reversible NADPH linked reduction of 3-dehydroshikimate (DHSA) to yield shikimate (SA).",10,0.1,-4.768324,5.1775827
Plate2_Drawer3 02-Oct-2025 11-50-13,B4,VC_A0146,VC_A0146,Conserved hypothetical protein; Identified by Glimmer2; putative.,10,0.1,0.029119946,10.046443
Plate2_Drawer3 02-Oct-2025 11-50-13,B5,VC_0289,VC_0289,Gluconate utilization system gnt-I transcriptional repressor; Similar to PID:1304069; identified by sequence similarity; putative.,10,0.1,-4.9885454,6.56175
Plate2_Drawer3 02-Oct-2025 11-50-13,B6,VC_A0005,VC_A0005,Hypothetical protein; Identified by Glimmer2; putative.,10,0.1,-6.491259,4.638302
Plate2_Drawer3 02-Oct-2025 11-50-13,B8,mltF,VC_0866,"Transglycosylase, Slt family; Murein-degrading enzyme that degrades murein glycan strands and insoluble, high-molecular weight murein sacculi, with the concomitant formation of a 1,6-anhydromuramoyl product. Lytic transglycosylases (LTs) play an integral role in the metabolism of the peptidoglycan (PG) sacculus. Their lytic action creates space within the PG sacculus to allow for its expansion as well as for the insertion of various structures such as secretion systems and flagella. In the N-terminal section; belongs to the bacterial solute- binding protein 3 family.",10,0.1,10.65302,-4.9805884
Plate2_Drawer3 02-Oct-2025 11-50-13,B9,VC_A0726,VC_A0726,"Molybdenum ABC transporter, periplasmic molybdenum-binding protein; Similar to GB:L34009 SP:P37329 PID:504498 PID:973214 PID:1147817; identified by sequence similarity; putative.",10,0.1,-0.7334551,7.3653436
Plate2_Drawer3 02-Oct-2025 11-50-13,C10,flgF,VC_2196,Flagellar basal-body rod protein FlgF; Similar to GB:U00096 SP:P75938 PID:1787317; identified by sequence similarity; putative; Belongs to the flagella basal body rod proteins family.,10,0.1,9.650362,5.6329436
Plate2_Drawer3 02-Oct-2025 11-50-13,C11,VC_2441,VC_2441,Conserved hypothetical protein; Identified by Glimmer2; putative.,10,0.1,1.5509025,11.737275
Plate2_Drawer3 02-Oct-2025 11-50-13,C12,VC_1710,VC_1710,Conserved hypothetical protein; Identified by Glimmer2; putative.,10,0.1,-5.0375,4.024157
Plate2_Drawer3 02-Oct-2025 11-50-13,C1,VC_1885,VC_1885,Hypothetical protein; Identified by Glimmer2; putative.,10,0.1,0.5612947,2.8090494
Plate2_Drawer3 02-Oct-2025 11-50-13,C2,aroQ,VC_0297,3-dehydroquinate dehydratase; Catalyzes a trans-dehydration via an enolate intermediate. Belongs to the type-II 3-dehydroquinase family.,10,0.1,-4.716236,3.6748633
Plate2_Drawer3 02-Oct-2025 11-50-13,C3,VC_1359,VC_1359,"Amino acid ABC transporter, ATP-binding protein; Similar to PID:1154897; identified by sequence similarity; putative.",10,0.1,-2.2724104,14.306312
Plate2_Drawer3 02-Oct-2025 11-50-13,C4,VC_A0328,VC_A0328,"Biphenyl-2,3-diol 1,2-dioxygenase III-related protein; Similar to GB:X75635 SP:P47233 PID:473121; identified by sequence similarity; putative.",10,0.1,-2.4918866,7.251411
Plate2_Drawer3 02-Oct-2025 11-50-13,C5,VC_1350,VC_1350,"Antioxidant, putative; Thiol-specific peroxidase that catalyzes the reduction of hydrogen peroxide and organic hydroperoxides to water and alcohols, respectively. Plays a role in cell protection against oxidative stress by detoxifying peroxides; Belongs to the peroxiredoxin family. Prx5 subfamily.",10,0.1,0.32619128,11.718237
Plate2_Drawer3 02-Oct-2025 11-50-13,C6,manB,VC_0242,Phosphomannomutase; Involved in GDP-mannose biosynthesis which serves as the activated sugar nucleotide precursor for mannose residues in cell surface polysaccharides; Belongs to the phosphohexose mutase family.,10,0.1,-0.07786562,11.732899
Plate2_Drawer3 02-Oct-2025 11-50-13,C7,mrcA,VC_2635,Penicillin-binding protein 1A; Cell wall formation. Synthesis of cross-linked peptidoglycan from the lipid intermediates. The enzyme has a penicillin-insensitive transglycosylase N-terminal domain (formation of linear glycan strands) and a penicillin-sensitive transpeptidase C-terminal domain (cross- linking of the peptide subunits).,10,0.1,5.4676604,13.976278
Plate2_Drawer3 02-Oct-2025 11-50-13,C8,VC_A0079,VC_A0079,Conserved hypothetical protein; Identified by Glimmer2; putative.,10,0.1,1.7734656,11.79994
Plate2_Drawer3 02-Oct-2025 11-50-13,C9,potA,VC_1428,"Spermidine/putrescine ABC transporter, ATP-binding protein; Part of the ABC transporter complex PotABCD involved in spermidine/putrescine import. Responsible for energy coupling to the transport system; Belongs to the ABC transporter superfamily. Spermidine/putrescine importer (TC 3.A.1.11.1) family.",10,0.1,4.367667,11.327035
Plate2_Drawer3 02-Oct-2025 11-50-13,D10,bioD,VC_1115,"Dethiobiotin synthetase; Catalyzes a mechanistically unusual reaction, the ATP- dependent insertion of CO2 between the N7 and N8 nitrogen atoms of 7,8- diaminopelargonic acid (DAPA) to form an ureido ring.",10,0.1,5.329538,14.3671255
Plate2_Drawer3 02-Oct-2025 11-50-13,D11,flaA,VC_2188,Flagellin core protein A; Flagellin is the subunit protein which polymerizes to form the filaments of bacterial flagella. FlaA is required to form a core or scaffold into which the other flagellins are inserted to provide structural integrity. Essential for flagellar synthesis and motility; important for full virulence.,10,0.1,5.919376,15.116504
Plate2_Drawer3 02-Oct-2025 11-50-13,D12,wavL,VC_0239,Conserved hypothetical protein; Identified by Glimmer2; putative.,10,0.1,7.004541,15.699972
Plate2_Drawer3 02-Oct-2025 11-50-13,D1,VC_A0340,VC_A0340,Hypothetical protein; Identified by Glimmer2; putative.,10,0.1,-2.8078847,9.49176
Plate2_Drawer3 02-Oct-2025 11-50-13,D2,VC_0745,VC_0745,Inositol monophosphate family protein; Similar to GB:M34828 SP:P22783 PID:147899 GB:U00096 PID:1788882; identified by sequence similarity; putative; Belongs to the inositol monophosphatase superfamily.,10,0.1,2.719077,15.618929
Plate2_Drawer3 02-Oct-2025 11-50-13,D3,VC_2485,VC_2485,"Transcriptional regulator, LysR family; Similar to GB:D10483 SP:P10151 GB:M21150 PID:1128961 PID:146605; identified by sequence similarity; putative; Belongs to the LysR transcriptional regulatory family.",10,0.1,1.345092,10.439893
Plate2_Drawer3 02-Oct-2025 11-50-13,D4,rimO,VC_2620,Conserved hypothetical protein; Catalyzes the methylthiolation of an aspartic acid residue of ribosomal protein S12; Belongs to the methylthiotransferase family. RimO subfamily.,10,0.1,-4.8741393,4.1796427
Plate2_Drawer3 02-Oct-2025 11-50-13,D5,bioA,VC_1111,"Adenosylmethionine-8-amino-7-oxononanoate aminotransferase; Catalyzes the transfer of the alpha-amino group from S- adenosyl-L-methionine (SAM) to 7-keto-8-aminopelargonic acid (KAPA) to form 7,8-diaminopelargonic acid (DAPA). It is the only animotransferase known to utilize SAM as an amino donor; Belongs to the class-III pyridoxal-phosphate-dependent aminotransferase family. BioA subfamily.",10,0.1,5.336544,14.315053
Plate2_Drawer3 02-Oct-2025 11-50-13,D6,wbeT,VC_0259,Lipopolysaccharide biosynthesis protein RfbV; Similar to GB:X59554 PID:48400 PID:1929424; identified by sequence similarity; putative.,10,0.1,13.37331,12.798929
Plate2_Drawer3 02-Oct-2025 11-50-13,D7,VC_0929,VC_0929,Hypothetical protein; Identified by Glimmer2; putative.,10,0.1,1.5673857,10.279593
Plate2_Drawer3 02-Oct-2025 11-50-13,D8,flgT,VC_2208,Hypothetical protein; Identified by Glimmer2; putative.,10,0.1,9.6613455,5.496255
Plate2_Drawer3 02-Oct-2025 11-50-13,D9,glyA1,VC_0941,"Serine hydroxymethyltransferase; Catalyzes the reversible interconversion of serine and glycine with tetrahydrofolate (THF) serving as the one-carbon carrier. This reaction serves as the major source of one-carbon groups required for the biosynthesis of purines, thymidylate, methionine, and other important biomolecules. Also exhibits THF-independent aldolase activity toward beta-hydroxyamino acids, producing glycine and aldehydes, via a retro-aldol mechanism.",10,0.1,3.29585,17.175802
Plate2_Drawer3 02-Oct-2025 11-50-13,E10,flgA,VC_2203,"Flagellar protein, putative; Similar to PID:1272364; identified by sequence similarity; putative.",10,0.1,2.731363,8.851335
Plate2_Drawer3 02-Oct-2025 11-50-13,E11,VC_A0187,VC_A0187,Hypothetical protein; Identified by Glimmer2; putative.,10,0.1,-1.2764914,10.221189
Plate2_Drawer3 02-Oct-2025 11-50-13,E12,VC_1652,VC_1652,Response regulator VieA; Similar to GP:3123891; identified by sequence similarity; putative.,10,0.1,-3.9382157,6.637131
Plate2_Drawer3 02-Oct-2025 11-50-13,E1,VC_1003,VC_1003,Bacteriocin production protein; Similar to GB:J01666 SP:P08550 PID:146367 PID:147415 GB:U00096; identified by sequence similarity; putative.,10,0.1,3.3143694,17.769981
Plate2_Drawer3 02-Oct-2025 11-50-13,E2,fliL,VC_2130,Flagellum-specific ATP synthase FliI; Similar to PID:1071643 SP:P52612 GB:U00096 PID:1736607 PID:1788251; identified by sequence similarity; putative.,10,0.1,9.294359,4.6771097
Plate2_Drawer3 02-Oct-2025 11-50-13,E3,pdhE2,VC_2413,"Pyruvate dehydrogenase, E2 component, dihydrolipoamide acetyltransferase; The pyruvate dehydrogenase complex catalyzes the overall conversion of pyruvate to acetyl-CoA and CO(2).",10,0.1,5.3869348,16.145174
Plate2_Drawer3 02-Oct-2025 11-50-13,E4,VC_0134,VC_0134,Conserved hypothetical protein; Identified by Glimmer2; putative.,10,0.1,-2.9405398,8.767644
Plate2_Drawer3 02-Oct-2025 11-50-13,E5,grx,VC_1146,Glutaredoxin 1; Has a glutathione-disulfide oxidoreductase activity in the presence of NADPH and glutathione reductase. Reduces low molecular weight disulfides and proteins (By similarity).,10,0.1,-5.5352445,4.2770815
Plate2_Drawer3 02-Oct-2025 11-50-13,E6,cheW,VC_2059,Purine-binding chemotaxis protein CheW; Similar to GB:M13462 SP:P07365 PID:145520 GB:U00096 PID:1736540; identified by sequence similarity; putative.,10,0.1,-0.7184372,8.09934
Plate2_Drawer3 02-Oct-2025 11-50-13,E7,nfuA,VC_2720,"Conserved hypothetical protein; Involved in iron-sulfur cluster biogenesis. Binds a 4Fe-4S cluster, can transfer this cluster to apoproteins, and thereby intervenes in the maturation of Fe/S proteins. Could also act as a scaffold/chaperone for damaged Fe/S proteins.",10,0.1,2.3785539,15.503627
Plate2_Drawer3 02-Oct-2025 11-50-13,E8,groS2,VC_A0819,"Chaperonin, 10 Kd subunit; Binds to Cpn60 in the presence of Mg-ATP and suppresses the ATPase activity of the latter.",10,0.1,-5.341468,6.660059
Plate2_Drawer3 02-Oct-2025 11-50-13,E9,potD1,VC_1424,"Spermidine/putrescine ABC transporter, periplasmic spermidine/putrescine-binding protein; Required for the activity of the bacterial periplasmic transport system of putrescine; Belongs to the bacterial solute-binding protein PotD/PotF family.",10,0.1,3.6148987,11.125084
Plate2_Drawer3 02-Oct-2025 11-50-13,F10,WT,WT,,10,0.1,-5.0244226,5.686525
Plate2_Drawer3 02-Oct-2025 11-50-13,F1,bioF,VC_1113,"8-amino-7-oxononanoate synthase; Catalyzes the decarboxylative condensation of pimeloyl-[acyl- carrier protein] and L-alanine to produce 8-amino-7-oxononanoate (AON), [acyl-carrier protein], and carbon dioxide.",10,0.1,5.763221,14.967909
Plate2_Drawer3 02-Oct-2025 11-50-13,F2,flgO,VC_2207,Hypothetical protein; Identified by Glimmer2; putative.,10,0.1,5.889685,9.494295
Plate2_Drawer3 02-Oct-2025 11-50-13,F3,hslO,VC_2736,Conserved hypothetical protein; Redox regulated molecular chaperone. Protects both thermally unfolding and oxidatively damaged proteins from irreversible aggregation. Plays an important role in the bacterial defense system toward oxidative stress.,10,0.1,-1.6642456,7.486493
Plate2_Drawer3 02-Oct-2025 11-50-13,F4,bioC,VC_1114,Biotin synthesis protein BioC; Converts the free carboxyl group of a malonyl-thioester to its methyl ester by transfer of a methyl group from S-adenosyl-L- methionine (SAM). It allows to synthesize pimeloyl-ACP via the fatty acid synthetic pathway.,10,0.1,5.310504,14.348133
Plate2_Drawer3 02-Oct-2025 11-50-13,F5,dnaN,VC_0013,"DNA polymerase III, beta chain; Confers DNA tethering and processivity to DNA polymerases and other proteins. Acts as a clamp, forming a ring around DNA (a reaction catalyzed by the clamp-loading complex) which diffuses in an ATP- independent manner freely and bidirectionally along dsDNA. Initially characterized for its ability to contact the catalytic subunit of DNA polymerase III (Pol III), a complex, multichain enzyme responsible for most of the replicative synthesis in bacteria; Pol III exhibits 3'-5' exonuclease proofreading activity. The beta chain is required for initiation of r [...] ",10,0.1,0.18229833,10.853511
Plate2_Drawer3 02-Oct-2025 11-50-13,F6,mutH,VC_0668,DNA mismatch repair protein MutH; Sequence-specific endonuclease that cleaves unmethylated GATC sequences. It is involved in DNA mismatch repair; Belongs to the MutH family.,10,0.1,-2.5612442,8.783834
Plate2_Drawer3 02-Oct-2025 11-50-13,F7,pabC,VC_2018,"4-amino-4-deoxychorismate lyase; Involved in the biosynthesis of p-aminobenzoate (PABA), a precursor of tetrahydrofolate. Converts 4-amino-4-deoxychorismate into 4-aminobenzoate (PABA) and pyruvate (By similarity).",10,0.1,1.2321541,12.01161
Plate2_Drawer3 02-Oct-2025 11-50-13,F8,lexA,VC_0092,"LexA repressor; Represses a number of genes involved in the response to DNA damage (SOS response), including recA and lexA. In the presence of single-stranded DNA, RecA interacts with LexA causing an autocatalytic cleavage which disrupts the DNA-binding part of LexA, leading to derepression of the SOS regulon and eventually DNA repair.",10,0.1,1.1628157,13.966416
Plate2_Drawer3 02-Oct-2025 11-50-13,F9,VC_2271,VC_2271,"Riboflavin-specific deaminase; Converts 2,5-diamino-6-(ribosylamino)-4(3h)-pyrimidinone 5'- phosphate into 5-amino-6-(ribosylamino)-2,4(1h,3h)-pyrimidinedione 5'- phosphate; In the C-terminal section; belongs to the HTP reductase family.",10,0.1,-0.7042815,9.767707
Plate2_Drawer5 02-Oct-2025 12-04-35,A10,VC_2523,VC_2523,Conserved hypothetical protein; Identified by Glimmer2; putative.,10,0.1,-6.368174,4.8113894
Plate2_Drawer5 02-Oct-2025 12-04-35,A11,fliR,VC_2121,Flagellar biosynthetic protein FliR; Role in flagellar biosynthesis. Belongs to the FliR/MopE/SpaR family.,10,0.1,9.566844,6.3814707
Plate2_Drawer5 02-Oct-2025 12-04-35,A12,argR,VC_0431,Arginine repressor; Regulates arginine biosynthesis genes.,10,0.1,0.53888667,10.247182
Plate2_Drawer5 02-Oct-2025 12-04-35,A1,flgK,VC_2191,Flagellar hook-associated protein FlgM; Similar to PID:2443633; identified by sequence similarity; putative. HOOK FILSMENT JUNCTION,10,0.1,0.7584636,10.342506
Plate2_Drawer5 02-Oct-2025 12-04-35,A2,flrB,VC_2136,Sensory box sensor histidine kinase; Similar to PID:2338728; identified by sequence similarity; putative.,10,0.1,4.779732,14.120775
Plate2_Drawer5 02-Oct-2025 12-04-35,A3,rjg,VC_0264,Conserved hypothetical protein; Identified by Glimmer2; putative.,10,0.1,-5.0282583,6.023475
Plate2_Drawer5 02-Oct-2025 12-04-35,A4,fliA,VC_2066,RNA polymerase sigma factor for flagellar operon FliA; Sigma factors are initiation factors that promote the attachment of RNA polymerase to specific initiation sites and are then released. This sigma factor controls the expression of flagella-related genes; Belongs to the sigma-70 factor family. FliA subfamily.,10,0.1,10.1178875,3.1952171
Plate2_Drawer5 02-Oct-2025 12-04-35,A5,flgM,VC_2204,"Negative regulator of flagellin synthesis FlgM, putative; Similar to GB:L14437 SP:P39809 PID:451869 PID:1762336 GB:AL009126; identified by sequence similarity; putative.",10,0.1,-2.3294988,7.346707
Plate2_Drawer5 02-Oct-2025 12-04-35,A6,flrA,VC_2137,Sigma-54 dependent transcriptional activator; Similar to PID:2338727; identified by sequence similarity; putative.,10,0.1,10.086191,3.2016416
Plate2_Drawer5 02-Oct-2025 12-04-35,A7,VC_1291,VC_1291,Conserved hypothetical protein; Identified by Glimmer2; putative.,10,0.1,-0.25738186,9.040362
Plate2_Drawer5 02-Oct-2025 12-04-35,A8,thiI,VC_0894,"Thiamin biosynthesis protein ThiI; Catalyzes the ATP-dependent transfer of a sulfur to tRNA to produce 4-thiouridine in position 8 of tRNAs, which functions as a near-UV photosensor. Also catalyzes the transfer of sulfur to the sulfur carrier protein ThiS, forming ThiS-thiocarboxylate. This is a step in the synthesis of thiazole, in the thiamine biosynthesis pathway. The sulfur is donated as persulfide by IscS.",10,0.1,1.033435,13.915002
Plate2_Drawer5 02-Oct-2025 12-04-35,A9,flhB,VC_2120,"Flagellar biosynthetic protein FlhB; Required for formation of the rod structure in the basal body of the flagellar apparatus. Together with FliI and FliH, may constitute the export apparatus of flagellin; Belongs to the type III secretion exporter family.",10,0.1,9.584008,6.254915
Plate2_Drawer5 02-Oct-2025 12-04-35,B10,wbeN,VC_0251,Acyl protein synthase/acyl-CoA reductase RfbN; Similar to GB:X59554 PID:48393; identified by sequence similarity; putative.,10,0.1,-3.3668072,8.353886
Plate2_Drawer5 02-Oct-2025 12-04-35,B11,wbeL,VC_0249,rfbL protein; Similar to GB:X59554 PID:48391; identified by sequence similarity; putative.,10,0.1,3.8670561,12.847151
Plate2_Drawer5 02-Oct-2025 12-04-35,B12,pstB1,VC_0726,"Phosphate ABC transporter, ATP-binding protein; Part of the ABC transporter complex PstSACB involved in phosphate import. Responsible for energy coupling to the transport system; Belongs to the ABC transporter superfamily. Phosphate importer (TC 3.A.1.7) family.",10,0.1,-2.998287,7.987693
Plate2_Drawer5 02-Oct-2025 12-04-35,B1,aroE,VC_0056,"Shikimate 5-dehydrogenase; Involved in the biosynthesis of the chorismate, which leads to the biosynthesis of aromatic amino acids. Catalyzes the reversible NADPH linked reduction of 3-dehydroshikimate (DHSA) to yield shikimate (SA).",10,0.1,-5.257032,6.5398564
Plate2_Drawer5 02-Oct-2025 12-04-35,B4,VC_A0146,VC_A0146,Conserved hypothetical protein; Identified by Glimmer2; putative.,10,0.1,1.3528652,10.888199
Plate2_Drawer5 02-Oct-2025 12-04-35,B5,VC_0289,VC_0289,Gluconate utilization system gnt-I transcriptional repressor; Similar to PID:1304069; identified by sequence similarity; putative.,10,0.1,-5.13351,6.5701523
Plate2_Drawer5 02-Oct-2025 12-04-35,B6,VC_A0005,VC_A0005,Hypothetical protein; Identified by Glimmer2; putative.,10,0.1,-6.702368,4.689144
Plate2_Drawer5 02-Oct-2025 12-04-35,B8,mltF,VC_0866,"Transglycosylase, Slt family; Murein-degrading enzyme that degrades murein glycan strands and insoluble, high-molecular weight murein sacculi, with the concomitant formation of a 1,6-anhydromuramoyl product. Lytic transglycosylases (LTs) play an integral role in the metabolism of the peptidoglycan (PG) sacculus. Their lytic action creates space within the PG sacculus to allow for its expansion as well as for the insertion of various structures such as secretion systems and flagella. In the N-terminal section; belongs to the bacterial solute- binding protein 3 family.",10,0.1,10.661715,-4.98936
Plate2_Drawer5 02-Oct-2025 12-04-35,B9,VC_A0726,VC_A0726,"Molybdenum ABC transporter, periplasmic molybdenum-binding protein; Similar to GB:L34009 SP:P37329 PID:504498 PID:973214 PID:1147817; identified by sequence similarity; putative.",10,0.1,0.48589966,9.98578
Plate2_Drawer5 02-Oct-2025 12-04-35,C10,flgF,VC_2196,Flagellar basal-body rod protein FlgF; Similar to GB:U00096 SP:P75938 PID:1787317; identified by sequence similarity; putative; Belongs to the flagella basal body rod proteins family.,10,0.1,9.585282,5.305867
Plate2_Drawer5 02-Oct-2025 12-04-35,C11,VC_2441,VC_2441,Conserved hypothetical protein; Identified by Glimmer2; putative.,10,0.1,1.6717838,11.81416
Plate2_Drawer5 02-Oct-2025 12-04-35,C12,VC_1710,VC_1710,Conserved hypothetical protein; Identified by Glimmer2; putative.,10,0.1,-4.7701073,6.5473638
Plate2_Drawer5 02-Oct-2025 12-04-35,C1,VC_1885,VC_1885,Hypothetical protein; Identified by Glimmer2; putative.,10,0.1,0.64626354,2.7289984
Plate2_Drawer5 02-Oct-2025 12-04-35,C2,aroQ,VC_0297,3-dehydroquinate dehydratase; Catalyzes a trans-dehydration via an enolate intermediate. Belongs to the type-II 3-dehydroquinase family.,10,0.1,-2.752979,6.1318855
Plate2_Drawer5 02-Oct-2025 12-04-35,C3,VC_1359,VC_1359,"Amino acid ABC transporter, ATP-binding protein; Similar to PID:1154897; identified by sequence similarity; putative.",10,0.1,-2.26831,14.305084
Plate2_Drawer5 02-Oct-2025 12-04-35,C4,VC_A0328,VC_A0328,"Biphenyl-2,3-diol 1,2-dioxygenase III-related protein; Similar to GB:X75635 SP:P47233 PID:473121; identified by sequence similarity; putative.",10,0.1,-2.3955638,7.2982783
Plate2_Drawer5 02-Oct-2025 12-04-35,C5,VC_1350,VC_1350,"Antioxidant, putative; Thiol-specific peroxidase that catalyzes the reduction of hydrogen peroxide and organic hydroperoxides to water and alcohols, respectively. Plays a role in cell protection against oxidative stress by detoxifying peroxides; Belongs to the peroxiredoxin family. Prx5 subfamily.",10,0.1,0.4454935,11.900909
Plate2_Drawer5 02-Oct-2025 12-04-35,C6,manB,VC_0242,Phosphomannomutase; Involved in GDP-mannose biosynthesis which serves as the activated sugar nucleotide precursor for mannose residues in cell surface polysaccharides; Belongs to the phosphohexose mutase family.,10,0.1,-0.14886235,11.853153
Plate2_Drawer5 02-Oct-2025 12-04-35,C7,mrcA,VC_2635,Penicillin-binding protein 1A; Cell wall formation. Synthesis of cross-linked peptidoglycan from the lipid intermediates. The enzyme has a penicillin-insensitive transglycosylase N-terminal domain (formation of linear glycan strands) and a penicillin-sensitive transpeptidase C-terminal domain (cross- linking of the peptide subunits).,10,0.1,5.95496,15.274768
Plate2_Drawer5 02-Oct-2025 12-04-35,C8,VC_A0079,VC_A0079,Conserved hypothetical protein; Identified by Glimmer2; putative.,10,0.1,1.9210004,11.908923
Plate2_Drawer5 02-Oct-2025 12-04-35,C9,potA,VC_1428,"Spermidine/putrescine ABC transporter, ATP-binding protein; Part of the ABC transporter complex PotABCD involved in spermidine/putrescine import. Responsible for energy coupling to the transport system; Belongs to the ABC transporter superfamily. Spermidine/putrescine importer (TC 3.A.1.11.1) family.",10,0.1,4.393282,11.445575
Plate2_Drawer5 02-Oct-2025 12-04-35,D10,bioD,VC_1115,"Dethiobiotin synthetase; Catalyzes a mechanistically unusual reaction, the ATP- dependent insertion of CO2 between the N7 and N8 nitrogen atoms of 7,8- diaminopelargonic acid (DAPA) to form an ureido ring.",10,0.1,5.270691,14.342659
Plate2_Drawer5 02-Oct-2025 12-04-35,D11,flaA,VC_2188,Flagellin core protein A; Flagellin is the subunit protein which polymerizes to form the filaments of bacterial flagella. FlaA is required to form a core or scaffold into which the other flagellins are inserted to provide structural integrity. Essential for flagellar synthesis and motility; important for full virulence.,10,0.1,5.0312514,14.259662
Plate2_Drawer5 02-Oct-2025 12-04-35,D12,wavL,VC_0239,Conserved hypothetical protein; Identified by Glimmer2; putative.,10,0.1,6.945457,15.664524
Plate2_Drawer5 02-Oct-2025 12-04-35,D1,VC_A0340,VC_A0340,Hypothetical protein; Identified by Glimmer2; putative.,10,0.1,-3.177121,8.976067
Plate2_Drawer5 02-Oct-2025 12-04-35,D2,VC_0745,VC_0745,Inositol monophosphate family protein; Similar to GB:M34828 SP:P22783 PID:147899 GB:U00096 PID:1788882; identified by sequence similarity; putative; Belongs to the inositol monophosphatase superfamily.,10,0.1,2.7081733,15.596897
Plate2_Drawer5 02-Oct-2025 12-04-35,D3,VC_2485,VC_2485,"Transcriptional regulator, LysR family; Similar to GB:D10483 SP:P10151 GB:M21150 PID:1128961 PID:146605; identified by sequence similarity; putative; Belongs to the LysR transcriptional regulatory family.",10,0.1,1.268441,11.106807
Plate2_Drawer5 02-Oct-2025 12-04-35,D4,rimO,VC_2620,Conserved hypothetical protein; Catalyzes the methylthiolation of an aspartic acid residue of ribosomal protein S12; Belongs to the methylthiotransferase family. RimO subfamily.,10,0.1,-5.127573,6.230658
Plate2_Drawer5 02-Oct-2025 12-04-35,D5,bioA,VC_1111,"Adenosylmethionine-8-amino-7-oxononanoate aminotransferase; Catalyzes the transfer of the alpha-amino group from S- adenosyl-L-methionine (SAM) to 7-keto-8-aminopelargonic acid (KAPA) to form 7,8-diaminopelargonic acid (DAPA). It is the only animotransferase known to utilize SAM as an amino donor; Belongs to the class-III pyridoxal-phosphate-dependent aminotransferase family. BioA subfamily.",10,0.1,5.311521,14.369351
Plate2_Drawer5 02-Oct-2025 12-04-35,D6,wbeT,VC_0259,Lipopolysaccharide biosynthesis protein RfbV; Similar to GB:X59554 PID:48400 PID:1929424; identified by sequence similarity; putative.,10,0.1,13.352473,12.774209
Plate2_Drawer5 02-Oct-2025 12-04-35,D7,VC_0929,VC_0929,Hypothetical protein; Identified by Glimmer2; putative.,10,0.1,-0.04164734,11.497348
Plate2_Drawer5 02-Oct-2025 12-04-35,D8,flgT,VC_2208,Hypothetical protein; Identified by Glimmer2; putative.,10,0.1,9.645969,5.3946958
Plate2_Drawer5 02-Oct-2025 12-04-35,D9,glyA1,VC_0941,"Serine hydroxymethyltransferase; Catalyzes the reversible interconversion of serine and glycine with tetrahydrofolate (THF) serving as the one-carbon carrier. This reaction serves as the major source of one-carbon groups required for the biosynthesis of purines, thymidylate, methionine, and other important biomolecules. Also exhibits THF-independent aldolase activity toward beta-hydroxyamino acids, producing glycine and aldehydes, via a retro-aldol mechanism.",10,0.1,3.3035538,17.238953
Plate2_Drawer5 02-Oct-2025 12-04-35,E10,flgA,VC_2203,"Flagellar protein, putative; Similar to PID:1272364; identified by sequence similarity; putative.",10,0.1,0.4041714,11.624927
Plate2_Drawer5 02-Oct-2025 12-04-35,E11,VC_A0187,VC_A0187,Hypothetical protein; Identified by Glimmer2; putative.,10,0.1,-2.0934675,9.810751
Plate2_Drawer5 02-Oct-2025 12-04-35,E12,VC_1652,VC_1652,Response regulator VieA; Similar to GP:3123891; identified by sequence similarity; putative.,10,0.1,-3.6844916,7.761711
Plate2_Drawer5 02-Oct-2025 12-04-35,E1,VC_1003,VC_1003,Bacteriocin production protein; Similar to GB:J01666 SP:P08550 PID:146367 PID:147415 GB:U00096; identified by sequence similarity; putative.,10,0.1,3.3279858,17.736197
Plate2_Drawer5 02-Oct-2025 12-04-35,E2,fliL,VC_2130,Flagellum-specific ATP synthase FliI; Similar to PID:1071643 SP:P52612 GB:U00096 PID:1736607 PID:1788251; identified by sequence similarity; putative.,10,0.1,9.39986,6.1293926
Plate2_Drawer5 02-Oct-2025 12-04-35,E3,pdhE2,VC_2413,"Pyruvate dehydrogenase, E2 component, dihydrolipoamide acetyltransferase; The pyruvate dehydrogenase complex catalyzes the overall conversion of pyruvate to acetyl-CoA and CO(2).",10,0.1,5.7689004,16.00223
Plate2_Drawer5 02-Oct-2025 12-04-35,E4,VC_0134,VC_0134,Conserved hypothetical protein; Identified by Glimmer2; putative.,10,0.1,-2.5284567,8.693433
Plate2_Drawer5 02-Oct-2025 12-04-35,E5,grx,VC_1146,Glutaredoxin 1; Has a glutathione-disulfide oxidoreductase activity in the presence of NADPH and glutathione reductase. Reduces low molecular weight disulfides and proteins (By similarity).,10,0.1,-5.3294935,7.133222
Plate2_Drawer5 02-Oct-2025 12-04-35,E6,cheW,VC_2059,Purine-binding chemotaxis protein CheW; Similar to GB:M13462 SP:P07365 PID:145520 GB:U00096 PID:1736540; identified by sequence similarity; putative.,10,0.1,0.51906675,11.625183
Plate2_Drawer5 02-Oct-2025 12-04-35,E7,nfuA,VC_2720,"Conserved hypothetical protein; Involved in iron-sulfur cluster biogenesis. Binds a 4Fe-4S cluster, can transfer this cluster to apoproteins, and thereby intervenes in the maturation of Fe/S proteins. Could also act as a scaffold/chaperone for damaged Fe/S proteins.",10,0.1,5.9103136,15.514623
Plate2_Drawer5 02-Oct-2025 12-04-35,E8,groS2,VC_A0819,"Chaperonin, 10 Kd subunit; Binds to Cpn60 in the presence of Mg-ATP and suppresses the ATPase activity of the latter.",10,0.1,-4.9078374,7.4574823
Plate2_Drawer5 02-Oct-2025 12-04-35,E9,potD1,VC_1424,"Spermidine/putrescine ABC transporter, periplasmic spermidine/putrescine-binding protein; Required for the activity of the bacterial periplasmic transport system of putrescine; Belongs to the bacterial solute-binding protein PotD/PotF family.",10,0.1,3.272808,12.598941
Plate2_Drawer5 02-Oct-2025 12-04-35,F10,WT,WT,,10,0.1,-4.977962,6.997307
Plate2_Drawer5 02-Oct-2025 12-04-35,F1,bioF,VC_1113,"8-amino-7-oxononanoate synthase; Catalyzes the decarboxylative condensation of pimeloyl-[acyl- carrier protein] and L-alanine to produce 8-amino-7-oxononanoate (AON), [acyl-carrier protein], and carbon dioxide.",10,0.1,5.2708616,14.336211
Plate2_Drawer5 02-Oct-2025 12-04-35,F2,flgO,VC_2207,Hypothetical protein; Identified by Glimmer2; putative.,10,0.1,5.90749,9.5520115
Plate2_Drawer5 02-Oct-2025 12-04-35,F3,hslO,VC_2736,Conserved hypothetical protein; Redox regulated molecular chaperone. Protects both thermally unfolding and oxidatively damaged proteins from irreversible aggregation. Plays an important role in the bacterial defense system toward oxidative stress.,10,0.1,0.045447826,8.972877
Plate2_Drawer5 02-Oct-2025 12-04-35,F4,bioC,VC_1114,Biotin synthesis protein BioC; Converts the free carboxyl group of a malonyl-thioester to its methyl ester by transfer of a methyl group from S-adenosyl-L- methionine (SAM). It allows to synthesize pimeloyl-ACP via the fatty acid synthetic pathway.,10,0.1,5.3398075,14.329335
Plate2_Drawer5 02-Oct-2025 12-04-35,F5,dnaN,VC_0013,"DNA polymerase III, beta chain; Confers DNA tethering and processivity to DNA polymerases and other proteins. Acts as a clamp, forming a ring around DNA (a reaction catalyzed by the clamp-loading complex) which diffuses in an ATP- independent manner freely and bidirectionally along dsDNA. Initially characterized for its ability to contact the catalytic subunit of DNA polymerase III (Pol III), a complex, multichain enzyme responsible for most of the replicative synthesis in bacteria; Pol III exhibits 3'-5' exonuclease proofreading activity. The beta chain is required for initiation of r [...] ",10,0.1,-3.2019327,8.87603
Plate2_Drawer5 02-Oct-2025 12-04-35,F6,mutH,VC_0668,DNA mismatch repair protein MutH; Sequence-specific endonuclease that cleaves unmethylated GATC sequences. It is involved in DNA mismatch repair; Belongs to the MutH family.,10,0.1,-4.92451,6.914805
Plate2_Drawer5 02-Oct-2025 12-04-35,F7,pabC,VC_2018,"4-amino-4-deoxychorismate lyase; Involved in the biosynthesis of p-aminobenzoate (PABA), a precursor of tetrahydrofolate. Converts 4-amino-4-deoxychorismate into 4-aminobenzoate (PABA) and pyruvate (By similarity).",10,0.1,-2.3602214,9.719028
Plate2_Drawer5 02-Oct-2025 12-04-35,F8,lexA,VC_0092,"LexA repressor; Represses a number of genes involved in the response to DNA damage (SOS response), including recA and lexA. In the presence of single-stranded DNA, RecA interacts with LexA causing an autocatalytic cleavage which disrupts the DNA-binding part of LexA, leading to derepression of the SOS regulon and eventually DNA repair.",10,0.1,1.1057458,14.516678
Plate2_Drawer5 02-Oct-2025 12-04-35,F9,VC_2271,VC_2271,"Riboflavin-specific deaminase; Converts 2,5-diamino-6-(ribosylamino)-4(3h)-pyrimidinone 5'- phosphate into 5-amino-6-(ribosylamino)-2,4(1h,3h)-pyrimidinedione 5'- phosphate; In the C-terminal section; belongs to the HTP reductase family.",10,0.1,-2.054072,9.821642
Plate2_Drawer5 07-Aug-2025 12-51-44,A10,VC_2523,VC_2523,Conserved hypothetical protein; Identified by Glimmer2; putative.,10,0.1,-6.6039133,4.647702
Plate2_Drawer5 07-Aug-2025 12-51-44,A11,fliR,VC_2121,Flagellar biosynthetic protein FliR; Role in flagellar biosynthesis. Belongs to the FliR/MopE/SpaR family.,10,0.1,8.706552,4.939271
Plate2_Drawer5 07-Aug-2025 12-51-44,A12,argR,VC_0431,Arginine repressor; Regulates arginine biosynthesis genes.,10,0.1,-1.6363095,5.41245
Plate2_Drawer5 07-Aug-2025 12-51-44,A1,flgK,VC_2191,Flagellar hook-associated protein FlgM; Similar to PID:2443633; identified by sequence similarity; putative. HOOK FILSMENT JUNCTION,10,0.1,-1.7418482,9.00674
Plate2_Drawer5 07-Aug-2025 12-51-44,A2,flrB,VC_2136,Sensory box sensor histidine kinase; Similar to PID:2338728; identified by sequence similarity; putative.,10,0.1,9.5256405,6.019368
Plate2_Drawer5 07-Aug-2025 12-51-44,A3,rjg,VC_0264,Conserved hypothetical protein; Identified by Glimmer2; putative.,10,0.1,-5.0641346,6.0146737
Plate2_Drawer5 07-Aug-2025 12-51-44,A4,fliA,VC_2066,RNA polymerase sigma factor for flagellar operon FliA; Sigma factors are initiation factors that promote the attachment of RNA polymerase to specific initiation sites and are then released. This sigma factor controls the expression of flagella-related genes; Belongs to the sigma-70 factor family. FliA subfamily.,10,0.1,9.659728,3.3631914
Plate2_Drawer5 07-Aug-2025 12-51-44,A5,flgM,VC_2204,"Negative regulator of flagellin synthesis FlgM, putative; Similar to GB:L14437 SP:P39809 PID:451869 PID:1762336 GB:AL009126; identified by sequence similarity; putative.",10,0.1,-2.150526,5.3639317
Plate2_Drawer5 07-Aug-2025 12-51-44,A6,flrA,VC_2137,Sigma-54 dependent transcriptional activator; Similar to PID:2338727; identified by sequence similarity; putative.,10,0.1,4.1989985,9.214605
Plate2_Drawer5 07-Aug-2025 12-51-44,A7,VC_1291,VC_1291,Conserved hypothetical protein; Identified by Glimmer2; putative.,10,0.1,0.3049157,10.023331
Plate2_Drawer5 07-Aug-2025 12-51-44,A8,thiI,VC_0894,"Thiamin biosynthesis protein ThiI; Catalyzes the ATP-dependent transfer of a sulfur to tRNA to produce 4-thiouridine in position 8 of tRNAs, which functions as a near-UV photosensor. Also catalyzes the transfer of sulfur to the sulfur carrier protein ThiS, forming ThiS-thiocarboxylate. This is a step in the synthesis of thiazole, in the thiamine biosynthesis pathway. The sulfur is donated as persulfide by IscS.",10,0.1,-4.8675976,2.8294897
Plate2_Drawer5 07-Aug-2025 12-51-44,A9,flhB,VC_2120,"Flagellar biosynthetic protein FlhB; Required for formation of the rod structure in the basal body of the flagellar apparatus. Together with FliI and FliH, may constitute the export apparatus of flagellin; Belongs to the type III secretion exporter family.",10,0.1,8.656661,5.2606015
Plate2_Drawer5 07-Aug-2025 12-51-44,B10,wbeN,VC_0251,Acyl protein synthase/acyl-CoA reductase RfbN; Similar to GB:X59554 PID:48393; identified by sequence similarity; putative.,10,0.1,-1.4332942,11.494599
Plate2_Drawer5 07-Aug-2025 12-51-44,B11,wbeL,VC_0249,rfbL protein; Similar to GB:X59554 PID:48391; identified by sequence similarity; putative.,10,0.1,5.9373884,21.177006
Plate2_Drawer5 07-Aug-2025 12-51-44,B12,pstB1,VC_0726,"Phosphate ABC transporter, ATP-binding protein; Part of the ABC transporter complex PstSACB involved in phosphate import. Responsible for energy coupling to the transport system; Belongs to the ABC transporter superfamily. Phosphate importer (TC 3.A.1.7) family.",10,0.1,-3.787256,7.688919
Plate2_Drawer5 07-Aug-2025 12-51-44,B1,aroE,VC_0056,"Shikimate 5-dehydrogenase; Involved in the biosynthesis of the chorismate, which leads to the biosynthesis of aromatic amino acids. Catalyzes the reversible NADPH linked reduction of 3-dehydroshikimate (DHSA) to yield shikimate (SA).",10,0.1,-5.532796,6.422056
Plate2_Drawer5 07-Aug-2025 12-51-44,B4,VC_A0146,VC_A0146,Conserved hypothetical protein; Identified by Glimmer2; putative.,10,0.1,-0.8643499,9.648388
Plate2_Drawer5 07-Aug-2025 12-51-44,B5,VC_0289,VC_0289,Gluconate utilization system gnt-I transcriptional repressor; Similar to PID:1304069; identified by sequence similarity; putative.,10,0.1,-5.107716,3.0059547
Plate2_Drawer5 07-Aug-2025 12-51-44,B6,VC_A0005,VC_A0005,Hypothetical protein; Identified by Glimmer2; putative.,10,0.1,-3.823463,3.6574388
Plate2_Drawer5 07-Aug-2025 12-51-44,B8,mltF,VC_0866,"Transglycosylase, Slt family; Murein-degrading enzyme that degrades murein glycan strands and insoluble, high-molecular weight murein sacculi, with the concomitant formation of a 1,6-anhydromuramoyl product. Lytic transglycosylases (LTs) play an integral role in the metabolism of the peptidoglycan (PG) sacculus. Their lytic action creates space within the PG sacculus to allow for its expansion as well as for the insertion of various structures such as secretion systems and flagella. In the N-terminal section; belongs to the bacterial solute- binding protein 3 family.",10,0.1,8.619829,-0.10467929
Plate2_Drawer5 07-Aug-2025 12-51-44,B9,VC_A0726,VC_A0726,"Molybdenum ABC transporter, periplasmic molybdenum-binding protein; Similar to GB:L34009 SP:P37329 PID:504498 PID:973214 PID:1147817; identified by sequence similarity; putative.",10,0.1,-3.0963793,4.89023
Plate2_Drawer5 07-Aug-2025 12-51-44,C10,flgF,VC_2196,Flagellar basal-body rod protein FlgF; Similar to GB:U00096 SP:P75938 PID:1787317; identified by sequence similarity; putative; Belongs to the flagella basal body rod proteins family.,10,0.1,9.575723,3.7595372
Plate2_Drawer5 07-Aug-2025 12-51-44,C11,VC_2441,VC_2441,Conserved hypothetical protein; Identified by Glimmer2; putative.,10,0.1,1.9033357,11.922046
Plate2_Drawer5 07-Aug-2025 12-51-44,C12,VC_1710,VC_1710,Conserved hypothetical protein; Identified by Glimmer2; putative.,10,0.1,-3.672335,7.6379256
Plate2_Drawer5 07-Aug-2025 12-51-44,C1,VC_1885,VC_1885,Hypothetical protein; Identified by Glimmer2; putative.,10,0.1,0.6445643,2.7295299
Plate2_Drawer5 07-Aug-2025 12-51-44,C2,aroQ,VC_0297,3-dehydroquinate dehydratase; Catalyzes a trans-dehydration via an enolate intermediate. Belongs to the type-II 3-dehydroquinase family.,10,0.1,-5.118868,7.67393
Plate2_Drawer5 07-Aug-2025 12-51-44,C3,VC_1359,VC_1359,"Amino acid ABC transporter, ATP-binding protein; Similar to PID:1154897; identified by sequence similarity; putative.",10,0.1,-2.287438,14.287032
Plate2_Drawer5 07-Aug-2025 12-51-44,C4,VC_A0328,VC_A0328,"Biphenyl-2,3-diol 1,2-dioxygenase III-related protein; Similar to GB:X75635 SP:P47233 PID:473121; identified by sequence similarity; putative.",10,0.1,-3.5932498,6.8913655
Plate2_Drawer5 07-Aug-2025 12-51-44,C5,VC_1350,VC_1350,"Antioxidant, putative; Thiol-specific peroxidase that catalyzes the reduction of hydrogen peroxide and organic hydroperoxides to water and alcohols, respectively. Plays a role in cell protection against oxidative stress by detoxifying peroxides; Belongs to the peroxiredoxin family. Prx5 subfamily.",10,0.1,-1.2609901,5.7007065
Plate2_Drawer5 07-Aug-2025 12-51-44,C6,manB,VC_0242,Phosphomannomutase; Involved in GDP-mannose biosynthesis which serves as the activated sugar nucleotide precursor for mannose residues in cell surface polysaccharides; Belongs to the phosphohexose mutase family.,10,0.1,-0.7751141,11.689792
Plate2_Drawer5 07-Aug-2025 12-51-44,C7,mrcA,VC_2635,Penicillin-binding protein 1A; Cell wall formation. Synthesis of cross-linked peptidoglycan from the lipid intermediates. The enzyme has a penicillin-insensitive transglycosylase N-terminal domain (formation of linear glycan strands) and a penicillin-sensitive transpeptidase C-terminal domain (cross- linking of the peptide subunits).,10,0.1,8.243015,12.426888
Plate2_Drawer5 07-Aug-2025 12-51-44,C8,VC_A0079,VC_A0079,Conserved hypothetical protein; Identified by Glimmer2; putative.,10,0.1,-0.22284356,7.0125813
Plate2_Drawer5 07-Aug-2025 12-51-44,C9,potA,VC_1428,"Spermidine/putrescine ABC transporter, ATP-binding protein; Part of the ABC transporter complex PotABCD involved in spermidine/putrescine import. Responsible for energy coupling to the transport system; Belongs to the ABC transporter superfamily. Spermidine/putrescine importer (TC 3.A.1.11.1) family.",10,0.1,4.6160603,10.832371
Plate2_Drawer5 07-Aug-2025 12-51-44,D10,bioD,VC_1115,"Dethiobiotin synthetase; Catalyzes a mechanistically unusual reaction, the ATP- dependent insertion of CO2 between the N7 and N8 nitrogen atoms of 7,8- diaminopelargonic acid (DAPA) to form an ureido ring.",10,0.1,9.84482,12.920365
Plate2_Drawer5 07-Aug-2025 12-51-44,D11,flaA,VC_2188,Flagellin core protein A; Flagellin is the subunit protein which polymerizes to form the filaments of bacterial flagella. FlaA is required to form a core or scaffold into which the other flagellins are inserted to provide structural integrity. Essential for flagellar synthesis and motility; important for full virulence.,10,0.1,5.4861135,9.536035
Plate2_Drawer5 07-Aug-2025 12-51-44,D12,wavL,VC_0239,Conserved hypothetical protein; Identified by Glimmer2; putative.,10,0.1,6.8603187,15.62393
Plate2_Drawer5 07-Aug-2025 12-51-44,D1,VC_A0340,VC_A0340,Hypothetical protein; Identified by Glimmer2; putative.,10,0.1,-0.67649555,2.9709303
Plate2_Drawer5 07-Aug-2025 12-51-44,D2,VC_0745,VC_0745,Inositol monophosphate family protein; Similar to GB:M34828 SP:P22783 PID:147899 GB:U00096 PID:1788882; identified by sequence similarity; putative; Belongs to the inositol monophosphatase superfamily.,10,0.1,2.7152517,15.737912
Plate2_Drawer5 07-Aug-2025 12-51-44,D3,VC_2485,VC_2485,"Transcriptional regulator, LysR family; Similar to GB:D10483 SP:P10151 GB:M21150 PID:1128961 PID:146605; identified by sequence similarity; putative; Belongs to the LysR transcriptional regulatory family.",10,0.1,2.3072717,11.974354
Plate2_Drawer5 07-Aug-2025 12-51-44,D4,rimO,VC_2620,Conserved hypothetical protein; Catalyzes the methylthiolation of an aspartic acid residue of ribosomal protein S12; Belongs to the methylthiotransferase family. RimO subfamily.,10,0.1,-3.3205066,8.342617
Plate2_Drawer5 07-Aug-2025 12-51-44,D5,bioA,VC_1111,"Adenosylmethionine-8-amino-7-oxononanoate aminotransferase; Catalyzes the transfer of the alpha-amino group from S- adenosyl-L-methionine (SAM) to 7-keto-8-aminopelargonic acid (KAPA) to form 7,8-diaminopelargonic acid (DAPA). It is the only animotransferase known to utilize SAM as an amino donor; Belongs to the class-III pyridoxal-phosphate-dependent aminotransferase family. BioA subfamily.",10,0.1,10.401014,12.732837
Plate2_Drawer5 07-Aug-2025 12-51-44,D6,wbeT,VC_0259,Lipopolysaccharide biosynthesis protein RfbV; Similar to GB:X59554 PID:48400 PID:1929424; identified by sequence similarity; putative.,10,0.1,13.425536,12.807947
Plate2_Drawer5 07-Aug-2025 12-51-44,D7,VC_0929,VC_0929,Hypothetical protein; Identified by Glimmer2; putative.,10,0.1,1.649347,8.164019
Plate2_Drawer5 07-Aug-2025 12-51-44,D8,flgT,VC_2208,Hypothetical protein; Identified by Glimmer2; putative.,10,0.1,9.55135,5.42064
Plate2_Drawer5 07-Aug-2025 12-51-44,D9,glyA1,VC_0941,"Serine hydroxymethyltransferase; Catalyzes the reversible interconversion of serine and glycine with tetrahydrofolate (THF) serving as the one-carbon carrier. This reaction serves as the major source of one-carbon groups required for the biosynthesis of purines, thymidylate, methionine, and other important biomolecules. Also exhibits THF-independent aldolase activity toward beta-hydroxyamino acids, producing glycine and aldehydes, via a retro-aldol mechanism.",10,0.1,3.078404,16.691921
Plate2_Drawer5 07-Aug-2025 12-51-44,E10,flgA,VC_2203,"Flagellar protein, putative; Similar to PID:1272364; identified by sequence similarity; putative.",10,0.1,3.586107,9.386026
Plate2_Drawer5 07-Aug-2025 12-51-44,E11,VC_A0187,VC_A0187,Hypothetical protein; Identified by Glimmer2; putative.,10,0.1,2.460701,12.1844635
Plate2_Drawer5 07-Aug-2025 12-51-44,E12,VC_1652,VC_1652,Response regulator VieA; Similar to GP:3123891; identified by sequence similarity; putative.,10,0.1,-3.9787939,7.1964145
Plate2_Drawer5 07-Aug-2025 12-51-44,E1,VC_1003,VC_1003,Bacteriocin production protein; Similar to GB:J01666 SP:P08550 PID:146367 PID:147415 GB:U00096; identified by sequence similarity; putative.,10,0.1,3.2775214,18.024832
Plate2_Drawer5 07-Aug-2025 12-51-44,E2,fliL,VC_2130,Flagellum-specific ATP synthase FliI; Similar to PID:1071643 SP:P52612 GB:U00096 PID:1736607 PID:1788251; identified by sequence similarity; putative.,10,0.1,8.8098345,4.9126296
Plate2_Drawer5 07-Aug-2025 12-51-44,E3,pdhE2,VC_2413,"Pyruvate dehydrogenase, E2 component, dihydrolipoamide acetyltransferase; The pyruvate dehydrogenase complex catalyzes the overall conversion of pyruvate to acetyl-CoA and CO(2).",10,0.1,5.3862143,16.153616
Plate2_Drawer5 07-Aug-2025 12-51-44,E4,VC_0134,VC_0134,Conserved hypothetical protein; Identified by Glimmer2; putative.,10,0.1,-4.835258,3.0557623
Plate2_Drawer5 07-Aug-2025 12-51-44,E5,grx,VC_1146,Glutaredoxin 1; Has a glutathione-disulfide oxidoreductase activity in the presence of NADPH and glutathione reductase. Reduces low molecular weight disulfides and proteins (By similarity).,10,0.1,-4.3356276,0.95663977
Plate2_Drawer5 07-Aug-2025 12-51-44,E6,cheW,VC_2059,Purine-binding chemotaxis protein CheW; Similar to GB:M13462 SP:P07365 PID:145520 GB:U00096 PID:1736540; identified by sequence similarity; putative.,10,0.1,1.0511535,5.9482093
Plate2_Drawer5 07-Aug-2025 12-51-44,E7,nfuA,VC_2720,"Conserved hypothetical protein; Involved in iron-sulfur cluster biogenesis. Binds a 4Fe-4S cluster, can transfer this cluster to apoproteins, and thereby intervenes in the maturation of Fe/S proteins. Could also act as a scaffold/chaperone for damaged Fe/S proteins.",10,0.1,2.1388402,15.248072
Plate2_Drawer5 07-Aug-2025 12-51-44,E8,groS2,VC_A0819,"Chaperonin, 10 Kd subunit; Binds to Cpn60 in the presence of Mg-ATP and suppresses the ATPase activity of the latter.",10,0.1,-3.8473966,1.1689684
Plate2_Drawer5 07-Aug-2025 12-51-44,E9,potD1,VC_1424,"Spermidine/putrescine ABC transporter, periplasmic spermidine/putrescine-binding protein; Required for the activity of the bacterial periplasmic transport system of putrescine; Belongs to the bacterial solute-binding protein PotD/PotF family.",10,0.1,4.202393,10.259394
Plate2_Drawer5 07-Aug-2025 12-51-44,F10,WT,WT,,10,0.1,-5.0184855,2.7596896
Plate2_Drawer5 07-Aug-2025 12-51-44,F1,bioF,VC_1113,"8-amino-7-oxononanoate synthase; Catalyzes the decarboxylative condensation of pimeloyl-[acyl- carrier protein] and L-alanine to produce 8-amino-7-oxononanoate (AON), [acyl-carrier protein], and carbon dioxide.",10,0.1,9.238451,12.874481
Plate2_Drawer5 07-Aug-2025 12-51-44,F2,flgO,VC_2207,Hypothetical protein; Identified by Glimmer2; putative.,10,0.1,5.8638144,9.493204
Plate2_Drawer5 07-Aug-2025 12-51-44,F3,hslO,VC_2736,Conserved hypothetical protein; Redox regulated molecular chaperone. Protects both thermally unfolding and oxidatively damaged proteins from irreversible aggregation. Plays an important role in the bacterial defense system toward oxidative stress.,10,0.1,-2.2821732,8.629089
Plate2_Drawer5 07-Aug-2025 12-51-44,F4,bioC,VC_1114,Biotin synthesis protein BioC; Converts the free carboxyl group of a malonyl-thioester to its methyl ester by transfer of a methyl group from S-adenosyl-L- methionine (SAM). It allows to synthesize pimeloyl-ACP via the fatty acid synthetic pathway.,10,0.1,9.64134,12.871195
Plate2_Drawer5 07-Aug-2025 12-51-44,F5,dnaN,VC_0013,"DNA polymerase III, beta chain; Confers DNA tethering and processivity to DNA polymerases and other proteins. Acts as a clamp, forming a ring around DNA (a reaction catalyzed by the clamp-loading complex) which diffuses in an ATP- independent manner freely and bidirectionally along dsDNA. Initially characterized for its ability to contact the catalytic subunit of DNA polymerase III (Pol III), a complex, multichain enzyme responsible for most of the replicative synthesis in bacteria; Pol III exhibits 3'-5' exonuclease proofreading activity. The beta chain is required for initiation of r [...] ",10,0.1,-0.94425917,9.591818
Plate2_Drawer5 07-Aug-2025 12-51-44,F6,mutH,VC_0668,DNA mismatch repair protein MutH; Sequence-specific endonuclease that cleaves unmethylated GATC sequences. It is involved in DNA mismatch repair; Belongs to the MutH family.,10,0.1,-2.885484,8.703907
Plate2_Drawer5 07-Aug-2025 12-51-44,F7,pabC,VC_2018,"4-amino-4-deoxychorismate lyase; Involved in the biosynthesis of p-aminobenzoate (PABA), a precursor of tetrahydrofolate. Converts 4-amino-4-deoxychorismate into 4-aminobenzoate (PABA) and pyruvate (By similarity).",10,0.1,1.2864271,10.924373
Plate2_Drawer5 07-Aug-2025 12-51-44,F8,lexA,VC_0092,"LexA repressor; Represses a number of genes involved in the response to DNA damage (SOS response), including recA and lexA. In the presence of single-stranded DNA, RecA interacts with LexA causing an autocatalytic cleavage which disrupts the DNA-binding part of LexA, leading to derepression of the SOS regulon and eventually DNA repair.",10,0.1,2.2876594,11.900449
Plate2_Drawer5 07-Aug-2025 12-51-44,F9,VC_2271,VC_2271,"Riboflavin-specific deaminase; Converts 2,5-diamino-6-(ribosylamino)-4(3h)-pyrimidinone 5'- phosphate into 5-amino-6-(ribosylamino)-2,4(1h,3h)-pyrimidinedione 5'- phosphate; In the C-terminal section; belongs to the HTP reductase family.",10,0.1,2.1416335,10.437639
Plate2_Drawer5 22-Jul-2025 11-23-32,A10,VC_2523,VC_2523,Conserved hypothetical protein; Identified by Glimmer2; putative.,10,0.1,-2.8604507,4.12481
Plate2_Drawer5 22-Jul-2025 11-23-32,A11,fliR,VC_2121,Flagellar biosynthetic protein FliR; Role in flagellar biosynthesis. Belongs to the FliR/MopE/SpaR family.,10,0.1,8.505505,4.774469
Plate2_Drawer5 22-Jul-2025 11-23-32,A12,argR,VC_0431,Arginine repressor; Regulates arginine biosynthesis genes.,10,0.1,-0.3166559,7.528749
Plate2_Drawer5 22-Jul-2025 11-23-32,A1,flgK,VC_2191,Flagellar hook-associated protein FlgM; Similar to PID:2443633; identified by sequence similarity; putative. HOOK FILSMENT JUNCTION,10,0.1,4.840782,9.583498
Plate2_Drawer5 22-Jul-2025 11-23-32,A2,flrB,VC_2136,Sensory box sensor histidine kinase; Similar to PID:2338728; identified by sequence similarity; putative.,10,0.1,9.802571,3.869779
Plate2_Drawer5 22-Jul-2025 11-23-32,A3,rjg,VC_0264,Conserved hypothetical protein; Identified by Glimmer2; putative.,10,0.1,-4.7174077,3.4488685
Plate2_Drawer5 22-Jul-2025 11-23-32,A4,fliA,VC_2066,RNA polymerase sigma factor for flagellar operon FliA; Sigma factors are initiation factors that promote the attachment of RNA polymerase to specific initiation sites and are then released. This sigma factor controls the expression of flagella-related genes; Belongs to the sigma-70 factor family. FliA subfamily.,10,0.1,9.478661,2.327223
Plate2_Drawer5 22-Jul-2025 11-23-32,A5,flgM,VC_2204,"Negative regulator of flagellin synthesis FlgM, putative; Similar to GB:L14437 SP:P39809 PID:451869 PID:1762336 GB:AL009126; identified by sequence similarity; putative.",10,0.1,-2.9989276,3.6587453
Plate2_Drawer5 22-Jul-2025 11-23-32,A6,flrA,VC_2137,Sigma-54 dependent transcriptional activator; Similar to PID:2338727; identified by sequence similarity; putative.,10,0.1,9.935396,3.2519407
Plate2_Drawer5 22-Jul-2025 11-23-32,A7,VC_1291,VC_1291,Conserved hypothetical protein; Identified by Glimmer2; putative.,10,0.1,0.36570254,6.754777
Plate2_Drawer5 22-Jul-2025 11-23-32,A8,thiI,VC_0894,"Thiamin biosynthesis protein ThiI; Catalyzes the ATP-dependent transfer of a sulfur to tRNA to produce 4-thiouridine in position 8 of tRNAs, which functions as a near-UV photosensor. Also catalyzes the transfer of sulfur to the sulfur carrier protein ThiS, forming ThiS-thiocarboxylate. This is a step in the synthesis of thiazole, in the thiamine biosynthesis pathway. The sulfur is donated as persulfide by IscS.",10,0.1,2.1507788,15.346157
Plate2_Drawer5 22-Jul-2025 11-23-32,A9,flhB,VC_2120,"Flagellar biosynthetic protein FlhB; Required for formation of the rod structure in the basal body of the flagellar apparatus. Together with FliI and FliH, may constitute the export apparatus of flagellin; Belongs to the type III secretion exporter family.",10,0.1,8.507333,4.919723
Plate2_Drawer5 22-Jul-2025 11-23-32,B10,wbeN,VC_0251,Acyl protein synthase/acyl-CoA reductase RfbN; Similar to GB:X59554 PID:48393; identified by sequence similarity; putative.,10,0.1,0.58748317,12.463017
Plate2_Drawer5 22-Jul-2025 11-23-32,B11,wbeL,VC_0249,rfbL protein; Similar to GB:X59554 PID:48391; identified by sequence similarity; putative.,10,0.1,6.0603223,9.845666
Plate2_Drawer5 22-Jul-2025 11-23-32,B12,pstB1,VC_0726,"Phosphate ABC transporter, ATP-binding protein; Part of the ABC transporter complex PstSACB involved in phosphate import. Responsible for energy coupling to the transport system; Belongs to the ABC transporter superfamily. Phosphate importer (TC 3.A.1.7) family.",10,0.1,-4.206317,5.4463673
Plate2_Drawer5 22-Jul-2025 11-23-32,B1,aroE,VC_0056,"Shikimate 5-dehydrogenase; Involved in the biosynthesis of the chorismate, which leads to the biosynthesis of aromatic amino acids. Catalyzes the reversible NADPH linked reduction of 3-dehydroshikimate (DHSA) to yield shikimate (SA).",10,0.1,-2.4903297,4.35612
Plate2_Drawer5 22-Jul-2025 11-23-32,B4,VC_A0146,VC_A0146,Conserved hypothetical protein; Identified by Glimmer2; putative.,10,0.1,5.9717984,9.809338
Plate2_Drawer5 22-Jul-2025 11-23-32,B5,VC_0289,VC_0289,Gluconate utilization system gnt-I transcriptional repressor; Similar to PID:1304069; identified by sequence similarity; putative.,10,0.1,-4.893743,5.273877
Plate2_Drawer5 22-Jul-2025 11-23-32,B6,VC_A0005,VC_A0005,Hypothetical protein; Identified by Glimmer2; putative.,10,0.1,-3.06609,4.0750914
Plate2_Drawer5 22-Jul-2025 11-23-32,B8,mltF,VC_0866,"Transglycosylase, Slt family; Murein-degrading enzyme that degrades murein glycan strands and insoluble, high-molecular weight murein sacculi, with the concomitant formation of a 1,6-anhydromuramoyl product. Lytic transglycosylases (LTs) play an integral role in the metabolism of the peptidoglycan (PG) sacculus. Their lytic action creates space within the PG sacculus to allow for its expansion as well as for the insertion of various structures such as secretion systems and flagella. In the N-terminal section; belongs to the bacterial solute- binding protein 3 family.",10,0.1,8.618741,-0.11157668
Plate2_Drawer5 22-Jul-2025 11-23-32,B9,VC_A0726,VC_A0726,"Molybdenum ABC transporter, periplasmic molybdenum-binding protein; Similar to GB:L34009 SP:P37329 PID:504498 PID:973214 PID:1147817; identified by sequence similarity; putative.",10,0.1,-0.5509029,7.324141
Plate2_Drawer5 22-Jul-2025 11-23-32,C10,flgF,VC_2196,Flagellar basal-body rod protein FlgF; Similar to GB:U00096 SP:P75938 PID:1787317; identified by sequence similarity; putative; Belongs to the flagella basal body rod proteins family.,10,0.1,9.389863,2.2045317
Plate2_Drawer5 22-Jul-2025 11-23-32,C11,VC_2441,VC_2441,Conserved hypothetical protein; Identified by Glimmer2; putative.,10,0.1,0.22974567,6.196435
Plate2_Drawer5 22-Jul-2025 11-23-32,C12,VC_1710,VC_1710,Conserved hypothetical protein; Identified by Glimmer2; putative.,10,0.1,-4.398835,2.0958014
Plate2_Drawer5 22-Jul-2025 11-23-32,C1,VC_1885,VC_1885,Hypothetical protein; Identified by Glimmer2; putative.,10,0.1,0.7296515,2.6444018
Plate2_Drawer5 22-Jul-2025 11-23-32,C3,VC_1359,VC_1359,"Amino acid ABC transporter, ATP-binding protein; Similar to PID:1154897; identified by sequence similarity; putative.",10,0.1,-2.2106874,14.370718
Plate2_Drawer5 22-Jul-2025 11-23-32,C4,VC_A0328,VC_A0328,"Biphenyl-2,3-diol 1,2-dioxygenase III-related protein; Similar to GB:X75635 SP:P47233 PID:473121; identified by sequence similarity; putative.",10,0.1,-3.5151098,4.6403303
Plate2_Drawer5 22-Jul-2025 11-23-32,C5,VC_1350,VC_1350,"Antioxidant, putative; Thiol-specific peroxidase that catalyzes the reduction of hydrogen peroxide and organic hydroperoxides to water and alcohols, respectively. Plays a role in cell protection against oxidative stress by detoxifying peroxides; Belongs to the peroxiredoxin family. Prx5 subfamily.",10,0.1,-1.1844233,5.315613
Plate2_Drawer5 22-Jul-2025 11-23-32,C6,manB,VC_0242,Phosphomannomutase; Involved in GDP-mannose biosynthesis which serves as the activated sugar nucleotide precursor for mannose residues in cell surface polysaccharides; Belongs to the phosphohexose mutase family.,10,0.1,-1.3979508,12.440073
Plate2_Drawer5 22-Jul-2025 11-23-32,C7,mrcA,VC_2635,Penicillin-binding protein 1A; Cell wall formation. Synthesis of cross-linked peptidoglycan from the lipid intermediates. The enzyme has a penicillin-insensitive transglycosylase N-terminal domain (formation of linear glycan strands) and a penicillin-sensitive transpeptidase C-terminal domain (cross- linking of the peptide subunits).,10,0.1,8.160087,12.601266
Plate2_Drawer5 22-Jul-2025 11-23-32,C8,VC_A0079,VC_A0079,Conserved hypothetical protein; Identified by Glimmer2; putative.,10,0.1,-1.4797995,4.269002
Plate2_Drawer5 22-Jul-2025 11-23-32,C9,potA,VC_1428,"Spermidine/putrescine ABC transporter, ATP-binding protein; Part of the ABC transporter complex PotABCD involved in spermidine/putrescine import. Responsible for energy coupling to the transport system; Belongs to the ABC transporter superfamily. Spermidine/putrescine importer (TC 3.A.1.11.1) family.",10,0.1,4.888328,10.018029
Plate2_Drawer5 22-Jul-2025 11-23-32,D10,bioD,VC_1115,"Dethiobiotin synthetase; Catalyzes a mechanistically unusual reaction, the ATP- dependent insertion of CO2 between the N7 and N8 nitrogen atoms of 7,8- diaminopelargonic acid (DAPA) to form an ureido ring.",10,0.1,10.051765,12.873308
Plate2_Drawer5 22-Jul-2025 11-23-32,D11,flaA,VC_2188,Flagellin core protein A; Flagellin is the subunit protein which polymerizes to form the filaments of bacterial flagella. FlaA is required to form a core or scaffold into which the other flagellins are inserted to provide structural integrity. Essential for flagellar synthesis and motility; important for full virulence.,10,0.1,9.1362295,2.2985528
Plate2_Drawer5 22-Jul-2025 11-23-32,D12,wavL,VC_0239,Conserved hypothetical protein; Identified by Glimmer2; putative.,10,0.1,6.019144,15.461061
Plate2_Drawer5 22-Jul-2025 11-23-32,D1,VC_A0340,VC_A0340,Hypothetical protein; Identified by Glimmer2; putative.,10,0.1,-3.3539271,8.267628
Plate2_Drawer5 22-Jul-2025 11-23-32,D2,VC_0745,VC_0745,Inositol monophosphate family protein; Similar to GB:M34828 SP:P22783 PID:147899 GB:U00096 PID:1788882; identified by sequence similarity; putative; Belongs to the inositol monophosphatase superfamily.,10,0.1,0.8498122,7.493554
Plate2_Drawer5 22-Jul-2025 11-23-32,D3,VC_2485,VC_2485,"Transcriptional regulator, LysR family; Similar to GB:D10483 SP:P10151 GB:M21150 PID:1128961 PID:146605; identified by sequence similarity; putative; Belongs to the LysR transcriptional regulatory family.",10,0.1,4.1695123,10.432888
Plate2_Drawer5 22-Jul-2025 11-23-32,D4,rimO,VC_2620,Conserved hypothetical protein; Catalyzes the methylthiolation of an aspartic acid residue of ribosomal protein S12; Belongs to the methylthiotransferase family. RimO subfamily.,10,0.1,-4.449266,2.1882043
Plate2_Drawer5 22-Jul-2025 11-23-32,D5,bioA,VC_1111,"Adenosylmethionine-8-amino-7-oxononanoate aminotransferase; Catalyzes the transfer of the alpha-amino group from S- adenosyl-L-methionine (SAM) to 7-keto-8-aminopelargonic acid (KAPA) to form 7,8-diaminopelargonic acid (DAPA). It is the only animotransferase known to utilize SAM as an amino donor; Belongs to the class-III pyridoxal-phosphate-dependent aminotransferase family. BioA subfamily.",10,0.1,10.00949,12.894633
Plate2_Drawer5 22-Jul-2025 11-23-32,D6,wbeT,VC_0259,Lipopolysaccharide biosynthesis protein RfbV; Similar to GB:X59554 PID:48400 PID:1929424; identified by sequence similarity; putative.,10,0.1,13.332572,12.775497
Plate2_Drawer5 22-Jul-2025 11-23-32,D7,VC_0929,VC_0929,Hypothetical protein; Identified by Glimmer2; putative.,10,0.1,1.8472129,8.512453
Plate2_Drawer5 22-Jul-2025 11-23-32,D8,flgT,VC_2208,Hypothetical protein; Identified by Glimmer2; putative.,10,0.1,9.169235,2.1688886
Plate2_Drawer5 22-Jul-2025 11-23-32,D9,glyA1,VC_0941,"Serine hydroxymethyltransferase; Catalyzes the reversible interconversion of serine and glycine with tetrahydrofolate (THF) serving as the one-carbon carrier. This reaction serves as the major source of one-carbon groups required for the biosynthesis of purines, thymidylate, methionine, and other important biomolecules. Also exhibits THF-independent aldolase activity toward beta-hydroxyamino acids, producing glycine and aldehydes, via a retro-aldol mechanism.",10,0.1,3.2066963,17.019373
Plate2_Drawer5 22-Jul-2025 11-23-32,E10,flgA,VC_2203,"Flagellar protein, putative; Similar to PID:1272364; identified by sequence similarity; putative.",10,0.1,-2.0769312,4.107556
Plate2_Drawer5 22-Jul-2025 11-23-32,E11,VC_A0187,VC_A0187,Hypothetical protein; Identified by Glimmer2; putative.,10,0.1,2.045885,8.949657
Plate2_Drawer5 22-Jul-2025 11-23-32,E12,VC_1652,VC_1652,Response regulator VieA; Similar to GP:3123891; identified by sequence similarity; putative.,10,0.1,-3.7866464,6.3689437
Plate2_Drawer5 22-Jul-2025 11-23-32,E1,VC_1003,VC_1003,Bacteriocin production protein; Similar to GB:J01666 SP:P08550 PID:146367 PID:147415 GB:U00096; identified by sequence similarity; putative.,10,0.1,3.2242017,18.088507
Plate2_Drawer5 22-Jul-2025 11-23-32,E2,fliL,VC_2130,Flagellum-specific ATP synthase FliI; Similar to PID:1071643 SP:P52612 GB:U00096 PID:1736607 PID:1788251; identified by sequence similarity; putative.,10,0.1,9.214646,2.0416424
Plate2_Drawer5 22-Jul-2025 11-23-32,E3,pdhE2,VC_2413,"Pyruvate dehydrogenase, E2 component, dihydrolipoamide acetyltransferase; The pyruvate dehydrogenase complex catalyzes the overall conversion of pyruvate to acetyl-CoA and CO(2).",10,0.1,5.3449855,16.15094
Plate2_Drawer5 22-Jul-2025 11-23-32,E4,VC_0134,VC_0134,Conserved hypothetical protein; Identified by Glimmer2; putative.,10,0.1,-4.0028963,6.071075
Plate2_Drawer5 22-Jul-2025 11-23-32,E5,grx,VC_1146,Glutaredoxin 1; Has a glutathione-disulfide oxidoreductase activity in the presence of NADPH and glutathione reductase. Reduces low molecular weight disulfides and proteins (By similarity).,10,0.1,-4.5449247,1.9122019
Plate2_Drawer5 22-Jul-2025 11-23-32,E6,cheW,VC_2059,Purine-binding chemotaxis protein CheW; Similar to GB:M13462 SP:P07365 PID:145520 GB:U00096 PID:1736540; identified by sequence similarity; putative.,10,0.1,0.9088858,5.8377585
Plate2_Drawer5 22-Jul-2025 11-23-32,E7,nfuA,VC_2720,"Conserved hypothetical protein; Involved in iron-sulfur cluster biogenesis. Binds a 4Fe-4S cluster, can transfer this cluster to apoproteins, and thereby intervenes in the maturation of Fe/S proteins. Could also act as a scaffold/chaperone for damaged Fe/S proteins.",10,0.1,-1.8648015,5.338864
Plate2_Drawer5 22-Jul-2025 11-23-32,E8,groS2,VC_A0819,"Chaperonin, 10 Kd subunit; Binds to Cpn60 in the presence of Mg-ATP and suppresses the ATPase activity of the latter.",10,0.1,-5.403974,3.9783611
Plate2_Drawer5 22-Jul-2025 11-23-32,E9,potD1,VC_1424,"Spermidine/putrescine ABC transporter, periplasmic spermidine/putrescine-binding protein; Required for the activity of the bacterial periplasmic transport system of putrescine; Belongs to the bacterial solute-binding protein PotD/PotF family.",10,0.1,4.8919654,10.069225
Plate2_Drawer5 22-Jul-2025 11-23-32,F10,WT,WT,,10,0.1,-4.952896,3.8350463
Plate2_Drawer5 22-Jul-2025 11-23-32,F1,bioF,VC_1113,"8-amino-7-oxononanoate synthase; Catalyzes the decarboxylative condensation of pimeloyl-[acyl- carrier protein] and L-alanine to produce 8-amino-7-oxononanoate (AON), [acyl-carrier protein], and carbon dioxide.",10,0.1,9.644728,12.902384
Plate2_Drawer5 22-Jul-2025 11-23-32,F2,flgO,VC_2207,Hypothetical protein; Identified by Glimmer2; putative.,10,0.1,5.0423346,9.692461
Plate2_Drawer5 22-Jul-2025 11-23-32,F3,hslO,VC_2736,Conserved hypothetical protein; Redox regulated molecular chaperone. Protects both thermally unfolding and oxidatively damaged proteins from irreversible aggregation. Plays an important role in the bacterial defense system toward oxidative stress.,10,0.1,-1.4682146,7.4346323
Plate2_Drawer5 22-Jul-2025 11-23-32,F4,bioC,VC_1114,Biotin synthesis protein BioC; Converts the free carboxyl group of a malonyl-thioester to its methyl ester by transfer of a methyl group from S-adenosyl-L- methionine (SAM). It allows to synthesize pimeloyl-ACP via the fatty acid synthetic pathway.,10,0.1,10.665827,12.564193
Plate2_Drawer5 22-Jul-2025 11-23-32,F5,dnaN,VC_0013,"DNA polymerase III, beta chain; Confers DNA tethering and processivity to DNA polymerases and other proteins. Acts as a clamp, forming a ring around DNA (a reaction catalyzed by the clamp-loading complex) which diffuses in an ATP- independent manner freely and bidirectionally along dsDNA. Initially characterized for its ability to contact the catalytic subunit of DNA polymerase III (Pol III), a complex, multichain enzyme responsible for most of the replicative synthesis in bacteria; Pol III exhibits 3'-5' exonuclease proofreading activity. The beta chain is required for initiation of r [...] ",10,0.1,1.5673304,8.494428
Plate2_Drawer5 22-Jul-2025 11-23-32,F6,mutH,VC_0668,DNA mismatch repair protein MutH; Sequence-specific endonuclease that cleaves unmethylated GATC sequences. It is involved in DNA mismatch repair; Belongs to the MutH family.,10,0.1,-2.107075,8.678049
Plate2_Drawer5 22-Jul-2025 11-23-32,F7,pabC,VC_2018,"4-amino-4-deoxychorismate lyase; Involved in the biosynthesis of p-aminobenzoate (PABA), a precursor of tetrahydrofolate. Converts 4-amino-4-deoxychorismate into 4-aminobenzoate (PABA) and pyruvate (By similarity).",10,0.1,0.69800794,11.040995
Plate2_Drawer5 22-Jul-2025 11-23-32,F8,lexA,VC_0092,"LexA repressor; Represses a number of genes involved in the response to DNA damage (SOS response), including recA and lexA. In the presence of single-stranded DNA, RecA interacts with LexA causing an autocatalytic cleavage which disrupts the DNA-binding part of LexA, leading to derepression of the SOS regulon and eventually DNA repair.",10,0.1,0.816502,8.606585
Plate2_Drawer5 22-Jul-2025 11-23-32,F9,VC_2271,VC_2271,"Riboflavin-specific deaminase; Converts 2,5-diamino-6-(ribosylamino)-4(3h)-pyrimidinone 5'- phosphate into 5-amino-6-(ribosylamino)-2,4(1h,3h)-pyrimidinedione 5'- phosphate; In the C-terminal section; belongs to the HTP reductase family.",10,0.1,2.44063,9.271815
Plate2_Drawer5 25-Aug-2025 13-08-37,A10,VC_2523,VC_2523,Conserved hypothetical protein; Identified by Glimmer2; putative.,10,0.1,-3.845214,3.7579234
Plate2_Drawer5 25-Aug-2025 13-08-37,A11,fliR,VC_2121,Flagellar biosynthetic protein FliR; Role in flagellar biosynthesis. Belongs to the FliR/MopE/SpaR family.,10,0.1,9.1476555,5.8970695
Plate2_Drawer5 25-Aug-2025 13-08-37,A12,argR,VC_0431,Arginine repressor; Regulates arginine biosynthesis genes.,10,0.1,-1.7357705,5.4544277
Plate2_Drawer5 25-Aug-2025 13-08-37,A1,flgK,VC_2191,Flagellar hook-associated protein FlgM; Similar to PID:2443633; identified by sequence similarity; putative. HOOK FILSMENT JUNCTION,10,0.1,-0.61497146,9.778199
Plate2_Drawer5 25-Aug-2025 13-08-37,A2,flrB,VC_2136,Sensory box sensor histidine kinase; Similar to PID:2338728; identified by sequence similarity; putative.,10,0.1,9.570349,5.341351
Plate2_Drawer5 25-Aug-2025 13-08-37,A3,rjg,VC_0264,Conserved hypothetical protein; Identified by Glimmer2; putative.,10,0.1,-4.38256,2.2835603
Plate2_Drawer5 25-Aug-2025 13-08-37,A4,fliA,VC_2066,RNA polymerase sigma factor for flagellar operon FliA; Sigma factors are initiation factors that promote the attachment of RNA polymerase to specific initiation sites and are then released. This sigma factor controls the expression of flagella-related genes; Belongs to the sigma-70 factor family. FliA subfamily.,10,0.1,9.25089,2.036371
Plate2_Drawer5 25-Aug-2025 13-08-37,A5,flgM,VC_2204,"Negative regulator of flagellin synthesis FlgM, putative; Similar to GB:L14437 SP:P39809 PID:451869 PID:1762336 GB:AL009126; identified by sequence similarity; putative.",10,0.1,-3.5339198,4.5405707
Plate2_Drawer5 25-Aug-2025 13-08-37,A6,flrA,VC_2137,Sigma-54 dependent transcriptional activator; Similar to PID:2338727; identified by sequence similarity; putative.,10,0.1,9.796773,3.0945065
Plate2_Drawer5 25-Aug-2025 13-08-37,A7,VC_1291,VC_1291,Conserved hypothetical protein; Identified by Glimmer2; putative.,10,0.1,0.4578941,7.8301377
Plate2_Drawer5 25-Aug-2025 13-08-37,A8,thiI,VC_0894,"Thiamin biosynthesis protein ThiI; Catalyzes the ATP-dependent transfer of a sulfur to tRNA to produce 4-thiouridine in position 8 of tRNAs, which functions as a near-UV photosensor. Also catalyzes the transfer of sulfur to the sulfur carrier protein ThiS, forming ThiS-thiocarboxylate. This is a step in the synthesis of thiazole, in the thiamine biosynthesis pathway. The sulfur is donated as persulfide by IscS.",10,0.1,-5.751368,3.4724324
Plate2_Drawer5 25-Aug-2025 13-08-37,A9,flhB,VC_2120,"Flagellar biosynthetic protein FlhB; Required for formation of the rod structure in the basal body of the flagellar apparatus. Together with FliI and FliH, may constitute the export apparatus of flagellin; Belongs to the type III secretion exporter family.",10,0.1,8.470786,4.864198
Plate2_Drawer5 25-Aug-2025 13-08-37,B10,wbeN,VC_0251,Acyl protein synthase/acyl-CoA reductase RfbN; Similar to GB:X59554 PID:48393; identified by sequence similarity; putative.,10,0.1,-1.2628405,11.940914
Plate2_Drawer5 25-Aug-2025 13-08-37,B11,wbeL,VC_0249,rfbL protein; Similar to GB:X59554 PID:48391; identified by sequence similarity; putative.,10,0.1,5.9390845,21.533861
Plate2_Drawer5 25-Aug-2025 13-08-37,B12,pstB1,VC_0726,"Phosphate ABC transporter, ATP-binding protein; Part of the ABC transporter complex PstSACB involved in phosphate import. Responsible for energy coupling to the transport system; Belongs to the ABC transporter superfamily. Phosphate importer (TC 3.A.1.7) family.",10,0.1,-3.4422758,8.108995
Plate2_Drawer5 25-Aug-2025 13-08-37,B1,aroE,VC_0056,"Shikimate 5-dehydrogenase; Involved in the biosynthesis of the chorismate, which leads to the biosynthesis of aromatic amino acids. Catalyzes the reversible NADPH linked reduction of 3-dehydroshikimate (DHSA) to yield shikimate (SA).",10,0.1,-5.172288,4.1193123
Plate2_Drawer5 25-Aug-2025 13-08-37,B4,VC_A0146,VC_A0146,Conserved hypothetical protein; Identified by Glimmer2; putative.,10,0.1,1.4802585,8.398424
Plate2_Drawer5 25-Aug-2025 13-08-37,B5,VC_0289,VC_0289,Gluconate utilization system gnt-I transcriptional repressor; Similar to PID:1304069; identified by sequence similarity; putative.,10,0.1,-4.435263,1.7972609
Plate2_Drawer5 25-Aug-2025 13-08-37,B6,VC_A0005,VC_A0005,Hypothetical protein; Identified by Glimmer2; putative.,10,0.1,-3.7754223,3.7435918
Plate2_Drawer5 25-Aug-2025 13-08-37,B8,mltF,VC_0866,"Transglycosylase, Slt family; Murein-degrading enzyme that degrades murein glycan strands and insoluble, high-molecular weight murein sacculi, with the concomitant formation of a 1,6-anhydromuramoyl product. Lytic transglycosylases (LTs) play an integral role in the metabolism of the peptidoglycan (PG) sacculus. Their lytic action creates space within the PG sacculus to allow for its expansion as well as for the insertion of various structures such as secretion systems and flagella. In the N-terminal section; belongs to the bacterial solute- binding protein 3 family.",10,0.1,10.650888,-4.978452
Plate2_Drawer5 25-Aug-2025 13-08-37,B9,VC_A0726,VC_A0726,"Molybdenum ABC transporter, periplasmic molybdenum-binding protein; Similar to GB:L34009 SP:P37329 PID:504498 PID:973214 PID:1147817; identified by sequence similarity; putative.",10,0.1,-1.7708174,5.3669477
Plate2_Drawer5 25-Aug-2025 13-08-37,C10,flgF,VC_2196,Flagellar basal-body rod protein FlgF; Similar to GB:U00096 SP:P75938 PID:1787317; identified by sequence similarity; putative; Belongs to the flagella basal body rod proteins family.,10,0.1,9.466003,5.6525006
Plate2_Drawer5 25-Aug-2025 13-08-37,C11,VC_2441,VC_2441,Conserved hypothetical protein; Identified by Glimmer2; putative.,10,0.1,-1.1455158,5.570754
Plate2_Drawer5 25-Aug-2025 13-08-37,C12,VC_1710,VC_1710,Conserved hypothetical protein; Identified by Glimmer2; putative.,10,0.1,-3.7035575,7.781035
Plate2_Drawer5 25-Aug-2025 13-08-37,C1,VC_1885,VC_1885,Hypothetical protein; Identified by Glimmer2; putative.,10,0.1,0.6685788,2.710324
Plate2_Drawer5 25-Aug-2025 13-08-37,C2,aroQ,VC_0297,3-dehydroquinate dehydratase; Catalyzes a trans-dehydration via an enolate intermediate. Belongs to the type-II 3-dehydroquinase family.,10,0.1,1.0422075,13.902272
Plate2_Drawer5 25-Aug-2025 13-08-37,C3,VC_1359,VC_1359,"Amino acid ABC transporter, ATP-binding protein; Similar to PID:1154897; identified by sequence similarity; putative.",10,0.1,-2.2346504,14.327062
Plate2_Drawer5 25-Aug-2025 13-08-37,C4,VC_A0328,VC_A0328,"Biphenyl-2,3-diol 1,2-dioxygenase III-related protein; Similar to GB:X75635 SP:P47233 PID:473121; identified by sequence similarity; putative.",10,0.1,-3.5688787,4.6378164
Plate2_Drawer5 25-Aug-2025 13-08-37,C5,VC_1350,VC_1350,"Antioxidant, putative; Thiol-specific peroxidase that catalyzes the reduction of hydrogen peroxide and organic hydroperoxides to water and alcohols, respectively. Plays a role in cell protection against oxidative stress by detoxifying peroxides; Belongs to the peroxiredoxin family. Prx5 subfamily.",10,0.1,-1.3280972,5.0408335
Plate2_Drawer5 25-Aug-2025 13-08-37,C6,manB,VC_0242,Phosphomannomutase; Involved in GDP-mannose biosynthesis which serves as the activated sugar nucleotide precursor for mannose residues in cell surface polysaccharides; Belongs to the phosphohexose mutase family.,10,0.1,-2.092808,13.552868
Plate2_Drawer5 25-Aug-2025 13-08-37,C7,mrcA,VC_2635,Penicillin-binding protein 1A; Cell wall formation. Synthesis of cross-linked peptidoglycan from the lipid intermediates. The enzyme has a penicillin-insensitive transglycosylase N-terminal domain (formation of linear glycan strands) and a penicillin-sensitive transpeptidase C-terminal domain (cross- linking of the peptide subunits).,10,0.1,8.219358,12.555092
Plate2_Drawer5 25-Aug-2025 13-08-37,C8,VC_A0079,VC_A0079,Conserved hypothetical protein; Identified by Glimmer2; putative.,10,0.1,3.1944952,8.744234
Plate2_Drawer5 25-Aug-2025 13-08-37,C9,potA,VC_1428,"Spermidine/putrescine ABC transporter, ATP-binding protein; Part of the ABC transporter complex PotABCD involved in spermidine/putrescine import. Responsible for energy coupling to the transport system; Belongs to the ABC transporter superfamily. Spermidine/putrescine importer (TC 3.A.1.11.1) family.",10,0.1,4.58745,10.870711
Plate2_Drawer5 25-Aug-2025 13-08-37,D10,bioD,VC_1115,"Dethiobiotin synthetase; Catalyzes a mechanistically unusual reaction, the ATP- dependent insertion of CO2 between the N7 and N8 nitrogen atoms of 7,8- diaminopelargonic acid (DAPA) to form an ureido ring.",10,0.1,10.74142,12.527722
Plate2_Drawer5 25-Aug-2025 13-08-37,D11,flaA,VC_2188,Flagellin core protein A; Flagellin is the subunit protein which polymerizes to form the filaments of bacterial flagella. FlaA is required to form a core or scaffold into which the other flagellins are inserted to provide structural integrity. Essential for flagellar synthesis and motility; important for full virulence.,10,0.1,8.5964,4.7354803
Plate2_Drawer5 25-Aug-2025 13-08-37,D12,wavL,VC_0239,Conserved hypothetical protein; Identified by Glimmer2; putative.,10,0.1,6.729313,15.555052
Plate2_Drawer5 25-Aug-2025 13-08-37,D1,VC_A0340,VC_A0340,Hypothetical protein; Identified by Glimmer2; putative.,10,0.1,0.2644934,2.997013
Plate2_Drawer5 25-Aug-2025 13-08-37,D2,VC_0745,VC_0745,Inositol monophosphate family protein; Similar to GB:M34828 SP:P22783 PID:147899 GB:U00096 PID:1788882; identified by sequence similarity; putative; Belongs to the inositol monophosphatase superfamily.,10,0.1,2.6505992,15.8385725
Plate2_Drawer5 25-Aug-2025 13-08-37,D3,VC_2485,VC_2485,"Transcriptional regulator, LysR family; Similar to GB:D10483 SP:P10151 GB:M21150 PID:1128961 PID:146605; identified by sequence similarity; putative; Belongs to the LysR transcriptional regulatory family.",10,0.1,3.5191648,10.303365
Plate2_Drawer5 25-Aug-2025 13-08-37,D4,rimO,VC_2620,Conserved hypothetical protein; Catalyzes the methylthiolation of an aspartic acid residue of ribosomal protein S12; Belongs to the methylthiotransferase family. RimO subfamily.,10,0.1,-3.8940673,6.697771
Plate2_Drawer5 25-Aug-2025 13-08-37,D5,bioA,VC_1111,"Adenosylmethionine-8-amino-7-oxononanoate aminotransferase; Catalyzes the transfer of the alpha-amino group from S- adenosyl-L-methionine (SAM) to 7-keto-8-aminopelargonic acid (KAPA) to form 7,8-diaminopelargonic acid (DAPA). It is the only animotransferase known to utilize SAM as an amino donor; Belongs to the class-III pyridoxal-phosphate-dependent aminotransferase family. BioA subfamily.",10,0.1,10.52748,12.673281
Plate2_Drawer5 25-Aug-2025 13-08-37,D6,wbeT,VC_0259,Lipopolysaccharide biosynthesis protein RfbV; Similar to GB:X59554 PID:48400 PID:1929424; identified by sequence similarity; putative.,10,0.1,13.4375515,12.824438
Plate2_Drawer5 25-Aug-2025 13-08-37,D7,VC_0929,VC_0929,Hypothetical protein; Identified by Glimmer2; putative.,10,0.1,1.6752362,8.188433
Plate2_Drawer5 25-Aug-2025 13-08-37,D8,flgT,VC_2208,Hypothetical protein; Identified by Glimmer2; putative.,10,0.1,9.483139,3.8637767
Plate2_Drawer5 25-Aug-2025 13-08-37,D9,glyA1,VC_0941,"Serine hydroxymethyltransferase; Catalyzes the reversible interconversion of serine and glycine with tetrahydrofolate (THF) serving as the one-carbon carrier. This reaction serves as the major source of one-carbon groups required for the biosynthesis of purines, thymidylate, methionine, and other important biomolecules. Also exhibits THF-independent aldolase activity toward beta-hydroxyamino acids, producing glycine and aldehydes, via a retro-aldol mechanism.",10,0.1,3.0814073,16.7011
Plate2_Drawer5 25-Aug-2025 13-08-37,E10,flgA,VC_2203,"Flagellar protein, putative; Similar to PID:1272364; identified by sequence similarity; putative.",10,0.1,1.0128096,6.2512608
Plate2_Drawer5 25-Aug-2025 13-08-37,E11,VC_A0187,VC_A0187,Hypothetical protein; Identified by Glimmer2; putative.,10,0.1,2.0629258,8.935928
Plate2_Drawer5 25-Aug-2025 13-08-37,E12,VC_1652,VC_1652,Response regulator VieA; Similar to GP:3123891; identified by sequence similarity; putative.,10,0.1,-2.190046,8.713794
Plate2_Drawer5 25-Aug-2025 13-08-37,E1,VC_1003,VC_1003,Bacteriocin production protein; Similar to GB:J01666 SP:P08550 PID:146367 PID:147415 GB:U00096; identified by sequence similarity; putative.,10,0.1,-0.18863031,11.943298
Plate2_Drawer5 25-Aug-2025 13-08-37,E2,fliL,VC_2130,Flagellum-specific ATP synthase FliI; Similar to PID:1071643 SP:P52612 GB:U00096 PID:1736607 PID:1788251; identified by sequence similarity; putative.,10,0.1,9.4084015,5.9460583
Plate2_Drawer5 25-Aug-2025 13-08-37,E3,pdhE2,VC_2413,"Pyruvate dehydrogenase, E2 component, dihydrolipoamide acetyltransferase; The pyruvate dehydrogenase complex catalyzes the overall conversion of pyruvate to acetyl-CoA and CO(2).",10,0.1,5.3853555,16.151289
Plate2_Drawer5 25-Aug-2025 13-08-37,E4,VC_0134,VC_0134,Conserved hypothetical protein; Identified by Glimmer2; putative.,10,0.1,-4.302765,2.209032
Plate2_Drawer5 25-Aug-2025 13-08-37,E5,grx,VC_1146,Glutaredoxin 1; Has a glutathione-disulfide oxidoreductase activity in the presence of NADPH and glutathione reductase. Reduces low molecular weight disulfides and proteins (By similarity).,10,0.1,-4.3315883,0.963191
Plate2_Drawer5 25-Aug-2025 13-08-37,E6,cheW,VC_2059,Purine-binding chemotaxis protein CheW; Similar to GB:M13462 SP:P07365 PID:145520 GB:U00096 PID:1736540; identified by sequence similarity; putative.,10,0.1,0.99545884,5.887072
Plate2_Drawer5 25-Aug-2025 13-08-37,E7,nfuA,VC_2720,"Conserved hypothetical protein; Involved in iron-sulfur cluster biogenesis. Binds a 4Fe-4S cluster, can transfer this cluster to apoproteins, and thereby intervenes in the maturation of Fe/S proteins. Could also act as a scaffold/chaperone for damaged Fe/S proteins.",10,0.1,2.1416771,15.272885
Plate2_Drawer5 25-Aug-2025 13-08-37,E8,groS2,VC_A0819,"Chaperonin, 10 Kd subunit; Binds to Cpn60 in the presence of Mg-ATP and suppresses the ATPase activity of the latter.",10,0.1,-5.242133,1.6871634
Plate2_Drawer5 25-Aug-2025 13-08-37,E9,potD1,VC_1424,"Spermidine/putrescine ABC transporter, periplasmic spermidine/putrescine-binding protein; Required for the activity of the bacterial periplasmic transport system of putrescine; Belongs to the bacterial solute-binding protein PotD/PotF family.",10,0.1,4.691813,10.394817
Plate2_Drawer5 25-Aug-2025 13-08-37,F10,WT,WT,,10,0.1,-5.1841564,1.7681774
Plate2_Drawer5 25-Aug-2025 13-08-37,F1,bioF,VC_1113,"8-amino-7-oxononanoate synthase; Catalyzes the decarboxylative condensation of pimeloyl-[acyl- carrier protein] and L-alanine to produce 8-amino-7-oxononanoate (AON), [acyl-carrier protein], and carbon dioxide.",10,0.1,9.565544,12.947061
Plate2_Drawer5 25-Aug-2025 13-08-37,F2,flgO,VC_2207,Hypothetical protein; Identified by Glimmer2; putative.,10,0.1,5.6635866,9.5764885
Plate2_Drawer5 25-Aug-2025 13-08-37,F3,hslO,VC_2736,Conserved hypothetical protein; Redox regulated molecular chaperone. Protects both thermally unfolding and oxidatively damaged proteins from irreversible aggregation. Plays an important role in the bacterial defense system toward oxidative stress.,10,0.1,-1.8602033,7.604414
Plate2_Drawer5 25-Aug-2025 13-08-37,F4,bioC,VC_1114,Biotin synthesis protein BioC; Converts the free carboxyl group of a malonyl-thioester to its methyl ester by transfer of a methyl group from S-adenosyl-L- methionine (SAM). It allows to synthesize pimeloyl-ACP via the fatty acid synthetic pathway.,10,0.1,10.495156,12.688483
Plate2_Drawer5 25-Aug-2025 13-08-37,F5,dnaN,VC_0013,"DNA polymerase III, beta chain; Confers DNA tethering and processivity to DNA polymerases and other proteins. Acts as a clamp, forming a ring around DNA (a reaction catalyzed by the clamp-loading complex) which diffuses in an ATP- independent manner freely and bidirectionally along dsDNA. Initially characterized for its ability to contact the catalytic subunit of DNA polymerase III (Pol III), a complex, multichain enzyme responsible for most of the replicative synthesis in bacteria; Pol III exhibits 3'-5' exonuclease proofreading activity. The beta chain is required for initiation of r [...] ",10,0.1,2.1690166,9.0190525
Plate2_Drawer5 25-Aug-2025 13-08-37,F6,mutH,VC_0668,DNA mismatch repair protein MutH; Sequence-specific endonuclease that cleaves unmethylated GATC sequences. It is involved in DNA mismatch repair; Belongs to the MutH family.,10,0.1,-3.277182,8.748958
Plate2_Drawer5 25-Aug-2025 13-08-37,F7,pabC,VC_2018,"4-amino-4-deoxychorismate lyase; Involved in the biosynthesis of p-aminobenzoate (PABA), a precursor of tetrahydrofolate. Converts 4-amino-4-deoxychorismate into 4-aminobenzoate (PABA) and pyruvate (By similarity).",10,0.1,1.1506323,11.142534
Plate2_Drawer5 25-Aug-2025 13-08-37,F8,lexA,VC_0092,"LexA repressor; Represses a number of genes involved in the response to DNA damage (SOS response), including recA and lexA. In the presence of single-stranded DNA, RecA interacts with LexA causing an autocatalytic cleavage which disrupts the DNA-binding part of LexA, leading to derepression of the SOS regulon and eventually DNA repair.",10,0.1,0.38067123,8.503247
Plate2_Drawer5 25-Aug-2025 13-08-37,F9,VC_2271,VC_2271,"Riboflavin-specific deaminase; Converts 2,5-diamino-6-(ribosylamino)-4(3h)-pyrimidinone 5'- phosphate into 5-amino-6-(ribosylamino)-2,4(1h,3h)-pyrimidinedione 5'- phosphate; In the C-terminal section; belongs to the HTP reductase family.",10,0.1,2.4554863,9.260443
Plate2_Drawer5 25-Jul-2025 15-13-08,A10,VC_2523,VC_2523,Conserved hypothetical protein; Identified by Glimmer2; putative.,10,0.1,-6.7650065,4.729021
Plate2_Drawer5 25-Jul-2025 15-13-08,A11,fliR,VC_2121,Flagellar biosynthetic protein FliR; Role in flagellar biosynthesis. Belongs to the FliR/MopE/SpaR family.,10,0.1,9.230461,5.979483
Plate2_Drawer5 25-Jul-2025 15-13-08,A12,argR,VC_0431,Arginine repressor; Regulates arginine biosynthesis genes.,10,0.1,0.6555353,10.000649
Plate2_Drawer5 25-Jul-2025 15-13-08,A1,flgK,VC_2191,Flagellar hook-associated protein FlgM; Similar to PID:2443633; identified by sequence similarity; putative. HOOK FILSMENT JUNCTION,10,0.1,0.3438992,7.7044153
Plate2_Drawer5 25-Jul-2025 15-13-08,A2,flrB,VC_2136,Sensory box sensor histidine kinase; Similar to PID:2338728; identified by sequence similarity; putative.,10,0.1,9.483654,3.526011
Plate2_Drawer5 25-Jul-2025 15-13-08,A3,rjg,VC_0264,Conserved hypothetical protein; Identified by Glimmer2; putative.,10,0.1,-4.9413795,7.406632
Plate2_Drawer5 25-Jul-2025 15-13-08,A4,fliA,VC_2066,RNA polymerase sigma factor for flagellar operon FliA; Sigma factors are initiation factors that promote the attachment of RNA polymerase to specific initiation sites and are then released. This sigma factor controls the expression of flagella-related genes; Belongs to the sigma-70 factor family. FliA subfamily.,10,0.1,10.095597,3.1830082
Plate2_Drawer5 25-Jul-2025 15-13-08,A5,flgM,VC_2204,"Negative regulator of flagellin synthesis FlgM, putative; Similar to GB:L14437 SP:P39809 PID:451869 PID:1762336 GB:AL009126; identified by sequence similarity; putative.",10,0.1,-1.906108,7.0635533
Plate2_Drawer5 25-Jul-2025 15-13-08,A6,flrA,VC_2137,Sigma-54 dependent transcriptional activator; Similar to PID:2338727; identified by sequence similarity; putative.,10,0.1,9.988013,3.2123084
Plate2_Drawer5 25-Jul-2025 15-13-08,A7,VC_1291,VC_1291,Conserved hypothetical protein; Identified by Glimmer2; putative.,10,0.1,0.63705194,10.122455
Plate2_Drawer5 25-Jul-2025 15-13-08,A8,thiI,VC_0894,"Thiamin biosynthesis protein ThiI; Catalyzes the ATP-dependent transfer of a sulfur to tRNA to produce 4-thiouridine in position 8 of tRNAs, which functions as a near-UV photosensor. Also catalyzes the transfer of sulfur to the sulfur carrier protein ThiS, forming ThiS-thiocarboxylate. This is a step in the synthesis of thiazole, in the thiamine biosynthesis pathway. The sulfur is donated as persulfide by IscS.",10,0.1,-5.4179907,7.4276776
Plate2_Drawer5 25-Jul-2025 15-13-08,A9,flhB,VC_2120,"Flagellar biosynthetic protein FlhB; Required for formation of the rod structure in the basal body of the flagellar apparatus. Together with FliI and FliH, may constitute the export apparatus of flagellin; Belongs to the type III secretion exporter family.",10,0.1,8.96233,5.7869077
Plate2_Drawer5 25-Jul-2025 15-13-08,B10,wbeN,VC_0251,Acyl protein synthase/acyl-CoA reductase RfbN; Similar to GB:X59554 PID:48393; identified by sequence similarity; putative.,10,0.1,-0.722675,11.92066
Plate2_Drawer5 25-Jul-2025 15-13-08,B11,wbeL,VC_0249,rfbL protein; Similar to GB:X59554 PID:48391; identified by sequence similarity; putative.,10,0.1,5.980313,20.963736
Plate2_Drawer5 25-Jul-2025 15-13-08,B12,pstB1,VC_0726,"Phosphate ABC transporter, ATP-binding protein; Part of the ABC transporter complex PstSACB involved in phosphate import. Responsible for energy coupling to the transport system; Belongs to the ABC transporter superfamily. Phosphate importer (TC 3.A.1.7) family.",10,0.1,-3.1966968,8.418673
Plate2_Drawer5 25-Jul-2025 15-13-08,B1,aroE,VC_0056,"Shikimate 5-dehydrogenase; Involved in the biosynthesis of the chorismate, which leads to the biosynthesis of aromatic amino acids. Catalyzes the reversible NADPH linked reduction of 3-dehydroshikimate (DHSA) to yield shikimate (SA).",10,0.1,-5.200689,6.3329263
Plate2_Drawer5 25-Jul-2025 15-13-08,B4,VC_A0146,VC_A0146,Conserved hypothetical protein; Identified by Glimmer2; putative.,10,0.1,4.627782,10.392212
Plate2_Drawer5 25-Jul-2025 15-13-08,B5,VC_0289,VC_0289,Gluconate utilization system gnt-I transcriptional repressor; Similar to PID:1304069; identified by sequence similarity; putative.,10,0.1,-5.1146026,6.000148
Plate2_Drawer5 25-Jul-2025 15-13-08,B6,VC_A0005,VC_A0005,Hypothetical protein; Identified by Glimmer2; putative.,10,0.1,-6.657512,4.6678667
Plate2_Drawer5 25-Jul-2025 15-13-08,B8,mltF,VC_0866,"Transglycosylase, Slt family; Murein-degrading enzyme that degrades murein glycan strands and insoluble, high-molecular weight murein sacculi, with the concomitant formation of a 1,6-anhydromuramoyl product. Lytic transglycosylases (LTs) play an integral role in the metabolism of the peptidoglycan (PG) sacculus. Their lytic action creates space within the PG sacculus to allow for its expansion as well as for the insertion of various structures such as secretion systems and flagella. In the N-terminal section; belongs to the bacterial solute- binding protein 3 family.",10,0.1,10.654016,-4.981677
Plate2_Drawer5 25-Jul-2025 15-13-08,B9,VC_A0726,VC_A0726,"Molybdenum ABC transporter, periplasmic molybdenum-binding protein; Similar to GB:L34009 SP:P37329 PID:504498 PID:973214 PID:1147817; identified by sequence similarity; putative.",10,0.1,-0.48642105,7.545993
Plate2_Drawer5 25-Jul-2025 15-13-08,C10,flgF,VC_2196,Flagellar basal-body rod protein FlgF; Similar to GB:U00096 SP:P75938 PID:1787317; identified by sequence similarity; putative; Belongs to the flagella basal body rod proteins family.,10,0.1,9.54968,5.34258
Plate2_Drawer5 25-Jul-2025 15-13-08,C11,VC_2441,VC_2441,Conserved hypothetical protein; Identified by Glimmer2; putative.,10,0.1,1.9419907,12.440256
Plate2_Drawer5 25-Jul-2025 15-13-08,C12,VC_1710,VC_1710,Conserved hypothetical protein; Identified by Glimmer2; putative.,10,0.1,-3.7824652,8.645497
Plate2_Drawer5 25-Jul-2025 15-13-08,C1,VC_1885,VC_1885,Hypothetical protein; Identified by Glimmer2; putative.,10,0.1,0.6868702,2.6857643
Plate2_Drawer5 25-Jul-2025 15-13-08,C3,VC_1359,VC_1359,"Amino acid ABC transporter, ATP-binding protein; Similar to PID:1154897; identified by sequence similarity; putative.",10,0.1,-2.2451649,14.337437
Plate2_Drawer5 25-Jul-2025 15-13-08,C4,VC_A0328,VC_A0328,"Biphenyl-2,3-diol 1,2-dioxygenase III-related protein; Similar to GB:X75635 SP:P47233 PID:473121; identified by sequence similarity; putative.",10,0.1,-2.3448036,7.3156714
Plate2_Drawer5 25-Jul-2025 15-13-08,C5,VC_1350,VC_1350,"Antioxidant, putative; Thiol-specific peroxidase that catalyzes the reduction of hydrogen peroxide and organic hydroperoxides to water and alcohols, respectively. Plays a role in cell protection against oxidative stress by detoxifying peroxides; Belongs to the peroxiredoxin family. Prx5 subfamily.",10,0.1,-0.4388024,7.795956
Plate2_Drawer5 25-Jul-2025 15-13-08,C6,manB,VC_0242,Phosphomannomutase; Involved in GDP-mannose biosynthesis which serves as the activated sugar nucleotide precursor for mannose residues in cell surface polysaccharides; Belongs to the phosphohexose mutase family.,10,0.1,-2.0605948,13.511927
Plate2_Drawer5 25-Jul-2025 15-13-08,C7,mrcA,VC_2635,Penicillin-binding protein 1A; Cell wall formation. Synthesis of cross-linked peptidoglycan from the lipid intermediates. The enzyme has a penicillin-insensitive transglycosylase N-terminal domain (formation of linear glycan strands) and a penicillin-sensitive transpeptidase C-terminal domain (cross- linking of the peptide subunits).,10,0.1,5.491741,13.967995
Plate2_Drawer5 25-Jul-2025 15-13-08,C8,VC_A0079,VC_A0079,Conserved hypothetical protein; Identified by Glimmer2; putative.,10,0.1,3.9031372,12.796973
Plate2_Drawer5 25-Jul-2025 15-13-08,C9,potA,VC_1428,"Spermidine/putrescine ABC transporter, ATP-binding protein; Part of the ABC transporter complex PotABCD involved in spermidine/putrescine import. Responsible for energy coupling to the transport system; Belongs to the ABC transporter superfamily. Spermidine/putrescine importer (TC 3.A.1.11.1) family.",10,0.1,3.6813588,12.74702
Plate2_Drawer5 25-Jul-2025 15-13-08,D10,bioD,VC_1115,"Dethiobiotin synthetase; Catalyzes a mechanistically unusual reaction, the ATP- dependent insertion of CO2 between the N7 and N8 nitrogen atoms of 7,8- diaminopelargonic acid (DAPA) to form an ureido ring.",10,0.1,9.040115,12.929931
Plate2_Drawer5 25-Jul-2025 15-13-08,D11,flaA,VC_2188,Flagellin core protein A; Flagellin is the subunit protein which polymerizes to form the filaments of bacterial flagella. FlaA is required to form a core or scaffold into which the other flagellins are inserted to provide structural integrity. Essential for flagellar synthesis and motility; important for full virulence.,10,0.1,8.651624,4.7399282
Plate2_Drawer5 25-Jul-2025 15-13-08,D12,wavL,VC_0239,Conserved hypothetical protein; Identified by Glimmer2; putative.,10,0.1,6.7762837,15.582113
Plate2_Drawer5 25-Jul-2025 15-13-08,D1,VC_A0340,VC_A0340,Hypothetical protein; Identified by Glimmer2; putative.,10,0.1,-4.588066,5.384533
Plate2_Drawer5 25-Jul-2025 15-13-08,D2,VC_0745,VC_0745,Inositol monophosphate family protein; Similar to GB:M34828 SP:P22783 PID:147899 GB:U00096 PID:1788882; identified by sequence similarity; putative; Belongs to the inositol monophosphatase superfamily.,10,0.1,2.6792324,15.598748
Plate2_Drawer5 25-Jul-2025 15-13-08,D3,VC_2485,VC_2485,"Transcriptional regulator, LysR family; Similar to GB:D10483 SP:P10151 GB:M21150 PID:1128961 PID:146605; identified by sequence similarity; putative; Belongs to the LysR transcriptional regulatory family.",10,0.1,2.7876348,11.932832
Plate2_Drawer5 25-Jul-2025 15-13-08,D4,rimO,VC_2620,Conserved hypothetical protein; Catalyzes the methylthiolation of an aspartic acid residue of ribosomal protein S12; Belongs to the methylthiotransferase family. RimO subfamily.,10,0.1,-5.501999,6.4123406
Plate2_Drawer5 25-Jul-2025 15-13-08,D5,bioA,VC_1111,"Adenosylmethionine-8-amino-7-oxononanoate aminotransferase; Catalyzes the transfer of the alpha-amino group from S- adenosyl-L-methionine (SAM) to 7-keto-8-aminopelargonic acid (KAPA) to form 7,8-diaminopelargonic acid (DAPA). It is the only animotransferase known to utilize SAM as an amino donor; Belongs to the class-III pyridoxal-phosphate-dependent aminotransferase family. BioA subfamily.",10,0.1,9.6554785,12.896647
Plate2_Drawer5 25-Jul-2025 15-13-08,D6,wbeT,VC_0259,Lipopolysaccharide biosynthesis protein RfbV; Similar to GB:X59554 PID:48400 PID:1929424; identified by sequence similarity; putative.,10,0.1,13.435044,12.815723
Plate2_Drawer5 25-Jul-2025 15-13-08,D7,VC_0929,VC_0929,Hypothetical protein; Identified by Glimmer2; putative.,10,0.1,2.1813986,11.716372
Plate2_Drawer5 25-Jul-2025 15-13-08,D8,flgT,VC_2208,Hypothetical protein; Identified by Glimmer2; putative.,10,0.1,9.474064,5.0728083
Plate2_Drawer5 25-Jul-2025 15-13-08,D9,glyA1,VC_0941,"Serine hydroxymethyltransferase; Catalyzes the reversible interconversion of serine and glycine with tetrahydrofolate (THF) serving as the one-carbon carrier. This reaction serves as the major source of one-carbon groups required for the biosynthesis of purines, thymidylate, methionine, and other important biomolecules. Also exhibits THF-independent aldolase activity toward beta-hydroxyamino acids, producing glycine and aldehydes, via a retro-aldol mechanism.",10,0.1,3.248893,17.119654
Plate2_Drawer5 25-Jul-2025 15-13-08,E10,flgA,VC_2203,"Flagellar protein, putative; Similar to PID:1272364; identified by sequence similarity; putative.",10,0.1,2.926512,8.72117
Plate2_Drawer5 25-Jul-2025 15-13-08,E11,VC_A0187,VC_A0187,Hypothetical protein; Identified by Glimmer2; putative.,10,0.1,1.9411316,12.393239
Plate2_Drawer5 25-Jul-2025 15-13-08,E12,VC_1652,VC_1652,Response regulator VieA; Similar to GP:3123891; identified by sequence similarity; putative.,10,0.1,-3.9553494,8.671759
Plate2_Drawer5 25-Jul-2025 15-13-08,E1,VC_1003,VC_1003,Bacteriocin production protein; Similar to GB:J01666 SP:P08550 PID:146367 PID:147415 GB:U00096; identified by sequence similarity; putative.,10,0.1,-0.2426228,3.2390501
Plate2_Drawer5 25-Jul-2025 15-13-08,E2,fliL,VC_2130,Flagellum-specific ATP synthase FliI; Similar to PID:1071643 SP:P52612 GB:U00096 PID:1736607 PID:1788251; identified by sequence similarity; putative.,10,0.1,9.11396,4.521426
Plate2_Drawer5 25-Jul-2025 15-13-08,E3,pdhE2,VC_2413,"Pyruvate dehydrogenase, E2 component, dihydrolipoamide acetyltransferase; The pyruvate dehydrogenase complex catalyzes the overall conversion of pyruvate to acetyl-CoA and CO(2).",10,0.1,5.401637,16.150446
Plate2_Drawer5 25-Jul-2025 15-13-08,E4,VC_0134,VC_0134,Conserved hypothetical protein; Identified by Glimmer2; putative.,10,0.1,-4.9828973,7.4508877
Plate2_Drawer5 25-Jul-2025 15-13-08,E5,grx,VC_1146,Glutaredoxin 1; Has a glutathione-disulfide oxidoreductase activity in the presence of NADPH and glutathione reductase. Reduces low molecular weight disulfides and proteins (By similarity).,10,0.1,-5.197614,4.1534095
Plate2_Drawer5 25-Jul-2025 15-13-08,E6,cheW,VC_2059,Purine-binding chemotaxis protein CheW; Similar to GB:M13462 SP:P07365 PID:145520 GB:U00096 PID:1736540; identified by sequence similarity; putative.,10,0.1,1.0813789,6.1219845
Plate2_Drawer5 25-Jul-2025 15-13-08,E7,nfuA,VC_2720,"Conserved hypothetical protein; Involved in iron-sulfur cluster biogenesis. Binds a 4Fe-4S cluster, can transfer this cluster to apoproteins, and thereby intervenes in the maturation of Fe/S proteins. Could also act as a scaffold/chaperone for damaged Fe/S proteins.",10,0.1,2.4055333,15.515258
Plate2_Drawer5 25-Jul-2025 15-13-08,E8,groS2,VC_A0819,"Chaperonin, 10 Kd subunit; Binds to Cpn60 in the presence of Mg-ATP and suppresses the ATPase activity of the latter.",10,0.1,-5.4891005,4.825668
Plate2_Drawer5 25-Jul-2025 15-13-08,E9,potD1,VC_1424,"Spermidine/putrescine ABC transporter, periplasmic spermidine/putrescine-binding protein; Required for the activity of the bacterial periplasmic transport system of putrescine; Belongs to the bacterial solute-binding protein PotD/PotF family.",10,0.1,4.181651,11.7131
Plate2_Drawer5 25-Jul-2025 15-13-08,F10,WT,WT,,10,0.1,-5.06066,6.4214997
Plate2_Drawer5 25-Jul-2025 15-13-08,F1,bioF,VC_1113,"8-amino-7-oxononanoate synthase; Catalyzes the decarboxylative condensation of pimeloyl-[acyl- carrier protein] and L-alanine to produce 8-amino-7-oxononanoate (AON), [acyl-carrier protein], and carbon dioxide.",10,0.1,9.373436,12.851532
Plate2_Drawer5 25-Jul-2025 15-13-08,F2,flgO,VC_2207,Hypothetical protein; Identified by Glimmer2; putative.,10,0.1,4.0165806,13.018967
Plate2_Drawer5 25-Jul-2025 15-13-08,F3,hslO,VC_2736,Conserved hypothetical protein; Redox regulated molecular chaperone. Protects both thermally unfolding and oxidatively damaged proteins from irreversible aggregation. Plays an important role in the bacterial defense system toward oxidative stress.,10,0.1,0.35606894,9.598604
Plate2_Drawer5 25-Jul-2025 15-13-08,F4,bioC,VC_1114,Biotin synthesis protein BioC; Converts the free carboxyl group of a malonyl-thioester to its methyl ester by transfer of a methyl group from S-adenosyl-L- methionine (SAM). It allows to synthesize pimeloyl-ACP via the fatty acid synthetic pathway.,10,0.1,9.842348,12.902864
Plate2_Drawer5 25-Jul-2025 15-13-08,F5,dnaN,VC_0013,"DNA polymerase III, beta chain; Confers DNA tethering and processivity to DNA polymerases and other proteins. Acts as a clamp, forming a ring around DNA (a reaction catalyzed by the clamp-loading complex) which diffuses in an ATP- independent manner freely and bidirectionally along dsDNA. Initially characterized for its ability to contact the catalytic subunit of DNA polymerase III (Pol III), a complex, multichain enzyme responsible for most of the replicative synthesis in bacteria; Pol III exhibits 3'-5' exonuclease proofreading activity. The beta chain is required for initiation of r [...] ",10,0.1,0.057426997,10.521362
Plate2_Drawer5 25-Jul-2025 15-13-08,F6,mutH,VC_0668,DNA mismatch repair protein MutH; Sequence-specific endonuclease that cleaves unmethylated GATC sequences. It is involved in DNA mismatch repair; Belongs to the MutH family.,10,0.1,-2.9824274,9.2346325
Plate2_Drawer5 25-Jul-2025 15-13-08,F7,pabC,VC_2018,"4-amino-4-deoxychorismate lyase; Involved in the biosynthesis of p-aminobenzoate (PABA), a precursor of tetrahydrofolate. Converts 4-amino-4-deoxychorismate into 4-aminobenzoate (PABA) and pyruvate (By similarity).",10,0.1,1.0069237,11.186749
Plate2_Drawer5 25-Jul-2025 15-13-08,F8,lexA,VC_0092,"LexA repressor; Represses a number of genes involved in the response to DNA damage (SOS response), including recA and lexA. In the presence of single-stranded DNA, RecA interacts with LexA causing an autocatalytic cleavage which disrupts the DNA-binding part of LexA, leading to derepression of the SOS regulon and eventually DNA repair.",10,0.1,1.1489091,12.341194
Plate2_Drawer5 25-Jul-2025 15-13-08,F9,VC_2271,VC_2271,"Riboflavin-specific deaminase; Converts 2,5-diamino-6-(ribosylamino)-4(3h)-pyrimidinone 5'- phosphate into 5-amino-6-(ribosylamino)-2,4(1h,3h)-pyrimidinedione 5'- phosphate; In the C-terminal section; belongs to the HTP reductase family.",10,0.1,2.1666648,10.716417
Plate2_Drawer5 27-Aug-2025 16-58-44,A10,VC_2523,VC_2523,Conserved hypothetical protein; Identified by Glimmer2; putative.,10,0.1,-3.8178296,3.7721996
Plate2_Drawer5 27-Aug-2025 16-58-44,A11,fliR,VC_2121,Flagellar biosynthetic protein FliR; Role in flagellar biosynthesis. Belongs to the FliR/MopE/SpaR family.,10,0.1,8.539096,4.6478834
Plate2_Drawer5 27-Aug-2025 16-58-44,A12,argR,VC_0431,Arginine repressor; Regulates arginine biosynthesis genes.,10,0.1,-0.9356748,6.538438
Plate2_Drawer5 27-Aug-2025 16-58-44,A1,flgK,VC_2191,Flagellar hook-associated protein FlgM; Similar to PID:2443633; identified by sequence similarity; putative. HOOK FILSMENT JUNCTION,10,0.1,-1.0994767,9.440077
Plate2_Drawer5 27-Aug-2025 16-58-44,A2,flrB,VC_2136,Sensory box sensor histidine kinase; Similar to PID:2338728; identified by sequence similarity; putative.,10,0.1,9.526838,5.7849164
Plate2_Drawer5 27-Aug-2025 16-58-44,A3,rjg,VC_0264,Conserved hypothetical protein; Identified by Glimmer2; putative.,10,0.1,-4.8427563,2.430997
Plate2_Drawer5 27-Aug-2025 16-58-44,A4,fliA,VC_2066,RNA polymerase sigma factor for flagellar operon FliA; Sigma factors are initiation factors that promote the attachment of RNA polymerase to specific initiation sites and are then released. This sigma factor controls the expression of flagella-related genes; Belongs to the sigma-70 factor family. FliA subfamily.,10,0.1,9.372418,2.183086
Plate2_Drawer5 27-Aug-2025 16-58-44,A5,flgM,VC_2204,"Negative regulator of flagellin synthesis FlgM, putative; Similar to GB:L14437 SP:P39809 PID:451869 PID:1762336 GB:AL009126; identified by sequence similarity; putative.",10,0.1,-4.5744004,4.2367353
Plate2_Drawer5 27-Aug-2025 16-58-44,A6,flrA,VC_2137,Sigma-54 dependent transcriptional activator; Similar to PID:2338727; identified by sequence similarity; putative.,10,0.1,9.721322,2.9158583
Plate2_Drawer5 27-Aug-2025 16-58-44,A7,VC_1291,VC_1291,Conserved hypothetical protein; Identified by Glimmer2; putative.,10,0.1,0.4645992,7.8077602
Plate2_Drawer5 27-Aug-2025 16-58-44,A8,thiI,VC_0894,"Thiamin biosynthesis protein ThiI; Catalyzes the ATP-dependent transfer of a sulfur to tRNA to produce 4-thiouridine in position 8 of tRNAs, which functions as a near-UV photosensor. Also catalyzes the transfer of sulfur to the sulfur carrier protein ThiS, forming ThiS-thiocarboxylate. This is a step in the synthesis of thiazole, in the thiamine biosynthesis pathway. The sulfur is donated as persulfide by IscS.",10,0.1,-5.600808,2.5692236
Plate2_Drawer5 27-Aug-2025 16-58-44,A9,flhB,VC_2120,"Flagellar biosynthetic protein FlhB; Required for formation of the rod structure in the basal body of the flagellar apparatus. Together with FliI and FliH, may constitute the export apparatus of flagellin; Belongs to the type III secretion exporter family.",10,0.1,8.597947,5.2927585
Plate2_Drawer5 27-Aug-2025 16-58-44,B10,wbeN,VC_0251,Acyl protein synthase/acyl-CoA reductase RfbN; Similar to GB:X59554 PID:48393; identified by sequence similarity; putative.,10,0.1,-1.191005,11.9333515
Plate2_Drawer5 27-Aug-2025 16-58-44,B11,wbeL,VC_0249,rfbL protein; Similar to GB:X59554 PID:48391; identified by sequence similarity; putative.,10,0.1,5.975242,21.092186
Plate2_Drawer5 27-Aug-2025 16-58-44,B12,pstB1,VC_0726,"Phosphate ABC transporter, ATP-binding protein; Part of the ABC transporter complex PstSACB involved in phosphate import. Responsible for energy coupling to the transport system; Belongs to the ABC transporter superfamily. Phosphate importer (TC 3.A.1.7) family.",10,0.1,-4.4042344,2.2338955
Plate2_Drawer5 27-Aug-2025 16-58-44,B1,aroE,VC_0056,"Shikimate 5-dehydrogenase; Involved in the biosynthesis of the chorismate, which leads to the biosynthesis of aromatic amino acids. Catalyzes the reversible NADPH linked reduction of 3-dehydroshikimate (DHSA) to yield shikimate (SA).",10,0.1,-5.031398,3.2988822
Plate2_Drawer5 27-Aug-2025 16-58-44,B4,VC_A0146,VC_A0146,Conserved hypothetical protein; Identified by Glimmer2; putative.,10,0.1,1.5181243,8.433465
Plate2_Drawer5 27-Aug-2025 16-58-44,B5,VC_0289,VC_0289,Gluconate utilization system gnt-I transcriptional repressor; Similar to PID:1304069; identified by sequence similarity; putative.,10,0.1,-4.317377,1.6649982
Plate2_Drawer5 27-Aug-2025 16-58-44,B6,VC_A0005,VC_A0005,Hypothetical protein; Identified by Glimmer2; putative.,10,0.1,-3.8736944,2.3436706
Plate2_Drawer5 27-Aug-2025 16-58-44,B8,mltF,VC_0866,"Transglycosylase, Slt family; Murein-degrading enzyme that degrades murein glycan strands and insoluble, high-molecular weight murein sacculi, with the concomitant formation of a 1,6-anhydromuramoyl product. Lytic transglycosylases (LTs) play an integral role in the metabolism of the peptidoglycan (PG) sacculus. Their lytic action creates space within the PG sacculus to allow for its expansion as well as for the insertion of various structures such as secretion systems and flagella. In the N-terminal section; belongs to the bacterial solute- binding protein 3 family.",10,0.1,10.648556,-4.975439
Plate2_Drawer5 27-Aug-2025 16-58-44,B9,VC_A0726,VC_A0726,"Molybdenum ABC transporter, periplasmic molybdenum-binding protein; Similar to GB:L34009 SP:P37329 PID:504498 PID:973214 PID:1147817; identified by sequence similarity; putative.",10,0.1,-2.3187256,4.6855025
Plate2_Drawer5 27-Aug-2025 16-58-44,C10,flgF,VC_2196,Flagellar basal-body rod protein FlgF; Similar to GB:U00096 SP:P75938 PID:1787317; identified by sequence similarity; putative; Belongs to the flagella basal body rod proteins family.,10,0.1,9.434922,5.1552
Plate2_Drawer5 27-Aug-2025 16-58-44,C11,VC_2441,VC_2441,Conserved hypothetical protein; Identified by Glimmer2; putative.,10,0.1,0.7330872,8.076913
Plate2_Drawer5 27-Aug-2025 16-58-44,C12,VC_1710,VC_1710,Conserved hypothetical protein; Identified by Glimmer2; putative.,10,0.1,-4.5195704,1.933744
Plate2_Drawer5 27-Aug-2025 16-58-44,C1,VC_1885,VC_1885,Hypothetical protein; Identified by Glimmer2; putative.,10,0.1,0.5719222,2.7973735
Plate2_Drawer5 27-Aug-2025 16-58-44,C2,aroQ,VC_0297,3-dehydroquinate dehydratase; Catalyzes a trans-dehydration via an enolate intermediate. Belongs to the type-II 3-dehydroquinase family.,10,0.1,-3.63599,9.109976
Plate2_Drawer5 27-Aug-2025 16-58-44,C3,VC_1359,VC_1359,"Amino acid ABC transporter, ATP-binding protein; Similar to PID:1154897; identified by sequence similarity; putative.",10,0.1,-2.2685294,14.315531
Plate2_Drawer5 27-Aug-2025 16-58-44,C4,VC_A0328,VC_A0328,"Biphenyl-2,3-diol 1,2-dioxygenase III-related protein; Similar to GB:X75635 SP:P47233 PID:473121; identified by sequence similarity; putative.",10,0.1,-3.7704964,4.202007
Plate2_Drawer5 27-Aug-2025 16-58-44,C5,VC_1350,VC_1350,"Antioxidant, putative; Thiol-specific peroxidase that catalyzes the reduction of hydrogen peroxide and organic hydroperoxides to water and alcohols, respectively. Plays a role in cell protection against oxidative stress by detoxifying peroxides; Belongs to the peroxiredoxin family. Prx5 subfamily.",10,0.1,-1.047818,5.3814545
Plate2_Drawer5 27-Aug-2025 16-58-44,C6,manB,VC_0242,Phosphomannomutase; Involved in GDP-mannose biosynthesis which serves as the activated sugar nucleotide precursor for mannose residues in cell surface polysaccharides; Belongs to the phosphohexose mutase family.,10,0.1,-2.10286,13.579875
Plate2_Drawer5 27-Aug-2025 16-58-44,C7,mrcA,VC_2635,Penicillin-binding protein 1A; Cell wall formation. Synthesis of cross-linked peptidoglycan from the lipid intermediates. The enzyme has a penicillin-insensitive transglycosylase N-terminal domain (formation of linear glycan strands) and a penicillin-sensitive transpeptidase C-terminal domain (cross- linking of the peptide subunits).,10,0.1,8.176583,12.483337
Plate2_Drawer5 27-Aug-2025 16-58-44,C8,VC_A0079,VC_A0079,Conserved hypothetical protein; Identified by Glimmer2; putative.,10,0.1,3.4650123,8.981487
Plate2_Drawer5 27-Aug-2025 16-58-44,C9,potA,VC_1428,"Spermidine/putrescine ABC transporter, ATP-binding protein; Part of the ABC transporter complex PotABCD involved in spermidine/putrescine import. Responsible for energy coupling to the transport system; Belongs to the ABC transporter superfamily. Spermidine/putrescine importer (TC 3.A.1.11.1) family.",10,0.1,4.685094,10.251734
Plate2_Drawer5 27-Aug-2025 16-58-44,D10,bioD,VC_1115,"Dethiobiotin synthetase; Catalyzes a mechanistically unusual reaction, the ATP- dependent insertion of CO2 between the N7 and N8 nitrogen atoms of 7,8- diaminopelargonic acid (DAPA) to form an ureido ring.",10,0.1,10.721663,12.515202
Plate2_Drawer5 27-Aug-2025 16-58-44,D11,flaA,VC_2188,Flagellin core protein A; Flagellin is the subunit protein which polymerizes to form the filaments of bacterial flagella. FlaA is required to form a core or scaffold into which the other flagellins are inserted to provide structural integrity. Essential for flagellar synthesis and motility; important for full virulence.,10,0.1,8.588021,4.6430063
Plate2_Drawer5 27-Aug-2025 16-58-44,D12,wavL,VC_0239,Conserved hypothetical protein; Identified by Glimmer2; putative.,10,0.1,6.987295,15.689455
Plate2_Drawer5 27-Aug-2025 16-58-44,D1,VC_A0340,VC_A0340,Hypothetical protein; Identified by Glimmer2; putative.,10,0.1,-3.2364101,7.5183353
Plate2_Drawer5 27-Aug-2025 16-58-44,D2,VC_0745,VC_0745,Inositol monophosphate family protein; Similar to GB:M34828 SP:P22783 PID:147899 GB:U00096 PID:1788882; identified by sequence similarity; putative; Belongs to the inositol monophosphatase superfamily.,10,0.1,0.7587753,7.5992603
Plate2_Drawer5 27-Aug-2025 16-58-44,D3,VC_2485,VC_2485,"Transcriptional regulator, LysR family; Similar to GB:D10483 SP:P10151 GB:M21150 PID:1128961 PID:146605; identified by sequence similarity; putative; Belongs to the LysR transcriptional regulatory family.",10,0.1,4.0801945,10.387362
Plate2_Drawer5 27-Aug-2025 16-58-44,D4,rimO,VC_2620,Conserved hypothetical protein; Catalyzes the methylthiolation of an aspartic acid residue of ribosomal protein S12; Belongs to the methylthiotransferase family. RimO subfamily.,10,0.1,-4.4297237,2.020762
Plate2_Drawer5 27-Aug-2025 16-58-44,D5,bioA,VC_1111,"Adenosylmethionine-8-amino-7-oxononanoate aminotransferase; Catalyzes the transfer of the alpha-amino group from S- adenosyl-L-methionine (SAM) to 7-keto-8-aminopelargonic acid (KAPA) to form 7,8-diaminopelargonic acid (DAPA). It is the only animotransferase known to utilize SAM as an amino donor; Belongs to the class-III pyridoxal-phosphate-dependent aminotransferase family. BioA subfamily.",10,0.1,10.246676,12.790038
Plate2_Drawer5 27-Aug-2025 16-58-44,D6,wbeT,VC_0259,Lipopolysaccharide biosynthesis protein RfbV; Similar to GB:X59554 PID:48400 PID:1929424; identified by sequence similarity; putative.,10,0.1,13.476012,12.85663
Plate2_Drawer5 27-Aug-2025 16-58-44,D7,VC_0929,VC_0929,Hypothetical protein; Identified by Glimmer2; putative.,10,0.1,1.5857034,8.157528
Plate2_Drawer5 27-Aug-2025 16-58-44,D8,flgT,VC_2208,Hypothetical protein; Identified by Glimmer2; putative.,10,0.1,9.047058,2.883534
Plate2_Drawer5 27-Aug-2025 16-58-44,D9,glyA1,VC_0941,"Serine hydroxymethyltransferase; Catalyzes the reversible interconversion of serine and glycine with tetrahydrofolate (THF) serving as the one-carbon carrier. This reaction serves as the major source of one-carbon groups required for the biosynthesis of purines, thymidylate, methionine, and other important biomolecules. Also exhibits THF-independent aldolase activity toward beta-hydroxyamino acids, producing glycine and aldehydes, via a retro-aldol mechanism.",10,0.1,3.0919824,16.723217
Plate2_Drawer5 27-Aug-2025 16-58-44,E10,flgA,VC_2203,"Flagellar protein, putative; Similar to PID:1272364; identified by sequence similarity; putative.",10,0.1,-2.039168,4.1417437
Plate2_Drawer5 27-Aug-2025 16-58-44,E11,VC_A0187,VC_A0187,Hypothetical protein; Identified by Glimmer2; putative.,10,0.1,1.9943964,8.884908
Plate2_Drawer5 27-Aug-2025 16-58-44,E12,VC_1652,VC_1652,Response regulator VieA; Similar to GP:3123891; identified by sequence similarity; putative.,10,0.1,-3.939436,6.5254784
Plate2_Drawer5 27-Aug-2025 16-58-44,E1,VC_1003,VC_1003,Bacteriocin production protein; Similar to GB:J01666 SP:P08550 PID:146367 PID:147415 GB:U00096; identified by sequence similarity; putative.,10,0.1,3.2288961,17.955973
Plate2_Drawer5 27-Aug-2025 16-58-44,E2,fliL,VC_2130,Flagellum-specific ATP synthase FliI; Similar to PID:1071643 SP:P52612 GB:U00096 PID:1736607 PID:1788251; identified by sequence similarity; putative.,10,0.1,9.527796,6.12696
Plate2_Drawer5 27-Aug-2025 16-58-44,E3,pdhE2,VC_2413,"Pyruvate dehydrogenase, E2 component, dihydrolipoamide acetyltransferase; The pyruvate dehydrogenase complex catalyzes the overall conversion of pyruvate to acetyl-CoA and CO(2).",10,0.1,5.564296,16.099043
Plate2_Drawer5 27-Aug-2025 16-58-44,E4,VC_0134,VC_0134,Conserved hypothetical protein; Identified by Glimmer2; putative.,10,0.1,-3.9673436,7.3760877
Plate2_Drawer5 27-Aug-2025 16-58-44,E5,grx,VC_1146,Glutaredoxin 1; Has a glutathione-disulfide oxidoreductase activity in the presence of NADPH and glutathione reductase. Reduces low molecular weight disulfides and proteins (By similarity).,10,0.1,-4.868295,2.4677212
Plate2_Drawer5 27-Aug-2025 16-58-44,E6,cheW,VC_2059,Purine-binding chemotaxis protein CheW; Similar to GB:M13462 SP:P07365 PID:145520 GB:U00096 PID:1736540; identified by sequence similarity; putative.,10,0.1,0.9736426,5.8725743
Plate2_Drawer5 27-Aug-2025 16-58-44,E7,nfuA,VC_2720,"Conserved hypothetical protein; Involved in iron-sulfur cluster biogenesis. Binds a 4Fe-4S cluster, can transfer this cluster to apoproteins, and thereby intervenes in the maturation of Fe/S proteins. Could also act as a scaffold/chaperone for damaged Fe/S proteins.",10,0.1,2.1194842,15.190176
Plate2_Drawer5 27-Aug-2025 16-58-44,E8,groS2,VC_A0819,"Chaperonin, 10 Kd subunit; Binds to Cpn60 in the presence of Mg-ATP and suppresses the ATPase activity of the latter.",10,0.1,-4.705778,2.000972
Plate2_Drawer5 27-Aug-2025 16-58-44,E9,potD1,VC_1424,"Spermidine/putrescine ABC transporter, periplasmic spermidine/putrescine-binding protein; Required for the activity of the bacterial periplasmic transport system of putrescine; Belongs to the bacterial solute-binding protein PotD/PotF family.",10,0.1,4.153823,10.406528
Plate2_Drawer5 27-Aug-2025 16-58-44,F10,WT,WT,,10,0.1,-4.2670255,0.8733772
Plate2_Drawer5 27-Aug-2025 16-58-44,F1,bioF,VC_1113,"8-amino-7-oxononanoate synthase; Catalyzes the decarboxylative condensation of pimeloyl-[acyl- carrier protein] and L-alanine to produce 8-amino-7-oxononanoate (AON), [acyl-carrier protein], and carbon dioxide.",10,0.1,10.496063,12.691827
Plate2_Drawer5 27-Aug-2025 16-58-44,F2,flgO,VC_2207,Hypothetical protein; Identified by Glimmer2; putative.,10,0.1,5.871611,9.480366
Plate2_Drawer5 27-Aug-2025 16-58-44,F3,hslO,VC_2736,Conserved hypothetical protein; Redox regulated molecular chaperone. Protects both thermally unfolding and oxidatively damaged proteins from irreversible aggregation. Plays an important role in the bacterial defense system toward oxidative stress.,10,0.1,-2.972758,7.948203
Plate2_Drawer5 27-Aug-2025 16-58-44,F4,bioC,VC_1114,Biotin synthesis protein BioC; Converts the free carboxyl group of a malonyl-thioester to its methyl ester by transfer of a methyl group from S-adenosyl-L- methionine (SAM). It allows to synthesize pimeloyl-ACP via the fatty acid synthetic pathway.,10,0.1,10.732724,12.528367
Plate2_Drawer5 27-Aug-2025 16-58-44,F5,dnaN,VC_0013,"DNA polymerase III, beta chain; Confers DNA tethering and processivity to DNA polymerases and other proteins. Acts as a clamp, forming a ring around DNA (a reaction catalyzed by the clamp-loading complex) which diffuses in an ATP- independent manner freely and bidirectionally along dsDNA. Initially characterized for its ability to contact the catalytic subunit of DNA polymerase III (Pol III), a complex, multichain enzyme responsible for most of the replicative synthesis in bacteria; Pol III exhibits 3'-5' exonuclease proofreading activity. The beta chain is required for initiation of r [...] ",10,0.1,-1.0883164,9.520444
Plate2_Drawer5 27-Aug-2025 16-58-44,F6,mutH,VC_0668,DNA mismatch repair protein MutH; Sequence-specific endonuclease that cleaves unmethylated GATC sequences. It is involved in DNA mismatch repair; Belongs to the MutH family.,10,0.1,-3.4624376,8.057636
Plate2_Drawer5 27-Aug-2025 16-58-44,F7,pabC,VC_2018,"4-amino-4-deoxychorismate lyase; Involved in the biosynthesis of p-aminobenzoate (PABA), a precursor of tetrahydrofolate. Converts 4-amino-4-deoxychorismate into 4-aminobenzoate (PABA) and pyruvate (By similarity).",10,0.1,1.026711,10.903529
Plate2_Drawer5 27-Aug-2025 16-58-44,F8,lexA,VC_0092,"LexA repressor; Represses a number of genes involved in the response to DNA damage (SOS response), including recA and lexA. In the presence of single-stranded DNA, RecA interacts with LexA causing an autocatalytic cleavage which disrupts the DNA-binding part of LexA, leading to derepression of the SOS regulon and eventually DNA repair.",10,0.1,0.902304,8.687947
Plate2_Drawer5 27-Aug-2025 16-58-44,F9,VC_2271,VC_2271,"Riboflavin-specific deaminase; Converts 2,5-diamino-6-(ribosylamino)-4(3h)-pyrimidinone 5'- phosphate into 5-amino-6-(ribosylamino)-2,4(1h,3h)-pyrimidinedione 5'- phosphate; In the C-terminal section; belongs to the HTP reductase family.",10,0.1,2.412261,9.272344
Plate2_Drawer5 29-Aug-2025 11-37-42,A10,VC_2523,VC_2523,Conserved hypothetical protein; Identified by Glimmer2; putative.,10,0.1,-4.027881,4.106283
Plate2_Drawer5 29-Aug-2025 11-37-42,A11,fliR,VC_2121,Flagellar biosynthetic protein FliR; Role in flagellar biosynthesis. Belongs to the FliR/MopE/SpaR family.,10,0.1,9.116674,5.955088
Plate2_Drawer5 29-Aug-2025 11-37-42,A12,argR,VC_0431,Arginine repressor; Regulates arginine biosynthesis genes.,10,0.1,-1.1616188,5.6121516
Plate2_Drawer5 29-Aug-2025 11-37-42,A1,flgK,VC_2191,Flagellar hook-associated protein FlgM; Similar to PID:2443633; identified by sequence similarity; putative. HOOK FILSMENT JUNCTION,10,0.1,-1.8707057,8.93291
Plate2_Drawer5 29-Aug-2025 11-37-42,A2,flrB,VC_2136,Sensory box sensor histidine kinase; Similar to PID:2338728; identified by sequence similarity; putative.,10,0.1,9.528315,5.981636
Plate2_Drawer5 29-Aug-2025 11-37-42,A3,rjg,VC_0264,Conserved hypothetical protein; Identified by Glimmer2; putative.,10,0.1,-3.6394885,7.486834
Plate2_Drawer5 29-Aug-2025 11-37-42,A4,fliA,VC_2066,RNA polymerase sigma factor for flagellar operon FliA; Sigma factors are initiation factors that promote the attachment of RNA polymerase to specific initiation sites and are then released. This sigma factor controls the expression of flagella-related genes; Belongs to the sigma-70 factor family. FliA subfamily.,10,0.1,9.478269,2.4807744
Plate2_Drawer5 29-Aug-2025 11-37-42,A5,flgM,VC_2204,"Negative regulator of flagellin synthesis FlgM, putative; Similar to GB:L14437 SP:P39809 PID:451869 PID:1762336 GB:AL009126; identified by sequence similarity; putative.",10,0.1,-1.9702611,5.307307
Plate2_Drawer5 29-Aug-2025 11-37-42,A6,flrA,VC_2137,Sigma-54 dependent transcriptional activator; Similar to PID:2338727; identified by sequence similarity; putative.,10,0.1,8.698601,3.8526962
Plate2_Drawer5 29-Aug-2025 11-37-42,A7,VC_1291,VC_1291,Conserved hypothetical protein; Identified by Glimmer2; putative.,10,0.1,0.3916563,7.8635626
Plate2_Drawer5 29-Aug-2025 11-37-42,A8,thiI,VC_0894,"Thiamin biosynthesis protein ThiI; Catalyzes the ATP-dependent transfer of a sulfur to tRNA to produce 4-thiouridine in position 8 of tRNAs, which functions as a near-UV photosensor. Also catalyzes the transfer of sulfur to the sulfur carrier protein ThiS, forming ThiS-thiocarboxylate. This is a step in the synthesis of thiazole, in the thiamine biosynthesis pathway. The sulfur is donated as persulfide by IscS.",10,0.1,-4.9756837,2.6903422
Plate2_Drawer5 29-Aug-2025 11-37-42,A9,flhB,VC_2120,"Flagellar biosynthetic protein FlhB; Required for formation of the rod structure in the basal body of the flagellar apparatus. Together with FliI and FliH, may constitute the export apparatus of flagellin; Belongs to the type III secretion exporter family.",10,0.1,9.165033,5.9865894
Plate2_Drawer5 29-Aug-2025 11-37-42,B10,wbeN,VC_0251,Acyl protein synthase/acyl-CoA reductase RfbN; Similar to GB:X59554 PID:48393; identified by sequence similarity; putative.,10,0.1,-1.1874543,12.009416
Plate2_Drawer5 29-Aug-2025 11-37-42,B11,wbeL,VC_0249,rfbL protein; Similar to GB:X59554 PID:48391; identified by sequence similarity; putative.,10,0.1,5.8917613,21.461374
Plate2_Drawer5 29-Aug-2025 11-37-42,B12,pstB1,VC_0726,"Phosphate ABC transporter, ATP-binding protein; Part of the ABC transporter complex PstSACB involved in phosphate import. Responsible for energy coupling to the transport system; Belongs to the ABC transporter superfamily. Phosphate importer (TC 3.A.1.7) family.",10,0.1,-3.9039762,6.588771
Plate2_Drawer5 29-Aug-2025 11-37-42,B4,VC_A0146,VC_A0146,Conserved hypothetical protein; Identified by Glimmer2; putative.,10,0.1,1.5690284,8.477324
Plate2_Drawer5 29-Aug-2025 11-37-42,B5,VC_0289,VC_0289,Gluconate utilization system gnt-I transcriptional repressor; Similar to PID:1304069; identified by sequence similarity; putative.,10,0.1,-5.609102,2.6758826
Plate2_Drawer5 29-Aug-2025 11-37-42,B6,VC_A0005,VC_A0005,Hypothetical protein; Identified by Glimmer2; putative.,10,0.1,-3.9835534,4.045428
Plate2_Drawer5 29-Aug-2025 11-37-42,B8,mltF,VC_0866,"Transglycosylase, Slt family; Murein-degrading enzyme that degrades murein glycan strands and insoluble, high-molecular weight murein sacculi, with the concomitant formation of a 1,6-anhydromuramoyl product. Lytic transglycosylases (LTs) play an integral role in the metabolism of the peptidoglycan (PG) sacculus. Their lytic action creates space within the PG sacculus to allow for its expansion as well as for the insertion of various structures such as secretion systems and flagella. In the N-terminal section; belongs to the bacterial solute- binding protein 3 family.",10,0.1,10.652346,-4.979907
Plate2_Drawer5 29-Aug-2025 11-37-42,B9,VC_A0726,VC_A0726,"Molybdenum ABC transporter, periplasmic molybdenum-binding protein; Similar to GB:L34009 SP:P37329 PID:504498 PID:973214 PID:1147817; identified by sequence similarity; putative.",10,0.1,-1.2962439,6.4546623
Plate2_Drawer5 29-Aug-2025 11-37-42,C10,flgF,VC_2196,Flagellar basal-body rod protein FlgF; Similar to GB:U00096 SP:P75938 PID:1787317; identified by sequence similarity; putative; Belongs to the flagella basal body rod proteins family.,10,0.1,9.544618,3.761575
Plate2_Drawer5 29-Aug-2025 11-37-42,C11,VC_2441,VC_2441,Conserved hypothetical protein; Identified by Glimmer2; putative.,10,0.1,1.8544524,11.895908
Plate2_Drawer5 29-Aug-2025 11-37-42,C12,VC_1710,VC_1710,Conserved hypothetical protein; Identified by Glimmer2; putative.,10,0.1,-3.4364548,8.014623
Plate2_Drawer5 29-Aug-2025 11-37-42,C1,VC_1885,VC_1885,Hypothetical protein; Identified by Glimmer2; putative.,10,0.1,0.6172278,2.7555392
Plate2_Drawer5 29-Aug-2025 11-37-42,C2,aroQ,VC_0297,3-dehydroquinate dehydratase; Catalyzes a trans-dehydration via an enolate intermediate. Belongs to the type-II 3-dehydroquinase family.,10,0.1,1.0354859,14.066668
Plate2_Drawer5 29-Aug-2025 11-37-42,C3,VC_1359,VC_1359,"Amino acid ABC transporter, ATP-binding protein; Similar to PID:1154897; identified by sequence similarity; putative.",10,0.1,-2.2816224,14.3449955
Plate2_Drawer5 29-Aug-2025 11-37-42,C4,VC_A0328,VC_A0328,"Biphenyl-2,3-diol 1,2-dioxygenase III-related protein; Similar to GB:X75635 SP:P47233 PID:473121; identified by sequence similarity; putative.",10,0.1,-2.4589233,9.189823
Plate2_Drawer5 29-Aug-2025 11-37-42,C5,VC_1350,VC_1350,"Antioxidant, putative; Thiol-specific peroxidase that catalyzes the reduction of hydrogen peroxide and organic hydroperoxides to water and alcohols, respectively. Plays a role in cell protection against oxidative stress by detoxifying peroxides; Belongs to the peroxiredoxin family. Prx5 subfamily.",10,0.1,-0.7591626,6.0597615
Plate2_Drawer5 29-Aug-2025 11-37-42,C6,manB,VC_0242,Phosphomannomutase; Involved in GDP-mannose biosynthesis which serves as the activated sugar nucleotide precursor for mannose residues in cell surface polysaccharides; Belongs to the phosphohexose mutase family.,10,0.1,-2.055782,13.511699
Plate2_Drawer5 29-Aug-2025 11-37-42,C7,mrcA,VC_2635,Penicillin-binding protein 1A; Cell wall formation. Synthesis of cross-linked peptidoglycan from the lipid intermediates. The enzyme has a penicillin-insensitive transglycosylase N-terminal domain (formation of linear glycan strands) and a penicillin-sensitive transpeptidase C-terminal domain (cross- linking of the peptide subunits).,10,0.1,8.196499,12.506134
Plate2_Drawer5 29-Aug-2025 11-37-42,C8,VC_A0079,VC_A0079,Conserved hypothetical protein; Identified by Glimmer2; putative.,10,0.1,3.3746853,9.310434
Plate2_Drawer5 29-Aug-2025 11-37-42,C9,potA,VC_1428,"Spermidine/putrescine ABC transporter, ATP-binding protein; Part of the ABC transporter complex PotABCD involved in spermidine/putrescine import. Responsible for energy coupling to the transport system; Belongs to the ABC transporter superfamily. Spermidine/putrescine importer (TC 3.A.1.11.1) family.",10,0.1,4.349436,10.421477
Plate2_Drawer5 29-Aug-2025 11-37-42,D10,bioD,VC_1115,"Dethiobiotin synthetase; Catalyzes a mechanistically unusual reaction, the ATP- dependent insertion of CO2 between the N7 and N8 nitrogen atoms of 7,8- diaminopelargonic acid (DAPA) to form an ureido ring.",10,0.1,10.679629,12.566138
Plate2_Drawer5 29-Aug-2025 11-37-42,D11,flaA,VC_2188,Flagellin core protein A; Flagellin is the subunit protein which polymerizes to form the filaments of bacterial flagella. FlaA is required to form a core or scaffold into which the other flagellins are inserted to provide structural integrity. Essential for flagellar synthesis and motility; important for full virulence.,10,0.1,8.813321,4.016175
Plate2_Drawer5 29-Aug-2025 11-37-42,D12,wavL,VC_0239,Conserved hypothetical protein; Identified by Glimmer2; putative.,10,0.1,7.0401144,15.709821
Plate2_Drawer5 29-Aug-2025 11-37-42,D1,VC_A0340,VC_A0340,Hypothetical protein; Identified by Glimmer2; putative.,10,0.1,-3.3724024,6.8411503
Plate2_Drawer5 29-Aug-2025 11-37-42,D2,VC_0745,VC_0745,Inositol monophosphate family protein; Similar to GB:M34828 SP:P22783 PID:147899 GB:U00096 PID:1788882; identified by sequence similarity; putative; Belongs to the inositol monophosphatase superfamily.,10,0.1,2.7671208,15.812373
Plate2_Drawer5 29-Aug-2025 11-37-42,D3,VC_2485,VC_2485,"Transcriptional regulator, LysR family; Similar to GB:D10483 SP:P10151 GB:M21150 PID:1128961 PID:146605; identified by sequence similarity; putative; Belongs to the LysR transcriptional regulatory family.",10,0.1,2.2674642,10.63505
Plate2_Drawer5 29-Aug-2025 11-37-42,D4,rimO,VC_2620,Conserved hypothetical protein; Catalyzes the methylthiolation of an aspartic acid residue of ribosomal protein S12; Belongs to the methylthiotransferase family. RimO subfamily.,10,0.1,-2.9879851,8.373569
Plate2_Drawer5 29-Aug-2025 11-37-42,D5,bioA,VC_1111,"Adenosylmethionine-8-amino-7-oxononanoate aminotransferase; Catalyzes the transfer of the alpha-amino group from S- adenosyl-L-methionine (SAM) to 7-keto-8-aminopelargonic acid (KAPA) to form 7,8-diaminopelargonic acid (DAPA). It is the only animotransferase known to utilize SAM as an amino donor; Belongs to the class-III pyridoxal-phosphate-dependent aminotransferase family. BioA subfamily.",10,0.1,10.060098,12.864377
Plate2_Drawer5 29-Aug-2025 11-37-42,D6,wbeT,VC_0259,Lipopolysaccharide biosynthesis protein RfbV; Similar to GB:X59554 PID:48400 PID:1929424; identified by sequence similarity; putative.,10,0.1,13.420102,12.808198
Plate2_Drawer5 29-Aug-2025 11-37-42,D7,VC_0929,VC_0929,Hypothetical protein; Identified by Glimmer2; putative.,10,0.1,1.7251205,8.624734
Plate2_Drawer5 29-Aug-2025 11-37-42,D8,flgT,VC_2208,Hypothetical protein; Identified by Glimmer2; putative.,10,0.1,3.7686977,9.0960655
Plate2_Drawer5 29-Aug-2025 11-37-42,D9,glyA1,VC_0941,"Serine hydroxymethyltransferase; Catalyzes the reversible interconversion of serine and glycine with tetrahydrofolate (THF) serving as the one-carbon carrier. This reaction serves as the major source of one-carbon groups required for the biosynthesis of purines, thymidylate, methionine, and other important biomolecules. Also exhibits THF-independent aldolase activity toward beta-hydroxyamino acids, producing glycine and aldehydes, via a retro-aldol mechanism.",10,0.1,3.032457,16.611403
Plate2_Drawer5 29-Aug-2025 11-37-42,E10,flgA,VC_2203,"Flagellar protein, putative; Similar to PID:1272364; identified by sequence similarity; putative.",10,0.1,1.0583919,6.222591
Plate2_Drawer5 29-Aug-2025 11-37-42,E11,VC_A0187,VC_A0187,Hypothetical protein; Identified by Glimmer2; putative.,10,0.1,2.2120593,9.614996
Plate2_Drawer5 29-Aug-2025 11-37-42,E12,VC_1652,VC_1652,Response regulator VieA; Similar to GP:3123891; identified by sequence similarity; putative.,10,0.1,-3.9119525,6.6867447
Plate2_Drawer5 29-Aug-2025 11-37-42,E1,VC_1003,VC_1003,Bacteriocin production protein; Similar to GB:J01666 SP:P08550 PID:146367 PID:147415 GB:U00096; identified by sequence similarity; putative.,10,0.1,3.248517,18.072348
Plate2_Drawer5 29-Aug-2025 11-37-42,E2,fliL,VC_2130,Flagellum-specific ATP synthase FliI; Similar to PID:1071643 SP:P52612 GB:U00096 PID:1736607 PID:1788251; identified by sequence similarity; putative.,10,0.1,9.207499,2.589764
Plate2_Drawer5 29-Aug-2025 11-37-42,E3,pdhE2,VC_2413,"Pyruvate dehydrogenase, E2 component, dihydrolipoamide acetyltransferase; The pyruvate dehydrogenase complex catalyzes the overall conversion of pyruvate to acetyl-CoA and CO(2).",10,0.1,5.413828,16.131914
Plate2_Drawer5 29-Aug-2025 11-37-42,E4,VC_0134,VC_0134,Conserved hypothetical protein; Identified by Glimmer2; putative.,10,0.1,-3.9400222,7.339317
Plate2_Drawer5 29-Aug-2025 11-37-42,E5,grx,VC_1146,Glutaredoxin 1; Has a glutathione-disulfide oxidoreductase activity in the presence of NADPH and glutathione reductase. Reduces low molecular weight disulfides and proteins (By similarity).,10,0.1,-5.352034,1.8126099
Plate2_Drawer5 29-Aug-2025 11-37-42,E6,cheW,VC_2059,Purine-binding chemotaxis protein CheW; Similar to GB:M13462 SP:P07365 PID:145520 GB:U00096 PID:1736540; identified by sequence similarity; putative.,10,0.1,1.1605555,6.0708356
Plate2_Drawer5 29-Aug-2025 11-37-42,E7,nfuA,VC_2720,"Conserved hypothetical protein; Involved in iron-sulfur cluster biogenesis. Binds a 4Fe-4S cluster, can transfer this cluster to apoproteins, and thereby intervenes in the maturation of Fe/S proteins. Could also act as a scaffold/chaperone for damaged Fe/S proteins.",10,0.1,2.2142317,15.396812
Plate2_Drawer5 29-Aug-2025 11-37-42,E8,groS2,VC_A0819,"Chaperonin, 10 Kd subunit; Binds to Cpn60 in the presence of Mg-ATP and suppresses the ATPase activity of the latter.",10,0.1,-4.003632,1.136085
Plate2_Drawer5 29-Aug-2025 11-37-42,E9,potD1,VC_1424,"Spermidine/putrescine ABC transporter, periplasmic spermidine/putrescine-binding protein; Required for the activity of the bacterial periplasmic transport system of putrescine; Belongs to the bacterial solute-binding protein PotD/PotF family.",10,0.1,4.607521,10.744369
Plate2_Drawer5 29-Aug-2025 11-37-42,F10,WT,WT,,10,0.1,-5.122606,3.854447
Plate2_Drawer5 29-Aug-2025 11-37-42,F1,bioF,VC_1113,"8-amino-7-oxononanoate synthase; Catalyzes the decarboxylative condensation of pimeloyl-[acyl- carrier protein] and L-alanine to produce 8-amino-7-oxononanoate (AON), [acyl-carrier protein], and carbon dioxide.",10,0.1,10.499708,12.690483
Plate2_Drawer5 29-Aug-2025 11-37-42,F2,flgO,VC_2207,Hypothetical protein; Identified by Glimmer2; putative.,10,0.1,5.8890977,9.510384
Plate2_Drawer5 29-Aug-2025 11-37-42,F3,hslO,VC_2736,Conserved hypothetical protein; Redox regulated molecular chaperone. Protects both thermally unfolding and oxidatively damaged proteins from irreversible aggregation. Plays an important role in the bacterial defense system toward oxidative stress.,10,0.1,-1.2779131,7.6628785
Plate2_Drawer5 29-Aug-2025 11-37-42,F4,bioC,VC_1114,Biotin synthesis protein BioC; Converts the free carboxyl group of a malonyl-thioester to its methyl ester by transfer of a methyl group from S-adenosyl-L- methionine (SAM). It allows to synthesize pimeloyl-ACP via the fatty acid synthetic pathway.,10,0.1,10.381192,12.738989
Plate2_Drawer5 29-Aug-2025 11-37-42,F5,dnaN,VC_0013,"DNA polymerase III, beta chain; Confers DNA tethering and processivity to DNA polymerases and other proteins. Acts as a clamp, forming a ring around DNA (a reaction catalyzed by the clamp-loading complex) which diffuses in an ATP- independent manner freely and bidirectionally along dsDNA. Initially characterized for its ability to contact the catalytic subunit of DNA polymerase III (Pol III), a complex, multichain enzyme responsible for most of the replicative synthesis in bacteria; Pol III exhibits 3'-5' exonuclease proofreading activity. The beta chain is required for initiation of r [...] ",10,0.1,-1.2343371,10.180025
Plate2_Drawer5 29-Aug-2025 11-37-42,F6,mutH,VC_0668,DNA mismatch repair protein MutH; Sequence-specific endonuclease that cleaves unmethylated GATC sequences. It is involved in DNA mismatch repair; Belongs to the MutH family.,10,0.1,-3.523029,8.272765
Plate2_Drawer5 29-Aug-2025 11-37-42,F7,pabC,VC_2018,"4-amino-4-deoxychorismate lyase; Involved in the biosynthesis of p-aminobenzoate (PABA), a precursor of tetrahydrofolate. Converts 4-amino-4-deoxychorismate into 4-aminobenzoate (PABA) and pyruvate (By similarity).",10,0.1,1.1334956,10.723167
Plate2_Drawer5 29-Aug-2025 11-37-42,F8,lexA,VC_0092,"LexA repressor; Represses a number of genes involved in the response to DNA damage (SOS response), including recA and lexA. In the presence of single-stranded DNA, RecA interacts with LexA causing an autocatalytic cleavage which disrupts the DNA-binding part of LexA, leading to derepression of the SOS regulon and eventually DNA repair.",10,0.1,0.8079447,9.181405
Plate2_Drawer5 29-Aug-2025 11-37-42,F9,VC_2271,VC_2271,"Riboflavin-specific deaminase; Converts 2,5-diamino-6-(ribosylamino)-4(3h)-pyrimidinone 5'- phosphate into 5-amino-6-(ribosylamino)-2,4(1h,3h)-pyrimidinedione 5'- phosphate; In the C-terminal section; belongs to the HTP reductase family.",10,0.1,2.368495,10.726893
Plate2_Drawer6 02-Oct-2025 11-50-43,A10,VC_2523,VC_2523,Conserved hypothetical protein; Identified by Glimmer2; putative.,10,0.1,-6.500584,4.6964664
Plate2_Drawer6 02-Oct-2025 11-50-43,A11,fliR,VC_2121,Flagellar biosynthetic protein FliR; Role in flagellar biosynthesis. Belongs to the FliR/MopE/SpaR family.,10,0.1,9.484333,6.436688
Plate2_Drawer6 02-Oct-2025 11-50-43,A12,argR,VC_0431,Arginine repressor; Regulates arginine biosynthesis genes.,10,0.1,0.61380833,10.145206
Plate2_Drawer6 02-Oct-2025 11-50-43,A1,flgK,VC_2191,Flagellar hook-associated protein FlgM; Similar to PID:2443633; identified by sequence similarity; putative. HOOK FILSMENT JUNCTION,10,0.1,0.77929324,9.829054
Plate2_Drawer6 02-Oct-2025 11-50-43,A2,flrB,VC_2136,Sensory box sensor histidine kinase; Similar to PID:2338728; identified by sequence similarity; putative.,10,0.1,4.7840643,14.147244
Plate2_Drawer6 02-Oct-2025 11-50-43,A3,rjg,VC_0264,Conserved hypothetical protein; Identified by Glimmer2; putative.,10,0.1,-5.009833,6.2663226
Plate2_Drawer6 02-Oct-2025 11-50-43,A4,fliA,VC_2066,RNA polymerase sigma factor for flagellar operon FliA; Sigma factors are initiation factors that promote the attachment of RNA polymerase to specific initiation sites and are then released. This sigma factor controls the expression of flagella-related genes; Belongs to the sigma-70 factor family. FliA subfamily.,10,0.1,10.064539,3.1405082
Plate2_Drawer6 02-Oct-2025 11-50-43,A5,flgM,VC_2204,"Negative regulator of flagellin synthesis FlgM, putative; Similar to GB:L14437 SP:P39809 PID:451869 PID:1762336 GB:AL009126; identified by sequence similarity; putative.",10,0.1,-2.3257358,7.420014
Plate2_Drawer6 02-Oct-2025 11-50-43,A6,flrA,VC_2137,Sigma-54 dependent transcriptional activator; Similar to PID:2338727; identified by sequence similarity; putative.,10,0.1,9.911702,3.124991
Plate2_Drawer6 02-Oct-2025 11-50-43,A7,VC_1291,VC_1291,Conserved hypothetical protein; Identified by Glimmer2; putative.,10,0.1,0.07963284,9.170555
Plate2_Drawer6 02-Oct-2025 11-50-43,A8,thiI,VC_0894,"Thiamin biosynthesis protein ThiI; Catalyzes the ATP-dependent transfer of a sulfur to tRNA to produce 4-thiouridine in position 8 of tRNAs, which functions as a near-UV photosensor. Also catalyzes the transfer of sulfur to the sulfur carrier protein ThiS, forming ThiS-thiocarboxylate. This is a step in the synthesis of thiazole, in the thiamine biosynthesis pathway. The sulfur is donated as persulfide by IscS.",10,0.1,1.0738505,13.989761
Plate2_Drawer6 02-Oct-2025 11-50-43,A9,flhB,VC_2120,"Flagellar biosynthetic protein FlhB; Required for formation of the rod structure in the basal body of the flagellar apparatus. Together with FliI and FliH, may constitute the export apparatus of flagellin; Belongs to the type III secretion exporter family.",10,0.1,9.568804,6.345924
Plate2_Drawer6 02-Oct-2025 11-50-43,B10,wbeN,VC_0251,Acyl protein synthase/acyl-CoA reductase RfbN; Similar to GB:X59554 PID:48393; identified by sequence similarity; putative.,10,0.1,-3.1702032,9.038747
Plate2_Drawer6 02-Oct-2025 11-50-43,B11,wbeL,VC_0249,rfbL protein; Similar to GB:X59554 PID:48391; identified by sequence similarity; putative.,10,0.1,3.8549294,12.789993
Plate2_Drawer6 02-Oct-2025 11-50-43,B12,pstB1,VC_0726,"Phosphate ABC transporter, ATP-binding protein; Part of the ABC transporter complex PstSACB involved in phosphate import. Responsible for energy coupling to the transport system; Belongs to the ABC transporter superfamily. Phosphate importer (TC 3.A.1.7) family.",10,0.1,-4.9439054,7.594521
Plate2_Drawer6 02-Oct-2025 11-50-43,B1,aroE,VC_0056,"Shikimate 5-dehydrogenase; Involved in the biosynthesis of the chorismate, which leads to the biosynthesis of aromatic amino acids. Catalyzes the reversible NADPH linked reduction of 3-dehydroshikimate (DHSA) to yield shikimate (SA).",10,0.1,-4.936313,6.911317
Plate2_Drawer6 02-Oct-2025 11-50-43,B4,VC_A0146,VC_A0146,Conserved hypothetical protein; Identified by Glimmer2; putative.,10,0.1,1.3808826,10.865136
Plate2_Drawer6 02-Oct-2025 11-50-43,B5,VC_0289,VC_0289,Gluconate utilization system gnt-I transcriptional repressor; Similar to PID:1304069; identified by sequence similarity; putative.,10,0.1,-4.8833632,6.8576217
Plate2_Drawer6 02-Oct-2025 11-50-43,B6,VC_A0005,VC_A0005,Hypothetical protein; Identified by Glimmer2; putative.,10,0.1,-6.754419,4.722549
Plate2_Drawer6 02-Oct-2025 11-50-43,B8,mltF,VC_0866,"Transglycosylase, Slt family; Murein-degrading enzyme that degrades murein glycan strands and insoluble, high-molecular weight murein sacculi, with the concomitant formation of a 1,6-anhydromuramoyl product. Lytic transglycosylases (LTs) play an integral role in the metabolism of the peptidoglycan (PG) sacculus. Their lytic action creates space within the PG sacculus to allow for its expansion as well as for the insertion of various structures such as secretion systems and flagella. In the N-terminal section; belongs to the bacterial solute- binding protein 3 family.",10,0.1,10.655137,-4.982907
Plate2_Drawer6 02-Oct-2025 11-50-43,B9,VC_A0726,VC_A0726,"Molybdenum ABC transporter, periplasmic molybdenum-binding protein; Similar to GB:L34009 SP:P37329 PID:504498 PID:973214 PID:1147817; identified by sequence similarity; putative.",10,0.1,0.49882576,10.113368
Plate2_Drawer6 02-Oct-2025 11-50-43,C10,flgF,VC_2196,Flagellar basal-body rod protein FlgF; Similar to GB:U00096 SP:P75938 PID:1787317; identified by sequence similarity; putative; Belongs to the flagella basal body rod proteins family.,10,0.1,9.602505,5.2922463
Plate2_Drawer6 02-Oct-2025 11-50-43,C11,VC_2441,VC_2441,Conserved hypothetical protein; Identified by Glimmer2; putative.,10,0.1,1.4929934,11.827556
Plate2_Drawer6 02-Oct-2025 11-50-43,C12,VC_1710,VC_1710,Conserved hypothetical protein; Identified by Glimmer2; putative.,10,0.1,-4.988301,7.575585
Plate2_Drawer6 02-Oct-2025 11-50-43,C1,VC_1885,VC_1885,Hypothetical protein; Identified by Glimmer2; putative.,10,0.1,0.5686601,2.8044918
Plate2_Drawer6 02-Oct-2025 11-50-43,C2,aroQ,VC_0297,3-dehydroquinate dehydratase; Catalyzes a trans-dehydration via an enolate intermediate. Belongs to the type-II 3-dehydroquinase family.,10,0.1,-2.6071804,5.912373
Plate2_Drawer6 02-Oct-2025 11-50-43,C3,VC_1359,VC_1359,"Amino acid ABC transporter, ATP-binding protein; Similar to PID:1154897; identified by sequence similarity; putative.",10,0.1,-2.1985266,14.152321
Plate2_Drawer6 02-Oct-2025 11-50-43,C4,VC_A0328,VC_A0328,"Biphenyl-2,3-diol 1,2-dioxygenase III-related protein; Similar to GB:X75635 SP:P47233 PID:473121; identified by sequence similarity; putative.",10,0.1,-2.3472977,7.2973504
Plate2_Drawer6 02-Oct-2025 11-50-43,C5,VC_1350,VC_1350,"Antioxidant, putative; Thiol-specific peroxidase that catalyzes the reduction of hydrogen peroxide and organic hydroperoxides to water and alcohols, respectively. Plays a role in cell protection against oxidative stress by detoxifying peroxides; Belongs to the peroxiredoxin family. Prx5 subfamily.",10,0.1,0.5220461,12.172355
Plate2_Drawer6 02-Oct-2025 11-50-43,C6,manB,VC_0242,Phosphomannomutase; Involved in GDP-mannose biosynthesis which serves as the activated sugar nucleotide precursor for mannose residues in cell surface polysaccharides; Belongs to the phosphohexose mutase family.,10,0.1,-0.0010412099,12.019595
Plate2_Drawer6 02-Oct-2025 11-50-43,C7,mrcA,VC_2635,Penicillin-binding protein 1A; Cell wall formation. Synthesis of cross-linked peptidoglycan from the lipid intermediates. The enzyme has a penicillin-insensitive transglycosylase N-terminal domain (formation of linear glycan strands) and a penicillin-sensitive transpeptidase C-terminal domain (cross- linking of the peptide subunits).,10,0.1,5.4959173,14.056395
Plate2_Drawer6 02-Oct-2025 11-50-43,C8,VC_A0079,VC_A0079,Conserved hypothetical protein; Identified by Glimmer2; putative.,10,0.1,1.7776047,11.906747
Plate2_Drawer6 02-Oct-2025 11-50-43,C9,potA,VC_1428,"Spermidine/putrescine ABC transporter, ATP-binding protein; Part of the ABC transporter complex PotABCD involved in spermidine/putrescine import. Responsible for energy coupling to the transport system; Belongs to the ABC transporter superfamily. Spermidine/putrescine importer (TC 3.A.1.11.1) family.",10,0.1,4.278106,11.587193
Plate2_Drawer6 02-Oct-2025 11-50-43,D10,bioD,VC_1115,"Dethiobiotin synthetase; Catalyzes a mechanistically unusual reaction, the ATP- dependent insertion of CO2 between the N7 and N8 nitrogen atoms of 7,8- diaminopelargonic acid (DAPA) to form an ureido ring.",10,0.1,5.313748,14.345599
Plate2_Drawer6 02-Oct-2025 11-50-43,D11,flaA,VC_2188,Flagellin core protein A; Flagellin is the subunit protein which polymerizes to form the filaments of bacterial flagella. FlaA is required to form a core or scaffold into which the other flagellins are inserted to provide structural integrity. Essential for flagellar synthesis and motility; important for full virulence.,10,0.1,9.537458,6.4978127
Plate2_Drawer6 02-Oct-2025 11-50-43,D12,wavL,VC_0239,Conserved hypothetical protein; Identified by Glimmer2; putative.,10,0.1,6.935137,15.667321
Plate2_Drawer6 02-Oct-2025 11-50-43,D1,VC_A0340,VC_A0340,Hypothetical protein; Identified by Glimmer2; putative.,10,0.1,-4.849993,6.9831657
Plate2_Drawer6 02-Oct-2025 11-50-43,D2,VC_0745,VC_0745,Inositol monophosphate family protein; Similar to GB:M34828 SP:P22783 PID:147899 GB:U00096 PID:1788882; identified by sequence similarity; putative; Belongs to the inositol monophosphatase superfamily.,10,0.1,2.7059455,15.549765
Plate2_Drawer6 02-Oct-2025 11-50-43,D3,VC_2485,VC_2485,"Transcriptional regulator, LysR family; Similar to GB:D10483 SP:P10151 GB:M21150 PID:1128961 PID:146605; identified by sequence similarity; putative; Belongs to the LysR transcriptional regulatory family.",10,0.1,1.8020327,10.579701
Plate2_Drawer6 02-Oct-2025 11-50-43,D4,rimO,VC_2620,Conserved hypothetical protein; Catalyzes the methylthiolation of an aspartic acid residue of ribosomal protein S12; Belongs to the methylthiotransferase family. RimO subfamily.,10,0.1,-5.0577655,6.193576
Plate2_Drawer6 02-Oct-2025 11-50-43,D5,bioA,VC_1111,"Adenosylmethionine-8-amino-7-oxononanoate aminotransferase; Catalyzes the transfer of the alpha-amino group from S- adenosyl-L-methionine (SAM) to 7-keto-8-aminopelargonic acid (KAPA) to form 7,8-diaminopelargonic acid (DAPA). It is the only animotransferase known to utilize SAM as an amino donor; Belongs to the class-III pyridoxal-phosphate-dependent aminotransferase family. BioA subfamily.",10,0.1,5.347911,14.364048
Plate2_Drawer6 02-Oct-2025 11-50-43,D6,wbeT,VC_0259,Lipopolysaccharide biosynthesis protein RfbV; Similar to GB:X59554 PID:48400 PID:1929424; identified by sequence similarity; putative.,10,0.1,13.40353,12.7886505
Plate2_Drawer6 02-Oct-2025 11-50-43,D7,VC_0929,VC_0929,Hypothetical protein; Identified by Glimmer2; putative.,10,0.1,1.596484,9.936402
Plate2_Drawer6 02-Oct-2025 11-50-43,D8,flgT,VC_2208,Hypothetical protein; Identified by Glimmer2; putative.,10,0.1,9.627423,5.298992
Plate2_Drawer6 02-Oct-2025 11-50-43,D9,glyA1,VC_0941,"Serine hydroxymethyltransferase; Catalyzes the reversible interconversion of serine and glycine with tetrahydrofolate (THF) serving as the one-carbon carrier. This reaction serves as the major source of one-carbon groups required for the biosynthesis of purines, thymidylate, methionine, and other important biomolecules. Also exhibits THF-independent aldolase activity toward beta-hydroxyamino acids, producing glycine and aldehydes, via a retro-aldol mechanism.",10,0.1,3.2706513,17.165907
Plate2_Drawer6 02-Oct-2025 11-50-43,E10,flgA,VC_2203,"Flagellar protein, putative; Similar to PID:1272364; identified by sequence similarity; putative.",10,0.1,1.7505276,10.465117
Plate2_Drawer6 02-Oct-2025 11-50-43,E11,VC_A0187,VC_A0187,Hypothetical protein; Identified by Glimmer2; putative.,10,0.1,-0.45202565,10.156335
Plate2_Drawer6 02-Oct-2025 11-50-43,E12,VC_1652,VC_1652,Response regulator VieA; Similar to GP:3123891; identified by sequence similarity; putative.,10,0.1,-2.993025,8.298172
Plate2_Drawer6 02-Oct-2025 11-50-43,E1,VC_1003,VC_1003,Bacteriocin production protein; Similar to GB:J01666 SP:P08550 PID:146367 PID:147415 GB:U00096; identified by sequence similarity; putative.,10,0.1,3.3188586,17.738697
Plate2_Drawer6 02-Oct-2025 11-50-43,E2,fliL,VC_2130,Flagellum-specific ATP synthase FliI; Similar to PID:1071643 SP:P52612 GB:U00096 PID:1736607 PID:1788251; identified by sequence similarity; putative.,10,0.1,9.465702,5.7635674
Plate2_Drawer6 02-Oct-2025 11-50-43,E3,pdhE2,VC_2413,"Pyruvate dehydrogenase, E2 component, dihydrolipoamide acetyltransferase; The pyruvate dehydrogenase complex catalyzes the overall conversion of pyruvate to acetyl-CoA and CO(2).",10,0.1,5.7193365,15.947281
Plate2_Drawer6 02-Oct-2025 11-50-43,E4,VC_0134,VC_0134,Conserved hypothetical protein; Identified by Glimmer2; putative.,10,0.1,-2.5098314,8.691939
Plate2_Drawer6 02-Oct-2025 11-50-43,E6,cheW,VC_2059,Purine-binding chemotaxis protein CheW; Similar to GB:M13462 SP:P07365 PID:145520 GB:U00096 PID:1736540; identified by sequence similarity; putative.,10,0.1,1.7523997,10.736876
Plate2_Drawer6 02-Oct-2025 11-50-43,E7,nfuA,VC_2720,"Conserved hypothetical protein; Involved in iron-sulfur cluster biogenesis. Binds a 4Fe-4S cluster, can transfer this cluster to apoproteins, and thereby intervenes in the maturation of Fe/S proteins. Could also act as a scaffold/chaperone for damaged Fe/S proteins.",10,0.1,5.927731,15.442182
Plate2_Drawer6 02-Oct-2025 11-50-43,E8,groS2,VC_A0819,"Chaperonin, 10 Kd subunit; Binds to Cpn60 in the presence of Mg-ATP and suppresses the ATPase activity of the latter.",10,0.1,-5.3964567,7.261047
Plate2_Drawer6 02-Oct-2025 11-50-43,E9,potD1,VC_1424,"Spermidine/putrescine ABC transporter, periplasmic spermidine/putrescine-binding protein; Required for the activity of the bacterial periplasmic transport system of putrescine; Belongs to the bacterial solute-binding protein PotD/PotF family.",10,0.1,3.2695065,12.616744
Plate2_Drawer6 02-Oct-2025 11-50-43,F10,WT,WT,,10,0.1,-5.0548964,6.5105085
Plate2_Drawer6 02-Oct-2025 11-50-43,F1,bioF,VC_1113,"8-amino-7-oxononanoate synthase; Catalyzes the decarboxylative condensation of pimeloyl-[acyl- carrier protein] and L-alanine to produce 8-amino-7-oxononanoate (AON), [acyl-carrier protein], and carbon dioxide.",10,0.1,5.319578,14.393541
Plate2_Drawer6 02-Oct-2025 11-50-43,F2,flgO,VC_2207,Hypothetical protein; Identified by Glimmer2; putative.,10,0.1,5.988356,9.651445
Plate2_Drawer6 02-Oct-2025 11-50-43,F3,hslO,VC_2736,Conserved hypothetical protein; Redox regulated molecular chaperone. Protects both thermally unfolding and oxidatively damaged proteins from irreversible aggregation. Plays an important role in the bacterial defense system toward oxidative stress.,10,0.1,-0.0405481,9.717918
Plate2_Drawer6 02-Oct-2025 11-50-43,F4,bioC,VC_1114,Biotin synthesis protein BioC; Converts the free carboxyl group of a malonyl-thioester to its methyl ester by transfer of a methyl group from S-adenosyl-L- methionine (SAM). It allows to synthesize pimeloyl-ACP via the fatty acid synthetic pathway.,10,0.1,5.64516,14.824728
Plate2_Drawer6 02-Oct-2025 11-50-43,F5,dnaN,VC_0013,"DNA polymerase III, beta chain; Confers DNA tethering and processivity to DNA polymerases and other proteins. Acts as a clamp, forming a ring around DNA (a reaction catalyzed by the clamp-loading complex) which diffuses in an ATP- independent manner freely and bidirectionally along dsDNA. Initially characterized for its ability to contact the catalytic subunit of DNA polymerase III (Pol III), a complex, multichain enzyme responsible for most of the replicative synthesis in bacteria; Pol III exhibits 3'-5' exonuclease proofreading activity. The beta chain is required for initiation of r [...] ",10,0.1,-2.9894598,9.446666
Plate2_Drawer6 02-Oct-2025 11-50-43,F6,mutH,VC_0668,DNA mismatch repair protein MutH; Sequence-specific endonuclease that cleaves unmethylated GATC sequences. It is involved in DNA mismatch repair; Belongs to the MutH family.,10,0.1,-4.9041176,6.7111707
Plate2_Drawer6 02-Oct-2025 11-50-43,F7,pabC,VC_2018,"4-amino-4-deoxychorismate lyase; Involved in the biosynthesis of p-aminobenzoate (PABA), a precursor of tetrahydrofolate. Converts 4-amino-4-deoxychorismate into 4-aminobenzoate (PABA) and pyruvate (By similarity).",10,0.1,-2.7287335,9.692498
Plate2_Drawer6 02-Oct-2025 11-50-43,F8,lexA,VC_0092,"LexA repressor; Represses a number of genes involved in the response to DNA damage (SOS response), including recA and lexA. In the presence of single-stranded DNA, RecA interacts with LexA causing an autocatalytic cleavage which disrupts the DNA-binding part of LexA, leading to derepression of the SOS regulon and eventually DNA repair.",10,0.1,1.1360086,14.494886
Plate2_Drawer6 02-Oct-2025 11-50-43,F9,VC_2271,VC_2271,"Riboflavin-specific deaminase; Converts 2,5-diamino-6-(ribosylamino)-4(3h)-pyrimidinone 5'- phosphate into 5-amino-6-(ribosylamino)-2,4(1h,3h)-pyrimidinedione 5'- phosphate; In the C-terminal section; belongs to the HTP reductase family.",10,0.1,-2.8367882,9.45505
Plate2_Drawer6 07-Aug-2025 12-51-44,A10,VC_2523,VC_2523,Conserved hypothetical protein; Identified by Glimmer2; putative.,10,0.1,-6.7304034,4.709855
Plate2_Drawer6 07-Aug-2025 12-51-44,A11,fliR,VC_2121,Flagellar biosynthetic protein FliR; Role in flagellar biosynthesis. Belongs to the FliR/MopE/SpaR family.,10,0.1,8.673113,4.939561
Plate2_Drawer6 07-Aug-2025 12-51-44,A12,argR,VC_0431,Arginine repressor; Regulates arginine biosynthesis genes.,10,0.1,-0.94197685,6.907674
Plate2_Drawer6 07-Aug-2025 12-51-44,A1,flgK,VC_2191,Flagellar hook-associated protein FlgM; Similar to PID:2443633; identified by sequence similarity; putative. HOOK FILSMENT JUNCTION,10,0.1,-1.2785908,10.1817465
Plate2_Drawer6 07-Aug-2025 12-51-44,A2,flrB,VC_2136,Sensory box sensor histidine kinase; Similar to PID:2338728; identified by sequence similarity; putative.,10,0.1,9.546235,5.4836087
Plate2_Drawer6 07-Aug-2025 12-51-44,A3,rjg,VC_0264,Conserved hypothetical protein; Identified by Glimmer2; putative.,10,0.1,-5.3705506,6.0596275
Plate2_Drawer6 07-Aug-2025 12-51-44,A4,fliA,VC_2066,RNA polymerase sigma factor for flagellar operon FliA; Sigma factors are initiation factors that promote the attachment of RNA polymerase to specific initiation sites and are then released. This sigma factor controls the expression of flagella-related genes; Belongs to the sigma-70 factor family. FliA subfamily.,10,0.1,9.855455,3.2079628
Plate2_Drawer6 07-Aug-2025 12-51-44,A5,flgM,VC_2204,"Negative regulator of flagellin synthesis FlgM, putative; Similar to GB:L14437 SP:P39809 PID:451869 PID:1762336 GB:AL009126; identified by sequence similarity; putative.",10,0.1,-2.078749,6.8353333
Plate2_Drawer6 07-Aug-2025 12-51-44,A6,flrA,VC_2137,Sigma-54 dependent transcriptional activator; Similar to PID:2338727; identified by sequence similarity; putative.,10,0.1,8.778687,3.9262924
Plate2_Drawer6 07-Aug-2025 12-51-44,A7,VC_1291,VC_1291,Conserved hypothetical protein; Identified by Glimmer2; putative.,10,0.1,1.6011767,11.192036
Plate2_Drawer6 07-Aug-2025 12-51-44,A8,thiI,VC_0894,"Thiamin biosynthesis protein ThiI; Catalyzes the ATP-dependent transfer of a sulfur to tRNA to produce 4-thiouridine in position 8 of tRNAs, which functions as a near-UV photosensor. Also catalyzes the transfer of sulfur to the sulfur carrier protein ThiS, forming ThiS-thiocarboxylate. This is a step in the synthesis of thiazole, in the thiamine biosynthesis pathway. The sulfur is donated as persulfide by IscS.",10,0.1,-5.476825,5.032996
Plate2_Drawer6 07-Aug-2025 12-51-44,A9,flhB,VC_2120,"Flagellar biosynthetic protein FlhB; Required for formation of the rod structure in the basal body of the flagellar apparatus. Together with FliI and FliH, may constitute the export apparatus of flagellin; Belongs to the type III secretion exporter family.",10,0.1,8.467861,4.725312
Plate2_Drawer6 07-Aug-2025 12-51-44,B10,wbeN,VC_0251,Acyl protein synthase/acyl-CoA reductase RfbN; Similar to GB:X59554 PID:48393; identified by sequence similarity; putative.,10,0.1,-1.4709424,11.397103
Plate2_Drawer6 07-Aug-2025 12-51-44,B11,wbeL,VC_0249,rfbL protein; Similar to GB:X59554 PID:48391; identified by sequence similarity; putative.,10,0.1,5.9769993,21.034773
Plate2_Drawer6 07-Aug-2025 12-51-44,B12,pstB1,VC_0726,"Phosphate ABC transporter, ATP-binding protein; Part of the ABC transporter complex PstSACB involved in phosphate import. Responsible for energy coupling to the transport system; Belongs to the ABC transporter superfamily. Phosphate importer (TC 3.A.1.7) family.",10,0.1,-3.3310025,8.1910305
Plate2_Drawer6 07-Aug-2025 12-51-44,B1,aroE,VC_0056,"Shikimate 5-dehydrogenase; Involved in the biosynthesis of the chorismate, which leads to the biosynthesis of aromatic amino acids. Catalyzes the reversible NADPH linked reduction of 3-dehydroshikimate (DHSA) to yield shikimate (SA).",10,0.1,-5.4462767,6.9130673
Plate2_Drawer6 07-Aug-2025 12-51-44,B4,VC_A0146,VC_A0146,Conserved hypothetical protein; Identified by Glimmer2; putative.,10,0.1,-0.3510823,10.28377
Plate2_Drawer6 07-Aug-2025 12-51-44,B5,VC_0289,VC_0289,Gluconate utilization system gnt-I transcriptional repressor; Similar to PID:1304069; identified by sequence similarity; putative.,10,0.1,-5.527911,2.82438
Plate2_Drawer6 07-Aug-2025 12-51-44,B6,VC_A0005,VC_A0005,Hypothetical protein; Identified by Glimmer2; putative.,10,0.1,-3.8166802,3.7430806
Plate2_Drawer6 07-Aug-2025 12-51-44,B8,mltF,VC_0866,"Transglycosylase, Slt family; Murein-degrading enzyme that degrades murein glycan strands and insoluble, high-molecular weight murein sacculi, with the concomitant formation of a 1,6-anhydromuramoyl product. Lytic transglycosylases (LTs) play an integral role in the metabolism of the peptidoglycan (PG) sacculus. Their lytic action creates space within the PG sacculus to allow for its expansion as well as for the insertion of various structures such as secretion systems and flagella. In the N-terminal section; belongs to the bacterial solute- binding protein 3 family.",10,0.1,8.616332,-0.122106105
Plate2_Drawer6 07-Aug-2025 12-51-44,B9,VC_A0726,VC_A0726,"Molybdenum ABC transporter, periplasmic molybdenum-binding protein; Similar to GB:L34009 SP:P37329 PID:504498 PID:973214 PID:1147817; identified by sequence similarity; putative.",10,0.1,-1.8744471,5.293144
Plate2_Drawer6 07-Aug-2025 12-51-44,C10,flgF,VC_2196,Flagellar basal-body rod protein FlgF; Similar to GB:U00096 SP:P75938 PID:1787317; identified by sequence similarity; putative; Belongs to the flagella basal body rod proteins family.,10,0.1,9.4814005,3.7395282
Plate2_Drawer6 07-Aug-2025 12-51-44,C11,VC_2441,VC_2441,Conserved hypothetical protein; Identified by Glimmer2; putative.,10,0.1,2.0621405,12.177351
Plate2_Drawer6 07-Aug-2025 12-51-44,C12,VC_1710,VC_1710,Conserved hypothetical protein; Identified by Glimmer2; putative.,10,0.1,-3.1712036,8.0606575
Plate2_Drawer6 07-Aug-2025 12-51-44,C1,VC_1885,VC_1885,Hypothetical protein; Identified by Glimmer2; putative.,10,0.1,0.6845374,2.6955338
Plate2_Drawer6 07-Aug-2025 12-51-44,C2,aroQ,VC_0297,3-dehydroquinate dehydratase; Catalyzes a trans-dehydration via an enolate intermediate. Belongs to the type-II 3-dehydroquinase family.,10,0.1,0.9968886,14.117839
Plate2_Drawer6 07-Aug-2025 12-51-44,C3,VC_1359,VC_1359,"Amino acid ABC transporter, ATP-binding protein; Similar to PID:1154897; identified by sequence similarity; putative.",10,0.1,-2.2960413,14.346308
Plate2_Drawer6 07-Aug-2025 12-51-44,C4,VC_A0328,VC_A0328,"Biphenyl-2,3-diol 1,2-dioxygenase III-related protein; Similar to GB:X75635 SP:P47233 PID:473121; identified by sequence similarity; putative.",10,0.1,-3.227759,7.475612
Plate2_Drawer6 07-Aug-2025 12-51-44,C5,VC_1350,VC_1350,"Antioxidant, putative; Thiol-specific peroxidase that catalyzes the reduction of hydrogen peroxide and organic hydroperoxides to water and alcohols, respectively. Plays a role in cell protection against oxidative stress by detoxifying peroxides; Belongs to the peroxiredoxin family. Prx5 subfamily.",10,0.1,-0.88179255,6.3978786
Plate2_Drawer6 07-Aug-2025 12-51-44,C6,manB,VC_0242,Phosphomannomutase; Involved in GDP-mannose biosynthesis which serves as the activated sugar nucleotide precursor for mannose residues in cell surface polysaccharides; Belongs to the phosphohexose mutase family.,10,0.1,-1.3873497,11.795301
Plate2_Drawer6 07-Aug-2025 12-51-44,C7,mrcA,VC_2635,Penicillin-binding protein 1A; Cell wall formation. Synthesis of cross-linked peptidoglycan from the lipid intermediates. The enzyme has a penicillin-insensitive transglycosylase N-terminal domain (formation of linear glycan strands) and a penicillin-sensitive transpeptidase C-terminal domain (cross- linking of the peptide subunits).,10,0.1,8.2254,12.543986
Plate2_Drawer6 07-Aug-2025 12-51-44,C8,VC_A0079,VC_A0079,Conserved hypothetical protein; Identified by Glimmer2; putative.,10,0.1,3.3377893,8.86336
Plate2_Drawer6 07-Aug-2025 12-51-44,C9,potA,VC_1428,"Spermidine/putrescine ABC transporter, ATP-binding protein; Part of the ABC transporter complex PotABCD involved in spermidine/putrescine import. Responsible for energy coupling to the transport system; Belongs to the ABC transporter superfamily. Spermidine/putrescine importer (TC 3.A.1.11.1) family.",10,0.1,4.644392,10.657039
Plate2_Drawer6 07-Aug-2025 12-51-44,D10,bioD,VC_1115,"Dethiobiotin synthetase; Catalyzes a mechanistically unusual reaction, the ATP- dependent insertion of CO2 between the N7 and N8 nitrogen atoms of 7,8- diaminopelargonic acid (DAPA) to form an ureido ring.",10,0.1,10.444254,12.700876
Plate2_Drawer6 07-Aug-2025 12-51-44,D11,flaA,VC_2188,Flagellin core protein A; Flagellin is the subunit protein which polymerizes to form the filaments of bacterial flagella. FlaA is required to form a core or scaffold into which the other flagellins are inserted to provide structural integrity. Essential for flagellar synthesis and motility; important for full virulence.,10,0.1,8.600191,3.735036
Plate2_Drawer6 07-Aug-2025 12-51-44,D12,wavL,VC_0239,Conserved hypothetical protein; Identified by Glimmer2; putative.,10,0.1,6.5562744,15.481279
Plate2_Drawer6 07-Aug-2025 12-51-44,D1,VC_A0340,VC_A0340,Hypothetical protein; Identified by Glimmer2; putative.,10,0.1,-3.1710856,7.44609
Plate2_Drawer6 07-Aug-2025 12-51-44,D2,VC_0745,VC_0745,Inositol monophosphate family protein; Similar to GB:M34828 SP:P22783 PID:147899 GB:U00096 PID:1788882; identified by sequence similarity; putative; Belongs to the inositol monophosphatase superfamily.,10,0.1,2.631772,15.589844
Plate2_Drawer6 07-Aug-2025 12-51-44,D3,VC_2485,VC_2485,"Transcriptional regulator, LysR family; Similar to GB:D10483 SP:P10151 GB:M21150 PID:1128961 PID:146605; identified by sequence similarity; putative; Belongs to the LysR transcriptional regulatory family.",10,0.1,2.3839312,12.23626
Plate2_Drawer6 07-Aug-2025 12-51-44,D4,rimO,VC_2620,Conserved hypothetical protein; Catalyzes the methylthiolation of an aspartic acid residue of ribosomal protein S12; Belongs to the methylthiotransferase family. RimO subfamily.,10,0.1,-5.2671905,6.063853
Plate2_Drawer6 07-Aug-2025 12-51-44,D5,bioA,VC_1111,"Adenosylmethionine-8-amino-7-oxononanoate aminotransferase; Catalyzes the transfer of the alpha-amino group from S- adenosyl-L-methionine (SAM) to 7-keto-8-aminopelargonic acid (KAPA) to form 7,8-diaminopelargonic acid (DAPA). It is the only animotransferase known to utilize SAM as an amino donor; Belongs to the class-III pyridoxal-phosphate-dependent aminotransferase family. BioA subfamily.",10,0.1,9.589032,12.953911
Plate2_Drawer6 07-Aug-2025 12-51-44,D6,wbeT,VC_0259,Lipopolysaccharide biosynthesis protein RfbV; Similar to GB:X59554 PID:48400 PID:1929424; identified by sequence similarity; putative.,10,0.1,13.450374,12.833507
Plate2_Drawer6 07-Aug-2025 12-51-44,D7,VC_0929,VC_0929,Hypothetical protein; Identified by Glimmer2; putative.,10,0.1,1.6901301,8.233166
Plate2_Drawer6 07-Aug-2025 12-51-44,D8,flgT,VC_2208,Hypothetical protein; Identified by Glimmer2; putative.,10,0.1,9.429772,4.802187
Plate2_Drawer6 07-Aug-2025 12-51-44,D9,glyA1,VC_0941,"Serine hydroxymethyltransferase; Catalyzes the reversible interconversion of serine and glycine with tetrahydrofolate (THF) serving as the one-carbon carrier. This reaction serves as the major source of one-carbon groups required for the biosynthesis of purines, thymidylate, methionine, and other important biomolecules. Also exhibits THF-independent aldolase activity toward beta-hydroxyamino acids, producing glycine and aldehydes, via a retro-aldol mechanism.",10,0.1,3.1875162,16.980099
Plate2_Drawer6 07-Aug-2025 12-51-44,E10,flgA,VC_2203,"Flagellar protein, putative; Similar to PID:1272364; identified by sequence similarity; putative.",10,0.1,1.009861,6.29362
Plate2_Drawer6 07-Aug-2025 12-51-44,E11,VC_A0187,VC_A0187,Hypothetical protein; Identified by Glimmer2; putative.,10,0.1,2.4991138,11.874929
Plate2_Drawer6 07-Aug-2025 12-51-44,E12,VC_1652,VC_1652,Response regulator VieA; Similar to GP:3123891; identified by sequence similarity; putative.,10,0.1,-5.283523,5.667717
Plate2_Drawer6 07-Aug-2025 12-51-44,E1,VC_1003,VC_1003,Bacteriocin production protein; Similar to GB:J01666 SP:P08550 PID:146367 PID:147415 GB:U00096; identified by sequence similarity; putative.,10,0.1,3.308305,17.863081
Plate2_Drawer6 07-Aug-2025 12-51-44,E2,fliL,VC_2130,Flagellum-specific ATP synthase FliI; Similar to PID:1071643 SP:P52612 GB:U00096 PID:1736607 PID:1788251; identified by sequence similarity; putative.,10,0.1,8.834995,5.019437
Plate2_Drawer6 07-Aug-2025 12-51-44,E3,pdhE2,VC_2413,"Pyruvate dehydrogenase, E2 component, dihydrolipoamide acetyltransferase; The pyruvate dehydrogenase complex catalyzes the overall conversion of pyruvate to acetyl-CoA and CO(2).",10,0.1,5.633791,15.932377
Plate2_Drawer6 07-Aug-2025 12-51-44,E4,VC_0134,VC_0134,Conserved hypothetical protein; Identified by Glimmer2; putative.,10,0.1,-3.7144473,7.783364
Plate2_Drawer6 07-Aug-2025 12-51-44,E5,grx,VC_1146,Glutaredoxin 1; Has a glutathione-disulfide oxidoreductase activity in the presence of NADPH and glutathione reductase. Reduces low molecular weight disulfides and proteins (By similarity).,10,0.1,-4.929852,2.5580916
Plate2_Drawer6 07-Aug-2025 12-51-44,E6,cheW,VC_2059,Purine-binding chemotaxis protein CheW; Similar to GB:M13462 SP:P07365 PID:145520 GB:U00096 PID:1736540; identified by sequence similarity; putative.,10,0.1,1.0039517,5.899478
Plate2_Drawer6 07-Aug-2025 12-51-44,E7,nfuA,VC_2720,"Conserved hypothetical protein; Involved in iron-sulfur cluster biogenesis. Binds a 4Fe-4S cluster, can transfer this cluster to apoproteins, and thereby intervenes in the maturation of Fe/S proteins. Could also act as a scaffold/chaperone for damaged Fe/S proteins.",10,0.1,2.2034316,15.399392
Plate2_Drawer6 07-Aug-2025 12-51-44,E8,groS2,VC_A0819,"Chaperonin, 10 Kd subunit; Binds to Cpn60 in the presence of Mg-ATP and suppresses the ATPase activity of the latter.",10,0.1,-4.244436,0.8964266
Plate2_Drawer6 07-Aug-2025 12-51-44,E9,potD1,VC_1424,"Spermidine/putrescine ABC transporter, periplasmic spermidine/putrescine-binding protein; Required for the activity of the bacterial periplasmic transport system of putrescine; Belongs to the bacterial solute-binding protein PotD/PotF family.",10,0.1,4.746168,10.510301
Plate2_Drawer6 07-Aug-2025 12-51-44,F10,WT,WT,,10,0.1,-5.7046924,2.9222932
Plate2_Drawer6 07-Aug-2025 12-51-44,F1,bioF,VC_1113,"8-amino-7-oxononanoate synthase; Catalyzes the decarboxylative condensation of pimeloyl-[acyl- carrier protein] and L-alanine to produce 8-amino-7-oxononanoate (AON), [acyl-carrier protein], and carbon dioxide.",10,0.1,9.245341,12.880011
Plate2_Drawer6 07-Aug-2025 12-51-44,F2,flgO,VC_2207,Hypothetical protein; Identified by Glimmer2; putative.,10,0.1,5.8740463,9.60273
Plate2_Drawer6 07-Aug-2025 12-51-44,F3,hslO,VC_2736,Conserved hypothetical protein; Redox regulated molecular chaperone. Protects both thermally unfolding and oxidatively damaged proteins from irreversible aggregation. Plays an important role in the bacterial defense system toward oxidative stress.,10,0.1,-1.5189418,7.480133
Plate2_Drawer6 07-Aug-2025 12-51-44,F4,bioC,VC_1114,Biotin synthesis protein BioC; Converts the free carboxyl group of a malonyl-thioester to its methyl ester by transfer of a methyl group from S-adenosyl-L- methionine (SAM). It allows to synthesize pimeloyl-ACP via the fatty acid synthetic pathway.,10,0.1,9.391156,12.899573
Plate2_Drawer6 07-Aug-2025 12-51-44,F5,dnaN,VC_0013,"DNA polymerase III, beta chain; Confers DNA tethering and processivity to DNA polymerases and other proteins. Acts as a clamp, forming a ring around DNA (a reaction catalyzed by the clamp-loading complex) which diffuses in an ATP- independent manner freely and bidirectionally along dsDNA. Initially characterized for its ability to contact the catalytic subunit of DNA polymerase III (Pol III), a complex, multichain enzyme responsible for most of the replicative synthesis in bacteria; Pol III exhibits 3'-5' exonuclease proofreading activity. The beta chain is required for initiation of r [...] ",10,0.1,-0.6457332,9.678353
Plate2_Drawer6 07-Aug-2025 12-51-44,F6,mutH,VC_0668,DNA mismatch repair protein MutH; Sequence-specific endonuclease that cleaves unmethylated GATC sequences. It is involved in DNA mismatch repair; Belongs to the MutH family.,10,0.1,-3.0048997,9.199506
Plate2_Drawer6 07-Aug-2025 12-51-44,F7,pabC,VC_2018,"4-amino-4-deoxychorismate lyase; Involved in the biosynthesis of p-aminobenzoate (PABA), a precursor of tetrahydrofolate. Converts 4-amino-4-deoxychorismate into 4-aminobenzoate (PABA) and pyruvate (By similarity).",10,0.1,1.3622466,11.362518
Plate2_Drawer6 07-Aug-2025 12-51-44,F8,lexA,VC_0092,"LexA repressor; Represses a number of genes involved in the response to DNA damage (SOS response), including recA and lexA. In the presence of single-stranded DNA, RecA interacts with LexA causing an autocatalytic cleavage which disrupts the DNA-binding part of LexA, leading to derepression of the SOS regulon and eventually DNA repair.",10,0.1,1.8702772,10.646031
Plate2_Drawer6 07-Aug-2025 12-51-44,F9,VC_2271,VC_2271,"Riboflavin-specific deaminase; Converts 2,5-diamino-6-(ribosylamino)-4(3h)-pyrimidinone 5'- phosphate into 5-amino-6-(ribosylamino)-2,4(1h,3h)-pyrimidinedione 5'- phosphate; In the C-terminal section; belongs to the HTP reductase family.",10,0.1,1.7388252,10.677417
Plate2_Drawer6 22-Jul-2025 11-24-18,A10,VC_2523,VC_2523,Conserved hypothetical protein; Identified by Glimmer2; putative.,10,0.1,-2.734995,4.173951
Plate2_Drawer6 22-Jul-2025 11-24-18,A11,fliR,VC_2121,Flagellar biosynthetic protein FliR; Role in flagellar biosynthesis. Belongs to the FliR/MopE/SpaR family.,10,0.1,8.483267,4.794944
Plate2_Drawer6 22-Jul-2025 11-24-18,A12,argR,VC_0431,Arginine repressor; Regulates arginine biosynthesis genes.,10,0.1,-0.42138022,7.4820714
Plate2_Drawer6 22-Jul-2025 11-24-18,A1,flgK,VC_2191,Flagellar hook-associated protein FlgM; Similar to PID:2443633; identified by sequence similarity; putative. HOOK FILSMENT JUNCTION,10,0.1,3.1029832,8.564089
Plate2_Drawer6 22-Jul-2025 11-24-18,A2,flrB,VC_2136,Sensory box sensor histidine kinase; Similar to PID:2338728; identified by sequence similarity; putative.,10,0.1,9.807524,3.8959043
Plate2_Drawer6 22-Jul-2025 11-24-18,A3,rjg,VC_0264,Conserved hypothetical protein; Identified by Glimmer2; putative.,10,0.1,-5.2084723,4.232396
Plate2_Drawer6 22-Jul-2025 11-24-18,A4,fliA,VC_2066,RNA polymerase sigma factor for flagellar operon FliA; Sigma factors are initiation factors that promote the attachment of RNA polymerase to specific initiation sites and are then released. This sigma factor controls the expression of flagella-related genes; Belongs to the sigma-70 factor family. FliA subfamily.,10,0.1,9.520427,2.4412284
Plate2_Drawer6 22-Jul-2025 11-24-18,A5,flgM,VC_2204,"Negative regulator of flagellin synthesis FlgM, putative; Similar to GB:L14437 SP:P39809 PID:451869 PID:1762336 GB:AL009126; identified by sequence similarity; putative.",10,0.1,-2.9296637,4.5158577
Plate2_Drawer6 22-Jul-2025 11-24-18,A6,flrA,VC_2137,Sigma-54 dependent transcriptional activator; Similar to PID:2338727; identified by sequence similarity; putative.,10,0.1,9.973166,3.2819688
Plate2_Drawer6 22-Jul-2025 11-24-18,A7,VC_1291,VC_1291,Conserved hypothetical protein; Identified by Glimmer2; putative.,10,0.1,0.49754447,7.371362
Plate2_Drawer6 22-Jul-2025 11-24-18,A8,thiI,VC_0894,"Thiamin biosynthesis protein ThiI; Catalyzes the ATP-dependent transfer of a sulfur to tRNA to produce 4-thiouridine in position 8 of tRNAs, which functions as a near-UV photosensor. Also catalyzes the transfer of sulfur to the sulfur carrier protein ThiS, forming ThiS-thiocarboxylate. This is a step in the synthesis of thiazole, in the thiamine biosynthesis pathway. The sulfur is donated as persulfide by IscS.",10,0.1,1.0419078,14.100208
Plate2_Drawer6 22-Jul-2025 11-24-18,A9,flhB,VC_2120,"Flagellar biosynthetic protein FlhB; Required for formation of the rod structure in the basal body of the flagellar apparatus. Together with FliI and FliH, may constitute the export apparatus of flagellin; Belongs to the type III secretion exporter family.",10,0.1,8.555856,4.288543
Plate2_Drawer6 22-Jul-2025 11-24-18,B10,wbeN,VC_0251,Acyl protein synthase/acyl-CoA reductase RfbN; Similar to GB:X59554 PID:48393; identified by sequence similarity; putative.,10,0.1,0.15307337,11.760843
Plate2_Drawer6 22-Jul-2025 11-24-18,B11,wbeL,VC_0249,rfbL protein; Similar to GB:X59554 PID:48391; identified by sequence similarity; putative.,10,0.1,6.0888104,9.862794
Plate2_Drawer6 22-Jul-2025 11-24-18,B12,pstB1,VC_0726,"Phosphate ABC transporter, ATP-binding protein; Part of the ABC transporter complex PstSACB involved in phosphate import. Responsible for energy coupling to the transport system; Belongs to the ABC transporter superfamily. Phosphate importer (TC 3.A.1.7) family.",10,0.1,-3.1611187,7.950465
Plate2_Drawer6 22-Jul-2025 11-24-18,B1,aroE,VC_0056,"Shikimate 5-dehydrogenase; Involved in the biosynthesis of the chorismate, which leads to the biosynthesis of aromatic amino acids. Catalyzes the reversible NADPH linked reduction of 3-dehydroshikimate (DHSA) to yield shikimate (SA).",10,0.1,-1.3088044,6.642503
Plate2_Drawer6 22-Jul-2025 11-24-18,B4,VC_A0146,VC_A0146,Conserved hypothetical protein; Identified by Glimmer2; putative.,10,0.1,6.035083,9.856901
Plate2_Drawer6 22-Jul-2025 11-24-18,B5,VC_0289,VC_0289,Gluconate utilization system gnt-I transcriptional repressor; Similar to PID:1304069; identified by sequence similarity; putative.,10,0.1,-5.052454,5.720881
Plate2_Drawer6 22-Jul-2025 11-24-18,B6,VC_A0005,VC_A0005,Hypothetical protein; Identified by Glimmer2; putative.,10,0.1,-3.147448,4.0809436
Plate2_Drawer6 22-Jul-2025 11-24-18,B8,mltF,VC_0866,"Transglycosylase, Slt family; Murein-degrading enzyme that degrades murein glycan strands and insoluble, high-molecular weight murein sacculi, with the concomitant formation of a 1,6-anhydromuramoyl product. Lytic transglycosylases (LTs) play an integral role in the metabolism of the peptidoglycan (PG) sacculus. Their lytic action creates space within the PG sacculus to allow for its expansion as well as for the insertion of various structures such as secretion systems and flagella. In the N-terminal section; belongs to the bacterial solute- binding protein 3 family.",10,0.1,8.627163,-0.08585903
Plate2_Drawer6 22-Jul-2025 11-24-18,B9,VC_A0726,VC_A0726,"Molybdenum ABC transporter, periplasmic molybdenum-binding protein; Similar to GB:L34009 SP:P37329 PID:504498 PID:973214 PID:1147817; identified by sequence similarity; putative.",10,0.1,-0.43861556,7.5477743
Plate2_Drawer6 22-Jul-2025 11-24-18,C10,flgF,VC_2196,Flagellar basal-body rod protein FlgF; Similar to GB:U00096 SP:P75938 PID:1787317; identified by sequence similarity; putative; Belongs to the flagella basal body rod proteins family.,10,0.1,9.445248,2.4305046
Plate2_Drawer6 22-Jul-2025 11-24-18,C11,VC_2441,VC_2441,Conserved hypothetical protein; Identified by Glimmer2; putative.,10,0.1,0.8123517,7.80218
Plate2_Drawer6 22-Jul-2025 11-24-18,C12,VC_1710,VC_1710,Conserved hypothetical protein; Identified by Glimmer2; putative.,10,0.1,-4.6126456,2.5637414
Plate2_Drawer6 22-Jul-2025 11-24-18,C1,VC_1885,VC_1885,Hypothetical protein; Identified by Glimmer2; putative.,10,0.1,0.6459364,2.7296495
Plate2_Drawer6 22-Jul-2025 11-24-18,C3,VC_1359,VC_1359,"Amino acid ABC transporter, ATP-binding protein; Similar to PID:1154897; identified by sequence similarity; putative.",10,0.1,-2.2553685,14.326856
Plate2_Drawer6 22-Jul-2025 11-24-18,C4,VC_A0328,VC_A0328,"Biphenyl-2,3-diol 1,2-dioxygenase III-related protein; Similar to GB:X75635 SP:P47233 PID:473121; identified by sequence similarity; putative.",10,0.1,-3.6779459,5.022457
Plate2_Drawer6 22-Jul-2025 11-24-18,C5,VC_1350,VC_1350,"Antioxidant, putative; Thiol-specific peroxidase that catalyzes the reduction of hydrogen peroxide and organic hydroperoxides to water and alcohols, respectively. Plays a role in cell protection against oxidative stress by detoxifying peroxides; Belongs to the peroxiredoxin family. Prx5 subfamily.",10,0.1,-1.324003,5.041171
Plate2_Drawer6 22-Jul-2025 11-24-18,C6,manB,VC_0242,Phosphomannomutase; Involved in GDP-mannose biosynthesis which serves as the activated sugar nucleotide precursor for mannose residues in cell surface polysaccharides; Belongs to the phosphohexose mutase family.,10,0.1,-0.27267292,11.795867
Plate2_Drawer6 22-Jul-2025 11-24-18,C7,mrcA,VC_2635,Penicillin-binding protein 1A; Cell wall formation. Synthesis of cross-linked peptidoglycan from the lipid intermediates. The enzyme has a penicillin-insensitive transglycosylase N-terminal domain (formation of linear glycan strands) and a penicillin-sensitive transpeptidase C-terminal domain (cross- linking of the peptide subunits).,10,0.1,8.199744,12.558766
Plate2_Drawer6 22-Jul-2025 11-24-18,C8,VC_A0079,VC_A0079,Conserved hypothetical protein; Identified by Glimmer2; putative.,10,0.1,4.761685,9.612425
Plate2_Drawer6 22-Jul-2025 11-24-18,C9,potA,VC_1428,"Spermidine/putrescine ABC transporter, ATP-binding protein; Part of the ABC transporter complex PotABCD involved in spermidine/putrescine import. Responsible for energy coupling to the transport system; Belongs to the ABC transporter superfamily. Spermidine/putrescine importer (TC 3.A.1.11.1) family.",10,0.1,4.9009714,10.120611
Plate2_Drawer6 22-Jul-2025 11-24-18,D10,bioD,VC_1115,"Dethiobiotin synthetase; Catalyzes a mechanistically unusual reaction, the ATP- dependent insertion of CO2 between the N7 and N8 nitrogen atoms of 7,8- diaminopelargonic acid (DAPA) to form an ureido ring.",10,0.1,9.891951,12.91066
Plate2_Drawer6 22-Jul-2025 11-24-18,D11,flaA,VC_2188,Flagellin core protein A; Flagellin is the subunit protein which polymerizes to form the filaments of bacterial flagella. FlaA is required to form a core or scaffold into which the other flagellins are inserted to provide structural integrity. Essential for flagellar synthesis and motility; important for full virulence.,10,0.1,9.103888,2.5953615
Plate2_Drawer6 22-Jul-2025 11-24-18,D12,wavL,VC_0239,Conserved hypothetical protein; Identified by Glimmer2; putative.,10,0.1,6.68202,15.532551
Plate2_Drawer6 22-Jul-2025 11-24-18,D1,VC_A0340,VC_A0340,Hypothetical protein; Identified by Glimmer2; putative.,10,0.1,-3.1441555,8.816482
Plate2_Drawer6 22-Jul-2025 11-24-18,D2,VC_0745,VC_0745,Inositol monophosphate family protein; Similar to GB:M34828 SP:P22783 PID:147899 GB:U00096 PID:1788882; identified by sequence similarity; putative; Belongs to the inositol monophosphatase superfamily.,10,0.1,0.876333,7.518184
Plate2_Drawer6 22-Jul-2025 11-24-18,D3,VC_2485,VC_2485,"Transcriptional regulator, LysR family; Similar to GB:D10483 SP:P10151 GB:M21150 PID:1128961 PID:146605; identified by sequence similarity; putative; Belongs to the LysR transcriptional regulatory family.",10,0.1,3.857202,10.658453
Plate2_Drawer6 22-Jul-2025 11-24-18,D4,rimO,VC_2620,Conserved hypothetical protein; Catalyzes the methylthiolation of an aspartic acid residue of ribosomal protein S12; Belongs to the methylthiotransferase family. RimO subfamily.,10,0.1,-4.5531907,2.3366456
Plate2_Drawer6 22-Jul-2025 11-24-18,D5,bioA,VC_1111,"Adenosylmethionine-8-amino-7-oxononanoate aminotransferase; Catalyzes the transfer of the alpha-amino group from S- adenosyl-L-methionine (SAM) to 7-keto-8-aminopelargonic acid (KAPA) to form 7,8-diaminopelargonic acid (DAPA). It is the only animotransferase known to utilize SAM as an amino donor; Belongs to the class-III pyridoxal-phosphate-dependent aminotransferase family. BioA subfamily.",10,0.1,9.391039,12.925757
Plate2_Drawer6 22-Jul-2025 11-24-18,D6,wbeT,VC_0259,Lipopolysaccharide biosynthesis protein RfbV; Similar to GB:X59554 PID:48400 PID:1929424; identified by sequence similarity; putative.,10,0.1,3.7857568,12.683443
Plate2_Drawer6 22-Jul-2025 11-24-18,D7,VC_0929,VC_0929,Hypothetical protein; Identified by Glimmer2; putative.,10,0.1,1.7491899,8.522674
Plate2_Drawer6 22-Jul-2025 11-24-18,D8,flgT,VC_2208,Hypothetical protein; Identified by Glimmer2; putative.,10,0.1,9.285659,2.5539598
Plate2_Drawer6 22-Jul-2025 11-24-18,D9,glyA1,VC_0941,"Serine hydroxymethyltransferase; Catalyzes the reversible interconversion of serine and glycine with tetrahydrofolate (THF) serving as the one-carbon carrier. This reaction serves as the major source of one-carbon groups required for the biosynthesis of purines, thymidylate, methionine, and other important biomolecules. Also exhibits THF-independent aldolase activity toward beta-hydroxyamino acids, producing glycine and aldehydes, via a retro-aldol mechanism.",10,0.1,3.1947348,16.993725
Plate2_Drawer6 22-Jul-2025 11-24-18,E10,flgA,VC_2203,"Flagellar protein, putative; Similar to PID:1272364; identified by sequence similarity; putative.",10,0.1,-1.9529102,4.1824436
Plate2_Drawer6 22-Jul-2025 11-24-18,E11,VC_A0187,VC_A0187,Hypothetical protein; Identified by Glimmer2; putative.,10,0.1,0.068275146,9.974187
Plate2_Drawer6 22-Jul-2025 11-24-18,E12,VC_1652,VC_1652,Response regulator VieA; Similar to GP:3123891; identified by sequence similarity; putative.,10,0.1,-3.9050002,6.4083986
Plate2_Drawer6 22-Jul-2025 11-24-18,E1,VC_1003,VC_1003,Bacteriocin production protein; Similar to GB:J01666 SP:P08550 PID:146367 PID:147415 GB:U00096; identified by sequence similarity; putative.,10,0.1,3.256664,18.063616
Plate2_Drawer6 22-Jul-2025 11-24-18,E2,fliL,VC_2130,Flagellum-specific ATP synthase FliI; Similar to PID:1071643 SP:P52612 GB:U00096 PID:1736607 PID:1788251; identified by sequence similarity; putative.,10,0.1,9.206908,2.498508
Plate2_Drawer6 22-Jul-2025 11-24-18,E3,pdhE2,VC_2413,"Pyruvate dehydrogenase, E2 component, dihydrolipoamide acetyltransferase; The pyruvate dehydrogenase complex catalyzes the overall conversion of pyruvate to acetyl-CoA and CO(2).",10,0.1,5.401282,16.136162
Plate2_Drawer6 22-Jul-2025 11-24-18,E4,VC_0134,VC_0134,Conserved hypothetical protein; Identified by Glimmer2; putative.,10,0.1,-4.010667,6.0855584
Plate2_Drawer6 22-Jul-2025 11-24-18,E5,grx,VC_1146,Glutaredoxin 1; Has a glutathione-disulfide oxidoreductase activity in the presence of NADPH and glutathione reductase. Reduces low molecular weight disulfides and proteins (By similarity).,10,0.1,-5.2506824,2.0700407
Plate2_Drawer6 22-Jul-2025 11-24-18,E6,cheW,VC_2059,Purine-binding chemotaxis protein CheW; Similar to GB:M13462 SP:P07365 PID:145520 GB:U00096 PID:1736540; identified by sequence similarity; putative.,10,0.1,-1.7719021,4.302047
Plate2_Drawer6 22-Jul-2025 11-24-18,E7,nfuA,VC_2720,"Conserved hypothetical protein; Involved in iron-sulfur cluster biogenesis. Binds a 4Fe-4S cluster, can transfer this cluster to apoproteins, and thereby intervenes in the maturation of Fe/S proteins. Could also act as a scaffold/chaperone for damaged Fe/S proteins.",10,0.1,2.134068,15.250006
Plate2_Drawer6 22-Jul-2025 11-24-18,E8,groS2,VC_A0819,"Chaperonin, 10 Kd subunit; Binds to Cpn60 in the presence of Mg-ATP and suppresses the ATPase activity of the latter.",10,0.1,-5.448939,3.7875273
Plate2_Drawer6 22-Jul-2025 11-24-18,E9,potD1,VC_1424,"Spermidine/putrescine ABC transporter, periplasmic spermidine/putrescine-binding protein; Required for the activity of the bacterial periplasmic transport system of putrescine; Belongs to the bacterial solute-binding protein PotD/PotF family.",10,0.1,4.8420377,10.212448
Plate2_Drawer6 22-Jul-2025 11-24-18,F10,WT,WT,,10,0.1,-5.228678,4.5108814
Plate2_Drawer6 22-Jul-2025 11-24-18,F1,bioF,VC_1113,"8-amino-7-oxononanoate synthase; Catalyzes the decarboxylative condensation of pimeloyl-[acyl- carrier protein] and L-alanine to produce 8-amino-7-oxononanoate (AON), [acyl-carrier protein], and carbon dioxide.",10,0.1,10.379405,12.743245
Plate2_Drawer6 22-Jul-2025 11-24-18,F2,flgO,VC_2207,Hypothetical protein; Identified by Glimmer2; putative.,10,0.1,5.319324,9.608261
Plate2_Drawer6 22-Jul-2025 11-24-18,F3,hslO,VC_2736,Conserved hypothetical protein; Redox regulated molecular chaperone. Protects both thermally unfolding and oxidatively damaged proteins from irreversible aggregation. Plays an important role in the bacterial defense system toward oxidative stress.,10,0.1,-1.5209427,7.4781127
Plate2_Drawer6 22-Jul-2025 11-24-18,F4,bioC,VC_1114,Biotin synthesis protein BioC; Converts the free carboxyl group of a malonyl-thioester to its methyl ester by transfer of a methyl group from S-adenosyl-L- methionine (SAM). It allows to synthesize pimeloyl-ACP via the fatty acid synthetic pathway.,10,0.1,10.075516,12.917562
Plate2_Drawer6 22-Jul-2025 11-24-18,F5,dnaN,VC_0013,"DNA polymerase III, beta chain; Confers DNA tethering and processivity to DNA polymerases and other proteins. Acts as a clamp, forming a ring around DNA (a reaction catalyzed by the clamp-loading complex) which diffuses in an ATP- independent manner freely and bidirectionally along dsDNA. Initially characterized for its ability to contact the catalytic subunit of DNA polymerase III (Pol III), a complex, multichain enzyme responsible for most of the replicative synthesis in bacteria; Pol III exhibits 3'-5' exonuclease proofreading activity. The beta chain is required for initiation of r [...] ",10,0.1,1.8920354,8.7359295
Plate2_Drawer6 22-Jul-2025 11-24-18,F6,mutH,VC_0668,DNA mismatch repair protein MutH; Sequence-specific endonuclease that cleaves unmethylated GATC sequences. It is involved in DNA mismatch repair; Belongs to the MutH family.,10,0.1,-2.2373307,8.610357
Plate2_Drawer6 22-Jul-2025 11-24-18,F7,pabC,VC_2018,"4-amino-4-deoxychorismate lyase; Involved in the biosynthesis of p-aminobenzoate (PABA), a precursor of tetrahydrofolate. Converts 4-amino-4-deoxychorismate into 4-aminobenzoate (PABA) and pyruvate (By similarity).",10,0.1,0.6577937,11.111626
Plate2_Drawer6 22-Jul-2025 11-24-18,F8,lexA,VC_0092,"LexA repressor; Represses a number of genes involved in the response to DNA damage (SOS response), including recA and lexA. In the presence of single-stranded DNA, RecA interacts with LexA causing an autocatalytic cleavage which disrupts the DNA-binding part of LexA, leading to derepression of the SOS regulon and eventually DNA repair.",10,0.1,0.91490144,8.632489
Plate2_Drawer6 22-Jul-2025 11-24-18,F9,VC_2271,VC_2271,"Riboflavin-specific deaminase; Converts 2,5-diamino-6-(ribosylamino)-4(3h)-pyrimidinone 5'- phosphate into 5-amino-6-(ribosylamino)-2,4(1h,3h)-pyrimidinedione 5'- phosphate; In the C-terminal section; belongs to the HTP reductase family.",10,0.1,2.5412707,9.276894
Plate2_Drawer6 25-Aug-2025 13-08-37,A10,VC_2523,VC_2523,Conserved hypothetical protein; Identified by Glimmer2; putative.,10,0.1,-3.9905288,4.059311
Plate2_Drawer6 25-Aug-2025 13-08-37,A11,fliR,VC_2121,Flagellar biosynthetic protein FliR; Role in flagellar biosynthesis. Belongs to the FliR/MopE/SpaR family.,10,0.1,8.801664,5.5746865
Plate2_Drawer6 25-Aug-2025 13-08-37,A12,argR,VC_0431,Arginine repressor; Regulates arginine biosynthesis genes.,10,0.1,-1.447641,5.7464967
Plate2_Drawer6 25-Aug-2025 13-08-37,A1,flgK,VC_2191,Flagellar hook-associated protein FlgM; Similar to PID:2443633; identified by sequence similarity; putative. HOOK FILSMENT JUNCTION,10,0.1,2.59951,9.638746
Plate2_Drawer6 25-Aug-2025 13-08-37,A2,flrB,VC_2136,Sensory box sensor histidine kinase; Similar to PID:2338728; identified by sequence similarity; putative.,10,0.1,9.782644,3.9402723
Plate2_Drawer6 25-Aug-2025 13-08-37,A3,rjg,VC_0264,Conserved hypothetical protein; Identified by Glimmer2; putative.,10,0.1,-5.6101527,3.0229945
Plate2_Drawer6 25-Aug-2025 13-08-37,A4,fliA,VC_2066,RNA polymerase sigma factor for flagellar operon FliA; Sigma factors are initiation factors that promote the attachment of RNA polymerase to specific initiation sites and are then released. This sigma factor controls the expression of flagella-related genes; Belongs to the sigma-70 factor family. FliA subfamily.,10,0.1,9.291066,2.134109
Plate2_Drawer6 25-Aug-2025 13-08-37,A5,flgM,VC_2204,"Negative regulator of flagellin synthesis FlgM, putative; Similar to GB:L14437 SP:P39809 PID:451869 PID:1762336 GB:AL009126; identified by sequence similarity; putative.",10,0.1,-3.5021448,4.5142255
Plate2_Drawer6 25-Aug-2025 13-08-37,A6,flrA,VC_2137,Sigma-54 dependent transcriptional activator; Similar to PID:2338727; identified by sequence similarity; putative.,10,0.1,9.614743,2.8600035
Plate2_Drawer6 25-Aug-2025 13-08-37,A7,VC_1291,VC_1291,Conserved hypothetical protein; Identified by Glimmer2; putative.,10,0.1,0.61292136,7.8703284
Plate2_Drawer6 25-Aug-2025 13-08-37,A8,thiI,VC_0894,"Thiamin biosynthesis protein ThiI; Catalyzes the ATP-dependent transfer of a sulfur to tRNA to produce 4-thiouridine in position 8 of tRNAs, which functions as a near-UV photosensor. Also catalyzes the transfer of sulfur to the sulfur carrier protein ThiS, forming ThiS-thiocarboxylate. This is a step in the synthesis of thiazole, in the thiamine biosynthesis pathway. The sulfur is donated as persulfide by IscS.",10,0.1,-5.1430593,4.500711
Plate2_Drawer6 25-Aug-2025 13-08-37,A9,flhB,VC_2120,"Flagellar biosynthetic protein FlhB; Required for formation of the rod structure in the basal body of the flagellar apparatus. Together with FliI and FliH, may constitute the export apparatus of flagellin; Belongs to the type III secretion exporter family.",10,0.1,8.487206,4.8523126
Plate2_Drawer6 25-Aug-2025 13-08-37,B10,wbeN,VC_0251,Acyl protein synthase/acyl-CoA reductase RfbN; Similar to GB:X59554 PID:48393; identified by sequence similarity; putative.,10,0.1,-1.2684884,11.838652
Plate2_Drawer6 25-Aug-2025 13-08-37,B11,wbeL,VC_0249,rfbL protein; Similar to GB:X59554 PID:48391; identified by sequence similarity; putative.,10,0.1,5.992453,21.09701
Plate2_Drawer6 25-Aug-2025 13-08-37,B12,pstB1,VC_0726,"Phosphate ABC transporter, ATP-binding protein; Part of the ABC transporter complex PstSACB involved in phosphate import. Responsible for energy coupling to the transport system; Belongs to the ABC transporter superfamily. Phosphate importer (TC 3.A.1.7) family.",10,0.1,-3.4030547,8.037545
Plate2_Drawer6 25-Aug-2025 13-08-37,B1,aroE,VC_0056,"Shikimate 5-dehydrogenase; Involved in the biosynthesis of the chorismate, which leads to the biosynthesis of aromatic amino acids. Catalyzes the reversible NADPH linked reduction of 3-dehydroshikimate (DHSA) to yield shikimate (SA).",10,0.1,-5.365841,4.4469843
Plate2_Drawer6 25-Aug-2025 13-08-37,B4,VC_A0146,VC_A0146,Conserved hypothetical protein; Identified by Glimmer2; putative.,10,0.1,2.5187414,9.136354
Plate2_Drawer6 25-Aug-2025 13-08-37,B5,VC_0289,VC_0289,Gluconate utilization system gnt-I transcriptional repressor; Similar to PID:1304069; identified by sequence similarity; putative.,10,0.1,-5.823666,3.18132
Plate2_Drawer6 25-Aug-2025 13-08-37,B6,VC_A0005,VC_A0005,Hypothetical protein; Identified by Glimmer2; putative.,10,0.1,-3.9017606,3.8840938
Plate2_Drawer6 25-Aug-2025 13-08-37,B8,mltF,VC_0866,"Transglycosylase, Slt family; Murein-degrading enzyme that degrades murein glycan strands and insoluble, high-molecular weight murein sacculi, with the concomitant formation of a 1,6-anhydromuramoyl product. Lytic transglycosylases (LTs) play an integral role in the metabolism of the peptidoglycan (PG) sacculus. Their lytic action creates space within the PG sacculus to allow for its expansion as well as for the insertion of various structures such as secretion systems and flagella. In the N-terminal section; belongs to the bacterial solute- binding protein 3 family.",10,0.1,10.651253,-4.9788127
Plate2_Drawer6 25-Aug-2025 13-08-37,B9,VC_A0726,VC_A0726,"Molybdenum ABC transporter, periplasmic molybdenum-binding protein; Similar to GB:L34009 SP:P37329 PID:504498 PID:973214 PID:1147817; identified by sequence similarity; putative.",10,0.1,-2.0755093,5.1517396
Plate2_Drawer6 25-Aug-2025 13-08-37,C10,flgF,VC_2196,Flagellar basal-body rod protein FlgF; Similar to GB:U00096 SP:P75938 PID:1787317; identified by sequence similarity; putative; Belongs to the flagella basal body rod proteins family.,10,0.1,9.462961,4.4456916
Plate2_Drawer6 25-Aug-2025 13-08-37,C11,VC_2441,VC_2441,Conserved hypothetical protein; Identified by Glimmer2; putative.,10,0.1,0.3447265,7.4255667
Plate2_Drawer6 25-Aug-2025 13-08-37,C12,VC_1710,VC_1710,Conserved hypothetical protein; Identified by Glimmer2; putative.,10,0.1,-3.6817567,7.7938266
Plate2_Drawer6 25-Aug-2025 13-08-37,C1,VC_1885,VC_1885,Hypothetical protein; Identified by Glimmer2; putative.,10,0.1,0.6662959,2.7111928
Plate2_Drawer6 25-Aug-2025 13-08-37,C2,aroQ,VC_0297,3-dehydroquinate dehydratase; Catalyzes a trans-dehydration via an enolate intermediate. Belongs to the type-II 3-dehydroquinase family.,10,0.1,1.0747558,14.350676
Plate2_Drawer6 25-Aug-2025 13-08-37,C3,VC_1359,VC_1359,"Amino acid ABC transporter, ATP-binding protein; Similar to PID:1154897; identified by sequence similarity; putative.",10,0.1,-2.2963295,14.364825
Plate2_Drawer6 25-Aug-2025 13-08-37,C4,VC_A0328,VC_A0328,"Biphenyl-2,3-diol 1,2-dioxygenase III-related protein; Similar to GB:X75635 SP:P47233 PID:473121; identified by sequence similarity; putative.",10,0.1,-3.5889697,4.6139092
Plate2_Drawer6 25-Aug-2025 13-08-37,C5,VC_1350,VC_1350,"Antioxidant, putative; Thiol-specific peroxidase that catalyzes the reduction of hydrogen peroxide and organic hydroperoxides to water and alcohols, respectively. Plays a role in cell protection against oxidative stress by detoxifying peroxides; Belongs to the peroxiredoxin family. Prx5 subfamily.",10,0.1,-0.96759033,5.747546
Plate2_Drawer6 25-Aug-2025 13-08-37,C6,manB,VC_0242,Phosphomannomutase; Involved in GDP-mannose biosynthesis which serves as the activated sugar nucleotide precursor for mannose residues in cell surface polysaccharides; Belongs to the phosphohexose mutase family.,10,0.1,-2.0985453,13.587802
Plate2_Drawer6 25-Aug-2025 13-08-37,C7,mrcA,VC_2635,Penicillin-binding protein 1A; Cell wall formation. Synthesis of cross-linked peptidoglycan from the lipid intermediates. The enzyme has a penicillin-insensitive transglycosylase N-terminal domain (formation of linear glycan strands) and a penicillin-sensitive transpeptidase C-terminal domain (cross- linking of the peptide subunits).,10,0.1,8.211602,12.537447
Plate2_Drawer6 25-Aug-2025 13-08-37,C8,VC_A0079,VC_A0079,Conserved hypothetical protein; Identified by Glimmer2; putative.,10,0.1,3.248742,8.776666
Plate2_Drawer6 25-Aug-2025 13-08-37,C9,potA,VC_1428,"Spermidine/putrescine ABC transporter, ATP-binding protein; Part of the ABC transporter complex PotABCD involved in spermidine/putrescine import. Responsible for energy coupling to the transport system; Belongs to the ABC transporter superfamily. Spermidine/putrescine importer (TC 3.A.1.11.1) family.",10,0.1,4.5803227,10.990523
Plate2_Drawer6 25-Aug-2025 13-08-37,D10,bioD,VC_1115,"Dethiobiotin synthetase; Catalyzes a mechanistically unusual reaction, the ATP- dependent insertion of CO2 between the N7 and N8 nitrogen atoms of 7,8- diaminopelargonic acid (DAPA) to form an ureido ring.",10,0.1,10.752128,12.519435
Plate2_Drawer6 25-Aug-2025 13-08-37,D11,flaA,VC_2188,Flagellin core protein A; Flagellin is the subunit protein which polymerizes to form the filaments of bacterial flagella. FlaA is required to form a core or scaffold into which the other flagellins are inserted to provide structural integrity. Essential for flagellar synthesis and motility; important for full virulence.,10,0.1,8.623226,4.8486314
Plate2_Drawer6 25-Aug-2025 13-08-37,D12,wavL,VC_0239,Conserved hypothetical protein; Identified by Glimmer2; putative.,10,0.1,6.955715,15.6677475
Plate2_Drawer6 25-Aug-2025 13-08-37,D1,VC_A0340,VC_A0340,Hypothetical protein; Identified by Glimmer2; putative.,10,0.1,-3.2511988,6.905859
Plate2_Drawer6 25-Aug-2025 13-08-37,D2,VC_0745,VC_0745,Inositol monophosphate family protein; Similar to GB:M34828 SP:P22783 PID:147899 GB:U00096 PID:1788882; identified by sequence similarity; putative; Belongs to the inositol monophosphatase superfamily.,10,0.1,2.7544513,15.906488
Plate2_Drawer6 25-Aug-2025 13-08-37,D3,VC_2485,VC_2485,"Transcriptional regulator, LysR family; Similar to GB:D10483 SP:P10151 GB:M21150 PID:1128961 PID:146605; identified by sequence similarity; putative; Belongs to the LysR transcriptional regulatory family.",10,0.1,3.8013158,10.492437
Plate2_Drawer6 25-Aug-2025 13-08-37,D4,rimO,VC_2620,Conserved hypothetical protein; Catalyzes the methylthiolation of an aspartic acid residue of ribosomal protein S12; Belongs to the methylthiotransferase family. RimO subfamily.,10,0.1,-4.5640388,2.0069194
Plate2_Drawer6 25-Aug-2025 13-08-37,D5,bioA,VC_1111,"Adenosylmethionine-8-amino-7-oxononanoate aminotransferase; Catalyzes the transfer of the alpha-amino group from S- adenosyl-L-methionine (SAM) to 7-keto-8-aminopelargonic acid (KAPA) to form 7,8-diaminopelargonic acid (DAPA). It is the only animotransferase known to utilize SAM as an amino donor; Belongs to the class-III pyridoxal-phosphate-dependent aminotransferase family. BioA subfamily.",10,0.1,10.262299,12.765258
Plate2_Drawer6 25-Aug-2025 13-08-37,D6,wbeT,VC_0259,Lipopolysaccharide biosynthesis protein RfbV; Similar to GB:X59554 PID:48400 PID:1929424; identified by sequence similarity; putative.,10,0.1,13.424476,12.772197
Plate2_Drawer6 25-Aug-2025 13-08-37,D7,VC_0929,VC_0929,Hypothetical protein; Identified by Glimmer2; putative.,10,0.1,1.6877012,8.169172
Plate2_Drawer6 25-Aug-2025 13-08-37,D8,flgT,VC_2208,Hypothetical protein; Identified by Glimmer2; putative.,10,0.1,9.007691,3.1877472
Plate2_Drawer6 25-Aug-2025 13-08-37,D9,glyA1,VC_0941,"Serine hydroxymethyltransferase; Catalyzes the reversible interconversion of serine and glycine with tetrahydrofolate (THF) serving as the one-carbon carrier. This reaction serves as the major source of one-carbon groups required for the biosynthesis of purines, thymidylate, methionine, and other important biomolecules. Also exhibits THF-independent aldolase activity toward beta-hydroxyamino acids, producing glycine and aldehydes, via a retro-aldol mechanism.",10,0.1,3.0627084,16.661436
Plate2_Drawer6 25-Aug-2025 13-08-37,E10,flgA,VC_2203,"Flagellar protein, putative; Similar to PID:1272364; identified by sequence similarity; putative.",10,0.1,-1.9318445,4.216762
Plate2_Drawer6 25-Aug-2025 13-08-37,E11,VC_A0187,VC_A0187,Hypothetical protein; Identified by Glimmer2; putative.,10,0.1,2.2230768,8.974365
Plate2_Drawer6 25-Aug-2025 13-08-37,E12,VC_1652,VC_1652,Response regulator VieA; Similar to GP:3123891; identified by sequence similarity; putative.,10,0.1,-3.200967,8.293924
Plate2_Drawer6 25-Aug-2025 13-08-37,E1,VC_1003,VC_1003,Bacteriocin production protein; Similar to GB:J01666 SP:P08550 PID:146367 PID:147415 GB:U00096; identified by sequence similarity; putative.,10,0.1,3.2538064,18.065825
Plate2_Drawer6 25-Aug-2025 13-08-37,E2,fliL,VC_2130,Flagellum-specific ATP synthase FliI; Similar to PID:1071643 SP:P52612 GB:U00096 PID:1736607 PID:1788251; identified by sequence similarity; putative.,10,0.1,9.355607,5.794948
Plate2_Drawer6 25-Aug-2025 13-08-37,E3,pdhE2,VC_2413,"Pyruvate dehydrogenase, E2 component, dihydrolipoamide acetyltransferase; The pyruvate dehydrogenase complex catalyzes the overall conversion of pyruvate to acetyl-CoA and CO(2).",10,0.1,5.7412667,15.993836
Plate2_Drawer6 25-Aug-2025 13-08-37,E4,VC_0134,VC_0134,Conserved hypothetical protein; Identified by Glimmer2; putative.,10,0.1,-4.004667,6.0840364
Plate2_Drawer6 25-Aug-2025 13-08-37,E5,grx,VC_1146,Glutaredoxin 1; Has a glutathione-disulfide oxidoreductase activity in the presence of NADPH and glutathione reductase. Reduces low molecular weight disulfides and proteins (By similarity).,10,0.1,-5.2735076,1.7090099
Plate2_Drawer6 25-Aug-2025 13-08-37,E6,cheW,VC_2059,Purine-binding chemotaxis protein CheW; Similar to GB:M13462 SP:P07365 PID:145520 GB:U00096 PID:1736540; identified by sequence similarity; putative.,10,0.1,1.0272685,5.9114966
Plate2_Drawer6 25-Aug-2025 13-08-37,E7,nfuA,VC_2720,"Conserved hypothetical protein; Involved in iron-sulfur cluster biogenesis. Binds a 4Fe-4S cluster, can transfer this cluster to apoproteins, and thereby intervenes in the maturation of Fe/S proteins. Could also act as a scaffold/chaperone for damaged Fe/S proteins.",10,0.1,2.1435487,15.340969
Plate2_Drawer6 25-Aug-2025 13-08-37,E8,groS2,VC_A0819,"Chaperonin, 10 Kd subunit; Binds to Cpn60 in the presence of Mg-ATP and suppresses the ATPase activity of the latter.",10,0.1,-5.061834,2.9065766
Plate2_Drawer6 25-Aug-2025 13-08-37,E9,potD1,VC_1424,"Spermidine/putrescine ABC transporter, periplasmic spermidine/putrescine-binding protein; Required for the activity of the bacterial periplasmic transport system of putrescine; Belongs to the bacterial solute-binding protein PotD/PotF family.",10,0.1,4.8446603,10.154245
Plate2_Drawer6 25-Aug-2025 13-08-37,F10,WT,WT,,10,0.1,-5.8029933,3.4710996
Plate2_Drawer6 25-Aug-2025 13-08-37,F1,bioF,VC_1113,"8-amino-7-oxononanoate synthase; Catalyzes the decarboxylative condensation of pimeloyl-[acyl- carrier protein] and L-alanine to produce 8-amino-7-oxononanoate (AON), [acyl-carrier protein], and carbon dioxide.",10,0.1,9.464351,12.985448
Plate2_Drawer6 25-Aug-2025 13-08-37,F2,flgO,VC_2207,Hypothetical protein; Identified by Glimmer2; putative.,10,0.1,5.6248956,9.561074
Plate2_Drawer6 25-Aug-2025 13-08-37,F3,hslO,VC_2736,Conserved hypothetical protein; Redox regulated molecular chaperone. Protects both thermally unfolding and oxidatively damaged proteins from irreversible aggregation. Plays an important role in the bacterial defense system toward oxidative stress.,10,0.1,-0.5912568,7.637316
Plate2_Drawer6 25-Aug-2025 13-08-37,F4,bioC,VC_1114,Biotin synthesis protein BioC; Converts the free carboxyl group of a malonyl-thioester to its methyl ester by transfer of a methyl group from S-adenosyl-L- methionine (SAM). It allows to synthesize pimeloyl-ACP via the fatty acid synthetic pathway.,10,0.1,10.447602,12.720569
Plate2_Drawer6 25-Aug-2025 13-08-37,F5,dnaN,VC_0013,"DNA polymerase III, beta chain; Confers DNA tethering and processivity to DNA polymerases and other proteins. Acts as a clamp, forming a ring around DNA (a reaction catalyzed by the clamp-loading complex) which diffuses in an ATP- independent manner freely and bidirectionally along dsDNA. Initially characterized for its ability to contact the catalytic subunit of DNA polymerase III (Pol III), a complex, multichain enzyme responsible for most of the replicative synthesis in bacteria; Pol III exhibits 3'-5' exonuclease proofreading activity. The beta chain is required for initiation of r [...] ",10,0.1,1.2815429,11.540206
Plate2_Drawer6 25-Aug-2025 13-08-37,F6,mutH,VC_0668,DNA mismatch repair protein MutH; Sequence-specific endonuclease that cleaves unmethylated GATC sequences. It is involved in DNA mismatch repair; Belongs to the MutH family.,10,0.1,-3.3379357,8.318178
Plate2_Drawer6 25-Aug-2025 13-08-37,F7,pabC,VC_2018,"4-amino-4-deoxychorismate lyase; Involved in the biosynthesis of p-aminobenzoate (PABA), a precursor of tetrahydrofolate. Converts 4-amino-4-deoxychorismate into 4-aminobenzoate (PABA) and pyruvate (By similarity).",10,0.1,0.8505904,11.492968
Plate2_Drawer6 25-Aug-2025 13-08-37,F8,lexA,VC_0092,"LexA repressor; Represses a number of genes involved in the response to DNA damage (SOS response), including recA and lexA. In the presence of single-stranded DNA, RecA interacts with LexA causing an autocatalytic cleavage which disrupts the DNA-binding part of LexA, leading to derepression of the SOS regulon and eventually DNA repair.",10,0.1,1.7176038,11.799745
Plate2_Drawer6 25-Aug-2025 13-08-37,F9,VC_2271,VC_2271,"Riboflavin-specific deaminase; Converts 2,5-diamino-6-(ribosylamino)-4(3h)-pyrimidinone 5'- phosphate into 5-amino-6-(ribosylamino)-2,4(1h,3h)-pyrimidinedione 5'- phosphate; In the C-terminal section; belongs to the HTP reductase family.",10,0.1,2.4978395,9.2791
Plate2_Drawer6 25-Jul-2025 15-13-08,A10,VC_2523,VC_2523,Conserved hypothetical protein; Identified by Glimmer2; putative.,10,0.1,-6.538043,4.5995727
Plate2_Drawer6 25-Jul-2025 15-13-08,A11,fliR,VC_2121,Flagellar biosynthetic protein FliR; Role in flagellar biosynthesis. Belongs to the FliR/MopE/SpaR family.,10,0.1,9.207817,6.101676
Plate2_Drawer6 25-Jul-2025 15-13-08,A12,argR,VC_0431,Arginine repressor; Regulates arginine biosynthesis genes.,10,0.1,0.60542613,10.046366
Plate2_Drawer6 25-Jul-2025 15-13-08,A1,flgK,VC_2191,Flagellar hook-associated protein FlgM; Similar to PID:2443633; identified by sequence similarity; putative. HOOK FILSMENT JUNCTION,10,0.1,-1.0754819,9.050501
Plate2_Drawer6 25-Jul-2025 15-13-08,A2,flrB,VC_2136,Sensory box sensor histidine kinase; Similar to PID:2338728; identified by sequence similarity; putative.,10,0.1,9.805083,3.877217
Plate2_Drawer6 25-Jul-2025 15-13-08,A3,rjg,VC_0264,Conserved hypothetical protein; Identified by Glimmer2; putative.,10,0.1,-5.473251,6.4057055
Plate2_Drawer6 25-Jul-2025 15-13-08,A4,fliA,VC_2066,RNA polymerase sigma factor for flagellar operon FliA; Sigma factors are initiation factors that promote the attachment of RNA polymerase to specific initiation sites and are then released. This sigma factor controls the expression of flagella-related genes; Belongs to the sigma-70 factor family. FliA subfamily.,10,0.1,10.078676,3.202308
Plate2_Drawer6 25-Jul-2025 15-13-08,A5,flgM,VC_2204,"Negative regulator of flagellin synthesis FlgM, putative; Similar to GB:L14437 SP:P39809 PID:451869 PID:1762336 GB:AL009126; identified by sequence similarity; putative.",10,0.1,-2.002639,6.9330573
Plate2_Drawer6 25-Jul-2025 15-13-08,A6,flrA,VC_2137,Sigma-54 dependent transcriptional activator; Similar to PID:2338727; identified by sequence similarity; putative.,10,0.1,9.833913,3.0339754
Plate2_Drawer6 25-Jul-2025 15-13-08,A7,VC_1291,VC_1291,Conserved hypothetical protein; Identified by Glimmer2; putative.,10,0.1,0.74130267,10.159487
Plate2_Drawer6 25-Jul-2025 15-13-08,A8,thiI,VC_0894,"Thiamin biosynthesis protein ThiI; Catalyzes the ATP-dependent transfer of a sulfur to tRNA to produce 4-thiouridine in position 8 of tRNAs, which functions as a near-UV photosensor. Also catalyzes the transfer of sulfur to the sulfur carrier protein ThiS, forming ThiS-thiocarboxylate. This is a step in the synthesis of thiazole, in the thiamine biosynthesis pathway. The sulfur is donated as persulfide by IscS.",10,0.1,-5.4064317,7.242016
Plate2_Drawer6 25-Jul-2025 15-13-08,A9,flhB,VC_2120,"Flagellar biosynthetic protein FlhB; Required for formation of the rod structure in the basal body of the flagellar apparatus. Together with FliI and FliH, may constitute the export apparatus of flagellin; Belongs to the type III secretion exporter family.",10,0.1,8.614067,5.3246775
Plate2_Drawer6 25-Jul-2025 15-13-08,B10,wbeN,VC_0251,Acyl protein synthase/acyl-CoA reductase RfbN; Similar to GB:X59554 PID:48393; identified by sequence similarity; putative.,10,0.1,-0.8627269,11.9472685
Plate2_Drawer6 25-Jul-2025 15-13-08,B11,wbeL,VC_0249,rfbL protein; Similar to GB:X59554 PID:48391; identified by sequence similarity; putative.,10,0.1,5.981433,20.9755
Plate2_Drawer6 25-Jul-2025 15-13-08,B12,pstB1,VC_0726,"Phosphate ABC transporter, ATP-binding protein; Part of the ABC transporter complex PstSACB involved in phosphate import. Responsible for energy coupling to the transport system; Belongs to the ABC transporter superfamily. Phosphate importer (TC 3.A.1.7) family.",10,0.1,-3.2970738,8.668505
Plate2_Drawer6 25-Jul-2025 15-13-08,B1,aroE,VC_0056,"Shikimate 5-dehydrogenase; Involved in the biosynthesis of the chorismate, which leads to the biosynthesis of aromatic amino acids. Catalyzes the reversible NADPH linked reduction of 3-dehydroshikimate (DHSA) to yield shikimate (SA).",10,0.1,-3.0758638,5.5127926
Plate2_Drawer6 25-Jul-2025 15-13-08,B4,VC_A0146,VC_A0146,Conserved hypothetical protein; Identified by Glimmer2; putative.,10,0.1,2.538152,9.181026
Plate2_Drawer6 25-Jul-2025 15-13-08,B5,VC_0289,VC_0289,Gluconate utilization system gnt-I transcriptional repressor; Similar to PID:1304069; identified by sequence similarity; putative.,10,0.1,-5.3855367,4.750585
Plate2_Drawer6 25-Jul-2025 15-13-08,B6,VC_A0005,VC_A0005,Hypothetical protein; Identified by Glimmer2; putative.,10,0.1,-6.434811,4.6148257
Plate2_Drawer6 25-Jul-2025 15-13-08,B8,mltF,VC_0866,"Transglycosylase, Slt family; Murein-degrading enzyme that degrades murein glycan strands and insoluble, high-molecular weight murein sacculi, with the concomitant formation of a 1,6-anhydromuramoyl product. Lytic transglycosylases (LTs) play an integral role in the metabolism of the peptidoglycan (PG) sacculus. Their lytic action creates space within the PG sacculus to allow for its expansion as well as for the insertion of various structures such as secretion systems and flagella. In the N-terminal section; belongs to the bacterial solute- binding protein 3 family.",10,0.1,10.651779,-4.9793506
Plate2_Drawer6 25-Jul-2025 15-13-08,B9,VC_A0726,VC_A0726,"Molybdenum ABC transporter, periplasmic molybdenum-binding protein; Similar to GB:L34009 SP:P37329 PID:504498 PID:973214 PID:1147817; identified by sequence similarity; putative.",10,0.1,-1.0472236,6.3012805
Plate2_Drawer6 25-Jul-2025 15-13-08,C10,flgF,VC_2196,Flagellar basal-body rod protein FlgF; Similar to GB:U00096 SP:P75938 PID:1787317; identified by sequence similarity; putative; Belongs to the flagella basal body rod proteins family.,10,0.1,9.567042,5.303637
Plate2_Drawer6 25-Jul-2025 15-13-08,C11,VC_2441,VC_2441,Conserved hypothetical protein; Identified by Glimmer2; putative.,10,0.1,1.8455815,11.920015
Plate2_Drawer6 25-Jul-2025 15-13-08,C12,VC_1710,VC_1710,Conserved hypothetical protein; Identified by Glimmer2; putative.,10,0.1,-4.507497,7.1458454
Plate2_Drawer6 25-Jul-2025 15-13-08,C1,VC_1885,VC_1885,Hypothetical protein; Identified by Glimmer2; putative.,10,0.1,0.60377973,2.7668438
Plate2_Drawer6 25-Jul-2025 15-13-08,C3,VC_1359,VC_1359,"Amino acid ABC transporter, ATP-binding protein; Similar to PID:1154897; identified by sequence similarity; putative.",10,0.1,-2.2735653,14.312658
Plate2_Drawer6 25-Jul-2025 15-13-08,C4,VC_A0328,VC_A0328,"Biphenyl-2,3-diol 1,2-dioxygenase III-related protein; Similar to GB:X75635 SP:P47233 PID:473121; identified by sequence similarity; putative.",10,0.1,-2.3356152,7.302644
Plate2_Drawer6 25-Jul-2025 15-13-08,C5,VC_1350,VC_1350,"Antioxidant, putative; Thiol-specific peroxidase that catalyzes the reduction of hydrogen peroxide and organic hydroperoxides to water and alcohols, respectively. Plays a role in cell protection against oxidative stress by detoxifying peroxides; Belongs to the peroxiredoxin family. Prx5 subfamily.",10,0.1,-0.4856481,7.1761327
Plate2_Drawer6 25-Jul-2025 15-13-08,C6,manB,VC_0242,Phosphomannomutase; Involved in GDP-mannose biosynthesis which serves as the activated sugar nucleotide precursor for mannose residues in cell surface polysaccharides; Belongs to the phosphohexose mutase family.,10,0.1,-0.2867594,11.909748
Plate2_Drawer6 25-Jul-2025 15-13-08,C7,mrcA,VC_2635,Penicillin-binding protein 1A; Cell wall formation. Synthesis of cross-linked peptidoglycan from the lipid intermediates. The enzyme has a penicillin-insensitive transglycosylase N-terminal domain (formation of linear glycan strands) and a penicillin-sensitive transpeptidase C-terminal domain (cross- linking of the peptide subunits).,10,0.1,5.49444,13.963709
Plate2_Drawer6 25-Jul-2025 15-13-08,C8,VC_A0079,VC_A0079,Conserved hypothetical protein; Identified by Glimmer2; putative.,10,0.1,3.949662,12.679717
Plate2_Drawer6 25-Jul-2025 15-13-08,C9,potA,VC_1428,"Spermidine/putrescine ABC transporter, ATP-binding protein; Part of the ABC transporter complex PotABCD involved in spermidine/putrescine import. Responsible for energy coupling to the transport system; Belongs to the ABC transporter superfamily. Spermidine/putrescine importer (TC 3.A.1.11.1) family.",10,0.1,4.202522,11.694457
Plate2_Drawer6 25-Jul-2025 15-13-08,D10,bioD,VC_1115,"Dethiobiotin synthetase; Catalyzes a mechanistically unusual reaction, the ATP- dependent insertion of CO2 between the N7 and N8 nitrogen atoms of 7,8- diaminopelargonic acid (DAPA) to form an ureido ring.",10,0.1,9.015022,12.942301
Plate2_Drawer6 25-Jul-2025 15-13-08,D11,flaA,VC_2188,Flagellin core protein A; Flagellin is the subunit protein which polymerizes to form the filaments of bacterial flagella. FlaA is required to form a core or scaffold into which the other flagellins are inserted to provide structural integrity. Essential for flagellar synthesis and motility; important for full virulence.,10,0.1,8.688459,5.416764
Plate2_Drawer6 25-Jul-2025 15-13-08,D12,wavL,VC_0239,Conserved hypothetical protein; Identified by Glimmer2; putative.,10,0.1,6.999476,15.697616
Plate2_Drawer6 25-Jul-2025 15-13-08,D1,VC_A0340,VC_A0340,Hypothetical protein; Identified by Glimmer2; putative.,10,0.1,-3.6356862,7.0792456
Plate2_Drawer6 25-Jul-2025 15-13-08,D2,VC_0745,VC_0745,Inositol monophosphate family protein; Similar to GB:M34828 SP:P22783 PID:147899 GB:U00096 PID:1788882; identified by sequence similarity; putative; Belongs to the inositol monophosphatase superfamily.,10,0.1,2.7698298,15.731564
Plate2_Drawer6 25-Jul-2025 15-13-08,D3,VC_2485,VC_2485,"Transcriptional regulator, LysR family; Similar to GB:D10483 SP:P10151 GB:M21150 PID:1128961 PID:146605; identified by sequence similarity; putative; Belongs to the LysR transcriptional regulatory family.",10,0.1,2.807202,11.039037
Plate2_Drawer6 25-Jul-2025 15-13-08,D4,rimO,VC_2620,Conserved hypothetical protein; Catalyzes the methylthiolation of an aspartic acid residue of ribosomal protein S12; Belongs to the methylthiotransferase family. RimO subfamily.,10,0.1,-5.198334,4.6596355
Plate2_Drawer6 25-Jul-2025 15-13-08,D5,bioA,VC_1111,"Adenosylmethionine-8-amino-7-oxononanoate aminotransferase; Catalyzes the transfer of the alpha-amino group from S- adenosyl-L-methionine (SAM) to 7-keto-8-aminopelargonic acid (KAPA) to form 7,8-diaminopelargonic acid (DAPA). It is the only animotransferase known to utilize SAM as an amino donor; Belongs to the class-III pyridoxal-phosphate-dependent aminotransferase family. BioA subfamily.",10,0.1,9.792344,12.936395
Plate2_Drawer6 25-Jul-2025 15-13-08,D6,wbeT,VC_0259,Lipopolysaccharide biosynthesis protein RfbV; Similar to GB:X59554 PID:48400 PID:1929424; identified by sequence similarity; putative.,10,0.1,13.43552,12.816929
Plate2_Drawer6 25-Jul-2025 15-13-08,D7,VC_0929,VC_0929,Hypothetical protein; Identified by Glimmer2; putative.,10,0.1,1.6052861,10.666071
Plate2_Drawer6 25-Jul-2025 15-13-08,D8,flgT,VC_2208,Hypothetical protein; Identified by Glimmer2; putative.,10,0.1,9.424096,4.930095
Plate2_Drawer6 25-Jul-2025 15-13-08,D9,glyA1,VC_0941,"Serine hydroxymethyltransferase; Catalyzes the reversible interconversion of serine and glycine with tetrahydrofolate (THF) serving as the one-carbon carrier. This reaction serves as the major source of one-carbon groups required for the biosynthesis of purines, thymidylate, methionine, and other important biomolecules. Also exhibits THF-independent aldolase activity toward beta-hydroxyamino acids, producing glycine and aldehydes, via a retro-aldol mechanism.",10,0.1,3.2303932,17.066648
Plate2_Drawer6 25-Jul-2025 15-13-08,E10,flgA,VC_2203,"Flagellar protein, putative; Similar to PID:1272364; identified by sequence similarity; putative.",10,0.1,2.9723814,8.724498
Plate2_Drawer6 25-Jul-2025 15-13-08,E11,VC_A0187,VC_A0187,Hypothetical protein; Identified by Glimmer2; putative.,10,0.1,1.3586273,11.250821
Plate2_Drawer6 25-Jul-2025 15-13-08,E12,VC_1652,VC_1652,Response regulator VieA; Similar to GP:3123891; identified by sequence similarity; putative.,10,0.1,-2.9157398,8.102723
Plate2_Drawer6 25-Jul-2025 15-13-08,E1,VC_1003,VC_1003,Bacteriocin production protein; Similar to GB:J01666 SP:P08550 PID:146367 PID:147415 GB:U00096; identified by sequence similarity; putative.,10,0.1,-0.23947053,3.2480903
Plate2_Drawer6 25-Jul-2025 15-13-08,E2,fliL,VC_2130,Flagellum-specific ATP synthase FliI; Similar to PID:1071643 SP:P52612 GB:U00096 PID:1736607 PID:1788251; identified by sequence similarity; putative.,10,0.1,8.901935,3.9357023
Plate2_Drawer6 25-Jul-2025 15-13-08,E3,pdhE2,VC_2413,"Pyruvate dehydrogenase, E2 component, dihydrolipoamide acetyltransferase; The pyruvate dehydrogenase complex catalyzes the overall conversion of pyruvate to acetyl-CoA and CO(2).",10,0.1,2.155137,15.331471
Plate2_Drawer6 25-Jul-2025 15-13-08,E4,VC_0134,VC_0134,Conserved hypothetical protein; Identified by Glimmer2; putative.,10,0.1,-4.9969025,6.6826725
Plate2_Drawer6 25-Jul-2025 15-13-08,E5,grx,VC_1146,Glutaredoxin 1; Has a glutathione-disulfide oxidoreductase activity in the presence of NADPH and glutathione reductase. Reduces low molecular weight disulfides and proteins (By similarity).,10,0.1,-5.73193,3.1820397
Plate2_Drawer6 25-Jul-2025 15-13-08,E6,cheW,VC_2059,Purine-binding chemotaxis protein CheW; Similar to GB:M13462 SP:P07365 PID:145520 GB:U00096 PID:1736540; identified by sequence similarity; putative.,10,0.1,3.1838248,8.799108
Plate2_Drawer6 25-Jul-2025 15-13-08,E7,nfuA,VC_2720,"Conserved hypothetical protein; Involved in iron-sulfur cluster biogenesis. Binds a 4Fe-4S cluster, can transfer this cluster to apoproteins, and thereby intervenes in the maturation of Fe/S proteins. Could also act as a scaffold/chaperone for damaged Fe/S proteins.",10,0.1,2.141913,15.331047
Plate2_Drawer6 25-Jul-2025 15-13-08,E8,groS2,VC_A0819,"Chaperonin, 10 Kd subunit; Binds to Cpn60 in the presence of Mg-ATP and suppresses the ATPase activity of the latter.",10,0.1,-5.140366,5.746677
Plate2_Drawer6 25-Jul-2025 15-13-08,E9,potD1,VC_1424,"Spermidine/putrescine ABC transporter, periplasmic spermidine/putrescine-binding protein; Required for the activity of the bacterial periplasmic transport system of putrescine; Belongs to the bacterial solute-binding protein PotD/PotF family.",10,0.1,4.164074,11.726971
Plate2_Drawer6 25-Jul-2025 15-13-08,F10,WT,WT,,10,0.1,-5.112208,4.6843123
Plate2_Drawer6 25-Jul-2025 15-13-08,F1,bioF,VC_1113,"8-amino-7-oxononanoate synthase; Catalyzes the decarboxylative condensation of pimeloyl-[acyl- carrier protein] and L-alanine to produce 8-amino-7-oxononanoate (AON), [acyl-carrier protein], and carbon dioxide.",10,0.1,9.856146,12.922009
Plate2_Drawer6 25-Jul-2025 15-13-08,F2,flgO,VC_2207,Hypothetical protein; Identified by Glimmer2; putative.,10,0.1,3.9814243,12.935989
Plate2_Drawer6 25-Jul-2025 15-13-08,F3,hslO,VC_2736,Conserved hypothetical protein; Redox regulated molecular chaperone. Protects both thermally unfolding and oxidatively damaged proteins from irreversible aggregation. Plays an important role in the bacterial defense system toward oxidative stress.,10,0.1,-0.39561126,8.55546
Plate2_Drawer6 25-Jul-2025 15-13-08,F4,bioC,VC_1114,Biotin synthesis protein BioC; Converts the free carboxyl group of a malonyl-thioester to its methyl ester by transfer of a methyl group from S-adenosyl-L- methionine (SAM). It allows to synthesize pimeloyl-ACP via the fatty acid synthetic pathway.,10,0.1,9.2384405,12.838434
Plate2_Drawer6 25-Jul-2025 15-13-08,F5,dnaN,VC_0013,"DNA polymerase III, beta chain; Confers DNA tethering and processivity to DNA polymerases and other proteins. Acts as a clamp, forming a ring around DNA (a reaction catalyzed by the clamp-loading complex) which diffuses in an ATP- independent manner freely and bidirectionally along dsDNA. Initially characterized for its ability to contact the catalytic subunit of DNA polymerase III (Pol III), a complex, multichain enzyme responsible for most of the replicative synthesis in bacteria; Pol III exhibits 3'-5' exonuclease proofreading activity. The beta chain is required for initiation of r [...] ",10,0.1,-2.2715032,9.737606
Plate2_Drawer6 25-Jul-2025 15-13-08,F6,mutH,VC_0668,DNA mismatch repair protein MutH; Sequence-specific endonuclease that cleaves unmethylated GATC sequences. It is involved in DNA mismatch repair; Belongs to the MutH family.,10,0.1,-3.354448,8.38212
Plate2_Drawer6 25-Jul-2025 15-13-08,F7,pabC,VC_2018,"4-amino-4-deoxychorismate lyase; Involved in the biosynthesis of p-aminobenzoate (PABA), a precursor of tetrahydrofolate. Converts 4-amino-4-deoxychorismate into 4-aminobenzoate (PABA) and pyruvate (By similarity).",10,0.1,0.9851902,11.061401
Plate2_Drawer6 25-Jul-2025 15-13-08,F8,lexA,VC_0092,"LexA repressor; Represses a number of genes involved in the response to DNA damage (SOS response), including recA and lexA. In the presence of single-stranded DNA, RecA interacts with LexA causing an autocatalytic cleavage which disrupts the DNA-binding part of LexA, leading to derepression of the SOS regulon and eventually DNA repair.",10,0.1,1.5880508,11.254937
Plate2_Drawer6 25-Jul-2025 15-13-08,F9,VC_2271,VC_2271,"Riboflavin-specific deaminase; Converts 2,5-diamino-6-(ribosylamino)-4(3h)-pyrimidinone 5'- phosphate into 5-amino-6-(ribosylamino)-2,4(1h,3h)-pyrimidinedione 5'- phosphate; In the C-terminal section; belongs to the HTP reductase family.",10,0.1,2.116537,9.829666
Plate2_Drawer6 27-Aug-2025 16-58-44,A10,VC_2523,VC_2523,Conserved hypothetical protein; Identified by Glimmer2; putative.,10,0.1,-3.5649157,4.032342
Plate2_Drawer6 27-Aug-2025 16-58-44,A11,fliR,VC_2121,Flagellar biosynthetic protein FliR; Role in flagellar biosynthesis. Belongs to the FliR/MopE/SpaR family.,10,0.1,8.542003,4.338975
Plate2_Drawer6 27-Aug-2025 16-58-44,A12,argR,VC_0431,Arginine repressor; Regulates arginine biosynthesis genes.,10,0.1,-0.39384782,7.517893
Plate2_Drawer6 27-Aug-2025 16-58-44,A1,flgK,VC_2191,Flagellar hook-associated protein FlgM; Similar to PID:2443633; identified by sequence similarity; putative. HOOK FILSMENT JUNCTION,10,0.1,-0.30675346,9.777759
Plate2_Drawer6 27-Aug-2025 16-58-44,A2,flrB,VC_2136,Sensory box sensor histidine kinase; Similar to PID:2338728; identified by sequence similarity; putative.,10,0.1,9.493907,5.8147745
Plate2_Drawer6 27-Aug-2025 16-58-44,A3,rjg,VC_0264,Conserved hypothetical protein; Identified by Glimmer2; putative.,10,0.1,-5.2850194,4.2613177
Plate2_Drawer6 27-Aug-2025 16-58-44,A4,fliA,VC_2066,RNA polymerase sigma factor for flagellar operon FliA; Sigma factors are initiation factors that promote the attachment of RNA polymerase to specific initiation sites and are then released. This sigma factor controls the expression of flagella-related genes; Belongs to the sigma-70 factor family. FliA subfamily.,10,0.1,9.339272,2.2438128
Plate2_Drawer6 27-Aug-2025 16-58-44,A5,flgM,VC_2204,"Negative regulator of flagellin synthesis FlgM, putative; Similar to GB:L14437 SP:P39809 PID:451869 PID:1762336 GB:AL009126; identified by sequence similarity; putative.",10,0.1,-2.4335067,4.424056
Plate2_Drawer6 27-Aug-2025 16-58-44,A6,flrA,VC_2137,Sigma-54 dependent transcriptional activator; Similar to PID:2338727; identified by sequence similarity; putative.,10,0.1,9.60988,2.6901813
Plate2_Drawer6 27-Aug-2025 16-58-44,A7,VC_1291,VC_1291,Conserved hypothetical protein; Identified by Glimmer2; putative.,10,0.1,0.55966616,7.7383304
Plate2_Drawer6 27-Aug-2025 16-58-44,A8,thiI,VC_0894,"Thiamin biosynthesis protein ThiI; Catalyzes the ATP-dependent transfer of a sulfur to tRNA to produce 4-thiouridine in position 8 of tRNAs, which functions as a near-UV photosensor. Also catalyzes the transfer of sulfur to the sulfur carrier protein ThiS, forming ThiS-thiocarboxylate. This is a step in the synthesis of thiazole, in the thiamine biosynthesis pathway. The sulfur is donated as persulfide by IscS.",10,0.1,-5.416503,5.180471
Plate2_Drawer6 27-Aug-2025 16-58-44,A9,flhB,VC_2120,"Flagellar biosynthetic protein FlhB; Required for formation of the rod structure in the basal body of the flagellar apparatus. Together with FliI and FliH, may constitute the export apparatus of flagellin; Belongs to the type III secretion exporter family.",10,0.1,8.466314,4.9589705
Plate2_Drawer6 27-Aug-2025 16-58-44,B10,wbeN,VC_0251,Acyl protein synthase/acyl-CoA reductase RfbN; Similar to GB:X59554 PID:48393; identified by sequence similarity; putative.,10,0.1,-1.1437157,11.95748
Plate2_Drawer6 27-Aug-2025 16-58-44,B11,wbeL,VC_0249,rfbL protein; Similar to GB:X59554 PID:48391; identified by sequence similarity; putative.,10,0.1,5.9818597,21.243528
Plate2_Drawer6 27-Aug-2025 16-58-44,B12,pstB1,VC_0726,"Phosphate ABC transporter, ATP-binding protein; Part of the ABC transporter complex PstSACB involved in phosphate import. Responsible for energy coupling to the transport system; Belongs to the ABC transporter superfamily. Phosphate importer (TC 3.A.1.7) family.",10,0.1,-5.1557364,3.9462528
Plate2_Drawer6 27-Aug-2025 16-58-44,B1,aroE,VC_0056,"Shikimate 5-dehydrogenase; Involved in the biosynthesis of the chorismate, which leads to the biosynthesis of aromatic amino acids. Catalyzes the reversible NADPH linked reduction of 3-dehydroshikimate (DHSA) to yield shikimate (SA).",10,0.1,-4.307219,5.443233
Plate2_Drawer6 27-Aug-2025 16-58-44,B4,VC_A0146,VC_A0146,Conserved hypothetical protein; Identified by Glimmer2; putative.,10,0.1,2.2839441,9.347123
Plate2_Drawer6 27-Aug-2025 16-58-44,B5,VC_0289,VC_0289,Gluconate utilization system gnt-I transcriptional repressor; Similar to PID:1304069; identified by sequence similarity; putative.,10,0.1,-5.669009,3.4815285
Plate2_Drawer6 27-Aug-2025 16-58-44,B6,VC_A0005,VC_A0005,Hypothetical protein; Identified by Glimmer2; putative.,10,0.1,-3.763755,3.749784
Plate2_Drawer6 27-Aug-2025 16-58-44,B8,mltF,VC_0866,"Transglycosylase, Slt family; Murein-degrading enzyme that degrades murein glycan strands and insoluble, high-molecular weight murein sacculi, with the concomitant formation of a 1,6-anhydromuramoyl product. Lytic transglycosylases (LTs) play an integral role in the metabolism of the peptidoglycan (PG) sacculus. Their lytic action creates space within the PG sacculus to allow for its expansion as well as for the insertion of various structures such as secretion systems and flagella. In the N-terminal section; belongs to the bacterial solute- binding protein 3 family.",10,0.1,10.648082,-4.9750004
Plate2_Drawer6 27-Aug-2025 16-58-44,B9,VC_A0726,VC_A0726,"Molybdenum ABC transporter, periplasmic molybdenum-binding protein; Similar to GB:L34009 SP:P37329 PID:504498 PID:973214 PID:1147817; identified by sequence similarity; putative.",10,0.1,-1.7373219,5.4890285
Plate2_Drawer6 27-Aug-2025 16-58-44,C10,flgF,VC_2196,Flagellar basal-body rod protein FlgF; Similar to GB:U00096 SP:P75938 PID:1787317; identified by sequence similarity; putative; Belongs to the flagella basal body rod proteins family.,10,0.1,9.2832775,5.092839
Plate2_Drawer6 27-Aug-2025 16-58-44,C11,VC_2441,VC_2441,Conserved hypothetical protein; Identified by Glimmer2; putative.,10,0.1,0.7203199,8.001897
Plate2_Drawer6 27-Aug-2025 16-58-44,C12,VC_1710,VC_1710,Conserved hypothetical protein; Identified by Glimmer2; putative.,10,0.1,-3.941768,6.5274167
Plate2_Drawer6 27-Aug-2025 16-58-44,C1,VC_1885,VC_1885,Hypothetical protein; Identified by Glimmer2; putative.,10,0.1,0.5708415,2.7941878
Plate2_Drawer6 27-Aug-2025 16-58-44,C2,aroQ,VC_0297,3-dehydroquinate dehydratase; Catalyzes a trans-dehydration via an enolate intermediate. Belongs to the type-II 3-dehydroquinase family.,10,0.1,0.55272,12.778535
Plate2_Drawer6 27-Aug-2025 16-58-44,C3,VC_1359,VC_1359,"Amino acid ABC transporter, ATP-binding protein; Similar to PID:1154897; identified by sequence similarity; putative.",10,0.1,-2.2477243,14.346341
Plate2_Drawer6 27-Aug-2025 16-58-44,C4,VC_A0328,VC_A0328,"Biphenyl-2,3-diol 1,2-dioxygenase III-related protein; Similar to GB:X75635 SP:P47233 PID:473121; identified by sequence similarity; putative.",10,0.1,-3.5447068,6.934924
Plate2_Drawer6 27-Aug-2025 16-58-44,C5,VC_1350,VC_1350,"Antioxidant, putative; Thiol-specific peroxidase that catalyzes the reduction of hydrogen peroxide and organic hydroperoxides to water and alcohols, respectively. Plays a role in cell protection against oxidative stress by detoxifying peroxides; Belongs to the peroxiredoxin family. Prx5 subfamily.",10,0.1,-0.8474847,5.9228477
Plate2_Drawer6 27-Aug-2025 16-58-44,C6,manB,VC_0242,Phosphomannomutase; Involved in GDP-mannose biosynthesis which serves as the activated sugar nucleotide precursor for mannose residues in cell surface polysaccharides; Belongs to the phosphohexose mutase family.,10,0.1,-1.9879446,13.419296
Plate2_Drawer6 27-Aug-2025 16-58-44,C7,mrcA,VC_2635,Penicillin-binding protein 1A; Cell wall formation. Synthesis of cross-linked peptidoglycan from the lipid intermediates. The enzyme has a penicillin-insensitive transglycosylase N-terminal domain (formation of linear glycan strands) and a penicillin-sensitive transpeptidase C-terminal domain (cross- linking of the peptide subunits).,10,0.1,8.1535015,12.515071
Plate2_Drawer6 27-Aug-2025 16-58-44,C8,VC_A0079,VC_A0079,Conserved hypothetical protein; Identified by Glimmer2; putative.,10,0.1,3.3712611,8.922167
Plate2_Drawer6 27-Aug-2025 16-58-44,C9,potA,VC_1428,"Spermidine/putrescine ABC transporter, ATP-binding protein; Part of the ABC transporter complex PotABCD involved in spermidine/putrescine import. Responsible for energy coupling to the transport system; Belongs to the ABC transporter superfamily. Spermidine/putrescine importer (TC 3.A.1.11.1) family.",10,0.1,4.59174,10.807903
Plate2_Drawer6 27-Aug-2025 16-58-44,D10,bioD,VC_1115,"Dethiobiotin synthetase; Catalyzes a mechanistically unusual reaction, the ATP- dependent insertion of CO2 between the N7 and N8 nitrogen atoms of 7,8- diaminopelargonic acid (DAPA) to form an ureido ring.",10,0.1,10.374924,12.748162
Plate2_Drawer6 27-Aug-2025 16-58-44,D11,flaA,VC_2188,Flagellin core protein A; Flagellin is the subunit protein which polymerizes to form the filaments of bacterial flagella. FlaA is required to form a core or scaffold into which the other flagellins are inserted to provide structural integrity. Essential for flagellar synthesis and motility; important for full virulence.,10,0.1,8.571117,4.6246176
Plate2_Drawer6 27-Aug-2025 16-58-44,D12,wavL,VC_0239,Conserved hypothetical protein; Identified by Glimmer2; putative.,10,0.1,6.882917,15.636881
Plate2_Drawer6 27-Aug-2025 16-58-44,D1,VC_A0340,VC_A0340,Hypothetical protein; Identified by Glimmer2; putative.,10,0.1,-5.535888,6.38497
Plate2_Drawer6 27-Aug-2025 16-58-44,D2,VC_0745,VC_0745,Inositol monophosphate family protein; Similar to GB:M34828 SP:P22783 PID:147899 GB:U00096 PID:1788882; identified by sequence similarity; putative; Belongs to the inositol monophosphatase superfamily.,10,0.1,2.762885,15.841541
Plate2_Drawer6 27-Aug-2025 16-58-44,D3,VC_2485,VC_2485,"Transcriptional regulator, LysR family; Similar to GB:D10483 SP:P10151 GB:M21150 PID:1128961 PID:146605; identified by sequence similarity; putative; Belongs to the LysR transcriptional regulatory family.",10,0.1,3.1907098,10.445263
Plate2_Drawer6 27-Aug-2025 16-58-44,D4,rimO,VC_2620,Conserved hypothetical protein; Catalyzes the methylthiolation of an aspartic acid residue of ribosomal protein S12; Belongs to the methylthiotransferase family. RimO subfamily.,10,0.1,-4.6576247,2.5741558
Plate2_Drawer6 27-Aug-2025 16-58-44,D5,bioA,VC_1111,"Adenosylmethionine-8-amino-7-oxononanoate aminotransferase; Catalyzes the transfer of the alpha-amino group from S- adenosyl-L-methionine (SAM) to 7-keto-8-aminopelargonic acid (KAPA) to form 7,8-diaminopelargonic acid (DAPA). It is the only animotransferase known to utilize SAM as an amino donor; Belongs to the class-III pyridoxal-phosphate-dependent aminotransferase family. BioA subfamily.",10,0.1,9.8909025,12.857497
Plate2_Drawer6 27-Aug-2025 16-58-44,D6,wbeT,VC_0259,Lipopolysaccharide biosynthesis protein RfbV; Similar to GB:X59554 PID:48400 PID:1929424; identified by sequence similarity; putative.,10,0.1,13.494243,12.875129
Plate2_Drawer6 27-Aug-2025 16-58-44,D7,VC_0929,VC_0929,Hypothetical protein; Identified by Glimmer2; putative.,10,0.1,1.6781571,8.832097
Plate2_Drawer6 27-Aug-2025 16-58-44,D8,flgT,VC_2208,Hypothetical protein; Identified by Glimmer2; putative.,10,0.1,9.032321,3.0711944
Plate2_Drawer6 27-Aug-2025 16-58-44,D9,glyA1,VC_0941,"Serine hydroxymethyltransferase; Catalyzes the reversible interconversion of serine and glycine with tetrahydrofolate (THF) serving as the one-carbon carrier. This reaction serves as the major source of one-carbon groups required for the biosynthesis of purines, thymidylate, methionine, and other important biomolecules. Also exhibits THF-independent aldolase activity toward beta-hydroxyamino acids, producing glycine and aldehydes, via a retro-aldol mechanism.",10,0.1,3.0763936,16.689201
Plate2_Drawer6 27-Aug-2025 16-58-44,E10,flgA,VC_2203,"Flagellar protein, putative; Similar to PID:1272364; identified by sequence similarity; putative.",10,0.1,0.7851452,5.8788233
Plate2_Drawer6 27-Aug-2025 16-58-44,E11,VC_A0187,VC_A0187,Hypothetical protein; Identified by Glimmer2; putative.,10,0.1,2.2409737,9.499271
Plate2_Drawer6 27-Aug-2025 16-58-44,E12,VC_1652,VC_1652,Response regulator VieA; Similar to GP:3123891; identified by sequence similarity; putative.,10,0.1,-4.98681,5.4388127
Plate2_Drawer6 27-Aug-2025 16-58-44,E1,VC_1003,VC_1003,Bacteriocin production protein; Similar to GB:J01666 SP:P08550 PID:146367 PID:147415 GB:U00096; identified by sequence similarity; putative.,10,0.1,3.249832,18.072798
Plate2_Drawer6 27-Aug-2025 16-58-44,E2,fliL,VC_2130,Flagellum-specific ATP synthase FliI; Similar to PID:1071643 SP:P52612 GB:U00096 PID:1736607 PID:1788251; identified by sequence similarity; putative.,10,0.1,9.212251,5.8616548
Plate2_Drawer6 27-Aug-2025 16-58-44,E3,pdhE2,VC_2413,"Pyruvate dehydrogenase, E2 component, dihydrolipoamide acetyltransferase; The pyruvate dehydrogenase complex catalyzes the overall conversion of pyruvate to acetyl-CoA and CO(2).",10,0.1,5.8278036,15.962859
Plate2_Drawer6 27-Aug-2025 16-58-44,E4,VC_0134,VC_0134,Conserved hypothetical protein; Identified by Glimmer2; putative.,10,0.1,-3.9305172,7.4072375
Plate2_Drawer6 27-Aug-2025 16-58-44,E5,grx,VC_1146,Glutaredoxin 1; Has a glutathione-disulfide oxidoreductase activity in the presence of NADPH and glutathione reductase. Reduces low molecular weight disulfides and proteins (By similarity).,10,0.1,-5.0522294,2.699741
Plate2_Drawer6 27-Aug-2025 16-58-44,E6,cheW,VC_2059,Purine-binding chemotaxis protein CheW; Similar to GB:M13462 SP:P07365 PID:145520 GB:U00096 PID:1736540; identified by sequence similarity; putative.,10,0.1,1.0865105,5.968636
Plate2_Drawer6 27-Aug-2025 16-58-44,E7,nfuA,VC_2720,"Conserved hypothetical protein; Involved in iron-sulfur cluster biogenesis. Binds a 4Fe-4S cluster, can transfer this cluster to apoproteins, and thereby intervenes in the maturation of Fe/S proteins. Could also act as a scaffold/chaperone for damaged Fe/S proteins.",10,0.1,2.394313,15.515927
Plate2_Drawer6 27-Aug-2025 16-58-44,E8,groS2,VC_A0819,"Chaperonin, 10 Kd subunit; Binds to Cpn60 in the presence of Mg-ATP and suppresses the ATPase activity of the latter.",10,0.1,-3.926857,6.591582
Plate2_Drawer6 27-Aug-2025 16-58-44,E9,potD1,VC_1424,"Spermidine/putrescine ABC transporter, periplasmic spermidine/putrescine-binding protein; Required for the activity of the bacterial periplasmic transport system of putrescine; Belongs to the bacterial solute-binding protein PotD/PotF family.",10,0.1,4.766317,10.404816
Plate2_Drawer6 27-Aug-2025 16-58-44,F10,WT,WT,,10,0.1,-4.7286415,1.9309435
Plate2_Drawer6 27-Aug-2025 16-58-44,F1,bioF,VC_1113,"8-amino-7-oxononanoate synthase; Catalyzes the decarboxylative condensation of pimeloyl-[acyl- carrier protein] and L-alanine to produce 8-amino-7-oxononanoate (AON), [acyl-carrier protein], and carbon dioxide.",10,0.1,10.356349,12.75685
Plate2_Drawer6 27-Aug-2025 16-58-44,F2,flgO,VC_2207,Hypothetical protein; Identified by Glimmer2; putative.,10,0.1,5.7489223,9.555905
Plate2_Drawer6 27-Aug-2025 16-58-44,F3,hslO,VC_2736,Conserved hypothetical protein; Redox regulated molecular chaperone. Protects both thermally unfolding and oxidatively damaged proteins from irreversible aggregation. Plays an important role in the bacterial defense system toward oxidative stress.,10,0.1,-2.2356498,5.844324
Plate2_Drawer6 27-Aug-2025 16-58-44,F4,bioC,VC_1114,Biotin synthesis protein BioC; Converts the free carboxyl group of a malonyl-thioester to its methyl ester by transfer of a methyl group from S-adenosyl-L- methionine (SAM). It allows to synthesize pimeloyl-ACP via the fatty acid synthetic pathway.,10,0.1,10.47406,12.707293
Plate2_Drawer6 27-Aug-2025 16-58-44,F5,dnaN,VC_0013,"DNA polymerase III, beta chain; Confers DNA tethering and processivity to DNA polymerases and other proteins. Acts as a clamp, forming a ring around DNA (a reaction catalyzed by the clamp-loading complex) which diffuses in an ATP- independent manner freely and bidirectionally along dsDNA. Initially characterized for its ability to contact the catalytic subunit of DNA polymerase III (Pol III), a complex, multichain enzyme responsible for most of the replicative synthesis in bacteria; Pol III exhibits 3'-5' exonuclease proofreading activity. The beta chain is required for initiation of r [...] ",10,0.1,-1.0980259,9.818967
Plate2_Drawer6 27-Aug-2025 16-58-44,F6,mutH,VC_0668,DNA mismatch repair protein MutH; Sequence-specific endonuclease that cleaves unmethylated GATC sequences. It is involved in DNA mismatch repair; Belongs to the MutH family.,10,0.1,-4.9034047,5.2525253
Plate2_Drawer6 27-Aug-2025 16-58-44,F7,pabC,VC_2018,"4-amino-4-deoxychorismate lyase; Involved in the biosynthesis of p-aminobenzoate (PABA), a precursor of tetrahydrofolate. Converts 4-amino-4-deoxychorismate into 4-aminobenzoate (PABA) and pyruvate (By similarity).",10,0.1,0.48618189,10.918617
Plate2_Drawer6 27-Aug-2025 16-58-44,F8,lexA,VC_0092,"LexA repressor; Represses a number of genes involved in the response to DNA damage (SOS response), including recA and lexA. In the presence of single-stranded DNA, RecA interacts with LexA causing an autocatalytic cleavage which disrupts the DNA-binding part of LexA, leading to derepression of the SOS regulon and eventually DNA repair.",10,0.1,0.97162485,8.78679
Plate2_Drawer6 27-Aug-2025 16-58-44,F9,VC_2271,VC_2271,"Riboflavin-specific deaminase; Converts 2,5-diamino-6-(ribosylamino)-4(3h)-pyrimidinone 5'- phosphate into 5-amino-6-(ribosylamino)-2,4(1h,3h)-pyrimidinedione 5'- phosphate; In the C-terminal section; belongs to the HTP reductase family.",10,0.1,2.191207,9.5273285
Plate2_Drawer6 29-Aug-2025 11-38-09,A10,VC_2523,VC_2523,Conserved hypothetical protein; Identified by Glimmer2; putative.,10,0.1,-6.606785,4.6346416
Plate2_Drawer6 29-Aug-2025 11-38-09,A11,fliR,VC_2121,Flagellar biosynthetic protein FliR; Role in flagellar biosynthesis. Belongs to the FliR/MopE/SpaR family.,10,0.1,8.669617,5.1859593
Plate2_Drawer6 29-Aug-2025 11-38-09,A12,argR,VC_0431,Arginine repressor; Regulates arginine biosynthesis genes.,10,0.1,-0.9358714,6.0057364
Plate2_Drawer6 29-Aug-2025 11-38-09,A1,flgK,VC_2191,Flagellar hook-associated protein FlgM; Similar to PID:2443633; identified by sequence similarity; putative. HOOK FILSMENT JUNCTION,10,0.1,-1.1329185,9.564163
Plate2_Drawer6 29-Aug-2025 11-38-09,A2,flrB,VC_2136,Sensory box sensor histidine kinase; Similar to PID:2338728; identified by sequence similarity; putative.,10,0.1,9.574041,6.1748137
Plate2_Drawer6 29-Aug-2025 11-38-09,A3,rjg,VC_0264,Conserved hypothetical protein; Identified by Glimmer2; putative.,10,0.1,-5.0195837,6.6099916
Plate2_Drawer6 29-Aug-2025 11-38-09,A4,fliA,VC_2066,RNA polymerase sigma factor for flagellar operon FliA; Sigma factors are initiation factors that promote the attachment of RNA polymerase to specific initiation sites and are then released. This sigma factor controls the expression of flagella-related genes; Belongs to the sigma-70 factor family. FliA subfamily.,10,0.1,9.853424,3.1734104
Plate2_Drawer6 29-Aug-2025 11-38-09,A5,flgM,VC_2204,"Negative regulator of flagellin synthesis FlgM, putative; Similar to GB:L14437 SP:P39809 PID:451869 PID:1762336 GB:AL009126; identified by sequence similarity; putative.",10,0.1,-2.1340406,6.9687753
Plate2_Drawer6 29-Aug-2025 11-38-09,A6,flrA,VC_2137,Sigma-54 dependent transcriptional activator; Similar to PID:2338727; identified by sequence similarity; putative.,10,0.1,8.712139,3.7468836
Plate2_Drawer6 29-Aug-2025 11-38-09,A7,VC_1291,VC_1291,Conserved hypothetical protein; Identified by Glimmer2; putative.,10,0.1,0.5322804,8.134433
Plate2_Drawer6 29-Aug-2025 11-38-09,A8,thiI,VC_0894,"Thiamin biosynthesis protein ThiI; Catalyzes the ATP-dependent transfer of a sulfur to tRNA to produce 4-thiouridine in position 8 of tRNAs, which functions as a near-UV photosensor. Also catalyzes the transfer of sulfur to the sulfur carrier protein ThiS, forming ThiS-thiocarboxylate. This is a step in the synthesis of thiazole, in the thiamine biosynthesis pathway. The sulfur is donated as persulfide by IscS.",10,0.1,-5.366195,3.9180164
Plate2_Drawer6 29-Aug-2025 11-38-09,A9,flhB,VC_2120,"Flagellar biosynthetic protein FlhB; Required for formation of the rod structure in the basal body of the flagellar apparatus. Together with FliI and FliH, may constitute the export apparatus of flagellin; Belongs to the type III secretion exporter family.",10,0.1,9.542518,6.4152455
Plate2_Drawer6 29-Aug-2025 11-38-09,B10,wbeN,VC_0251,Acyl protein synthase/acyl-CoA reductase RfbN; Similar to GB:X59554 PID:48393; identified by sequence similarity; putative.,10,0.1,-1.2747191,11.944727
Plate2_Drawer6 29-Aug-2025 11-38-09,B11,wbeL,VC_0249,rfbL protein; Similar to GB:X59554 PID:48391; identified by sequence similarity; putative.,10,0.1,5.985665,21.29312
Plate2_Drawer6 29-Aug-2025 11-38-09,B12,pstB1,VC_0726,"Phosphate ABC transporter, ATP-binding protein; Part of the ABC transporter complex PstSACB involved in phosphate import. Responsible for energy coupling to the transport system; Belongs to the ABC transporter superfamily. Phosphate importer (TC 3.A.1.7) family.",10,0.1,-4.002374,6.4914765
Plate2_Drawer6 29-Aug-2025 11-38-09,B4,VC_A0146,VC_A0146,Conserved hypothetical protein; Identified by Glimmer2; putative.,10,0.1,2.0338447,8.919626
Plate2_Drawer6 29-Aug-2025 11-38-09,B5,VC_0289,VC_0289,Gluconate utilization system gnt-I transcriptional repressor; Similar to PID:1304069; identified by sequence similarity; putative.,10,0.1,-5.635416,2.519436
Plate2_Drawer6 29-Aug-2025 11-38-09,B6,VC_A0005,VC_A0005,Hypothetical protein; Identified by Glimmer2; putative.,10,0.1,-6.5736985,4.6310105
Plate2_Drawer6 29-Aug-2025 11-38-09,B8,mltF,VC_0866,"Transglycosylase, Slt family; Murein-degrading enzyme that degrades murein glycan strands and insoluble, high-molecular weight murein sacculi, with the concomitant formation of a 1,6-anhydromuramoyl product. Lytic transglycosylases (LTs) play an integral role in the metabolism of the peptidoglycan (PG) sacculus. Their lytic action creates space within the PG sacculus to allow for its expansion as well as for the insertion of various structures such as secretion systems and flagella. In the N-terminal section; belongs to the bacterial solute- binding protein 3 family.",10,0.1,10.648425,-4.9755635
Plate2_Drawer6 29-Aug-2025 11-38-09,B9,VC_A0726,VC_A0726,"Molybdenum ABC transporter, periplasmic molybdenum-binding protein; Similar to GB:L34009 SP:P37329 PID:504498 PID:973214 PID:1147817; identified by sequence similarity; putative.",10,0.1,-1.236505,6.3444858
Plate2_Drawer6 29-Aug-2025 11-38-09,C10,flgF,VC_2196,Flagellar basal-body rod protein FlgF; Similar to GB:U00096 SP:P75938 PID:1787317; identified by sequence similarity; putative; Belongs to the flagella basal body rod proteins family.,10,0.1,9.595618,3.7796376
Plate2_Drawer6 29-Aug-2025 11-38-09,C11,VC_2441,VC_2441,Conserved hypothetical protein; Identified by Glimmer2; putative.,10,0.1,2.878371,9.713633
Plate2_Drawer6 29-Aug-2025 11-38-09,C12,VC_1710,VC_1710,Conserved hypothetical protein; Identified by Glimmer2; putative.,10,0.1,-3.531905,7.9017253
Plate2_Drawer6 29-Aug-2025 11-38-09,C1,VC_1885,VC_1885,Hypothetical protein; Identified by Glimmer2; putative.,10,0.1,0.66611147,2.7118936
Plate2_Drawer6 29-Aug-2025 11-38-09,C2,aroQ,VC_0297,3-dehydroquinate dehydratase; Catalyzes a trans-dehydration via an enolate intermediate. Belongs to the type-II 3-dehydroquinase family.,10,0.1,1.0271153,14.149322
Plate2_Drawer6 29-Aug-2025 11-38-09,C3,VC_1359,VC_1359,"Amino acid ABC transporter, ATP-binding protein; Similar to PID:1154897; identified by sequence similarity; putative.",10,0.1,-2.3219624,14.386661
Plate2_Drawer6 29-Aug-2025 11-38-09,C4,VC_A0328,VC_A0328,"Biphenyl-2,3-diol 1,2-dioxygenase III-related protein; Similar to GB:X75635 SP:P47233 PID:473121; identified by sequence similarity; putative.",10,0.1,-3.68197,4.826975
Plate2_Drawer6 29-Aug-2025 11-38-09,C5,VC_1350,VC_1350,"Antioxidant, putative; Thiol-specific peroxidase that catalyzes the reduction of hydrogen peroxide and organic hydroperoxides to water and alcohols, respectively. Plays a role in cell protection against oxidative stress by detoxifying peroxides; Belongs to the peroxiredoxin family. Prx5 subfamily.",10,0.1,-0.8724852,5.970281
Plate2_Drawer6 29-Aug-2025 11-38-09,C6,manB,VC_0242,Phosphomannomutase; Involved in GDP-mannose biosynthesis which serves as the activated sugar nucleotide precursor for mannose residues in cell surface polysaccharides; Belongs to the phosphohexose mutase family.,10,0.1,-2.0689993,13.536343
Plate2_Drawer6 29-Aug-2025 11-38-09,C7,mrcA,VC_2635,Penicillin-binding protein 1A; Cell wall formation. Synthesis of cross-linked peptidoglycan from the lipid intermediates. The enzyme has a penicillin-insensitive transglycosylase N-terminal domain (formation of linear glycan strands) and a penicillin-sensitive transpeptidase C-terminal domain (cross- linking of the peptide subunits).,10,0.1,8.21545,12.535679
Plate2_Drawer6 29-Aug-2025 11-38-09,C8,VC_A0079,VC_A0079,Conserved hypothetical protein; Identified by Glimmer2; putative.,10,0.1,3.5559206,9.359146
Plate2_Drawer6 29-Aug-2025 11-38-09,C9,potA,VC_1428,"Spermidine/putrescine ABC transporter, ATP-binding protein; Part of the ABC transporter complex PotABCD involved in spermidine/putrescine import. Responsible for energy coupling to the transport system; Belongs to the ABC transporter superfamily. Spermidine/putrescine importer (TC 3.A.1.11.1) family.",10,0.1,4.826644,10.284105
Plate2_Drawer6 29-Aug-2025 11-38-09,D10,bioD,VC_1115,"Dethiobiotin synthetase; Catalyzes a mechanistically unusual reaction, the ATP- dependent insertion of CO2 between the N7 and N8 nitrogen atoms of 7,8- diaminopelargonic acid (DAPA) to form an ureido ring.",10,0.1,10.432591,12.72223
Plate2_Drawer6 29-Aug-2025 11-38-09,D11,flaA,VC_2188,Flagellin core protein A; Flagellin is the subunit protein which polymerizes to form the filaments of bacterial flagella. FlaA is required to form a core or scaffold into which the other flagellins are inserted to provide structural integrity. Essential for flagellar synthesis and motility; important for full virulence.,10,0.1,8.600132,4.6967945
Plate2_Drawer6 29-Aug-2025 11-38-09,D12,wavL,VC_0239,Conserved hypothetical protein; Identified by Glimmer2; putative.,10,0.1,7.0127177,15.7035475
Plate2_Drawer6 29-Aug-2025 11-38-09,D1,VC_A0340,VC_A0340,Hypothetical protein; Identified by Glimmer2; putative.,10,0.1,-3.4555688,6.738972
Plate2_Drawer6 29-Aug-2025 11-38-09,D2,VC_0745,VC_0745,Inositol monophosphate family protein; Similar to GB:M34828 SP:P22783 PID:147899 GB:U00096 PID:1788882; identified by sequence similarity; putative; Belongs to the inositol monophosphatase superfamily.,10,0.1,2.7047057,15.727026
Plate2_Drawer6 29-Aug-2025 11-38-09,D3,VC_2485,VC_2485,"Transcriptional regulator, LysR family; Similar to GB:D10483 SP:P10151 GB:M21150 PID:1128961 PID:146605; identified by sequence similarity; putative; Belongs to the LysR transcriptional regulatory family.",10,0.1,2.68574,10.73736
Plate2_Drawer6 29-Aug-2025 11-38-09,D4,rimO,VC_2620,Conserved hypothetical protein; Catalyzes the methylthiolation of an aspartic acid residue of ribosomal protein S12; Belongs to the methylthiotransferase family. RimO subfamily.,10,0.1,-3.9444034,6.4764786
Plate2_Drawer6 29-Aug-2025 11-38-09,D5,bioA,VC_1111,"Adenosylmethionine-8-amino-7-oxononanoate aminotransferase; Catalyzes the transfer of the alpha-amino group from S- adenosyl-L-methionine (SAM) to 7-keto-8-aminopelargonic acid (KAPA) to form 7,8-diaminopelargonic acid (DAPA). It is the only animotransferase known to utilize SAM as an amino donor; Belongs to the class-III pyridoxal-phosphate-dependent aminotransferase family. BioA subfamily.",10,0.1,9.373164,12.899025
Plate2_Drawer6 29-Aug-2025 11-38-09,D6,wbeT,VC_0259,Lipopolysaccharide biosynthesis protein RfbV; Similar to GB:X59554 PID:48400 PID:1929424; identified by sequence similarity; putative.,10,0.1,13.456353,12.779181
Plate2_Drawer6 29-Aug-2025 11-38-09,D7,VC_0929,VC_0929,Hypothetical protein; Identified by Glimmer2; putative.,10,0.1,1.6834425,8.193581
Plate2_Drawer6 29-Aug-2025 11-38-09,D8,flgT,VC_2208,Hypothetical protein; Identified by Glimmer2; putative.,10,0.1,8.802454,3.354887
Plate2_Drawer6 29-Aug-2025 11-38-09,D9,glyA1,VC_0941,"Serine hydroxymethyltransferase; Catalyzes the reversible interconversion of serine and glycine with tetrahydrofolate (THF) serving as the one-carbon carrier. This reaction serves as the major source of one-carbon groups required for the biosynthesis of purines, thymidylate, methionine, and other important biomolecules. Also exhibits THF-independent aldolase activity toward beta-hydroxyamino acids, producing glycine and aldehydes, via a retro-aldol mechanism.",10,0.1,2.8967404,16.390833
Plate2_Drawer6 29-Aug-2025 11-38-09,E10,flgA,VC_2203,"Flagellar protein, putative; Similar to PID:1272364; identified by sequence similarity; putative.",10,0.1,0.93026626,6.023125
Plate2_Drawer6 29-Aug-2025 11-38-09,E11,VC_A0187,VC_A0187,Hypothetical protein; Identified by Glimmer2; putative.,10,0.1,0.17242666,10.027725
Plate2_Drawer6 29-Aug-2025 11-38-09,E12,VC_1652,VC_1652,Response regulator VieA; Similar to GP:3123891; identified by sequence similarity; putative.,10,0.1,-4.8955407,5.2002683
Plate2_Drawer6 29-Aug-2025 11-38-09,E1,VC_1003,VC_1003,Bacteriocin production protein; Similar to GB:J01666 SP:P08550 PID:146367 PID:147415 GB:U00096; identified by sequence similarity; putative.,10,0.1,3.2866285,17.997566
Plate2_Drawer6 29-Aug-2025 11-38-09,E2,fliL,VC_2130,Flagellum-specific ATP synthase FliI; Similar to PID:1071643 SP:P52612 GB:U00096 PID:1736607 PID:1788251; identified by sequence similarity; putative.,10,0.1,9.127816,3.5687282
Plate2_Drawer6 29-Aug-2025 11-38-09,E3,pdhE2,VC_2413,"Pyruvate dehydrogenase, E2 component, dihydrolipoamide acetyltransferase; The pyruvate dehydrogenase complex catalyzes the overall conversion of pyruvate to acetyl-CoA and CO(2).",10,0.1,5.74447,16.016233
Plate2_Drawer6 29-Aug-2025 11-38-09,E4,VC_0134,VC_0134,Conserved hypothetical protein; Identified by Glimmer2; putative.,10,0.1,-4.90788,3.765756
Plate2_Drawer6 29-Aug-2025 11-38-09,E5,grx,VC_1146,Glutaredoxin 1; Has a glutathione-disulfide oxidoreductase activity in the presence of NADPH and glutathione reductase. Reduces low molecular weight disulfides and proteins (By similarity).,10,0.1,-4.8651075,2.4588518
Plate2_Drawer6 29-Aug-2025 11-38-09,E6,cheW,VC_2059,Purine-binding chemotaxis protein CheW; Similar to GB:M13462 SP:P07365 PID:145520 GB:U00096 PID:1736540; identified by sequence similarity; putative.,10,0.1,-1.9408739,4.2669115
Plate2_Drawer6 29-Aug-2025 11-38-09,E7,nfuA,VC_2720,"Conserved hypothetical protein; Involved in iron-sulfur cluster biogenesis. Binds a 4Fe-4S cluster, can transfer this cluster to apoproteins, and thereby intervenes in the maturation of Fe/S proteins. Could also act as a scaffold/chaperone for damaged Fe/S proteins.",10,0.1,2.2183864,15.414561
Plate2_Drawer6 29-Aug-2025 11-38-09,E8,groS2,VC_A0819,"Chaperonin, 10 Kd subunit; Binds to Cpn60 in the presence of Mg-ATP and suppresses the ATPase activity of the latter.",10,0.1,-5.435524,2.021905
Plate2_Drawer6 29-Aug-2025 11-38-09,E9,potD1,VC_1424,"Spermidine/putrescine ABC transporter, periplasmic spermidine/putrescine-binding protein; Required for the activity of the bacterial periplasmic transport system of putrescine; Belongs to the bacterial solute-binding protein PotD/PotF family.",10,0.1,4.1701927,11.619982
Plate2_Drawer6 29-Aug-2025 11-38-09,F10,WT,WT,,10,0.1,-5.833281,3.471442
Plate2_Drawer6 29-Aug-2025 11-38-09,F1,bioF,VC_1113,"8-amino-7-oxononanoate synthase; Catalyzes the decarboxylative condensation of pimeloyl-[acyl- carrier protein] and L-alanine to produce 8-amino-7-oxononanoate (AON), [acyl-carrier protein], and carbon dioxide.",10,0.1,9.709238,12.843241
Plate2_Drawer6 29-Aug-2025 11-38-09,F2,flgO,VC_2207,Hypothetical protein; Identified by Glimmer2; putative.,10,0.1,5.988192,9.7634
Plate2_Drawer6 29-Aug-2025 11-38-09,F3,hslO,VC_2736,Conserved hypothetical protein; Redox regulated molecular chaperone. Protects both thermally unfolding and oxidatively damaged proteins from irreversible aggregation. Plays an important role in the bacterial defense system toward oxidative stress.,10,0.1,-1.1087027,7.036469
Plate2_Drawer6 29-Aug-2025 11-38-09,F4,bioC,VC_1114,Biotin synthesis protein BioC; Converts the free carboxyl group of a malonyl-thioester to its methyl ester by transfer of a methyl group from S-adenosyl-L- methionine (SAM). It allows to synthesize pimeloyl-ACP via the fatty acid synthetic pathway.,10,0.1,10.4131975,12.740879
Plate2_Drawer6 29-Aug-2025 11-38-09,F5,dnaN,VC_0013,"DNA polymerase III, beta chain; Confers DNA tethering and processivity to DNA polymerases and other proteins. Acts as a clamp, forming a ring around DNA (a reaction catalyzed by the clamp-loading complex) which diffuses in an ATP- independent manner freely and bidirectionally along dsDNA. Initially characterized for its ability to contact the catalytic subunit of DNA polymerase III (Pol III), a complex, multichain enzyme responsible for most of the replicative synthesis in bacteria; Pol III exhibits 3'-5' exonuclease proofreading activity. The beta chain is required for initiation of r [...] ",10,0.1,-0.73109263,9.730934
Plate2_Drawer6 29-Aug-2025 11-38-09,F6,mutH,VC_0668,DNA mismatch repair protein MutH; Sequence-specific endonuclease that cleaves unmethylated GATC sequences. It is involved in DNA mismatch repair; Belongs to the MutH family.,10,0.1,-5.5138664,6.778967
Plate2_Drawer6 29-Aug-2025 11-38-09,F7,pabC,VC_2018,"4-amino-4-deoxychorismate lyase; Involved in the biosynthesis of p-aminobenzoate (PABA), a precursor of tetrahydrofolate. Converts 4-amino-4-deoxychorismate into 4-aminobenzoate (PABA) and pyruvate (By similarity).",10,0.1,1.1632789,11.159152
Plate2_Drawer6 29-Aug-2025 11-38-09,F8,lexA,VC_0092,"LexA repressor; Represses a number of genes involved in the response to DNA damage (SOS response), including recA and lexA. In the presence of single-stranded DNA, RecA interacts with LexA causing an autocatalytic cleavage which disrupts the DNA-binding part of LexA, leading to derepression of the SOS regulon and eventually DNA repair.",10,0.1,1.7339745,10.998654
Plate2_Drawer6 29-Aug-2025 11-38-09,F9,VC_2271,VC_2271,"Riboflavin-specific deaminase; Converts 2,5-diamino-6-(ribosylamino)-4(3h)-pyrimidinone 5'- phosphate into 5-amino-6-(ribosylamino)-2,4(1h,3h)-pyrimidinedione 5'- phosphate; In the C-terminal section; belongs to the HTP reductase family.",10,0.1,2.3267312,10.749229
Plate2_Drawer6 31-Jul-2025 10-59-37,A10,VC_2523,VC_2523,Conserved hypothetical protein; Identified by Glimmer2; putative.,10,0.1,-6.516733,4.6716194
Plate2_Drawer6 31-Jul-2025 10-59-37,A11,fliR,VC_2121,Flagellar biosynthetic protein FliR; Role in flagellar biosynthesis. Belongs to the FliR/MopE/SpaR family.,10,0.1,8.9335985,5.772133
Plate2_Drawer6 31-Jul-2025 10-59-37,A12,argR,VC_0431,Arginine repressor; Regulates arginine biosynthesis genes.,10,0.1,-0.43618444,7.5461965
Plate2_Drawer6 31-Jul-2025 10-59-37,A1,flgK,VC_2191,Flagellar hook-associated protein FlgM; Similar to PID:2443633; identified by sequence similarity; putative. HOOK FILSMENT JUNCTION,10,0.1,-1.0548191,9.342554
Plate2_Drawer6 31-Jul-2025 10-59-37,A2,flrB,VC_2136,Sensory box sensor histidine kinase; Similar to PID:2338728; identified by sequence similarity; putative.,10,0.1,9.560232,5.3316803
Plate2_Drawer6 31-Jul-2025 10-59-37,A3,rjg,VC_0264,Conserved hypothetical protein; Identified by Glimmer2; putative.,10,0.1,-5.189577,6.4064145
Plate2_Drawer6 31-Jul-2025 10-59-37,A4,fliA,VC_2066,RNA polymerase sigma factor for flagellar operon FliA; Sigma factors are initiation factors that promote the attachment of RNA polymerase to specific initiation sites and are then released. This sigma factor controls the expression of flagella-related genes; Belongs to the sigma-70 factor family. FliA subfamily.,10,0.1,10.076982,3.1322472
Plate2_Drawer6 31-Jul-2025 10-59-37,A5,flgM,VC_2204,"Negative regulator of flagellin synthesis FlgM, putative; Similar to GB:L14437 SP:P39809 PID:451869 PID:1762336 GB:AL009126; identified by sequence similarity; putative.",10,0.1,-2.086848,5.2322884
Plate2_Drawer6 31-Jul-2025 10-59-37,A6,flrA,VC_2137,Sigma-54 dependent transcriptional activator; Similar to PID:2338727; identified by sequence similarity; putative.,10,0.1,2.9301584,8.591478
Plate2_Drawer6 31-Jul-2025 10-59-37,A7,VC_1291,VC_1291,Conserved hypothetical protein; Identified by Glimmer2; putative.,10,0.1,0.6264899,10.252978
Plate2_Drawer6 31-Jul-2025 10-59-37,A8,thiI,VC_0894,"Thiamin biosynthesis protein ThiI; Catalyzes the ATP-dependent transfer of a sulfur to tRNA to produce 4-thiouridine in position 8 of tRNAs, which functions as a near-UV photosensor. Also catalyzes the transfer of sulfur to the sulfur carrier protein ThiS, forming ThiS-thiocarboxylate. This is a step in the synthesis of thiazole, in the thiamine biosynthesis pathway. The sulfur is donated as persulfide by IscS.",10,0.1,-5.2836547,4.746823
Plate2_Drawer6 31-Jul-2025 10-59-37,A9,flhB,VC_2120,"Flagellar biosynthetic protein FlhB; Required for formation of the rod structure in the basal body of the flagellar apparatus. Together with FliI and FliH, may constitute the export apparatus of flagellin; Belongs to the type III secretion exporter family.",10,0.1,8.969841,5.8340273
Plate2_Drawer6 31-Jul-2025 10-59-37,B10,wbeN,VC_0251,Acyl protein synthase/acyl-CoA reductase RfbN; Similar to GB:X59554 PID:48393; identified by sequence similarity; putative.,10,0.1,-0.68895733,10.215012
Plate2_Drawer6 31-Jul-2025 10-59-37,B11,wbeL,VC_0249,rfbL protein; Similar to GB:X59554 PID:48391; identified by sequence similarity; putative.,10,0.1,5.971202,21.012531
Plate2_Drawer6 31-Jul-2025 10-59-37,B12,pstB1,VC_0726,"Phosphate ABC transporter, ATP-binding protein; Part of the ABC transporter complex PstSACB involved in phosphate import. Responsible for energy coupling to the transport system; Belongs to the ABC transporter superfamily. Phosphate importer (TC 3.A.1.7) family.",10,0.1,-3.3758986,8.109923
Plate2_Drawer6 31-Jul-2025 10-59-37,B1,aroE,VC_0056,"Shikimate 5-dehydrogenase; Involved in the biosynthesis of the chorismate, which leads to the biosynthesis of aromatic amino acids. Catalyzes the reversible NADPH linked reduction of 3-dehydroshikimate (DHSA) to yield shikimate (SA).",10,0.1,-5.602327,6.4024773
Plate2_Drawer6 31-Jul-2025 10-59-37,B4,VC_A0146,VC_A0146,Conserved hypothetical protein; Identified by Glimmer2; putative.,10,0.1,-1.2544476,9.94715
Plate2_Drawer6 31-Jul-2025 10-59-37,B5,VC_0289,VC_0289,Gluconate utilization system gnt-I transcriptional repressor; Similar to PID:1304069; identified by sequence similarity; putative.,10,0.1,-5.549537,6.3777084
Plate2_Drawer6 31-Jul-2025 10-59-37,B6,VC_A0005,VC_A0005,Hypothetical protein; Identified by Glimmer2; putative.,10,0.1,-6.7508225,4.721264
Plate2_Drawer6 31-Jul-2025 10-59-37,B8,mltF,VC_0866,"Transglycosylase, Slt family; Murein-degrading enzyme that degrades murein glycan strands and insoluble, high-molecular weight murein sacculi, with the concomitant formation of a 1,6-anhydromuramoyl product. Lytic transglycosylases (LTs) play an integral role in the metabolism of the peptidoglycan (PG) sacculus. Their lytic action creates space within the PG sacculus to allow for its expansion as well as for the insertion of various structures such as secretion systems and flagella. In the N-terminal section; belongs to the bacterial solute- binding protein 3 family.",10,0.1,8.617599,-0.11623458
Plate2_Drawer6 31-Jul-2025 10-59-37,B9,VC_A0726,VC_A0726,"Molybdenum ABC transporter, periplasmic molybdenum-binding protein; Similar to GB:L34009 SP:P37329 PID:504498 PID:973214 PID:1147817; identified by sequence similarity; putative.",10,0.1,-1.1359221,6.2581577
Plate2_Drawer6 31-Jul-2025 10-59-37,C10,flgF,VC_2196,Flagellar basal-body rod protein FlgF; Similar to GB:U00096 SP:P75938 PID:1787317; identified by sequence similarity; putative; Belongs to the flagella basal body rod proteins family.,10,0.1,9.56393,5.212867
Plate2_Drawer6 31-Jul-2025 10-59-37,C11,VC_2441,VC_2441,Conserved hypothetical protein; Identified by Glimmer2; putative.,10,0.1,0.77058685,9.812822
Plate2_Drawer6 31-Jul-2025 10-59-37,C12,VC_1710,VC_1710,Conserved hypothetical protein; Identified by Glimmer2; putative.,10,0.1,-3.8035665,8.799187
Plate2_Drawer6 31-Jul-2025 10-59-37,C1,VC_1885,VC_1885,Hypothetical protein; Identified by Glimmer2; putative.,10,0.1,0.68037033,2.6962018
Plate2_Drawer6 31-Jul-2025 10-59-37,C2,aroQ,VC_0297,3-dehydroquinate dehydratase; Catalyzes a trans-dehydration via an enolate intermediate. Belongs to the type-II 3-dehydroquinase family.,10,0.1,0.7834338,13.377352
Plate2_Drawer6 31-Jul-2025 10-59-37,C3,VC_1359,VC_1359,"Amino acid ABC transporter, ATP-binding protein; Similar to PID:1154897; identified by sequence similarity; putative.",10,0.1,-2.3015995,14.325299
Plate2_Drawer6 31-Jul-2025 10-59-37,C4,VC_A0328,VC_A0328,"Biphenyl-2,3-diol 1,2-dioxygenase III-related protein; Similar to GB:X75635 SP:P47233 PID:473121; identified by sequence similarity; putative.",10,0.1,-2.4841712,9.115057
Plate2_Drawer6 31-Jul-2025 10-59-37,C5,VC_1350,VC_1350,"Antioxidant, putative; Thiol-specific peroxidase that catalyzes the reduction of hydrogen peroxide and organic hydroperoxides to water and alcohols, respectively. Plays a role in cell protection against oxidative stress by detoxifying peroxides; Belongs to the peroxiredoxin family. Prx5 subfamily.",10,0.1,-0.9547597,6.457028
Plate2_Drawer6 31-Jul-2025 10-59-37,C6,manB,VC_0242,Phosphomannomutase; Involved in GDP-mannose biosynthesis which serves as the activated sugar nucleotide precursor for mannose residues in cell surface polysaccharides; Belongs to the phosphohexose mutase family.,10,0.1,-2.056735,13.506675
Plate2_Drawer6 31-Jul-2025 10-59-37,C7,mrcA,VC_2635,Penicillin-binding protein 1A; Cell wall formation. Synthesis of cross-linked peptidoglycan from the lipid intermediates. The enzyme has a penicillin-insensitive transglycosylase N-terminal domain (formation of linear glycan strands) and a penicillin-sensitive transpeptidase C-terminal domain (cross- linking of the peptide subunits).,10,0.1,7.8357434,12.428104
Plate2_Drawer6 31-Jul-2025 10-59-37,C8,VC_A0079,VC_A0079,Conserved hypothetical protein; Identified by Glimmer2; putative.,10,0.1,7.963392,12.405975
Plate2_Drawer6 31-Jul-2025 10-59-37,C9,potA,VC_1428,"Spermidine/putrescine ABC transporter, ATP-binding protein; Part of the ABC transporter complex PotABCD involved in spermidine/putrescine import. Responsible for energy coupling to the transport system; Belongs to the ABC transporter superfamily. Spermidine/putrescine importer (TC 3.A.1.11.1) family.",10,0.1,4.796968,10.622467
Plate2_Drawer6 31-Jul-2025 10-59-37,D10,bioD,VC_1115,"Dethiobiotin synthetase; Catalyzes a mechanistically unusual reaction, the ATP- dependent insertion of CO2 between the N7 and N8 nitrogen atoms of 7,8- diaminopelargonic acid (DAPA) to form an ureido ring.",10,0.1,9.962616,12.885462
Plate2_Drawer6 31-Jul-2025 10-59-37,D11,flaA,VC_2188,Flagellin core protein A; Flagellin is the subunit protein which polymerizes to form the filaments of bacterial flagella. FlaA is required to form a core or scaffold into which the other flagellins are inserted to provide structural integrity. Essential for flagellar synthesis and motility; important for full virulence.,10,0.1,8.89722,3.5272086
Plate2_Drawer6 31-Jul-2025 10-59-37,D12,wavL,VC_0239,Conserved hypothetical protein; Identified by Glimmer2; putative.,10,0.1,6.710752,15.543012
Plate2_Drawer6 31-Jul-2025 10-59-37,D1,VC_A0340,VC_A0340,Hypothetical protein; Identified by Glimmer2; putative.,10,0.1,-3.1049137,7.5285397
Plate2_Drawer6 31-Jul-2025 10-59-37,D2,VC_0745,VC_0745,Inositol monophosphate family protein; Similar to GB:M34828 SP:P22783 PID:147899 GB:U00096 PID:1788882; identified by sequence similarity; putative; Belongs to the inositol monophosphatase superfamily.,10,0.1,2.7442489,15.766568
Plate2_Drawer6 31-Jul-2025 10-59-37,D3,VC_2485,VC_2485,"Transcriptional regulator, LysR family; Similar to GB:D10483 SP:P10151 GB:M21150 PID:1128961 PID:146605; identified by sequence similarity; putative; Belongs to the LysR transcriptional regulatory family.",10,0.1,2.1241252,12.137318
Plate2_Drawer6 31-Jul-2025 10-59-37,D4,rimO,VC_2620,Conserved hypothetical protein; Catalyzes the methylthiolation of an aspartic acid residue of ribosomal protein S12; Belongs to the methylthiotransferase family. RimO subfamily.,10,0.1,-5.584636,6.583832
Plate2_Drawer6 31-Jul-2025 10-59-37,D5,bioA,VC_1111,"Adenosylmethionine-8-amino-7-oxononanoate aminotransferase; Catalyzes the transfer of the alpha-amino group from S- adenosyl-L-methionine (SAM) to 7-keto-8-aminopelargonic acid (KAPA) to form 7,8-diaminopelargonic acid (DAPA). It is the only animotransferase known to utilize SAM as an amino donor; Belongs to the class-III pyridoxal-phosphate-dependent aminotransferase family. BioA subfamily.",10,0.1,9.501972,12.959868
Plate2_Drawer6 31-Jul-2025 10-59-37,D6,wbeT,VC_0259,Lipopolysaccharide biosynthesis protein RfbV; Similar to GB:X59554 PID:48400 PID:1929424; identified by sequence similarity; putative.,10,0.1,13.500935,12.8820095
Plate2_Drawer6 31-Jul-2025 10-59-37,D8,flgT,VC_2208,Hypothetical protein; Identified by Glimmer2; putative.,10,0.1,9.308739,3.7285798
Plate2_Drawer6 31-Jul-2025 10-59-37,D9,glyA1,VC_0941,"Serine hydroxymethyltransferase; Catalyzes the reversible interconversion of serine and glycine with tetrahydrofolate (THF) serving as the one-carbon carrier. This reaction serves as the major source of one-carbon groups required for the biosynthesis of purines, thymidylate, methionine, and other important biomolecules. Also exhibits THF-independent aldolase activity toward beta-hydroxyamino acids, producing glycine and aldehydes, via a retro-aldol mechanism.",10,0.1,3.285276,17.173925
Plate2_Drawer6 31-Jul-2025 10-59-37,E10,flgA,VC_2203,"Flagellar protein, putative; Similar to PID:1272364; identified by sequence similarity; putative.",10,0.1,0.8705749,6.6499977
Plate2_Drawer6 31-Jul-2025 10-59-37,E11,VC_A0187,VC_A0187,Hypothetical protein; Identified by Glimmer2; putative.,10,0.1,2.8887534,11.195365
Plate2_Drawer6 31-Jul-2025 10-59-37,E12,VC_1652,VC_1652,Response regulator VieA; Similar to GP:3123891; identified by sequence similarity; putative.,10,0.1,-3.6429093,7.4768004
Plate2_Drawer6 31-Jul-2025 10-59-37,E1,VC_1003,VC_1003,Bacteriocin production protein; Similar to GB:J01666 SP:P08550 PID:146367 PID:147415 GB:U00096; identified by sequence similarity; putative.,10,0.1,3.2799273,18.01711
Plate2_Drawer6 31-Jul-2025 10-59-37,E2,fliL,VC_2130,Flagellum-specific ATP synthase FliI; Similar to PID:1071643 SP:P52612 GB:U00096 PID:1736607 PID:1788251; identified by sequence similarity; putative.,10,0.1,9.371669,4.6036777
Plate2_Drawer6 31-Jul-2025 10-59-37,E3,pdhE2,VC_2413,"Pyruvate dehydrogenase, E2 component, dihydrolipoamide acetyltransferase; The pyruvate dehydrogenase complex catalyzes the overall conversion of pyruvate to acetyl-CoA and CO(2).",10,0.1,5.7704687,16.006641
Plate2_Drawer6 31-Jul-2025 10-59-37,E4,VC_0134,VC_0134,Conserved hypothetical protein; Identified by Glimmer2; putative.,10,0.1,-4.1516857,6.465389
Plate2_Drawer6 31-Jul-2025 10-59-37,E5,grx,VC_1146,Glutaredoxin 1; Has a glutathione-disulfide oxidoreductase activity in the presence of NADPH and glutathione reductase. Reduces low molecular weight disulfides and proteins (By similarity).,10,0.1,-5.424074,3.2308247
Plate2_Drawer6 31-Jul-2025 10-59-37,E6,cheW,VC_2059,Purine-binding chemotaxis protein CheW; Similar to GB:M13462 SP:P07365 PID:145520 GB:U00096 PID:1736540; identified by sequence similarity; putative.,10,0.1,-1.8751947,4.33457
Plate2_Drawer6 31-Jul-2025 10-59-37,E7,nfuA,VC_2720,"Conserved hypothetical protein; Involved in iron-sulfur cluster biogenesis. Binds a 4Fe-4S cluster, can transfer this cluster to apoproteins, and thereby intervenes in the maturation of Fe/S proteins. Could also act as a scaffold/chaperone for damaged Fe/S proteins.",10,0.1,2.292805,15.467148
Plate2_Drawer6 31-Jul-2025 10-59-37,E8,groS2,VC_A0819,"Chaperonin, 10 Kd subunit; Binds to Cpn60 in the presence of Mg-ATP and suppresses the ATPase activity of the latter.",10,0.1,-5.7368007,3.5856557
Plate2_Drawer6 31-Jul-2025 10-59-37,E9,potD1,VC_1424,"Spermidine/putrescine ABC transporter, periplasmic spermidine/putrescine-binding protein; Required for the activity of the bacterial periplasmic transport system of putrescine; Belongs to the bacterial solute-binding protein PotD/PotF family.",10,0.1,4.187563,11.725273
Plate2_Drawer6 31-Jul-2025 10-59-37,F10,WT,WT,,10,0.1,-5.4334183,2.8834515
Plate2_Drawer6 31-Jul-2025 10-59-37,F1,bioF,VC_1113,"8-amino-7-oxononanoate synthase; Catalyzes the decarboxylative condensation of pimeloyl-[acyl- carrier protein] and L-alanine to produce 8-amino-7-oxononanoate (AON), [acyl-carrier protein], and carbon dioxide.",10,0.1,9.333863,12.9824915
Plate2_Drawer6 31-Jul-2025 10-59-37,F2,flgO,VC_2207,Hypothetical protein; Identified by Glimmer2; putative.,10,0.1,3.9322414,12.84688
Plate2_Drawer6 31-Jul-2025 10-59-37,F3,hslO,VC_2736,Conserved hypothetical protein; Redox regulated molecular chaperone. Protects both thermally unfolding and oxidatively damaged proteins from irreversible aggregation. Plays an important role in the bacterial defense system toward oxidative stress.,10,0.1,0.70639414,10.197045
Plate2_Drawer6 31-Jul-2025 10-59-37,F4,bioC,VC_1114,Biotin synthesis protein BioC; Converts the free carboxyl group of a malonyl-thioester to its methyl ester by transfer of a methyl group from S-adenosyl-L- methionine (SAM). It allows to synthesize pimeloyl-ACP via the fatty acid synthetic pathway.,10,0.1,9.906514,12.910753
Plate2_Drawer6 31-Jul-2025 10-59-37,F5,dnaN,VC_0013,"DNA polymerase III, beta chain; Confers DNA tethering and processivity to DNA polymerases and other proteins. Acts as a clamp, forming a ring around DNA (a reaction catalyzed by the clamp-loading complex) which diffuses in an ATP- independent manner freely and bidirectionally along dsDNA. Initially characterized for its ability to contact the catalytic subunit of DNA polymerase III (Pol III), a complex, multichain enzyme responsible for most of the replicative synthesis in bacteria; Pol III exhibits 3'-5' exonuclease proofreading activity. The beta chain is required for initiation of r [...] ",10,0.1,2.4035013,10.954472
Plate2_Drawer6 31-Jul-2025 10-59-37,F6,mutH,VC_0668,DNA mismatch repair protein MutH; Sequence-specific endonuclease that cleaves unmethylated GATC sequences. It is involved in DNA mismatch repair; Belongs to the MutH family.,10,0.1,-3.3364327,8.971415
Plate2_Drawer6 31-Jul-2025 10-59-37,F7,pabC,VC_2018,"4-amino-4-deoxychorismate lyase; Involved in the biosynthesis of p-aminobenzoate (PABA), a precursor of tetrahydrofolate. Converts 4-amino-4-deoxychorismate into 4-aminobenzoate (PABA) and pyruvate (By similarity).",10,0.1,3.1700742,12.544344
Plate2_Drawer6 31-Jul-2025 10-59-37,F8,lexA,VC_0092,"LexA repressor; Represses a number of genes involved in the response to DNA damage (SOS response), including recA and lexA. In the presence of single-stranded DNA, RecA interacts with LexA causing an autocatalytic cleavage which disrupts the DNA-binding part of LexA, leading to derepression of the SOS regulon and eventually DNA repair.",10,0.1,2.4331186,11.867151
Plate2_Drawer6 31-Jul-2025 10-59-37,F9,VC_2271,VC_2271,"Riboflavin-specific deaminase; Converts 2,5-diamino-6-(ribosylamino)-4(3h)-pyrimidinone 5'- phosphate into 5-amino-6-(ribosylamino)-2,4(1h,3h)-pyrimidinedione 5'- phosphate; In the C-terminal section; belongs to the HTP reductase family.",10,0.1,2.4377522,11.707754
Plate2_Drawer7 07-Aug-2025 12-51-45,A10,VC_2523,VC_2523,Conserved hypothetical protein; Identified by Glimmer2; putative.,10,0.1,-6.724226,4.702789
Plate2_Drawer7 07-Aug-2025 12-51-45,A11,fliR,VC_2121,Flagellar biosynthetic protein FliR; Role in flagellar biosynthesis. Belongs to the FliR/MopE/SpaR family.,10,0.1,8.651282,4.7889366
Plate2_Drawer7 07-Aug-2025 12-51-45,A12,argR,VC_0431,Arginine repressor; Regulates arginine biosynthesis genes.,10,0.1,-0.8535744,6.6598277
Plate2_Drawer7 07-Aug-2025 12-51-45,A1,flgK,VC_2191,Flagellar hook-associated protein FlgM; Similar to PID:2443633; identified by sequence similarity; putative. HOOK FILSMENT JUNCTION,10,0.1,-0.9640969,9.470819
Plate2_Drawer7 07-Aug-2025 12-51-45,A2,flrB,VC_2136,Sensory box sensor histidine kinase; Similar to PID:2338728; identified by sequence similarity; putative.,10,0.1,9.539726,5.460489
Plate2_Drawer7 07-Aug-2025 12-51-45,A3,rjg,VC_0264,Conserved hypothetical protein; Identified by Glimmer2; putative.,10,0.1,-5.1128435,6.271409
Plate2_Drawer7 07-Aug-2025 12-51-45,A4,fliA,VC_2066,RNA polymerase sigma factor for flagellar operon FliA; Sigma factors are initiation factors that promote the attachment of RNA polymerase to specific initiation sites and are then released. This sigma factor controls the expression of flagella-related genes; Belongs to the sigma-70 factor family. FliA subfamily.,10,0.1,9.690524,3.081366
Plate2_Drawer7 07-Aug-2025 12-51-45,A5,flgM,VC_2204,"Negative regulator of flagellin synthesis FlgM, putative; Similar to GB:L14437 SP:P39809 PID:451869 PID:1762336 GB:AL009126; identified by sequence similarity; putative.",10,0.1,-2.1090887,6.821749
Plate2_Drawer7 07-Aug-2025 12-51-45,A6,flrA,VC_2137,Sigma-54 dependent transcriptional activator; Similar to PID:2338727; identified by sequence similarity; putative.,10,0.1,9.445541,3.5754423
Plate2_Drawer7 07-Aug-2025 12-51-45,A7,VC_1291,VC_1291,Conserved hypothetical protein; Identified by Glimmer2; putative.,10,0.1,0.77082014,10.543968
Plate2_Drawer7 07-Aug-2025 12-51-45,A8,thiI,VC_0894,"Thiamin biosynthesis protein ThiI; Catalyzes the ATP-dependent transfer of a sulfur to tRNA to produce 4-thiouridine in position 8 of tRNAs, which functions as a near-UV photosensor. Also catalyzes the transfer of sulfur to the sulfur carrier protein ThiS, forming ThiS-thiocarboxylate. This is a step in the synthesis of thiazole, in the thiamine biosynthesis pathway. The sulfur is donated as persulfide by IscS.",10,0.1,-5.346717,4.942591
Plate2_Drawer7 07-Aug-2025 12-51-45,A9,flhB,VC_2120,"Flagellar biosynthetic protein FlhB; Required for formation of the rod structure in the basal body of the flagellar apparatus. Together with FliI and FliH, may constitute the export apparatus of flagellin; Belongs to the type III secretion exporter family.",10,0.1,8.574496,5.1525598
Plate2_Drawer7 07-Aug-2025 12-51-45,B10,wbeN,VC_0251,Acyl protein synthase/acyl-CoA reductase RfbN; Similar to GB:X59554 PID:48393; identified by sequence similarity; putative.,10,0.1,-1.4218699,11.545857
Plate2_Drawer7 07-Aug-2025 12-51-45,B11,wbeL,VC_0249,rfbL protein; Similar to GB:X59554 PID:48391; identified by sequence similarity; putative.,10,0.1,5.905041,21.066685
Plate2_Drawer7 07-Aug-2025 12-51-45,B12,pstB1,VC_0726,"Phosphate ABC transporter, ATP-binding protein; Part of the ABC transporter complex PstSACB involved in phosphate import. Responsible for energy coupling to the transport system; Belongs to the ABC transporter superfamily. Phosphate importer (TC 3.A.1.7) family.",10,0.1,-4.017792,7.1900244
Plate2_Drawer7 07-Aug-2025 12-51-45,B1,aroE,VC_0056,"Shikimate 5-dehydrogenase; Involved in the biosynthesis of the chorismate, which leads to the biosynthesis of aromatic amino acids. Catalyzes the reversible NADPH linked reduction of 3-dehydroshikimate (DHSA) to yield shikimate (SA).",10,0.1,-4.9930334,7.569428
Plate2_Drawer7 07-Aug-2025 12-51-45,B4,VC_A0146,VC_A0146,Conserved hypothetical protein; Identified by Glimmer2; putative.,10,0.1,-0.605729,10.420146
Plate2_Drawer7 07-Aug-2025 12-51-45,B5,VC_0289,VC_0289,Gluconate utilization system gnt-I transcriptional repressor; Similar to PID:1304069; identified by sequence similarity; putative.,10,0.1,-5.7373934,3.5138044
Plate2_Drawer7 07-Aug-2025 12-51-45,B6,VC_A0005,VC_A0005,Hypothetical protein; Identified by Glimmer2; putative.,10,0.1,-3.7931857,3.713963
Plate2_Drawer7 07-Aug-2025 12-51-45,B8,mltF,VC_0866,"Transglycosylase, Slt family; Murein-degrading enzyme that degrades murein glycan strands and insoluble, high-molecular weight murein sacculi, with the concomitant formation of a 1,6-anhydromuramoyl product. Lytic transglycosylases (LTs) play an integral role in the metabolism of the peptidoglycan (PG) sacculus. Their lytic action creates space within the PG sacculus to allow for its expansion as well as for the insertion of various structures such as secretion systems and flagella. In the N-terminal section; belongs to the bacterial solute- binding protein 3 family.",10,0.1,8.618647,-0.11312078
Plate2_Drawer7 07-Aug-2025 12-51-45,B9,VC_A0726,VC_A0726,"Molybdenum ABC transporter, periplasmic molybdenum-binding protein; Similar to GB:L34009 SP:P37329 PID:504498 PID:973214 PID:1147817; identified by sequence similarity; putative.",10,0.1,-1.7500119,5.4181547
Plate2_Drawer7 07-Aug-2025 12-51-45,C10,flgF,VC_2196,Flagellar basal-body rod protein FlgF; Similar to GB:U00096 SP:P75938 PID:1787317; identified by sequence similarity; putative; Belongs to the flagella basal body rod proteins family.,10,0.1,9.487731,3.5452495
Plate2_Drawer7 07-Aug-2025 12-51-45,C11,VC_2441,VC_2441,Conserved hypothetical protein; Identified by Glimmer2; putative.,10,0.1,1.9648116,12.439455
Plate2_Drawer7 07-Aug-2025 12-51-45,C12,VC_1710,VC_1710,Conserved hypothetical protein; Identified by Glimmer2; putative.,10,0.1,-3.010334,8.415387
Plate2_Drawer7 07-Aug-2025 12-51-45,C1,VC_1885,VC_1885,Hypothetical protein; Identified by Glimmer2; putative.,10,0.1,0.6764359,2.7008767
Plate2_Drawer7 07-Aug-2025 12-51-45,C2,aroQ,VC_0297,3-dehydroquinate dehydratase; Catalyzes a trans-dehydration via an enolate intermediate. Belongs to the type-II 3-dehydroquinase family.,10,0.1,0.5961832,13.230737
Plate2_Drawer7 07-Aug-2025 12-51-45,C3,VC_1359,VC_1359,"Amino acid ABC transporter, ATP-binding protein; Similar to PID:1154897; identified by sequence similarity; putative.",10,0.1,-2.307017,14.36055
Plate2_Drawer7 07-Aug-2025 12-51-45,C4,VC_A0328,VC_A0328,"Biphenyl-2,3-diol 1,2-dioxygenase III-related protein; Similar to GB:X75635 SP:P47233 PID:473121; identified by sequence similarity; putative.",10,0.1,-3.3288307,7.416646
Plate2_Drawer7 07-Aug-2025 12-51-45,C5,VC_1350,VC_1350,"Antioxidant, putative; Thiol-specific peroxidase that catalyzes the reduction of hydrogen peroxide and organic hydroperoxides to water and alcohols, respectively. Plays a role in cell protection against oxidative stress by detoxifying peroxides; Belongs to the peroxiredoxin family. Prx5 subfamily.",10,0.1,-1.0691209,5.562554
Plate2_Drawer7 07-Aug-2025 12-51-45,C6,manB,VC_0242,Phosphomannomutase; Involved in GDP-mannose biosynthesis which serves as the activated sugar nucleotide precursor for mannose residues in cell surface polysaccharides; Belongs to the phosphohexose mutase family.,10,0.1,-1.9947037,13.408066
Plate2_Drawer7 07-Aug-2025 12-51-45,C7,mrcA,VC_2635,Penicillin-binding protein 1A; Cell wall formation. Synthesis of cross-linked peptidoglycan from the lipid intermediates. The enzyme has a penicillin-insensitive transglycosylase N-terminal domain (formation of linear glycan strands) and a penicillin-sensitive transpeptidase C-terminal domain (cross- linking of the peptide subunits).,10,0.1,8.233766,12.537663
Plate2_Drawer7 07-Aug-2025 12-51-45,C8,VC_A0079,VC_A0079,Conserved hypothetical protein; Identified by Glimmer2; putative.,10,0.1,3.3432572,8.911283
Plate2_Drawer7 07-Aug-2025 12-51-45,C9,potA,VC_1428,"Spermidine/putrescine ABC transporter, ATP-binding protein; Part of the ABC transporter complex PotABCD involved in spermidine/putrescine import. Responsible for energy coupling to the transport system; Belongs to the ABC transporter superfamily. Spermidine/putrescine importer (TC 3.A.1.11.1) family.",10,0.1,4.500626,10.758644
Plate2_Drawer7 07-Aug-2025 12-51-45,D10,bioD,VC_1115,"Dethiobiotin synthetase; Catalyzes a mechanistically unusual reaction, the ATP- dependent insertion of CO2 between the N7 and N8 nitrogen atoms of 7,8- diaminopelargonic acid (DAPA) to form an ureido ring.",10,0.1,9.665713,12.829809
Plate2_Drawer7 07-Aug-2025 12-51-45,D11,flaA,VC_2188,Flagellin core protein A; Flagellin is the subunit protein which polymerizes to form the filaments of bacterial flagella. FlaA is required to form a core or scaffold into which the other flagellins are inserted to provide structural integrity. Essential for flagellar synthesis and motility; important for full virulence.,10,0.1,8.615517,3.683331
Plate2_Drawer7 07-Aug-2025 12-51-45,D12,wavL,VC_0239,Conserved hypothetical protein; Identified by Glimmer2; putative.,10,0.1,6.7049003,15.542962
Plate2_Drawer7 07-Aug-2025 12-51-45,D1,VC_A0340,VC_A0340,Hypothetical protein; Identified by Glimmer2; putative.,10,0.1,-0.6942263,2.9184322
Plate2_Drawer7 07-Aug-2025 12-51-45,D2,VC_0745,VC_0745,Inositol monophosphate family protein; Similar to GB:M34828 SP:P22783 PID:147899 GB:U00096 PID:1788882; identified by sequence similarity; putative; Belongs to the inositol monophosphatase superfamily.,10,0.1,2.670141,15.669093
Plate2_Drawer7 07-Aug-2025 12-51-45,D3,VC_2485,VC_2485,"Transcriptional regulator, LysR family; Similar to GB:D10483 SP:P10151 GB:M21150 PID:1128961 PID:146605; identified by sequence similarity; putative; Belongs to the LysR transcriptional regulatory family.",10,0.1,2.4758255,12.131316
Plate2_Drawer7 07-Aug-2025 12-51-45,D4,rimO,VC_2620,Conserved hypothetical protein; Catalyzes the methylthiolation of an aspartic acid residue of ribosomal protein S12; Belongs to the methylthiotransferase family. RimO subfamily.,10,0.1,-5.4766965,4.648496
Plate2_Drawer7 07-Aug-2025 12-51-45,D5,bioA,VC_1111,"Adenosylmethionine-8-amino-7-oxononanoate aminotransferase; Catalyzes the transfer of the alpha-amino group from S- adenosyl-L-methionine (SAM) to 7-keto-8-aminopelargonic acid (KAPA) to form 7,8-diaminopelargonic acid (DAPA). It is the only animotransferase known to utilize SAM as an amino donor; Belongs to the class-III pyridoxal-phosphate-dependent aminotransferase family. BioA subfamily.",10,0.1,9.532857,12.978953
Plate2_Drawer7 07-Aug-2025 12-51-45,D6,wbeT,VC_0259,Lipopolysaccharide biosynthesis protein RfbV; Similar to GB:X59554 PID:48400 PID:1929424; identified by sequence similarity; putative.,10,0.1,13.43135,12.82392
Plate2_Drawer7 07-Aug-2025 12-51-45,D7,VC_0929,VC_0929,Hypothetical protein; Identified by Glimmer2; putative.,10,0.1,1.7016025,8.489562
Plate2_Drawer7 07-Aug-2025 12-51-45,D8,flgT,VC_2208,Hypothetical protein; Identified by Glimmer2; putative.,10,0.1,9.51616,3.7591438
Plate2_Drawer7 07-Aug-2025 12-51-45,D9,glyA1,VC_0941,"Serine hydroxymethyltransferase; Catalyzes the reversible interconversion of serine and glycine with tetrahydrofolate (THF) serving as the one-carbon carrier. This reaction serves as the major source of one-carbon groups required for the biosynthesis of purines, thymidylate, methionine, and other important biomolecules. Also exhibits THF-independent aldolase activity toward beta-hydroxyamino acids, producing glycine and aldehydes, via a retro-aldol mechanism.",10,0.1,3.2326963,17.083488
Plate2_Drawer7 07-Aug-2025 12-51-45,E10,flgA,VC_2203,"Flagellar protein, putative; Similar to PID:1272364; identified by sequence similarity; putative.",10,0.1,0.9689308,6.2605205
Plate2_Drawer7 07-Aug-2025 12-51-45,E11,VC_A0187,VC_A0187,Hypothetical protein; Identified by Glimmer2; putative.,10,0.1,2.4573092,12.1004505
Plate2_Drawer7 07-Aug-2025 12-51-45,E12,VC_1652,VC_1652,Response regulator VieA; Similar to GP:3123891; identified by sequence similarity; putative.,10,0.1,-3.6792111,7.763263
Plate2_Drawer7 07-Aug-2025 12-51-45,E1,VC_1003,VC_1003,Bacteriocin production protein; Similar to GB:J01666 SP:P08550 PID:146367 PID:147415 GB:U00096; identified by sequence similarity; putative.,10,0.1,3.292216,18.002337
Plate2_Drawer7 07-Aug-2025 12-51-45,E2,fliL,VC_2130,Flagellum-specific ATP synthase FliI; Similar to PID:1071643 SP:P52612 GB:U00096 PID:1736607 PID:1788251; identified by sequence similarity; putative.,10,0.1,8.854146,4.963277
Plate2_Drawer7 07-Aug-2025 12-51-45,E3,pdhE2,VC_2413,"Pyruvate dehydrogenase, E2 component, dihydrolipoamide acetyltransferase; The pyruvate dehydrogenase complex catalyzes the overall conversion of pyruvate to acetyl-CoA and CO(2).",10,0.1,5.6659126,15.923781
Plate2_Drawer7 07-Aug-2025 12-51-45,E4,VC_0134,VC_0134,Conserved hypothetical protein; Identified by Glimmer2; putative.,10,0.1,-5.781702,3.448921
Plate2_Drawer7 07-Aug-2025 12-51-45,E5,grx,VC_1146,Glutaredoxin 1; Has a glutathione-disulfide oxidoreductase activity in the presence of NADPH and glutathione reductase. Reduces low molecular weight disulfides and proteins (By similarity).,10,0.1,-4.9802427,2.5909271
Plate2_Drawer7 07-Aug-2025 12-51-45,E6,cheW,VC_2059,Purine-binding chemotaxis protein CheW; Similar to GB:M13462 SP:P07365 PID:145520 GB:U00096 PID:1736540; identified by sequence similarity; putative.,10,0.1,1.0141276,5.9297466
Plate2_Drawer7 07-Aug-2025 12-51-45,E7,nfuA,VC_2720,"Conserved hypothetical protein; Involved in iron-sulfur cluster biogenesis. Binds a 4Fe-4S cluster, can transfer this cluster to apoproteins, and thereby intervenes in the maturation of Fe/S proteins. Could also act as a scaffold/chaperone for damaged Fe/S proteins.",10,0.1,2.1989207,15.396744
Plate2_Drawer7 07-Aug-2025 12-51-45,E8,groS2,VC_A0819,"Chaperonin, 10 Kd subunit; Binds to Cpn60 in the presence of Mg-ATP and suppresses the ATPase activity of the latter.",10,0.1,-4.0504837,1.3982444
Plate2_Drawer7 07-Aug-2025 12-51-45,E9,potD1,VC_1424,"Spermidine/putrescine ABC transporter, periplasmic spermidine/putrescine-binding protein; Required for the activity of the bacterial periplasmic transport system of putrescine; Belongs to the bacterial solute-binding protein PotD/PotF family.",10,0.1,4.707106,10.641847
Plate2_Drawer7 07-Aug-2025 12-51-45,F10,WT,WT,,10,0.1,-4.808191,3.68593
Plate2_Drawer7 07-Aug-2025 12-51-45,F1,bioF,VC_1113,"8-amino-7-oxononanoate synthase; Catalyzes the decarboxylative condensation of pimeloyl-[acyl- carrier protein] and L-alanine to produce 8-amino-7-oxononanoate (AON), [acyl-carrier protein], and carbon dioxide.",10,0.1,9.254061,12.929555
Plate2_Drawer7 07-Aug-2025 12-51-45,F2,flgO,VC_2207,Hypothetical protein; Identified by Glimmer2; putative.,10,0.1,5.9103417,9.505644
Plate2_Drawer7 07-Aug-2025 12-51-45,F3,hslO,VC_2736,Conserved hypothetical protein; Redox regulated molecular chaperone. Protects both thermally unfolding and oxidatively damaged proteins from irreversible aggregation. Plays an important role in the bacterial defense system toward oxidative stress.,10,0.1,-2.9354525,8.48454
Plate2_Drawer7 07-Aug-2025 12-51-45,F4,bioC,VC_1114,Biotin synthesis protein BioC; Converts the free carboxyl group of a malonyl-thioester to its methyl ester by transfer of a methyl group from S-adenosyl-L- methionine (SAM). It allows to synthesize pimeloyl-ACP via the fatty acid synthetic pathway.,10,0.1,9.321103,12.878034
Plate2_Drawer7 07-Aug-2025 12-51-45,F5,dnaN,VC_0013,"DNA polymerase III, beta chain; Confers DNA tethering and processivity to DNA polymerases and other proteins. Acts as a clamp, forming a ring around DNA (a reaction catalyzed by the clamp-loading complex) which diffuses in an ATP- independent manner freely and bidirectionally along dsDNA. Initially characterized for its ability to contact the catalytic subunit of DNA polymerase III (Pol III), a complex, multichain enzyme responsible for most of the replicative synthesis in bacteria; Pol III exhibits 3'-5' exonuclease proofreading activity. The beta chain is required for initiation of r [...] ",10,0.1,-1.0534468,9.805334
Plate2_Drawer7 07-Aug-2025 12-51-45,F6,mutH,VC_0668,DNA mismatch repair protein MutH; Sequence-specific endonuclease that cleaves unmethylated GATC sequences. It is involved in DNA mismatch repair; Belongs to the MutH family.,10,0.1,-4.9414935,7.5212975
Plate2_Drawer7 07-Aug-2025 12-51-45,F7,pabC,VC_2018,"4-amino-4-deoxychorismate lyase; Involved in the biosynthesis of p-aminobenzoate (PABA), a precursor of tetrahydrofolate. Converts 4-amino-4-deoxychorismate into 4-aminobenzoate (PABA) and pyruvate (By similarity).",10,0.1,1.1679795,11.007682
Plate2_Drawer7 07-Aug-2025 12-51-45,F8,lexA,VC_0092,"LexA repressor; Represses a number of genes involved in the response to DNA damage (SOS response), including recA and lexA. In the presence of single-stranded DNA, RecA interacts with LexA causing an autocatalytic cleavage which disrupts the DNA-binding part of LexA, leading to derepression of the SOS regulon and eventually DNA repair.",10,0.1,2.044637,10.632203
Plate2_Drawer7 07-Aug-2025 12-51-45,F9,VC_2271,VC_2271,"Riboflavin-specific deaminase; Converts 2,5-diamino-6-(ribosylamino)-4(3h)-pyrimidinone 5'- phosphate into 5-amino-6-(ribosylamino)-2,4(1h,3h)-pyrimidinedione 5'- phosphate; In the C-terminal section; belongs to the HTP reductase family.",10,0.1,2.1345787,10.07178
Plate2_Drawer7 22-Jul-2025 11-36-38,A10,VC_2523,VC_2523,Conserved hypothetical protein; Identified by Glimmer2; putative.,10,0.1,-2.895635,4.117825
Plate2_Drawer7 22-Jul-2025 11-36-38,A11,fliR,VC_2121,Flagellar biosynthetic protein FliR; Role in flagellar biosynthesis. Belongs to the FliR/MopE/SpaR family.,10,0.1,8.50006,4.758753
Plate2_Drawer7 22-Jul-2025 11-36-38,A12,argR,VC_0431,Arginine repressor; Regulates arginine biosynthesis genes.,10,0.1,-0.29239237,7.5977592
Plate2_Drawer7 22-Jul-2025 11-36-38,A1,flgK,VC_2191,Flagellar hook-associated protein FlgM; Similar to PID:2443633; identified by sequence similarity; putative. HOOK FILSMENT JUNCTION,10,0.1,5.0985136,9.636074
Plate2_Drawer7 22-Jul-2025 11-36-38,A2,flrB,VC_2136,Sensory box sensor histidine kinase; Similar to PID:2338728; identified by sequence similarity; putative.,10,0.1,9.799782,3.8602734
Plate2_Drawer7 22-Jul-2025 11-36-38,A3,rjg,VC_0264,Conserved hypothetical protein; Identified by Glimmer2; putative.,10,0.1,-4.67867,4.0079346
Plate2_Drawer7 22-Jul-2025 11-36-38,A4,fliA,VC_2066,RNA polymerase sigma factor for flagellar operon FliA; Sigma factors are initiation factors that promote the attachment of RNA polymerase to specific initiation sites and are then released. This sigma factor controls the expression of flagella-related genes; Belongs to the sigma-70 factor family. FliA subfamily.,10,0.1,9.487182,2.312002
Plate2_Drawer7 22-Jul-2025 11-36-38,A5,flgM,VC_2204,"Negative regulator of flagellin synthesis FlgM, putative; Similar to GB:L14437 SP:P39809 PID:451869 PID:1762336 GB:AL009126; identified by sequence similarity; putative.",10,0.1,-2.8107643,4.272901
Plate2_Drawer7 22-Jul-2025 11-36-38,A6,flrA,VC_2137,Sigma-54 dependent transcriptional activator; Similar to PID:2338727; identified by sequence similarity; putative.,10,0.1,9.703247,2.8271546
Plate2_Drawer7 22-Jul-2025 11-36-38,A7,VC_1291,VC_1291,Conserved hypothetical protein; Identified by Glimmer2; putative.,10,0.1,0.5017841,7.183054
Plate2_Drawer7 22-Jul-2025 11-36-38,A8,thiI,VC_0894,"Thiamin biosynthesis protein ThiI; Catalyzes the ATP-dependent transfer of a sulfur to tRNA to produce 4-thiouridine in position 8 of tRNAs, which functions as a near-UV photosensor. Also catalyzes the transfer of sulfur to the sulfur carrier protein ThiS, forming ThiS-thiocarboxylate. This is a step in the synthesis of thiazole, in the thiamine biosynthesis pathway. The sulfur is donated as persulfide by IscS.",10,0.1,2.1569939,15.363712
Plate2_Drawer7 22-Jul-2025 11-36-38,A9,flhB,VC_2120,"Flagellar biosynthetic protein FlhB; Required for formation of the rod structure in the basal body of the flagellar apparatus. Together with FliI and FliH, may constitute the export apparatus of flagellin; Belongs to the type III secretion exporter family.",10,0.1,8.592583,4.226818
Plate2_Drawer7 22-Jul-2025 11-36-38,B10,wbeN,VC_0251,Acyl protein synthase/acyl-CoA reductase RfbN; Similar to GB:X59554 PID:48393; identified by sequence similarity; putative.,10,0.1,0.1425383,12.055091
Plate2_Drawer7 22-Jul-2025 11-36-38,B11,wbeL,VC_0249,rfbL protein; Similar to GB:X59554 PID:48391; identified by sequence similarity; putative.,10,0.1,6.0895505,9.906184
Plate2_Drawer7 22-Jul-2025 11-36-38,B12,pstB1,VC_0726,"Phosphate ABC transporter, ATP-binding protein; Part of the ABC transporter complex PstSACB involved in phosphate import. Responsible for energy coupling to the transport system; Belongs to the ABC transporter superfamily. Phosphate importer (TC 3.A.1.7) family.",10,0.1,-2.4405744,9.31696
Plate2_Drawer7 22-Jul-2025 11-36-38,B1,aroE,VC_0056,"Shikimate 5-dehydrogenase; Involved in the biosynthesis of the chorismate, which leads to the biosynthesis of aromatic amino acids. Catalyzes the reversible NADPH linked reduction of 3-dehydroshikimate (DHSA) to yield shikimate (SA).",10,0.1,-1.5942453,5.7744994
Plate2_Drawer7 22-Jul-2025 11-36-38,B4,VC_A0146,VC_A0146,Conserved hypothetical protein; Identified by Glimmer2; putative.,10,0.1,5.8959975,9.799007
Plate2_Drawer7 22-Jul-2025 11-36-38,B5,VC_0289,VC_0289,Gluconate utilization system gnt-I transcriptional repressor; Similar to PID:1304069; identified by sequence similarity; putative.,10,0.1,-4.3984694,7.3258457
Plate2_Drawer7 22-Jul-2025 11-36-38,B6,VC_A0005,VC_A0005,Hypothetical protein; Identified by Glimmer2; putative.,10,0.1,-6.4052725,4.5877805
Plate2_Drawer7 22-Jul-2025 11-36-38,B8,mltF,VC_0866,"Transglycosylase, Slt family; Murein-degrading enzyme that degrades murein glycan strands and insoluble, high-molecular weight murein sacculi, with the concomitant formation of a 1,6-anhydromuramoyl product. Lytic transglycosylases (LTs) play an integral role in the metabolism of the peptidoglycan (PG) sacculus. Their lytic action creates space within the PG sacculus to allow for its expansion as well as for the insertion of various structures such as secretion systems and flagella. In the N-terminal section; belongs to the bacterial solute- binding protein 3 family.",10,0.1,8.617498,-0.11623078
Plate2_Drawer7 22-Jul-2025 11-36-38,B9,VC_A0726,VC_A0726,"Molybdenum ABC transporter, periplasmic molybdenum-binding protein; Similar to GB:L34009 SP:P37329 PID:504498 PID:973214 PID:1147817; identified by sequence similarity; putative.",10,0.1,-0.45958766,7.489229
Plate2_Drawer7 22-Jul-2025 11-36-38,C10,flgF,VC_2196,Flagellar basal-body rod protein FlgF; Similar to GB:U00096 SP:P75938 PID:1787317; identified by sequence similarity; putative; Belongs to the flagella basal body rod proteins family.,10,0.1,9.43895,2.2951882
Plate2_Drawer7 22-Jul-2025 11-36-38,C11,VC_2441,VC_2441,Conserved hypothetical protein; Identified by Glimmer2; putative.,10,0.1,0.6222242,7.735263
Plate2_Drawer7 22-Jul-2025 11-36-38,C12,VC_1710,VC_1710,Conserved hypothetical protein; Identified by Glimmer2; putative.,10,0.1,-4.578648,2.6476011
Plate2_Drawer7 22-Jul-2025 11-36-38,C1,VC_1885,VC_1885,Hypothetical protein; Identified by Glimmer2; putative.,10,0.1,0.6886242,2.6869068
Plate2_Drawer7 22-Jul-2025 11-36-38,C3,VC_1359,VC_1359,"Amino acid ABC transporter, ATP-binding protein; Similar to PID:1154897; identified by sequence similarity; putative.",10,0.1,-2.236676,14.326131
Plate2_Drawer7 22-Jul-2025 11-36-38,C4,VC_A0328,VC_A0328,"Biphenyl-2,3-diol 1,2-dioxygenase III-related protein; Similar to GB:X75635 SP:P47233 PID:473121; identified by sequence similarity; putative.",10,0.1,-3.5179436,4.9009104
Plate2_Drawer7 22-Jul-2025 11-36-38,C5,VC_1350,VC_1350,"Antioxidant, putative; Thiol-specific peroxidase that catalyzes the reduction of hydrogen peroxide and organic hydroperoxides to water and alcohols, respectively. Plays a role in cell protection against oxidative stress by detoxifying peroxides; Belongs to the peroxiredoxin family. Prx5 subfamily.",10,0.1,-1.846357,4.5962553
Plate2_Drawer7 22-Jul-2025 11-36-38,C6,manB,VC_0242,Phosphomannomutase; Involved in GDP-mannose biosynthesis which serves as the activated sugar nucleotide precursor for mannose residues in cell surface polysaccharides; Belongs to the phosphohexose mutase family.,10,0.1,-0.37984255,11.791085
Plate2_Drawer7 22-Jul-2025 11-36-38,C7,mrcA,VC_2635,Penicillin-binding protein 1A; Cell wall formation. Synthesis of cross-linked peptidoglycan from the lipid intermediates. The enzyme has a penicillin-insensitive transglycosylase N-terminal domain (formation of linear glycan strands) and a penicillin-sensitive transpeptidase C-terminal domain (cross- linking of the peptide subunits).,10,0.1,8.205543,12.54544
Plate2_Drawer7 22-Jul-2025 11-36-38,C8,VC_A0079,VC_A0079,Conserved hypothetical protein; Identified by Glimmer2; putative.,10,0.1,4.704211,9.590492
Plate2_Drawer7 22-Jul-2025 11-36-38,C9,potA,VC_1428,"Spermidine/putrescine ABC transporter, ATP-binding protein; Part of the ABC transporter complex PotABCD involved in spermidine/putrescine import. Responsible for energy coupling to the transport system; Belongs to the ABC transporter superfamily. Spermidine/putrescine importer (TC 3.A.1.11.1) family.",10,0.1,4.901747,10.104044
Plate2_Drawer7 22-Jul-2025 11-36-38,D10,bioD,VC_1115,"Dethiobiotin synthetase; Catalyzes a mechanistically unusual reaction, the ATP- dependent insertion of CO2 between the N7 and N8 nitrogen atoms of 7,8- diaminopelargonic acid (DAPA) to form an ureido ring.",10,0.1,9.526125,12.96013
Plate2_Drawer7 22-Jul-2025 11-36-38,D11,flaA,VC_2188,Flagellin core protein A; Flagellin is the subunit protein which polymerizes to form the filaments of bacterial flagella. FlaA is required to form a core or scaffold into which the other flagellins are inserted to provide structural integrity. Essential for flagellar synthesis and motility; important for full virulence.,10,0.1,9.175133,2.4919257
Plate2_Drawer7 22-Jul-2025 11-36-38,D12,wavL,VC_0239,Conserved hypothetical protein; Identified by Glimmer2; putative.,10,0.1,6.2683425,15.431889
Plate2_Drawer7 22-Jul-2025 11-36-38,D1,VC_A0340,VC_A0340,Hypothetical protein; Identified by Glimmer2; putative.,10,0.1,-5.503464,6.28304
Plate2_Drawer7 22-Jul-2025 11-36-38,D2,VC_0745,VC_0745,Inositol monophosphate family protein; Similar to GB:M34828 SP:P22783 PID:147899 GB:U00096 PID:1788882; identified by sequence similarity; putative; Belongs to the inositol monophosphatase superfamily.,10,0.1,0.8668144,7.554472
Plate2_Drawer7 22-Jul-2025 11-36-38,D3,VC_2485,VC_2485,"Transcriptional regulator, LysR family; Similar to GB:D10483 SP:P10151 GB:M21150 PID:1128961 PID:146605; identified by sequence similarity; putative; Belongs to the LysR transcriptional regulatory family.",10,0.1,4.006289,10.860215
Plate2_Drawer7 22-Jul-2025 11-36-38,D4,rimO,VC_2620,Conserved hypothetical protein; Catalyzes the methylthiolation of an aspartic acid residue of ribosomal protein S12; Belongs to the methylthiotransferase family. RimO subfamily.,10,0.1,-4.8933477,2.2896593
Plate2_Drawer7 22-Jul-2025 11-36-38,D5,bioA,VC_1111,"Adenosylmethionine-8-amino-7-oxononanoate aminotransferase; Catalyzes the transfer of the alpha-amino group from S- adenosyl-L-methionine (SAM) to 7-keto-8-aminopelargonic acid (KAPA) to form 7,8-diaminopelargonic acid (DAPA). It is the only animotransferase known to utilize SAM as an amino donor; Belongs to the class-III pyridoxal-phosphate-dependent aminotransferase family. BioA subfamily.",10,0.1,9.742479,12.916012
Plate2_Drawer7 22-Jul-2025 11-36-38,D6,wbeT,VC_0259,Lipopolysaccharide biosynthesis protein RfbV; Similar to GB:X59554 PID:48400 PID:1929424; identified by sequence similarity; putative.,10,0.1,3.7533526,12.684394
Plate2_Drawer7 22-Jul-2025 11-36-38,D7,VC_0929,VC_0929,Hypothetical protein; Identified by Glimmer2; putative.,10,0.1,1.70814,8.547197
Plate2_Drawer7 22-Jul-2025 11-36-38,D8,flgT,VC_2208,Hypothetical protein; Identified by Glimmer2; putative.,10,0.1,9.308933,2.1289606
Plate2_Drawer7 22-Jul-2025 11-36-38,D9,glyA1,VC_0941,"Serine hydroxymethyltransferase; Catalyzes the reversible interconversion of serine and glycine with tetrahydrofolate (THF) serving as the one-carbon carrier. This reaction serves as the major source of one-carbon groups required for the biosynthesis of purines, thymidylate, methionine, and other important biomolecules. Also exhibits THF-independent aldolase activity toward beta-hydroxyamino acids, producing glycine and aldehydes, via a retro-aldol mechanism.",10,0.1,3.1685,17.058578
Plate2_Drawer7 22-Jul-2025 11-36-38,E10,flgA,VC_2203,"Flagellar protein, putative; Similar to PID:1272364; identified by sequence similarity; putative.",10,0.1,-1.9344286,4.223436
Plate2_Drawer7 22-Jul-2025 11-36-38,E11,VC_A0187,VC_A0187,Hypothetical protein; Identified by Glimmer2; putative.,10,0.1,1.8115988,9.877809
Plate2_Drawer7 22-Jul-2025 11-36-38,E12,VC_1652,VC_1652,Response regulator VieA; Similar to GP:3123891; identified by sequence similarity; putative.,10,0.1,-3.0515375,7.9368215
Plate2_Drawer7 22-Jul-2025 11-36-38,E1,VC_1003,VC_1003,Bacteriocin production protein; Similar to GB:J01666 SP:P08550 PID:146367 PID:147415 GB:U00096; identified by sequence similarity; putative.,10,0.1,3.2316988,18.089197
Plate2_Drawer7 22-Jul-2025 11-36-38,E2,fliL,VC_2130,Flagellum-specific ATP synthase FliI; Similar to PID:1071643 SP:P52612 GB:U00096 PID:1736607 PID:1788251; identified by sequence similarity; putative.,10,0.1,9.247548,2.5301871
Plate2_Drawer7 22-Jul-2025 11-36-38,E3,pdhE2,VC_2413,"Pyruvate dehydrogenase, E2 component, dihydrolipoamide acetyltransferase; The pyruvate dehydrogenase complex catalyzes the overall conversion of pyruvate to acetyl-CoA and CO(2).",10,0.1,5.365911,16.157932
Plate2_Drawer7 22-Jul-2025 11-36-38,E4,VC_0134,VC_0134,Conserved hypothetical protein; Identified by Glimmer2; putative.,10,0.1,-4.008195,6.07696
Plate2_Drawer7 22-Jul-2025 11-36-38,E5,grx,VC_1146,Glutaredoxin 1; Has a glutathione-disulfide oxidoreductase activity in the presence of NADPH and glutathione reductase. Reduces low molecular weight disulfides and proteins (By similarity).,10,0.1,-5.5113945,2.6473753
Plate2_Drawer7 22-Jul-2025 11-36-38,E6,cheW,VC_2059,Purine-binding chemotaxis protein CheW; Similar to GB:M13462 SP:P07365 PID:145520 GB:U00096 PID:1736540; identified by sequence similarity; putative.,10,0.1,1.0283829,5.9216175
Plate2_Drawer7 22-Jul-2025 11-36-38,E7,nfuA,VC_2720,"Conserved hypothetical protein; Involved in iron-sulfur cluster biogenesis. Binds a 4Fe-4S cluster, can transfer this cluster to apoproteins, and thereby intervenes in the maturation of Fe/S proteins. Could also act as a scaffold/chaperone for damaged Fe/S proteins.",10,0.1,2.26825,15.481528
Plate2_Drawer7 22-Jul-2025 11-36-38,E8,groS2,VC_A0819,"Chaperonin, 10 Kd subunit; Binds to Cpn60 in the presence of Mg-ATP and suppresses the ATPase activity of the latter.",10,0.1,-5.1561575,4.7249746
Plate2_Drawer7 22-Jul-2025 11-36-38,E9,potD1,VC_1424,"Spermidine/putrescine ABC transporter, periplasmic spermidine/putrescine-binding protein; Required for the activity of the bacterial periplasmic transport system of putrescine; Belongs to the bacterial solute-binding protein PotD/PotF family.",10,0.1,4.9113135,10.109196
Plate2_Drawer7 22-Jul-2025 11-36-38,F10,WT,WT,,10,0.1,-5.425504,6.6148453
Plate2_Drawer7 22-Jul-2025 11-36-38,F1,bioF,VC_1113,"8-amino-7-oxononanoate synthase; Catalyzes the decarboxylative condensation of pimeloyl-[acyl- carrier protein] and L-alanine to produce 8-amino-7-oxononanoate (AON), [acyl-carrier protein], and carbon dioxide.",10,0.1,9.7252035,12.925405
Plate2_Drawer7 22-Jul-2025 11-36-38,F2,flgO,VC_2207,Hypothetical protein; Identified by Glimmer2; putative.,10,0.1,5.226166,9.665682
Plate2_Drawer7 22-Jul-2025 11-36-38,F3,hslO,VC_2736,Conserved hypothetical protein; Redox regulated molecular chaperone. Protects both thermally unfolding and oxidatively damaged proteins from irreversible aggregation. Plays an important role in the bacterial defense system toward oxidative stress.,10,0.1,-1.4292696,7.4216537
Plate2_Drawer7 22-Jul-2025 11-36-38,F4,bioC,VC_1114,Biotin synthesis protein BioC; Converts the free carboxyl group of a malonyl-thioester to its methyl ester by transfer of a methyl group from S-adenosyl-L- methionine (SAM). It allows to synthesize pimeloyl-ACP via the fatty acid synthetic pathway.,10,0.1,10.331853,12.786055
Plate2_Drawer7 22-Jul-2025 11-36-38,F5,dnaN,VC_0013,"DNA polymerase III, beta chain; Confers DNA tethering and processivity to DNA polymerases and other proteins. Acts as a clamp, forming a ring around DNA (a reaction catalyzed by the clamp-loading complex) which diffuses in an ATP- independent manner freely and bidirectionally along dsDNA. Initially characterized for its ability to contact the catalytic subunit of DNA polymerase III (Pol III), a complex, multichain enzyme responsible for most of the replicative synthesis in bacteria; Pol III exhibits 3'-5' exonuclease proofreading activity. The beta chain is required for initiation of r [...] ",10,0.1,-0.51633185,9.48811
Plate2_Drawer7 22-Jul-2025 11-36-38,F6,mutH,VC_0668,DNA mismatch repair protein MutH; Sequence-specific endonuclease that cleaves unmethylated GATC sequences. It is involved in DNA mismatch repair; Belongs to the MutH family.,10,0.1,-2.3039274,8.539021
Plate2_Drawer7 22-Jul-2025 11-36-38,F7,pabC,VC_2018,"4-amino-4-deoxychorismate lyase; Involved in the biosynthesis of p-aminobenzoate (PABA), a precursor of tetrahydrofolate. Converts 4-amino-4-deoxychorismate into 4-aminobenzoate (PABA) and pyruvate (By similarity).",10,0.1,0.6697333,11.115641
Plate2_Drawer7 22-Jul-2025 11-36-38,F8,lexA,VC_0092,"LexA repressor; Represses a number of genes involved in the response to DNA damage (SOS response), including recA and lexA. In the presence of single-stranded DNA, RecA interacts with LexA causing an autocatalytic cleavage which disrupts the DNA-binding part of LexA, leading to derepression of the SOS regulon and eventually DNA repair.",10,0.1,0.92808425,8.67248
Plate2_Drawer7 22-Jul-2025 11-36-38,F9,VC_2271,VC_2271,"Riboflavin-specific deaminase; Converts 2,5-diamino-6-(ribosylamino)-4(3h)-pyrimidinone 5'- phosphate into 5-amino-6-(ribosylamino)-2,4(1h,3h)-pyrimidinedione 5'- phosphate; In the C-terminal section; belongs to the HTP reductase family.",10,0.1,2.5498133,9.348112
Plate2_Drawer7 25-Aug-2025 13-08-37,A10,VC_2523,VC_2523,Conserved hypothetical protein; Identified by Glimmer2; putative.,10,0.1,-3.822385,4.047293
Plate2_Drawer7 25-Aug-2025 13-08-37,A11,fliR,VC_2121,Flagellar biosynthetic protein FliR; Role in flagellar biosynthesis. Belongs to the FliR/MopE/SpaR family.,10,0.1,8.693151,5.2671022
Plate2_Drawer7 25-Aug-2025 13-08-37,A12,argR,VC_0431,Arginine repressor; Regulates arginine biosynthesis genes.,10,0.1,-1.0338742,6.225232
Plate2_Drawer7 25-Aug-2025 13-08-37,A1,flgK,VC_2191,Flagellar hook-associated protein FlgM; Similar to PID:2443633; identified by sequence similarity; putative. HOOK FILSMENT JUNCTION,10,0.1,0.6717266,7.6398063
Plate2_Drawer7 25-Aug-2025 13-08-37,A2,flrB,VC_2136,Sensory box sensor histidine kinase; Similar to PID:2338728; identified by sequence similarity; putative.,10,0.1,9.790567,3.8869812
Plate2_Drawer7 25-Aug-2025 13-08-37,A3,rjg,VC_0264,Conserved hypothetical protein; Identified by Glimmer2; putative.,10,0.1,-4.615226,4.170938
Plate2_Drawer7 25-Aug-2025 13-08-37,A4,fliA,VC_2066,RNA polymerase sigma factor for flagellar operon FliA; Sigma factors are initiation factors that promote the attachment of RNA polymerase to specific initiation sites and are then released. This sigma factor controls the expression of flagella-related genes; Belongs to the sigma-70 factor family. FliA subfamily.,10,0.1,9.393184,2.1908896
Plate2_Drawer7 25-Aug-2025 13-08-37,A5,flgM,VC_2204,"Negative regulator of flagellin synthesis FlgM, putative; Similar to GB:L14437 SP:P39809 PID:451869 PID:1762336 GB:AL009126; identified by sequence similarity; putative.",10,0.1,-4.5667768,4.337889
Plate2_Drawer7 25-Aug-2025 13-08-37,A6,flrA,VC_2137,Sigma-54 dependent transcriptional activator; Similar to PID:2338727; identified by sequence similarity; putative.,10,0.1,9.502587,2.4063342
Plate2_Drawer7 25-Aug-2025 13-08-37,A7,VC_1291,VC_1291,Conserved hypothetical protein; Identified by Glimmer2; putative.,10,0.1,0.490583,7.630741
Plate2_Drawer7 25-Aug-2025 13-08-37,A8,thiI,VC_0894,"Thiamin biosynthesis protein ThiI; Catalyzes the ATP-dependent transfer of a sulfur to tRNA to produce 4-thiouridine in position 8 of tRNAs, which functions as a near-UV photosensor. Also catalyzes the transfer of sulfur to the sulfur carrier protein ThiS, forming ThiS-thiocarboxylate. This is a step in the synthesis of thiazole, in the thiamine biosynthesis pathway. The sulfur is donated as persulfide by IscS.",10,0.1,-5.557897,4.8078184
Plate2_Drawer7 25-Aug-2025 13-08-37,A9,flhB,VC_2120,"Flagellar biosynthetic protein FlhB; Required for formation of the rod structure in the basal body of the flagellar apparatus. Together with FliI and FliH, may constitute the export apparatus of flagellin; Belongs to the type III secretion exporter family.",10,0.1,8.463188,4.811036
Plate2_Drawer7 25-Aug-2025 13-08-37,B10,wbeN,VC_0251,Acyl protein synthase/acyl-CoA reductase RfbN; Similar to GB:X59554 PID:48393; identified by sequence similarity; putative.,10,0.1,-1.1340817,11.887437
Plate2_Drawer7 25-Aug-2025 13-08-37,B11,wbeL,VC_0249,rfbL protein; Similar to GB:X59554 PID:48391; identified by sequence similarity; putative.,10,0.1,5.9707794,21.245077
Plate2_Drawer7 25-Aug-2025 13-08-37,B12,pstB1,VC_0726,"Phosphate ABC transporter, ATP-binding protein; Part of the ABC transporter complex PstSACB involved in phosphate import. Responsible for energy coupling to the transport system; Belongs to the ABC transporter superfamily. Phosphate importer (TC 3.A.1.7) family.",10,0.1,-4.674009,5.2223206
Plate2_Drawer7 25-Aug-2025 13-08-37,B1,aroE,VC_0056,"Shikimate 5-dehydrogenase; Involved in the biosynthesis of the chorismate, which leads to the biosynthesis of aromatic amino acids. Catalyzes the reversible NADPH linked reduction of 3-dehydroshikimate (DHSA) to yield shikimate (SA).",10,0.1,-5.1614347,4.2692175
Plate2_Drawer7 25-Aug-2025 13-08-37,B4,VC_A0146,VC_A0146,Conserved hypothetical protein; Identified by Glimmer2; putative.,10,0.1,2.4652321,9.1133795
Plate2_Drawer7 25-Aug-2025 13-08-37,B5,VC_0289,VC_0289,Gluconate utilization system gnt-I transcriptional repressor; Similar to PID:1304069; identified by sequence similarity; putative.,10,0.1,-5.6189976,2.3057146
Plate2_Drawer7 25-Aug-2025 13-08-37,B6,VC_A0005,VC_A0005,Hypothetical protein; Identified by Glimmer2; putative.,10,0.1,-3.740981,3.7348564
Plate2_Drawer7 25-Aug-2025 13-08-37,B8,mltF,VC_0866,"Transglycosylase, Slt family; Murein-degrading enzyme that degrades murein glycan strands and insoluble, high-molecular weight murein sacculi, with the concomitant formation of a 1,6-anhydromuramoyl product. Lytic transglycosylases (LTs) play an integral role in the metabolism of the peptidoglycan (PG) sacculus. Their lytic action creates space within the PG sacculus to allow for its expansion as well as for the insertion of various structures such as secretion systems and flagella. In the N-terminal section; belongs to the bacterial solute- binding protein 3 family.",10,0.1,10.649426,-4.976512
Plate2_Drawer7 25-Aug-2025 13-08-37,B9,VC_A0726,VC_A0726,"Molybdenum ABC transporter, periplasmic molybdenum-binding protein; Similar to GB:L34009 SP:P37329 PID:504498 PID:973214 PID:1147817; identified by sequence similarity; putative.",10,0.1,-1.7836343,5.4127736
Plate2_Drawer7 25-Aug-2025 13-08-37,C10,flgF,VC_2196,Flagellar basal-body rod protein FlgF; Similar to GB:U00096 SP:P75938 PID:1787317; identified by sequence similarity; putative; Belongs to the flagella basal body rod proteins family.,10,0.1,9.537062,5.2515144
Plate2_Drawer7 25-Aug-2025 13-08-37,C11,VC_2441,VC_2441,Conserved hypothetical protein; Identified by Glimmer2; putative.,10,0.1,0.4678909,7.443826
Plate2_Drawer7 25-Aug-2025 13-08-37,C12,VC_1710,VC_1710,Conserved hypothetical protein; Identified by Glimmer2; putative.,10,0.1,-3.995205,7.183386
Plate2_Drawer7 25-Aug-2025 13-08-37,C1,VC_1885,VC_1885,Hypothetical protein; Identified by Glimmer2; putative.,10,0.1,0.66895413,2.710914
Plate2_Drawer7 25-Aug-2025 13-08-37,C2,aroQ,VC_0297,3-dehydroquinate dehydratase; Catalyzes a trans-dehydration via an enolate intermediate. Belongs to the type-II 3-dehydroquinase family.,10,0.1,1.0636992,13.921588
Plate2_Drawer7 25-Aug-2025 13-08-37,C3,VC_1359,VC_1359,"Amino acid ABC transporter, ATP-binding protein; Similar to PID:1154897; identified by sequence similarity; putative.",10,0.1,-2.2335203,14.340715
Plate2_Drawer7 25-Aug-2025 13-08-37,C4,VC_A0328,VC_A0328,"Biphenyl-2,3-diol 1,2-dioxygenase III-related protein; Similar to GB:X75635 SP:P47233 PID:473121; identified by sequence similarity; putative.",10,0.1,-3.6144347,4.688738
Plate2_Drawer7 25-Aug-2025 13-08-37,C5,VC_1350,VC_1350,"Antioxidant, putative; Thiol-specific peroxidase that catalyzes the reduction of hydrogen peroxide and organic hydroperoxides to water and alcohols, respectively. Plays a role in cell protection against oxidative stress by detoxifying peroxides; Belongs to the peroxiredoxin family. Prx5 subfamily.",10,0.1,-1.0074877,5.6052737
Plate2_Drawer7 25-Aug-2025 13-08-37,C6,manB,VC_0242,Phosphomannomutase; Involved in GDP-mannose biosynthesis which serves as the activated sugar nucleotide precursor for mannose residues in cell surface polysaccharides; Belongs to the phosphohexose mutase family.,10,0.1,-1.9658861,13.382647
Plate2_Drawer7 25-Aug-2025 13-08-37,C7,mrcA,VC_2635,Penicillin-binding protein 1A; Cell wall formation. Synthesis of cross-linked peptidoglycan from the lipid intermediates. The enzyme has a penicillin-insensitive transglycosylase N-terminal domain (formation of linear glycan strands) and a penicillin-sensitive transpeptidase C-terminal domain (cross- linking of the peptide subunits).,10,0.1,8.222612,12.559739
Plate2_Drawer7 25-Aug-2025 13-08-37,C8,VC_A0079,VC_A0079,Conserved hypothetical protein; Identified by Glimmer2; putative.,10,0.1,3.2632751,8.805821
Plate2_Drawer7 25-Aug-2025 13-08-37,C9,potA,VC_1428,"Spermidine/putrescine ABC transporter, ATP-binding protein; Part of the ABC transporter complex PotABCD involved in spermidine/putrescine import. Responsible for energy coupling to the transport system; Belongs to the ABC transporter superfamily. Spermidine/putrescine importer (TC 3.A.1.11.1) family.",10,0.1,4.7424636,10.7515
Plate2_Drawer7 25-Aug-2025 13-08-37,D10,bioD,VC_1115,"Dethiobiotin synthetase; Catalyzes a mechanistically unusual reaction, the ATP- dependent insertion of CO2 between the N7 and N8 nitrogen atoms of 7,8- diaminopelargonic acid (DAPA) to form an ureido ring.",10,0.1,10.515804,12.695905
Plate2_Drawer7 25-Aug-2025 13-08-37,D11,flaA,VC_2188,Flagellin core protein A; Flagellin is the subunit protein which polymerizes to form the filaments of bacterial flagella. FlaA is required to form a core or scaffold into which the other flagellins are inserted to provide structural integrity. Essential for flagellar synthesis and motility; important for full virulence.,10,0.1,8.679479,5.394059
Plate2_Drawer7 25-Aug-2025 13-08-37,D12,wavL,VC_0239,Conserved hypothetical protein; Identified by Glimmer2; putative.,10,0.1,6.964627,15.68003
Plate2_Drawer7 25-Aug-2025 13-08-37,D1,VC_A0340,VC_A0340,Hypothetical protein; Identified by Glimmer2; putative.,10,0.1,-3.3238516,6.8824115
Plate2_Drawer7 25-Aug-2025 13-08-37,D2,VC_0745,VC_0745,Inositol monophosphate family protein; Similar to GB:M34828 SP:P22783 PID:147899 GB:U00096 PID:1788882; identified by sequence similarity; putative; Belongs to the inositol monophosphatase superfamily.,10,0.1,2.7487836,15.877456
Plate2_Drawer7 25-Aug-2025 13-08-37,D3,VC_2485,VC_2485,"Transcriptional regulator, LysR family; Similar to GB:D10483 SP:P10151 GB:M21150 PID:1128961 PID:146605; identified by sequence similarity; putative; Belongs to the LysR transcriptional regulatory family.",10,0.1,3.641453,10.479201
Plate2_Drawer7 25-Aug-2025 13-08-37,D4,rimO,VC_2620,Conserved hypothetical protein; Catalyzes the methylthiolation of an aspartic acid residue of ribosomal protein S12; Belongs to the methylthiotransferase family. RimO subfamily.,10,0.1,-3.8723822,6.7631845
Plate2_Drawer7 25-Aug-2025 13-08-37,D5,bioA,VC_1111,"Adenosylmethionine-8-amino-7-oxononanoate aminotransferase; Catalyzes the transfer of the alpha-amino group from S- adenosyl-L-methionine (SAM) to 7-keto-8-aminopelargonic acid (KAPA) to form 7,8-diaminopelargonic acid (DAPA). It is the only animotransferase known to utilize SAM as an amino donor; Belongs to the class-III pyridoxal-phosphate-dependent aminotransferase family. BioA subfamily.",10,0.1,9.880626,12.879154
Plate2_Drawer7 25-Aug-2025 13-08-37,D6,wbeT,VC_0259,Lipopolysaccharide biosynthesis protein RfbV; Similar to GB:X59554 PID:48400 PID:1929424; identified by sequence similarity; putative.,10,0.1,13.485791,12.867429
Plate2_Drawer7 25-Aug-2025 13-08-37,D7,VC_0929,VC_0929,Hypothetical protein; Identified by Glimmer2; putative.,10,0.1,1.6858793,8.215601
Plate2_Drawer7 25-Aug-2025 13-08-37,D8,flgT,VC_2208,Hypothetical protein; Identified by Glimmer2; putative.,10,0.1,9.082199,3.351522
Plate2_Drawer7 25-Aug-2025 13-08-37,D9,glyA1,VC_0941,"Serine hydroxymethyltransferase; Catalyzes the reversible interconversion of serine and glycine with tetrahydrofolate (THF) serving as the one-carbon carrier. This reaction serves as the major source of one-carbon groups required for the biosynthesis of purines, thymidylate, methionine, and other important biomolecules. Also exhibits THF-independent aldolase activity toward beta-hydroxyamino acids, producing glycine and aldehydes, via a retro-aldol mechanism.",10,0.1,3.0805159,16.70125
Plate2_Drawer7 25-Aug-2025 13-08-37,E10,flgA,VC_2203,"Flagellar protein, putative; Similar to PID:1272364; identified by sequence similarity; putative.",10,0.1,0.98071957,6.222176
Plate2_Drawer7 25-Aug-2025 13-08-37,E11,VC_A0187,VC_A0187,Hypothetical protein; Identified by Glimmer2; putative.,10,0.1,2.268484,9.701037
Plate2_Drawer7 25-Aug-2025 13-08-37,E12,VC_1652,VC_1652,Response regulator VieA; Similar to GP:3123891; identified by sequence similarity; putative.,10,0.1,-3.3005617,8.328633
Plate2_Drawer7 25-Aug-2025 13-08-37,E1,VC_1003,VC_1003,Bacteriocin production protein; Similar to GB:J01666 SP:P08550 PID:146367 PID:147415 GB:U00096; identified by sequence similarity; putative.,10,0.1,3.249419,18.068357
Plate2_Drawer7 25-Aug-2025 13-08-37,E2,fliL,VC_2130,Flagellum-specific ATP synthase FliI; Similar to PID:1071643 SP:P52612 GB:U00096 PID:1736607 PID:1788251; identified by sequence similarity; putative.,10,0.1,9.251736,5.871341
Plate2_Drawer7 25-Aug-2025 13-08-37,E3,pdhE2,VC_2413,"Pyruvate dehydrogenase, E2 component, dihydrolipoamide acetyltransferase; The pyruvate dehydrogenase complex catalyzes the overall conversion of pyruvate to acetyl-CoA and CO(2).",10,0.1,5.730296,16.0196
Plate2_Drawer7 25-Aug-2025 13-08-37,E4,VC_0134,VC_0134,Conserved hypothetical protein; Identified by Glimmer2; putative.,10,0.1,-3.9853287,7.3169365
Plate2_Drawer7 25-Aug-2025 13-08-37,E5,grx,VC_1146,Glutaredoxin 1; Has a glutathione-disulfide oxidoreductase activity in the presence of NADPH and glutathione reductase. Reduces low molecular weight disulfides and proteins (By similarity).,10,0.1,-5.0062375,2.6423526
Plate2_Drawer7 25-Aug-2025 13-08-37,E6,cheW,VC_2059,Purine-binding chemotaxis protein CheW; Similar to GB:M13462 SP:P07365 PID:145520 GB:U00096 PID:1736540; identified by sequence similarity; putative.,10,0.1,0.89756787,5.839139
Plate2_Drawer7 25-Aug-2025 13-08-37,E7,nfuA,VC_2720,"Conserved hypothetical protein; Involved in iron-sulfur cluster biogenesis. Binds a 4Fe-4S cluster, can transfer this cluster to apoproteins, and thereby intervenes in the maturation of Fe/S proteins. Could also act as a scaffold/chaperone for damaged Fe/S proteins.",10,0.1,2.184288,15.378384
Plate2_Drawer7 25-Aug-2025 13-08-37,E8,groS2,VC_A0819,"Chaperonin, 10 Kd subunit; Binds to Cpn60 in the presence of Mg-ATP and suppresses the ATPase activity of the latter.",10,0.1,-5.7090864,2.6303267
Plate2_Drawer7 25-Aug-2025 13-08-37,E9,potD1,VC_1424,"Spermidine/putrescine ABC transporter, periplasmic spermidine/putrescine-binding protein; Required for the activity of the bacterial periplasmic transport system of putrescine; Belongs to the bacterial solute-binding protein PotD/PotF family.",10,0.1,4.4248643,10.402691
Plate2_Drawer7 25-Aug-2025 13-08-37,F10,WT,WT,,10,0.1,-5.739771,3.5129359
Plate2_Drawer7 25-Aug-2025 13-08-37,F1,bioF,VC_1113,"8-amino-7-oxononanoate synthase; Catalyzes the decarboxylative condensation of pimeloyl-[acyl- carrier protein] and L-alanine to produce 8-amino-7-oxononanoate (AON), [acyl-carrier protein], and carbon dioxide.",10,0.1,10.050458,12.796683
Plate2_Drawer7 25-Aug-2025 13-08-37,F2,flgO,VC_2207,Hypothetical protein; Identified by Glimmer2; putative.,10,0.1,5.7162952,9.556606
Plate2_Drawer7 25-Aug-2025 13-08-37,F3,hslO,VC_2736,Conserved hypothetical protein; Redox regulated molecular chaperone. Protects both thermally unfolding and oxidatively damaged proteins from irreversible aggregation. Plays an important role in the bacterial defense system toward oxidative stress.,10,0.1,-0.71313626,7.606711
Plate2_Drawer7 25-Aug-2025 13-08-37,F4,bioC,VC_1114,Biotin synthesis protein BioC; Converts the free carboxyl group of a malonyl-thioester to its methyl ester by transfer of a methyl group from S-adenosyl-L- methionine (SAM). It allows to synthesize pimeloyl-ACP via the fatty acid synthetic pathway.,10,0.1,10.411551,12.728707
Plate2_Drawer7 25-Aug-2025 13-08-37,F5,dnaN,VC_0013,"DNA polymerase III, beta chain; Confers DNA tethering and processivity to DNA polymerases and other proteins. Acts as a clamp, forming a ring around DNA (a reaction catalyzed by the clamp-loading complex) which diffuses in an ATP- independent manner freely and bidirectionally along dsDNA. Initially characterized for its ability to contact the catalytic subunit of DNA polymerase III (Pol III), a complex, multichain enzyme responsible for most of the replicative synthesis in bacteria; Pol III exhibits 3'-5' exonuclease proofreading activity. The beta chain is required for initiation of r [...] ",10,0.1,2.1230028,9.889992
Plate2_Drawer7 25-Aug-2025 13-08-37,F6,mutH,VC_0668,DNA mismatch repair protein MutH; Sequence-specific endonuclease that cleaves unmethylated GATC sequences. It is involved in DNA mismatch repair; Belongs to the MutH family.,10,0.1,-3.3605957,8.120346
Plate2_Drawer7 25-Aug-2025 13-08-37,F7,pabC,VC_2018,"4-amino-4-deoxychorismate lyase; Involved in the biosynthesis of p-aminobenzoate (PABA), a precursor of tetrahydrofolate. Converts 4-amino-4-deoxychorismate into 4-aminobenzoate (PABA) and pyruvate (By similarity).",10,0.1,1.5220218,11.331967
Plate2_Drawer7 25-Aug-2025 13-08-37,F8,lexA,VC_0092,"LexA repressor; Represses a number of genes involved in the response to DNA damage (SOS response), including recA and lexA. In the presence of single-stranded DNA, RecA interacts with LexA causing an autocatalytic cleavage which disrupts the DNA-binding part of LexA, leading to derepression of the SOS regulon and eventually DNA repair.",10,0.1,1.6300064,11.863703
Plate2_Drawer7 25-Aug-2025 13-08-37,F9,VC_2271,VC_2271,"Riboflavin-specific deaminase; Converts 2,5-diamino-6-(ribosylamino)-4(3h)-pyrimidinone 5'- phosphate into 5-amino-6-(ribosylamino)-2,4(1h,3h)-pyrimidinedione 5'- phosphate; In the C-terminal section; belongs to the HTP reductase family.",10,0.1,2.5764236,9.805247
Plate2_Drawer7 25-Jul-2025 15-13-08,A10,VC_2523,VC_2523,Conserved hypothetical protein; Identified by Glimmer2; putative.,10,0.1,-6.790212,4.7574115
Plate2_Drawer7 25-Jul-2025 15-13-08,A11,fliR,VC_2121,Flagellar biosynthetic protein FliR; Role in flagellar biosynthesis. Belongs to the FliR/MopE/SpaR family.,10,0.1,9.190819,6.0819345
Plate2_Drawer7 25-Jul-2025 15-13-08,A12,argR,VC_0431,Arginine repressor; Regulates arginine biosynthesis genes.,10,0.1,0.66122496,9.991337
Plate2_Drawer7 25-Jul-2025 15-13-08,A1,flgK,VC_2191,Flagellar hook-associated protein FlgM; Similar to PID:2443633; identified by sequence similarity; putative. HOOK FILSMENT JUNCTION,10,0.1,0.13591482,8.68209
Plate2_Drawer7 25-Jul-2025 15-13-08,A2,flrB,VC_2136,Sensory box sensor histidine kinase; Similar to PID:2338728; identified by sequence similarity; putative.,10,0.1,9.833279,3.8560762
Plate2_Drawer7 25-Jul-2025 15-13-08,A3,rjg,VC_0264,Conserved hypothetical protein; Identified by Glimmer2; putative.,10,0.1,-5.2116647,7.507476
Plate2_Drawer7 25-Jul-2025 15-13-08,A4,fliA,VC_2066,RNA polymerase sigma factor for flagellar operon FliA; Sigma factors are initiation factors that promote the attachment of RNA polymerase to specific initiation sites and are then released. This sigma factor controls the expression of flagella-related genes; Belongs to the sigma-70 factor family. FliA subfamily.,10,0.1,10.088196,3.1385834
Plate2_Drawer7 25-Jul-2025 15-13-08,A5,flgM,VC_2204,"Negative regulator of flagellin synthesis FlgM, putative; Similar to GB:L14437 SP:P39809 PID:451869 PID:1762336 GB:AL009126; identified by sequence similarity; putative.",10,0.1,-1.9675957,7.0148373
Plate2_Drawer7 25-Jul-2025 15-13-08,A6,flrA,VC_2137,Sigma-54 dependent transcriptional activator; Similar to PID:2338727; identified by sequence similarity; putative.,10,0.1,10.0155115,3.2541685
Plate2_Drawer7 25-Jul-2025 15-13-08,A7,VC_1291,VC_1291,Conserved hypothetical protein; Identified by Glimmer2; putative.,10,0.1,0.6549416,10.104717
Plate2_Drawer7 25-Jul-2025 15-13-08,A8,thiI,VC_0894,"Thiamin biosynthesis protein ThiI; Catalyzes the ATP-dependent transfer of a sulfur to tRNA to produce 4-thiouridine in position 8 of tRNAs, which functions as a near-UV photosensor. Also catalyzes the transfer of sulfur to the sulfur carrier protein ThiS, forming ThiS-thiocarboxylate. This is a step in the synthesis of thiazole, in the thiamine biosynthesis pathway. The sulfur is donated as persulfide by IscS.",10,0.1,-5.4246826,7.4532385
Plate2_Drawer7 25-Jul-2025 15-13-08,A9,flhB,VC_2120,"Flagellar biosynthetic protein FlhB; Required for formation of the rod structure in the basal body of the flagellar apparatus. Together with FliI and FliH, may constitute the export apparatus of flagellin; Belongs to the type III secretion exporter family.",10,0.1,9.119217,6.0115266
Plate2_Drawer7 25-Jul-2025 15-13-08,B10,wbeN,VC_0251,Acyl protein synthase/acyl-CoA reductase RfbN; Similar to GB:X59554 PID:48393; identified by sequence similarity; putative.,10,0.1,-0.84208524,11.739892
Plate2_Drawer7 25-Jul-2025 15-13-08,B11,wbeL,VC_0249,rfbL protein; Similar to GB:X59554 PID:48391; identified by sequence similarity; putative.,10,0.1,3.8366382,12.760429
Plate2_Drawer7 25-Jul-2025 15-13-08,B12,pstB1,VC_0726,"Phosphate ABC transporter, ATP-binding protein; Part of the ABC transporter complex PstSACB involved in phosphate import. Responsible for energy coupling to the transport system; Belongs to the ABC transporter superfamily. Phosphate importer (TC 3.A.1.7) family.",10,0.1,-4.8650994,6.94478
Plate2_Drawer7 25-Jul-2025 15-13-08,B1,aroE,VC_0056,"Shikimate 5-dehydrogenase; Involved in the biosynthesis of the chorismate, which leads to the biosynthesis of aromatic amino acids. Catalyzes the reversible NADPH linked reduction of 3-dehydroshikimate (DHSA) to yield shikimate (SA).",10,0.1,-5.1216254,6.279581
Plate2_Drawer7 25-Jul-2025 15-13-08,B4,VC_A0146,VC_A0146,Conserved hypothetical protein; Identified by Glimmer2; putative.,10,0.1,4.366354,10.375566
Plate2_Drawer7 25-Jul-2025 15-13-08,B5,VC_0289,VC_0289,Gluconate utilization system gnt-I transcriptional repressor; Similar to PID:1304069; identified by sequence similarity; putative.,10,0.1,-5.1887035,5.3322344
Plate2_Drawer7 25-Jul-2025 15-13-08,B6,VC_A0005,VC_A0005,Hypothetical protein; Identified by Glimmer2; putative.,10,0.1,-6.756821,4.7222476
Plate2_Drawer7 25-Jul-2025 15-13-08,B8,mltF,VC_0866,"Transglycosylase, Slt family; Murein-degrading enzyme that degrades murein glycan strands and insoluble, high-molecular weight murein sacculi, with the concomitant formation of a 1,6-anhydromuramoyl product. Lytic transglycosylases (LTs) play an integral role in the metabolism of the peptidoglycan (PG) sacculus. Their lytic action creates space within the PG sacculus to allow for its expansion as well as for the insertion of various structures such as secretion systems and flagella. In the N-terminal section; belongs to the bacterial solute- binding protein 3 family.",10,0.1,10.652146,-4.9797444
Plate2_Drawer7 25-Jul-2025 15-13-08,B9,VC_A0726,VC_A0726,"Molybdenum ABC transporter, periplasmic molybdenum-binding protein; Similar to GB:L34009 SP:P37329 PID:504498 PID:973214 PID:1147817; identified by sequence similarity; putative.",10,0.1,-0.64403826,7.5450163
Plate2_Drawer7 25-Jul-2025 15-13-08,C10,flgF,VC_2196,Flagellar basal-body rod protein FlgF; Similar to GB:U00096 SP:P75938 PID:1787317; identified by sequence similarity; putative; Belongs to the flagella basal body rod proteins family.,10,0.1,9.448572,5.740123
Plate2_Drawer7 25-Jul-2025 15-13-08,C11,VC_2441,VC_2441,Conserved hypothetical protein; Identified by Glimmer2; putative.,10,0.1,1.965393,12.46995
Plate2_Drawer7 25-Jul-2025 15-13-08,C12,VC_1710,VC_1710,Conserved hypothetical protein; Identified by Glimmer2; putative.,10,0.1,-3.347779,8.154484
Plate2_Drawer7 25-Jul-2025 15-13-08,C1,VC_1885,VC_1885,Hypothetical protein; Identified by Glimmer2; putative.,10,0.1,0.68112606,2.6891003
Plate2_Drawer7 25-Jul-2025 15-13-08,C3,VC_1359,VC_1359,"Amino acid ABC transporter, ATP-binding protein; Similar to PID:1154897; identified by sequence similarity; putative.",10,0.1,-2.2818112,14.341847
Plate2_Drawer7 25-Jul-2025 15-13-08,C4,VC_A0328,VC_A0328,"Biphenyl-2,3-diol 1,2-dioxygenase III-related protein; Similar to GB:X75635 SP:P47233 PID:473121; identified by sequence similarity; putative.",10,0.1,-2.398156,7.235577
Plate2_Drawer7 25-Jul-2025 15-13-08,C5,VC_1350,VC_1350,"Antioxidant, putative; Thiol-specific peroxidase that catalyzes the reduction of hydrogen peroxide and organic hydroperoxides to water and alcohols, respectively. Plays a role in cell protection against oxidative stress by detoxifying peroxides; Belongs to the peroxiredoxin family. Prx5 subfamily.",10,0.1,0.42081434,11.012102
Plate2_Drawer7 25-Jul-2025 15-13-08,C6,manB,VC_0242,Phosphomannomutase; Involved in GDP-mannose biosynthesis which serves as the activated sugar nucleotide precursor for mannose residues in cell surface polysaccharides; Belongs to the phosphohexose mutase family.,10,0.1,-1.9476033,13.346561
Plate2_Drawer7 25-Jul-2025 15-13-08,C7,mrcA,VC_2635,Penicillin-binding protein 1A; Cell wall formation. Synthesis of cross-linked peptidoglycan from the lipid intermediates. The enzyme has a penicillin-insensitive transglycosylase N-terminal domain (formation of linear glycan strands) and a penicillin-sensitive transpeptidase C-terminal domain (cross- linking of the peptide subunits).,10,0.1,5.5429096,13.91287
Plate2_Drawer7 25-Jul-2025 15-13-08,C8,VC_A0079,VC_A0079,Conserved hypothetical protein; Identified by Glimmer2; putative.,10,0.1,3.5491881,12.323726
Plate2_Drawer7 25-Jul-2025 15-13-08,C9,potA,VC_1428,"Spermidine/putrescine ABC transporter, ATP-binding protein; Part of the ABC transporter complex PotABCD involved in spermidine/putrescine import. Responsible for energy coupling to the transport system; Belongs to the ABC transporter superfamily. Spermidine/putrescine importer (TC 3.A.1.11.1) family.",10,0.1,4.1979647,11.676959
Plate2_Drawer7 25-Jul-2025 15-13-08,D10,bioD,VC_1115,"Dethiobiotin synthetase; Catalyzes a mechanistically unusual reaction, the ATP- dependent insertion of CO2 between the N7 and N8 nitrogen atoms of 7,8- diaminopelargonic acid (DAPA) to form an ureido ring.",10,0.1,8.969723,12.952008
Plate2_Drawer7 25-Jul-2025 15-13-08,D11,flaA,VC_2188,Flagellin core protein A; Flagellin is the subunit protein which polymerizes to form the filaments of bacterial flagella. FlaA is required to form a core or scaffold into which the other flagellins are inserted to provide structural integrity. Essential for flagellar synthesis and motility; important for full virulence.,10,0.1,8.730635,5.364679
Plate2_Drawer7 25-Jul-2025 15-13-08,D12,wavL,VC_0239,Conserved hypothetical protein; Identified by Glimmer2; putative.,10,0.1,6.5756626,15.488345
Plate2_Drawer7 25-Jul-2025 15-13-08,D1,VC_A0340,VC_A0340,Hypothetical protein; Identified by Glimmer2; putative.,10,0.1,-3.331136,7.5556326
Plate2_Drawer7 25-Jul-2025 15-13-08,D2,VC_0745,VC_0745,Inositol monophosphate family protein; Similar to GB:M34828 SP:P22783 PID:147899 GB:U00096 PID:1788882; identified by sequence similarity; putative; Belongs to the inositol monophosphatase superfamily.,10,0.1,2.6794796,15.662413
Plate2_Drawer7 25-Jul-2025 15-13-08,D3,VC_2485,VC_2485,"Transcriptional regulator, LysR family; Similar to GB:D10483 SP:P10151 GB:M21150 PID:1128961 PID:146605; identified by sequence similarity; putative; Belongs to the LysR transcriptional regulatory family.",10,0.1,2.676053,10.801927
Plate2_Drawer7 25-Jul-2025 15-13-08,D4,rimO,VC_2620,Conserved hypothetical protein; Catalyzes the methylthiolation of an aspartic acid residue of ribosomal protein S12; Belongs to the methylthiotransferase family. RimO subfamily.,10,0.1,-5.1741424,5.012341
Plate2_Drawer7 25-Jul-2025 15-13-08,D5,bioA,VC_1111,"Adenosylmethionine-8-amino-7-oxononanoate aminotransferase; Catalyzes the transfer of the alpha-amino group from S- adenosyl-L-methionine (SAM) to 7-keto-8-aminopelargonic acid (KAPA) to form 7,8-diaminopelargonic acid (DAPA). It is the only animotransferase known to utilize SAM as an amino donor; Belongs to the class-III pyridoxal-phosphate-dependent aminotransferase family. BioA subfamily.",10,0.1,9.013467,12.946641
Plate2_Drawer7 25-Jul-2025 15-13-08,D6,wbeT,VC_0259,Lipopolysaccharide biosynthesis protein RfbV; Similar to GB:X59554 PID:48400 PID:1929424; identified by sequence similarity; putative.,10,0.1,13.457213,12.835349
Plate2_Drawer7 25-Jul-2025 15-13-08,D7,VC_0929,VC_0929,Hypothetical protein; Identified by Glimmer2; putative.,10,0.1,1.8703003,12.195653
Plate2_Drawer7 25-Jul-2025 15-13-08,D8,flgT,VC_2208,Hypothetical protein; Identified by Glimmer2; putative.,10,0.1,9.538448,5.2601805
Plate2_Drawer7 25-Jul-2025 15-13-08,D9,glyA1,VC_0941,"Serine hydroxymethyltransferase; Catalyzes the reversible interconversion of serine and glycine with tetrahydrofolate (THF) serving as the one-carbon carrier. This reaction serves as the major source of one-carbon groups required for the biosynthesis of purines, thymidylate, methionine, and other important biomolecules. Also exhibits THF-independent aldolase activity toward beta-hydroxyamino acids, producing glycine and aldehydes, via a retro-aldol mechanism.",10,0.1,3.2673953,17.167086
Plate2_Drawer7 25-Jul-2025 15-13-08,E10,flgA,VC_2203,"Flagellar protein, putative; Similar to PID:1272364; identified by sequence similarity; putative.",10,0.1,3.0296936,9.796665
Plate2_Drawer7 25-Jul-2025 15-13-08,E11,VC_A0187,VC_A0187,Hypothetical protein; Identified by Glimmer2; putative.,10,0.1,2.24122,12.054116
Plate2_Drawer7 25-Jul-2025 15-13-08,E12,VC_1652,VC_1652,Response regulator VieA; Similar to GP:3123891; identified by sequence similarity; putative.,10,0.1,-3.7632456,8.871266
Plate2_Drawer7 25-Jul-2025 15-13-08,E1,VC_1003,VC_1003,Bacteriocin production protein; Similar to GB:J01666 SP:P08550 PID:146367 PID:147415 GB:U00096; identified by sequence similarity; putative.,10,0.1,-0.22242434,3.2599897
Plate2_Drawer7 25-Jul-2025 15-13-08,E2,fliL,VC_2130,Flagellum-specific ATP synthase FliI; Similar to PID:1071643 SP:P52612 GB:U00096 PID:1736607 PID:1788251; identified by sequence similarity; putative.,10,0.1,9.319837,4.960285
Plate2_Drawer7 25-Jul-2025 15-13-08,E3,pdhE2,VC_2413,"Pyruvate dehydrogenase, E2 component, dihydrolipoamide acetyltransferase; The pyruvate dehydrogenase complex catalyzes the overall conversion of pyruvate to acetyl-CoA and CO(2).",10,0.1,5.4327993,16.119982
Plate2_Drawer7 25-Jul-2025 15-13-08,E4,VC_0134,VC_0134,Conserved hypothetical protein; Identified by Glimmer2; putative.,10,0.1,-4.4792027,7.507518
Plate2_Drawer7 25-Jul-2025 15-13-08,E5,grx,VC_1146,Glutaredoxin 1; Has a glutathione-disulfide oxidoreductase activity in the presence of NADPH and glutathione reductase. Reduces low molecular weight disulfides and proteins (By similarity).,10,0.1,-5.4253387,4.243964
Plate2_Drawer7 25-Jul-2025 15-13-08,E6,cheW,VC_2059,Purine-binding chemotaxis protein CheW; Similar to GB:M13462 SP:P07365 PID:145520 GB:U00096 PID:1736540; identified by sequence similarity; putative.,10,0.1,2.9606946,8.647387
Plate2_Drawer7 25-Jul-2025 15-13-08,E7,nfuA,VC_2720,"Conserved hypothetical protein; Involved in iron-sulfur cluster biogenesis. Binds a 4Fe-4S cluster, can transfer this cluster to apoproteins, and thereby intervenes in the maturation of Fe/S proteins. Could also act as a scaffold/chaperone for damaged Fe/S proteins.",10,0.1,1.3719965,12.666381
Plate2_Drawer7 25-Jul-2025 15-13-08,E8,groS2,VC_A0819,"Chaperonin, 10 Kd subunit; Binds to Cpn60 in the presence of Mg-ATP and suppresses the ATPase activity of the latter.",10,0.1,-3.4426796,8.490593
Plate2_Drawer7 25-Jul-2025 15-13-08,E9,potD1,VC_1424,"Spermidine/putrescine ABC transporter, periplasmic spermidine/putrescine-binding protein; Required for the activity of the bacterial periplasmic transport system of putrescine; Belongs to the bacterial solute-binding protein PotD/PotF family.",10,0.1,3.7076201,12.706412
Plate2_Drawer7 25-Jul-2025 15-13-08,F10,WT,WT,,10,0.1,-5.134307,5.9438214
Plate2_Drawer7 25-Jul-2025 15-13-08,F1,bioF,VC_1113,"8-amino-7-oxononanoate synthase; Catalyzes the decarboxylative condensation of pimeloyl-[acyl- carrier protein] and L-alanine to produce 8-amino-7-oxononanoate (AON), [acyl-carrier protein], and carbon dioxide.",10,0.1,9.412875,12.9739
Plate2_Drawer7 25-Jul-2025 15-13-08,F2,flgO,VC_2207,Hypothetical protein; Identified by Glimmer2; putative.,10,0.1,4.785205,14.137238
Plate2_Drawer7 25-Jul-2025 15-13-08,F3,hslO,VC_2736,Conserved hypothetical protein; Redox regulated molecular chaperone. Protects both thermally unfolding and oxidatively damaged proteins from irreversible aggregation. Plays an important role in the bacterial defense system toward oxidative stress.,10,0.1,-0.94760495,8.1709795
Plate2_Drawer7 25-Jul-2025 15-13-08,F4,bioC,VC_1114,Biotin synthesis protein BioC; Converts the free carboxyl group of a malonyl-thioester to its methyl ester by transfer of a methyl group from S-adenosyl-L- methionine (SAM). It allows to synthesize pimeloyl-ACP via the fatty acid synthetic pathway.,10,0.1,9.0455,12.921129
Plate2_Drawer7 25-Jul-2025 15-13-08,F5,dnaN,VC_0013,"DNA polymerase III, beta chain; Confers DNA tethering and processivity to DNA polymerases and other proteins. Acts as a clamp, forming a ring around DNA (a reaction catalyzed by the clamp-loading complex) which diffuses in an ATP- independent manner freely and bidirectionally along dsDNA. Initially characterized for its ability to contact the catalytic subunit of DNA polymerase III (Pol III), a complex, multichain enzyme responsible for most of the replicative synthesis in bacteria; Pol III exhibits 3'-5' exonuclease proofreading activity. The beta chain is required for initiation of r [...] ",10,0.1,-2.2379954,9.819185
Plate2_Drawer7 25-Jul-2025 15-13-08,F6,mutH,VC_0668,DNA mismatch repair protein MutH; Sequence-specific endonuclease that cleaves unmethylated GATC sequences. It is involved in DNA mismatch repair; Belongs to the MutH family.,10,0.1,-3.4768956,8.975371
Plate2_Drawer7 25-Jul-2025 15-13-08,F7,pabC,VC_2018,"4-amino-4-deoxychorismate lyase; Involved in the biosynthesis of p-aminobenzoate (PABA), a precursor of tetrahydrofolate. Converts 4-amino-4-deoxychorismate into 4-aminobenzoate (PABA) and pyruvate (By similarity).",10,0.1,1.1507105,11.13502
Plate2_Drawer7 25-Jul-2025 15-13-08,F8,lexA,VC_0092,"LexA repressor; Represses a number of genes involved in the response to DNA damage (SOS response), including recA and lexA. In the presence of single-stranded DNA, RecA interacts with LexA causing an autocatalytic cleavage which disrupts the DNA-binding part of LexA, leading to derepression of the SOS regulon and eventually DNA repair.",10,0.1,1.7368045,12.423198
Plate2_Drawer7 25-Jul-2025 15-13-08,F9,VC_2271,VC_2271,"Riboflavin-specific deaminase; Converts 2,5-diamino-6-(ribosylamino)-4(3h)-pyrimidinone 5'- phosphate into 5-amino-6-(ribosylamino)-2,4(1h,3h)-pyrimidinedione 5'- phosphate; In the C-terminal section; belongs to the HTP reductase family.",10,0.1,2.1783445,10.012278
Plate2_Drawer7 27-Aug-2025 16-58-45,A10,VC_2523,VC_2523,Conserved hypothetical protein; Identified by Glimmer2; putative.,10,0.1,-3.7326348,4.014985
Plate2_Drawer7 27-Aug-2025 16-58-45,A11,fliR,VC_2121,Flagellar biosynthetic protein FliR; Role in flagellar biosynthesis. Belongs to the FliR/MopE/SpaR family.,10,0.1,9.017115,5.83248
Plate2_Drawer7 27-Aug-2025 16-58-45,A12,argR,VC_0431,Arginine repressor; Regulates arginine biosynthesis genes.,10,0.1,-0.70741004,7.1724405
Plate2_Drawer7 27-Aug-2025 16-58-45,A1,flgK,VC_2191,Flagellar hook-associated protein FlgM; Similar to PID:2443633; identified by sequence similarity; putative. HOOK FILSMENT JUNCTION,10,0.1,-0.6622497,9.801603
Plate2_Drawer7 27-Aug-2025 16-58-45,A2,flrB,VC_2136,Sensory box sensor histidine kinase; Similar to PID:2338728; identified by sequence similarity; putative.,10,0.1,9.504823,5.790184
Plate2_Drawer7 27-Aug-2025 16-58-45,A3,rjg,VC_0264,Conserved hypothetical protein; Identified by Glimmer2; putative.,10,0.1,-4.6414247,4.3485413
Plate2_Drawer7 27-Aug-2025 16-58-45,A4,fliA,VC_2066,RNA polymerase sigma factor for flagellar operon FliA; Sigma factors are initiation factors that promote the attachment of RNA polymerase to specific initiation sites and are then released. This sigma factor controls the expression of flagella-related genes; Belongs to the sigma-70 factor family. FliA subfamily.,10,0.1,9.381303,2.2111325
Plate2_Drawer7 27-Aug-2025 16-58-45,A5,flgM,VC_2204,"Negative regulator of flagellin synthesis FlgM, putative; Similar to GB:L14437 SP:P39809 PID:451869 PID:1762336 GB:AL009126; identified by sequence similarity; putative.",10,0.1,-4.541665,4.2764792
Plate2_Drawer7 27-Aug-2025 16-58-45,A6,flrA,VC_2137,Sigma-54 dependent transcriptional activator; Similar to PID:2338727; identified by sequence similarity; putative.,10,0.1,9.565585,2.6081216
Plate2_Drawer7 27-Aug-2025 16-58-45,A7,VC_1291,VC_1291,Conserved hypothetical protein; Identified by Glimmer2; putative.,10,0.1,0.58774954,7.5375543
Plate2_Drawer7 27-Aug-2025 16-58-45,A8,thiI,VC_0894,"Thiamin biosynthesis protein ThiI; Catalyzes the ATP-dependent transfer of a sulfur to tRNA to produce 4-thiouridine in position 8 of tRNAs, which functions as a near-UV photosensor. Also catalyzes the transfer of sulfur to the sulfur carrier protein ThiS, forming ThiS-thiocarboxylate. This is a step in the synthesis of thiazole, in the thiamine biosynthesis pathway. The sulfur is donated as persulfide by IscS.",10,0.1,-5.3939204,5.520876
Plate2_Drawer7 27-Aug-2025 16-58-45,A9,flhB,VC_2120,"Flagellar biosynthetic protein FlhB; Required for formation of the rod structure in the basal body of the flagellar apparatus. Together with FliI and FliH, may constitute the export apparatus of flagellin; Belongs to the type III secretion exporter family.",10,0.1,8.563045,5.2602816
Plate2_Drawer7 27-Aug-2025 16-58-45,B10,wbeN,VC_0251,Acyl protein synthase/acyl-CoA reductase RfbN; Similar to GB:X59554 PID:48393; identified by sequence similarity; putative.,10,0.1,-1.1936128,11.985071
Plate2_Drawer7 27-Aug-2025 16-58-45,B11,wbeL,VC_0249,rfbL protein; Similar to GB:X59554 PID:48391; identified by sequence similarity; putative.,10,0.1,5.950869,21.353924
Plate2_Drawer7 27-Aug-2025 16-58-45,B12,pstB1,VC_0726,"Phosphate ABC transporter, ATP-binding protein; Part of the ABC transporter complex PstSACB involved in phosphate import. Responsible for energy coupling to the transport system; Belongs to the ABC transporter superfamily. Phosphate importer (TC 3.A.1.7) family.",10,0.1,-5.2226105,4.1712594
Plate2_Drawer7 27-Aug-2025 16-58-45,B1,aroE,VC_0056,"Shikimate 5-dehydrogenase; Involved in the biosynthesis of the chorismate, which leads to the biosynthesis of aromatic amino acids. Catalyzes the reversible NADPH linked reduction of 3-dehydroshikimate (DHSA) to yield shikimate (SA).",10,0.1,-4.9170957,5.1887574
Plate2_Drawer7 27-Aug-2025 16-58-45,B4,VC_A0146,VC_A0146,Conserved hypothetical protein; Identified by Glimmer2; putative.,10,0.1,2.262089,9.108919
Plate2_Drawer7 27-Aug-2025 16-58-45,B5,VC_0289,VC_0289,Gluconate utilization system gnt-I transcriptional repressor; Similar to PID:1304069; identified by sequence similarity; putative.,10,0.1,-5.144655,3.0495732
Plate2_Drawer7 27-Aug-2025 16-58-45,B6,VC_A0005,VC_A0005,Hypothetical protein; Identified by Glimmer2; putative.,10,0.1,-3.79869,3.726112
Plate2_Drawer7 27-Aug-2025 16-58-45,B8,mltF,VC_0866,"Transglycosylase, Slt family; Murein-degrading enzyme that degrades murein glycan strands and insoluble, high-molecular weight murein sacculi, with the concomitant formation of a 1,6-anhydromuramoyl product. Lytic transglycosylases (LTs) play an integral role in the metabolism of the peptidoglycan (PG) sacculus. Their lytic action creates space within the PG sacculus to allow for its expansion as well as for the insertion of various structures such as secretion systems and flagella. In the N-terminal section; belongs to the bacterial solute- binding protein 3 family.",10,0.1,10.648021,-4.9734282
Plate2_Drawer7 27-Aug-2025 16-58-45,B9,VC_A0726,VC_A0726,"Molybdenum ABC transporter, periplasmic molybdenum-binding protein; Similar to GB:L34009 SP:P37329 PID:504498 PID:973214 PID:1147817; identified by sequence similarity; putative.",10,0.1,-1.6539019,5.486708
Plate2_Drawer7 27-Aug-2025 16-58-45,C10,flgF,VC_2196,Flagellar basal-body rod protein FlgF; Similar to GB:U00096 SP:P75938 PID:1787317; identified by sequence similarity; putative; Belongs to the flagella basal body rod proteins family.,10,0.1,9.4795685,5.4572587
Plate2_Drawer7 27-Aug-2025 16-58-45,C11,VC_2441,VC_2441,Conserved hypothetical protein; Identified by Glimmer2; putative.,10,0.1,0.68982273,7.855774
Plate2_Drawer7 27-Aug-2025 16-58-45,C12,VC_1710,VC_1710,Conserved hypothetical protein; Identified by Glimmer2; putative.,10,0.1,-3.9808125,6.468499
Plate2_Drawer7 27-Aug-2025 16-58-45,C1,VC_1885,VC_1885,Hypothetical protein; Identified by Glimmer2; putative.,10,0.1,0.60811114,2.7620087
Plate2_Drawer7 27-Aug-2025 16-58-45,C2,aroQ,VC_0297,3-dehydroquinate dehydratase; Catalyzes a trans-dehydration via an enolate intermediate. Belongs to the type-II 3-dehydroquinase family.,10,0.1,-3.7070956,8.898047
Plate2_Drawer7 27-Aug-2025 16-58-45,C3,VC_1359,VC_1359,"Amino acid ABC transporter, ATP-binding protein; Similar to PID:1154897; identified by sequence similarity; putative.",10,0.1,-2.2925642,14.365834
Plate2_Drawer7 27-Aug-2025 16-58-45,C4,VC_A0328,VC_A0328,"Biphenyl-2,3-diol 1,2-dioxygenase III-related protein; Similar to GB:X75635 SP:P47233 PID:473121; identified by sequence similarity; putative.",10,0.1,-3.6579719,4.6366625
Plate2_Drawer7 27-Aug-2025 16-58-45,C5,VC_1350,VC_1350,"Antioxidant, putative; Thiol-specific peroxidase that catalyzes the reduction of hydrogen peroxide and organic hydroperoxides to water and alcohols, respectively. Plays a role in cell protection against oxidative stress by detoxifying peroxides; Belongs to the peroxiredoxin family. Prx5 subfamily.",10,0.1,-1.0396347,5.6419506
Plate2_Drawer7 27-Aug-2025 16-58-45,C6,manB,VC_0242,Phosphomannomutase; Involved in GDP-mannose biosynthesis which serves as the activated sugar nucleotide precursor for mannose residues in cell surface polysaccharides; Belongs to the phosphohexose mutase family.,10,0.1,-2.083044,13.534086
Plate2_Drawer7 27-Aug-2025 16-58-45,C7,mrcA,VC_2635,Penicillin-binding protein 1A; Cell wall formation. Synthesis of cross-linked peptidoglycan from the lipid intermediates. The enzyme has a penicillin-insensitive transglycosylase N-terminal domain (formation of linear glycan strands) and a penicillin-sensitive transpeptidase C-terminal domain (cross- linking of the peptide subunits).,10,0.1,8.228036,12.540684
Plate2_Drawer7 27-Aug-2025 16-58-45,C8,VC_A0079,VC_A0079,Conserved hypothetical protein; Identified by Glimmer2; putative.,10,0.1,3.348362,8.914743
Plate2_Drawer7 27-Aug-2025 16-58-45,C9,potA,VC_1428,"Spermidine/putrescine ABC transporter, ATP-binding protein; Part of the ABC transporter complex PotABCD involved in spermidine/putrescine import. Responsible for energy coupling to the transport system; Belongs to the ABC transporter superfamily. Spermidine/putrescine importer (TC 3.A.1.11.1) family.",10,0.1,4.7626863,10.664119
Plate2_Drawer7 27-Aug-2025 16-58-45,D10,bioD,VC_1115,"Dethiobiotin synthetase; Catalyzes a mechanistically unusual reaction, the ATP- dependent insertion of CO2 between the N7 and N8 nitrogen atoms of 7,8- diaminopelargonic acid (DAPA) to form an ureido ring.",10,0.1,10.081172,12.872998
Plate2_Drawer7 27-Aug-2025 16-58-45,D11,flaA,VC_2188,Flagellin core protein A; Flagellin is the subunit protein which polymerizes to form the filaments of bacterial flagella. FlaA is required to form a core or scaffold into which the other flagellins are inserted to provide structural integrity. Essential for flagellar synthesis and motility; important for full virulence.,10,0.1,8.578272,4.7221355
Plate2_Drawer7 27-Aug-2025 16-58-45,D12,wavL,VC_0239,Conserved hypothetical protein; Identified by Glimmer2; putative.,10,0.1,6.713592,15.545321
Plate2_Drawer7 27-Aug-2025 16-58-45,D1,VC_A0340,VC_A0340,Hypothetical protein; Identified by Glimmer2; putative.,10,0.1,-5.5413327,6.4623127
Plate2_Drawer7 27-Aug-2025 16-58-45,D2,VC_0745,VC_0745,Inositol monophosphate family protein; Similar to GB:M34828 SP:P22783 PID:147899 GB:U00096 PID:1788882; identified by sequence similarity; putative; Belongs to the inositol monophosphatase superfamily.,10,0.1,2.7829587,15.953179
Plate2_Drawer7 27-Aug-2025 16-58-45,D3,VC_2485,VC_2485,"Transcriptional regulator, LysR family; Similar to GB:D10483 SP:P10151 GB:M21150 PID:1128961 PID:146605; identified by sequence similarity; putative; Belongs to the LysR transcriptional regulatory family.",10,0.1,3.7336025,10.606908
Plate2_Drawer7 27-Aug-2025 16-58-45,D4,rimO,VC_2620,Conserved hypothetical protein; Catalyzes the methylthiolation of an aspartic acid residue of ribosomal protein S12; Belongs to the methylthiotransferase family. RimO subfamily.,10,0.1,-4.7972417,2.9502947
Plate2_Drawer7 27-Aug-2025 16-58-45,D5,bioA,VC_1111,"Adenosylmethionine-8-amino-7-oxononanoate aminotransferase; Catalyzes the transfer of the alpha-amino group from S- adenosyl-L-methionine (SAM) to 7-keto-8-aminopelargonic acid (KAPA) to form 7,8-diaminopelargonic acid (DAPA). It is the only animotransferase known to utilize SAM as an amino donor; Belongs to the class-III pyridoxal-phosphate-dependent aminotransferase family. BioA subfamily.",10,0.1,10.186597,12.821726
Plate2_Drawer7 27-Aug-2025 16-58-45,D6,wbeT,VC_0259,Lipopolysaccharide biosynthesis protein RfbV; Similar to GB:X59554 PID:48400 PID:1929424; identified by sequence similarity; putative.,10,0.1,13.47995,12.860547
Plate2_Drawer7 27-Aug-2025 16-58-45,D7,VC_0929,VC_0929,Hypothetical protein; Identified by Glimmer2; putative.,10,0.1,1.6964842,8.276514
Plate2_Drawer7 27-Aug-2025 16-58-45,D8,flgT,VC_2208,Hypothetical protein; Identified by Glimmer2; putative.,10,0.1,1.195406,11.976673
Plate2_Drawer7 27-Aug-2025 16-58-45,D9,glyA1,VC_0941,"Serine hydroxymethyltransferase; Catalyzes the reversible interconversion of serine and glycine with tetrahydrofolate (THF) serving as the one-carbon carrier. This reaction serves as the major source of one-carbon groups required for the biosynthesis of purines, thymidylate, methionine, and other important biomolecules. Also exhibits THF-independent aldolase activity toward beta-hydroxyamino acids, producing glycine and aldehydes, via a retro-aldol mechanism.",10,0.1,3.067934,16.669485
Plate2_Drawer7 27-Aug-2025 16-58-45,E10,flgA,VC_2203,"Flagellar protein, putative; Similar to PID:1272364; identified by sequence similarity; putative.",10,0.1,-2.1973305,4.051508
Plate2_Drawer7 27-Aug-2025 16-58-45,E11,VC_A0187,VC_A0187,Hypothetical protein; Identified by Glimmer2; putative.,10,0.1,2.2910528,9.380042
Plate2_Drawer7 27-Aug-2025 16-58-45,E12,VC_1652,VC_1652,Response regulator VieA; Similar to GP:3123891; identified by sequence similarity; putative.,10,0.1,1.2080446,12.004997
Plate2_Drawer7 27-Aug-2025 16-58-45,E1,VC_1003,VC_1003,Bacteriocin production protein; Similar to GB:J01666 SP:P08550 PID:146367 PID:147415 GB:U00096; identified by sequence similarity; putative.,10,0.1,3.2660599,18.045645
Plate2_Drawer7 27-Aug-2025 16-58-45,E2,fliL,VC_2130,Flagellum-specific ATP synthase FliI; Similar to PID:1071643 SP:P52612 GB:U00096 PID:1736607 PID:1788251; identified by sequence similarity; putative.,10,0.1,9.196375,5.769082
Plate2_Drawer7 27-Aug-2025 16-58-45,E3,pdhE2,VC_2413,"Pyruvate dehydrogenase, E2 component, dihydrolipoamide acetyltransferase; The pyruvate dehydrogenase complex catalyzes the overall conversion of pyruvate to acetyl-CoA and CO(2).",10,0.1,5.803544,15.987067
Plate2_Drawer7 27-Aug-2025 16-58-45,E4,VC_0134,VC_0134,Conserved hypothetical protein; Identified by Glimmer2; putative.,10,0.1,-4.0385265,7.3567495
Plate2_Drawer7 27-Aug-2025 16-58-45,E5,grx,VC_1146,Glutaredoxin 1; Has a glutathione-disulfide oxidoreductase activity in the presence of NADPH and glutathione reductase. Reduces low molecular weight disulfides and proteins (By similarity).,10,0.1,-4.928923,2.5751066
Plate2_Drawer7 27-Aug-2025 16-58-45,E6,cheW,VC_2059,Purine-binding chemotaxis protein CheW; Similar to GB:M13462 SP:P07365 PID:145520 GB:U00096 PID:1736540; identified by sequence similarity; putative.,10,0.1,1.0177658,5.9008293
Plate2_Drawer7 27-Aug-2025 16-58-45,E7,nfuA,VC_2720,"Conserved hypothetical protein; Involved in iron-sulfur cluster biogenesis. Binds a 4Fe-4S cluster, can transfer this cluster to apoproteins, and thereby intervenes in the maturation of Fe/S proteins. Could also act as a scaffold/chaperone for damaged Fe/S proteins.",10,0.1,2.2173285,15.406878
Plate2_Drawer7 27-Aug-2025 16-58-45,E8,groS2,VC_A0819,"Chaperonin, 10 Kd subunit; Binds to Cpn60 in the presence of Mg-ATP and suppresses the ATPase activity of the latter.",10,0.1,-5.205265,1.7909851
Plate2_Drawer7 27-Aug-2025 16-58-45,E9,potD1,VC_1424,"Spermidine/putrescine ABC transporter, periplasmic spermidine/putrescine-binding protein; Required for the activity of the bacterial periplasmic transport system of putrescine; Belongs to the bacterial solute-binding protein PotD/PotF family.",10,0.1,4.826998,10.195202
Plate2_Drawer7 27-Aug-2025 16-58-45,F10,WT,WT,,10,0.1,-5.354253,2.8143427
Plate2_Drawer7 27-Aug-2025 16-58-45,F1,bioF,VC_1113,"8-amino-7-oxononanoate synthase; Catalyzes the decarboxylative condensation of pimeloyl-[acyl- carrier protein] and L-alanine to produce 8-amino-7-oxononanoate (AON), [acyl-carrier protein], and carbon dioxide.",10,0.1,10.144491,12.842084
Plate2_Drawer7 27-Aug-2025 16-58-45,F2,flgO,VC_2207,Hypothetical protein; Identified by Glimmer2; putative.,10,0.1,5.7684174,9.529322
Plate2_Drawer7 27-Aug-2025 16-58-45,F3,hslO,VC_2736,Conserved hypothetical protein; Redox regulated molecular chaperone. Protects both thermally unfolding and oxidatively damaged proteins from irreversible aggregation. Plays an important role in the bacterial defense system toward oxidative stress.,10,0.1,-1.4896486,7.473419
Plate2_Drawer7 27-Aug-2025 16-58-45,F4,bioC,VC_1114,Biotin synthesis protein BioC; Converts the free carboxyl group of a malonyl-thioester to its methyl ester by transfer of a methyl group from S-adenosyl-L- methionine (SAM). It allows to synthesize pimeloyl-ACP via the fatty acid synthetic pathway.,10,0.1,10.360383,12.745109
Plate2_Drawer7 27-Aug-2025 16-58-45,F5,dnaN,VC_0013,"DNA polymerase III, beta chain; Confers DNA tethering and processivity to DNA polymerases and other proteins. Acts as a clamp, forming a ring around DNA (a reaction catalyzed by the clamp-loading complex) which diffuses in an ATP- independent manner freely and bidirectionally along dsDNA. Initially characterized for its ability to contact the catalytic subunit of DNA polymerase III (Pol III), a complex, multichain enzyme responsible for most of the replicative synthesis in bacteria; Pol III exhibits 3'-5' exonuclease proofreading activity. The beta chain is required for initiation of r [...] ",10,0.1,-1.2171322,10.172398
Plate2_Drawer7 27-Aug-2025 16-58-45,F6,mutH,VC_0668,DNA mismatch repair protein MutH; Sequence-specific endonuclease that cleaves unmethylated GATC sequences. It is involved in DNA mismatch repair; Belongs to the MutH family.,10,0.1,-3.3913615,8.529758
Plate2_Drawer7 27-Aug-2025 16-58-45,F7,pabC,VC_2018,"4-amino-4-deoxychorismate lyase; Involved in the biosynthesis of p-aminobenzoate (PABA), a precursor of tetrahydrofolate. Converts 4-amino-4-deoxychorismate into 4-aminobenzoate (PABA) and pyruvate (By similarity).",10,0.1,1.1835754,10.89759
Plate2_Drawer7 27-Aug-2025 16-58-45,F8,lexA,VC_0092,"LexA repressor; Represses a number of genes involved in the response to DNA damage (SOS response), including recA and lexA. In the presence of single-stranded DNA, RecA interacts with LexA causing an autocatalytic cleavage which disrupts the DNA-binding part of LexA, leading to derepression of the SOS regulon and eventually DNA repair.",10,0.1,1.0259478,9.324241
Plate2_Drawer7 27-Aug-2025 16-58-45,F9,VC_2271,VC_2271,"Riboflavin-specific deaminase; Converts 2,5-diamino-6-(ribosylamino)-4(3h)-pyrimidinone 5'- phosphate into 5-amino-6-(ribosylamino)-2,4(1h,3h)-pyrimidinedione 5'- phosphate; In the C-terminal section; belongs to the HTP reductase family.",10,0.1,2.4413931,9.228481
Plate2_Drawer7 29-Aug-2025 11-38-38,A10,VC_2523,VC_2523,Conserved hypothetical protein; Identified by Glimmer2; putative.,10,0.1,-6.661123,4.659228
Plate2_Drawer7 29-Aug-2025 11-38-38,A11,fliR,VC_2121,Flagellar biosynthetic protein FliR; Role in flagellar biosynthesis. Belongs to the FliR/MopE/SpaR family.,10,0.1,8.845927,5.668282
Plate2_Drawer7 29-Aug-2025 11-38-38,A12,argR,VC_0431,Arginine repressor; Regulates arginine biosynthesis genes.,10,0.1,-0.9288086,6.1021185
Plate2_Drawer7 29-Aug-2025 11-38-38,A1,flgK,VC_2191,Flagellar hook-associated protein FlgM; Similar to PID:2443633; identified by sequence similarity; putative. HOOK FILSMENT JUNCTION,10,0.1,-1.0497402,9.381184
Plate2_Drawer7 29-Aug-2025 11-38-38,A2,flrB,VC_2136,Sensory box sensor histidine kinase; Similar to PID:2338728; identified by sequence similarity; putative.,10,0.1,9.55332,6.1512423
Plate2_Drawer7 29-Aug-2025 11-38-38,A3,rjg,VC_0264,Conserved hypothetical protein; Identified by Glimmer2; putative.,10,0.1,-5.0892606,6.338648
Plate2_Drawer7 29-Aug-2025 11-38-38,A4,fliA,VC_2066,RNA polymerase sigma factor for flagellar operon FliA; Sigma factors are initiation factors that promote the attachment of RNA polymerase to specific initiation sites and are then released. This sigma factor controls the expression of flagella-related genes; Belongs to the sigma-70 factor family. FliA subfamily.,10,0.1,10.026438,3.1871731
Plate2_Drawer7 29-Aug-2025 11-38-38,A5,flgM,VC_2204,"Negative regulator of flagellin synthesis FlgM, putative; Similar to GB:L14437 SP:P39809 PID:451869 PID:1762336 GB:AL009126; identified by sequence similarity; putative.",10,0.1,-2.0484192,6.973825
Plate2_Drawer7 29-Aug-2025 11-38-38,A6,flrA,VC_2137,Sigma-54 dependent transcriptional activator; Similar to PID:2338727; identified by sequence similarity; putative.,10,0.1,9.47541,2.585515
Plate2_Drawer7 29-Aug-2025 11-38-38,A7,VC_1291,VC_1291,Conserved hypothetical protein; Identified by Glimmer2; putative.,10,0.1,1.1700288,8.107739
Plate2_Drawer7 29-Aug-2025 11-38-38,A8,thiI,VC_0894,"Thiamin biosynthesis protein ThiI; Catalyzes the ATP-dependent transfer of a sulfur to tRNA to produce 4-thiouridine in position 8 of tRNAs, which functions as a near-UV photosensor. Also catalyzes the transfer of sulfur to the sulfur carrier protein ThiS, forming ThiS-thiocarboxylate. This is a step in the synthesis of thiazole, in the thiamine biosynthesis pathway. The sulfur is donated as persulfide by IscS.",10,0.1,-5.318471,5.729875
Plate2_Drawer7 29-Aug-2025 11-38-38,A9,flhB,VC_2120,"Flagellar biosynthetic protein FlhB; Required for formation of the rod structure in the basal body of the flagellar apparatus. Together with FliI and FliH, may constitute the export apparatus of flagellin; Belongs to the type III secretion exporter family.",10,0.1,9.492763,6.306291
Plate2_Drawer7 29-Aug-2025 11-38-38,B10,wbeN,VC_0251,Acyl protein synthase/acyl-CoA reductase RfbN; Similar to GB:X59554 PID:48393; identified by sequence similarity; putative.,10,0.1,-1.273548,11.927364
Plate2_Drawer7 29-Aug-2025 11-38-38,B11,wbeL,VC_0249,rfbL protein; Similar to GB:X59554 PID:48391; identified by sequence similarity; putative.,10,0.1,5.9619207,21.253904
Plate2_Drawer7 29-Aug-2025 11-38-38,B12,pstB1,VC_0726,"Phosphate ABC transporter, ATP-binding protein; Part of the ABC transporter complex PstSACB involved in phosphate import. Responsible for energy coupling to the transport system; Belongs to the ABC transporter superfamily. Phosphate importer (TC 3.A.1.7) family.",10,0.1,-4.8353386,5.119547
Plate2_Drawer7 29-Aug-2025 11-38-38,B4,VC_A0146,VC_A0146,Conserved hypothetical protein; Identified by Glimmer2; putative.,10,0.1,2.0298944,8.991103
Plate2_Drawer7 29-Aug-2025 11-38-38,B5,VC_0289,VC_0289,Gluconate utilization system gnt-I transcriptional repressor; Similar to PID:1304069; identified by sequence similarity; putative.,10,0.1,-5.150797,3.089097
Plate2_Drawer7 29-Aug-2025 11-38-38,B6,VC_A0005,VC_A0005,Hypothetical protein; Identified by Glimmer2; putative.,10,0.1,-4.004077,4.0936007
Plate2_Drawer7 29-Aug-2025 11-38-38,B8,mltF,VC_0866,"Transglycosylase, Slt family; Murein-degrading enzyme that degrades murein glycan strands and insoluble, high-molecular weight murein sacculi, with the concomitant formation of a 1,6-anhydromuramoyl product. Lytic transglycosylases (LTs) play an integral role in the metabolism of the peptidoglycan (PG) sacculus. Their lytic action creates space within the PG sacculus to allow for its expansion as well as for the insertion of various structures such as secretion systems and flagella. In the N-terminal section; belongs to the bacterial solute- binding protein 3 family.",10,0.1,10.653095,-4.9808264
Plate2_Drawer7 29-Aug-2025 11-38-38,B9,VC_A0726,VC_A0726,"Molybdenum ABC transporter, periplasmic molybdenum-binding protein; Similar to GB:L34009 SP:P37329 PID:504498 PID:973214 PID:1147817; identified by sequence similarity; putative.",10,0.1,-1.5706441,6.6513314
Plate2_Drawer7 29-Aug-2025 11-38-38,C10,flgF,VC_2196,Flagellar basal-body rod protein FlgF; Similar to GB:U00096 SP:P75938 PID:1787317; identified by sequence similarity; putative; Belongs to the flagella basal body rod proteins family.,10,0.1,9.718486,3.7442527
Plate2_Drawer7 29-Aug-2025 11-38-38,C11,VC_2441,VC_2441,Conserved hypothetical protein; Identified by Glimmer2; putative.,10,0.1,1.9007444,11.897407
Plate2_Drawer7 29-Aug-2025 11-38-38,C12,VC_1710,VC_1710,Conserved hypothetical protein; Identified by Glimmer2; putative.,10,0.1,-2.918285,8.913319
Plate2_Drawer7 29-Aug-2025 11-38-38,C1,VC_1885,VC_1885,Hypothetical protein; Identified by Glimmer2; putative.,10,0.1,0.6400323,2.736619
Plate2_Drawer7 29-Aug-2025 11-38-38,C2,aroQ,VC_0297,3-dehydroquinate dehydratase; Catalyzes a trans-dehydration via an enolate intermediate. Belongs to the type-II 3-dehydroquinase family.,10,0.1,0.681972,13.2934265
Plate2_Drawer7 29-Aug-2025 11-38-38,C3,VC_1359,VC_1359,"Amino acid ABC transporter, ATP-binding protein; Similar to PID:1154897; identified by sequence similarity; putative.",10,0.1,-2.2490249,14.317596
Plate2_Drawer7 29-Aug-2025 11-38-38,C4,VC_A0328,VC_A0328,"Biphenyl-2,3-diol 1,2-dioxygenase III-related protein; Similar to GB:X75635 SP:P47233 PID:473121; identified by sequence similarity; putative.",10,0.1,-3.3833165,7.245639
Plate2_Drawer7 29-Aug-2025 11-38-38,C5,VC_1350,VC_1350,"Antioxidant, putative; Thiol-specific peroxidase that catalyzes the reduction of hydrogen peroxide and organic hydroperoxides to water and alcohols, respectively. Plays a role in cell protection against oxidative stress by detoxifying peroxides; Belongs to the peroxiredoxin family. Prx5 subfamily.",10,0.1,-0.8426716,5.899477
Plate2_Drawer7 29-Aug-2025 11-38-38,C6,manB,VC_0242,Phosphomannomutase; Involved in GDP-mannose biosynthesis which serves as the activated sugar nucleotide precursor for mannose residues in cell surface polysaccharides; Belongs to the phosphohexose mutase family.,10,0.1,-2.0674224,13.517539
Plate2_Drawer7 29-Aug-2025 11-38-38,C7,mrcA,VC_2635,Penicillin-binding protein 1A; Cell wall formation. Synthesis of cross-linked peptidoglycan from the lipid intermediates. The enzyme has a penicillin-insensitive transglycosylase N-terminal domain (formation of linear glycan strands) and a penicillin-sensitive transpeptidase C-terminal domain (cross- linking of the peptide subunits).,10,0.1,8.249419,12.543588
Plate2_Drawer7 29-Aug-2025 11-38-38,C8,VC_A0079,VC_A0079,Conserved hypothetical protein; Identified by Glimmer2; putative.,10,0.1,3.3860958,8.957448
Plate2_Drawer7 29-Aug-2025 11-38-38,C9,potA,VC_1428,"Spermidine/putrescine ABC transporter, ATP-binding protein; Part of the ABC transporter complex PotABCD involved in spermidine/putrescine import. Responsible for energy coupling to the transport system; Belongs to the ABC transporter superfamily. Spermidine/putrescine importer (TC 3.A.1.11.1) family.",10,0.1,4.4126825,10.554694
Plate2_Drawer7 29-Aug-2025 11-38-38,D10,bioD,VC_1115,"Dethiobiotin synthetase; Catalyzes a mechanistically unusual reaction, the ATP- dependent insertion of CO2 between the N7 and N8 nitrogen atoms of 7,8- diaminopelargonic acid (DAPA) to form an ureido ring.",10,0.1,10.251777,12.783572
Plate2_Drawer7 29-Aug-2025 11-38-38,D11,flaA,VC_2188,Flagellin core protein A; Flagellin is the subunit protein which polymerizes to form the filaments of bacterial flagella. FlaA is required to form a core or scaffold into which the other flagellins are inserted to provide structural integrity. Essential for flagellar synthesis and motility; important for full virulence.,10,0.1,8.785918,4.0872946
Plate2_Drawer7 29-Aug-2025 11-38-38,D12,wavL,VC_0239,Conserved hypothetical protein; Identified by Glimmer2; putative.,10,0.1,7.0446944,15.715301
Plate2_Drawer7 29-Aug-2025 11-38-38,D1,VC_A0340,VC_A0340,Hypothetical protein; Identified by Glimmer2; putative.,10,0.1,-3.349533,6.956404
Plate2_Drawer7 29-Aug-2025 11-38-38,D2,VC_0745,VC_0745,Inositol monophosphate family protein; Similar to GB:M34828 SP:P22783 PID:147899 GB:U00096 PID:1788882; identified by sequence similarity; putative; Belongs to the inositol monophosphatase superfamily.,10,0.1,2.7212799,15.759546
Plate2_Drawer7 29-Aug-2025 11-38-38,D3,VC_2485,VC_2485,"Transcriptional regulator, LysR family; Similar to GB:D10483 SP:P10151 GB:M21150 PID:1128961 PID:146605; identified by sequence similarity; putative; Belongs to the LysR transcriptional regulatory family.",10,0.1,2.9698234,10.501644
Plate2_Drawer7 29-Aug-2025 11-38-38,D4,rimO,VC_2620,Conserved hypothetical protein; Catalyzes the methylthiolation of an aspartic acid residue of ribosomal protein S12; Belongs to the methylthiotransferase family. RimO subfamily.,10,0.1,-4.1425657,6.396227
Plate2_Drawer7 29-Aug-2025 11-38-38,D5,bioA,VC_1111,"Adenosylmethionine-8-amino-7-oxononanoate aminotransferase; Catalyzes the transfer of the alpha-amino group from S- adenosyl-L-methionine (SAM) to 7-keto-8-aminopelargonic acid (KAPA) to form 7,8-diaminopelargonic acid (DAPA). It is the only animotransferase known to utilize SAM as an amino donor; Belongs to the class-III pyridoxal-phosphate-dependent aminotransferase family. BioA subfamily.",10,0.1,10.167995,12.8243065
Plate2_Drawer7 29-Aug-2025 11-38-38,D6,wbeT,VC_0259,Lipopolysaccharide biosynthesis protein RfbV; Similar to GB:X59554 PID:48400 PID:1929424; identified by sequence similarity; putative.,10,0.1,13.472678,12.852177
Plate2_Drawer7 29-Aug-2025 11-38-38,D7,VC_0929,VC_0929,Hypothetical protein; Identified by Glimmer2; putative.,10,0.1,1.6689644,8.194293
Plate2_Drawer7 29-Aug-2025 11-38-38,D8,flgT,VC_2208,Hypothetical protein; Identified by Glimmer2; putative.,10,0.1,9.253987,2.5396347
Plate2_Drawer7 29-Aug-2025 11-38-38,D9,glyA1,VC_0941,"Serine hydroxymethyltransferase; Catalyzes the reversible interconversion of serine and glycine with tetrahydrofolate (THF) serving as the one-carbon carrier. This reaction serves as the major source of one-carbon groups required for the biosynthesis of purines, thymidylate, methionine, and other important biomolecules. Also exhibits THF-independent aldolase activity toward beta-hydroxyamino acids, producing glycine and aldehydes, via a retro-aldol mechanism.",10,0.1,3.0469341,16.62901
Plate2_Drawer7 29-Aug-2025 11-38-38,E10,flgA,VC_2203,"Flagellar protein, putative; Similar to PID:1272364; identified by sequence similarity; putative.",10,0.1,0.9885718,6.1818986
Plate2_Drawer7 29-Aug-2025 11-38-38,E11,VC_A0187,VC_A0187,Hypothetical protein; Identified by Glimmer2; putative.,10,0.1,-0.019855544,9.976636
Plate2_Drawer7 29-Aug-2025 11-38-38,E12,VC_1652,VC_1652,Response regulator VieA; Similar to GP:3123891; identified by sequence similarity; putative.,10,0.1,-4.1088104,6.4328675
Plate2_Drawer7 29-Aug-2025 11-38-38,E1,VC_1003,VC_1003,Bacteriocin production protein; Similar to GB:J01666 SP:P08550 PID:146367 PID:147415 GB:U00096; identified by sequence similarity; putative.,10,0.1,3.2592132,18.059032
Plate2_Drawer7 29-Aug-2025 11-38-38,E2,fliL,VC_2130,Flagellum-specific ATP synthase FliI; Similar to PID:1071643 SP:P52612 GB:U00096 PID:1736607 PID:1788251; identified by sequence similarity; putative.,10,0.1,9.326274,3.6416233
Plate2_Drawer7 29-Aug-2025 11-38-38,E3,pdhE2,VC_2413,"Pyruvate dehydrogenase, E2 component, dihydrolipoamide acetyltransferase; The pyruvate dehydrogenase complex catalyzes the overall conversion of pyruvate to acetyl-CoA and CO(2).",10,0.1,5.7803564,16.003475
Plate2_Drawer7 29-Aug-2025 11-38-38,E4,VC_0134,VC_0134,Conserved hypothetical protein; Identified by Glimmer2; putative.,10,0.1,-3.9060867,7.4853206
Plate2_Drawer7 29-Aug-2025 11-38-38,E5,grx,VC_1146,Glutaredoxin 1; Has a glutathione-disulfide oxidoreductase activity in the presence of NADPH and glutathione reductase. Reduces low molecular weight disulfides and proteins (By similarity).,10,0.1,-4.758942,2.0253217
Plate2_Drawer7 29-Aug-2025 11-38-38,E6,cheW,VC_2059,Purine-binding chemotaxis protein CheW; Similar to GB:M13462 SP:P07365 PID:145520 GB:U00096 PID:1736540; identified by sequence similarity; putative.,10,0.1,0.89388573,5.857101
Plate2_Drawer7 29-Aug-2025 11-38-38,E7,nfuA,VC_2720,"Conserved hypothetical protein; Involved in iron-sulfur cluster biogenesis. Binds a 4Fe-4S cluster, can transfer this cluster to apoproteins, and thereby intervenes in the maturation of Fe/S proteins. Could also act as a scaffold/chaperone for damaged Fe/S proteins.",10,0.1,2.4186368,15.534557
Plate2_Drawer7 29-Aug-2025 11-38-38,E8,groS2,VC_A0819,"Chaperonin, 10 Kd subunit; Binds to Cpn60 in the presence of Mg-ATP and suppresses the ATPase activity of the latter.",10,0.1,-5.438366,1.9460795
Plate2_Drawer7 29-Aug-2025 11-38-38,E9,potD1,VC_1424,"Spermidine/putrescine ABC transporter, periplasmic spermidine/putrescine-binding protein; Required for the activity of the bacterial periplasmic transport system of putrescine; Belongs to the bacterial solute-binding protein PotD/PotF family.",10,0.1,4.2596545,11.485798
Plate2_Drawer7 29-Aug-2025 11-38-38,F10,WT,WT,,10,0.1,-5.358708,4.9974093
Plate2_Drawer7 29-Aug-2025 11-38-38,F1,bioF,VC_1113,"8-amino-7-oxononanoate synthase; Catalyzes the decarboxylative condensation of pimeloyl-[acyl- carrier protein] and L-alanine to produce 8-amino-7-oxononanoate (AON), [acyl-carrier protein], and carbon dioxide.",10,0.1,10.197252,12.83018
Plate2_Drawer7 29-Aug-2025 11-38-38,F2,flgO,VC_2207,Hypothetical protein; Identified by Glimmer2; putative.,10,0.1,5.937818,9.680081
Plate2_Drawer7 29-Aug-2025 11-38-38,F3,hslO,VC_2736,Conserved hypothetical protein; Redox regulated molecular chaperone. Protects both thermally unfolding and oxidatively damaged proteins from irreversible aggregation. Plays an important role in the bacterial defense system toward oxidative stress.,10,0.1,-0.30777332,8.67809
Plate2_Drawer7 29-Aug-2025 11-38-38,F4,bioC,VC_1114,Biotin synthesis protein BioC; Converts the free carboxyl group of a malonyl-thioester to its methyl ester by transfer of a methyl group from S-adenosyl-L- methionine (SAM). It allows to synthesize pimeloyl-ACP via the fatty acid synthetic pathway.,10,0.1,10.132648,12.859159
Plate2_Drawer7 29-Aug-2025 11-38-38,F5,dnaN,VC_0013,"DNA polymerase III, beta chain; Confers DNA tethering and processivity to DNA polymerases and other proteins. Acts as a clamp, forming a ring around DNA (a reaction catalyzed by the clamp-loading complex) which diffuses in an ATP- independent manner freely and bidirectionally along dsDNA. Initially characterized for its ability to contact the catalytic subunit of DNA polymerase III (Pol III), a complex, multichain enzyme responsible for most of the replicative synthesis in bacteria; Pol III exhibits 3'-5' exonuclease proofreading activity. The beta chain is required for initiation of r [...] ",10,0.1,-1.5446289,10.022912
Plate2_Drawer7 29-Aug-2025 11-38-38,F6,mutH,VC_0668,DNA mismatch repair protein MutH; Sequence-specific endonuclease that cleaves unmethylated GATC sequences. It is involved in DNA mismatch repair; Belongs to the MutH family.,10,0.1,-5.1259155,7.4243145
Plate2_Drawer7 29-Aug-2025 11-38-38,F7,pabC,VC_2018,"4-amino-4-deoxychorismate lyase; Involved in the biosynthesis of p-aminobenzoate (PABA), a precursor of tetrahydrofolate. Converts 4-amino-4-deoxychorismate into 4-aminobenzoate (PABA) and pyruvate (By similarity).",10,0.1,1.1580688,10.992189
Plate2_Drawer7 29-Aug-2025 11-38-38,F8,lexA,VC_0092,"LexA repressor; Represses a number of genes involved in the response to DNA damage (SOS response), including recA and lexA. In the presence of single-stranded DNA, RecA interacts with LexA causing an autocatalytic cleavage which disrupts the DNA-binding part of LexA, leading to derepression of the SOS regulon and eventually DNA repair.",10,0.1,2.0400665,10.927112
Plate2_Drawer7 29-Aug-2025 11-38-38,F9,VC_2271,VC_2271,"Riboflavin-specific deaminase; Converts 2,5-diamino-6-(ribosylamino)-4(3h)-pyrimidinone 5'- phosphate into 5-amino-6-(ribosylamino)-2,4(1h,3h)-pyrimidinedione 5'- phosphate; In the C-terminal section; belongs to the HTP reductase family.",10,0.1,2.7033205,10.124907
Plate2_Drawer7 31-Jul-2025 10-59-37,A10,VC_2523,VC_2523,Conserved hypothetical protein; Identified by Glimmer2; putative.,10,0.1,-6.5531883,4.68153
Plate2_Drawer7 31-Jul-2025 10-59-37,A11,fliR,VC_2121,Flagellar biosynthetic protein FliR; Role in flagellar biosynthesis. Belongs to the FliR/MopE/SpaR family.,10,0.1,8.94226,5.768923
Plate2_Drawer7 31-Jul-2025 10-59-37,A12,argR,VC_0431,Arginine repressor; Regulates arginine biosynthesis genes.,10,0.1,0.3099432,9.457925
Plate2_Drawer7 31-Jul-2025 10-59-37,A1,flgK,VC_2191,Flagellar hook-associated protein FlgM; Similar to PID:2443633; identified by sequence similarity; putative. HOOK FILSMENT JUNCTION,10,0.1,-1.090732,9.345905
Plate2_Drawer7 31-Jul-2025 10-59-37,A2,flrB,VC_2136,Sensory box sensor histidine kinase; Similar to PID:2338728; identified by sequence similarity; putative.,10,0.1,9.61985,5.3552766
Plate2_Drawer7 31-Jul-2025 10-59-37,A3,rjg,VC_0264,Conserved hypothetical protein; Identified by Glimmer2; putative.,10,0.1,-4.827166,6.757828
Plate2_Drawer7 31-Jul-2025 10-59-37,A4,fliA,VC_2066,RNA polymerase sigma factor for flagellar operon FliA; Sigma factors are initiation factors that promote the attachment of RNA polymerase to specific initiation sites and are then released. This sigma factor controls the expression of flagella-related genes; Belongs to the sigma-70 factor family. FliA subfamily.,10,0.1,10.091813,3.087295
Plate2_Drawer7 31-Jul-2025 10-59-37,A5,flgM,VC_2204,"Negative regulator of flagellin synthesis FlgM, putative; Similar to GB:L14437 SP:P39809 PID:451869 PID:1762336 GB:AL009126; identified by sequence similarity; putative.",10,0.1,-3.3285463,4.5590158
Plate2_Drawer7 31-Jul-2025 10-59-37,A6,flrA,VC_2137,Sigma-54 dependent transcriptional activator; Similar to PID:2338727; identified by sequence similarity; putative.,10,0.1,1.1560984,6.257998
Plate2_Drawer7 31-Jul-2025 10-59-37,A7,VC_1291,VC_1291,Conserved hypothetical protein; Identified by Glimmer2; putative.,10,0.1,0.309024,10.722869
Plate2_Drawer7 31-Jul-2025 10-59-37,A8,thiI,VC_0894,"Thiamin biosynthesis protein ThiI; Catalyzes the ATP-dependent transfer of a sulfur to tRNA to produce 4-thiouridine in position 8 of tRNAs, which functions as a near-UV photosensor. Also catalyzes the transfer of sulfur to the sulfur carrier protein ThiS, forming ThiS-thiocarboxylate. This is a step in the synthesis of thiazole, in the thiamine biosynthesis pathway. The sulfur is donated as persulfide by IscS.",10,0.1,-5.2566442,4.9402122
Plate2_Drawer7 31-Jul-2025 10-59-37,A9,flhB,VC_2120,"Flagellar biosynthetic protein FlhB; Required for formation of the rod structure in the basal body of the flagellar apparatus. Together with FliI and FliH, may constitute the export apparatus of flagellin; Belongs to the type III secretion exporter family.",10,0.1,9.048271,5.8645363
Plate2_Drawer7 31-Jul-2025 10-59-37,B10,wbeN,VC_0251,Acyl protein synthase/acyl-CoA reductase RfbN; Similar to GB:X59554 PID:48393; identified by sequence similarity; putative.,10,0.1,-1.0564451,9.636598
Plate2_Drawer7 31-Jul-2025 10-59-37,B11,wbeL,VC_0249,rfbL protein; Similar to GB:X59554 PID:48391; identified by sequence similarity; putative.,10,0.1,5.9811,21.036922
Plate2_Drawer7 31-Jul-2025 10-59-37,B12,pstB1,VC_0726,"Phosphate ABC transporter, ATP-binding protein; Part of the ABC transporter complex PstSACB involved in phosphate import. Responsible for energy coupling to the transport system; Belongs to the ABC transporter superfamily. Phosphate importer (TC 3.A.1.7) family.",10,0.1,-3.3599973,8.355148
Plate2_Drawer7 31-Jul-2025 10-59-37,B1,aroE,VC_0056,"Shikimate 5-dehydrogenase; Involved in the biosynthesis of the chorismate, which leads to the biosynthesis of aromatic amino acids. Catalyzes the reversible NADPH linked reduction of 3-dehydroshikimate (DHSA) to yield shikimate (SA).",10,0.1,-5.008059,5.3669195
Plate2_Drawer7 31-Jul-2025 10-59-37,B4,VC_A0146,VC_A0146,Conserved hypothetical protein; Identified by Glimmer2; putative.,10,0.1,-1.2945358,9.983755
Plate2_Drawer7 31-Jul-2025 10-59-37,B5,VC_0289,VC_0289,Gluconate utilization system gnt-I transcriptional repressor; Similar to PID:1304069; identified by sequence similarity; putative.,10,0.1,-5.6221952,6.466365
Plate2_Drawer7 31-Jul-2025 10-59-37,B6,VC_A0005,VC_A0005,Hypothetical protein; Identified by Glimmer2; putative.,10,0.1,-6.7555647,4.7178025
Plate2_Drawer7 31-Jul-2025 10-59-37,B8,mltF,VC_0866,"Transglycosylase, Slt family; Murein-degrading enzyme that degrades murein glycan strands and insoluble, high-molecular weight murein sacculi, with the concomitant formation of a 1,6-anhydromuramoyl product. Lytic transglycosylases (LTs) play an integral role in the metabolism of the peptidoglycan (PG) sacculus. Their lytic action creates space within the PG sacculus to allow for its expansion as well as for the insertion of various structures such as secretion systems and flagella. In the N-terminal section; belongs to the bacterial solute- binding protein 3 family.",10,0.1,8.618425,-0.11419841
Plate2_Drawer7 31-Jul-2025 10-59-37,B9,VC_A0726,VC_A0726,"Molybdenum ABC transporter, periplasmic molybdenum-binding protein; Similar to GB:L34009 SP:P37329 PID:504498 PID:973214 PID:1147817; identified by sequence similarity; putative.",10,0.1,-0.73885006,7.1975455
Plate2_Drawer7 31-Jul-2025 10-59-37,C10,flgF,VC_2196,Flagellar basal-body rod protein FlgF; Similar to GB:U00096 SP:P75938 PID:1787317; identified by sequence similarity; putative; Belongs to the flagella basal body rod proteins family.,10,0.1,10.027924,3.2524402
Plate2_Drawer7 31-Jul-2025 10-59-37,C11,VC_2441,VC_2441,Conserved hypothetical protein; Identified by Glimmer2; putative.,10,0.1,1.8340721,11.739716
Plate2_Drawer7 31-Jul-2025 10-59-37,C12,VC_1710,VC_1710,Conserved hypothetical protein; Identified by Glimmer2; putative.,10,0.1,-3.6118286,8.878645
Plate2_Drawer7 31-Jul-2025 10-59-37,C1,VC_1885,VC_1885,Hypothetical protein; Identified by Glimmer2; putative.,10,0.1,0.7144994,2.665146
Plate2_Drawer7 31-Jul-2025 10-59-37,C3,VC_1359,VC_1359,"Amino acid ABC transporter, ATP-binding protein; Similar to PID:1154897; identified by sequence similarity; putative.",10,0.1,-2.298959,14.345524
Plate2_Drawer7 31-Jul-2025 10-59-37,C4,VC_A0328,VC_A0328,"Biphenyl-2,3-diol 1,2-dioxygenase III-related protein; Similar to GB:X75635 SP:P47233 PID:473121; identified by sequence similarity; putative.",10,0.1,-2.4379086,9.169698
Plate2_Drawer7 31-Jul-2025 10-59-37,C5,VC_1350,VC_1350,"Antioxidant, putative; Thiol-specific peroxidase that catalyzes the reduction of hydrogen peroxide and organic hydroperoxides to water and alcohols, respectively. Plays a role in cell protection against oxidative stress by detoxifying peroxides; Belongs to the peroxiredoxin family. Prx5 subfamily.",10,0.1,-0.9017913,6.6567087
Plate2_Drawer7 31-Jul-2025 10-59-37,C6,manB,VC_0242,Phosphomannomutase; Involved in GDP-mannose biosynthesis which serves as the activated sugar nucleotide precursor for mannose residues in cell surface polysaccharides; Belongs to the phosphohexose mutase family.,10,0.1,-1.9830087,13.412261
Plate2_Drawer7 31-Jul-2025 10-59-37,C7,mrcA,VC_2635,Penicillin-binding protein 1A; Cell wall formation. Synthesis of cross-linked peptidoglycan from the lipid intermediates. The enzyme has a penicillin-insensitive transglycosylase N-terminal domain (formation of linear glycan strands) and a penicillin-sensitive transpeptidase C-terminal domain (cross- linking of the peptide subunits).,10,0.1,8.033901,12.436524
Plate2_Drawer7 31-Jul-2025 10-59-37,C8,VC_A0079,VC_A0079,Conserved hypothetical protein; Identified by Glimmer2; putative.,10,0.1,7.902112,12.420403
Plate2_Drawer7 31-Jul-2025 10-59-37,C9,potA,VC_1428,"Spermidine/putrescine ABC transporter, ATP-binding protein; Part of the ABC transporter complex PotABCD involved in spermidine/putrescine import. Responsible for energy coupling to the transport system; Belongs to the ABC transporter superfamily. Spermidine/putrescine importer (TC 3.A.1.11.1) family.",10,0.1,4.2548327,11.458658
Plate2_Drawer7 31-Jul-2025 10-59-37,D10,bioD,VC_1115,"Dethiobiotin synthetase; Catalyzes a mechanistically unusual reaction, the ATP- dependent insertion of CO2 between the N7 and N8 nitrogen atoms of 7,8- diaminopelargonic acid (DAPA) to form an ureido ring.",10,0.1,10.1870575,12.811983
Plate2_Drawer7 31-Jul-2025 10-59-37,D11,flaA,VC_2188,Flagellin core protein A; Flagellin is the subunit protein which polymerizes to form the filaments of bacterial flagella. FlaA is required to form a core or scaffold into which the other flagellins are inserted to provide structural integrity. Essential for flagellar synthesis and motility; important for full virulence.,10,0.1,9.020025,3.2798243
Plate2_Drawer7 31-Jul-2025 10-59-37,D12,wavL,VC_0239,Conserved hypothetical protein; Identified by Glimmer2; putative.,10,0.1,6.679888,15.526871
Plate2_Drawer7 31-Jul-2025 10-59-37,D1,VC_A0340,VC_A0340,Hypothetical protein; Identified by Glimmer2; putative.,10,0.1,-3.1161294,7.574562
Plate2_Drawer7 31-Jul-2025 10-59-37,D2,VC_0745,VC_0745,Inositol monophosphate family protein; Similar to GB:M34828 SP:P22783 PID:147899 GB:U00096 PID:1788882; identified by sequence similarity; putative; Belongs to the inositol monophosphatase superfamily.,10,0.1,2.716533,15.726487
Plate2_Drawer7 31-Jul-2025 10-59-37,D3,VC_2485,VC_2485,"Transcriptional regulator, LysR family; Similar to GB:D10483 SP:P10151 GB:M21150 PID:1128961 PID:146605; identified by sequence similarity; putative; Belongs to the LysR transcriptional regulatory family.",10,0.1,2.3618307,12.404516
Plate2_Drawer7 31-Jul-2025 10-59-37,D4,rimO,VC_2620,Conserved hypothetical protein; Catalyzes the methylthiolation of an aspartic acid residue of ribosomal protein S12; Belongs to the methylthiotransferase family. RimO subfamily.,10,0.1,-5.477605,6.982699
Plate2_Drawer7 31-Jul-2025 10-59-37,D5,bioA,VC_1111,"Adenosylmethionine-8-amino-7-oxononanoate aminotransferase; Catalyzes the transfer of the alpha-amino group from S- adenosyl-L-methionine (SAM) to 7-keto-8-aminopelargonic acid (KAPA) to form 7,8-diaminopelargonic acid (DAPA). It is the only animotransferase known to utilize SAM as an amino donor; Belongs to the class-III pyridoxal-phosphate-dependent aminotransferase family. BioA subfamily.",10,0.1,9.2222185,12.927681
Plate2_Drawer7 31-Jul-2025 10-59-37,D6,wbeT,VC_0259,Lipopolysaccharide biosynthesis protein RfbV; Similar to GB:X59554 PID:48400 PID:1929424; identified by sequence similarity; putative.,10,0.1,13.4575,12.839805
Plate2_Drawer7 31-Jul-2025 10-59-37,D8,flgT,VC_2208,Hypothetical protein; Identified by Glimmer2; putative.,10,0.1,9.321148,2.595249
Plate2_Drawer7 31-Jul-2025 10-59-37,D9,glyA1,VC_0941,"Serine hydroxymethyltransferase; Catalyzes the reversible interconversion of serine and glycine with tetrahydrofolate (THF) serving as the one-carbon carrier. This reaction serves as the major source of one-carbon groups required for the biosynthesis of purines, thymidylate, methionine, and other important biomolecules. Also exhibits THF-independent aldolase activity toward beta-hydroxyamino acids, producing glycine and aldehydes, via a retro-aldol mechanism.",10,0.1,3.2493863,17.111946
Plate2_Drawer7 31-Jul-2025 10-59-37,E10,flgA,VC_2203,"Flagellar protein, putative; Similar to PID:1272364; identified by sequence similarity; putative.",10,0.1,0.8597077,6.436433
Plate2_Drawer7 31-Jul-2025 10-59-37,E11,VC_A0187,VC_A0187,Hypothetical protein; Identified by Glimmer2; putative.,10,0.1,2.9549866,11.157387
Plate2_Drawer7 31-Jul-2025 10-59-37,E12,VC_1652,VC_1652,Response regulator VieA; Similar to GP:3123891; identified by sequence similarity; putative.,10,0.1,-3.4213579,8.094038
Plate2_Drawer7 31-Jul-2025 10-59-37,E1,VC_1003,VC_1003,Bacteriocin production protein; Similar to GB:J01666 SP:P08550 PID:146367 PID:147415 GB:U00096; identified by sequence similarity; putative.,10,0.1,3.3061516,17.95955
Plate2_Drawer7 31-Jul-2025 10-59-37,E2,fliL,VC_2130,Flagellum-specific ATP synthase FliI; Similar to PID:1071643 SP:P52612 GB:U00096 PID:1736607 PID:1788251; identified by sequence similarity; putative.,10,0.1,9.290884,4.549981
Plate2_Drawer7 31-Jul-2025 10-59-37,E4,VC_0134,VC_0134,Conserved hypothetical protein; Identified by Glimmer2; putative.,10,0.1,-4.4094887,6.0394645
Plate2_Drawer7 31-Jul-2025 10-59-37,E5,grx,VC_1146,Glutaredoxin 1; Has a glutathione-disulfide oxidoreductase activity in the presence of NADPH and glutathione reductase. Reduces low molecular weight disulfides and proteins (By similarity).,10,0.1,-5.594723,4.0337434
Plate2_Drawer7 31-Jul-2025 10-59-37,E6,cheW,VC_2059,Purine-binding chemotaxis protein CheW; Similar to GB:M13462 SP:P07365 PID:145520 GB:U00096 PID:1736540; identified by sequence similarity; putative.,10,0.1,-2.733256,3.691667
Plate2_Drawer7 31-Jul-2025 10-59-37,E7,nfuA,VC_2720,"Conserved hypothetical protein; Involved in iron-sulfur cluster biogenesis. Binds a 4Fe-4S cluster, can transfer this cluster to apoproteins, and thereby intervenes in the maturation of Fe/S proteins. Could also act as a scaffold/chaperone for damaged Fe/S proteins.",10,0.1,2.249024,15.436833
Plate2_Drawer7 31-Jul-2025 10-59-37,E8,groS2,VC_A0819,"Chaperonin, 10 Kd subunit; Binds to Cpn60 in the presence of Mg-ATP and suppresses the ATPase activity of the latter.",10,0.1,-5.461114,4.001147
Plate2_Drawer7 31-Jul-2025 10-59-37,E9,potD1,VC_1424,"Spermidine/putrescine ABC transporter, periplasmic spermidine/putrescine-binding protein; Required for the activity of the bacterial periplasmic transport system of putrescine; Belongs to the bacterial solute-binding protein PotD/PotF family.",10,0.1,3.674958,12.734057
Plate2_Drawer7 31-Jul-2025 10-59-37,F10,WT,WT,,10,0.1,-5.376563,4.866828
Plate2_Drawer7 31-Jul-2025 10-59-37,F1,bioF,VC_1113,"8-amino-7-oxononanoate synthase; Catalyzes the decarboxylative condensation of pimeloyl-[acyl- carrier protein] and L-alanine to produce 8-amino-7-oxononanoate (AON), [acyl-carrier protein], and carbon dioxide.",10,0.1,9.290185,13.0079
Plate2_Drawer7 31-Jul-2025 10-59-37,F2,flgO,VC_2207,Hypothetical protein; Identified by Glimmer2; putative.,10,0.1,3.9243405,12.8679695
Plate2_Drawer7 31-Jul-2025 10-59-37,F3,hslO,VC_2736,Conserved hypothetical protein; Redox regulated molecular chaperone. Protects both thermally unfolding and oxidatively damaged proteins from irreversible aggregation. Plays an important role in the bacterial defense system toward oxidative stress.,10,0.1,0.6651066,10.209246
Plate2_Drawer7 31-Jul-2025 10-59-37,F4,bioC,VC_1114,Biotin synthesis protein BioC; Converts the free carboxyl group of a malonyl-thioester to its methyl ester by transfer of a methyl group from S-adenosyl-L- methionine (SAM). It allows to synthesize pimeloyl-ACP via the fatty acid synthetic pathway.,10,0.1,9.498116,12.951978
Plate2_Drawer7 31-Jul-2025 10-59-37,F5,dnaN,VC_0013,"DNA polymerase III, beta chain; Confers DNA tethering and processivity to DNA polymerases and other proteins. Acts as a clamp, forming a ring around DNA (a reaction catalyzed by the clamp-loading complex) which diffuses in an ATP- independent manner freely and bidirectionally along dsDNA. Initially characterized for its ability to contact the catalytic subunit of DNA polymerase III (Pol III), a complex, multichain enzyme responsible for most of the replicative synthesis in bacteria; Pol III exhibits 3'-5' exonuclease proofreading activity. The beta chain is required for initiation of r [...] ",10,0.1,2.5751705,11.278898
Plate2_Drawer7 31-Jul-2025 10-59-37,F6,mutH,VC_0668,DNA mismatch repair protein MutH; Sequence-specific endonuclease that cleaves unmethylated GATC sequences. It is involved in DNA mismatch repair; Belongs to the MutH family.,10,0.1,-3.633529,8.911101
Plate2_Drawer7 31-Jul-2025 10-59-37,F7,pabC,VC_2018,"4-amino-4-deoxychorismate lyase; Involved in the biosynthesis of p-aminobenzoate (PABA), a precursor of tetrahydrofolate. Converts 4-amino-4-deoxychorismate into 4-aminobenzoate (PABA) and pyruvate (By similarity).",10,0.1,3.1818416,12.58605
Plate2_Drawer7 31-Jul-2025 10-59-37,F8,lexA,VC_0092,"LexA repressor; Represses a number of genes involved in the response to DNA damage (SOS response), including recA and lexA. In the presence of single-stranded DNA, RecA interacts with LexA causing an autocatalytic cleavage which disrupts the DNA-binding part of LexA, leading to derepression of the SOS regulon and eventually DNA repair.",10,0.1,2.3109112,12.108488
Plate2_Drawer7 31-Jul-2025 10-59-37,F9,VC_2271,VC_2271,"Riboflavin-specific deaminase; Converts 2,5-diamino-6-(ribosylamino)-4(3h)-pyrimidinone 5'- phosphate into 5-amino-6-(ribosylamino)-2,4(1h,3h)-pyrimidinedione 5'- phosphate; In the C-terminal section; belongs to the HTP reductase family.",10,0.1,2.4348106,11.703137
Plate2_Drawer8 31-Jul-2025 10-59-37,A10,VC_2523,VC_2523,Conserved hypothetical protein; Identified by Glimmer2; putative.,10,0.1,-3.6013515,4.0927787
Plate2_Drawer8 31-Jul-2025 10-59-37,A11,fliR,VC_2121,Flagellar biosynthetic protein FliR; Role in flagellar biosynthesis. Belongs to the FliR/MopE/SpaR family.,10,0.1,9.005373,5.9267645
Plate2_Drawer8 31-Jul-2025 10-59-37,A12,argR,VC_0431,Arginine repressor; Regulates arginine biosynthesis genes.,10,0.1,-1.2818991,6.1356025
Plate2_Drawer8 31-Jul-2025 10-59-37,A1,flgK,VC_2191,Flagellar hook-associated protein FlgM; Similar to PID:2443633; identified by sequence similarity; putative. HOOK FILSMENT JUNCTION,10,0.1,-1.237533,9.316456
Plate2_Drawer8 31-Jul-2025 10-59-37,A2,flrB,VC_2136,Sensory box sensor histidine kinase; Similar to PID:2338728; identified by sequence similarity; putative.,10,0.1,9.661496,5.1123934
Plate2_Drawer8 31-Jul-2025 10-59-37,A3,rjg,VC_0264,Conserved hypothetical protein; Identified by Glimmer2; putative.,10,0.1,-4.8252635,4.6603665
Plate2_Drawer8 31-Jul-2025 10-59-37,A4,fliA,VC_2066,RNA polymerase sigma factor for flagellar operon FliA; Sigma factors are initiation factors that promote the attachment of RNA polymerase to specific initiation sites and are then released. This sigma factor controls the expression of flagella-related genes; Belongs to the sigma-70 factor family. FliA subfamily.,10,0.1,10.062673,3.1208942
Plate2_Drawer8 31-Jul-2025 10-59-37,A5,flgM,VC_2204,"Negative regulator of flagellin synthesis FlgM, putative; Similar to GB:L14437 SP:P39809 PID:451869 PID:1762336 GB:AL009126; identified by sequence similarity; putative.",10,0.1,-3.5335205,4.531558
Plate2_Drawer8 31-Jul-2025 10-59-37,A6,flrA,VC_2137,Sigma-54 dependent transcriptional activator; Similar to PID:2338727; identified by sequence similarity; putative.,10,0.1,2.8879604,8.875002
Plate2_Drawer8 31-Jul-2025 10-59-37,A7,VC_1291,VC_1291,Conserved hypothetical protein; Identified by Glimmer2; putative.,10,0.1,0.008750389,9.8942175
Plate2_Drawer8 31-Jul-2025 10-59-37,A8,thiI,VC_0894,"Thiamin biosynthesis protein ThiI; Catalyzes the ATP-dependent transfer of a sulfur to tRNA to produce 4-thiouridine in position 8 of tRNAs, which functions as a near-UV photosensor. Also catalyzes the transfer of sulfur to the sulfur carrier protein ThiS, forming ThiS-thiocarboxylate. This is a step in the synthesis of thiazole, in the thiamine biosynthesis pathway. The sulfur is donated as persulfide by IscS.",10,0.1,-5.0290895,4.448049
Plate2_Drawer8 31-Jul-2025 10-59-37,A9,flhB,VC_2120,"Flagellar biosynthetic protein FlhB; Required for formation of the rod structure in the basal body of the flagellar apparatus. Together with FliI and FliH, may constitute the export apparatus of flagellin; Belongs to the type III secretion exporter family.",10,0.1,8.967652,5.798554
Plate2_Drawer8 31-Jul-2025 10-59-37,B10,wbeN,VC_0251,Acyl protein synthase/acyl-CoA reductase RfbN; Similar to GB:X59554 PID:48393; identified by sequence similarity; putative.,10,0.1,-1.5985726,10.565212
Plate2_Drawer8 31-Jul-2025 10-59-37,B11,wbeL,VC_0249,rfbL protein; Similar to GB:X59554 PID:48391; identified by sequence similarity; putative.,10,0.1,5.992118,21.128908
Plate2_Drawer8 31-Jul-2025 10-59-37,B12,pstB1,VC_0726,"Phosphate ABC transporter, ATP-binding protein; Part of the ABC transporter complex PstSACB involved in phosphate import. Responsible for energy coupling to the transport system; Belongs to the ABC transporter superfamily. Phosphate importer (TC 3.A.1.7) family.",10,0.1,-2.9931183,8.4192915
Plate2_Drawer8 31-Jul-2025 10-59-37,B1,aroE,VC_0056,"Shikimate 5-dehydrogenase; Involved in the biosynthesis of the chorismate, which leads to the biosynthesis of aromatic amino acids. Catalyzes the reversible NADPH linked reduction of 3-dehydroshikimate (DHSA) to yield shikimate (SA).",10,0.1,-4.9437003,4.572815
Plate2_Drawer8 31-Jul-2025 10-59-37,B4,VC_A0146,VC_A0146,Conserved hypothetical protein; Identified by Glimmer2; putative.,10,0.1,-1.1165696,9.446251
Plate2_Drawer8 31-Jul-2025 10-59-37,B5,VC_0289,VC_0289,Gluconate utilization system gnt-I transcriptional repressor; Similar to PID:1304069; identified by sequence similarity; putative.,10,0.1,-5.2646074,4.710894
Plate2_Drawer8 31-Jul-2025 10-59-37,B6,VC_A0005,VC_A0005,Hypothetical protein; Identified by Glimmer2; putative.,10,0.1,-6.348677,4.574346
Plate2_Drawer8 31-Jul-2025 10-59-37,B8,mltF,VC_0866,"Transglycosylase, Slt family; Murein-degrading enzyme that degrades murein glycan strands and insoluble, high-molecular weight murein sacculi, with the concomitant formation of a 1,6-anhydromuramoyl product. Lytic transglycosylases (LTs) play an integral role in the metabolism of the peptidoglycan (PG) sacculus. Their lytic action creates space within the PG sacculus to allow for its expansion as well as for the insertion of various structures such as secretion systems and flagella. In the N-terminal section; belongs to the bacterial solute- binding protein 3 family.",10,0.1,8.616892,-0.11918475
Plate2_Drawer8 31-Jul-2025 10-59-37,B9,VC_A0726,VC_A0726,"Molybdenum ABC transporter, periplasmic molybdenum-binding protein; Similar to GB:L34009 SP:P37329 PID:504498 PID:973214 PID:1147817; identified by sequence similarity; putative.",10,0.1,-2.4327018,4.9380975
Plate2_Drawer8 31-Jul-2025 10-59-37,C10,flgF,VC_2196,Flagellar basal-body rod protein FlgF; Similar to GB:U00096 SP:P75938 PID:1787317; identified by sequence similarity; putative; Belongs to the flagella basal body rod proteins family.,10,0.1,9.612451,6.079808
Plate2_Drawer8 31-Jul-2025 10-59-37,C11,VC_2441,VC_2441,Conserved hypothetical protein; Identified by Glimmer2; putative.,10,0.1,0.74784774,8.208757
Plate2_Drawer8 31-Jul-2025 10-59-37,C12,VC_1710,VC_1710,Conserved hypothetical protein; Identified by Glimmer2; putative.,10,0.1,-3.573928,7.7231464
Plate2_Drawer8 31-Jul-2025 10-59-37,C1,VC_1885,VC_1885,Hypothetical protein; Identified by Glimmer2; putative.,10,0.1,0.61027366,2.7563019
Plate2_Drawer8 31-Jul-2025 10-59-37,C2,aroQ,VC_0297,3-dehydroquinate dehydratase; Catalyzes a trans-dehydration via an enolate intermediate. Belongs to the type-II 3-dehydroquinase family.,10,0.1,0.5598861,13.189168
Plate2_Drawer8 31-Jul-2025 10-59-37,C3,VC_1359,VC_1359,"Amino acid ABC transporter, ATP-binding protein; Similar to PID:1154897; identified by sequence similarity; putative.",10,0.1,-2.2996995,14.3247595
Plate2_Drawer8 31-Jul-2025 10-59-37,C4,VC_A0328,VC_A0328,"Biphenyl-2,3-diol 1,2-dioxygenase III-related protein; Similar to GB:X75635 SP:P47233 PID:473121; identified by sequence similarity; putative.",10,0.1,-3.726104,6.7707963
Plate2_Drawer8 31-Jul-2025 10-59-37,C5,VC_1350,VC_1350,"Antioxidant, putative; Thiol-specific peroxidase that catalyzes the reduction of hydrogen peroxide and organic hydroperoxides to water and alcohols, respectively. Plays a role in cell protection against oxidative stress by detoxifying peroxides; Belongs to the peroxiredoxin family. Prx5 subfamily.",10,0.1,-2.9787183,4.7594323
Plate2_Drawer8 31-Jul-2025 10-59-37,C6,manB,VC_0242,Phosphomannomutase; Involved in GDP-mannose biosynthesis which serves as the activated sugar nucleotide precursor for mannose residues in cell surface polysaccharides; Belongs to the phosphohexose mutase family.,10,0.1,-2.045231,13.486262
Plate2_Drawer8 31-Jul-2025 10-59-37,C7,mrcA,VC_2635,Penicillin-binding protein 1A; Cell wall formation. Synthesis of cross-linked peptidoglycan from the lipid intermediates. The enzyme has a penicillin-insensitive transglycosylase N-terminal domain (formation of linear glycan strands) and a penicillin-sensitive transpeptidase C-terminal domain (cross- linking of the peptide subunits).,10,0.1,8.270304,12.488016
Plate2_Drawer8 31-Jul-2025 10-59-37,C8,VC_A0079,VC_A0079,Conserved hypothetical protein; Identified by Glimmer2; putative.,10,0.1,3.430911,8.957241
Plate2_Drawer8 31-Jul-2025 10-59-37,C9,potA,VC_1428,"Spermidine/putrescine ABC transporter, ATP-binding protein; Part of the ABC transporter complex PotABCD involved in spermidine/putrescine import. Responsible for energy coupling to the transport system; Belongs to the ABC transporter superfamily. Spermidine/putrescine importer (TC 3.A.1.11.1) family.",10,0.1,4.7854075,10.225829
Plate2_Drawer8 31-Jul-2025 10-59-37,D10,bioD,VC_1115,"Dethiobiotin synthetase; Catalyzes a mechanistically unusual reaction, the ATP- dependent insertion of CO2 between the N7 and N8 nitrogen atoms of 7,8- diaminopelargonic acid (DAPA) to form an ureido ring.",10,0.1,10.243191,12.804764
Plate2_Drawer8 31-Jul-2025 10-59-37,D11,flaA,VC_2188,Flagellin core protein A; Flagellin is the subunit protein which polymerizes to form the filaments of bacterial flagella. FlaA is required to form a core or scaffold into which the other flagellins are inserted to provide structural integrity. Essential for flagellar synthesis and motility; important for full virulence.,10,0.1,8.953823,3.2216723
Plate2_Drawer8 31-Jul-2025 10-59-37,D12,wavL,VC_0239,Conserved hypothetical protein; Identified by Glimmer2; putative.,10,0.1,7.0123897,15.703464
Plate2_Drawer8 31-Jul-2025 10-59-37,D1,VC_A0340,VC_A0340,Hypothetical protein; Identified by Glimmer2; putative.,10,0.1,-3.114463,7.60992
Plate2_Drawer8 31-Jul-2025 10-59-37,D2,VC_0745,VC_0745,Inositol monophosphate family protein; Similar to GB:M34828 SP:P22783 PID:147899 GB:U00096 PID:1788882; identified by sequence similarity; putative; Belongs to the inositol monophosphatase superfamily.,10,0.1,2.7690682,15.859135
Plate2_Drawer8 31-Jul-2025 10-59-37,D3,VC_2485,VC_2485,"Transcriptional regulator, LysR family; Similar to GB:D10483 SP:P10151 GB:M21150 PID:1128961 PID:146605; identified by sequence similarity; putative; Belongs to the LysR transcriptional regulatory family.",10,0.1,2.5793562,11.279137
Plate2_Drawer8 31-Jul-2025 10-59-37,D4,rimO,VC_2620,Conserved hypothetical protein; Catalyzes the methylthiolation of an aspartic acid residue of ribosomal protein S12; Belongs to the methylthiotransferase family. RimO subfamily.,10,0.1,-5.476824,6.760395
Plate2_Drawer8 31-Jul-2025 10-59-37,D5,bioA,VC_1111,"Adenosylmethionine-8-amino-7-oxononanoate aminotransferase; Catalyzes the transfer of the alpha-amino group from S- adenosyl-L-methionine (SAM) to 7-keto-8-aminopelargonic acid (KAPA) to form 7,8-diaminopelargonic acid (DAPA). It is the only animotransferase known to utilize SAM as an amino donor; Belongs to the class-III pyridoxal-phosphate-dependent aminotransferase family. BioA subfamily.",10,0.1,10.247611,12.805295
Plate2_Drawer8 31-Jul-2025 10-59-37,D6,wbeT,VC_0259,Lipopolysaccharide biosynthesis protein RfbV; Similar to GB:X59554 PID:48400 PID:1929424; identified by sequence similarity; putative.,10,0.1,13.494998,12.876422
Plate2_Drawer8 31-Jul-2025 10-59-37,D8,flgT,VC_2208,Hypothetical protein; Identified by Glimmer2; putative.,10,0.1,9.208417,2.6082265
Plate2_Drawer8 31-Jul-2025 10-59-37,D9,glyA1,VC_0941,"Serine hydroxymethyltransferase; Catalyzes the reversible interconversion of serine and glycine with tetrahydrofolate (THF) serving as the one-carbon carrier. This reaction serves as the major source of one-carbon groups required for the biosynthesis of purines, thymidylate, methionine, and other important biomolecules. Also exhibits THF-independent aldolase activity toward beta-hydroxyamino acids, producing glycine and aldehydes, via a retro-aldol mechanism.",10,0.1,3.0653799,16.664398
Plate2_Drawer8 31-Jul-2025 10-59-37,E10,flgA,VC_2203,"Flagellar protein, putative; Similar to PID:1272364; identified by sequence similarity; putative.",10,0.1,-1.6697031,4.2703633
Plate2_Drawer8 31-Jul-2025 10-59-37,E11,VC_A0187,VC_A0187,Hypothetical protein; Identified by Glimmer2; putative.,10,0.1,2.916513,11.176449
Plate2_Drawer8 31-Jul-2025 10-59-37,E12,VC_1652,VC_1652,Response regulator VieA; Similar to GP:3123891; identified by sequence similarity; putative.,10,0.1,-3.899514,6.697946
Plate2_Drawer8 31-Jul-2025 10-59-37,E1,VC_1003,VC_1003,Bacteriocin production protein; Similar to GB:J01666 SP:P08550 PID:146367 PID:147415 GB:U00096; identified by sequence similarity; putative.,10,0.1,3.2724013,18.02879
Plate2_Drawer8 31-Jul-2025 10-59-37,E2,fliL,VC_2130,Flagellum-specific ATP synthase FliI; Similar to PID:1071643 SP:P52612 GB:U00096 PID:1736607 PID:1788251; identified by sequence similarity; putative.,10,0.1,9.142138,4.458557
Plate2_Drawer8 31-Jul-2025 10-59-37,E3,pdhE2,VC_2413,"Pyruvate dehydrogenase, E2 component, dihydrolipoamide acetyltransferase; The pyruvate dehydrogenase complex catalyzes the overall conversion of pyruvate to acetyl-CoA and CO(2).",10,0.1,5.6949058,15.898162
Plate2_Drawer8 31-Jul-2025 10-59-37,E4,VC_0134,VC_0134,Conserved hypothetical protein; Identified by Glimmer2; putative.,10,0.1,-4.0389705,6.0768356
Plate2_Drawer8 31-Jul-2025 10-59-37,E5,grx,VC_1146,Glutaredoxin 1; Has a glutathione-disulfide oxidoreductase activity in the presence of NADPH and glutathione reductase. Reduces low molecular weight disulfides and proteins (By similarity).,10,0.1,-4.3771515,7.0651
Plate2_Drawer8 31-Jul-2025 10-59-37,E6,cheW,VC_2059,Purine-binding chemotaxis protein CheW; Similar to GB:M13462 SP:P07365 PID:145520 GB:U00096 PID:1736540; identified by sequence similarity; putative.,10,0.1,-1.8540201,4.347536
Plate2_Drawer8 31-Jul-2025 10-59-37,E7,nfuA,VC_2720,"Conserved hypothetical protein; Involved in iron-sulfur cluster biogenesis. Binds a 4Fe-4S cluster, can transfer this cluster to apoproteins, and thereby intervenes in the maturation of Fe/S proteins. Could also act as a scaffold/chaperone for damaged Fe/S proteins.",10,0.1,2.1159675,15.167925
Plate2_Drawer8 31-Jul-2025 10-59-37,E8,groS2,VC_A0819,"Chaperonin, 10 Kd subunit; Binds to Cpn60 in the presence of Mg-ATP and suppresses the ATPase activity of the latter.",10,0.1,-4.449708,1.7856108
Plate2_Drawer8 31-Jul-2025 10-59-37,E9,potD1,VC_1424,"Spermidine/putrescine ABC transporter, periplasmic spermidine/putrescine-binding protein; Required for the activity of the bacterial periplasmic transport system of putrescine; Belongs to the bacterial solute-binding protein PotD/PotF family.",10,0.1,4.2083664,11.647042
Plate2_Drawer8 31-Jul-2025 10-59-37,F10,WT,WT,,10,0.1,-5.086333,1.6518896
Plate2_Drawer8 31-Jul-2025 10-59-37,F1,bioF,VC_1113,"8-amino-7-oxononanoate synthase; Catalyzes the decarboxylative condensation of pimeloyl-[acyl- carrier protein] and L-alanine to produce 8-amino-7-oxononanoate (AON), [acyl-carrier protein], and carbon dioxide.",10,0.1,9.43464,12.969081
Plate2_Drawer8 31-Jul-2025 10-59-37,F2,flgO,VC_2207,Hypothetical protein; Identified by Glimmer2; putative.,10,0.1,3.9031198,12.816109
Plate2_Drawer8 31-Jul-2025 10-59-37,F3,hslO,VC_2736,Conserved hypothetical protein; Redox regulated molecular chaperone. Protects both thermally unfolding and oxidatively damaged proteins from irreversible aggregation. Plays an important role in the bacterial defense system toward oxidative stress.,10,0.1,-0.56649864,8.557624
Plate2_Drawer8 31-Jul-2025 10-59-37,F4,bioC,VC_1114,Biotin synthesis protein BioC; Converts the free carboxyl group of a malonyl-thioester to its methyl ester by transfer of a methyl group from S-adenosyl-L- methionine (SAM). It allows to synthesize pimeloyl-ACP via the fatty acid synthetic pathway.,10,0.1,10.008405,12.858016
Plate2_Drawer8 31-Jul-2025 10-59-37,F5,dnaN,VC_0013,"DNA polymerase III, beta chain; Confers DNA tethering and processivity to DNA polymerases and other proteins. Acts as a clamp, forming a ring around DNA (a reaction catalyzed by the clamp-loading complex) which diffuses in an ATP- independent manner freely and bidirectionally along dsDNA. Initially characterized for its ability to contact the catalytic subunit of DNA polymerase III (Pol III), a complex, multichain enzyme responsible for most of the replicative synthesis in bacteria; Pol III exhibits 3'-5' exonuclease proofreading activity. The beta chain is required for initiation of r [...] ",10,0.1,2.9328046,10.782314
Plate2_Drawer8 31-Jul-2025 10-59-37,F6,mutH,VC_0668,DNA mismatch repair protein MutH; Sequence-specific endonuclease that cleaves unmethylated GATC sequences. It is involved in DNA mismatch repair; Belongs to the MutH family.,10,0.1,-3.225869,8.709125
Plate2_Drawer8 31-Jul-2025 10-59-37,F7,pabC,VC_2018,"4-amino-4-deoxychorismate lyase; Involved in the biosynthesis of p-aminobenzoate (PABA), a precursor of tetrahydrofolate. Converts 4-amino-4-deoxychorismate into 4-aminobenzoate (PABA) and pyruvate (By similarity).",10,0.1,2.708709,11.281238
Plate2_Drawer8 31-Jul-2025 10-59-37,F8,lexA,VC_0092,"LexA repressor; Represses a number of genes involved in the response to DNA damage (SOS response), including recA and lexA. In the presence of single-stranded DNA, RecA interacts with LexA causing an autocatalytic cleavage which disrupts the DNA-binding part of LexA, leading to derepression of the SOS regulon and eventually DNA repair.",10,0.1,2.3847995,11.827553
Plate2_Drawer8 31-Jul-2025 10-59-37,F9,VC_2271,VC_2271,"Riboflavin-specific deaminase; Converts 2,5-diamino-6-(ribosylamino)-4(3h)-pyrimidinone 5'- phosphate into 5-amino-6-(ribosylamino)-2,4(1h,3h)-pyrimidinedione 5'- phosphate; In the C-terminal section; belongs to the HTP reductase family.",10,0.1,2.4171443,11.6550665
