plateId,wellId,mutant,metric,umap1,umap2
241010_105227_Plate_1,A11,flaA,cosine,19.7925,6.9226794
241010_105227_Plate_1,A1,hapR,cosine,4.318533,19.18861
241010_105227_Plate_1,A2,luxO_D47E,cosine,8.887765,8.203004
241010_105227_Plate_1,A3,rbmB,cosine,9.040399,11.375393
241010_105227_Plate_1,A4,vpsL,cosine,17.78249,0.8402686
241010_105227_Plate_1,A5,WT,cosine,10.292922,-6.3388505
241010_105227_Plate_1,A6,potD1,cosine,2.7342255,17.414755
241010_105227_Plate_1,A9,vpvC_W240R,cosine,-2.0933473,0.35820597
241010_105227_Plate_1,B11,flaA,cosine,19.504007,8.815599
241010_105227_Plate_1,B1,hapR,cosine,5.313146,18.741343
241010_105227_Plate_1,B2,luxO_D47E,cosine,8.834079,8.267409
241010_105227_Plate_1,B3,rbmB,cosine,7.866591,14.204977
241010_105227_Plate_1,B4,vpsL,cosine,17.243177,1.7952142
241010_105227_Plate_1,B5,WT,cosine,12.078644,-5.152901
241010_105227_Plate_1,B6,potD1,cosine,4.9016104,16.394264
241010_105227_Plate_1,B9,vpvC_W240R,cosine,-2.638786,0.49901548
241010_105227_Plate_1,C11,flaA,cosine,19.404509,7.838111
241010_105227_Plate_1,C1,hapR,cosine,4.740404,19.52454
241010_105227_Plate_1,C2,luxO_D47E,cosine,8.8258,7.934142
241010_105227_Plate_1,C3,rbmB,cosine,8.442727,11.932154
241010_105227_Plate_1,C4,vpsL,cosine,17.551422,1.3569456
241010_105227_Plate_1,C5,WT,cosine,12.229019,-4.9788036
241010_105227_Plate_1,C6,potD1,cosine,4.9850187,16.443237
241010_105227_Plate_1,C9,vpvC_W240R,cosine,-2.296223,0.4965064
241010_105227_Plate_1,D11,flaA,cosine,19.909311,6.669157
241010_105227_Plate_1,D1,hapR,cosine,5.8213,18.390774
241010_105227_Plate_1,D2,luxO_D47E,cosine,8.645891,7.1311064
241010_105227_Plate_1,D3,rbmB,cosine,8.671541,13.137519
241010_105227_Plate_1,D4,vpsL,cosine,16.652155,1.2590764
241010_105227_Plate_1,D5,WT,cosine,11.285543,-5.9305162
241010_105227_Plate_1,D6,potD1,cosine,5.0297346,16.409
241010_105227_Plate_1,D9,vpvC_W240R,cosine,-2.1756735,0.36672604
241010_105227_Plate_1,E10,vpsL,cosine,17.095488,1.5580082
241010_105227_Plate_1,E11,WT,cosine,12.292109,-4.8578157
241010_105227_Plate_1,E12,potD1,cosine,3.8467462,16.274162
241010_105227_Plate_1,E3,vpvC_W240R,cosine,0.102424465,0.23569326
241010_105227_Plate_1,E5,flaA,cosine,20.005663,6.6308494
241010_105227_Plate_1,E7,hapR,cosine,5.706172,18.481417
241010_105227_Plate_1,E8,luxO_D47E,cosine,8.893273,6.674997
241010_105227_Plate_1,E9,rbmB,cosine,7.847309,14.106907
241010_105227_Plate_1,F10,vpsL,cosine,16.87599,2.2123618
241010_105227_Plate_1,F11,WT,cosine,9.165704,-6.2238846
241010_105227_Plate_1,F12,potD1,cosine,2.9478607,16.904263
241010_105227_Plate_1,F3,vpvC_W240R,cosine,-1.3798168,0.22439462
241010_105227_Plate_1,F5,flaA,cosine,19.930317,6.0177417
241010_105227_Plate_1,F7,hapR,cosine,5.1084604,19.681492
241010_105227_Plate_1,F8,luxO_D47E,cosine,8.927228,5.1414638
241010_105227_Plate_1,F9,rbmB,cosine,8.36413,12.569326
241010_105227_Plate_1,G10,vpsL,cosine,16.581215,0.58213764
241010_105227_Plate_1,G11,WT,cosine,12.334053,-5.0496707
241010_105227_Plate_1,G12,potD1,cosine,3.5043113,16.397305
241010_105227_Plate_1,G3,vpvC_W240R,cosine,-0.27392828,0.21142142
241010_105227_Plate_1,G5,flaA,cosine,19.307646,8.191472
241010_105227_Plate_1,G7,hapR,cosine,4.9431458,19.60746
241010_105227_Plate_1,G8,luxO_D47E,cosine,8.832311,7.3568983
241010_105227_Plate_1,G9,rbmB,cosine,8.015913,13.951943
241010_105227_Plate_1,H10,vpsL,cosine,16.390217,2.1205227
241010_105227_Plate_1,H11,WT,cosine,10.260975,-6.344247
241010_105227_Plate_1,H12,potD1,cosine,2.9607396,16.727324
241010_105227_Plate_1,H3,vpvC_W240R,cosine,-2.0715427,0.44729298
241010_105227_Plate_1,H5,flaA,cosine,19.86114,7.401385
241010_105227_Plate_1,H7,hapR,cosine,4.516848,19.945345
241010_105227_Plate_1,H8,luxO_D47E,cosine,8.639778,6.6689377
241010_105227_Plate_1,H9,rbmB,cosine,8.316004,13.106542
241010_111308_Plate_1,A11,flaA,cosine,19.194078,7.9553027
241010_111308_Plate_1,A1,hapR,cosine,3.8886433,18.994476
241010_111308_Plate_1,A2,luxO_D47E,cosine,8.840842,9.209273
241010_111308_Plate_1,A3,rbmB,cosine,8.929389,11.063957
241010_111308_Plate_1,A4,vpsL,cosine,17.831938,0.31625745
241010_111308_Plate_1,A5,WT,cosine,9.590396,-6.045594
241010_111308_Plate_1,A6,potD1,cosine,2.3110259,17.451645
241010_111308_Plate_1,A9,vpvC_W240R,cosine,-2.0104847,0.10127853
241010_111308_Plate_1,B11,flaA,cosine,19.796673,7.7628036
241010_111308_Plate_1,B1,hapR,cosine,4.4203796,19.131407
241010_111308_Plate_1,B2,luxO_D47E,cosine,8.858827,8.451663
241010_111308_Plate_1,B3,rbmB,cosine,8.713656,12.729724
241010_111308_Plate_1,B4,vpsL,cosine,17.432272,1.6001916
241010_111308_Plate_1,B5,WT,cosine,11.194804,-6.038329
241010_111308_Plate_1,B6,potD1,cosine,3.7853913,16.865728
241010_111308_Plate_1,B9,vpvC_W240R,cosine,-2.310201,0.22100125
241010_111308_Plate_1,C11,flaA,cosine,19.31609,8.087673
241010_111308_Plate_1,C1,hapR,cosine,4.523006,19.978048
241010_111308_Plate_1,C2,luxO_D47E,cosine,8.887077,8.380186
241010_111308_Plate_1,C3,rbmB,cosine,8.534848,11.743493
241010_111308_Plate_1,C4,vpsL,cosine,17.90389,0.41155732
241010_111308_Plate_1,C5,WT,cosine,12.234637,-4.965085
241010_111308_Plate_1,C6,potD1,cosine,3.9556541,16.82467
241010_111308_Plate_1,C9,vpvC_W240R,cosine,-2.0660183,0.37287006
241010_111308_Plate_1,D11,flaA,cosine,19.54192,5.5443063
241010_111308_Plate_1,D1,hapR,cosine,4.8658667,19.679356
241010_111308_Plate_1,D2,luxO_D47E,cosine,8.79115,8.128855
241010_111308_Plate_1,D3,rbmB,cosine,8.716696,12.121865
241010_111308_Plate_1,D4,vpsL,cosine,17.613632,0.6341058
241010_111308_Plate_1,D5,WT,cosine,9.031351,-6.070539
241010_111308_Plate_1,D6,potD1,cosine,5.4317565,16.160395
241010_111308_Plate_1,D9,vpvC_W240R,cosine,-2.2006993,0.15570804
241010_111308_Plate_1,E10,vpsL,cosine,17.40413,0.70899326
241010_111308_Plate_1,E11,WT,cosine,10.04148,-6.2732277
241010_111308_Plate_1,E12,potD1,cosine,2.5641072,16.678175
241010_111308_Plate_1,E3,vpvC_W240R,cosine,-0.21328907,0.05326942
241010_111308_Plate_1,E5,flaA,cosine,19.391462,8.024158
241010_111308_Plate_1,E7,hapR,cosine,4.5544095,18.93764
241010_111308_Plate_1,E8,luxO_D47E,cosine,8.905713,7.3130507
241010_111308_Plate_1,E9,rbmB,cosine,8.505244,12.975839
241010_111308_Plate_1,F10,vpsL,cosine,17.443155,1.4474132
241010_111308_Plate_1,F11,WT,cosine,9.905957,-6.29198
241010_111308_Plate_1,F12,potD1,cosine,1.8493607,17.803345
241010_111308_Plate_1,F3,vpvC_W240R,cosine,-0.033958994,0.21287474
241010_111308_Plate_1,F5,flaA,cosine,19.788,5.605807
241010_111308_Plate_1,F7,hapR,cosine,4.41892,19.86086
241010_111308_Plate_1,F8,luxO_D47E,cosine,8.60622,6.5046844
241010_111308_Plate_1,F9,rbmB,cosine,8.726596,12.105089
241010_111308_Plate_1,G10,vpsL,cosine,16.650074,1.5914844
241010_111308_Plate_1,G11,WT,cosine,11.283961,-5.4590225
241010_111308_Plate_1,G12,potD1,cosine,2.2947965,17.112213
241010_111308_Plate_1,G3,vpvC_W240R,cosine,-0.26338544,0.06321435
241010_111308_Plate_1,G5,flaA,cosine,19.60284,8.32181
241010_111308_Plate_1,G7,hapR,cosine,4.436925,19.886152
241010_111308_Plate_1,G8,luxO_D47E,cosine,8.9376955,8.171752
241010_111308_Plate_1,G9,rbmB,cosine,8.696122,12.604367
241010_111308_Plate_1,H10,vpsL,cosine,17.823864,0.97655505
241010_111308_Plate_1,H11,WT,cosine,9.7768135,-6.3294544
241010_111308_Plate_1,H12,potD1,cosine,2.1530347,16.764421
241010_111308_Plate_1,H3,vpvC_W240R,cosine,-3.357343,0.5014469
241010_111308_Plate_1,H5,flaA,cosine,19.847755,7.2232366
241010_111308_Plate_1,H7,hapR,cosine,4.5511193,20.09499
241010_111308_Plate_1,H8,luxO_D47E,cosine,8.746174,7.884921
241010_111308_Plate_1,H9,rbmB,cosine,8.910579,12.420644
241010_113157_Plate_1,A11,flaA,cosine,19.813707,5.556076
241010_113157_Plate_1,A1,hapR,cosine,4.2390165,19.74097
241010_113157_Plate_1,A2,luxO_D47E,cosine,8.81182,8.62868
241010_113157_Plate_1,A3,rbmB,cosine,8.361043,7.8795524
241010_113157_Plate_1,A4,vpsL,cosine,17.629251,0.8004301
241010_113157_Plate_1,A5,WT,cosine,9.007449,-6.018168
241010_113157_Plate_1,A6,potD1,cosine,2.4006689,17.630623
241010_113157_Plate_1,A9,vpvC_W240R,cosine,-2.3784015,0.15433729
241010_113157_Plate_1,B11,flaA,cosine,19.845346,7.2663455
241010_113157_Plate_1,B1,hapR,cosine,4.8659167,19.132462
241010_113157_Plate_1,B2,luxO_D47E,cosine,8.736343,8.504318
241010_113157_Plate_1,B3,rbmB,cosine,8.106388,13.948688
241010_113157_Plate_1,B4,vpsL,cosine,17.157936,1.3891225
241010_113157_Plate_1,B5,WT,cosine,11.174688,-6.0826206
241010_113157_Plate_1,B6,potD1,cosine,2.7940266,17.614513
241010_113157_Plate_1,B9,vpvC_W240R,cosine,-3.4794655,0.77236235
241010_113157_Plate_1,C11,flaA,cosine,19.301285,6.9615903
241010_113157_Plate_1,C1,hapR,cosine,4.8248835,19.735788
241010_113157_Plate_1,C2,luxO_D47E,cosine,8.858984,8.468244
241010_113157_Plate_1,C3,rbmB,cosine,8.611983,11.258093
241010_113157_Plate_1,C4,vpsL,cosine,17.958038,0.6571324
241010_113157_Plate_1,C5,WT,cosine,12.1819315,-5.008401
241010_113157_Plate_1,C6,potD1,cosine,3.9967012,16.732132
241010_113157_Plate_1,C9,vpvC_W240R,cosine,-0.94544035,0.2750015
241010_113157_Plate_1,D11,flaA,cosine,19.596527,5.3418083
241010_113157_Plate_1,D1,hapR,cosine,4.858248,19.450706
241010_113157_Plate_1,D2,luxO_D47E,cosine,8.862808,8.375658
241010_113157_Plate_1,D3,rbmB,cosine,8.546557,11.890124
241010_113157_Plate_1,D4,vpsL,cosine,16.47573,0.7275095
241010_113157_Plate_1,D5,WT,cosine,9.929002,-6.0660777
241010_113157_Plate_1,D6,potD1,cosine,4.787367,16.40783
241010_113157_Plate_1,D9,vpvC_W240R,cosine,-0.8482681,0.27452043
241010_113157_Plate_1,E10,vpsL,cosine,17.278542,1.5683267
241010_113157_Plate_1,E11,WT,cosine,10.014992,-6.3221965
241010_113157_Plate_1,E12,potD1,cosine,3.1488166,16.607948
241010_113157_Plate_1,E3,vpvC_W240R,cosine,0.16773652,0.38321126
241010_113157_Plate_1,E5,flaA,cosine,19.714832,5.586627
241010_113157_Plate_1,E7,hapR,cosine,4.2714605,19.72477
241010_113157_Plate_1,E8,luxO_D47E,cosine,8.867075,7.4496427
241010_113157_Plate_1,E9,rbmB,cosine,8.63744,11.570368
241010_113157_Plate_1,F10,vpsL,cosine,17.330976,1.639579
241010_113157_Plate_1,F11,WT,cosine,10.305509,-4.4681473
241010_113157_Plate_1,F12,potD1,cosine,2.6322052,16.965216
241010_113157_Plate_1,F3,vpvC_W240R,cosine,0.016360177,0.1121183
241010_113157_Plate_1,F5,flaA,cosine,19.82625,5.9874763
241010_113157_Plate_1,F7,hapR,cosine,4.535834,19.283035
241010_113157_Plate_1,F8,luxO_D47E,cosine,8.7915535,6.7490644
241010_113157_Plate_1,F9,rbmB,cosine,8.975455,12.105616
241010_113157_Plate_1,G10,vpsL,cosine,17.176691,1.7363577
241010_113157_Plate_1,G11,WT,cosine,10.513508,-4.633324
241010_113157_Plate_1,G12,potD1,cosine,2.4970183,16.744392
241010_113157_Plate_1,G3,vpvC_W240R,cosine,-0.26318187,0.018244017
241010_113157_Plate_1,G5,flaA,cosine,19.148777,7.830623
241010_113157_Plate_1,G7,hapR,cosine,4.511607,19.975676
241010_113157_Plate_1,G8,luxO_D47E,cosine,8.82301,8.319534
241010_113157_Plate_1,G9,rbmB,cosine,8.35329,12.236697
241010_113157_Plate_1,H10,vpsL,cosine,16.643126,0.570577
241010_113157_Plate_1,H11,WT,cosine,9.695454,-6.038951
241010_113157_Plate_1,H12,potD1,cosine,2.0277116,18.129587
241010_113157_Plate_1,H3,vpvC_W240R,cosine,-1.6952925,0.24554054
241010_113157_Plate_1,H5,flaA,cosine,19.612753,5.354484
241010_113157_Plate_1,H7,hapR,cosine,4.6087627,19.926538
241010_113157_Plate_1,H8,luxO_D47E,cosine,8.868283,7.887097
241010_113157_Plate_1,H9,rbmB,cosine,9.278698,12.050076
241011_175118_Plate_1,A11,flaA,cosine,19.112057,8.571795
241011_175118_Plate_1,A1,hapR,cosine,4.3232174,19.029057
241011_175118_Plate_1,A2,luxO_D47E,cosine,8.875846,7.996666
241011_175118_Plate_1,A3,rbmB,cosine,8.254792,12.896893
241011_175118_Plate_1,A4,vpsL,cosine,17.394625,1.3440391
241011_175118_Plate_1,A5,WT,cosine,11.054211,-5.939703
241011_175118_Plate_1,A6,potD1,cosine,3.0269651,17.146507
241011_175118_Plate_1,A9,vpvC_W240R,cosine,-0.92780185,0.14375935
241011_175118_Plate_1,B11,flaA,cosine,19.239943,6.6999345
241011_175118_Plate_1,B1,hapR,cosine,4.981433,19.007467
241011_175118_Plate_1,B2,luxO_D47E,cosine,8.42892,5.365883
241011_175118_Plate_1,B3,rbmB,cosine,8.91403,13.217
241011_175118_Plate_1,B4,vpsL,cosine,16.499142,2.4119945
241011_175118_Plate_1,B5,WT,cosine,11.733273,-5.2733283
241011_175118_Plate_1,B6,potD1,cosine,4.800169,16.273726
241011_175118_Plate_1,B9,vpvC_W240R,cosine,-2.8538573,0.7095389
241011_175118_Plate_1,C11,flaA,cosine,19.169771,8.768283
241011_175118_Plate_1,C1,hapR,cosine,5.9762073,17.50283
241011_175118_Plate_1,C2,luxO_D47E,cosine,8.323542,5.614013
241011_175118_Plate_1,C3,rbmB,cosine,8.280438,13.980643
241011_175118_Plate_1,C4,vpsL,cosine,16.67222,2.260511
241011_175118_Plate_1,C5,WT,cosine,9.947314,-6.0133486
241011_175118_Plate_1,C6,potD1,cosine,6.0291953,16.012894
241011_175118_Plate_1,C9,vpvC_W240R,cosine,-3.0526288,1.3777328
241011_175118_Plate_1,D11,flaA,cosine,19.251236,6.6021953
241011_175118_Plate_1,D1,hapR,cosine,4.9280705,19.492498
241011_175118_Plate_1,D2,luxO_D47E,cosine,8.248831,6.384135
241011_175118_Plate_1,D3,rbmB,cosine,8.130155,14.322057
241011_175118_Plate_1,D4,vpsL,cosine,16.288027,2.3073933
241011_175118_Plate_1,D5,WT,cosine,11.820422,-5.0608163
241011_175118_Plate_1,D6,potD1,cosine,4.998339,16.161373
241011_175118_Plate_1,D9,vpvC_W240R,cosine,-3.2209299,1.4464198
241011_175118_Plate_1,E10,vpsL,cosine,16.609396,2.3089778
241011_175118_Plate_1,E11,WT,cosine,12.260464,-4.8712945
241011_175118_Plate_1,E12,potD1,cosine,3.706681,16.221287
241011_175118_Plate_1,E3,vpvC_W240R,cosine,-0.01682057,0.43747565
241011_175118_Plate_1,E5,flaA,cosine,19.409592,6.4447885
241011_175118_Plate_1,E7,hapR,cosine,4.939389,18.093037
241011_175118_Plate_1,E8,luxO_D47E,cosine,8.213784,5.437925
241011_175118_Plate_1,E9,rbmB,cosine,8.046099,14.242601
241011_175118_Plate_1,F10,vpsL,cosine,16.817305,2.0326731
241011_175118_Plate_1,F11,WT,cosine,11.294149,-6.018577
241011_175118_Plate_1,F12,potD1,cosine,4.648147,16.233053
241011_175118_Plate_1,F3,vpvC_W240R,cosine,-3.5599484,0.8834185
241011_175118_Plate_1,F5,flaA,cosine,19.055735,8.721543
241011_175118_Plate_1,F7,hapR,cosine,5.598225,18.302242
241011_175118_Plate_1,F8,luxO_D47E,cosine,8.197333,6.3222632
241011_175118_Plate_1,F9,rbmB,cosine,8.061726,14.34631
241011_175118_Plate_1,G10,vpsL,cosine,16.582968,2.0667903
241011_175118_Plate_1,G11,WT,cosine,9.771646,-5.7211595
241011_175118_Plate_1,G12,potD1,cosine,3.7529554,16.418562
241011_175118_Plate_1,G3,vpvC_W240R,cosine,-2.9962208,0.8136065
241011_175118_Plate_1,G5,flaA,cosine,19.434887,6.385068
241011_175118_Plate_1,G7,hapR,cosine,5.7338767,18.132383
241011_175118_Plate_1,G8,luxO_D47E,cosine,8.389199,5.746457
241011_175118_Plate_1,G9,rbmB,cosine,8.228505,14.143923
241011_175118_Plate_1,H10,vpsL,cosine,16.624994,2.2628505
241011_175118_Plate_1,H11,WT,cosine,10.909174,-5.7790065
241011_175118_Plate_1,H12,potD1,cosine,2.0000076,18.20516
241011_175118_Plate_1,H3,vpvC_W240R,cosine,-0.06624601,0.3653399
241011_175118_Plate_1,H5,flaA,cosine,19.515877,6.683695
241011_175118_Plate_1,H7,hapR,cosine,5.067245,19.070381
241011_175118_Plate_1,H8,luxO_D47E,cosine,8.771551,7.7469735
241011_175118_Plate_1,H9,rbmB,cosine,8.131387,12.854922
241011_181056_Plate_1,A11,flaA,cosine,18.805483,8.269819
241011_181056_Plate_1,A1,hapR,cosine,3.9429646,19.231161
241011_181056_Plate_1,A2,luxO_D47E,cosine,8.94633,8.409085
241011_181056_Plate_1,A3,rbmB,cosine,8.929178,12.511667
241011_181056_Plate_1,A4,vpsL,cosine,17.521465,0.6193642
241011_181056_Plate_1,A5,WT,cosine,10.923845,-5.817848
241011_181056_Plate_1,A6,potD1,cosine,2.398095,17.881124
241011_181056_Plate_1,A9,vpvC_W240R,cosine,-0.48437327,0.3206522
241011_181056_Plate_1,B11,flaA,cosine,19.747137,7.1753783
241011_181056_Plate_1,B1,hapR,cosine,5.2130747,18.467468
241011_181056_Plate_1,B2,luxO_D47E,cosine,8.340013,7.4211154
241011_181056_Plate_1,B3,rbmB,cosine,8.86112,13.514182
241011_181056_Plate_1,B4,vpsL,cosine,17.165552,1.5893035
241011_181056_Plate_1,B5,WT,cosine,12.25787,-5.0157676
241011_181056_Plate_1,B6,potD1,cosine,4.020255,16.485424
241011_181056_Plate_1,B9,vpvC_W240R,cosine,-1.5542382,0.24228068
241011_181056_Plate_1,C11,flaA,cosine,19.1661,7.673088
241011_181056_Plate_1,C1,hapR,cosine,5.515235,18.154058
241011_181056_Plate_1,C2,luxO_D47E,cosine,8.211399,7.2072773
241011_181056_Plate_1,C3,rbmB,cosine,9.000088,13.08475
241011_181056_Plate_1,C4,vpsL,cosine,16.585709,1.7398918
241011_181056_Plate_1,C5,WT,cosine,8.82382,-6.0738683
241011_181056_Plate_1,C6,potD1,cosine,3.2785943,16.803423
241011_181056_Plate_1,C9,vpvC_W240R,cosine,-3.090575,1.4677136
241011_181056_Plate_1,D11,flaA,cosine,19.080053,7.458481
241011_181056_Plate_1,D1,hapR,cosine,4.587115,19.616514
241011_181056_Plate_1,D2,luxO_D47E,cosine,8.444368,7.5706487
241011_181056_Plate_1,D3,rbmB,cosine,8.734973,13.656516
241011_181056_Plate_1,D4,vpsL,cosine,16.818272,1.4051275
241011_181056_Plate_1,D5,WT,cosine,11.375054,-5.9764256
241011_181056_Plate_1,D6,potD1,cosine,2.597397,17.387556
241011_181056_Plate_1,D9,vpvC_W240R,cosine,-3.4028957,0.5736026
241011_181056_Plate_1,E10,vpsL,cosine,16.678488,1.9408418
241011_181056_Plate_1,E11,WT,cosine,11.18866,-6.010662
241011_181056_Plate_1,E12,potD1,cosine,2.0111897,17.708239
241011_181056_Plate_1,E3,vpvC_W240R,cosine,0.061407473,0.3629412
241011_181056_Plate_1,E5,flaA,cosine,19.058392,7.174351
241011_181056_Plate_1,E7,hapR,cosine,5.4573493,18.374247
241011_181056_Plate_1,E8,luxO_D47E,cosine,8.319857,5.832645
241011_181056_Plate_1,E9,rbmB,cosine,8.484407,13.644585
241011_181056_Plate_1,F10,vpsL,cosine,17.350056,1.4747593
241011_181056_Plate_1,F11,WT,cosine,11.063133,-5.792686
241011_181056_Plate_1,F12,potD1,cosine,2.4633064,17.145359
241011_181056_Plate_1,F3,vpvC_W240R,cosine,-2.699012,0.43534437
241011_181056_Plate_1,F5,flaA,cosine,18.96891,7.36256
241011_181056_Plate_1,F7,hapR,cosine,5.618529,18.159227
241011_181056_Plate_1,F8,luxO_D47E,cosine,8.616746,7.5574846
241011_181056_Plate_1,F9,rbmB,cosine,8.858191,12.610966
241011_181056_Plate_1,G10,vpsL,cosine,17.311947,1.6194547
241011_181056_Plate_1,G11,WT,cosine,9.447536,-6.2599773
241011_181056_Plate_1,G12,potD1,cosine,2.3699834,16.975964
241011_181056_Plate_1,G3,vpvC_W240R,cosine,-2.9268923,0.24915251
241011_181056_Plate_1,G5,flaA,cosine,19.353842,6.3981485
241011_181056_Plate_1,G7,hapR,cosine,4.7871284,19.262629
241011_181056_Plate_1,G8,luxO_D47E,cosine,8.465322,5.837888
241011_181056_Plate_1,G9,rbmB,cosine,8.6715355,12.904079
241011_181056_Plate_1,H10,vpsL,cosine,16.21951,1.7863761
241011_181056_Plate_1,H11,WT,cosine,10.618104,-5.84169
241011_181056_Plate_1,H12,potD1,cosine,1.8638608,18.055626
241011_181056_Plate_1,H3,vpvC_W240R,cosine,-1.2539116,0.15396415
241011_181056_Plate_1,H5,flaA,cosine,18.905313,7.2823877
241011_181056_Plate_1,H7,hapR,cosine,4.9991055,19.038815
241011_181056_Plate_1,H8,luxO_D47E,cosine,8.613493,7.364058
241011_181056_Plate_1,H9,rbmB,cosine,9.083118,12.906341
241011_183053_Plate_1,A11,flaA,cosine,18.839382,8.555943
241011_183053_Plate_1,A1,hapR,cosine,3.9974263,18.946964
241011_183053_Plate_1,A2,luxO_D47E,cosine,8.870507,8.584632
241011_183053_Plate_1,A3,rbmB,cosine,9.402886,11.519017
241011_183053_Plate_1,A4,vpsL,cosine,17.578062,0.69872016
241011_183053_Plate_1,A5,WT,cosine,11.168776,-5.6502223
241011_183053_Plate_1,A6,potD1,cosine,2.5433545,17.559874
241011_183053_Plate_1,A9,vpvC_W240R,cosine,-1.1473184,0.13352199
241011_183053_Plate_1,B11,flaA,cosine,19.464191,6.40048
241011_183053_Plate_1,B1,hapR,cosine,4.932538,18.359415
241011_183053_Plate_1,B2,luxO_D47E,cosine,8.346665,6.7761416
241011_183053_Plate_1,B3,rbmB,cosine,8.718052,12.956998
241011_183053_Plate_1,B4,vpsL,cosine,17.659552,1.182108
241011_183053_Plate_1,B5,WT,cosine,11.489976,-5.934499
241011_183053_Plate_1,B6,potD1,cosine,3.6537764,16.823872
241011_183053_Plate_1,B9,vpvC_W240R,cosine,-2.665211,0.3018606
241011_183053_Plate_1,C11,flaA,cosine,18.950956,8.370858
241011_183053_Plate_1,C1,hapR,cosine,5.4337535,18.185667
241011_183053_Plate_1,C2,luxO_D47E,cosine,8.2956295,6.584571
241011_183053_Plate_1,C3,rbmB,cosine,8.2132,14.238406
241011_183053_Plate_1,C4,vpsL,cosine,16.882095,2.118278
241011_183053_Plate_1,C5,WT,cosine,9.008496,-5.9431787
241011_183053_Plate_1,C6,potD1,cosine,2.607401,17.446915
241011_183053_Plate_1,C9,vpvC_W240R,cosine,-2.840135,1.0722684
241011_183053_Plate_1,D11,flaA,cosine,18.833567,7.790343
241011_183053_Plate_1,D1,hapR,cosine,4.645998,19.159143
241011_183053_Plate_1,D2,luxO_D47E,cosine,8.1931505,6.3203135
241011_183053_Plate_1,D3,rbmB,cosine,8.414971,13.929559
241011_183053_Plate_1,D4,vpsL,cosine,16.884733,1.5298859
241011_183053_Plate_1,D5,WT,cosine,11.647806,-5.752573
241011_183053_Plate_1,D6,potD1,cosine,3.387012,16.83671
241011_183053_Plate_1,D9,vpvC_W240R,cosine,-3.1785266,0.33593002
241011_183053_Plate_1,E10,vpsL,cosine,16.866648,1.5035788
241011_183053_Plate_1,E11,WT,cosine,11.380315,-5.855741
241011_183053_Plate_1,E12,potD1,cosine,2.179483,17.174349
241011_183053_Plate_1,E3,vpvC_W240R,cosine,0.003949589,0.20408848
241011_183053_Plate_1,E5,flaA,cosine,19.018385,7.166094
241011_183053_Plate_1,E7,hapR,cosine,4.972929,18.632109
241011_183053_Plate_1,E8,luxO_D47E,cosine,8.319766,5.195
241011_183053_Plate_1,E9,rbmB,cosine,8.726437,13.490791
241011_183053_Plate_1,F10,vpsL,cosine,17.628078,1.254057
241011_183053_Plate_1,F11,WT,cosine,9.898633,-6.052534
241011_183053_Plate_1,F12,potD1,cosine,3.5093575,16.316425
241011_183053_Plate_1,F3,vpvC_W240R,cosine,-2.6558518,0.31164047
241011_183053_Plate_1,F5,flaA,cosine,19.005266,8.635644
241011_183053_Plate_1,F7,hapR,cosine,5.6863585,17.908958
241011_183053_Plate_1,F8,luxO_D47E,cosine,8.477684,6.8922935
241011_183053_Plate_1,F9,rbmB,cosine,8.634762,13.504598
241011_183053_Plate_1,G10,vpsL,cosine,17.1581,1.6075209
241011_183053_Plate_1,G11,WT,cosine,10.999528,-5.42434
241011_183053_Plate_1,G12,potD1,cosine,2.23102,17.294125
241011_183053_Plate_1,G3,vpvC_W240R,cosine,-3.17764,0.38154516
241011_183053_Plate_1,G5,flaA,cosine,19.04887,8.696918
241011_183053_Plate_1,G7,hapR,cosine,4.7255116,19.153376
241011_183053_Plate_1,G8,luxO_D47E,cosine,7.941232,6.6145573
241011_183053_Plate_1,G9,rbmB,cosine,8.365593,13.362366
241011_183053_Plate_1,H10,vpsL,cosine,16.30082,1.7981846
241011_183053_Plate_1,H11,WT,cosine,10.560383,-6.105388
241011_183053_Plate_1,H12,potD1,cosine,2.0192103,18.084295
241011_183053_Plate_1,H3,vpvC_W240R,cosine,-1.541315,0.21684542
241011_183053_Plate_1,H5,flaA,cosine,19.570337,6.3162227
241011_183053_Plate_1,H7,hapR,cosine,4.3936305,19.575748
241011_183053_Plate_1,H8,luxO_D47E,cosine,8.751238,7.2097874
241011_183053_Plate_1,H9,rbmB,cosine,8.618063,12.6479025
241014_113135_Plate_1,A11,flaA,cosine,19.023548,7.4698234
241014_113135_Plate_1,A1,hapR,cosine,5.691536,17.159115
241014_113135_Plate_1,A2,luxO_D47E,cosine,9.214832,4.169633
241014_113135_Plate_1,A3,rbmB,cosine,7.6475196,14.440603
241014_113135_Plate_1,A4,vpsL,cosine,16.643816,2.127435
241014_113135_Plate_1,A5,WT,cosine,16.371794,2.38885
241014_113135_Plate_1,A6,potD1,cosine,5.7651772,16.033106
241014_113135_Plate_1,A9,vpvC_W240R,cosine,-0.9227541,0.1879196
241014_113135_Plate_1,B11,flaA,cosine,19.20189,8.421288
241014_113135_Plate_1,B1,hapR,cosine,4.706232,18.608347
241014_113135_Plate_1,B2,luxO_D47E,cosine,9.202359,4.1735864
241014_113135_Plate_1,B3,rbmB,cosine,8.074071,14.200312
241014_113135_Plate_1,B4,vpsL,cosine,16.310015,2.0890162
241014_113135_Plate_1,B5,WT,cosine,16.254036,2.5046065
241014_113135_Plate_1,B6,potD1,cosine,6.9830184,15.317224
241014_113135_Plate_1,B9,vpvC_W240R,cosine,-3.6455286,0.801558
241014_113135_Plate_1,C11,flaA,cosine,19.492933,5.325975
241014_113135_Plate_1,C1,hapR,cosine,9.203821,4.6483603
241014_113135_Plate_1,C2,luxO_D47E,cosine,9.054214,4.411089
241014_113135_Plate_1,C3,rbmB,cosine,9.282294,4.0158668
241014_113135_Plate_1,C4,vpsL,cosine,16.217947,2.5503402
241014_113135_Plate_1,C5,WT,cosine,16.261904,2.4681773
241014_113135_Plate_1,C6,potD1,cosine,9.353596,4.0892205
241014_113135_Plate_1,C9,vpvC_W240R,cosine,6.335071,16.21864
241014_113135_Plate_1,D11,flaA,cosine,19.49406,5.47621
241014_113135_Plate_1,D1,hapR,cosine,6.8149457,15.523267
241014_113135_Plate_1,D2,luxO_D47E,cosine,9.109618,4.291179
241014_113135_Plate_1,D3,rbmB,cosine,7.9829454,14.288938
241014_113135_Plate_1,D4,vpsL,cosine,16.412329,2.5229328
241014_113135_Plate_1,D5,WT,cosine,16.156826,2.4736884
241014_113135_Plate_1,D9,vpvC_W240R,cosine,-3.1204095,1.6169015
241014_113135_Plate_1,E10,vpsL,cosine,16.329435,1.1774914
241014_113135_Plate_1,E11,WT,cosine,12.243321,-4.7443967
241014_113135_Plate_1,E12,potD1,cosine,3.600331,16.513678
241014_113135_Plate_1,E3,vpvC_W240R,cosine,5.9524193,16.534964
241014_113135_Plate_1,E5,flaA,cosine,9.34383,4.102391
241014_113135_Plate_1,E7,hapR,cosine,7.9760137,7.3763733
241014_113135_Plate_1,E8,luxO_D47E,cosine,8.991939,4.3957415
241014_113135_Plate_1,E9,rbmB,cosine,7.690295,14.464385
241014_113135_Plate_1,F10,vpsL,cosine,16.508366,1.1686268
241014_113135_Plate_1,F11,WT,cosine,12.15373,-5.0354757
241014_113135_Plate_1,F12,potD1,cosine,3.4229293,16.490614
241014_113135_Plate_1,F3,vpvC_W240R,cosine,-3.2558393,1.3615241
241014_113135_Plate_1,F5,flaA,cosine,9.345932,4.1417065
241014_113135_Plate_1,F7,hapR,cosine,6.737719,15.652699
241014_113135_Plate_1,F8,luxO_D47E,cosine,8.987516,5.2864776
241014_113135_Plate_1,F9,rbmB,cosine,8.005043,14.039768
241014_113135_Plate_1,G10,vpsL,cosine,16.324953,1.6485081
241014_113135_Plate_1,G11,WT,cosine,12.216043,-4.919288
241014_113135_Plate_1,G12,potD1,cosine,3.6413345,16.535666
241014_113135_Plate_1,G3,vpvC_W240R,cosine,-3.2333171,1.5233198
241014_113135_Plate_1,G5,flaA,cosine,19.120237,8.106051
241014_113135_Plate_1,G7,hapR,cosine,6.1364746,17.252104
241014_113135_Plate_1,G8,luxO_D47E,cosine,8.887085,4.822368
241014_113135_Plate_1,G9,rbmB,cosine,8.460607,13.111691
241014_113135_Plate_1,H10,vpsL,cosine,16.17021,1.3349724
241014_113135_Plate_1,H11,WT,cosine,10.371652,-5.5133266
241014_113135_Plate_1,H12,potD1,cosine,3.7379372,16.129211
241014_113135_Plate_1,H3,vpvC_W240R,cosine,-3.0037096,0.6746697
241014_113135_Plate_1,H5,flaA,cosine,19.691708,6.781946
241014_113135_Plate_1,H7,hapR,cosine,6.025963,17.149443
241014_113135_Plate_1,H8,luxO_D47E,cosine,9.137564,4.2700133
241014_113135_Plate_1,H9,rbmB,cosine,9.45835,11.593502
241014_115113_Plate_1,A11,flaA,cosine,19.44733,6.7375
241014_115113_Plate_1,A1,hapR,cosine,4.3806577,18.507107
241014_115113_Plate_1,A2,luxO_D47E,cosine,8.728047,4.7146134
241014_115113_Plate_1,A3,rbmB,cosine,9.285863,12.1552305
241014_115113_Plate_1,A4,vpsL,cosine,16.593496,2.0492032
241014_115113_Plate_1,A5,WT,cosine,10.708573,-5.8229265
241014_115113_Plate_1,A6,potD1,cosine,2.4545324,17.689728
241014_115113_Plate_1,A9,vpvC_W240R,cosine,-2.349006,0.21587788
241014_115113_Plate_1,B11,flaA,cosine,18.97856,8.257547
241014_115113_Plate_1,B1,hapR,cosine,4.8423505,19.47869
241014_115113_Plate_1,B2,luxO_D47E,cosine,9.143794,4.24507
241014_115113_Plate_1,B3,rbmB,cosine,9.033821,12.043549
241014_115113_Plate_1,B4,vpsL,cosine,16.46517,2.2063925
241014_115113_Plate_1,B5,WT,cosine,12.096443,-4.8476257
241014_115113_Plate_1,B6,potD1,cosine,4.3919487,16.381144
241014_115113_Plate_1,B9,vpvC_W240R,cosine,-3.5627363,0.75557506
241014_115113_Plate_1,C11,flaA,cosine,19.610542,5.5223317
241014_115113_Plate_1,C1,hapR,cosine,6.6743345,15.701436
241014_115113_Plate_1,C2,luxO_D47E,cosine,8.872663,4.8487573
241014_115113_Plate_1,C3,rbmB,cosine,7.630536,14.533628
241014_115113_Plate_1,C4,vpsL,cosine,16.298376,2.5222814
241014_115113_Plate_1,C5,WT,cosine,16.185919,2.472369
241014_115113_Plate_1,C6,potD1,cosine,3.684243,16.69503
241014_115113_Plate_1,C9,vpvC_W240R,cosine,-2.9771106,1.2145239
241014_115113_Plate_1,D11,flaA,cosine,18.972921,8.146653
241014_115113_Plate_1,D1,hapR,cosine,6.116933,16.905106
241014_115113_Plate_1,D2,luxO_D47E,cosine,8.824602,5.101203
241014_115113_Plate_1,D3,rbmB,cosine,8.698791,13.645292
241014_115113_Plate_1,D4,vpsL,cosine,16.382994,2.4326541
241014_115113_Plate_1,D5,WT,cosine,11.073726,-5.8905215
241014_115113_Plate_1,D9,vpvC_W240R,cosine,-1.1404954,0.4514212
241014_115113_Plate_1,E10,vpsL,cosine,16.272701,0.75110483
241014_115113_Plate_1,E11,WT,cosine,12.037006,-4.5771
241014_115113_Plate_1,E12,potD1,cosine,2.0938036,17.541376
241014_115113_Plate_1,E3,vpvC_W240R,cosine,-2.5123723,0.98609215
241014_115113_Plate_1,E5,flaA,cosine,19.347795,5.1122866
241014_115113_Plate_1,E7,hapR,cosine,5.6922975,17.096884
241014_115113_Plate_1,E8,luxO_D47E,cosine,8.588409,6.1950145
241014_115113_Plate_1,E9,rbmB,cosine,9.141454,11.762696
241014_115113_Plate_1,F10,vpsL,cosine,17.16963,1.4526991
241014_115113_Plate_1,F11,WT,cosine,9.29402,-5.993612
241014_115113_Plate_1,F12,potD1,cosine,1.9421338,17.545214
241014_115113_Plate_1,F3,vpvC_W240R,cosine,-3.590387,0.7312278
241014_115113_Plate_1,F5,flaA,cosine,9.437886,4.174496
241014_115113_Plate_1,F7,hapR,cosine,5.8038964,17.342735
241014_115113_Plate_1,F8,luxO_D47E,cosine,8.733672,6.107816
241014_115113_Plate_1,F9,rbmB,cosine,8.00301,13.658661
241014_115113_Plate_1,G10,vpsL,cosine,17.088266,0.8188917
241014_115113_Plate_1,G11,WT,cosine,12.063495,-5.102051
241014_115113_Plate_1,G12,potD1,cosine,2.2158973,17.664272
241014_115113_Plate_1,G3,vpvC_W240R,cosine,-3.4432254,0.7566507
241014_115113_Plate_1,G5,flaA,cosine,19.290312,6.804125
241014_115113_Plate_1,G7,hapR,cosine,5.522599,18.290905
241014_115113_Plate_1,G8,luxO_D47E,cosine,8.80817,5.8472724
241014_115113_Plate_1,G9,rbmB,cosine,9.041461,12.975205
241014_115113_Plate_1,H10,vpsL,cosine,16.16281,1.2973942
241014_115113_Plate_1,H11,WT,cosine,10.56157,-5.920397
241014_115113_Plate_1,H12,potD1,cosine,2.2667322,17.085697
241014_115113_Plate_1,H3,vpvC_W240R,cosine,-0.24739356,0.18538946
241014_115113_Plate_1,H5,flaA,cosine,19.525366,5.2505827
241014_115113_Plate_1,H7,hapR,cosine,6.0738373,17.31232
241014_115113_Plate_1,H8,luxO_D47E,cosine,9.021127,5.4132547
241014_115113_Plate_1,H9,rbmB,cosine,9.264531,11.936909
241014_121049_Plate_1,A11,flaA,cosine,18.911491,7.881361
241014_121049_Plate_1,A1,hapR,cosine,4.77789,18.326096
241014_121049_Plate_1,A2,luxO_D47E,cosine,8.929193,4.5478873
241014_121049_Plate_1,A3,rbmB,cosine,8.352655,13.396223
241014_121049_Plate_1,A4,vpsL,cosine,16.820536,1.686769
241014_121049_Plate_1,A5,WT,cosine,10.767571,-5.7675066
241014_121049_Plate_1,A6,potD1,cosine,3.4584534,16.153948
241014_121049_Plate_1,A9,vpvC_W240R,cosine,-0.7715356,0.08480507
241014_121049_Plate_1,B11,flaA,cosine,18.910458,8.636112
241014_121049_Plate_1,B1,hapR,cosine,4.814091,19.3454
241014_121049_Plate_1,B2,luxO_D47E,cosine,8.846904,4.6292415
241014_121049_Plate_1,B3,rbmB,cosine,9.13516,12.208369
241014_121049_Plate_1,B4,vpsL,cosine,16.48426,1.4735266
241014_121049_Plate_1,B5,WT,cosine,11.932827,-4.961229
241014_121049_Plate_1,B6,potD1,cosine,3.8403664,16.831076
241014_121049_Plate_1,B9,vpvC_W240R,cosine,-3.1610048,0.32700852
241014_121049_Plate_1,C11,flaA,cosine,19.461828,5.400992
241014_121049_Plate_1,C1,hapR,cosine,6.5592027,15.904949
241014_121049_Plate_1,C2,luxO_D47E,cosine,8.7511425,4.7498293
241014_121049_Plate_1,C3,rbmB,cosine,8.008327,14.299593
241014_121049_Plate_1,C4,vpsL,cosine,16.228666,1.7063559
241014_121049_Plate_1,C5,WT,cosine,16.250162,2.265738
241014_121049_Plate_1,C6,potD1,cosine,3.0859075,16.661972
241014_121049_Plate_1,C9,vpvC_W240R,cosine,-3.0580552,1.3601704
241014_121049_Plate_1,D11,flaA,cosine,19.538378,5.608051
241014_121049_Plate_1,D1,hapR,cosine,5.8410106,17.06509
241014_121049_Plate_1,D2,luxO_D47E,cosine,9.002308,4.6353292
241014_121049_Plate_1,D3,rbmB,cosine,8.226062,13.125215
241014_121049_Plate_1,D4,vpsL,cosine,16.17448,1.7254059
241014_121049_Plate_1,D5,WT,cosine,10.887719,-5.6665998
241014_121049_Plate_1,D9,vpvC_W240R,cosine,-2.6731894,0.35245398
241014_121049_Plate_1,E10,vpsL,cosine,17.38195,1.3827124
241014_121049_Plate_1,E11,WT,cosine,10.996898,-5.4524612
241014_121049_Plate_1,E12,potD1,cosine,2.4372818,16.826641
241014_121049_Plate_1,E3,vpvC_W240R,cosine,-1.4098413,0.3934036
241014_121049_Plate_1,E5,flaA,cosine,19.196358,6.9816523
241014_121049_Plate_1,E7,hapR,cosine,5.566906,17.277208
241014_121049_Plate_1,E8,luxO_D47E,cosine,8.725113,5.53052
241014_121049_Plate_1,E9,rbmB,cosine,9.1687765,12.363571
241014_121049_Plate_1,F10,vpsL,cosine,17.92365,0.8249624
241014_121049_Plate_1,F11,WT,cosine,10.8730135,-5.266266
241014_121049_Plate_1,F12,potD1,cosine,2.2923636,17.822687
241014_121049_Plate_1,F3,vpvC_W240R,cosine,-2.9754086,0.28745046
241014_121049_Plate_1,F5,flaA,cosine,19.606764,5.3334427
241014_121049_Plate_1,F7,hapR,cosine,5.6603236,17.662918
241014_121049_Plate_1,F8,luxO_D47E,cosine,8.518682,6.369682
241014_121049_Plate_1,F9,rbmB,cosine,8.489791,13.388041
241014_121049_Plate_1,G10,vpsL,cosine,17.125568,0.9357996
241014_121049_Plate_1,G11,WT,cosine,10.917829,-5.6864963
241014_121049_Plate_1,G12,potD1,cosine,2.29527,16.765747
241014_121049_Plate_1,G3,vpvC_W240R,cosine,-3.3917522,0.7272062
241014_121049_Plate_1,G5,flaA,cosine,18.973478,7.327042
241014_121049_Plate_1,G7,hapR,cosine,5.7771387,17.993494
241014_121049_Plate_1,G8,luxO_D47E,cosine,8.898985,5.06254
241014_121049_Plate_1,G9,rbmB,cosine,9.358079,11.907958
241014_121049_Plate_1,H10,vpsL,cosine,16.548687,0.9228968
241014_121049_Plate_1,H11,WT,cosine,9.5587,-6.236362
241014_121049_Plate_1,H12,potD1,cosine,2.426439,16.534292
241014_121049_Plate_1,H3,vpvC_W240R,cosine,-1.6455157,0.17848842
241014_121049_Plate_1,H5,flaA,cosine,19.56217,5.8094807
241014_121049_Plate_1,H7,hapR,cosine,5.2711644,18.03397
241014_121049_Plate_1,H8,luxO_D47E,cosine,8.967276,5.3461113
241014_121049_Plate_1,H9,rbmB,cosine,9.376421,11.448764
241016_105223_Plate_1,A11,flaA,cosine,19.581438,6.8235707
241016_105223_Plate_1,A1,hapR,cosine,5.908713,17.101034
241016_105223_Plate_1,A2,luxO_D47E,cosine,8.752086,5.2682905
241016_105223_Plate_1,A3,rbmB,cosine,8.614567,11.769647
241016_105223_Plate_1,A4,vpsL,cosine,16.798838,1.0984945
241016_105223_Plate_1,A5,WT,cosine,11.054183,-5.501059
241016_105223_Plate_1,A6,potD1,cosine,2.618851,16.430752
241016_105223_Plate_1,A9,vpvC_W240R,cosine,-2.5650334,0.9370943
241016_105223_Plate_1,B11,flaA,cosine,19.353903,8.293778
241016_105223_Plate_1,B1,hapR,cosine,6.029348,16.924572
241016_105223_Plate_1,B2,luxO_D47E,cosine,8.84498,5.778321
241016_105223_Plate_1,B3,rbmB,cosine,8.597728,12.9553
241016_105223_Plate_1,B4,vpsL,cosine,17.894209,0.38762128
241016_105223_Plate_1,B5,WT,cosine,11.365105,-5.4278874
241016_105223_Plate_1,B6,potD1,cosine,4.7806935,16.449738
241016_105223_Plate_1,B9,vpvC_W240R,cosine,-2.5282867,0.85858494
241016_105223_Plate_1,C11,flaA,cosine,19.698435,5.421509
241016_105223_Plate_1,C1,hapR,cosine,6.017224,17.053244
241016_105223_Plate_1,C2,luxO_D47E,cosine,8.729616,5.829982
241016_105223_Plate_1,C3,rbmB,cosine,8.584531,11.8427305
241016_105223_Plate_1,C4,vpsL,cosine,17.185638,1.6065214
241016_105223_Plate_1,C5,WT,cosine,10.378242,-5.898879
241016_105223_Plate_1,C6,potD1,cosine,4.2479453,16.778797
241016_105223_Plate_1,C9,vpvC_W240R,cosine,-3.0118167,1.2139311
241016_105223_Plate_1,D11,flaA,cosine,19.759233,5.356253
241016_105223_Plate_1,D1,hapR,cosine,5.8793025,16.869223
241016_105223_Plate_1,D2,luxO_D47E,cosine,9.091722,5.0997925
241016_105223_Plate_1,D3,rbmB,cosine,8.00864,13.752082
241016_105223_Plate_1,D4,vpsL,cosine,17.052423,1.2160687
241016_105223_Plate_1,D5,WT,cosine,10.19133,-6.233663
241016_105223_Plate_1,D6,potD1,cosine,4.611239,16.352854
241016_105223_Plate_1,D9,vpvC_W240R,cosine,-3.1095386,1.4820386
241016_105223_Plate_1,E10,vpsL,cosine,16.279102,1.0148228
241016_105223_Plate_1,E11,WT,cosine,10.379152,-6.218214
241016_105223_Plate_1,E12,potD1,cosine,3.322941,16.19773
241016_105223_Plate_1,E3,vpvC_W240R,cosine,-2.4398272,0.94422096
241016_105223_Plate_1,E5,flaA,cosine,19.884552,7.04983
241016_105223_Plate_1,E7,hapR,cosine,5.834959,16.958174
241016_105223_Plate_1,E8,luxO_D47E,cosine,8.989585,4.9866548
241016_105223_Plate_1,E9,rbmB,cosine,8.98691,12.806967
241016_105223_Plate_1,F10,vpsL,cosine,16.90397,1.3970202
241016_105223_Plate_1,F11,WT,cosine,9.923509,-6.16082
241016_105223_Plate_1,F12,potD1,cosine,2.7581031,16.322392
241016_105223_Plate_1,F3,vpvC_W240R,cosine,-3.4434412,0.72569656
241016_105223_Plate_1,F5,flaA,cosine,19.702307,7.484498
241016_105223_Plate_1,F7,hapR,cosine,5.8309813,16.892185
241016_105223_Plate_1,F8,luxO_D47E,cosine,8.839029,5.714243
241016_105223_Plate_1,F9,rbmB,cosine,8.187868,13.174285
241016_105223_Plate_1,G10,vpsL,cosine,16.218836,0.9998709
241016_105223_Plate_1,G11,WT,cosine,9.255014,-6.0809264
241016_105223_Plate_1,G12,potD1,cosine,2.4893582,16.894728
241016_105223_Plate_1,G3,vpvC_W240R,cosine,-2.8340697,0.9246381
241016_105223_Plate_1,G5,flaA,cosine,19.746305,7.4383497
241016_105223_Plate_1,G7,hapR,cosine,6.154547,17.368366
241016_105223_Plate_1,G8,luxO_D47E,cosine,8.712834,5.5378203
241016_105223_Plate_1,G9,rbmB,cosine,8.090865,14.065407
241016_105223_Plate_1,H10,vpsL,cosine,16.355228,0.777109
241016_105223_Plate_1,H11,WT,cosine,10.376624,-6.2158422
241016_105223_Plate_1,H12,potD1,cosine,3.174804,16.209934
241016_105223_Plate_1,H3,vpvC_W240R,cosine,-2.4476786,0.748635
241016_105223_Plate_1,H5,flaA,cosine,19.659544,7.966171
241016_105223_Plate_1,H7,hapR,cosine,6.4964437,16.003113
241016_105223_Plate_1,H8,luxO_D47E,cosine,8.953931,5.284406
241016_105223_Plate_1,H9,rbmB,cosine,8.445907,12.466573
241016_113137_Plate_1,A11,flaA,cosine,18.998714,7.539557
241016_113137_Plate_1,A1,hapR,cosine,4.2206073,18.786892
241016_113137_Plate_1,A2,luxO_D47E,cosine,9.028639,7.09915
241016_113137_Plate_1,A3,rbmB,cosine,8.924373,10.999666
241016_113137_Plate_1,A4,vpsL,cosine,17.739489,0.9079832
241016_113137_Plate_1,A5,WT,cosine,10.289309,-5.3711176
241016_113137_Plate_1,A6,potD1,cosine,2.1923735,16.694798
241016_113137_Plate_1,A9,vpvC_W240R,cosine,-2.3137302,0.44496012
241016_113137_Plate_1,B11,flaA,cosine,19.165522,8.402495
241016_113137_Plate_1,B1,hapR,cosine,5.0586944,18.443003
241016_113137_Plate_1,B2,luxO_D47E,cosine,8.894754,6.919027
241016_113137_Plate_1,B3,rbmB,cosine,8.928121,11.953799
241016_113137_Plate_1,B4,vpsL,cosine,17.798824,0.039772637
241016_113137_Plate_1,B5,WT,cosine,9.749995,-6.2599707
241016_113137_Plate_1,B6,potD1,cosine,2.6224916,17.064234
241016_113137_Plate_1,B9,vpvC_W240R,cosine,-0.7551935,0.33416685
241016_113137_Plate_1,C11,flaA,cosine,19.544676,6.37898
241016_113137_Plate_1,C1,hapR,cosine,5.109251,17.962639
241016_113137_Plate_1,C2,luxO_D47E,cosine,8.896266,6.261097
241016_113137_Plate_1,C3,rbmB,cosine,8.814154,11.09753
241016_113137_Plate_1,C4,vpsL,cosine,17.894554,0.81922185
241016_113137_Plate_1,C5,WT,cosine,10.781017,-6.199912
241016_113137_Plate_1,C6,potD1,cosine,2.7568362,17.251461
241016_113137_Plate_1,C9,vpvC_W240R,cosine,-3.134939,1.56496
241016_113137_Plate_1,D11,flaA,cosine,19.307934,7.227996
241016_113137_Plate_1,D1,hapR,cosine,5.6143656,18.093988
241016_113137_Plate_1,D2,luxO_D47E,cosine,8.840978,5.6364737
241016_113137_Plate_1,D3,rbmB,cosine,8.755645,12.1304455
241016_113137_Plate_1,D4,vpsL,cosine,17.939903,0.36784303
241016_113137_Plate_1,D5,WT,cosine,8.657735,-6.1149144
241016_113137_Plate_1,D6,potD1,cosine,4.7515187,16.201622
241016_113137_Plate_1,D9,vpvC_W240R,cosine,-3.0958807,1.3297558
241016_113137_Plate_1,E10,vpsL,cosine,17.897202,0.48282653
241016_113137_Plate_1,E11,WT,cosine,9.622253,-6.1751714
241016_113137_Plate_1,E12,potD1,cosine,2.0777414,17.473713
241016_113137_Plate_1,E3,vpvC_W240R,cosine,-2.148928,0.13061556
241016_113137_Plate_1,E5,flaA,cosine,19.741358,7.053722
241016_113137_Plate_1,E7,hapR,cosine,4.994461,18.881058
241016_113137_Plate_1,E8,luxO_D47E,cosine,8.821274,6.754777
241016_113137_Plate_1,E9,rbmB,cosine,8.781847,12.002336
241016_113137_Plate_1,F10,vpsL,cosine,17.3809,1.203304
241016_113137_Plate_1,F11,WT,cosine,8.857058,-6.1534357
241016_113137_Plate_1,F12,potD1,cosine,2.3587437,16.556204
241016_113137_Plate_1,F3,vpvC_W240R,cosine,-3.3304255,0.44890255
241016_113137_Plate_1,F5,flaA,cosine,19.922396,6.451629
241016_113137_Plate_1,F7,hapR,cosine,5.8576455,17.677193
241016_113137_Plate_1,F8,luxO_D47E,cosine,8.940109,6.674558
241016_113137_Plate_1,F9,rbmB,cosine,8.700671,11.426462
241016_113137_Plate_1,G10,vpsL,cosine,16.734236,1.9500172
241016_113137_Plate_1,G11,WT,cosine,8.754184,-6.1883492
241016_113137_Plate_1,G12,potD1,cosine,2.0547032,18.153526
241016_113137_Plate_1,G3,vpvC_W240R,cosine,-1.1749363,0.3999076
241016_113137_Plate_1,G5,flaA,cosine,19.253088,8.000707
241016_113137_Plate_1,G7,hapR,cosine,6.0351534,17.560947
241016_113137_Plate_1,G8,luxO_D47E,cosine,8.733202,6.1831317
241016_113137_Plate_1,G9,rbmB,cosine,9.104847,12.880578
241016_113137_Plate_1,H10,vpsL,cosine,16.888702,0.29776186
241016_113137_Plate_1,H11,WT,cosine,8.770499,-6.283601
241016_113137_Plate_1,H12,potD1,cosine,1.8574834,17.597473
241016_113137_Plate_1,H3,vpvC_W240R,cosine,-1.0555083,0.39117706
241016_113137_Plate_1,H5,flaA,cosine,20.01031,6.88497
241016_113137_Plate_1,H7,hapR,cosine,5.6757593,18.063782
241016_113137_Plate_1,H8,luxO_D47E,cosine,8.545556,6.4058924
241016_113137_Plate_1,H9,rbmB,cosine,9.480781,11.606286
241017_175114_Plate_1,A11,flaA,cosine,19.686272,8.730374
241017_175114_Plate_1,A1,hapR,cosine,4.345669,19.13092
241017_175114_Plate_1,A2,luxO_D47E,cosine,8.244376,7.0262256
241017_175114_Plate_1,A3,rbmB,cosine,8.9798355,11.58286
241017_175114_Plate_1,A4,vpsL,cosine,17.681208,0.73102754
241017_175114_Plate_1,A5,WT,cosine,10.283251,-5.957232
241017_175114_Plate_1,A6,potD1,cosine,2.178494,18.170126
241017_175114_Plate_1,A9,vpvC_W240R,cosine,-0.680253,0.41308755
241017_175114_Plate_1,B11,flaA,cosine,19.145891,8.536805
241017_175114_Plate_1,B1,hapR,cosine,5.020719,18.876865
241017_175114_Plate_1,B2,luxO_D47E,cosine,8.299924,7.180525
241017_175114_Plate_1,B3,rbmB,cosine,8.877088,12.973084
241017_175114_Plate_1,B4,vpsL,cosine,17.801924,0.57780534
241017_175114_Plate_1,B5,WT,cosine,10.737485,-5.9837675
241017_175114_Plate_1,B6,potD1,cosine,3.1791263,17.105492
241017_175114_Plate_1,B9,vpvC_W240R,cosine,-1.3589097,0.22850004
241017_175114_Plate_1,C11,flaA,cosine,19.359827,5.946808
241017_175114_Plate_1,C1,hapR,cosine,5.3878508,18.45996
241017_175114_Plate_1,C2,luxO_D47E,cosine,8.028974,6.8642673
241017_175114_Plate_1,C3,rbmB,cosine,8.645214,12.012069
241017_175114_Plate_1,C4,vpsL,cosine,17.818985,0.11408208
241017_175114_Plate_1,C5,WT,cosine,11.241986,-6.0783863
241017_175114_Plate_1,C6,potD1,cosine,3.119053,16.990492
241017_175114_Plate_1,C9,vpvC_W240R,cosine,8.766296,10.766753
241017_175114_Plate_1,D11,flaA,cosine,19.244991,6.431637
241017_175114_Plate_1,D1,hapR,cosine,5.8673825,17.854445
241017_175114_Plate_1,D2,luxO_D47E,cosine,8.615543,5.864415
241017_175114_Plate_1,D3,rbmB,cosine,7.952955,13.761952
241017_175114_Plate_1,D4,vpsL,cosine,17.763613,0.2351846
241017_175114_Plate_1,D5,WT,cosine,8.626174,-5.996959
241017_175114_Plate_1,D6,potD1,cosine,2.0419238,17.62768
241017_175114_Plate_1,D9,vpvC_W240R,cosine,-2.922528,0.48456547
241017_175114_Plate_1,E10,vpsL,cosine,17.776115,0.80279905
241017_175114_Plate_1,E11,WT,cosine,10.665195,-5.8078017
241017_175114_Plate_1,E12,potD1,cosine,2.122331,17.339668
241017_175114_Plate_1,E3,vpvC_W240R,cosine,0.091064416,0.36111215
241017_175114_Plate_1,E5,flaA,cosine,18.944874,7.5294337
241017_175114_Plate_1,E7,hapR,cosine,5.6300836,17.772192
241017_175114_Plate_1,E8,luxO_D47E,cosine,8.302783,6.7149982
241017_175114_Plate_1,E9,rbmB,cosine,8.257909,13.698441
241017_175114_Plate_1,F10,vpsL,cosine,17.731623,0.3045848
241017_175114_Plate_1,F11,WT,cosine,9.717367,-5.9430075
241017_175114_Plate_1,F12,potD1,cosine,2.0254989,17.230434
241017_175114_Plate_1,F3,vpvC_W240R,cosine,-0.9531722,0.123108566
241017_175114_Plate_1,F5,flaA,cosine,19.107533,7.1505814
241017_175114_Plate_1,F7,hapR,cosine,5.726245,17.84012
241017_175114_Plate_1,F8,luxO_D47E,cosine,8.525716,5.3936696
241017_175114_Plate_1,F9,rbmB,cosine,8.619482,13.435933
241017_175114_Plate_1,G10,vpsL,cosine,17.728176,0.19968885
241017_175114_Plate_1,G11,WT,cosine,9.501349,-6.00882
241017_175114_Plate_1,G12,potD1,cosine,1.8476548,17.583828
241017_175114_Plate_1,G3,vpvC_W240R,cosine,-1.5481328,0.18418872
241017_175114_Plate_1,G5,flaA,cosine,18.791908,8.102825
241017_175114_Plate_1,G7,hapR,cosine,5.866208,17.72263
241017_175114_Plate_1,G8,luxO_D47E,cosine,8.446267,5.922433
241017_175114_Plate_1,G9,rbmB,cosine,8.786172,13.181898
241017_175114_Plate_1,H10,vpsL,cosine,17.799112,0.8286672
241017_175114_Plate_1,H11,WT,cosine,9.350393,-5.960679
241017_175114_Plate_1,H12,potD1,cosine,3.5324075,16.085535
241017_175114_Plate_1,H3,vpvC_W240R,cosine,-0.051964823,0.48027745
241017_175114_Plate_1,H5,flaA,cosine,18.922047,7.9013357
241017_175114_Plate_1,H7,hapR,cosine,5.181756,18.986105
241017_175114_Plate_1,H8,luxO_D47E,cosine,8.182773,6.7098165
241017_175114_Plate_1,H9,rbmB,cosine,8.196187,12.631978
241017_181052_Plate_1,A11,flaA,cosine,18.914139,7.9886413
241017_181052_Plate_1,A1,hapR,cosine,4.239024,18.78662
241017_181052_Plate_1,A2,luxO_D47E,cosine,8.307898,5.7800922
241017_181052_Plate_1,A3,rbmB,cosine,9.063231,11.3235035
241017_181052_Plate_1,A4,vpsL,cosine,16.648132,1.451859
241017_181052_Plate_1,A5,WT,cosine,10.330747,-5.774281
241017_181052_Plate_1,A6,potD1,cosine,3.7308984,17.02887
241017_181052_Plate_1,A9,vpvC_W240R,cosine,-0.29703417,0.49843332
241017_181052_Plate_1,B11,flaA,cosine,18.843948,8.268408
241017_181052_Plate_1,B1,hapR,cosine,4.8157415,18.248133
241017_181052_Plate_1,B2,luxO_D47E,cosine,8.1140785,6.876201
241017_181052_Plate_1,B3,rbmB,cosine,8.804652,12.769406
241017_181052_Plate_1,B4,vpsL,cosine,17.662472,0.99212396
241017_181052_Plate_1,B5,WT,cosine,8.805015,-5.924721
241017_181052_Plate_1,B6,potD1,cosine,3.3560092,16.971617
241017_181052_Plate_1,B9,vpvC_W240R,cosine,-2.0236561,0.56606936
241017_181052_Plate_1,C11,flaA,cosine,19.062866,7.129687
241017_181052_Plate_1,C1,hapR,cosine,4.9539385,17.962326
241017_181052_Plate_1,C2,luxO_D47E,cosine,8.4562645,6.012551
241017_181052_Plate_1,C3,rbmB,cosine,8.463642,12.156024
241017_181052_Plate_1,C4,vpsL,cosine,17.712564,-0.12385914
241017_181052_Plate_1,C5,WT,cosine,9.832239,-5.879182
241017_181052_Plate_1,C6,potD1,cosine,2.8826792,16.948044
241017_181052_Plate_1,C9,vpvC_W240R,cosine,8.765027,10.620178
241017_181052_Plate_1,D11,flaA,cosine,19.174551,8.898398
241017_181052_Plate_1,D1,hapR,cosine,4.80701,18.848717
241017_181052_Plate_1,D2,luxO_D47E,cosine,8.353795,6.027796
241017_181052_Plate_1,D3,rbmB,cosine,9.011838,13.353054
241017_181052_Plate_1,D4,vpsL,cosine,17.688307,0.28685403
241017_181052_Plate_1,D5,WT,cosine,8.70898,-6.076482
241017_181052_Plate_1,D6,potD1,cosine,2.69903,17.106636
241017_181052_Plate_1,D9,vpvC_W240R,cosine,-1.2141498,0.34524736
241017_181052_Plate_1,E10,vpsL,cosine,16.722605,1.3272413
241017_181052_Plate_1,E11,WT,cosine,10.852106,-5.2414894
241017_181052_Plate_1,E12,potD1,cosine,1.9783058,17.247011
241017_181052_Plate_1,E3,vpvC_W240R,cosine,-0.7668457,-0.008684091
241017_181052_Plate_1,E5,flaA,cosine,19.436932,5.8852344
241017_181052_Plate_1,E7,hapR,cosine,5.602818,17.582882
241017_181052_Plate_1,E8,luxO_D47E,cosine,8.369909,5.7003427
241017_181052_Plate_1,E9,rbmB,cosine,8.5751505,12.224746
241017_181052_Plate_1,F10,vpsL,cosine,17.656033,0.52364206
241017_181052_Plate_1,F11,WT,cosine,10.67061,-5.800349
241017_181052_Plate_1,F12,potD1,cosine,2.4505856,16.921566
241017_181052_Plate_1,F3,vpvC_W240R,cosine,-1.3818418,0.2792598
241017_181052_Plate_1,F5,flaA,cosine,19.047491,6.901009
241017_181052_Plate_1,F7,hapR,cosine,5.4356885,17.38112
241017_181052_Plate_1,F8,luxO_D47E,cosine,8.424251,4.9886985
241017_181052_Plate_1,F9,rbmB,cosine,8.3690605,13.787215
241017_181052_Plate_1,G10,vpsL,cosine,16.928282,0.50826746
241017_181052_Plate_1,G11,WT,cosine,10.805665,-5.4137173
241017_181052_Plate_1,G12,potD1,cosine,2.1294055,17.110325
241017_181052_Plate_1,G3,vpvC_W240R,cosine,-0.6067222,0.352297
241017_181052_Plate_1,G5,flaA,cosine,19.055506,8.786425
241017_181052_Plate_1,G7,hapR,cosine,5.357384,17.433874
241017_181052_Plate_1,G8,luxO_D47E,cosine,8.3399515,7.418721
241017_181052_Plate_1,G9,rbmB,cosine,8.588647,13.224694
241017_181052_Plate_1,H10,vpsL,cosine,16.103773,1.427198
241017_181052_Plate_1,H11,WT,cosine,10.580688,-5.6229157
241017_181052_Plate_1,H12,potD1,cosine,3.6167104,16.012032
241017_181052_Plate_1,H3,vpvC_W240R,cosine,-0.4097887,0.3892768
241017_181052_Plate_1,H5,flaA,cosine,19.033566,7.6932592
241017_181052_Plate_1,H7,hapR,cosine,5.774332,17.342989
241017_181052_Plate_1,H8,luxO_D47E,cosine,8.254091,6.2612123
241017_181052_Plate_1,H9,rbmB,cosine,9.417251,11.571147
241017_183030_Plate_1,A11,flaA,cosine,18.795769,8.129517
241017_183030_Plate_1,A1,hapR,cosine,4.622306,18.70834
241017_183030_Plate_1,A2,luxO_D47E,cosine,8.2090435,5.684497
241017_183030_Plate_1,A3,rbmB,cosine,8.831979,12.720334
241017_183030_Plate_1,A4,vpsL,cosine,16.359652,1.7195837
241017_183030_Plate_1,A5,WT,cosine,10.5129175,-5.637436
241017_183030_Plate_1,A6,potD1,cosine,2.4651957,17.572968
241017_183030_Plate_1,A9,vpvC_W240R,cosine,-0.90898615,0.60112095
241017_183030_Plate_1,B11,flaA,cosine,19.009378,6.98683
241017_183030_Plate_1,B1,hapR,cosine,4.8164253,18.555374
241017_183030_Plate_1,B2,luxO_D47E,cosine,8.253778,5.3265395
241017_183030_Plate_1,B3,rbmB,cosine,8.012093,14.419803
241017_183030_Plate_1,B4,vpsL,cosine,16.718538,2.0672584
241017_183030_Plate_1,B5,WT,cosine,12.077413,-4.8059983
241017_183030_Plate_1,B6,potD1,cosine,4.9723406,16.265572
241017_183030_Plate_1,B9,vpvC_W240R,cosine,-1.9971011,0.6077553
241017_183030_Plate_1,C11,flaA,cosine,19.45374,6.043971
241017_183030_Plate_1,C1,hapR,cosine,5.516868,17.398518
241017_183030_Plate_1,C2,luxO_D47E,cosine,8.251221,5.2141466
241017_183030_Plate_1,C3,rbmB,cosine,8.862413,11.888935
241017_183030_Plate_1,C4,vpsL,cosine,17.927912,0.7253327
241017_183030_Plate_1,C5,WT,cosine,11.267564,-5.9809318
241017_183030_Plate_1,C6,potD1,cosine,6.1803536,15.8726845
241017_183030_Plate_1,C9,vpvC_W240R,cosine,8.859488,10.8793955
241017_183030_Plate_1,D11,flaA,cosine,18.834326,8.467889
241017_183030_Plate_1,D1,hapR,cosine,4.6747117,18.84455
241017_183030_Plate_1,D2,luxO_D47E,cosine,8.711459,4.698978
241017_183030_Plate_1,D3,rbmB,cosine,8.2182455,14.017012
241017_183030_Plate_1,D4,vpsL,cosine,17.192322,0.45404
241017_183030_Plate_1,D5,WT,cosine,10.571292,-5.552671
241017_183030_Plate_1,D6,potD1,cosine,3.6826088,16.328356
241017_183030_Plate_1,D9,vpvC_W240R,cosine,-0.61735517,0.49914506
241017_183030_Plate_1,E10,vpsL,cosine,16.282763,0.880572
241017_183030_Plate_1,E11,WT,cosine,10.784082,-5.1207776
241017_183030_Plate_1,E12,potD1,cosine,4.0740523,16.170797
241017_183030_Plate_1,E3,vpvC_W240R,cosine,-0.36224294,0.4786401
241017_183030_Plate_1,E5,flaA,cosine,19.248085,6.3216376
241017_183030_Plate_1,E7,hapR,cosine,5.4364767,17.493614
241017_183030_Plate_1,E8,luxO_D47E,cosine,8.392127,5.104889
241017_183030_Plate_1,E9,rbmB,cosine,8.239481,14.085868
241017_183030_Plate_1,F10,vpsL,cosine,17.327394,1.3267521
241017_183030_Plate_1,F11,WT,cosine,12.307786,-4.8586335
241017_183030_Plate_1,F12,potD1,cosine,3.4803617,16.054699
241017_183030_Plate_1,F3,vpvC_W240R,cosine,-3.2949564,0.5817781
241017_183030_Plate_1,F5,flaA,cosine,19.211042,6.5272098
241017_183030_Plate_1,F7,hapR,cosine,6.0084057,16.77267
241017_183030_Plate_1,F8,luxO_D47E,cosine,8.469665,4.8788443
241017_183030_Plate_1,F9,rbmB,cosine,7.823762,14.425973
241017_183030_Plate_1,G10,vpsL,cosine,16.472425,1.387542
241017_183030_Plate_1,G11,WT,cosine,11.298811,-5.130818
241017_183030_Plate_1,G12,potD1,cosine,3.6218083,16.105507
241017_183030_Plate_1,G3,vpvC_W240R,cosine,-2.491033,0.7154644
241017_183030_Plate_1,G5,flaA,cosine,19.103983,6.850872
241017_183030_Plate_1,G7,hapR,cosine,6.1131415,17.054483
241017_183030_Plate_1,G8,luxO_D47E,cosine,8.200655,5.98319
241017_183030_Plate_1,G9,rbmB,cosine,8.010043,7.3108325
241017_183030_Plate_1,H10,vpsL,cosine,16.147408,1.5543474
241017_183030_Plate_1,H11,WT,cosine,10.90976,-5.289049
241017_183030_Plate_1,H12,potD1,cosine,6.256332,15.737869
241017_183030_Plate_1,H3,vpvC_W240R,cosine,-0.8316158,0.16976453
241017_183030_Plate_1,H5,flaA,cosine,18.622929,8.036709
241017_183030_Plate_1,H7,hapR,cosine,6.1357327,17.441282
241017_183030_Plate_1,H8,luxO_D47E,cosine,8.171991,6.051699
241017_183030_Plate_1,H9,rbmB,cosine,8.326384,12.8533745
241023_161758_Plate_1,A11,flaA,cosine,19.665293,8.820939
241023_161758_Plate_1,A1,hapR,cosine,4.3123875,18.55931
241023_161758_Plate_1,A2,luxO_D47E,cosine,9.061158,6.4827204
241023_161758_Plate_1,A3,rbmB,cosine,8.154484,13.06058
241023_161758_Plate_1,A4,vpsL,cosine,16.271978,1.5174303
241023_161758_Plate_1,A5,WT,cosine,11.286031,-5.518862
241023_161758_Plate_1,A6,potD1,cosine,4.5186577,16.387062
241023_161758_Plate_1,A9,vpvC_W240R,cosine,-2.6238332,0.9767305
241023_161758_Plate_1,B11,flaA,cosine,19.611584,8.772595
241023_161758_Plate_1,B1,hapR,cosine,5.039006,19.41262
241023_161758_Plate_1,B2,luxO_D47E,cosine,8.715188,6.713912
241023_161758_Plate_1,B3,rbmB,cosine,8.684986,11.613941
241023_161758_Plate_1,B4,vpsL,cosine,16.519463,0.74442357
241023_161758_Plate_1,B5,WT,cosine,11.297364,-5.6055093
241023_161758_Plate_1,B6,potD1,cosine,4.7914023,16.810747
241023_161758_Plate_1,B9,vpvC_W240R,cosine,-2.7124581,0.74672693
241023_161758_Plate_1,C11,flaA,cosine,19.62047,8.568589
241023_161758_Plate_1,C1,hapR,cosine,5.0490465,19.581656
241023_161758_Plate_1,C2,luxO_D47E,cosine,8.901859,6.68517
241023_161758_Plate_1,C3,rbmB,cosine,8.287962,11.908271
241023_161758_Plate_1,C4,vpsL,cosine,17.234636,0.111267604
241023_161758_Plate_1,C5,WT,cosine,11.544311,-5.5853243
241023_161758_Plate_1,C6,potD1,cosine,5.354716,16.36052
241023_161758_Plate_1,C9,vpvC_W240R,cosine,-3.1306868,1.0632354
241023_161758_Plate_1,D11,flaA,cosine,19.69978,8.749198
241023_161758_Plate_1,D1,hapR,cosine,5.072235,19.696281
241023_161758_Plate_1,D2,luxO_D47E,cosine,8.738614,6.477445
241023_161758_Plate_1,D3,rbmB,cosine,7.922218,13.805465
241023_161758_Plate_1,D4,vpsL,cosine,17.024479,0.37891126
241023_161758_Plate_1,D5,WT,cosine,10.228127,-5.762235
241023_161758_Plate_1,D6,potD1,cosine,4.6107607,16.665934
241023_161758_Plate_1,D9,vpvC_W240R,cosine,-2.5891857,1.1163675
241023_161758_Plate_1,E10,vpsL,cosine,16.781586,0.9180081
241023_161758_Plate_1,E11,WT,cosine,10.280166,-5.977544
241023_161758_Plate_1,E12,potD1,cosine,2.013553,17.544085
241023_161758_Plate_1,E3,vpvC_W240R,cosine,-0.5283733,0.42853072
241023_161758_Plate_1,E5,flaA,cosine,20.019245,6.591891
241023_161758_Plate_1,E7,hapR,cosine,5.789539,17.10237
241023_161758_Plate_1,E8,luxO_D47E,cosine,8.765408,5.669991
241023_161758_Plate_1,E9,rbmB,cosine,8.554771,11.895553
241023_161758_Plate_1,F10,vpsL,cosine,16.922176,0.8764912
241023_161758_Plate_1,F11,WT,cosine,9.528343,-6.2115216
241023_161758_Plate_1,F12,potD1,cosine,2.4167638,16.453568
241023_161758_Plate_1,F3,vpvC_W240R,cosine,-2.3262026,1.1912009
241023_161758_Plate_1,F5,flaA,cosine,19.845339,8.110707
241023_161758_Plate_1,F7,hapR,cosine,5.8383574,17.288969
241023_161758_Plate_1,F8,luxO_D47E,cosine,8.799889,5.7447658
241023_161758_Plate_1,F9,rbmB,cosine,8.096082,12.854179
241023_161758_Plate_1,G10,vpsL,cosine,16.939539,0.17751987
241023_161758_Plate_1,G11,WT,cosine,9.80851,-6.364606
241023_161758_Plate_1,G12,potD1,cosine,2.596303,16.516613
241023_161758_Plate_1,G3,vpvC_W240R,cosine,-3.1979513,0.98031145
241023_161758_Plate_1,G5,flaA,cosine,19.847239,6.180994
241023_161758_Plate_1,G7,hapR,cosine,4.9114113,19.140234
241023_161758_Plate_1,G8,luxO_D47E,cosine,8.942654,4.705695
241023_161758_Plate_1,G9,rbmB,cosine,7.8333335,13.879348
241023_161758_Plate_1,H10,vpsL,cosine,17.132927,0.16398244
241023_161758_Plate_1,H11,WT,cosine,8.937771,-6.1012397
241023_161758_Plate_1,H12,potD1,cosine,2.1254034,16.695953
241023_161758_Plate_1,H3,vpvC_W240R,cosine,0.18686457,0.431912
241023_161758_Plate_1,H5,flaA,cosine,19.796215,8.619869
241023_161758_Plate_1,H7,hapR,cosine,4.978713,19.106184
241023_161758_Plate_1,H8,luxO_D47E,cosine,8.991721,5.5643506
241023_161758_Plate_1,H9,rbmB,cosine,8.423278,12.555869
241023_163737_Plate_1,A11,flaA,cosine,19.854284,8.238536
241023_163737_Plate_1,A1,hapR,cosine,4.4936767,19.053442
241023_163737_Plate_1,A2,luxO_D47E,cosine,9.11344,6.6233816
241023_163737_Plate_1,A3,rbmB,cosine,8.800272,11.472927
241023_163737_Plate_1,A4,vpsL,cosine,17.26985,0.45566288
241023_163737_Plate_1,A5,WT,cosine,9.590155,-5.813953
241023_163737_Plate_1,A6,potD1,cosine,2.8370242,17.211473
241023_163737_Plate_1,A9,vpvC_W240R,cosine,-1.3921489,0.3604673
241023_163737_Plate_1,B11,flaA,cosine,19.762466,8.833197
241023_163737_Plate_1,B1,hapR,cosine,5.103757,19.301826
241023_163737_Plate_1,B2,luxO_D47E,cosine,9.02831,7.2559333
241023_163737_Plate_1,B3,rbmB,cosine,8.833581,12.299634
241023_163737_Plate_1,B4,vpsL,cosine,16.677229,0.745786
241023_163737_Plate_1,B5,WT,cosine,10.736052,-6.091044
241023_163737_Plate_1,B6,potD1,cosine,3.0330439,17.753471
241023_163737_Plate_1,B9,vpvC_W240R,cosine,-1.2215312,0.08135182
241023_163737_Plate_1,C11,flaA,cosine,19.462673,8.236907
241023_163737_Plate_1,C1,hapR,cosine,4.656524,19.893438
241023_163737_Plate_1,C2,luxO_D47E,cosine,9.060963,6.686906
241023_163737_Plate_1,C3,rbmB,cosine,8.710548,12.114767
241023_163737_Plate_1,C4,vpsL,cosine,17.605463,-0.14399038
241023_163737_Plate_1,C5,WT,cosine,10.257633,-5.13921
241023_163737_Plate_1,C6,potD1,cosine,4.339073,16.898344
241023_163737_Plate_1,C9,vpvC_W240R,cosine,-2.9238405,0.6103259
241023_163737_Plate_1,D11,flaA,cosine,19.646484,8.832087
241023_163737_Plate_1,D1,hapR,cosine,5.13377,19.706343
241023_163737_Plate_1,D2,luxO_D47E,cosine,9.156561,6.850446
241023_163737_Plate_1,D3,rbmB,cosine,8.814098,10.994411
241023_163737_Plate_1,D4,vpsL,cosine,17.52465,-0.14898832
241023_163737_Plate_1,D5,WT,cosine,9.509277,-6.101394
241023_163737_Plate_1,D6,potD1,cosine,3.4028184,17.05654
241023_163737_Plate_1,D9,vpvC_W240R,cosine,-2.7667184,1.2305412
241023_163737_Plate_1,E10,vpsL,cosine,16.611057,1.0075271
241023_163737_Plate_1,E11,WT,cosine,9.380436,-5.973021
241023_163737_Plate_1,E12,potD1,cosine,2.299456,18.146904
241023_163737_Plate_1,E3,vpvC_W240R,cosine,-0.40365106,0.21861805
241023_163737_Plate_1,E5,flaA,cosine,19.653255,7.4066167
241023_163737_Plate_1,E7,hapR,cosine,4.643322,18.469442
241023_163737_Plate_1,E8,luxO_D47E,cosine,8.959704,6.9877257
241023_163737_Plate_1,E9,rbmB,cosine,8.749787,11.642668
241023_163737_Plate_1,F10,vpsL,cosine,17.253443,0.19874401
241023_163737_Plate_1,F11,WT,cosine,8.790542,-6.0714326
241023_163737_Plate_1,F12,potD1,cosine,2.5890822,16.380318
241023_163737_Plate_1,F3,vpvC_W240R,cosine,-0.9523128,0.5631977
241023_163737_Plate_1,F5,flaA,cosine,19.818825,7.87033
241023_163737_Plate_1,F7,hapR,cosine,5.901854,18.397896
241023_163737_Plate_1,F8,luxO_D47E,cosine,9.1522455,6.6991496
241023_163737_Plate_1,F9,rbmB,cosine,7.689871,14.4965925
241023_163737_Plate_1,G10,vpsL,cosine,17.421373,-0.050448764
241023_163737_Plate_1,G11,WT,cosine,8.642915,-6.1151834
241023_163737_Plate_1,G12,potD1,cosine,2.2044263,18.047306
241023_163737_Plate_1,G3,vpvC_W240R,cosine,-1.744243,0.39417952
241023_163737_Plate_1,G5,flaA,cosine,19.87815,5.9726686
241023_163737_Plate_1,G7,hapR,cosine,5.8817706,18.47703
241023_163737_Plate_1,G8,luxO_D47E,cosine,8.013985,7.0580673
241023_163737_Plate_1,G9,rbmB,cosine,8.277697,12.657573
241023_163737_Plate_1,H10,vpsL,cosine,17.422365,-0.22812872
241023_163737_Plate_1,H11,WT,cosine,8.656165,-6.0690265
241023_163737_Plate_1,H12,potD1,cosine,2.146004,18.099949
241023_163737_Plate_1,H3,vpvC_W240R,cosine,0.23477352,0.46175462
241023_163737_Plate_1,H5,flaA,cosine,19.842873,8.626285
241023_163737_Plate_1,H7,hapR,cosine,4.920677,19.369785
241023_163737_Plate_1,H8,luxO_D47E,cosine,8.783505,7.7374034
241023_163737_Plate_1,H9,rbmB,cosine,9.272786,11.42306
241023_165712_Plate_1,A11,flaA,cosine,19.842478,8.716748
241023_165712_Plate_1,A1,hapR,cosine,4.168149,18.874193
241023_165712_Plate_1,A2,luxO_D47E,cosine,9.210206,6.7700205
241023_165712_Plate_1,A3,rbmB,cosine,8.92908,11.316647
241023_165712_Plate_1,A4,vpsL,cosine,16.735899,0.8459485
241023_165712_Plate_1,A5,WT,cosine,9.496862,-5.8065877
241023_165712_Plate_1,A6,potD1,cosine,2.1758742,16.856743
241023_165712_Plate_1,A9,vpvC_W240R,cosine,-2.8954527,0.5556527
241023_165712_Plate_1,B11,flaA,cosine,19.452074,8.715366
241023_165712_Plate_1,B1,hapR,cosine,4.9680285,19.536821
241023_165712_Plate_1,B2,luxO_D47E,cosine,8.895018,6.1914105
241023_165712_Plate_1,B3,rbmB,cosine,8.926441,11.481802
241023_165712_Plate_1,B4,vpsL,cosine,16.919352,0.51387596
241023_165712_Plate_1,B5,WT,cosine,10.018672,-5.9414144
241023_165712_Plate_1,B6,potD1,cosine,1.996947,18.183136
241023_165712_Plate_1,B9,vpvC_W240R,cosine,-0.16695555,0.36965382
241023_165712_Plate_1,C11,flaA,cosine,19.386572,8.718264
241023_165712_Plate_1,C1,hapR,cosine,4.591771,19.706764
241023_165712_Plate_1,C2,luxO_D47E,cosine,8.925389,6.303201
241023_165712_Plate_1,C3,rbmB,cosine,8.897452,11.0242815
241023_165712_Plate_1,C4,vpsL,cosine,17.557323,-0.13864982
241023_165712_Plate_1,C5,WT,cosine,8.556101,-5.8974915
241023_165712_Plate_1,C6,potD1,cosine,2.7415493,17.394238
241023_165712_Plate_1,C9,vpvC_W240R,cosine,-3.2072692,0.7642556
241023_165712_Plate_1,D11,flaA,cosine,19.328575,7.527769
241023_165712_Plate_1,D1,hapR,cosine,5.170511,18.740145
241023_165712_Plate_1,D2,luxO_D47E,cosine,8.951482,6.690153
241023_165712_Plate_1,D3,rbmB,cosine,8.790146,11.286931
241023_165712_Plate_1,D4,vpsL,cosine,17.606253,-0.21133438
241023_165712_Plate_1,D5,WT,cosine,10.867765,-5.8613367
241023_165712_Plate_1,D6,potD1,cosine,2.6149492,17.817442
241023_165712_Plate_1,D9,vpvC_W240R,cosine,-0.993899,0.58488864
241023_165712_Plate_1,E10,vpsL,cosine,16.792223,1.1087483
241023_165712_Plate_1,E11,WT,cosine,9.51133,-5.8561025
241023_165712_Plate_1,E12,potD1,cosine,2.516411,17.466377
241023_165712_Plate_1,E3,vpvC_W240R,cosine,-1.5186547,-0.018464684
241023_165712_Plate_1,E5,flaA,cosine,19.181517,8.355177
241023_165712_Plate_1,E7,hapR,cosine,4.4933014,18.827364
241023_165712_Plate_1,E8,luxO_D47E,cosine,8.901693,5.9540954
241023_165712_Plate_1,E9,rbmB,cosine,8.8357315,11.479921
241023_165712_Plate_1,F10,vpsL,cosine,17.311865,0.36801603
241023_165712_Plate_1,F11,WT,cosine,8.608845,-5.9609094
241023_165712_Plate_1,F12,potD1,cosine,2.2756846,16.77021
241023_165712_Plate_1,F3,vpvC_W240R,cosine,-0.95691115,0.6254959
241023_165712_Plate_1,F5,flaA,cosine,20.05496,6.6202044
241023_165712_Plate_1,F7,hapR,cosine,5.993377,18.234522
241023_165712_Plate_1,F8,luxO_D47E,cosine,8.8527155,6.0652986
241023_165712_Plate_1,F9,rbmB,cosine,7.6511617,14.521927
241023_165712_Plate_1,G10,vpsL,cosine,17.563694,-0.21409394
241023_165712_Plate_1,G11,WT,cosine,8.570766,-6.03018
241023_165712_Plate_1,G12,potD1,cosine,2.12133,18.067024
241023_165712_Plate_1,G3,vpvC_W240R,cosine,-1.4280132,0.34358758
241023_165712_Plate_1,G5,flaA,cosine,19.401123,7.306818
241023_165712_Plate_1,G7,hapR,cosine,6.040437,17.676373
241023_165712_Plate_1,G8,luxO_D47E,cosine,8.950291,6.0690694
241023_165712_Plate_1,G9,rbmB,cosine,8.454829,12.091386
241023_165712_Plate_1,H10,vpsL,cosine,16.089584,0.64786035
241023_165712_Plate_1,H11,WT,cosine,8.550377,-6.0824275
241023_165712_Plate_1,H12,potD1,cosine,2.0673754,18.161785
241023_165712_Plate_1,H3,vpvC_W240R,cosine,0.17836787,0.39179528
241023_165712_Plate_1,H5,flaA,cosine,19.812084,8.33387
241023_165712_Plate_1,H7,hapR,cosine,4.876743,19.57021
241023_165712_Plate_1,H8,luxO_D47E,cosine,8.502606,7.72951
241023_165712_Plate_1,H9,rbmB,cosine,9.208943,11.682257
241010_105227_Plate_1,A11,flaA,euclid,17.790873,14.2420435
241010_105227_Plate_1,A1,hapR,euclid,3.9451048,7.4746284
241010_105227_Plate_1,A2,luxO_D47E,euclid,11.784404,9.347315
241010_105227_Plate_1,A3,rbmB,euclid,7.3935537,15.589908
241010_105227_Plate_1,A4,vpsL,euclid,21.478594,-4.9690104
241010_105227_Plate_1,A5,WT,euclid,10.9044285,0.94435954
241010_105227_Plate_1,A6,potD1,euclid,1.5719066,8.342922
241010_105227_Plate_1,A9,vpvC_W240R,euclid,-1.5170442,-3.6428604
241010_105227_Plate_1,B11,flaA,euclid,18.387184,16.009048
241010_105227_Plate_1,B1,hapR,euclid,4.484162,8.343486
241010_105227_Plate_1,B2,luxO_D47E,euclid,11.795378,9.514799
241010_105227_Plate_1,B3,rbmB,euclid,4.8340096,14.682643
241010_105227_Plate_1,B4,vpsL,euclid,22.061144,-3.9497604
241010_105227_Plate_1,B5,WT,euclid,12.544954,1.5701036
241010_105227_Plate_1,B6,potD1,euclid,2.570203,9.91542
241010_105227_Plate_1,B9,vpvC_W240R,euclid,-1.0201725,-3.2745118
241010_105227_Plate_1,C11,flaA,euclid,18.407522,15.024153
241010_105227_Plate_1,C1,hapR,euclid,4.4528427,7.5397162
241010_105227_Plate_1,C2,luxO_D47E,euclid,11.936263,9.256965
241010_105227_Plate_1,C3,rbmB,euclid,7.1172214,15.204707
241010_105227_Plate_1,C4,vpsL,euclid,21.847164,-4.5425243
241010_105227_Plate_1,C5,WT,euclid,12.663738,1.5080214
241010_105227_Plate_1,C6,potD1,euclid,2.5048637,9.936211
241010_105227_Plate_1,C9,vpvC_W240R,euclid,-1.2043403,-3.4548142
241010_105227_Plate_1,D11,flaA,euclid,17.614412,13.893506
241010_105227_Plate_1,D1,hapR,euclid,4.614858,8.837984
241010_105227_Plate_1,D2,luxO_D47E,euclid,11.928933,8.582907
241010_105227_Plate_1,D3,rbmB,euclid,5.7611756,15.378331
241010_105227_Plate_1,D4,vpsL,euclid,21.175442,-3.6350107
241010_105227_Plate_1,D5,WT,euclid,11.634836,1.142514
241010_105227_Plate_1,D6,potD1,euclid,2.6163378,10.140513
241010_105227_Plate_1,D9,vpvC_W240R,euclid,-1.2242517,-3.6716733
241010_105227_Plate_1,E10,vpsL,euclid,21.7126,-3.9663901
241010_105227_Plate_1,E11,WT,euclid,12.752211,1.5139211
241010_105227_Plate_1,E12,potD1,euclid,1.6119384,9.790637
241010_105227_Plate_1,E3,vpvC_W240R,euclid,-3.152011,-4.6074915
241010_105227_Plate_1,E5,flaA,euclid,17.559322,14.01486
241010_105227_Plate_1,E7,hapR,euclid,4.469402,8.61254
241010_105227_Plate_1,E8,luxO_D47E,euclid,12.429213,8.074697
241010_105227_Plate_1,E9,rbmB,euclid,5.049392,14.5865
241010_105227_Plate_1,F10,vpsL,euclid,22.248276,-3.6578872
241010_105227_Plate_1,F11,WT,euclid,10.027436,0.08661791
241010_105227_Plate_1,F12,potD1,euclid,1.3345834,8.879002
241010_105227_Plate_1,F3,vpvC_W240R,euclid,-1.935734,-3.9874468
241010_105227_Plate_1,F5,flaA,euclid,17.455633,13.559971
241010_105227_Plate_1,F7,hapR,euclid,4.7449374,7.4466486
241010_105227_Plate_1,F8,luxO_D47E,euclid,11.809778,6.608349
241010_105227_Plate_1,F9,rbmB,euclid,6.263577,15.01722
241010_105227_Plate_1,G10,vpsL,euclid,20.59181,-3.9555006
241010_105227_Plate_1,G11,WT,euclid,12.679994,1.423501
241010_105227_Plate_1,G12,potD1,euclid,1.4854898,9.509827
241010_105227_Plate_1,G3,vpvC_W240R,euclid,-2.637463,-4.426574
241010_105227_Plate_1,G5,flaA,euclid,18.104767,15.278656
241010_105227_Plate_1,G7,hapR,euclid,4.670817,7.618453
241010_105227_Plate_1,G8,luxO_D47E,euclid,12.01487,8.763771
241010_105227_Plate_1,G9,rbmB,euclid,5.0901875,14.732828
241010_105227_Plate_1,H10,vpsL,euclid,21.8852,-3.1700404
241010_105227_Plate_1,H11,WT,euclid,10.737102,0.71627223
241010_105227_Plate_1,H12,potD1,euclid,1.2817134,8.990386
241010_105227_Plate_1,H3,vpvC_W240R,euclid,-1.4563543,-3.565992
241010_105227_Plate_1,H5,flaA,euclid,17.664263,14.783242
241010_105227_Plate_1,H7,hapR,euclid,4.4779615,7.1323977
241010_105227_Plate_1,H8,luxO_D47E,euclid,12.005701,8.177309
241010_105227_Plate_1,H9,rbmB,euclid,5.695132,14.7146435
241010_111308_Plate_1,A11,flaA,euclid,18.163553,15.130465
241010_111308_Plate_1,A1,hapR,euclid,3.587161,7.508096
241010_111308_Plate_1,A2,luxO_D47E,euclid,11.581137,9.906278
241010_111308_Plate_1,A3,rbmB,euclid,7.5945134,15.423504
241010_111308_Plate_1,A4,vpsL,euclid,21.049896,-4.9649014
241010_111308_Plate_1,A5,WT,euclid,10.338083,0.13154852
241010_111308_Plate_1,A6,potD1,euclid,1.1756705,8.1045265
241010_111308_Plate_1,A9,vpvC_W240R,euclid,-1.3501941,-3.830341
241010_111308_Plate_1,B11,flaA,euclid,17.873228,15.205719
241010_111308_Plate_1,B1,hapR,euclid,3.9525394,7.622148
241010_111308_Plate_1,B2,luxO_D47E,euclid,11.683897,9.608198
241010_111308_Plate_1,B3,rbmB,euclid,6.0803757,15.501164
241010_111308_Plate_1,B4,vpsL,euclid,22.05355,-4.15462
241010_111308_Plate_1,B5,WT,euclid,11.484549,1.2443489
241010_111308_Plate_1,B6,potD1,euclid,1.8882715,9.136452
241010_111308_Plate_1,B9,vpvC_W240R,euclid,-1.0563378,-3.7452867
241010_111308_Plate_1,C11,flaA,euclid,18.323063,15.250963
241010_111308_Plate_1,C1,hapR,euclid,4.458774,7.1345263
241010_111308_Plate_1,C2,luxO_D47E,euclid,11.661039,9.575111
241010_111308_Plate_1,C3,rbmB,euclid,7.2603374,14.985659
241010_111308_Plate_1,C4,vpsL,euclid,21.043148,-5.2006564
241010_111308_Plate_1,C5,WT,euclid,12.782326,1.5313275
241010_111308_Plate_1,C6,potD1,euclid,2.0716228,9.29649
241010_111308_Plate_1,C9,vpvC_W240R,euclid,-1.3506466,-3.6546695
241010_111308_Plate_1,D11,flaA,euclid,17.7451,12.967407
241010_111308_Plate_1,D1,hapR,euclid,4.5337205,7.5027184
241010_111308_Plate_1,D2,luxO_D47E,euclid,11.7132015,9.23469
241010_111308_Plate_1,D3,rbmB,euclid,6.7580595,15.4445715
241010_111308_Plate_1,D4,vpsL,euclid,21.008074,-4.8051453
241010_111308_Plate_1,D5,WT,euclid,10.115213,-0.02127024
241010_111308_Plate_1,D6,potD1,euclid,2.742833,10.369018
241010_111308_Plate_1,D9,vpvC_W240R,euclid,-1.2296716,-3.7870097
241010_111308_Plate_1,E10,vpsL,euclid,21.154902,-4.6131763
241010_111308_Plate_1,E11,WT,euclid,10.530019,0.5949917
241010_111308_Plate_1,E12,potD1,euclid,0.97862315,8.809596
241010_111308_Plate_1,E3,vpvC_W240R,euclid,-2.9105978,-4.2981324
241010_111308_Plate_1,E5,flaA,euclid,18.18857,15.310479
241010_111308_Plate_1,E7,hapR,euclid,3.9455864,7.886287
241010_111308_Plate_1,E8,luxO_D47E,euclid,12.041242,8.734854
241010_111308_Plate_1,E9,rbmB,euclid,5.8030405,15.303846
241010_111308_Plate_1,F10,vpsL,euclid,21.983007,-4.2988405
241010_111308_Plate_1,F11,WT,euclid,10.477167,0.6554938
241010_111308_Plate_1,F12,potD1,euclid,0.888252,7.5340147
241010_111308_Plate_1,F3,vpvC_W240R,euclid,-3.0845752,-4.5968633
241010_111308_Plate_1,F5,flaA,euclid,17.39888,13.0748415
241010_111308_Plate_1,F7,hapR,euclid,4.361859,7.146098
241010_111308_Plate_1,F8,luxO_D47E,euclid,12.071712,8.064949
241010_111308_Plate_1,F9,rbmB,euclid,6.5409164,15.352486
241010_111308_Plate_1,G10,vpsL,euclid,21.525635,-3.7133167
241010_111308_Plate_1,G11,WT,euclid,11.926911,0.75642747
241010_111308_Plate_1,G12,potD1,euclid,0.8423343,8.334947
241010_111308_Plate_1,G3,vpvC_W240R,euclid,-2.8388484,-4.3677874
241010_111308_Plate_1,G5,flaA,euclid,18.070358,15.568964
241010_111308_Plate_1,G7,hapR,euclid,4.2689576,7.0714483
241010_111308_Plate_1,G8,luxO_D47E,euclid,11.829293,9.427249
241010_111308_Plate_1,G9,rbmB,euclid,6.2030773,15.496498
241010_111308_Plate_1,H10,vpsL,euclid,21.591253,-4.832263
241010_111308_Plate_1,H11,WT,euclid,10.449788,0.5348359
241010_111308_Plate_1,H12,potD1,euclid,0.66389835,8.384964
241010_111308_Plate_1,H3,vpvC_W240R,euclid,-0.2203208,-3.1713176
241010_111308_Plate_1,H5,flaA,euclid,17.853481,14.4918995
241010_111308_Plate_1,H7,hapR,euclid,4.572211,7.0856047
241010_111308_Plate_1,H8,luxO_D47E,euclid,11.83213,9.137269
241010_111308_Plate_1,H9,rbmB,euclid,6.3450093,15.60427
241010_113157_Plate_1,A11,flaA,euclid,17.4749,13.195844
241010_113157_Plate_1,A1,hapR,euclid,4.021807,7.2181087
241010_113157_Plate_1,A2,luxO_D47E,euclid,11.763131,9.7069435
241010_113157_Plate_1,A3,rbmB,euclid,11.17803,9.187307
241010_113157_Plate_1,A4,vpsL,euclid,21.397743,-4.727444
241010_113157_Plate_1,A5,WT,euclid,10.164527,-0.19979404
241010_113157_Plate_1,A6,potD1,euclid,1.3515477,7.9777145
241010_113157_Plate_1,A9,vpvC_W240R,euclid,-1.0748827,-3.6804624
241010_113157_Plate_1,B11,flaA,euclid,17.72501,14.541225
241010_113157_Plate_1,B1,hapR,euclid,4.247027,7.787509
241010_113157_Plate_1,B2,luxO_D47E,euclid,11.516797,9.692943
241010_113157_Plate_1,B3,rbmB,euclid,5.1375895,14.856605
241010_113157_Plate_1,B4,vpsL,euclid,21.582844,-4.1269026
241010_113157_Plate_1,B5,WT,euclid,11.562089,1.3547899
241010_113157_Plate_1,B6,potD1,euclid,1.5948086,8.194537
241010_113157_Plate_1,B9,vpvC_W240R,euclid,-0.1147162,-3.0276368
241010_113157_Plate_1,C11,flaA,euclid,18.212336,14.185812
241010_113157_Plate_1,C1,hapR,euclid,4.6049323,7.4321766
241010_113157_Plate_1,C2,luxO_D47E,euclid,11.642644,9.676932
241010_113157_Plate_1,C3,rbmB,euclid,7.4965043,15.17224
241010_113157_Plate_1,C4,vpsL,euclid,21.390446,-5.0577993
241010_113157_Plate_1,C5,WT,euclid,12.673046,1.5142114
241010_113157_Plate_1,C6,potD1,euclid,2.0194342,9.323941
241010_113157_Plate_1,C9,vpvC_W240R,euclid,-2.1152368,-4.037693
241010_113157_Plate_1,D11,flaA,euclid,17.660683,12.908437
241010_113157_Plate_1,D1,hapR,euclid,4.7189054,7.703623
241010_113157_Plate_1,D2,luxO_D47E,euclid,11.646353,9.539385
241010_113157_Plate_1,D3,rbmB,euclid,6.94724,15.122632
241010_113157_Plate_1,D4,vpsL,euclid,20.656837,-3.983737
241010_113157_Plate_1,D5,WT,euclid,10.616294,0.37108034
241010_113157_Plate_1,D6,potD1,euclid,2.4430683,9.916012
241010_113157_Plate_1,D9,vpvC_W240R,euclid,-2.3996272,-4.2841587
241010_113157_Plate_1,E10,vpsL,euclid,21.864122,-4.1961417
241010_113157_Plate_1,E11,WT,euclid,10.657075,0.7256794
241010_113157_Plate_1,E12,potD1,euclid,1.3417505,9.176045
241010_113157_Plate_1,E3,vpvC_W240R,euclid,-3.2695193,-4.7687116
241010_113157_Plate_1,E5,flaA,euclid,17.4292,13.188677
241010_113157_Plate_1,E7,hapR,euclid,4.149395,7.1400895
241010_113157_Plate_1,E8,luxO_D47E,euclid,11.975034,8.859963
241010_113157_Plate_1,E9,rbmB,euclid,7.2384043,15.073029
241010_113157_Plate_1,F10,vpsL,euclid,21.85453,-4.1033163
241010_113157_Plate_1,F11,WT,euclid,19.987745,-3.2719824
241010_113157_Plate_1,F12,potD1,euclid,1.1370461,8.687357
241010_113157_Plate_1,F3,vpvC_W240R,euclid,-3.0501935,-4.5484085
241010_113157_Plate_1,F5,flaA,euclid,17.57345,13.317975
241010_113157_Plate_1,F7,hapR,euclid,4.2499394,7.6970716
241010_113157_Plate_1,F8,luxO_D47E,euclid,12.159372,8.249824
241010_113157_Plate_1,F9,rbmB,euclid,6.7594986,15.563889
241010_113157_Plate_1,G10,vpsL,euclid,22.037308,-4.127634
241010_113157_Plate_1,G11,WT,euclid,20.16511,-3.3889906
241010_113157_Plate_1,G12,potD1,euclid,0.9339035,8.724619
241010_113157_Plate_1,G3,vpvC_W240R,euclid,-2.8349814,-4.294982
241010_113157_Plate_1,G5,flaA,euclid,17.96639,15.02408
241010_113157_Plate_1,G7,hapR,euclid,4.4761567,7.063381
241010_113157_Plate_1,G8,luxO_D47E,euclid,11.771402,9.460825
241010_113157_Plate_1,G9,rbmB,euclid,6.650033,14.94779
241010_113157_Plate_1,H10,vpsL,euclid,20.59536,-4.02225
241010_113157_Plate_1,H11,WT,euclid,10.474002,0.48080254
241010_113157_Plate_1,H12,potD1,euclid,1.318058,7.4026937
241010_113157_Plate_1,H3,vpvC_W240R,euclid,-1.6199316,-3.8250396
241010_113157_Plate_1,H5,flaA,euclid,17.47138,12.935457
241010_113157_Plate_1,H7,hapR,euclid,4.63715,7.2775617
241010_113157_Plate_1,H8,luxO_D47E,euclid,11.933379,9.083673
241010_113157_Plate_1,H9,rbmB,euclid,6.534484,15.869109
241011_175118_Plate_1,A11,flaA,euclid,18.684996,15.608424
241011_175118_Plate_1,A1,hapR,euclid,3.8872404,7.662424
241011_175118_Plate_1,A2,luxO_D47E,euclid,11.88091,9.3268175
241011_175118_Plate_1,A3,rbmB,euclid,6.154757,14.763711
241011_175118_Plate_1,A4,vpsL,euclid,21.674004,-4.3441353
241011_175118_Plate_1,A5,WT,euclid,11.632817,0.69114536
241011_175118_Plate_1,A6,potD1,euclid,1.4934622,8.661866
241011_175118_Plate_1,A9,vpvC_W240R,euclid,-2.1833413,-4.139592
241011_175118_Plate_1,B11,flaA,euclid,18.275757,13.759735
241011_175118_Plate_1,B1,hapR,euclid,4.467584,8.066197
241011_175118_Plate_1,B2,luxO_D47E,euclid,11.584969,7.075053
241011_175118_Plate_1,B3,rbmB,euclid,5.7509093,15.659476
241011_175118_Plate_1,B4,vpsL,euclid,21.908068,-3.2398527
241011_175118_Plate_1,B5,WT,euclid,12.357683,1.1030566
241011_175118_Plate_1,B6,potD1,euclid,2.4338748,10.045993
241011_175118_Plate_1,B9,vpvC_W240R,euclid,-0.8377666,-3.1793
241011_175118_Plate_1,C11,flaA,euclid,18.58191,15.86425
241011_175118_Plate_1,C1,hapR,euclid,4.0095167,9.682033
241011_175118_Plate_1,C2,luxO_D47E,euclid,11.482546,7.3022466
241011_175118_Plate_1,C3,rbmB,euclid,4.90672,15.124958
241011_175118_Plate_1,C4,vpsL,euclid,22.111223,-3.3802748
241011_175118_Plate_1,C5,WT,euclid,10.670799,0.41492394
241011_175118_Plate_1,C6,potD1,euclid,3.1462255,10.48195
241011_175118_Plate_1,C9,vpvC_W240R,euclid,-0.81715965,-2.5350769
241011_175118_Plate_1,D11,flaA,euclid,18.199228,13.625388
241011_175118_Plate_1,D1,hapR,euclid,4.7756557,7.639914
241011_175118_Plate_1,D2,luxO_D47E,euclid,11.50458,8.011171
241011_175118_Plate_1,D3,rbmB,euclid,4.823742,15.067626
241011_175118_Plate_1,D4,vpsL,euclid,21.925352,-3.0531285
241011_175118_Plate_1,D5,WT,euclid,12.464244,1.0601448
241011_175118_Plate_1,D6,potD1,euclid,2.5502884,10.26332
241011_175118_Plate_1,D9,vpvC_W240R,euclid,-0.47101915,-2.4253173
241011_175118_Plate_1,E10,vpsL,euclid,22.104422,-3.3807633
241011_175118_Plate_1,E11,WT,euclid,12.805695,1.4545437
241011_175118_Plate_1,E12,potD1,euclid,1.5653003,9.835727
241011_175118_Plate_1,E3,vpvC_W240R,euclid,-2.7910597,-4.6276445
241011_175118_Plate_1,E5,flaA,euclid,18.189453,13.679461
241011_175118_Plate_1,E7,hapR,euclid,3.7226186,8.641146
241011_175118_Plate_1,E8,luxO_D47E,euclid,11.379227,7.225397
241011_175118_Plate_1,E9,rbmB,euclid,4.6669226,14.8026085
241011_175118_Plate_1,F10,vpsL,euclid,22.17261,-3.6124132
241011_175118_Plate_1,F11,WT,euclid,11.602157,1.2457722
241011_175118_Plate_1,F12,potD1,euclid,2.154734,10.120063
241011_175118_Plate_1,F3,vpvC_W240R,euclid,-0.13459574,-2.9175134
241011_175118_Plate_1,F5,flaA,euclid,18.516674,15.927457
241011_175118_Plate_1,F7,hapR,euclid,4.389302,8.939565
241011_175118_Plate_1,F8,luxO_D47E,euclid,11.604617,7.934276
241011_175118_Plate_1,F9,rbmB,euclid,4.7481523,14.944287
241011_175118_Plate_1,G10,vpsL,euclid,21.910036,-3.385908
241011_175118_Plate_1,G11,WT,euclid,10.867124,0.022599313
241011_175118_Plate_1,G12,potD1,euclid,1.6390892,9.63672
241011_175118_Plate_1,G3,vpvC_W240R,euclid,-0.6071216,-3.008833
241011_175118_Plate_1,G5,flaA,euclid,17.993752,13.655908
241011_175118_Plate_1,G7,hapR,euclid,4.394517,9.102217
241011_175118_Plate_1,G8,luxO_D47E,euclid,11.519551,7.442021
241011_175118_Plate_1,G9,rbmB,euclid,4.813871,15.010269
241011_175118_Plate_1,H10,vpsL,euclid,22.083033,-3.4591894
241011_175118_Plate_1,H11,WT,euclid,11.518337,0.7754792
241011_175118_Plate_1,H12,potD1,euclid,1.2198021,7.3334765
241011_175118_Plate_1,H3,vpvC_W240R,euclid,-2.9934819,-4.631953
241011_175118_Plate_1,H5,flaA,euclid,17.861296,13.859353
241011_175118_Plate_1,H7,hapR,euclid,4.281923,8.182085
241011_175118_Plate_1,H8,luxO_D47E,euclid,11.778856,9.05336
241011_175118_Plate_1,H9,rbmB,euclid,6.091857,14.845566
241011_181056_Plate_1,A11,flaA,euclid,18.42208,15.457891
241011_181056_Plate_1,A1,hapR,euclid,3.7730885,7.2846794
241011_181056_Plate_1,A2,luxO_D47E,euclid,11.731368,9.48294
241011_181056_Plate_1,A3,rbmB,euclid,6.188133,15.451859
241011_181056_Plate_1,A4,vpsL,euclid,21.034548,-4.6658607
241011_181056_Plate_1,A5,WT,euclid,11.7284975,0.7837186
241011_181056_Plate_1,A6,potD1,euclid,1.4183824,7.5349746
241011_181056_Plate_1,A9,vpvC_W240R,euclid,-2.6399558,-4.4791436
241011_181056_Plate_1,B11,flaA,euclid,17.911934,14.528007
241011_181056_Plate_1,B1,hapR,euclid,4.1534696,8.756753
241011_181056_Plate_1,B2,luxO_D47E,euclid,11.458448,8.850259
241011_181056_Plate_1,B3,rbmB,euclid,5.4383726,15.594546
241011_181056_Plate_1,B4,vpsL,euclid,21.857141,-4.071752
241011_181056_Plate_1,B5,WT,euclid,12.7441,1.4623109
241011_181056_Plate_1,B6,potD1,euclid,2.0270348,9.6323805
241011_181056_Plate_1,B9,vpvC_W240R,euclid,-1.6820955,-4.005626
241011_181056_Plate_1,C11,flaA,euclid,18.658575,14.867862
241011_181056_Plate_1,C1,hapR,euclid,4.2118154,9.308097
241011_181056_Plate_1,C2,luxO_D47E,euclid,11.291167,8.628335
241011_181056_Plate_1,C3,rbmB,euclid,5.792766,15.514664
241011_181056_Plate_1,C4,vpsL,euclid,21.645233,-3.5438666
241011_181056_Plate_1,C5,WT,euclid,9.890236,-0.15157281
241011_181056_Plate_1,C6,potD1,euclid,1.5654665,9.0143
241011_181056_Plate_1,C9,vpvC_W240R,euclid,-0.7481005,-2.4588885
241011_181056_Plate_1,D11,flaA,euclid,18.35678,14.489622
241011_181056_Plate_1,D1,hapR,euclid,4.347294,7.4532804
241011_181056_Plate_1,D2,luxO_D47E,euclid,11.510294,8.818123
241011_181056_Plate_1,D3,rbmB,euclid,5.2848773,15.535541
241011_181056_Plate_1,D4,vpsL,euclid,21.475632,-3.979754
241011_181056_Plate_1,D5,WT,euclid,11.823864,1.2987908
241011_181056_Plate_1,D6,potD1,euclid,1.2920216,8.198101
241011_181056_Plate_1,D9,vpvC_W240R,euclid,-0.15236937,-3.1373487
241011_181056_Plate_1,E10,vpsL,euclid,21.77675,-3.503993
241011_181056_Plate_1,E11,WT,euclid,11.54993,1.0147022
241011_181056_Plate_1,E12,potD1,euclid,0.9830965,7.616203
241011_181056_Plate_1,E3,vpvC_W240R,euclid,-3.08433,-4.6307135
241011_181056_Plate_1,E5,flaA,euclid,18.500145,14.381941
241011_181056_Plate_1,E7,hapR,euclid,4.265077,9.026155
241011_181056_Plate_1,E8,luxO_D47E,euclid,11.599115,7.6012454
241011_181056_Plate_1,E9,rbmB,euclid,5.277175,15.253399
241011_181056_Plate_1,F10,vpsL,euclid,22.032164,-4.248753
241011_181056_Plate_1,F11,WT,euclid,11.6979265,0.8272884
241011_181056_Plate_1,F12,potD1,euclid,0.94635624,8.396866
241011_181056_Plate_1,F3,vpvC_W240R,euclid,-0.9432036,-3.3858273
241011_181056_Plate_1,F5,flaA,euclid,18.475082,14.508297
241011_181056_Plate_1,F7,hapR,euclid,4.302144,9.146588
241011_181056_Plate_1,F8,luxO_D47E,euclid,11.580462,8.83961
241011_181056_Plate_1,F9,rbmB,euclid,6.2029443,15.501878
241011_181056_Plate_1,G10,vpsL,euclid,22.058506,-4.0690675
241011_181056_Plate_1,G11,WT,euclid,10.252033,0.26434526
241011_181056_Plate_1,G12,potD1,euclid,0.7317443,8.397541
241011_181056_Plate_1,G3,vpvC_W240R,euclid,-0.51604927,-3.4572058
241011_181056_Plate_1,G5,flaA,euclid,18.13793,13.5956545
241011_181056_Plate_1,G7,hapR,euclid,4.335198,7.962957
241011_181056_Plate_1,G8,luxO_D47E,euclid,11.5542555,7.497181
241011_181056_Plate_1,G9,rbmB,euclid,5.9742002,15.23295
241011_181056_Plate_1,H10,vpsL,euclid,21.58957,-3.2096407
241011_181056_Plate_1,H11,WT,euclid,11.317153,0.4342385
241011_181056_Plate_1,H12,potD1,euclid,1.1240671,7.4753757
241011_181056_Plate_1,H3,vpvC_W240R,euclid,-1.8454587,-4.1879735
241011_181056_Plate_1,H5,flaA,euclid,18.314095,14.471263
241011_181056_Plate_1,H7,hapR,euclid,4.248031,8.015625
241011_181056_Plate_1,H8,luxO_D47E,euclid,11.735637,8.587162
241011_181056_Plate_1,H9,rbmB,euclid,5.9614677,15.692889
241011_183053_Plate_1,A11,flaA,euclid,18.796825,15.522564
241011_183053_Plate_1,A1,hapR,euclid,3.5540755,7.5502577
241011_183053_Plate_1,A2,luxO_D47E,euclid,11.700616,9.524334
241011_183053_Plate_1,A3,rbmB,euclid,7.3395863,15.914077
241011_183053_Plate_1,A4,vpsL,euclid,21.575567,-4.7412095
241011_183053_Plate_1,A5,WT,euclid,11.710803,0.772399
241011_183053_Plate_1,A6,potD1,euclid,1.3546592,8.096367
241011_183053_Plate_1,A9,vpvC_W240R,euclid,-2.0367687,-4.0939755
241011_183053_Plate_1,B11,flaA,euclid,18.17206,13.6504545
241011_183053_Plate_1,B1,hapR,euclid,4.018569,8.708621
241011_183053_Plate_1,B2,luxO_D47E,euclid,11.657155,8.391392
241011_183053_Plate_1,B3,rbmB,euclid,5.80119,15.46824
241011_183053_Plate_1,B4,vpsL,euclid,21.859879,-4.643704
241011_183053_Plate_1,B5,WT,euclid,11.831704,1.3293772
241011_183053_Plate_1,B6,potD1,euclid,1.7572503,9.092957
241011_183053_Plate_1,B9,vpvC_W240R,euclid,-0.82483244,-3.6221073
241011_183053_Plate_1,C11,flaA,euclid,18.750301,15.292946
241011_183053_Plate_1,C1,hapR,euclid,4.233156,8.894124
241011_183053_Plate_1,C2,luxO_D47E,euclid,11.649938,8.187755
241011_183053_Plate_1,C3,rbmB,euclid,4.782763,15.094537
241011_183053_Plate_1,C4,vpsL,euclid,22.11676,-3.5400739
241011_183053_Plate_1,C5,WT,euclid,10.158845,-0.13107894
241011_183053_Plate_1,C6,potD1,euclid,1.3918655,8.2585535
241011_183053_Plate_1,C9,vpvC_W240R,euclid,-0.93575716,-2.712273
241011_183053_Plate_1,D11,flaA,euclid,18.664352,14.867641
241011_183053_Plate_1,D1,hapR,euclid,4.183739,7.896363
241011_183053_Plate_1,D2,luxO_D47E,euclid,11.623748,8.071297
241011_183053_Plate_1,D3,rbmB,euclid,5.013955,15.287334
241011_183053_Plate_1,D4,vpsL,euclid,21.591467,-3.9599235
241011_183053_Plate_1,D5,WT,euclid,12.088309,1.3412114
241011_183053_Plate_1,D6,potD1,euclid,1.5778674,9.1414385
241011_183053_Plate_1,D9,vpvC_W240R,euclid,-0.27371457,-3.3623495
241011_183053_Plate_1,E10,vpsL,euclid,21.496668,-3.8434813
241011_183053_Plate_1,E11,WT,euclid,11.708993,1.1930785
241011_183053_Plate_1,E12,potD1,euclid,0.842645,8.210865
241011_183053_Plate_1,E3,vpvC_W240R,euclid,-2.998641,-4.5410576
241011_183053_Plate_1,E5,flaA,euclid,18.573753,14.277874
241011_183053_Plate_1,E7,hapR,euclid,4.1605644,8.292781
241011_183053_Plate_1,E8,luxO_D47E,euclid,11.476591,6.93467
241011_183053_Plate_1,E9,rbmB,euclid,5.553826,15.410595
241011_183053_Plate_1,F10,vpsL,euclid,21.864243,-4.5857935
241011_183053_Plate_1,F11,WT,euclid,10.643804,0.4236799
241011_183053_Plate_1,F12,potD1,euclid,1.5040574,9.626097
241011_183053_Plate_1,F3,vpvC_W240R,euclid,-0.8162352,-3.5311391
241011_183053_Plate_1,F5,flaA,euclid,18.656515,15.656771
241011_183053_Plate_1,F7,hapR,euclid,4.2762337,9.416432
241011_183053_Plate_1,F8,luxO_D47E,euclid,11.748431,8.364993
241011_183053_Plate_1,F9,rbmB,euclid,5.33278,15.337778
241011_183053_Plate_1,G10,vpsL,euclid,22.040392,-4.1437497
241011_183053_Plate_1,G11,WT,euclid,11.912627,0.673083
241011_183053_Plate_1,G12,potD1,euclid,0.94626576,7.985958
241011_183053_Plate_1,G3,vpvC_W240R,euclid,-0.3305767,-3.27794
241011_183053_Plate_1,G5,flaA,euclid,18.702627,15.746849
241011_183053_Plate_1,G7,hapR,euclid,4.3439236,7.9760957
241011_183053_Plate_1,G8,luxO_D47E,euclid,11.12935,8.2674465
241011_183053_Plate_1,G9,rbmB,euclid,5.5313654,15.000548
241011_183053_Plate_1,H10,vpsL,euclid,21.406412,-3.2064517
241011_183053_Plate_1,H11,WT,euclid,11.091611,0.8362357
241011_183053_Plate_1,H12,potD1,euclid,1.2244885,7.28933
241011_183053_Plate_1,H3,vpvC_W240R,euclid,-1.8217813,-4.033887
241011_183053_Plate_1,H5,flaA,euclid,18.01461,13.626987
241011_183053_Plate_1,H7,hapR,euclid,4.049685,7.431269
241011_183053_Plate_1,H8,luxO_D47E,euclid,11.960147,8.491993
241011_183053_Plate_1,H9,rbmB,euclid,6.2146997,15.105725
241014_113135_Plate_1,A11,flaA,euclid,18.334925,14.63063
241014_113135_Plate_1,A1,hapR,euclid,3.752559,10.024322
241014_113135_Plate_1,A2,luxO_D47E,euclid,11.824472,5.765632
241014_113135_Plate_1,A3,rbmB,euclid,4.5507617,14.605661
241014_113135_Plate_1,A4,vpsL,euclid,22.054493,-3.4983318
241014_113135_Plate_1,A5,WT,euclid,22.268353,-3.0610054
241014_113135_Plate_1,A6,potD1,euclid,2.8491356,10.499869
241014_113135_Plate_1,A9,vpvC_W240R,euclid,-2.1942074,-4.0776186
241014_113135_Plate_1,B11,flaA,euclid,18.535984,15.530126
241014_113135_Plate_1,B1,hapR,euclid,3.9254222,8.087792
241014_113135_Plate_1,B2,luxO_D47E,euclid,11.904237,5.549415
241014_113135_Plate_1,B3,rbmB,euclid,4.9609933,14.7665415
241014_113135_Plate_1,B4,vpsL,euclid,21.691,-3.3038929
241014_113135_Plate_1,B5,WT,euclid,22.178967,-2.9112687
241014_113135_Plate_1,B6,potD1,euclid,3.510061,11.110472
241014_113135_Plate_1,B9,vpvC_W240R,euclid,-0.10509445,-3.0184546
241014_113135_Plate_1,C11,flaA,euclid,17.693666,12.825061
241014_113135_Plate_1,C1,hapR,euclid,11.645878,6.08328
241014_113135_Plate_1,C2,luxO_D47E,euclid,11.7479,5.9191318
241014_113135_Plate_1,C3,rbmB,euclid,11.89236,5.3754716
241014_113135_Plate_1,C4,vpsL,euclid,22.191597,-2.9924445
241014_113135_Plate_1,C5,WT,euclid,22.239998,-2.916093
241014_113135_Plate_1,C6,potD1,euclid,11.907293,5.410491
241014_113135_Plate_1,C9,vpvC_W240R,euclid,3.499786,10.664199
241014_113135_Plate_1,D11,flaA,euclid,17.753752,12.825843
241014_113135_Plate_1,D1,hapR,euclid,3.5595188,11.027234
241014_113135_Plate_1,D2,luxO_D47E,euclid,11.837284,5.697056
241014_113135_Plate_1,D3,rbmB,euclid,4.767222,14.701269
241014_113135_Plate_1,D4,vpsL,euclid,22.216787,-3.1609573
241014_113135_Plate_1,D5,WT,euclid,22.154781,-2.8593378
241014_113135_Plate_1,D9,vpvC_W240R,euclid,-0.6229187,-2.3129497
241014_113135_Plate_1,E10,vpsL,euclid,20.913168,-3.6103237
241014_113135_Plate_1,E11,WT,euclid,12.990281,1.2917897
241014_113135_Plate_1,E12,potD1,euclid,1.3752986,9.433868
241014_113135_Plate_1,E3,vpvC_W240R,euclid,3.386245,10.458713
241014_113135_Plate_1,E5,flaA,euclid,12.112125,5.436171
241014_113135_Plate_1,E7,hapR,euclid,4.981942,8.463193
241014_113135_Plate_1,E8,luxO_D47E,euclid,11.771746,5.8240533
241014_113135_Plate_1,E9,rbmB,euclid,4.6298857,14.599362
241014_113135_Plate_1,F10,vpsL,euclid,21.092678,-3.7988598
241014_113135_Plate_1,F11,WT,euclid,12.623066,1.4079792
241014_113135_Plate_1,F12,potD1,euclid,1.3292667,9.338734
241014_113135_Plate_1,F3,vpvC_W240R,euclid,-0.41543415,-2.4612575
241014_113135_Plate_1,F5,flaA,euclid,12.137131,5.3967123
241014_113135_Plate_1,F7,hapR,euclid,3.5571537,10.861774
241014_113135_Plate_1,F8,luxO_D47E,euclid,11.912311,6.8046846
241014_113135_Plate_1,F9,rbmB,euclid,5.145612,14.679438
241014_113135_Plate_1,G10,vpsL,euclid,21.482944,-3.4461975
241014_113135_Plate_1,G11,WT,euclid,12.602151,1.4238372
241014_113135_Plate_1,G12,potD1,euclid,1.5663807,9.386802
241014_113135_Plate_1,G3,vpvC_W240R,euclid,-0.55590194,-2.2878537
241014_113135_Plate_1,G5,flaA,euclid,18.04629,15.143589
241014_113135_Plate_1,G7,hapR,euclid,3.8574848,10.036766
241014_113135_Plate_1,G8,luxO_D47E,euclid,11.749864,6.3704457
241014_113135_Plate_1,G9,rbmB,euclid,5.8382893,15.001431
241014_113135_Plate_1,H10,vpsL,euclid,21.184547,-3.4235022
241014_113135_Plate_1,H11,WT,euclid,11.531638,0.104330696
241014_113135_Plate_1,H12,potD1,euclid,1.4937271,9.783954
241014_113135_Plate_1,H3,vpvC_W240R,euclid,-0.5272265,-3.1885066
241014_113135_Plate_1,H5,flaA,euclid,17.797358,13.996324
241014_113135_Plate_1,H7,hapR,euclid,3.9530787,10.149548
241014_113135_Plate_1,H8,luxO_D47E,euclid,11.794745,5.859914
241014_113135_Plate_1,H9,rbmB,euclid,7.149247,15.899303
241014_115113_Plate_1,A11,flaA,euclid,18.151302,13.991436
241014_115113_Plate_1,A1,hapR,euclid,3.5848944,7.992496
241014_115113_Plate_1,A2,luxO_D47E,euclid,11.524122,6.318578
241014_115113_Plate_1,A3,rbmB,euclid,6.6975718,15.915264
241014_115113_Plate_1,A4,vpsL,euclid,21.799608,-3.4996521
241014_115113_Plate_1,A5,WT,euclid,11.293958,0.6480984
241014_115113_Plate_1,A6,potD1,euclid,1.3268471,7.962767
241014_115113_Plate_1,A9,vpvC_W240R,euclid,-1.0567017,-3.7337298
241014_115113_Plate_1,B11,flaA,euclid,18.585482,15.373695
241014_115113_Plate_1,B1,hapR,euclid,4.7105045,7.753321
241014_115113_Plate_1,B2,luxO_D47E,euclid,11.840564,5.644873
241014_115113_Plate_1,B3,rbmB,euclid,6.839368,15.620219
241014_115113_Plate_1,B4,vpsL,euclid,21.804823,-3.2515233
241014_115113_Plate_1,B5,WT,euclid,12.787505,1.2733676
241014_115113_Plate_1,B6,potD1,euclid,2.2629702,9.754547
241014_115113_Plate_1,B9,vpvC_W240R,euclid,-0.039224382,-2.8746364
241014_115113_Plate_1,C11,flaA,euclid,17.571566,12.975401
241014_115113_Plate_1,C1,hapR,euclid,3.585505,10.967967
241014_115113_Plate_1,C2,luxO_D47E,euclid,11.642902,6.3257976
241014_115113_Plate_1,C3,rbmB,euclid,4.641959,14.782994
241014_115113_Plate_1,C4,vpsL,euclid,22.222609,-3.0663028
241014_115113_Plate_1,C5,WT,euclid,22.222712,-2.880889
241014_115113_Plate_1,C6,potD1,euclid,1.7101974,9.423145
241014_115113_Plate_1,C9,vpvC_W240R,euclid,-0.8278554,-2.7203069
241014_115113_Plate_1,D11,flaA,euclid,18.443508,15.186044
241014_115113_Plate_1,D1,hapR,euclid,3.6975617,10.256479
241014_115113_Plate_1,D2,luxO_D47E,euclid,11.798312,6.6416125
241014_115113_Plate_1,D3,rbmB,euclid,5.371642,15.534607
241014_115113_Plate_1,D4,vpsL,euclid,22.06078,-3.0165644
241014_115113_Plate_1,D5,WT,euclid,11.528072,0.9062031
241014_115113_Plate_1,D9,vpvC_W240R,euclid,-2.166825,-4.229817
241014_115113_Plate_1,E10,vpsL,euclid,20.569153,-3.7047381
241014_115113_Plate_1,E11,WT,euclid,13.002197,1.0864346
241014_115113_Plate_1,E12,potD1,euclid,0.9112542,7.9043336
241014_115113_Plate_1,E3,vpvC_W240R,euclid,-1.148105,-2.965756
241014_115113_Plate_1,E5,flaA,euclid,17.467321,12.731784
241014_115113_Plate_1,E7,hapR,euclid,4.030873,10.009098
241014_115113_Plate_1,E8,luxO_D47E,euclid,11.819445,7.7135572
241014_115113_Plate_1,E9,rbmB,euclid,6.897286,15.81
241014_115113_Plate_1,F10,vpsL,euclid,21.919617,-4.1251593
241014_115113_Plate_1,F11,WT,euclid,10.285139,0.23369744
241014_115113_Plate_1,F12,potD1,euclid,1.0050459,7.8469267
241014_115113_Plate_1,F3,vpvC_W240R,euclid,-0.025326345,-2.94
241014_115113_Plate_1,F5,flaA,euclid,12.182612,5.3839397
241014_115113_Plate_1,F7,hapR,euclid,4.1391807,9.864326
241014_115113_Plate_1,F8,luxO_D47E,euclid,12.081183,7.6347175
241014_115113_Plate_1,F9,rbmB,euclid,5.309838,14.74509
241014_115113_Plate_1,G10,vpsL,euclid,21.111141,-4.3480844
241014_115113_Plate_1,G11,WT,euclid,12.428121,1.3110653
241014_115113_Plate_1,G12,potD1,euclid,1.1613911,7.7040434
241014_115113_Plate_1,G3,vpvC_W240R,euclid,-0.23298658,-2.7536683
241014_115113_Plate_1,G5,flaA,euclid,18.0864,13.9263525
241014_115113_Plate_1,G7,hapR,euclid,4.278012,8.975963
241014_115113_Plate_1,G8,luxO_D47E,euclid,11.979691,7.4143047
241014_115113_Plate_1,G9,rbmB,euclid,6.1231985,15.771717
241014_115113_Plate_1,H10,vpsL,euclid,21.20687,-3.3757863
241014_115113_Plate_1,H11,WT,euclid,11.365464,0.55715734
241014_115113_Plate_1,H12,potD1,euclid,0.6099988,8.250044
241014_115113_Plate_1,H3,vpvC_W240R,euclid,-2.9320474,-4.482458
241014_115113_Plate_1,H5,flaA,euclid,17.480148,12.84542
241014_115113_Plate_1,H7,hapR,euclid,3.5834708,9.982486
241014_115113_Plate_1,H8,luxO_D47E,euclid,11.967842,6.8975644
241014_115113_Plate_1,H9,rbmB,euclid,6.830317,15.883334
241014_121049_Plate_1,A11,flaA,euclid,18.121277,14.8762045
241014_121049_Plate_1,A1,hapR,euclid,3.7951672,8.49527
241014_121049_Plate_1,A2,luxO_D47E,euclid,11.631764,6.1571765
241014_121049_Plate_1,A3,rbmB,euclid,5.553607,15.08033
241014_121049_Plate_1,A4,vpsL,euclid,21.735435,-3.8344262
241014_121049_Plate_1,A5,WT,euclid,11.45384,0.69349414
241014_121049_Plate_1,A6,potD1,euclid,1.4264663,9.752567
241014_121049_Plate_1,A9,vpvC_W240R,euclid,-2.4063904,-4.1948366
241014_121049_Plate_1,B11,flaA,euclid,18.755451,15.659141
241014_121049_Plate_1,B1,hapR,euclid,4.595001,7.727802
241014_121049_Plate_1,B2,luxO_D47E,euclid,11.609196,6.256291
241014_121049_Plate_1,B3,rbmB,euclid,6.6846323,15.660431
241014_121049_Plate_1,B4,vpsL,euclid,21.23512,-3.4466808
241014_121049_Plate_1,B5,WT,euclid,12.626621,1.1132054
241014_121049_Plate_1,B6,potD1,euclid,1.8456296,9.306061
241014_121049_Plate_1,B9,vpvC_W240R,euclid,-0.4426687,-3.4316478
241014_121049_Plate_1,C11,flaA,euclid,17.73431,12.870273
241014_121049_Plate_1,C1,hapR,euclid,3.4963498,10.80992
241014_121049_Plate_1,C2,luxO_D47E,euclid,11.481066,6.417999
241014_121049_Plate_1,C3,rbmB,euclid,4.700341,14.697072
241014_121049_Plate_1,C4,vpsL,euclid,21.29676,-3.193658
241014_121049_Plate_1,C5,WT,euclid,21.983555,-2.8785858
241014_121049_Plate_1,C6,potD1,euclid,1.4072222,9.110763
241014_121049_Plate_1,C9,vpvC_W240R,euclid,-0.87686104,-2.5314045
241014_121049_Plate_1,D11,flaA,euclid,17.704464,13.099621
241014_121049_Plate_1,D1,hapR,euclid,3.908629,10.099585
241014_121049_Plate_1,D2,luxO_D47E,euclid,11.700156,6.204822
241014_121049_Plate_1,D3,rbmB,euclid,5.882728,14.761871
241014_121049_Plate_1,D4,vpsL,euclid,21.447266,-3.3302977
241014_121049_Plate_1,D5,WT,euclid,11.384992,0.65293986
241014_121049_Plate_1,D9,vpvC_W240R,euclid,-0.9340471,-3.508462
241014_121049_Plate_1,E10,vpsL,euclid,21.900679,-4.3271637
241014_121049_Plate_1,E11,WT,euclid,11.804728,0.41366738
241014_121049_Plate_1,E12,potD1,euclid,0.84202844,8.5145855
241014_121049_Plate_1,E3,vpvC_W240R,euclid,-1.9870139,-4.0629826
241014_121049_Plate_1,E5,flaA,euclid,18.029354,14.114902
241014_121049_Plate_1,E7,hapR,euclid,4.0982513,9.825555
241014_121049_Plate_1,E8,luxO_D47E,euclid,11.8898325,6.9916844
241014_121049_Plate_1,E9,rbmB,euclid,6.479575,15.708048
241014_121049_Plate_1,F10,vpsL,euclid,21.466751,-4.8515434
241014_121049_Plate_1,F11,WT,euclid,11.781733,0.32935885
241014_121049_Plate_1,F12,potD1,euclid,1.234419,7.670764
241014_121049_Plate_1,F3,vpvC_W240R,euclid,-0.5353134,-3.4328647
241014_121049_Plate_1,F5,flaA,euclid,17.510778,12.879855
241014_121049_Plate_1,F7,hapR,euclid,4.1344886,9.602084
241014_121049_Plate_1,F8,luxO_D47E,euclid,11.898156,7.8687086
241014_121049_Plate_1,F9,rbmB,euclid,5.5782886,15.101375
241014_121049_Plate_1,G10,vpsL,euclid,21.049833,-4.2623415
241014_121049_Plate_1,G11,WT,euclid,11.568713,0.5859855
241014_121049_Plate_1,G12,potD1,euclid,0.6818279,8.57078
241014_121049_Plate_1,G3,vpvC_W240R,euclid,-0.15172596,-2.9373007
241014_121049_Plate_1,G5,flaA,euclid,18.356617,14.694175
241014_121049_Plate_1,G7,hapR,euclid,4.2336626,9.346095
241014_121049_Plate_1,G8,luxO_D47E,euclid,11.819678,6.576431
241014_121049_Plate_1,G9,rbmB,euclid,6.8500543,15.942941
241014_121049_Plate_1,H10,vpsL,euclid,21.045752,-3.9441721
241014_121049_Plate_1,H11,WT,euclid,10.210832,0.31159407
241014_121049_Plate_1,H12,potD1,euclid,0.82404774,8.94982
241014_121049_Plate_1,H3,vpvC_W240R,euclid,-1.7365155,-3.8562593
241014_121049_Plate_1,H5,flaA,euclid,17.839796,13.136329
241014_121049_Plate_1,H7,hapR,euclid,3.97992,9.038799
241014_121049_Plate_1,H8,luxO_D47E,euclid,11.886722,6.8514895
241014_121049_Plate_1,H9,rbmB,euclid,7.301242,15.904291
241016_105223_Plate_1,A11,flaA,euclid,17.886318,14.098611
241016_105223_Plate_1,A1,hapR,euclid,3.8142424,9.938125
241016_105223_Plate_1,A2,luxO_D47E,euclid,11.740119,6.712404
241016_105223_Plate_1,A3,rbmB,euclid,7.079623,15.16924
241016_105223_Plate_1,A4,vpsL,euclid,21.132336,-4.152617
241016_105223_Plate_1,A5,WT,euclid,11.816327,0.34645298
241016_105223_Plate_1,A6,potD1,euclid,0.7229197,9.021226
241016_105223_Plate_1,A9,vpvC_W240R,euclid,-0.9953193,-3.0220494
241016_105223_Plate_1,B11,flaA,euclid,18.452925,15.461853
241016_105223_Plate_1,B1,hapR,euclid,3.967248,10.202792
241016_105223_Plate_1,B2,luxO_D47E,euclid,12.105703,7.092519
241016_105223_Plate_1,B3,rbmB,euclid,5.8609304,15.414092
241016_105223_Plate_1,B4,vpsL,euclid,21.17491,-5.169942
241016_105223_Plate_1,B5,WT,euclid,12.007489,0.9254507
241016_105223_Plate_1,B6,potD1,euclid,2.3716304,9.922916
241016_105223_Plate_1,B9,vpvC_W240R,euclid,-1.153931,-3.077847
241016_105223_Plate_1,C11,flaA,euclid,17.576399,12.879815
241016_105223_Plate_1,C1,hapR,euclid,4.005177,10.123149
241016_105223_Plate_1,C2,luxO_D47E,euclid,11.930438,7.2606845
241016_105223_Plate_1,C3,rbmB,euclid,7.1577954,15.114801
241016_105223_Plate_1,C4,vpsL,euclid,21.972075,-4.1859784
241016_105223_Plate_1,C5,WT,euclid,11.0461,0.4622176
241016_105223_Plate_1,C6,potD1,euclid,2.176242,9.548522
241016_105223_Plate_1,C9,vpvC_W240R,euclid,-0.83614635,-2.6094587
241016_105223_Plate_1,D11,flaA,euclid,17.519344,12.921569
241016_105223_Plate_1,D1,hapR,euclid,3.9914544,10.073049
241016_105223_Plate_1,D2,luxO_D47E,euclid,11.837635,6.5357065
241016_105223_Plate_1,D3,rbmB,euclid,5.3890367,14.720956
241016_105223_Plate_1,D4,vpsL,euclid,21.448896,-4.0933313
241016_105223_Plate_1,D5,WT,euclid,10.784061,0.7852843
241016_105223_Plate_1,D6,potD1,euclid,2.2867641,10.050535
241016_105223_Plate_1,D9,vpvC_W240R,euclid,-0.6592217,-2.238914
241016_105223_Plate_1,E10,vpsL,euclid,20.734415,-3.576935
241016_105223_Plate_1,E11,WT,euclid,10.72434,0.8203878
241016_105223_Plate_1,E12,potD1,euclid,1.1939118,9.6504545
241016_105223_Plate_1,E3,vpvC_W240R,euclid,-1.17831,-2.96053
241016_105223_Plate_1,E5,flaA,euclid,17.660797,14.312175
241016_105223_Plate_1,E7,hapR,euclid,4.0478015,9.945619
241016_105223_Plate_1,E8,luxO_D47E,euclid,11.757158,6.409803
241016_105223_Plate_1,E9,rbmB,euclid,6.257772,15.561819
241016_105223_Plate_1,F10,vpsL,euclid,21.566828,-3.8465605
241016_105223_Plate_1,F11,WT,euclid,10.499987,0.40318057
241016_105223_Plate_1,F12,potD1,euclid,0.7763836,9.236092
241016_105223_Plate_1,F3,vpvC_W240R,euclid,-0.15267499,-3.086951
241016_105223_Plate_1,F5,flaA,euclid,17.784393,14.648562
241016_105223_Plate_1,F7,hapR,euclid,3.8120468,10.165116
241016_105223_Plate_1,F8,luxO_D47E,euclid,12.097706,7.3567953
241016_105223_Plate_1,F9,rbmB,euclid,5.8199944,14.855132
241016_105223_Plate_1,G10,vpsL,euclid,20.803658,-3.591606
241016_105223_Plate_1,G11,WT,euclid,10.083485,0.15658742
241016_105223_Plate_1,G12,potD1,euclid,0.96468127,8.466197
241016_105223_Plate_1,G3,vpvC_W240R,euclid,-0.88302207,-2.9832819
241016_105223_Plate_1,G5,flaA,euclid,17.755692,14.745748
241016_105223_Plate_1,G7,hapR,euclid,3.8352325,9.926612
241016_105223_Plate_1,G8,luxO_D47E,euclid,11.920336,7.1665554
241016_105223_Plate_1,G9,rbmB,euclid,5.094689,14.703134
241016_105223_Plate_1,H10,vpsL,euclid,20.570736,-3.707349
241016_105223_Plate_1,H11,WT,euclid,10.803573,0.6806537
241016_105223_Plate_1,H12,potD1,euclid,1.1080599,9.544803
241016_105223_Plate_1,H3,vpvC_W240R,euclid,-1.1849062,-3.3124654
241016_105223_Plate_1,H5,flaA,euclid,17.78955,15.244239
241016_105223_Plate_1,H7,hapR,euclid,3.6294653,10.693179
241016_105223_Plate_1,H8,luxO_D47E,euclid,11.943875,6.673323
241016_105223_Plate_1,H9,rbmB,euclid,6.63616,15.081723
241016_113137_Plate_1,A11,flaA,euclid,18.171392,14.806909
241016_113137_Plate_1,A1,hapR,euclid,3.6135492,7.758133
241016_113137_Plate_1,A2,luxO_D47E,euclid,12.209982,8.4148855
241016_113137_Plate_1,A3,rbmB,euclid,7.625917,15.287478
241016_113137_Plate_1,A4,vpsL,euclid,21.500263,-4.814609
241016_113137_Plate_1,A5,WT,euclid,11.463375,0.04705929
241016_113137_Plate_1,A6,potD1,euclid,0.57916015,8.59786
241016_113137_Plate_1,A9,vpvC_W240R,euclid,-1.2459741,-3.4259982
241016_113137_Plate_1,B11,flaA,euclid,18.575062,15.418339
241016_113137_Plate_1,B1,hapR,euclid,4.0860558,8.559484
241016_113137_Plate_1,B2,luxO_D47E,euclid,12.298645,8.342351
241016_113137_Plate_1,B3,rbmB,euclid,6.8654857,15.5069895
241016_113137_Plate_1,B4,vpsL,euclid,20.94654,-5.2537155
241016_113137_Plate_1,B5,WT,euclid,10.514633,0.51322365
241016_113137_Plate_1,B6,potD1,euclid,1.2781996,8.449445
241016_113137_Plate_1,B9,vpvC_W240R,euclid,-2.3604517,-4.346799
241016_113137_Plate_1,C11,flaA,euclid,17.947485,13.66636
241016_113137_Plate_1,C1,hapR,euclid,3.8406897,9.000305
241016_113137_Plate_1,C2,luxO_D47E,euclid,12.213662,7.6919684
241016_113137_Plate_1,C3,rbmB,euclid,7.6313806,15.128386
241016_113137_Plate_1,C4,vpsL,euclid,21.4552,-5.028475
241016_113137_Plate_1,C5,WT,euclid,11.191575,1.0171783
241016_113137_Plate_1,C6,potD1,euclid,1.4590849,8.279498
241016_113137_Plate_1,C9,vpvC_W240R,euclid,-0.680122,-2.3321655
241016_113137_Plate_1,D11,flaA,euclid,18.056137,14.325422
241016_113137_Plate_1,D1,hapR,euclid,4.1752906,9.155624
241016_113137_Plate_1,D2,luxO_D47E,euclid,12.008103,6.937707
241016_113137_Plate_1,D3,rbmB,euclid,6.8215623,15.44749
241016_113137_Plate_1,D4,vpsL,euclid,21.130867,-5.0899167
241016_113137_Plate_1,D5,WT,euclid,9.730865,-0.31834358
241016_113137_Plate_1,D6,potD1,euclid,2.2760024,10.184862
241016_113137_Plate_1,D9,vpvC_W240R,euclid,-0.559701,-2.5863056
241016_113137_Plate_1,E10,vpsL,euclid,21.288836,-5.156626
241016_113137_Plate_1,E11,WT,euclid,10.29598,0.39915836
241016_113137_Plate_1,E12,potD1,euclid,0.85469615,7.8614573
241016_113137_Plate_1,E3,vpvC_W240R,euclid,-1.176282,-3.9119291
241016_113137_Plate_1,E5,flaA,euclid,17.785585,14.376554
241016_113137_Plate_1,E7,hapR,euclid,4.326687,8.302623
241016_113137_Plate_1,E8,luxO_D47E,euclid,12.277438,8.32213
241016_113137_Plate_1,E9,rbmB,euclid,6.9195848,15.447088
241016_113137_Plate_1,F10,vpsL,euclid,21.628168,-4.4383407
241016_113137_Plate_1,F11,WT,euclid,9.803851,-0.021616854
241016_113137_Plate_1,F12,potD1,euclid,0.70858145,8.791554
241016_113137_Plate_1,F3,vpvC_W240R,euclid,-0.14217736,-3.2987542
241016_113137_Plate_1,F5,flaA,euclid,17.635218,13.696384
241016_113137_Plate_1,F7,hapR,euclid,4.1514015,9.515098
241016_113137_Plate_1,F8,luxO_D47E,euclid,12.4938545,7.9939423
241016_113137_Plate_1,F9,rbmB,euclid,7.168891,15.225707
241016_113137_Plate_1,G10,vpsL,euclid,22.003756,-3.518187
241016_113137_Plate_1,G11,WT,euclid,9.796187,-0.27429247
241016_113137_Plate_1,G12,potD1,euclid,1.3339757,7.3050117
241016_113137_Plate_1,G3,vpvC_W240R,euclid,-2.0169806,-4.185357
241016_113137_Plate_1,G5,flaA,euclid,18.125273,14.917874
241016_113137_Plate_1,G7,hapR,euclid,4.323363,9.481585
241016_113137_Plate_1,G8,luxO_D47E,euclid,12.12715,7.8466725
241016_113137_Plate_1,G9,rbmB,euclid,6.027134,15.541495
241016_113137_Plate_1,H10,vpsL,euclid,20.504791,-4.292183
241016_113137_Plate_1,H11,WT,euclid,9.893982,-0.12872678
241016_113137_Plate_1,H12,potD1,euclid,0.76979595,7.639276
241016_113137_Plate_1,H3,vpvC_W240R,euclid,-2.267627,-4.2947016
241016_113137_Plate_1,H5,flaA,euclid,17.621386,14.178625
241016_113137_Plate_1,H7,hapR,euclid,4.294376,9.2044935
241016_113137_Plate_1,H8,luxO_D47E,euclid,11.6472,7.9242153
241016_113137_Plate_1,H9,rbmB,euclid,7.2953343,15.9509535
241017_175114_Plate_1,A11,flaA,euclid,18.137934,15.988478
241017_175114_Plate_1,A1,hapR,euclid,3.983117,7.5795603
241017_175114_Plate_1,A2,luxO_D47E,euclid,11.325817,8.540316
241017_175114_Plate_1,A3,rbmB,euclid,7.269479,15.651437
241017_175114_Plate_1,A4,vpsL,euclid,21.27199,-4.9038124
241017_175114_Plate_1,A5,WT,euclid,11.020775,0.531154
241017_175114_Plate_1,A6,potD1,euclid,1.473221,7.397513
241017_175114_Plate_1,A9,vpvC_W240R,euclid,-2.489101,-4.283231
241017_175114_Plate_1,B11,flaA,euclid,18.646738,15.486413
241017_175114_Plate_1,B1,hapR,euclid,4.325713,8.35084
241017_175114_Plate_1,B2,luxO_D47E,euclid,11.421029,8.595633
241017_175114_Plate_1,B3,rbmB,euclid,5.9765387,15.618141
241017_175114_Plate_1,B4,vpsL,euclid,21.24871,-4.978894
241017_175114_Plate_1,B5,WT,euclid,11.269527,0.89925873
241017_175114_Plate_1,B6,potD1,euclid,1.6144215,8.835139
241017_175114_Plate_1,B9,vpvC_W240R,euclid,-1.9722828,-4.1339192
241017_175114_Plate_1,C11,flaA,euclid,18.015003,13.181552
241017_175114_Plate_1,C1,hapR,euclid,4.29934,8.746838
241017_175114_Plate_1,C2,luxO_D47E,euclid,11.061168,8.49763
241017_175114_Plate_1,C3,rbmB,euclid,6.757589,15.324308
241017_175114_Plate_1,C4,vpsL,euclid,20.760332,-5.097569
241017_175114_Plate_1,C5,WT,euclid,11.684732,1.2116513
241017_175114_Plate_1,C6,potD1,euclid,1.4393228,8.872506
241017_175114_Plate_1,C9,vpvC_W240R,euclid,7.8380003,14.932192
241017_175114_Plate_1,D11,flaA,euclid,18.24355,13.609461
241017_175114_Plate_1,D1,hapR,euclid,4.206151,9.460903
241017_175114_Plate_1,D2,luxO_D47E,euclid,12.000447,7.395746
241017_175114_Plate_1,D3,rbmB,euclid,5.5442924,14.63785
241017_175114_Plate_1,D4,vpsL,euclid,20.907534,-5.113442
241017_175114_Plate_1,D5,WT,euclid,9.805823,-0.38317025
241017_175114_Plate_1,D6,potD1,euclid,0.89258575,7.775971
241017_175114_Plate_1,D9,vpvC_W240R,euclid,-0.70354354,-3.3869703
241017_175114_Plate_1,E10,vpsL,euclid,21.490377,-4.82118
241017_175114_Plate_1,E11,WT,euclid,11.383193,0.5426282
241017_175114_Plate_1,E12,potD1,euclid,0.9041533,7.879516
241017_175114_Plate_1,E3,vpvC_W240R,euclid,-3.064653,-4.731054
241017_175114_Plate_1,E5,flaA,euclid,18.615444,14.598117
241017_175114_Plate_1,E7,hapR,euclid,4.1432204,9.338539
241017_175114_Plate_1,E8,luxO_D47E,euclid,11.58069,8.208228
241017_175114_Plate_1,E9,rbmB,euclid,5.393722,14.967738
241017_175114_Plate_1,F10,vpsL,euclid,20.952705,-5.0336156
241017_175114_Plate_1,F11,WT,euclid,10.557577,0.15251385
241017_175114_Plate_1,F12,potD1,euclid,0.70407003,8.071546
241017_175114_Plate_1,F3,vpvC_W240R,euclid,-2.200162,-4.260104
241017_175114_Plate_1,F5,flaA,euclid,18.410599,14.236911
241017_175114_Plate_1,F7,hapR,euclid,4.2873416,9.338941
241017_175114_Plate_1,F8,luxO_D47E,euclid,11.651578,7.148589
241017_175114_Plate_1,F9,rbmB,euclid,5.5066648,15.170984
241017_175114_Plate_1,G10,vpsL,euclid,20.855795,-5.061554
241017_175114_Plate_1,G11,WT,euclid,10.3309355,0.16959494
241017_175114_Plate_1,G12,potD1,euclid,0.8534066,7.714662
241017_175114_Plate_1,G3,vpvC_W240R,euclid,-1.6794487,-4.081825
241017_175114_Plate_1,G5,flaA,euclid,18.232407,15.222196
241017_175114_Plate_1,G7,hapR,euclid,4.1294594,9.6028
241017_175114_Plate_1,G8,luxO_D47E,euclid,11.829472,7.2812257
241017_175114_Plate_1,G9,rbmB,euclid,5.777206,15.239725
241017_175114_Plate_1,H10,vpsL,euclid,21.277178,-4.847139
241017_175114_Plate_1,H11,WT,euclid,10.570991,-0.14830431
241017_175114_Plate_1,H12,potD1,euclid,1.343499,9.935495
241017_175114_Plate_1,H3,vpvC_W240R,euclid,-3.0163772,-4.702014
241017_175114_Plate_1,H5,flaA,euclid,18.269316,15.083096
241017_175114_Plate_1,H7,hapR,euclid,4.3933125,8.301565
241017_175114_Plate_1,H8,luxO_D47E,euclid,11.412162,8.381255
241017_175114_Plate_1,H9,rbmB,euclid,6.285108,14.832263
241017_181052_Plate_1,A11,flaA,euclid,18.447525,14.9953
241017_181052_Plate_1,A1,hapR,euclid,3.6237097,7.790244
241017_181052_Plate_1,A2,luxO_D47E,euclid,11.520626,7.6807766
241017_181052_Plate_1,A3,rbmB,euclid,7.3011665,15.562383
241017_181052_Plate_1,A4,vpsL,euclid,21.45574,-3.8428478
241017_181052_Plate_1,A5,WT,euclid,10.985701,0.5325942
241017_181052_Plate_1,A6,potD1,euclid,1.9864547,8.895725
241017_181052_Plate_1,A9,vpvC_W240R,euclid,-2.8405783,-4.5205135
241017_181052_Plate_1,B11,flaA,euclid,18.768822,15.193353
241017_181052_Plate_1,B1,hapR,euclid,3.728211,8.478892
241017_181052_Plate_1,B2,luxO_D47E,euclid,11.251892,8.419737
241017_181052_Plate_1,B3,rbmB,euclid,6.125375,15.374091
241017_181052_Plate_1,B4,vpsL,euclid,21.649378,-4.6467495
241017_181052_Plate_1,B5,WT,euclid,10.078175,-0.2266832
241017_181052_Plate_1,B6,potD1,euclid,1.7477174,9.228258
241017_181052_Plate_1,B9,vpvC_W240R,euclid,-1.342932,-3.564012
241017_181052_Plate_1,C11,flaA,euclid,18.343323,14.407554
241017_181052_Plate_1,C1,hapR,euclid,3.776517,8.851718
241017_181052_Plate_1,C2,luxO_D47E,euclid,11.680511,7.646171
241017_181052_Plate_1,C3,rbmB,euclid,6.747793,15.0597
241017_181052_Plate_1,C4,vpsL,euclid,20.739714,-5.260672
241017_181052_Plate_1,C5,WT,euclid,10.6866455,0.21300462
241017_181052_Plate_1,C6,potD1,euclid,1.2808311,8.835801
241017_181052_Plate_1,C9,vpvC_W240R,euclid,7.76771,15.020343
241017_181052_Plate_1,D11,flaA,euclid,18.719303,15.890063
241017_181052_Plate_1,D1,hapR,euclid,4.165679,8.053965
241017_181052_Plate_1,D2,luxO_D47E,euclid,11.581281,7.707586
241017_181052_Plate_1,D3,rbmB,euclid,5.741097,15.724038
241017_181052_Plate_1,D4,vpsL,euclid,20.918589,-4.989118
241017_181052_Plate_1,D5,WT,euclid,9.7865,-0.34724236
241017_181052_Plate_1,D6,potD1,euclid,1.211813,8.578872
241017_181052_Plate_1,D9,vpvC_W240R,euclid,-2.131323,-4.3362336
241017_181052_Plate_1,E10,vpsL,euclid,21.559433,-3.9209447
241017_181052_Plate_1,E11,WT,euclid,11.85996,0.2534159
241017_181052_Plate_1,E12,potD1,euclid,0.6832599,8.042144
241017_181052_Plate_1,E3,vpvC_W240R,euclid,-2.4280584,-4.276638
241017_181052_Plate_1,E5,flaA,euclid,17.875196,13.167671
241017_181052_Plate_1,E7,hapR,euclid,4.025198,9.64291
241017_181052_Plate_1,E8,luxO_D47E,euclid,11.702127,7.374472
241017_181052_Plate_1,E9,rbmB,euclid,6.5329084,15.268625
241017_181052_Plate_1,F10,vpsL,euclid,21.252407,-4.946738
241017_181052_Plate_1,F11,WT,euclid,11.566037,0.41792187
241017_181052_Plate_1,F12,potD1,euclid,0.8022531,8.55011
241017_181052_Plate_1,F3,vpvC_W240R,euclid,-1.8828021,-4.0836205
241017_181052_Plate_1,F5,flaA,euclid,18.374546,14.055323
241017_181052_Plate_1,F7,hapR,euclid,3.7832043,9.620744
241017_181052_Plate_1,F8,luxO_D47E,euclid,11.469644,6.753633
241017_181052_Plate_1,F9,rbmB,euclid,5.365262,15.092362
241017_181052_Plate_1,G10,vpsL,euclid,20.631199,-4.212526
241017_181052_Plate_1,G11,WT,euclid,11.71257,0.22677904
241017_181052_Plate_1,G12,potD1,euclid,0.78020453,8.187917
241017_181052_Plate_1,G3,vpvC_W240R,euclid,-2.527285,-4.3170276
241017_181052_Plate_1,G5,flaA,euclid,18.754856,15.806714
241017_181052_Plate_1,G7,hapR,euclid,3.6571465,9.494168
241017_181052_Plate_1,G8,luxO_D47E,euclid,11.33751,8.626837
241017_181052_Plate_1,G9,rbmB,euclid,5.6819253,15.089658
241017_181052_Plate_1,H10,vpsL,euclid,21.322374,-3.4460554
241017_181052_Plate_1,H11,WT,euclid,11.62867,0.3576558
241017_181052_Plate_1,H12,potD1,euclid,1.3566498,9.946045
241017_181052_Plate_1,H3,vpvC_W240R,euclid,-2.708068,-4.4442058
241017_181052_Plate_1,H5,flaA,euclid,18.391706,15.071892
241017_181052_Plate_1,H7,hapR,euclid,3.7428384,9.688007
241017_181052_Plate_1,H8,luxO_D47E,euclid,11.669319,7.8429375
241017_181052_Plate_1,H9,rbmB,euclid,7.184892,15.977352
241017_183030_Plate_1,A11,flaA,euclid,18.206875,15.344696
241017_183030_Plate_1,A1,hapR,euclid,3.7707002,8.126482
241017_183030_Plate_1,A2,luxO_D47E,euclid,11.4656,7.5558605
241017_183030_Plate_1,A3,rbmB,euclid,6.1400876,15.224143
241017_183030_Plate_1,A4,vpsL,euclid,21.395178,-3.437327
241017_183030_Plate_1,A5,WT,euclid,11.408611,0.33796808
241017_183030_Plate_1,A6,potD1,euclid,1.298649,8.062137
241017_183030_Plate_1,A9,vpvC_W240R,euclid,-2.2493804,-4.3587327
241017_183030_Plate_1,B11,flaA,euclid,18.536694,14.198789
241017_183030_Plate_1,B1,hapR,euclid,3.7781444,8.321812
241017_183030_Plate_1,B2,luxO_D47E,euclid,11.317134,7.0729856
241017_183030_Plate_1,B3,rbmB,euclid,4.748551,14.873614
241017_183030_Plate_1,B4,vpsL,euclid,22.104397,-3.439154
241017_183030_Plate_1,B5,WT,euclid,12.76763,1.3051965
241017_183030_Plate_1,B6,potD1,euclid,2.4799242,10.107492
241017_183030_Plate_1,B9,vpvC_W240R,euclid,-1.4446597,-3.5253417
241017_183030_Plate_1,C11,flaA,euclid,18.02798,13.358267
241017_183030_Plate_1,C1,hapR,euclid,3.8265038,9.734543
241017_183030_Plate_1,C2,luxO_D47E,euclid,11.393618,6.8326497
241017_183030_Plate_1,C3,rbmB,euclid,6.9260645,15.493121
241017_183030_Plate_1,C4,vpsL,euclid,21.279503,-4.921154
241017_183030_Plate_1,C5,WT,euclid,11.829007,1.2049949
241017_183030_Plate_1,C6,potD1,euclid,3.136754,10.722588
241017_183030_Plate_1,C9,vpvC_W240R,euclid,7.679311,15.100457
241017_183030_Plate_1,D11,flaA,euclid,18.674719,15.505602
241017_183030_Plate_1,D1,hapR,euclid,4.0319695,7.998997
241017_183030_Plate_1,D2,luxO_D47E,euclid,11.467821,6.389242
241017_183030_Plate_1,D3,rbmB,euclid,4.821613,14.9865885
241017_183030_Plate_1,D4,vpsL,euclid,20.715218,-4.39162
241017_183030_Plate_1,D5,WT,euclid,11.40118,0.33119932
241017_183030_Plate_1,D6,potD1,euclid,1.6528635,9.6753235
241017_183030_Plate_1,D9,vpvC_W240R,euclid,-2.6587539,-4.4966063
241017_183030_Plate_1,E10,vpsL,euclid,20.651958,-3.5824802
241017_183030_Plate_1,E11,WT,euclid,11.955297,0.06692684
241017_183030_Plate_1,E12,potD1,euclid,1.8951274,9.932066
241017_183030_Plate_1,E3,vpvC_W240R,euclid,-2.7335372,-4.603475
241017_183030_Plate_1,E5,flaA,euclid,18.221321,13.52613
241017_183030_Plate_1,E7,hapR,euclid,3.8012187,9.647401
241017_183030_Plate_1,E8,luxO_D47E,euclid,11.466746,6.9467587
241017_183030_Plate_1,E9,rbmB,euclid,4.955593,14.905318
241017_183030_Plate_1,F10,vpsL,euclid,21.72524,-4.3672028
241017_183030_Plate_1,F11,WT,euclid,12.901353,1.4019239
241017_183030_Plate_1,F12,potD1,euclid,1.3821666,9.908549
241017_183030_Plate_1,F3,vpvC_W240R,euclid,-0.08943245,-3.1296978
241017_183030_Plate_1,F5,flaA,euclid,18.475174,13.881629
241017_183030_Plate_1,F7,hapR,euclid,3.6504626,10.3033905
241017_183030_Plate_1,F8,luxO_D47E,euclid,11.340707,6.6457214
241017_183030_Plate_1,F9,rbmB,euclid,4.688052,14.832419
241017_183030_Plate_1,G10,vpsL,euclid,21.252693,-3.5852826
241017_183030_Plate_1,G11,WT,euclid,12.151544,0.47580296
241017_183030_Plate_1,G12,potD1,euclid,1.4658623,9.795738
241017_183030_Plate_1,G3,vpvC_W240R,euclid,-1.1731056,-3.262608
241017_183030_Plate_1,G5,flaA,euclid,18.057653,13.976128
241017_183030_Plate_1,G7,hapR,euclid,3.7599328,10.162063
241017_183030_Plate_1,G8,luxO_D47E,euclid,11.618485,7.728236
241017_183030_Plate_1,G9,rbmB,euclid,10.965767,8.83076
241017_183030_Plate_1,H10,vpsL,euclid,21.371506,-3.2708237
241017_183030_Plate_1,H11,WT,euclid,11.924642,0.28322762
241017_183030_Plate_1,H12,potD1,euclid,3.1372256,10.8908825
241017_183030_Plate_1,H3,vpvC_W240R,euclid,-2.5284283,-4.0579863
241017_183030_Plate_1,H5,flaA,euclid,18.380217,15.065674
241017_183030_Plate_1,H7,hapR,euclid,3.8594599,9.825464
241017_183030_Plate_1,H8,luxO_D47E,euclid,11.306905,7.8453217
241017_183030_Plate_1,H9,rbmB,euclid,5.937864,14.9389715
241023_161758_Plate_1,A11,flaA,euclid,17.983156,15.885461
241023_161758_Plate_1,A1,hapR,euclid,3.723581,7.9149604
241023_161758_Plate_1,A2,luxO_D47E,euclid,12.371925,8.048758
241023_161758_Plate_1,A3,rbmB,euclid,5.917695,14.663519
241023_161758_Plate_1,A4,vpsL,euclid,21.077059,-3.405706
241023_161758_Plate_1,A5,WT,euclid,11.865485,0.7969178
241023_161758_Plate_1,A6,potD1,euclid,2.09889,10.006359
241023_161758_Plate_1,A9,vpvC_W240R,euclid,-1.0245743,-2.952082
241023_161758_Plate_1,B11,flaA,euclid,18.070318,16.020378
241023_161758_Plate_1,B1,hapR,euclid,4.7815847,7.8937373
241023_161758_Plate_1,B2,luxO_D47E,euclid,12.045754,8.152413
241023_161758_Plate_1,B3,rbmB,euclid,6.8392873,15.408326
241023_161758_Plate_1,B4,vpsL,euclid,20.739151,-3.9394543
241023_161758_Plate_1,B5,WT,euclid,11.860839,0.979648
241023_161758_Plate_1,B6,potD1,euclid,2.513125,9.816486
241023_161758_Plate_1,B9,vpvC_W240R,euclid,-0.86924034,-3.1058493
241023_161758_Plate_1,C11,flaA,euclid,18.2427,15.762737
241023_161758_Plate_1,C1,hapR,euclid,4.80337,7.514934
241023_161758_Plate_1,C2,luxO_D47E,euclid,12.241295,8.18494
241023_161758_Plate_1,C3,rbmB,euclid,6.8883986,14.9057045
241023_161758_Plate_1,C4,vpsL,euclid,20.470928,-4.7688794
241023_161758_Plate_1,C5,WT,euclid,12.009692,1.1623949
241023_161758_Plate_1,C6,potD1,euclid,2.6951327,10.252281
241023_161758_Plate_1,C9,vpvC_W240R,euclid,-0.6060132,-2.7996354
241023_161758_Plate_1,D11,flaA,euclid,18.077456,15.943931
241023_161758_Plate_1,D1,hapR,euclid,4.7288475,7.5854907
241023_161758_Plate_1,D2,luxO_D47E,euclid,12.188445,8.078049
241023_161758_Plate_1,D3,rbmB,euclid,5.241201,14.663171
241023_161758_Plate_1,D4,vpsL,euclid,20.667362,-4.422054
241023_161758_Plate_1,D5,WT,euclid,11.071152,0.26445112
241023_161758_Plate_1,D6,potD1,euclid,2.370124,9.689076
241023_161758_Plate_1,D9,vpvC_W240R,euclid,-1.086239,-2.8267326
241023_161758_Plate_1,E10,vpsL,euclid,20.964369,-4.217834
241023_161758_Plate_1,E11,WT,euclid,10.812591,0.4468802
241023_161758_Plate_1,E12,potD1,euclid,0.88969713,7.665688
241023_161758_Plate_1,E3,vpvC_W240R,euclid,-2.4919968,-4.5433865
241023_161758_Plate_1,E5,flaA,euclid,17.551327,13.943397
241023_161758_Plate_1,E7,hapR,euclid,3.9457176,10.067293
241023_161758_Plate_1,E8,luxO_D47E,euclid,12.080205,7.0922737
241023_161758_Plate_1,E9,rbmB,euclid,7.045371,15.050408
241023_161758_Plate_1,F10,vpsL,euclid,21.025454,-4.2738914
241023_161758_Plate_1,F11,WT,euclid,10.191108,0.2888769
241023_161758_Plate_1,F12,potD1,euclid,0.62778795,8.919866
241023_161758_Plate_1,F3,vpvC_W240R,euclid,-1.1901121,-2.7482555
241023_161758_Plate_1,F5,flaA,euclid,17.629229,15.445859
241023_161758_Plate_1,F7,hapR,euclid,4.1327577,9.895829
241023_161758_Plate_1,F8,luxO_D47E,euclid,12.178077,7.1557164
241023_161758_Plate_1,F9,rbmB,euclid,6.089016,14.771898
241023_161758_Plate_1,G10,vpsL,euclid,20.444387,-4.513368
241023_161758_Plate_1,G11,WT,euclid,10.417797,0.36940184
241023_161758_Plate_1,G12,potD1,euclid,0.81388485,8.964892
241023_161758_Plate_1,G3,vpvC_W240R,euclid,-0.32380253,-2.858478
241023_161758_Plate_1,G5,flaA,euclid,17.563791,13.56555
241023_161758_Plate_1,G7,hapR,euclid,4.341722,7.826677
241023_161758_Plate_1,G8,luxO_D47E,euclid,11.6014595,6.2050447
241023_161758_Plate_1,G9,rbmB,euclid,5.132299,14.628913
241023_161758_Plate_1,H10,vpsL,euclid,20.460358,-4.7250404
241023_161758_Plate_1,H11,WT,euclid,9.927539,-0.025918959
241023_161758_Plate_1,H12,potD1,euclid,0.5269977,8.603681
241023_161758_Plate_1,H3,vpvC_W240R,euclid,-3.2658644,-4.782699
241023_161758_Plate_1,H5,flaA,euclid,17.935621,15.91086
241023_161758_Plate_1,H7,hapR,euclid,4.5040154,8.047702
241023_161758_Plate_1,H8,luxO_D47E,euclid,12.086831,6.928598
241023_161758_Plate_1,H9,rbmB,euclid,6.398349,14.89481
241023_163737_Plate_1,A11,flaA,euclid,17.802162,15.59443
241023_163737_Plate_1,A1,hapR,euclid,4.1120434,7.6890635
241023_163737_Plate_1,A2,luxO_D47E,euclid,12.412614,7.9923825
241023_163737_Plate_1,A3,rbmB,euclid,7.306274,15.457578
241023_163737_Plate_1,A4,vpsL,euclid,20.891191,-4.461105
241023_163737_Plate_1,A5,WT,euclid,10.658393,-0.05585189
241023_163737_Plate_1,A6,potD1,euclid,1.4069816,8.45801
241023_163737_Plate_1,A9,vpvC_W240R,euclid,-1.9369506,-4.2133136
241023_163737_Plate_1,B11,flaA,euclid,18.072395,16.040287
241023_163737_Plate_1,B1,hapR,euclid,4.712237,7.8944435
241023_163737_Plate_1,B2,luxO_D47E,euclid,12.120817,8.705302
241023_163737_Plate_1,B3,rbmB,euclid,6.6132426,15.512818
241023_163737_Plate_1,B4,vpsL,euclid,20.963179,-4.132879
241023_163737_Plate_1,B5,WT,euclid,11.293771,1.0297073
241023_163737_Plate_1,B6,potD1,euclid,1.7548612,8.25494
241023_163737_Plate_1,B9,vpvC_W240R,euclid,-1.9895146,-4.120284
241023_163737_Plate_1,C11,flaA,euclid,18.433516,15.462101
241023_163737_Plate_1,C1,hapR,euclid,4.5695004,7.261578
241023_163737_Plate_1,C2,luxO_D47E,euclid,12.27004,8.197869
241023_163737_Plate_1,C3,rbmB,euclid,6.50637,15.461315
241023_163737_Plate_1,C4,vpsL,euclid,20.515644,-5.251736
241023_163737_Plate_1,C5,WT,euclid,11.591577,-0.095216915
241023_163737_Plate_1,C6,potD1,euclid,2.0925705,9.34127
241023_163737_Plate_1,C9,vpvC_W240R,euclid,-0.62576973,-3.1730793
241023_163737_Plate_1,D11,flaA,euclid,18.178623,16.104343
241023_163737_Plate_1,D1,hapR,euclid,4.9015183,7.655846
241023_163737_Plate_1,D2,luxO_D47E,euclid,12.320577,8.251135
241023_163737_Plate_1,D3,rbmB,euclid,7.733456,15.283991
241023_163737_Plate_1,D4,vpsL,euclid,20.441172,-5.0980415
241023_163737_Plate_1,D5,WT,euclid,10.341073,0.10404664
241023_163737_Plate_1,D6,potD1,euclid,1.6294887,8.921831
241023_163737_Plate_1,D9,vpvC_W240R,euclid,-0.8505167,-2.7467594
241023_163737_Plate_1,E10,vpsL,euclid,20.998196,-3.970682
241023_163737_Plate_1,E11,WT,euclid,10.431307,-0.029898724
241023_163737_Plate_1,E12,potD1,euclid,1.464154,7.467789
241023_163737_Plate_1,E3,vpvC_W240R,euclid,-2.7441554,-4.5141077
241023_163737_Plate_1,E5,flaA,euclid,17.853804,14.69641
241023_163737_Plate_1,E7,hapR,euclid,3.7945986,8.194108
241023_163737_Plate_1,E8,luxO_D47E,euclid,12.02443,8.4013195
241023_163737_Plate_1,E9,rbmB,euclid,7.338741,15.380889
241023_163737_Plate_1,F10,vpsL,euclid,20.591917,-4.8383017
241023_163737_Plate_1,F11,WT,euclid,9.880448,-0.11806544
241023_163737_Plate_1,F12,potD1,euclid,0.6770981,9.0192175
241023_163737_Plate_1,F3,vpvC_W240R,euclid,-2.0363848,-4.4443088
241023_163737_Plate_1,F5,flaA,euclid,17.63045,15.247245
241023_163737_Plate_1,F7,hapR,euclid,4.611763,8.9366665
241023_163737_Plate_1,F8,luxO_D47E,euclid,12.2119875,8.260112
241023_163737_Plate_1,F9,rbmB,euclid,4.5727253,14.541537
241023_163737_Plate_1,G10,vpsL,euclid,20.553469,-5.018071
241023_163737_Plate_1,G11,WT,euclid,9.767393,-0.19389692
241023_163737_Plate_1,G12,potD1,euclid,1.3384204,7.4238296
241023_163737_Plate_1,G3,vpvC_W240R,euclid,-1.6787003,-3.9400263
241023_163737_Plate_1,G5,flaA,euclid,17.492764,13.388928
241023_163737_Plate_1,G7,hapR,euclid,4.551636,8.520462
241023_163737_Plate_1,G8,luxO_D47E,euclid,11.060319,8.53928
241023_163737_Plate_1,G9,rbmB,euclid,6.235423,14.911408
241023_163737_Plate_1,H10,vpsL,euclid,20.39048,-5.0847855
241023_163737_Plate_1,H11,WT,euclid,9.682144,-0.4089247
241023_163737_Plate_1,H12,potD1,euclid,1.2728814,7.3264165
241023_163737_Plate_1,H3,vpvC_W240R,euclid,-3.2819722,-4.807434
241023_163737_Plate_1,H5,flaA,euclid,17.997179,16.063318
241023_163737_Plate_1,H7,hapR,euclid,4.627758,7.7735033
241023_163737_Plate_1,H8,luxO_D47E,euclid,11.799819,9.078372
241023_163737_Plate_1,H9,rbmB,euclid,7.354707,15.757474
241023_165712_Plate_1,A11,flaA,euclid,17.891582,15.937464
241023_165712_Plate_1,A1,hapR,euclid,3.6505382,7.6258683
241023_165712_Plate_1,A2,luxO_D47E,euclid,12.417961,8.198413
241023_165712_Plate_1,A3,rbmB,euclid,7.471286,15.493924
241023_165712_Plate_1,A4,vpsL,euclid,20.881552,-4.104187
241023_165712_Plate_1,A5,WT,euclid,10.449138,-0.101892024
241023_165712_Plate_1,A6,potD1,euclid,0.6201146,8.530668
241023_165712_Plate_1,A9,vpvC_W240R,euclid,-0.7714592,-3.2231326
241023_165712_Plate_1,B11,flaA,euclid,18.322918,15.917236
241023_165712_Plate_1,B1,hapR,euclid,4.755077,7.662118
241023_165712_Plate_1,B2,luxO_D47E,euclid,12.3188305,7.7065926
241023_165712_Plate_1,B3,rbmB,euclid,7.231943,15.414165
241023_165712_Plate_1,B4,vpsL,euclid,20.877039,-4.3290896
241023_165712_Plate_1,B5,WT,euclid,10.602639,0.2569675
241023_165712_Plate_1,B6,potD1,euclid,1.3418434,7.3126464
241023_165712_Plate_1,B9,vpvC_W240R,euclid,-2.8354588,-4.586194
241023_165712_Plate_1,C11,flaA,euclid,18.374176,15.835255
241023_165712_Plate_1,C1,hapR,euclid,4.646302,7.400824
241023_165712_Plate_1,C2,luxO_D47E,euclid,12.158391,7.84186
241023_165712_Plate_1,C3,rbmB,euclid,7.6151667,15.362113
241023_165712_Plate_1,C4,vpsL,euclid,20.499044,-5.2386355
241023_165712_Plate_1,C5,WT,euclid,10.006264,-0.3884611
241023_165712_Plate_1,C6,potD1,euclid,1.5152192,8.194672
241023_165712_Plate_1,C9,vpvC_W240R,euclid,-0.4099398,-2.9750996
241023_165712_Plate_1,D11,flaA,euclid,18.058224,14.541939
241023_165712_Plate_1,D1,hapR,euclid,4.366635,8.249767
241023_165712_Plate_1,D2,luxO_D47E,euclid,12.467802,8.142535
241023_165712_Plate_1,D3,rbmB,euclid,7.7329526,15.339446
241023_165712_Plate_1,D4,vpsL,euclid,20.364782,-5.1786737
241023_165712_Plate_1,D5,WT,euclid,11.348319,0.8833803
241023_165712_Plate_1,D6,potD1,euclid,1.6276767,7.958345
241023_165712_Plate_1,D9,vpvC_W240R,euclid,-2.2087138,-4.264309
241023_165712_Plate_1,E10,vpsL,euclid,21.17342,-4.082838
241023_165712_Plate_1,E11,WT,euclid,10.639337,-0.11707352
241023_165712_Plate_1,E12,potD1,euclid,1.1848316,8.158693
241023_165712_Plate_1,E3,vpvC_W240R,euclid,-1.5550781,-4.003893
241023_165712_Plate_1,E5,flaA,euclid,18.319988,15.440301
241023_165712_Plate_1,E7,hapR,euclid,3.8042643,7.9035726
241023_165712_Plate_1,E8,luxO_D47E,euclid,12.196917,7.3393316
241023_165712_Plate_1,E9,rbmB,euclid,7.52049,15.427659
241023_165712_Plate_1,F10,vpsL,euclid,20.718472,-4.5754437
241023_165712_Plate_1,F11,WT,euclid,9.785995,-0.45296088
241023_165712_Plate_1,F12,potD1,euclid,0.5503628,8.68941
241023_165712_Plate_1,F3,vpvC_W240R,euclid,-2.170341,-4.457947
241023_165712_Plate_1,F5,flaA,euclid,17.531883,13.972515
241023_165712_Plate_1,F7,hapR,euclid,4.5436935,8.967216
241023_165712_Plate_1,F8,luxO_D47E,euclid,12.212076,7.57044
241023_165712_Plate_1,F9,rbmB,euclid,4.5742354,14.53718
241023_165712_Plate_1,G10,vpsL,euclid,20.438704,-5.203723
241023_165712_Plate_1,G11,WT,euclid,9.709171,-0.4827313
241023_165712_Plate_1,G12,potD1,euclid,1.3406503,7.2446074
241023_165712_Plate_1,G3,vpvC_W240R,euclid,-1.77492,-3.9722745
241023_165712_Plate_1,G5,flaA,euclid,17.78655,14.130696
241023_165712_Plate_1,G7,hapR,euclid,4.3197618,9.477547
241023_165712_Plate_1,G8,luxO_D47E,euclid,12.317882,7.43876
241023_165712_Plate_1,G9,rbmB,euclid,6.7681475,15.041455
241023_165712_Plate_1,H10,vpsL,euclid,20.314114,-3.522268
241023_165712_Plate_1,H11,WT,euclid,9.7038965,-0.41923875
241023_165712_Plate_1,H12,potD1,euclid,1.2842088,7.2925053
241023_165712_Plate_1,H3,vpvC_W240R,euclid,-3.2326233,-4.747754
241023_165712_Plate_1,H5,flaA,euclid,17.82889,15.682764
241023_165712_Plate_1,H7,hapR,euclid,4.5165157,7.5750656
241023_165712_Plate_1,H8,luxO_D47E,euclid,11.589296,8.9636345
241023_165712_Plate_1,H9,rbmB,euclid,7.101856,15.663452
