locus,oldLocus,gene,description,logFC,qvalue
VC_RS00005,VC0002; VC_0002,mioC,FMN-binding protein MioC,0.265271433097316,0.5001318095043
VC_RS00010,VC0003; VC_0003,mnmE,tRNA uridine-5-carboxymethylaminomethyl(34) synthesis GTPase MnmE,-0.0337021432714275,0.949574648318161
VC_RS00015,VC0004; VC_0004,yidC,membrane protein insertase YidC,-0.383632026031634,0.271635781152787
VC_RS00020,VC0005; VC_0005,yidD,membrane protein insertion efficiency factor YidD,-0.708765222069464,0.194341387410718
VC_RS00025,VC0006; VC_0006,rnpA,ribonuclease P protein component,-0.450129445181486,0.548352000604636
VC_RS00030,VC0007; VC_0007,rpmH,50S ribosomal protein L34,-0.111878526521438,0.890862630265821
VC_RS00035,VC0008; VC_0008,,amino acid ABC transporter ATP-binding protein,0.0236334664765856,0.97885025929309
VC_RS00040,VC0009; VC_0009,,amino acid ABC transporter permease,0.0058351491379444,0.996601295197505
VC_RS00045,VC0010; VC_0010,,amino acid ABC transporter substrate-binding protein,0.313593137431177,0.721012648297316
VC_RS00050,VC0012; VC_0012,dnaA,chromosomal replication initiator protein DnaA,0.0682006100092249,0.860854348596186
VC_RS00055,VC0013; VC_0013,dnaN,DNA polymerase III subunit beta,-0.261142411267454,0.555904723009223
VC_RS00060,VC0014; VC_0014,recF,DNA replication/repair protein RecF,-0.281920027809538,0.321614871392933
VC_RS00065,VC0015; VC_0015,gyrB,DNA topoisomerase (ATP-hydrolyzing) subunit B,0.0049996326297065,0.994868148313972
VC_RS00070,VC0015a; VC_0016,,hypothetical protein,0.765501813001145,0.234631588220406
VC_RS00075,VC0018; VC_0018,,Hsp20 family protein,0.255111743756288,0.869501926885578
VC_RS00080,VC0019; VC_0019,,valine--pyruvate transaminase,0.139092626317163,0.743869120877748
VC_RS00085,VC0020; VC_0020,glyS,glycine--tRNA ligase subunit beta,0.0009730573912244,0.998616480506812
VC_RS00090,VC0021; VC_0021,glyQ,glycine--tRNA ligase subunit alpha,-0.23280181552943,0.504350609415924
VC_RS00095,VC0022; VC_0022,,TMEM165/GDT1 family protein,-0.508062473516673,0.28533917368528
VC_RS00100,VC0023; VC_0023,,hypothetical protein,0.0381611441896728,0.976850199293178
VC_RS00105,VC0024; VC_0024,tusA,sulfurtransferase TusA,-0.224414811040144,0.564574359286469
VC_RS00110,VC0025; VC_0025,,hypothetical protein,-0.334598556661107,0.660014576959245
VC_RS00115,VC0026; VC_0026,,MDR family oxidoreductase,0.436188553804591,0.412905826583131
VC_RS00120,VC0027; VC_0027,ilvA,"threonine ammonia-lyase, biosynthetic",-0.0619382607426181,0.93518023083539
VC_RS00125,VC0028; VC_0028,ilvD,dihydroxy-acid dehydratase,0.184275195418771,0.893658961144639
VC_RS00130,VC0029; VC_0029,ilvE,branched-chain-amino-acid transaminase,0.013004897699919,0.985643903299395
VC_RS00135,VC0030; VC_0030,ilvM,acetolactate synthase 2 small subunit,-0.3578376776552,0.600048031567954
VC_RS00140,VC0031; VC_0031,ilvG,acetolactate synthase 2 catalytic subunit,0.0096844422751754,0.990004564523328
VC_RS00145,VC0032; VC_0032,,YifB family Mg chelatase-like AAA ATPase,0.214674294201707,0.701715982796404
VC_RS00150,VC0033; VC_0033,,acyltransferase,-0.0035352553850015,0.996601295197505
VC_RS00155,VC0034; VC_0034,,thiol:disulfide interchange protein DsbA/DsbL,-0.277079000679208,0.619232686937686
VC_RS00160,VC0035; VC_0035,,serine/threonine protein kinase,-0.321794351649756,0.297326645696856
VC_RS00165,VC0036; VC_0036,ccoG,cytochrome c oxidase accessory protein CcoG,-0.183956865875525,0.66568811840876
VC_RS00170,VC0037; VC_0037,,YihD family protein,0.227239717747514,0.718703182761885
VC_RS00175,VC0039; VC_0039,,sporulation protein,0.396826207144072,0.242445471863729
VC_RS00180,VC0040; VC_0040,,PAQR family membrane homeostasis protein TrhA,0.407690294528111,0.51423658603205
VC_RS00185,VC0041; VC_0041,,DUF3157 family protein,0.0149921114192846,0.979955555366574
VC_RS00190,VC0042; VC_0042,,TrkH family potassium uptake protein,0.0301898859053752,0.964671308207703
VC_RS00195,VC0043; VC_0043,trkA,Trk system potassium transporter TrkA,-0.0090277315766532,0.989678319775601
VC_RS00200,VC0044; VC_0044,rsmB,16S rRNA (cytosine(967)-C(5))-methyltransferase RsmB,0.0697976094321737,0.852103429182609
VC_RS00205,VC0045; VC_0045,fmt,methionyl-tRNA formyltransferase,0.0456274105773767,0.934073097353324
VC_RS00210,VC0046; VC_0046,def,peptide deformylase,-0.0243207788667974,0.966718282182809
VC_RS00215,VC0047; VC_0047,,LysM peptidoglycan-binding domain-containing protein,0.0743845999171631,0.893658961144639
VC_RS00220,VC0048; VC_0048,dprA,DNA-processing protein DprA,-0.231695593268283,0.839027036619015
VC_RS00225,VC0049; VC_0049,,DUF494 family protein,0.0385801254505854,0.962756718111495
VC_RS00230,VC0050; VC_0050,,DNA topoisomerase family protein,0.317890656457129,0.847873533579776
VC_RS00235,VC0051; VC_0051,,5-(carboxyamino)imidazole ribonucleotide synthase,-0.383872539107699,0.437164707560492
VC_RS00240,VC0052; VC_0052,purE,5-(carboxyamino)imidazole ribonucleotide mutase,-0.190152828997774,0.788677657236614
VC_RS00245,VC0054; VC_0054,,L-threonylcarbamoyladenylate synthase,0.954069470213793,0.238851400071902
VC_RS00250,VC0055; VC_0055,hemF,oxygen-dependent coproporphyrinogen oxidase,-0.483439474472177,0.553897640714009
VC_RS00255,VC0056; VC_0056,aroE,shikimate dehydrogenase,-0.0362567588164949,0.952879254502635
VC_RS00260,VC0057; VC_0057,,DUF1488 domain-containing protein,0.0612421261624657,0.924785013560035
VC_RS00265,VC0058; VC_0058,,gamma carbonic anhydrase family protein,0.36136034200253,0.28533917368528
VC_RS00300,VC0060; VC_0060,crcB,fluoride efflux transporter CrcB,-0.415263658429001,0.365684574393317
VC_RS00305,VC0061; VC_0061,thiC,phosphomethylpyrimidine synthase ThiC,-0.218766999434808,0.635489163174698
VC_RS00310,VC0062; VC_0062,,thiamine phosphate synthase,-0.269402287112059,0.371284140092772
VC_RS00315,VC0063; VC_0063,thiF,thiazole biosynthesis adenylyltransferase ThiF,0.395875492861362,0.321614871392933
VC_RS00320,VC0064; VC_0064,thiS,sulfur carrier protein ThiS,-0.191868871845129,0.73112364652922
VC_RS00325,VC0065; VC_0065,,thiazole synthase,-0.0570901994008013,0.92255648056388
VC_RS00330,VC0066; VC_0066,thiH,2-iminoacetate synthase ThiH,-0.736944931892443,0.32644343284888
VC_RS00335,VC0067; VC_0067,,aminopeptidase P family protein,0.163796387398484,0.777213303153342
VC_RS00340,VC0068; VC_0068,,LysR substrate-binding domain-containing protein,-0.318264079803238,0.555904723009223
VC_RS00345,VC0069; VC_0069,,multidrug effflux MFS transporter,-0.412664778617399,0.32601651292288
VC_RS00350,VC0070; VC_0070,,hypothetical protein,0.173375579829413,0.802932762446235
VC_RS00355,VC0071; VC_0071,asnC,transcriptional regulator AsnC,-0.168026137841642,0.651144520549828
VC_RS00360,VC0072; VC_0072,,sensor domain-containing protein,-0.340742405712638,0.348934433186165
VC_RS00365,VC0073; VC_0073,,class I SAM-dependent methyltransferase,-0.568069561333266,0.153052544183448
VC_RS00370,VC0074; VC_0074,,hypothetical protein,-0.234774259350075,0.651144520549828
VC_RS00375,VC0075; VC_0075,,carboxylate/amino acid/amine transporter,0.38323667301576,0.25878939989837
VC_RS00380,VC0076; VC_0076,uspA,universal stress protein UspA,0.223323741688582,0.663515244716314
VC_RS00385,VC0078; VC_0078,ftnA,non-heme ferritin,0.537375726739253,0.217750964969724
VC_RS00390,VC0079; VC_0079,uspB,universal stress protein UspB,0.0536450816044445,0.930358018072619
VC_RS00395,VC0080; VC_0080,,NAD(P)/FAD-dependent oxidoreductase,0.217300051314567,0.804205654383962
VC_RS00400,VC0081; VC_0081,,DMT family transporter,0.20332604993861,0.72947925047856
VC_RS00405,VC0082; VC_0082,rmuC,DNA recombination protein RmuC,-0.188285199269856,0.555904723009223
VC_RS00410,VC0083; VC_0083,ubiE,"bifunctional demethylmenaquinone methyltransferase/2-methoxy-6-polyprenyl-1,4-benzoquinol methylase UbiE",-0.0400087572077423,0.925243339039547
VC_RS00415,VC0084; VC_0084,,ubiquinone biosynthesis accessory factor UbiJ,0.117645475730848,0.976850199293178
VC_RS00420,VC0085; VC_0085,ubiB,ubiquinone biosynthesis regulatory protein kinase UbiB,-0.0496841754552498,0.893658961144639
VC_RS00425,VC0086; VC_0086,tatA,Sec-independent protein translocase subunit TatA,-1.85014147817222,0.166677777045471
VC_RS00430,VC0087; VC_0087,tatB,Sec-independent protein translocase protein TatB,0.412000810407897,0.364606231730221
VC_RS00435,VC0088; VC_0088,tatC,twin-arginine translocase subunit TatC,0.0901881081120462,0.818674445454299
VC_RS00440,VC0089; VC_0089,,cytochrome-c peroxidase,-0.0014331081910434,0.998931849616408
VC_RS00445,VC0090; VC_0090,dinF,MATE family efflux transporter DinF,-0.27921434028762,0.576710128105555
VC_RS00450,VC0091; VC_0091,,class I SAM-dependent methyltransferase,-0.288958901695344,0.495711314188993
VC_RS00455,VC0092; VC_0092,lexA,transcriptional repressor LexA,-0.0238469731570735,0.976850199293178
VC_RS00460,VC0093; VC_0093,plsB,glycerol-3-phosphate 1-O-acyltransferase PlsB,-0.33960682282183,0.321465558729618
VC_RS00465,VC0094; VC_0094,ubiA,4-hydroxybenzoate octaprenyltransferase,0.171427441218861,0.586520781260744
VC_RS00470,VC0095; VC_0095,,chorismate lyase,-0.313858520226506,0.527867747343863
VC_RS00475,VC0097; VC_0097,,flagellar basal body-associated protein FliL,0.0741986416501681,0.87853640883665
VC_RS00480,VC0098; VC_0098,,methyl-accepting chemotaxis protein,-0.250819696836216,0.563925427456415
VC_RS00485,VC0099; VC_0099,glpG,rhomboid family intramembrane serine protease GlpG,-0.059813517508536,0.928940031302952
VC_RS00490,VC0100; VC_0100,glpE,thiosulfate sulfurtransferase GlpE,-0.394965738524799,0.604667991530371
VC_RS00495,VC0103; VC_0103,,TatD family hydrolase,-0.189449291249495,0.641683293104055
VC_RS00500,VC0105; VC_0105,hemB,porphobilinogen synthase,0.206057573218018,0.567474485787857
VC_RS00505,VC0106; VC_0106,,GNAT family N-acetyltransferase,-0.143959094833185,0.761072297328616
VC_RS00510,VC0108; VC_0108,polA,DNA polymerase I,-0.546934028498666,0.166677777045471
VC_RS00515,VC0111; VC_0111,yihA,ribosome biogenesis GTP-binding protein YihA/YsxC,0.19887141486238,0.638059571191933
VC_RS00520,VC0112; VC_0112,,c-type cytochrome,0.108372169897817,0.856561804899572
VC_RS00525,VC0113; VC_0113,,class I SAM-dependent methyltransferase,-0.258530004449613,0.586520781260744
VC_RS00530,VC0114; VC_0114,yihI,Der GTPase-activating protein YihI,-0.45476077989758,0.220979893965504
VC_RS00535,VC0115; VC_0115,,DUF2489 domain-containing protein,-0.425466851010063,0.331865514175353
VC_RS00540,VC0116; VC_0116,hemN,oxygen-independent coproporphyrinogen III oxidase,-0.485536842760615,0.153052544183448
VC_RS00545,VC0117; VC_0117,,heme biosynthesis protein HemY,0.0157379544623526,0.978229881643942
VC_RS00550,VC0118; VC_0118,,uroporphyrinogen-III C-methyltransferase,-0.032022233685671,0.956714753981206
VC_RS00555,VC0119; VC_0119,,uroporphyrinogen-III synthase,-0.102525274656618,0.845681156552457
VC_RS00560,VC0120; VC_0120,hemC,hydroxymethylbilane synthase,-0.117274853087898,0.673840489922655
VC_RS00565,VC0122; VC_0122,,class I adenylate cyclase,-0.192241140103467,0.850190666589411
VC_RS00570,VC0123; VC_0123,cyaY,iron donor protein CyaY,0.365574066253882,0.411933941548754
VC_RS00575,VC0124; VC_0124,,LPS translocon maturation chaperone LptM,0.0067095652640825,0.996601295197505
VC_RS00580,VC0125; VC_0125,lysA,diaminopimelate decarboxylase,0.0650582237126651,0.918994669836298
VC_RS00585,VC0126; VC_0126,dapF,diaminopimelate epimerase,0.251871819874915,0.573669062616485
VC_RS00590,VC0127; VC_0127,,DUF484 family protein,0.311639623413384,0.350006561147962
VC_RS00595,VC0128; VC_0128,xerC,tyrosine recombinase XerC,0.134266556917777,0.744104533977394
VC_RS00600,VC0129; VC_0129,yigB,5-amino-6-(5-phospho-D-ribitylamino)uracil phosphatase YigB,-0.0190025589029718,0.979955555366574
VC_RS00605,VC0130; VC_0130,cdpA,cyclic di-GMP phosphodiesterase CdpA,-0.0455491149574184,0.925243339039547
VC_RS00610,VC0131; VC_0131,,tRNA-uridine aminocarboxypropyltransferase,-0.0141713339392829,0.985386659415749
VC_RS00615,VC0132; VC_0132,,COG3650 family protein,-0.0531090773559437,0.904223294853866
VC_RS00620,VC0134; VC_0134,,Cof-type HAD-IIB family hydrolase,-0.0091698044302205,0.9910915585104
VC_RS00625,VC0135; VC_0135,,alpha/beta fold hydrolase,-0.0915397562038536,0.813185154386082
VC_RS00630,VC0136; VC_0136,rhtB,homoserine/homoserine lactone efflux protein,-0.127901606647424,0.934067717599931
VC_RS00635,VC0137; VC_0137,,EAL and HDOD domain-containing protein,-0.995286616775296,0.246073714376128
VC_RS00640,VC0139; VC_0139,,Dps family protein,-0.0725718204782642,0.93518023083539
VC_RS00645,VC0140; VC_0140,,DUF2500 domain-containing protein,-0.519699543905014,0.327175283559817
VC_RS00650,VC0142; VC_0142,,DUF4145 domain-containing protein,-1.9656802079155,0.27050932623796
VC_RS00655,VC0143; VC_0143,,hypothetical protein,0.571451389105938,0.53681219347668
VC_RS00660,VC0144; VC_0144,,lysoplasmalogenase,-0.429640010875212,0.430935937907962
VC_RS00665,VC0145; VC_0145,,DUF1145 domain-containing protein,0.434820345439668,0.524235340903126
VC_RS00670,VC0146; VC_0146,rsmD,16S rRNA (guanine(966)-N(2))-methyltransferase RsmD,0.20951958646235,0.543056946452676
VC_RS00675,VC0147; VC_0147,ftsY,signal recognition particle-docking protein FtsY,-0.144962135049075,0.680687274175431
VC_RS00680,VC0148; VC_0148,ftsE,cell division ATP-binding protein FtsE,-0.0331996365549484,0.959107892056769
VC_RS00685,VC0149; VC_0149,ftsX,permease-like cell division protein FtsX,0.145626067988676,0.674833976050867
VC_RS00690,VC0150; VC_0150,rpoH,RNA polymerase sigma factor RpoH,0.134031669743592,0.731438937673639
VC_RS00695,VC0151; VC_0151,sthA,Si-specific NAD(P)(+) transhydrogenase,0.0021815041507872,0.99664717152555
VC_RS00700,VC0152; VC_0152,fabR,HTH-type transcriptional repressor FabR,0.167240046383047,0.646838680289315
VC_RS00705,VC0153; VC_0153,,YijD family membrane protein,0.112153681217377,0.832627654995812
VC_RS00710,VC0154; VC_0154,trmA,tRNA (uridine(54)-C5)-methyltransferase TrmA,-0.294113792928438,0.495711314188993
VC_RS00715,VC0156; VC_0156,btuB,TonB-dependent vitamin B12 receptor,-0.270245710574345,0.489607822315378
VC_RS00720,VC0157; VC_0157,,S8 family peptidase,-0.196624702569596,0.833647705727986
VC_RS00725,VC0158; VC_0158,murI,glutamate racemase,-0.350775666962757,0.359659827564095
VC_RS00730,VC0159; VC_0159,,RNA recognition motif domain-containing protein,-0.018332450186454,0.97885025929309
VC_RS00760,VC0161; VC_0161,ilvY,HTH-type transcriptional activator IlvY,-0.0498353710237227,0.951082589236544
VC_RS00765,VC0162; VC_0162,ilvC,ketol-acid reductoisomerase,-0.309334424294161,0.45199044304842
VC_RS00770,VC0163; VC_0163,,ubiquinone biosynthesis accessory factor UbiK,0.270438913499484,0.582540941370401
VC_RS00775,VC0164; VC_0164,vexB,multidrug efflux RND transporter permease subunit VexB,0.203583893924763,0.619232686937686
VC_RS00780,VC0165; VC_0165,vexA,multidrug efflux RND transporter periplasmic adaptor subunit VexA,0.200013345692898,0.619373811805829
VC_RS00785,VC0166; VC_0166,vexR,TetR family transcriptional regulator VexR,0.304270480738155,0.421582743744366
VC_RS00790,VC0167; VC_0167,rep,DNA helicase Rep,-0.0322417434486905,0.95140049971321
VC_RS00795,VC0168; VC_0168,,c-type cytochrome,0.218643416360648,0.590140244188227
VC_RS00830,VC0170; VC_0170,,dipeptide ABC transporter ATP-binding protein,0.0155804160543045,0.982844643300642
VC_RS00835,VC0171; VC_0171,,ABC transporter substrate-binding protein,0.030575505570514,0.978229881643942
VC_RS00840,VC0172; VC_0172,,ABC transporter permease,0.188661832610779,0.825330117958023
VC_RS00845,VC0173; VC_0173,,ABC transporter permease,0.204720793875368,0.754139855534217
VC_RS00850,VC0174; VC_0174,,SPOR domain-containing protein,0.0873697225289553,0.876482928856349
VC_RS00855,VC0175; VC_0175,,anti-phage dCTP deaminase,0.143550428398282,0.887932648803522
VC_RS00860,,,hypothetical protein,-0.234928643380677,0.868845728341971
VC_RS00865,VC0176; VC_0176,,helix-turn-helix domain-containing protein,-0.346446345191767,0.551636270156219
VC_RS00870,VC0177; VC_0177,vspR,transcriptional regulator VspR,0.516607609314432,0.401588080635099
VC_RS00875,,,hypothetical protein,0.868384704801259,0.480049717892255
VC_RS00880,VC0178; VC_0178,,CBASS cGAMP-activated phospholipase,0.077948248697582,0.962756718111495
VC_RS00885,VC0179; VC_0179,dncV,cyclic AMP-GMP synthase,-0.0569514298099369,0.939671369962531
VC_RS00890,VC0180; VC_0180,,E2/UBC family protein,0.206289951660761,0.879507644063237
VC_RS00895,VC0181; VC_0181,,CBASS system CD-NTase/cGAS isopeptidase Cap3,-0.222476909399035,0.754492463844547
VC_RS00900,VC0182; VC_0182,,hypothetical protein,0.37112260878839,0.695952427188307
VC_RS00905,VC0183; VC_0183,,hypothetical protein,0.217386016927652,0.651144520549828
VC_RS00910,VC0184; VC_0184,,hypothetical protein,-0.487178721507359,0.567474485787857
VC_RS00915,VC0185; VC_0185,,site-specific integrase,-0.520694558048159,0.474052368454915
VC_RS00920,VC0186; VC_0186,gorA,glutathione-disulfide reductase,0.175857731688597,0.651144520549828
VC_RS00925,VC0187; VC_0187,,23S rRNA (adenine(2030)-N(6))-methyltransferase RlmJ,-0.0814261910633777,0.845733231064718
VC_RS00930,VC0188; VC_0188,prlC,oligopeptidase A,0.452330437236914,0.401588080635099
VC_RS00935,VC0190; VC_0190,uvrD,DNA helicase II,-0.0830682942127937,0.845557535479165
VC_RS00940,VC0191; VC_0191,,LysE family translocator,0.566302161609721,0.262905598249276
VC_RS00945,VC0192; VC_0192,,AraC family transcriptional regulator,-0.284316144491556,0.558419280714949
VC_RS00950,VC0194; VC_0194,ggt,gamma-glutamyltransferase,-0.292596405223666,0.815467234744683
VC_RS00955,VC0195; VC_0195,rarD,EamA family transporter RarD,-0.164645111472268,0.83117003178799
VC_RS00960,VC0196; VC_0196,recQ,ATP-dependent DNA helicase RecQ,0.007717104606932,0.986895574442372
VC_RS00965,VC0197; VC_0197,,DUF3630 family protein,-0.215673129326585,0.619232686937686
VC_RS00970,VC0198; VC_0198,,hypothetical protein,-0.417418120087206,0.479610508824276
VC_RS00975,VC0199; VC_0199,,ABC transporter ATP-binding protein,-0.201893555018327,0.582125391807782
VC_RS00980,VC0200; VC_0200,fhuA,TonB-dependent siderophore receptor FhuA,0.037985232680265,0.962756718111495
VC_RS00985,VC0201; VC_0201,,ABC transporter ATP-binding protein,-0.0846757773748303,0.910226354127378
VC_RS00990,VC0202; VC_0202,,iron-siderophore ABC transporter substrate-binding protein,-0.209751595701979,0.67130815723853
VC_RS00995,VC0203; VC_0203,fhuB,Fe(3+)-hydroxamate ABC transporter permease FhuB,-0.198726059697271,0.707533684760716
VC_RS01000,VC0204; VC_0204,,MurR/RpiR family transcriptional regulator,-0.773651128591761,0.166677777045471
VC_RS01005,VC0206; VC_0206,murQ,N-acetylmuramic acid 6-phosphate etherase,-0.857690677394784,0.234631588220406
VC_RS01010,VC0207; VC_0207,murP,PTS N-acetylmuramic acid transporter subunit IIBC,-0.266064877031818,0.73112364652922
VC_RS01015,VC0208; VC_0208,,TIGR00645 family protein,-0.0183342541034721,0.972591899046259
VC_RS01020,VC0209; VC_0209,,YicC/YloC family endoribonuclease,-0.125186489990692,0.709606929676229
VC_RS01025,VC0210; VC_0210,rph,ribonuclease PH,-0.0422256482307992,0.934472771894245
VC_RS01030,VC0211; VC_0211,pyrE,orotate phosphoribosyltransferase,0.299863918887729,0.548352000604636
VC_RS01035,VC0212; VC_0212,lpxN,lipid A biosynthesis myristoyltransferase LpxN,0.0388676131929469,0.946813749331862
VC_RS01040,VC0213; VC_0213,,Kdo(2)-lipid IV(A) acyltransferase,-0.212119247846645,0.601948184603507
VC_RS01045,VC0214; VC_0214,slmA,nucleoid occlusion factor SlmA,-0.319256585809906,0.421582743744366
VC_RS01050,,,hypothetical protein,-0.434373372858243,0.66568811840876
VC_RS01055,VC0215; VC_0215,coaBC,bifunctional phosphopantothenoylcysteine decarboxylase/phosphopantothenate--cysteine ligase CoaBC,-0.141613024114983,0.695952427188307
VC_RS01060,VC0216; VC_0216,,methyl-accepting chemotaxis protein,0.272528914533761,0.669346288376145
VC_RS01065,VC0217; VC_0217,radC,RadC family protein,0.15280469913268,0.82183316825012
VC_RS01070,VC0218; VC_0218,rpmB,50S ribosomal protein L28,-0.043316348434713,0.96202899889772
VC_RS01075,VC0219; VC_0219,rpmG,50S ribosomal protein L33,0.565604334737625,0.234631588220406
VC_RS01080,VC0220; VC_0220,,hypothetical protein,0.266465675499546,0.707064056795527
VC_RS01085,VC0221; VC_0221,mutM,bifunctional DNA-formamidopyrimidine glycosylase/DNA-(apurinic or apyrimidinic site) lyase,-0.203284021525189,0.638260601601316
VC_RS01090,VC0222; VC_0222,coaD,pantetheine-phosphate adenylyltransferase,-0.17207001462338,0.608363567883598
VC_RS01095,VC0223; VC_0223,,glycosyltransferase family 9 protein,-0.282024301216122,0.635130058536898
VC_RS01100,VC0224; VC_0224,,glycosyltransferase family 2 protein,0.301409547376965,0.401588080635099
VC_RS01105,VC0225; VC_0225,,glycosyltransferase family 9 protein,-0.0084572832278985,0.987601956141524
VC_RS01110,VC0227; VC_0227,,3-deoxy-D-manno-octulosonic acid kinase,-0.318624577187524,0.321465558729618
VC_RS01115,VC0228; VC_0228,,WavE lipopolysaccharide synthesis family protein,0.117339210228471,0.875414672449138
VC_RS01120,VC0229; VC_0229,,WavE lipopolysaccharide synthesis family protein,-0.370496584648276,0.314222700467683
VC_RS01125,VC0230; VC_0230,,glycosyltransferase family 2 protein,-0.291267940433775,0.819507552807319
VC_RS01130,VC0231; VC_0231,,hypothetical protein,-0.268346159453014,0.51014478810541
VC_RS01135,VC0232; VC_0232,,HAD hydrolase family protein,0.0501219844901672,0.954790388513681
VC_RS01140,VC0233; VC_0233,waaA,lipid IV(A) 3-deoxy-D-manno-octulosonic acid transferase,-0.273617441253465,0.506135755625279
VC_RS01145,VC0234; VC_0234,,glycosyltransferase family 32 protein,-0.488536642896211,0.407939072763512
VC_RS01150,VC0235; VC_0235,,glycosyltransferase family 9 protein,-0.581720091622813,0.155771145160545
VC_RS01155,VC0236; VC_0236,waaF,lipopolysaccharide heptosyltransferase II,-0.295354212993436,0.508174583582512
VC_RS01160,VC0237; VC_0237,,O-antigen ligase family protein,0.0982732298278109,0.852103429182609
VC_RS01165,VC0238; VC_0238,,acyltransferase,0.0131297841997136,0.985330193597985
VC_RS01170,VC0239; VC_0239,,polysaccharide deacetylase family protein,-0.0016169862822467,0.996601295197505
VC_RS01175,VC0240; VC_0240,rfaD,ADP-glyceromanno-heptose 6-epimerase,-0.16984744020539,0.659995001433436
VC_RS01180,VC0241; VC_0241,,mannose-1-phosphate guanylyltransferase/mannose-6-phosphate isomerase,0.0359768228415965,0.952879254502635
VC_RS01185,VC0242; VC_0242,,phosphomannomutase/phosphoglucomutase,-0.191341674537856,0.777319574297092
VC_RS01190,VC0243; VC_0243,gmd,"GDP-mannose 4,6-dehydratase",-0.0526552222455296,0.962116094724822
VC_RS01195,VC0244; VC_0244,,DegT/DnrJ/EryC1/StrS family aminotransferase,-0.004858461805362,0.996601295197505
VC_RS01200,VC0245; VC_0245,,glycosyltransferase,-0.051418755955404,0.9604648037374
VC_RS01205,VC0246; VC_0246,,ABC transporter permease,-0.0547611035843735,0.960005574967587
VC_RS01210,VC0247; VC_0247,,ABC transporter ATP-binding protein,-0.262685951326216,0.651144520549828
VC_RS01215,VC0248; VC_0248,,acyl carrier protein,0.170495378364457,0.846843245754901
VC_RS01220,VC0249; VC_0249,,AMP-binding protein,-0.0567392451729946,0.925562014683526
VC_RS01225,VC0250; VC_0250,,iron-containing alcohol dehydrogenase,-0.201170479930925,0.721590134157267
VC_RS01230,VC0251; VC_0251,,acyl-CoA reductase,-0.247650018283512,0.619232686937686
VC_RS01235,VC0252; VC_0252,,acetyltransferase,-0.0386824510105013,0.966718282182809
VC_RS01240,VC_0253,,IS200/IS605 family transposase,-0.339112867375048,0.421582743744366
VC_RS01245,VC0254; VC_0254,,ISAs1 family transposase,-0.29121019014786,0.648502796146416
VC_RS01250,VC0255; VC_0255,,hypothetical protein,-0.0706847161108017,0.957771466687933
VC_RS01255,VC0257; VC_0257,,IS3-like element ISVch4 family transposase,-0.261467757237045,0.852103429182609
VC_RS01260,VC0258; VC_0258,,FkbM family methyltransferase,-0.108337525405373,0.925243339039547
VC_RS01265,VC0259; VC_0259,,glycosyltransferase family 4 protein,0.371625385907294,0.60879502704341
VC_RS01270,VC0260; VC_0260,,polysaccharide biosynthesis protein,-0.144274434654711,0.716742390428434
VC_RS01275,VC0262; VC_0262,,UDP-glucose 4-epimerase family protein,-0.137672168731822,0.671000330083552
VC_RS01280,VC0263; VC_0263,,sugar transferase,-0.0271868034474856,0.972591899046259
VC_RS01285,VC0264; VC_0264,,MBL fold metallo-hydrolase RNA specificity domain-containing protein,-0.216845211642611,0.549835068177921
VC_RS01290,VC0265; VC_0265,,mechanosensitive ion channel family protein,-0.286484717825655,0.494178140129463
VC_RS01295,VC0266; VC_0266,,uracil-DNA glycosylase family protein,-0.0289373177953957,0.974861034148083
VC_RS01300,VC0267; VC_0267,,D-2-hydroxyacid dehydrogenase,-0.170329677828615,0.695952427188307
VC_RS01305,VC0268; VC_0268,,YjaG family protein,-0.150461246718268,0.818543438603464
VC_RS01310,VC0269; VC_0269,manA,"mannose-6-phosphate isomerase, class I",-6.230402672284,4.68241102435801e-09
VC_RS01315,VC0270; VC_0270,,ROK family protein,-0.0787376959159519,0.845832027199151
VC_RS01320,VC0271; VC_0271,,CNNM domain-containing protein,0.157567824267789,0.770658865330549
VC_RS01325,VC0273; VC_0273,hupA,nucleoid-associated protein HU-alpha,0.409393431036,0.489607822315378
VC_RS01330,VC0274; VC_0274,,DUF1481 domain-containing protein,0.156123627778494,0.777319574297092
VC_RS01335,VC0275; VC_0275,purD,phosphoribosylamine--glycine ligase,-0.346968458056172,0.491931248404258
VC_RS01340,VC0276; VC_0276,purH,bifunctional phosphoribosylaminoimidazolecarboxamide formyltransferase/IMP cyclohydrolase,-0.330753332225084,0.590140244188227
VC_RS01345,,,hypothetical protein,-0.292614126351452,0.871956181486649
VC_RS01350,VC0277; VC_0277,zntR,Zn(2+)-responsive transcriptional regulator,0.0921907471251207,0.901262147528013
VC_RS01355,VC0278; VC_0278,cadC,lysine decarboxylation/transport transcriptional activator CadC,0.462893937798617,0.359659827564095
VC_RS01360,VC0280; VC_0280,cadB,cadaverine/lysine antiporter,2.60178223834667,0.166677777045471
VC_RS01365,VC0281; VC_0281,,lysine decarboxylase CadA,-0.324266325824978,0.858711067550274
VC_RS01370,VC0282; VC_0282,,methyl-accepting chemotaxis protein,-0.216125849595444,0.819507552807319
VC_RS01375,VC0283; VC_0283,,PepSY-associated TM helix domain-containing protein,-0.415351639306234,0.746637443662571
VC_RS01380,VC0284; VC_0284,,TonB-dependent receptor,-0.0668355158168178,0.893658961144639
VC_RS01385,VC0285; VC_0285,,bifunctional 4-hydroxy-2-oxoglutarate aldolase/2-dehydro-3-deoxy-phosphogluconate aldolase,1.63598038560711,0.194341387410718
VC_RS01390,VC0286; VC_0286,,GntP family permease,0.0264076197155865,0.976850199293178
VC_RS01395,VC0287; VC_0287,,gluconokinase,0.0526342666500932,0.966718282182809
VC_RS01400,VC0288; VC_0288,edd,phosphogluconate dehydratase,0.0014744876116353,0.998639330834673
VC_RS01405,VC0289; VC_0289,,LacI family DNA-binding transcriptional regulator,0.178865960276887,0.655834692464686
VC_RS01410,VC0290; VC_0290,fis,DNA-binding transcriptional regulator Fis,-0.508993065968335,0.412061780232638
VC_RS01415,VC0291; VC_0291,dusB,tRNA dihydrouridine synthase DusB,-0.150606144113241,0.734468995811525
VC_RS01420,VC0293; VC_0293,prmA,50S ribosomal protein L11 methyltransferase,-0.217496193477846,0.544930547169721
VC_RS01425,VC0295; VC_0295,accC,acetyl-CoA carboxylase biotin carboxylase subunit,0.308630150538637,0.504816892045539
VC_RS01430,VC0296; VC_0296,accB,acetyl-CoA carboxylase biotin carboxyl carrier protein,0.250943345546942,0.551636270156219
VC_RS01435,VC0297; VC_0297,aroQ,type II 3-dehydroquinate dehydratase,0.0762257493194627,0.901332034092523
VC_RS01440,VC0298; VC_0298,acs,acetate--CoA ligase,0.41813252961474,0.555904723009223
VC_RS01445,VC0299; VC_0299,,3'-5' exonuclease,-0.101556588667565,0.948356989360025
VC_RS01450,VC0300; VC_0300,,CBS domain-containing protein,0.362500964731508,0.651144520549828
VC_RS01455,VC0302; VC_0302,,3-phenylpropionate MFS transporter,-0.0757207148738151,0.864447971135119
VC_RS01460,VC0303; VC_0303,,hybrid sensor histidine kinase/response regulator,0.111175179750812,0.89402419290959
VC_RS01465,VC0304; VC_0304,gppA,"guanosine-5'-triphosphate,3'-diphosphate diphosphatase",-0.177412157288473,0.875664597733355
VC_RS01470,VC0305; VC_0305,rhlB,ATP-dependent RNA helicase RhlB,-0.202378325439394,0.695952427188307
VC_RS01475,VC0306; VC_0306,trxA,thioredoxin TrxA,-0.0359254474163234,0.952879254502635
VC_RS01480,VC0307; VC_0307,rho,transcription termination factor Rho,-0.430376876274306,0.32601651292288
VC_RS01485,VC0308; VC_0308,,hypothetical protein,-0.62272102879675,0.223722966929671
VC_RS01490,VC0309; VC_0309,ubiD,4-hydroxy-3-polyprenylbenzoate decarboxylase,-0.348913187804149,0.506135755625279
VC_RS01495,VC0311; VC_0311,,2Fe-2S iron-sulfur cluster-binding protein,-0.148671500287783,0.766147947203165
VC_RS01500,VC0312; VC_0312,fre,NAD(P)H-flavin reductase,-0.0507305374690888,0.923594349545435
VC_RS01535,VC0315; VC_0315,pssA,CDP-diacylglycerol--serine O-phosphatidyltransferase,-0.10553293038056,0.843970314775812
VC_RS01540,VC0317; VC_0317,,GNAT family N-acetyltransferase,0.0796860719853795,0.912719298707746
VC_RS01545,VC0318; VC_0318,murB,UDP-N-acetylmuramate dehydrogenase,0.0841931445174122,0.952534595583264
VC_RS01550,VC0319; VC_0319,birA,bifunctional biotin--[acetyl-CoA-carboxylase] ligase/biotin operon repressor BirA,-0.129667227150468,0.819983073556061
VC_RS01555,VC0320; VC_0320,coaA,type I pantothenate kinase,-0.334608067972792,0.504816892045539
VC_RS01580,VC0321; VC_0321,tuf,elongation factor Tu,-0.205327508674945,0.66568811840876
VC_RS01585,VC0322; VC_0322,secE,preprotein translocase subunit SecE,0.10155882375107,0.777213303153342
VC_RS01590,VC0323; VC_0323,nusG,transcription termination/antitermination protein NusG,-0.117281748040607,0.725211860394236
VC_RS01595,VC0324; VC_0324,rplK,50S ribosomal protein L11,-0.145146678304615,0.725211860394236
VC_RS01600,VC0325; VC_0325,rplA,50S ribosomal protein L1,-0.0068516701526696,0.98989430534948
VC_RS01605,VC0326; VC_0326,rplJ,50S ribosomal protein L10,0.009529340546473,0.988824415871422
VC_RS01610,VC0327; VC_0327,rplL,50S ribosomal protein L7/L12,0.0024859968663859,0.996601295197505
VC_RS01615,VC0328; VC_0328,rpoB,DNA-directed RNA polymerase subunit beta,0.0723956834675148,0.89457813502859
VC_RS01620,VC0329; VC_0329,rpoC,DNA-directed RNA polymerase subunit beta',0.211922913103651,0.537021496286274
VC_RS01625,VC0330; VC_0330,,Rsd/AlgQ family anti-sigma factor,0.0660323795733275,0.925243339039547
VC_RS01630,VC0331; VC_0331,nudC,NAD(+) diphosphatase,-0.0228624284442196,0.969959307189906
VC_RS01635,VC0332; VC_0332,hemE,uroporphyrinogen decarboxylase,0.0914520890927596,0.947550624915565
VC_RS01640,VC0333; VC_0333,,TetR/AcrR family transcriptional regulator,0.486929202598707,0.194341387410718
VC_RS01645,VC0334; VC_0334,,hypothetical protein,0.166489286969298,0.704464573203085
VC_RS01650,VC0335; VC_0335,,murein hydrolase activator EnvC family protein,0.0245043415427982,0.962756718111495
VC_RS01655,VC0336; VC_0336,gpmM,"2,3-bisphosphoglycerate-independent phosphoglycerate mutase",0.329044840645889,0.448997847785656
VC_RS01660,VC0337; VC_0337,,DMT family transporter,0.0568635322800981,0.952534595583264
VC_RS01665,VC0338; VC_0338,,SLC13 family permease,-0.169177219792827,0.80577745302317
VC_RS01670,VC0339; VC_0339,asd,archaetidylserine decarboxylase,-0.172579104411659,0.651144520549828
VC_RS01675,VC0340; VC_0340,rsgA,small ribosomal subunit biogenesis GTPase RsgA,-0.0486830013253366,0.924785013560035
VC_RS01680,VC0341; VC_0341,orn,oligoribonuclease,0.201414864078602,0.67130815723853
VC_RS01725,VC0342; VC_0342,queG,tRNA epoxyqueuosine(34) reductase QueG,-0.116386183587264,0.813185154386082
VC_RS01730,VC0343; VC_0343,tsaE,tRNA (adenosine(37)-N6)-threonylcarbamoyltransferase complex ATPase subunit type 1 TsaE,0.382252985026348,0.334100473107572
VC_RS01735,VC0344; VC_0344,,N-acetylmuramoyl-L-alanine amidase,0.0091635291719516,0.985643903299395
VC_RS01740,VC0345; VC_0345,mutL,DNA mismatch repair endonuclease MutL,-0.139132208344371,0.738715781551268
VC_RS01745,VC0346; VC_0346,miaA,tRNA (adenosine(37)-N6)-dimethylallyltransferase MiaA,0.228191814709961,0.51423658603205
VC_RS01750,VC0347; VC_0347,hfq,RNA chaperone Hfq,0.001394103402984,0.998616480506812
VC_RS01755,VC0348; VC_0348,hflX,ribosome rescue GTPase HflX,-0.146754148128299,0.804370184511476
VC_RS01760,VC0349; VC_0349,hflK,FtsH protease activity modulator HflK,0.145342137397947,0.846250526192763
VC_RS01765,VC0350; VC_0350,hflC,protease modulator HflC,0.399847684183429,0.220979893965504
VC_RS01770,VC0351; VC_0351,,DUF2065 domain-containing protein,-0.209127785456942,0.693699070867704
VC_RS01775,VC0352; VC_0352,,SlyX family protein,-0.267018765835679,0.572229729598548
VC_RS01780,VC0353; VC_0353,,WD40 repeat domain-containing protein,0.185690881048916,0.681380440080012
VC_RS01785,VC0354; VC_0354,fkpA,FKBP-type peptidyl-prolyl cis-trans isomerase,0.300427056301919,0.494178140129463
VC_RS01790,VC0355; VC_0355,,helix-turn-helix transcriptional regulator,0.0876454241845426,0.923594349545435
VC_RS01795,VC0356; VC_0356,tusD,sulfurtransferase complex subunit TusD,-0.0380157521697868,0.969959307189906
VC_RS01800,VC0357; VC_0357,tusC,sulfurtransferase complex subunit TusC,-0.208681153265292,0.707064056795527
VC_RS01805,VC0358; VC_0358,tusB,sulfurtransferase complex subunit TusB,-0.51952350032675,0.268649577629893
VC_RS01810,VC0359; VC_0359,rpsL,30S ribosomal protein S12,-0.0922087689776401,0.893658961144639
VC_RS01815,VC0360; VC_0360,rpsG,30S ribosomal protein S7,0.0868962361097714,0.890530581587063
VC_RS01820,VC0361; VC_0361,fusA,elongation factor G,-0.190514858440074,0.524235340903126
VC_RS01825,VC0362; VC_0362,tuf,elongation factor Tu,0.184572079744645,0.67130815723853
VC_RS01830,VC0364; VC_0364,,(2Fe-2S)-binding protein,0.662748094017817,0.411933941548754
VC_RS01835,VC0365; VC_0365,bfr,bacterioferritin,0.239256195096929,0.619232686937686
VC_RS01840,VC0366; VC_0366,rpsF,30S ribosomal protein S6,-0.179352500607927,0.756508196185379
VC_RS01845,VC0367; VC_0367,priB,primosomal replication protein N,-0.108845377681384,0.83117003178799
VC_RS01850,VC0368; VC_0368,rpsR,30S ribosomal protein S18,-0.261348746512868,0.586520781260744
VC_RS01855,VC0369; VC_0369,rplI,50S ribosomal protein L9,-0.0179104020357947,0.978229881643942
VC_RS01860,VC0370; VC_0370,,DUF481 domain-containing protein,0.344628476795534,0.508392340651981
VC_RS01865,VC0371; VC_0371,,replicative DNA helicase,-0.0837419321074245,0.879507644063237
VC_RS01870,VC0372; VC_0372,alr,alanine racemase,0.0585145179557662,0.909535795458578
VC_RS01875,VC0373; VC_0373,,secondary thiamine-phosphate synthase enzyme YjbQ,0.234795567016092,0.704932826709095
VC_RS01880,VC0374; VC_0374,pgi,glucose-6-phosphate isomerase,0.337339707495393,0.57370081453258
VC_RS01885,VC0376; VC_0376,,MBL fold metallo-hydrolase,-0.805901160633549,0.296804329079094
VC_RS01890,VC0377; VC_0377,,chemotaxis protein CheX,-0.0096044541690337,0.985643903299395
VC_RS01895,VC0378; VC_0378,zur,zinc uptake transcriptional repressor Zur,0.397968653816147,0.298641903027796
VC_RS01900,VC0379; VC_0379,dusA,tRNA dihydrouridine(20/20a) synthase DusA,-0.0209148513608509,0.972323672450852
VC_RS01905,VC0379a,pspG,envelope stress response protein PspG,-0.0114619348454662,0.992412263287078
VC_RS01910,VC0381; VC_0381,,TIGR04219 family outer membrane beta-barrel protein,0.118396627426114,0.89402419290959
VC_RS01920,VC0383; VC_0383,,hypothetical protein,-0.622726207813013,0.659893397014111
VC_RS01925,VC0384; VC_0384,,assimilatory sulfite reductase (NADPH) flavoprotein subunit,-0.0058022731000771,0.996601295197505
VC_RS01930,VC0385; VC_0385,cysI,assimilatory sulfite reductase (NADPH) hemoprotein subunit,-0.180378756352136,0.890862630265821
VC_RS01935,VC0386; VC_0386,,phosphoadenylyl-sulfate reductase,-0.125803886878483,0.904382548821427
VC_RS01970,VC0389; VC_0389,,cation:proton antiporter,-0.0465297506984556,0.939671369962531
VC_RS01975,VC0390; VC_0390,metH,methionine synthase,-0.0283816843252691,0.976850199293178
VC_RS01980,VC0391; VC_0391,lysC,lysine-sensitive aspartokinase 3,0.133718518837819,0.852744635450348
VC_RS01985,VC0392; VC_0392,,pyridoxal-phosphate-dependent aminotransferase family protein,0.343940779122557,0.516711239133568
VC_RS01990,VC0393; VC_0393,,oligosaccharyltransferase,-0.235954903257341,0.421582743744366
VC_RS01995,VC0394; VC_0394,uvrA,excinuclease ABC subunit UvrA,-0.404275363988389,0.264127963622194
VC_RS02000,VC0395; VC_0395,galU,UTP--glucose-1-phosphate uridylyltransferase GalU,0.145253506948146,0.901332034092523
VC_RS02005,VC0396; VC_0396,,LuxR C-terminal-related transcriptional regulator,-0.524081496243673,0.28533917368528
VC_RS02010,VC0397; VC_0397,,single-stranded DNA-binding protein,0.282865783408677,0.531007160071586
VC_RS02015,VC0398; VC_0398,csrD,RNase E specificity factor CsrD,-0.384397210333159,0.336247743737923
VC_RS02020,VC0399; VC_0399,mshI,PilN domain-containing protein,0.0215302747899959,0.96390766228262
VC_RS02025,VC0400; VC_0400,mshJ,type II secretion system protein GspM,-0.213684069841232,0.612578489128402
VC_RS02030,VC0401; VC_0401,mshK,MSHA biogenesis protein MshK,-0.170475998080666,0.806566012163888
VC_RS02035,VC0402; VC_0402,mshL,pilus (MSHA type) biogenesis protein MshL,-0.156072750851602,0.668165530983765
VC_RS02040,VC0403; VC_0403,mshM,ExeA family protein,-0.196666242631748,0.558419280714949
VC_RS02045,VC0404; VC_0404,mshN,tetratricopeptide repeat protein,-0.150082131215753,0.947550624915565
VC_RS02050,VC0405; VC_0405,mshE,GspE/PulE family protein,-0.381968456183524,0.245747438999619
VC_RS02055,VC0406; VC_0406,mshG,type II secretion system F family protein,-0.438108334138563,0.270271066234542
VC_RS02060,VC0407; VC_0407,mshF,MSHA biogenesis protein MshF,-0.0633420978167343,0.929261591182192
VC_RS02065,VC0408; VC_0408,mshB,prepilin-type N-terminal cleavage/methylation domain-containing protein,0.0260990056716596,0.979955555366574
VC_RS02070,VC0409; VC_0409,mshA,type II secretion system protein,0.380846360930345,0.271465930633112
VC_RS02075,VC0410; VC_0410,mshC,pilus assembly FimT family protein,0.100049887945863,0.817556996285848
VC_RS02080,VC0411; VC_0411,mshD,type II secretion system protein,-0.218664635508992,0.67130815723853
VC_RS02085,VC0412; VC_0412,mshO,PilW family protein,-0.606387774658256,0.297326645696856
VC_RS02090,VC0413; VC_0413,mshP,hypothetical protein,-0.246440034839842,0.680687274175431
VC_RS02095,VC0414; VC_0414,mshQ,DUF6701 domain-containing protein,-0.579884791486707,0.235238809266364
VC_RS02100,VC0415; VC_0415,,rod shape-determining protein,0.34203417704303,0.297633588878389
VC_RS02105,VC0416; VC_0416,mreC,rod shape-determining protein MreC,0.0505639189162046,0.910226354127378
VC_RS02110,VC0417; VC_0417,mreD,rod shape-determining protein MreD,0.0752620306183945,0.852103429182609
VC_RS02115,VC0418; VC_0418,,Maf family protein,0.11571193649789,0.819507552807319
VC_RS02120,VC0419; VC_0419,rng,ribonuclease G,-0.050687279243578,0.89402419290959
VC_RS02125,VC0420; VC_0420,,YhdP family protein,-0.0598387331128266,0.942463724730349
VC_RS02130,VC0421; VC_0421,,carbon-nitrogen hydrolase family protein,0.0160204382710321,0.975691509517976
VC_RS02135,VC0422; VC_0422,tldD,metalloprotease TldD,0.0609574123478607,0.902423177115099
VC_RS02140,VC0423; VC_0423,arcA,arginine deiminase,1.28991811384184,0.25878939989837
VC_RS02145,VC0424; VC_0424,rraB,ribonuclease E inhibitor RraB,-0.374240664793451,0.642379694783304
VC_RS02150,VC0425; VC_0425,,glycosyl hydrolase 2 galactose-binding domain-containing protein,-0.493523086925935,0.246073714376128
VC_RS02155,VC0426; VC_0426,,DUF2061 domain-containing protein,-0.129559613568049,0.901262147528013
VC_RS02160,VC0428; VC_0428,,universal stress protein,0.173806564184844,0.86143068592061
VC_RS02165,VC0429; VC_0429,,TRAP transporter permease,-0.201758544797925,0.912719298707746
VC_RS02170,VC0430; VC_0430,,TAXI family TRAP transporter solute-binding subunit,-0.142201687736547,0.869828472634362
VC_RS02175,VC0431; VC_0431,argR,transcriptional regulator ArgR,0.068076105692356,0.966718282182809
VC_RS02180,VC0432; VC_0432,mdh,malate dehydrogenase,0.0248728374616103,0.976850199293178
VC_RS02185,VC0433; VC_0433,,basic amino acid/polyamine antiporter,-0.225100071750994,0.44333691932947
VC_RS02190,VC0434; VC_0434,ispB,octaprenyl diphosphate synthase,0.07639522379202,0.966419980370621
VC_RS02195,VC0435; VC_0435,rplU,50S ribosomal protein L21,-0.282864003788498,0.590865799780382
VC_RS02200,VC0436; VC_0436,rpmA,50S ribosomal protein L27,-0.0123201273222024,0.985643903299395
VC_RS02205,VC0437; VC_0437,cgtA,Obg family GTPase CgtA,-0.403670492236561,0.39220020731971
VC_RS02210,VC0438; VC_0438,,threonine/serine exporter family protein,-0.0385826582172036,0.976850199293178
VC_RS02215,VC0439; VC_0439,,threonine/serine exporter family protein,0.0295186892920339,0.978229881643942
VC_RS02220,VC0440; VC_0440,folA,type 3 dihydrofolate reductase,0.0592552105894978,0.951766248690981
VC_RS02225,VC0441; VC_0441,,symmetrical bis(5'-nucleosyl)-tetraphosphatase,-0.191291927277372,0.874224998895832
VC_RS02230,VC0442; VC_0442,apaG,Co2+/Mg2+ efflux protein ApaG,-0.385329188259019,0.321614871392933
VC_RS02235,VC0443; VC_0443,rsmA,16S rRNA (adenine(1518)-N(6)/adenine(1519)-N(6))- dimethyltransferase RsmA,-0.208307131235417,0.506135755625279
VC_RS02240,VC0444; VC_0444,pdxA,4-hydroxythreonine-4-phosphate dehydrogenase PdxA,0.563516599823154,0.338033603064816
VC_RS02245,VC0445; VC_0445,surA,peptidylprolyl isomerase SurA,-0.353046734189669,0.424200071685518
VC_RS02250,VC0446; VC_0446,lptD,LPS assembly protein LptD,-0.334117296735906,0.858711067550274
VC_RS02255,VC0447; VC_0447,djlA,co-chaperone DjlA,0.459326107915671,0.212467328190743
VC_RS02285,VC0449; VC_0449,,methyl-accepting chemotaxis protein,-0.541470044135652,0.345517184133735
VC_RS02310,VC0450; VC_0450,mltC,membrane-bound lytic murein transglycosylase MltC,-0.311916287477407,0.246073714376128
VC_RS02315,VC0451; VC_0451,,oxidative damage protection protein,0.138146706293721,0.819507552807319
VC_RS02320,VC0452; VC_0452,mutY,A/G-specific adenine glycosylase,-0.472507115144548,0.494178140129463
VC_RS02325,VC0453; VC_0453,trmB,tRNA (guanosine(46)-N7)-methyltransferase TrmB,-0.260064299743053,0.574430813394851
VC_RS02330,VC0454; VC_0454,glsB,glutaminase B,0.0632097931369133,0.87853640883665
VC_RS02335,VC0455; VC_0455,hemW,radical SAM family heme chaperone HemW,-0.106735478730892,0.874356091405591
VC_RS02340,VC0456; VC_0456,,XTP/dITP diphosphatase,0.0171668981271766,0.979955555366574
VC_RS02345,VC0457; VC_0457,,DUF4426 domain-containing protein,0.0883709428284951,0.942463724730349
VC_RS02350,VC0458; VC_0458,yggU,DUF167 family protein YggU,0.547045185146831,0.411933941548754
VC_RS02355,VC0459; VC_0459,,YggT family protein,0.27203620641664,0.567414103743174
VC_RS02360,VC0460; VC_0460,proC,pyrroline-5-carboxylate reductase,0.225427377518156,0.602906374379333
VC_RS02365,VC0461; VC_0461,,YggS family pyridoxal phosphate-dependent enzyme,0.114127422687264,0.710838360800347
VC_RS02370,VC0462; VC_0462,,type IV pilus twitching motility protein PilT,0.219045364194712,0.600458302078817
VC_RS02375,VC0463; VC_0463,,PilT/PilU family type 4a pilus ATPase,0.204522310913896,0.619232686937686
VC_RS02380,VC0464; VC_0464,,helix-turn-helix transcriptional regulator,0.500420883103733,0.153052544183448
VC_RS02385,VC0465; VC_0465,tyrS,tyrosine--tRNA ligase,-0.325088830545768,0.651144520549828
VC_RS02390,VC0466; VC_0466,ruvX,Holliday junction resolvase RuvX,-0.335545482145942,0.514204661064633
VC_RS02395,VC0467; VC_0467,,YqgE/AlgH family protein,0.0304790807762291,0.972591899046259
VC_RS02400,VC0468; VC_0468,gshB,glutathione synthase,0.0417785646927824,0.962756718111495
VC_RS02405,VC0469; VC_0469,rsmE,16S rRNA (uracil(1498)-N(3))-methyltransferase,0.184183306253449,0.695952427188307
VC_RS02410,VC0470; VC_0470,xds,extracellular deoxyribonuclease Dns,-0.176065481884856,0.729809751549459
VC_RS02415,VC0471; VC_0471,,SprT family zinc-dependent metalloprotease,-0.166722024249795,0.925243339039547
VC_RS02420,VC0472; VC_0472,metK,methionine adenosyltransferase,-0.159365441392963,0.752952012366285
VC_RS02425,VC0473; VC_0473,tkt,transketolase,-0.0106352677364995,0.985643903299395
VC_RS02430,VC0474; VC_0474,,LysR family transcriptional regulator,-0.0267028793415005,0.977852978677362
VC_RS02435,VC0475; VC_0475,,ligand-gated channel protein,-0.36509529189872,0.51423658603205
VC_RS02440,VC0476; VC_0476,epd,erythrose-4-phosphate dehydrogenase,0.125194056646787,0.752952012366285
VC_RS02445,VC0477; VC_0477,,phosphoglycerate kinase,0.423835344670707,0.364606231730221
VC_RS02450,VC0478; VC_0478,fbaA,class II fructose-bisphosphate aldolase,0.533344168860897,0.276756667211883
VC_RS02455,VC0480; VC_0480,mscS,small-conductance mechanosensitive channel MscS,0.230798491353553,0.691703253621717
VC_RS02460,VC0481; VC_0481,,LysE/ArgO family amino acid transporter,-0.91683907504784,0.533148559659056
VC_RS02465,VC0482; VC_0482,,LysR family transcriptional regulator ArgP,0.427495775252724,0.321465558729618
VC_RS02470,VC0483; VC_0483,,oxidative stress defense protein,0.566271718874019,0.32601651292288
VC_RS02475,VC0485; VC_0485,pykF,pyruvate kinase PykF,0.225736769364087,0.728191988830665
VC_RS02480,VC0486; VC_0486,,DeoR/GlpR family DNA-binding transcription regulator,1.33425878509619,0.234631588220406
VC_RS02485,VC0487; VC_0487,glmS,glutamine--fructose-6-phosphate transaminase (isomerizing),0.822168446739194,0.331865514175353
VC_RS02490,VC0488; VC_0488,,TRAP transporter substrate-binding protein,0.0166597460545935,0.985643903299395
VC_RS02495,VC0489; VC_0489,,lysophospholipid acyltransferase family protein,-0.65188040882048,0.744104533977394
VC_RS02500,VC0490; VC_0490,,DUF3732 domain-containing protein,0.13246539386166,0.846843245754901
VC_RS02505,VC0491; VC_0491,,three component ABC system middle component,-0.0208652070625144,0.982844643300642
VC_RS02510,VC0492; VC_0492,,ABC-three component system protein,-0.0577261516185388,0.948751947003449
VC_RS02515,VC0493; VC_0493,,MarR family transcriptional regulator,-0.0239722454227828,0.976850199293178
VC_RS02520,VC0494; VC_0494,,inovirus Gp2 family protein,-0.132769191550364,0.874447364436944
VC_RS02525,VC0495; VC_0495,,inovirus Gp2 family protein,-0.52274405357274,0.612233762454562
VC_RS02530,VC0496; VC_0496,,inovirus Gp2 family protein,-0.556387217196114,0.659893397014111
VC_RS02535,VC0497; VC_0497,,AlpA family transcriptional regulator,-0.0939536942621119,0.971790606653732
VC_RS02540,VC0498; VC_0498,,ribonuclease HI,-0.484911850524627,0.821919273571301
VC_RS02545,VC0499; VC_0499,,IS3 family transposase,-0.125225345106018,0.847820052867848
VC_RS02550,VC0501; VC_0501,,IS5-like element ISVch8 family transposase,0.259825912094906,0.687699882674216
VC_RS02555,VC0502; VC_0502,,type II secretion system protein,0.735125177919096,0.153052544183448
VC_RS02560,,,high-affinity zinc uptake system protein ZnuA precursor,0.441330513257963,0.490653670097172
VC_RS02565,VC0503; VC_0503,,peptidoglycan DD-metalloendopeptidase family protein,0.0813944710174326,0.852744635450348
VC_RS02570,VC0504; VC_0504,,hypothetical protein,-0.375872667174938,0.667341970211795
VC_RS02575,VC0505; VC_0505,,hypothetical protein,-2.14806922646436,0.567474485787857
VC_RS02580,VC0506; VC_0506,,WYL domain-containing protein,-0.0849737805311969,0.96390766228262
VC_RS02585,VC0508; VC_0508,,DUF2787 domain-containing protein,0.289591207750228,0.79388289122439
VC_RS02590,VC0509; VC_0509,,DUF2787 domain-containing protein,-0.62668448194193,0.756508196185379
VC_RS02595,VC0510; VC_0510,radC,RadC family protein,-0.277717880279514,0.789390319019256
VC_RS02600,VC0512; VC_0512,,methyl-accepting chemotaxis protein,3.55991183453858,0.25878939989837
VC_RS02605,VC0513; VC_0513,,helix-turn-helix domain-containing protein,-0.44603744866858,0.955358627246211
VC_RS02620,VC0516; VC_0516,,integrase domain-containing protein,0.162276531361452,0.768562302275143
VC_RS02630,VC0517; VC_0517,rpoD,RNA polymerase sigma factor RpoD,0.0430685028769074,0.972591899046259
VC_RS02635,VC0518; VC_0518,dnaG,DNA primase,-0.633288238059002,0.235238809266364
VC_RS02640,VC0519; VC_0519,,GatB/YqeY domain-containing protein,-0.172297564321708,0.82183316825012
VC_RS02645,VC0520; VC_0520,rpsU,30S ribosomal protein S21,-0.285522249188735,0.577521848491903
VC_RS02650,VC0521; VC_0521,tsaD,tRNA (adenosine(37)-N6)-threonylcarbamoyltransferase complex transferase subunit TsaD,0.111823708164276,0.710703268485695
VC_RS02655,VC0522; VC_0522,,alpha/beta fold hydrolase,0.280385101664275,0.470895555993589
VC_RS02660,VC0523; VC_0523,plsY,glycerol-3-phosphate 1-O-acyltransferase PlsY,0.0410681441628844,0.951082589236544
VC_RS02665,VC0524; VC_0524,folB,"bifunctional dihydroneopterin aldolase/7,8-dihydroneopterin epimerase",-0.180227277665822,0.638260601601316
VC_RS02670,VC0525; VC_0525,folK,2-amino-4-hydroxy-6- hydroxymethyldihydropteridine diphosphokinase,-0.0246462150566214,0.969959307189906
VC_RS02675,VC0526; VC_0526,,undecaprenyl-diphosphate phosphatase,-0.174568561499762,0.680045707992575
VC_RS02680,VC0527; VC_0527,ftsB,cell division protein FtsB,0.0264401353646714,0.964671308207703
VC_RS02685,VC0528; VC_0528,ispD,2-C-methyl-D-erythritol 4-phosphate cytidylyltransferase,0.0157324217508411,0.976850199293178
VC_RS02690,VC0529; VC_0529,ispF,"2-C-methyl-D-erythritol 2,4-cyclodiphosphate synthase",-0.246128397493365,0.590140244188227
VC_RS02695,VC0530; VC_0530,truD,tRNA pseudouridine(13) synthase TruD,-0.0498536340934967,0.921923611984001
VC_RS02700,VC0531; VC_0531,surE,5'/3'-nucleotidase SurE,-0.232967697738243,0.597360807009917
VC_RS02705,VC0532; VC_0532,,protein-L-isoaspartate(D-aspartate) O-methyltransferase,-0.0916380405812733,0.875610229839933
VC_RS02710,VC0533; VC_0533,nlpD,murein hydrolase activator NlpD,-0.116885465576006,0.829213331986171
VC_RS02715,VC0534; VC_0534,rpoS,RNA polymerase sigma factor RpoS,-0.0984335481992503,0.893450621119752
VC_RS02720,VC0535; VC_0535,mutS,DNA mismatch repair protein MutS,-0.0924866936928865,0.819507552807319
VC_RS02725,VC0537; VC_0537,cysM,cysteine synthase CysM,0.0119383313268914,0.996601295197505
VC_RS02730,VC0538; VC_0538,cysP,thiosulfate ABC transporter substrate-binding protein CysP,0.379648001682071,0.574430813394851
VC_RS02735,VC0539; VC_0539,cysT,sulfate/thiosulfate ABC transporter permease CysT,0.266402901948419,0.737073615477641
VC_RS02740,VC0540; VC_0540,cysW,sulfate ABC transporter permease subunit CysW,-0.203775002887238,0.842703008911015
VC_RS02745,VC0541; VC_0541,,sulfate/molybdate ABC transporter ATP-binding protein,0.431350921269902,0.506135755625279
VC_RS02750,VC0542; VC_0542,pncC,nicotinamide-nucleotide amidase,0.137021771411729,0.758479279132961
VC_RS02755,VC0543; VC_0543,recA,recombinase RecA,0.0597878508449,0.904223294853866
VC_RS02760,VC0544; VC_0544,recX,recombination regulator RecX,-0.297064490539355,0.689610835950201
VC_RS02765,VC0545; VC_0545,alaS,alanine--tRNA ligase,0.0280909259409787,0.962410096243451
VC_RS02770,VC0547; VC_0547,,aspartate kinase,0.0562761430298038,0.899566166540062
VC_RS02775,VC0548; VC_0548,csrA,carbon storage regulator CsrA,0.318347213489038,0.441470347342197
VC_RS02820,VC0549; VC_0549,,oxaloacetate decarboxylase subunit gamma,0.040496896362647,0.966718282182809
VC_RS02825,VC0550; VC_0550,oadA,sodium-extruding oxaloacetate decarboxylase subunit alpha,0.452041671134231,0.421582743744366
VC_RS02830,VC0551; VC_0551,,sodium ion-translocating decarboxylase subunit beta,0.610075719779956,0.398611838786269
VC_RS02835,VC0552; VC_0552,,NADP-dependent oxidoreductase,0.254156514981185,0.448703027044036
VC_RS02840,VC0553; VC_0553,,YqaA family protein,0.431196399094615,0.285357673665722
VC_RS02845,VC0554; VC_0554,,M16 family metallopeptidase,0.0012469571926657,0.998639330834673
VC_RS02850,VC0556; VC_0556,gshA,glutamate--cysteine ligase,0.163735542525962,0.707064056795527
VC_RS02855,VC0557; VC_0557,luxS,S-ribosylhomocysteine lyase,0.63848265178748,0.247072446260747
VC_RS02860,VC0558; VC_0558,,HlyC/CorC family transporter,0.403374449851867,0.247072446260747
VC_RS02865,VC0559; VC_0559,,cytochrome C assembly family protein,-0.110255026012406,0.834762911830348
VC_RS02870,VC0560; VC_0560,ffh,signal recognition particle protein,0.189072844867518,0.506135755625279
VC_RS02875,VC0561; VC_0561,rpsP,30S ribosomal protein S16,-0.253054687351995,0.473857544366175
VC_RS02880,VC0562; VC_0562,rimM,ribosome maturation factor RimM,-0.128126172469137,0.707064056795527
VC_RS02885,VC0563; VC_0563,trmD,tRNA (guanosine(37)-N1)-methyltransferase TrmD,-0.107942195415326,0.827928643914087
VC_RS02890,VC0564; VC_0564,rplS,50S ribosomal protein L19,0.04091074054043,0.946221674418764
VC_RS02895,VC0565; VC_0565,degS,outer membrane-stress sensor serine endopeptidase DegS,-0.121207635323852,0.779842696806043
VC_RS02900,VC0566; VC_0566,,DegQ family serine endoprotease,-1.00282086932356,0.247072446260747
VC_RS02905,VC0567; VC_0567,zapG,Z-ring associated protein ZapG,0.235136129401616,0.707533684760716
VC_RS02910,VC0568; VC_0568,zapE,cell division protein ZapE,-0.215538467097414,0.604667991530371
VC_RS02915,VC0570; VC_0570,rplM,50S ribosomal protein L13,-0.205686624441523,0.679611721937365
VC_RS02920,VC0571; VC_0571,rpsI,30S ribosomal protein S9,0.141632793214846,0.695952427188307
VC_RS02925,VC0573; VC_0573,petA,ubiquinol-cytochrome c reductase iron-sulfur subunit,0.112030023030093,0.846250526192763
VC_RS02930,VC0574; VC_0574,,cytochrome b,0.271209807481779,0.606362561632495
VC_RS02935,VC0575; VC_0575,,cytochrome c1,0.0165401476801557,0.97885025929309
VC_RS02940,VC0576; VC_0576,sspA,stringent starvation protein SspA,-0.21126021241961,0.681380440080012
VC_RS02945,VC0577; VC_0577,sspB,ClpXP protease specificity-enhancing factor,-0.481973495158186,0.212467328190743
VC_RS02950,VC0578; VC_0578,,BON domain-containing protein,0.260867419739109,0.424200071685518
VC_RS02955,VC0579; VC_0579,,phosphoheptose isomerase,-0.143783311105749,0.817556996285848
VC_RS02960,VC0580; VC_0580,,YraN family protein,-0.0642864925200968,0.901262147528013
VC_RS02965,VC0581; VC_0581,,penicillin-binding protein activator,-0.152341009573208,0.907973263597092
VC_RS02970,VC0582; VC_0582,rsmI,16S rRNA (cytidine(1402)-2'-O)-methyltransferase,-0.0144648453112714,0.991451891356219
VC_RS02975,VC0583; VC_0583,hapR,quorum-sensing master transcriptional regulator HapR,0.224826678767427,0.679258358310115
VC_RS02980,VC0585; VC_0585,hpt,hypoxanthine phosphoribosyltransferase,0.0225353149546538,0.976850199293178
VC_RS02985,VC0586; VC_0586,can,carbonate dehydratase,0.407783453021624,0.458789566888779
VC_RS02990,VC0587; VC_0587,,SulP family inorganic anion transporter,0.175770360907198,0.579699007109403
VC_RS02995,VC0589; VC_0589,,ABC transporter ATP-binding protein,0.547266364795285,0.476169963216517
VC_RS03000,VC0590; VC_0590,,ABC transporter permease,0.305609953405835,0.651144520549828
VC_RS03005,VC0591; VC_0591,panC,pantoate--beta-alanine ligase,0.78508572415769,0.377912833961916
VC_RS03010,VC0592; VC_0592,panB,3-methyl-2-oxobutanoate hydroxymethyltransferase,-0.120898068847805,0.819507552807319
VC_RS03015,VC0593; VC_0593,folK,2-amino-4-hydroxy-6- hydroxymethyldihydropteridine diphosphokinase,-0.385681772532618,0.506592912074706
VC_RS03020,VC0594; VC_0594,pcnB,polynucleotide adenylyltransferase PcnB,-0.0504833106593872,0.899566166540062
VC_RS03025,VC0595; VC_0595,gluQRS,tRNA glutamyl-Q(34) synthetase GluQRS,-0.132227903745576,0.771237928789747
VC_RS03030,VC0596; VC_0596,dksA,RNA polymerase-binding protein DksA,-0.257140719266313,0.899566166540062
VC_RS03035,VC0597; VC_0597,sfsA,DNA/RNA nuclease SfsA,-0.43602062995419,0.490653670097172
VC_RS03040,VC0600; VC_0600,,alpha/beta fold hydrolase,-0.173125209718059,0.759094432136164
VC_RS03045,VC0601; VC_0601,hrpB,ATP-dependent helicase HrpB,0.156536679105402,0.683715034391
VC_RS03050,VC0602; VC_0602,mrcB,penicillin-binding protein 1B,0.255529053092681,0.495711314188993
VC_RS03055,VC0603; VC_0603,,patatin-like phospholipase family protein,-0.0710340634801372,0.862397542035667
VC_RS03060,VC0604; VC_0604,acnB,bifunctional aconitate hydratase 2/2-methylisocitrate dehydratase,0.139252357457931,0.781554514170191
VC_RS03065,VC0605; VC_0605,,YacL family protein,0.0376836777659557,0.969959307189906
VC_RS03070,VC0606; VC_0606,glnK,P-II family nitrogen regulator,-0.625388561687201,0.529785286481681
VC_RS03075,VC0607; VC_0607,,ammonium transporter,-0.177133970795025,0.756508196185379
VC_RS03080,VC0608; VC_0608,,Fe(3+) ABC transporter substrate-binding protein,0.0814894817601875,0.89402419290959
VC_RS03085,VC0609; VC_0609,,ABC transporter permease,-0.120048401854654,0.755814544988682
VC_RS03090,VC0610; VC_0610,,ABC transporter ATP-binding protein,-0.0301638080258952,0.959215325500867
VC_RS03095,VC0611; VC_0611,,phosphoglucomutase/phosphomannomutase family protein,0.09179863880131,0.86143068592061
VC_RS03100,VC0612; VC_0612,,GH36-type glycosyl hydrolase domain-containing protein,-0.104516666551022,0.819507552807319
VC_RS03105,VC0613; VC_0613,,beta-N-acetylhexosaminidase,-0.150558616997156,0.955358627246211
VC_RS03110,VC0614; VC_0614,,N-acetylglucosamine kinase,-0.296286075713718,0.701715982796404
VC_RS03115,VC0615; VC_0615,,glycoside hydrolase family 9 protein,0.131121981884238,0.82310359043107
VC_RS03120,VC0616; VC_0616,,ABC transporter ATP-binding protein,-0.484155417340514,0.848129865358703
VC_RS03125,VC0617; VC_0617,,ABC transporter ATP-binding protein,0.0417954136407842,0.966419980370621
VC_RS03130,VC0618; VC_0618,,ABC transporter permease,-0.154424960078576,0.734571682409477
VC_RS03135,VC0619; VC_0619,,ABC transporter permease,0.306952504919948,0.619232686937686
VC_RS03140,VC0620; VC_0620,,ABC transporter substrate-binding protein,-0.0357773986426084,0.970109839430874
VC_RS03145,VC0622; VC_0622,chiS,two-component system sensor histidine kinase ChiS,-0.124347098950467,0.777213303153342
VC_RS03150,VC0623; VC_0623,rsmC,16S rRNA (guanine(1207)-N(2))-methyltransferase RsmC,-0.0902823500739771,0.804205654383962
VC_RS03155,VC0624; VC_0624,,AI-2E family transporter,0.0575438522698871,0.962410096243451
VC_RS03165,VC0626; VC_0626,hemL,"glutamate-1-semialdehyde 2,1-aminomutase",-0.231303290796763,0.571547806336631
VC_RS03170,VC0627; VC_0627,erpA,iron-sulfur cluster insertion protein ErpA,0.191217657043736,0.710854770296853
VC_RS03175,VC0628; VC_0628,vexE,multidrug efflux RND transporter periplasmic adaptor subunit VexE,-0.124925462618541,0.714050171640897
VC_RS03180,VC0629; VC_0629,vexF,multidrug efflux RND transporter permease subunit VexF,-0.246347383747733,0.587446879718233
VC_RS03185,VC0630; VC_0630,,peptidoglycan DD-metalloendopeptidase family protein,-0.205157844239744,0.818886090954697
VC_RS03190,VC0631; VC_0631,tyrS,tyrosine--tRNA ligase,0.156511735584061,0.721590134157267
VC_RS03195,VC0632; VC_0632,dacB,serine-type D-Ala-D-Ala carboxypeptidase,-0.298356009772161,0.421582743744366
VC_RS03200,VC0633; VC_0633,ompU,porin OmpU,0.360408395686452,0.695952427188307
VC_RS03205,VC0634; VC_0634,greA,transcription elongation factor GreA,0.67640746246569,0.298641903027796
VC_RS03210,VC0635; VC_0635,yhbY,ribosome assembly RNA-binding protein YhbY,0.0158972987237877,0.98989430534948
VC_RS03215,VC0636; VC_0636,rlmE,23S rRNA (uridine(2552)-2'-O)-methyltransferase RlmE,0.306203050081616,0.434605208818091
VC_RS03220,VC0637; VC_0637,ftsH,ATP-dependent zinc metalloprotease FtsH,0.250586732791699,0.53681219347668
VC_RS03225,VC0638; VC_0638,folP,dihydropteroate synthase,-0.291759286462117,0.321465558729618
VC_RS03230,VC0639; VC_0639,glmM,phosphoglucosamine mutase,-0.0121321599027489,0.984419503848581
VC_RS03235,VC0640; VC_0640,secG,preprotein translocase subunit SecG,-0.200087223283916,0.687931170306998
VC_RS03250,VC0641; VC_0641,rimP,ribosome maturation factor RimP,-0.253520504954961,0.640888928227595
VC_RS03255,VC0642; VC_0642,nusA,transcription termination factor NusA,-0.388664559899481,0.434605208818091
VC_RS03260,VC0643; VC_0643,infB,translation initiation factor IF-2,-0.398631024986299,0.321465558729618
VC_RS03265,VC0644; VC_0644,rbfA,30S ribosome-binding factor RbfA,-0.288123543238861,0.480845767385796
VC_RS03270,VC0645; VC_0645,truB,tRNA pseudouridine(55) synthase TruB,-0.200887000357198,0.651144520549828
VC_RS03275,VC0646; VC_0646,rpsO,30S ribosomal protein S15,-0.109307087453748,0.888780234967802
VC_RS03280,VC0647; VC_0647,pnp,polyribonucleotide nucleotidyltransferase,-0.0937469118338379,0.876553789428223
VC_RS03285,VC0648; VC_0648,nlpI,lipoprotein NlpI,0.129901180675091,0.638230164044313
VC_RS03290,VC0649; VC_0649,,MarR family winged helix-turn-helix transcriptional regulator,0.224021276492082,0.760325088445906
VC_RS03295,VC0650; VC_0650,vcrM,sodium-coupled multidrug efflux MATE transporter VcrM,-0.263642589645784,0.687931170306998
VC_RS03300,VC0651; VC_0651,,U32 family peptidase,0.625597034133879,0.559532413600093
VC_RS03305,VC0652; VC_0652,,ubiquinone anaerobic biosynthesis protein UbiU,0.118128292986014,0.916214587650523
VC_RS03310,VC0653; VC_0653,,bifunctional diguanylate cyclase/phosphodiesterase,0.025252065796748,0.966718282182809
VC_RS03315,VC0654; VC_0654,,ubiquinone anaerobic biosynthesis accessory factor UbiT,-0.0630997544240938,0.964095265340398
VC_RS03320,VC0655; VC_0655,,GNAT family N-acetyltransferase,0.470135669995959,0.473857544366175
VC_RS03325,VC0656; VC_0656,,DNA polymerase III subunit psi,0.518986693438637,0.237238080115854
VC_RS03330,VC0657; VC_0657,rimI,ribosomal protein S18-alanine N-acetyltransferase,0.0324858184233796,0.951082589236544
VC_RS03335,VC0658; VC_0658,,putative bifunctional diguanylate cyclase/phosphodiesterase,0.258252679753673,0.746772132693428
VC_RS03340,VC0659; VC_0659,prfC,peptide chain release factor 3,-0.0976134872019105,0.814287404111632
VC_RS03345,VC0660; VC_0660,srmB,ATP-dependent RNA helicase SrmB,-0.292365302287653,0.551636270156219
VC_RS03350,VC0661; VC_0661,,tRNA1(Val) (adenine(37)-N6)-methyltransferase,0.12860143093827,0.789390319019256
VC_RS03355,VC0662; VC_0662,brnQ,branched-chain amino acid transport system II carrier protein,0.510445985316115,0.153052544183448
VC_RS03360,VC0663; VC_0663,prfB,peptide chain release factor 2,0.0318844795744631,0.972591899046259
VC_RS03365,VC0664; VC_0664,lysS,lysine--tRNA ligase,-0.097774139107307,0.830554821992996
VC_RS03370,VC0665; VC_0665,vpsR,cyclic-di-GMP-binding transcriptional regulator VpsR,0.478464515697037,0.246073714376128
VC_RS03375,VC0666; VC_0666,,hypothetical protein,-0.235696499195652,0.769567297948251
VC_RS03380,VC0667; VC_0667,,NADP(H)-dependent aldo-keto reductase,0.344094089603096,0.651144520549828
VC_RS03385,VC0668; VC_0668,mutH,DNA mismatch repair endonuclease MutH,-0.256024263943623,0.527316318908886
VC_RS03390,VC0671; VC_0671,rppH,RNA pyrophosphohydrolase,0.254148604017383,0.503259396119905
VC_RS03395,VC0672; VC_0672,ptsP,phosphoenolpyruvate--protein phosphotransferase,-0.0083362011860039,0.985643903299395
VC_RS03400,VC0673; VC_0673,,sulfite exporter TauE/SafE family protein,0.0489986343726864,0.904223294853866
VC_RS03405,VC0674; VC_0674,lgt,prolipoprotein diacylglyceryl transferase,-0.139354966635054,0.690252653951534
VC_RS03410,VC0675; VC_0675,,thymidylate synthase,0.0777311290664912,0.819507552807319
VC_RS03415,VC0676; VC_0676,,Na/Pi cotransporter family protein,-0.8207009045387,0.247072446260747
VC_RS03420,VC0677; VC_0677,nhaR,transcriptional activator NhaR,0.153265385513321,0.806566012163888
VC_RS03425,VC0678; VC_0678,,ArsR/SmtB family transcription factor,0.500412578649781,0.237238080115854
VC_RS03430,VC0679; VC_0679,rpsT,30S ribosomal protein S20,-0.125647917259457,0.852103429182609
VC_RS03435,VC0680; VC_0680,murJ,murein biosynthesis integral membrane protein MurJ,-0.0914848820130954,0.883091827493583
VC_RS03440,VC0681; VC_0681,ribF,bifunctional riboflavin kinase/FAD synthetase,0.0852291493580377,0.785321757676525
VC_RS03445,VC0682; VC_0682,ileS,isoleucine--tRNA ligase,-0.0871454185222829,0.825330117958023
VC_RS03450,VC0683; VC_0683,lspA,signal peptidase II,-0.02706755854267,0.974861034148083
VC_RS03455,VC0684; VC_0684,fkpB,FKBP-type peptidyl-prolyl cis-trans isomerase,-0.303397079491226,0.351159498846484
VC_RS03460,VC0685; VC_0685,ispH,4-hydroxy-3-methylbut-2-enyl diphosphate reductase,-0.116267685867383,0.735293066801623
VC_RS03465,VC0687; VC_0687,,carbon starvation CstA family protein,0.378594419338043,0.681380440080012
VC_RS03470,VC0688; VC_0688,,DUF2799 domain-containing protein,0.393455244075833,0.421582743744366
VC_RS03475,VC0689; VC_0689,,cation:proton antiporter,0.473286046198773,0.243241301885985
VC_RS03480,VC0690; VC_0690,murQ,N-acetylmuramic acid 6-phosphate etherase,0.505822373812322,0.245747438999619
VC_RS03485,VC0691; VC_0691,,anhydro-N-acetylmuramic acid kinase,-1.48164359754285,0.297326645696856
VC_RS03490,VC0692; VC_0692,nagZ,beta-N-acetylhexosaminidase,0.286520010361688,0.505202219570277
VC_RS03495,VC0693; VC_0693,btsR,two-component system response regulator BtsR,0.259265004780862,0.619373811805829
VC_RS03500,VC0694; VC_0694,,sensor histidine kinase,-0.164170260315769,0.633482855254367
VC_RS03505,VC0695; VC_0695,,3-deoxy-7-phosphoheptulonate synthase,0.569196761292827,0.244237287322497
VC_RS03510,VC0696; VC_0696,tyrA,bifunctional chorismate mutase/prephenate dehydrogenase,0.283506072257912,0.551224650564399
VC_RS03515,VC0697; VC_0697,,PilZ domain-containing protein,-0.0816343406313044,0.947732134388849
VC_RS03520,VC0698; VC_0698,ettA,energy-dependent translational throttle protein EttA,-0.0469004478774402,0.965732040995904
VC_RS03525,VC0700; VC_0700,sltY,murein transglycosylase,0.406704558486552,0.364606231730221
VC_RS03530,VC0701; VC_0701,trpR,trp operon repressor,-0.0127568058004924,0.982787495995305
VC_RS03535,VC0702; VC_0702,yjjX,inosine/xanthosine triphosphatase,0.33996024085541,0.701625474953517
VC_RS03540,VC0703; VC_0703,mbaA,biofilm architecture maintenance protein MbaA,-0.400325115110502,0.314222700467683
VC_RS03545,VC0704; VC_0704,nspS,polyamine ABC transporter substrate-binding protein,-0.476368944803631,0.234631588220406
VC_RS03550,VC0705; VC_0705,pheA,prephenate dehydratase,0.116868751080624,0.829213331986171
VC_RS03555,VC0706; VC_0706,hpf,"ribosome hibernation-promoting factor, HPF/YfiA family",0.164024148811118,0.899566166540062
VC_RS03560,VC0708; VC_0708,,outer membrane protein assembly factor BamD,-0.107675734442043,0.901229742898555
VC_RS03565,VC0709; VC_0709,rluD,23S rRNA pseudouridine(1911/1915/1917) synthase RluD,-0.140589719569971,0.762277484397075
VC_RS03570,VC0710; VC_0710,pgeF,peptidoglycan editing factor PgeF,-0.280511175143295,0.652263692776908
VC_RS03575,VC0711; VC_0711,clpB,ATP-dependent chaperone ClpB,-0.220285702609304,0.721012648297316
VC_RS03605,VC0714; VC_0714,,DUF1904 domain-containing protein,-0.751568231593335,0.321614871392933
VC_RS03610,VC0715; VC_0715,nfsA,oxygen-insensitive NADPH nitroreductase,-0.330781964789515,0.619232686937686
VC_RS03615,VC0716; VC_0716,,YfhL family 4Fe-4S dicluster ferredoxin,-0.49365739964854,0.303146293534605
VC_RS03620,VC0717; VC_0717,yegQ,tRNA 5-hydroxyuridine modification protein YegQ,-0.257121579102362,0.687931170306998
VC_RS03625,VC0718; VC_0718,rdgC,recombination-associated protein RdgC,-0.375320805425363,0.379722108002696
VC_RS03630,VC0719; VC_0719,phoB,phosphate regulon transcriptional regulator PhoB,-0.270102604942253,0.506733842510289
VC_RS03635,VC0720; VC_0720,phoR,phosphate regulon sensor histidine kinase PhoR,-0.281106473027885,0.495711314188993
VC_RS03640,VC0721; VC_0721,,PstS family phosphate ABC transporter substrate-binding protein,-0.289355749803025,0.561026779702753
VC_RS03645,VC0722; VC_0722,ppx,exopolyphosphatase,0.2394250113796,0.601948184603507
VC_RS03650,VC0723; VC_0723,ppk1,polyphosphate kinase 1,-0.0315145354169804,0.972591899046259
VC_RS03655,VC0724; VC_0724,,ABC transporter permease subunit,-0.186136745662493,0.686572298124826
VC_RS03660,VC0725; VC_0725,pstA,phosphate ABC transporter permease PstA,-0.0764036110483683,0.851224144539762
VC_RS03665,VC0726; VC_0726,pstB,phosphate ABC transporter ATP-binding protein PstB,-0.10077918627458,0.83117003178799
VC_RS03670,VC0727; VC_0727,phoU,phosphate signaling complex protein PhoU,-0.162418261014424,0.707064056795527
VC_RS03675,VC0728; VC_0728,ppk2,polyphosphate kinase 2,-0.13242854207449,0.847820052867848
VC_RS03680,VC0730; VC_0730,,copper homeostasis protein CutC,0.0645903470729342,0.962756718111495
VC_RS03685,VC0731; VC_0731,,peroxiredoxin C,-0.0401364674131982,0.969959307189906
VC_RS03690,VC0732; VC_0732,,hydrogen peroxide-inducible genes activator,0.203170534332741,0.626567471098167
VC_RS03695,VC0734; VC_0734,aceB,malate synthase A,-0.850990874529503,0.279304958394408
VC_RS03700,VC0736; VC_0736,aceA,isocitrate lyase,-0.558923151188199,0.506135755625279
VC_RS03705,VC0737; VC_0737,,CBS domain-containing protein,0.424232250784638,0.439028040780559
VC_RS03710,VC0739; VC_0739,queA,tRNA preQ1(34) S-adenosylmethionine ribosyltransferase-isomerase QueA,-0.512097593904038,0.309258804651451
VC_RS03715,VC0741; VC_0741,tgt,tRNA guanosine(34) transglycosylase Tgt,-0.207450613376517,0.640888928227595
VC_RS03720,VC0742; VC_0742,yajC,preprotein translocase subunit YajC,0.366522155037893,0.377912833961916
VC_RS03725,VC0743; VC_0743,secD,protein translocase subunit SecD,-0.0300273245719554,0.952534595583264
VC_RS03730,VC0744; VC_0744,secF,protein translocase subunit SecF,-0.0019666780396927,0.99664717152555
VC_RS03735,VC0745; VC_0745,suhB,inositol-1-monophosphatase,-0.789480150525873,0.271635781152787
VC_RS03740,VC0746; VC_0746,trmJ,tRNA (cytosine(32)/uridine(32)-2'-O)-methyltransferase TrmJ,-0.0064330869648096,0.992412263287078
VC_RS03745,VC0747; VC_0747,iscR,Fe-S cluster assembly transcriptional regulator IscR,-0.646346529845588,0.223722966929671
VC_RS03750,VC0748; VC_0748,,IscS subfamily cysteine desulfurase,-0.368863728863072,0.321465558729618
VC_RS03755,VC0749; VC_0749,iscU,Fe-S cluster assembly scaffold IscU,-0.450377933082461,0.434605208818091
VC_RS03760,VC0750; VC_0750,iscA,iron-sulfur cluster assembly protein IscA,-0.49028131345769,0.223722966929671
VC_RS03765,VC0751; VC_0751,hscB,co-chaperone HscB,-0.33005608683744,0.364606231730221
VC_RS03770,VC0752; VC_0752,hscA,Fe-S protein assembly chaperone HscA,-0.182635497299983,0.611419272065243
VC_RS03775,VC0753; VC_0753,fdx,ISC system 2Fe-2S type ferredoxin,-0.119211372056646,0.821919273571301
VC_RS03780,VC0754; VC_0754,iscX,Fe-S cluster assembly protein IscX,-0.553483581079064,0.247072446260747
VC_RS03785,VC0755; VC_0755,pepB,aminopeptidase PepB,0.155391365232644,0.729809751549459
VC_RS03790,VC0756; VC_0756,ndk,nucleoside-diphosphate kinase,0.0331899517092731,0.965155016446251
VC_RS03795,VC0757; VC_0757,,bifunctional tRNA (adenosine(37)-C2)-methyltransferase TrmG/ribosomal RNA large subunit methyltransferase RlmN,-0.328453262764766,0.336247743737923
VC_RS03800,VC0758; VC_0758,rodZ,cytoskeleton protein RodZ,-0.167809576124388,0.567474485787857
VC_RS03805,VC0759; VC_0759,ispG,flavodoxin-dependent (E)-4-hydroxy-3-methylbut-2-enyl-diphosphate synthase,0.104853305085043,0.869501926885578
VC_RS03810,VC0760; VC_0760,hisS,histidine--tRNA ligase,-0.17838156456881,0.619232686937686
VC_RS03815,VC0761; VC_0761,,YfgM family protein,-0.0938728058066627,0.777213303153342
VC_RS03820,VC0762; VC_0762,bamB,outer membrane protein assembly factor BamB,0.105489624685202,0.734468995811525
VC_RS03825,VC0763; VC_0763,der,ribosome biogenesis GTPase Der,-0.0444661748984262,0.945408123881879
VC_RS03830,VC0764; VC_0764,,alanyl-tRNA editing protein,-0.301014395413782,0.66568811840876
VC_RS03835,VC0765; VC_0765,,zinc ribbon domain-containing protein,0.206190004251998,0.786633956326063
VC_RS03840,VC0766; VC_0766,xseA,exodeoxyribonuclease VII large subunit,-0.854591348353419,0.153052544183448
VC_RS03845,VC0767; VC_0767,guaB,IMP dehydrogenase,-0.71453305314938,0.234631588220406
VC_RS03850,VC0768; VC_0768,guaA,glutamine-hydrolyzing GMP synthase,-0.442264894421563,0.351159498846484
VC_RS03855,VC0769; VC_0769,,chitinase,-0.51875409656042,0.619373811805829
VC_RS03860,VC0770; VC_0770,,acetate uptake transporter,-0.0678136144292769,0.940938358227986
VC_RS03865,VC0771; VC_0771,vibB,vibriobactin biosynthesis bifunctional isochorismatase/aryl carrier protein VibB,0.0132967796788094,0.98888476898221
VC_RS03870,VC0772; VC_0772,,"(2,3-dihydroxybenzoyl)adenylate synthase",-0.0964984396894177,0.919976208692626
VC_RS03875,VC0773; VC_0773,,isochorismate synthase,-0.182956460185072,0.744104533977394
VC_RS03880,VC0774; VC_0774,,"2,3-dihydro-2,3-dihydroxybenzoate dehydrogenase",-0.0610906049394962,0.951082589236544
VC_RS03885,VC0775; VC_0775,vibH,"norspermidine-2,3-dihydroxybenzoate synthase VibH",-0.421049500736898,0.499404404512436
VC_RS03890,VC0776; VC_0776,fepB,Fe2+-enterobactin ABC transporter substrate-binding protein,0.171293537639726,0.712429568481276
VC_RS03895,VC0777; VC_0777,,FecCD family ABC transporter permease,0.0520718810465507,0.919976208692626
VC_RS03900,VC0778; VC_0778,,FecCD family ABC transporter permease,-0.344097873577172,0.271635781152787
VC_RS03905,VC0779; VC_0779,,ABC transporter ATP-binding protein,-0.451229643685885,0.320536946562546
VC_RS03910,VC0780; VC_0780,,4'-phosphopantetheinyl transferase family protein,-0.842203005494901,0.201793840881848
VC_RS03915,VC0781; VC_0781,,LysR family transcriptional regulator,-0.110857375816572,0.839450463468399
VC_RS03920,VC0783; VC_0783,,alkyl/aryl-sulfatase,-1.09956805307678,0.223722966929671
VC_RS03925,VC0784; VC_0784,,alanine/glycine:cation symporter family protein,-0.14073783333386,0.833681874460388
VC_RS03930,VC0786; VC_0786,,D-amino acid dehydrogenase,-0.296084657134701,0.377912833961916
VC_RS03935,VC0787; VC_0787,,LysR substrate-binding domain-containing protein,-0.214146459640768,0.678819853884704
VC_RS03940,VC0788; VC_0788,,"DOPA 4,5-dioxygenase family protein",-0.158675541551498,0.752952012366285
VC_RS03945,VC0789; VC_0789,,hypothetical protein,-0.0040272223916585,0.996601295197505
VC_RS03950,VC0790; VC_0790,,response regulator,0.628956782211204,0.403335438289908
VC_RS03955,VC0791; VC_0791,,ATP-binding protein,0.0462707427606432,0.979955555366574
VC_RS03960,VC0792; VC_0792,,sodium ion-translocating decarboxylase subunit beta,0.385970693864618,0.614373190095763
VC_RS03965,VC0793m; VC_0793,oadA,sodium-extruding oxaloacetate decarboxylase subunit alpha,-0.0543945503334272,0.985643903299395
VC_RS03970,VC0794; VC_0794,,OadG family protein,0.59009448776024,0.790461871190663
VC_RS03975,VC0795; VC_0795,,citrate/sodium symporter CitS,-0.240431669085135,0.786633956326063
VC_RS03980,VC0796; VC_0796,citC,[citrate (pro-3S)-lyase] ligase,1.00140666950517,0.551636270156219
VC_RS03990,VC0798; VC_0798,citE,citrate (pro-3S)-lyase subunit beta,0.57238020337729,0.514204661064633
VC_RS03995,VC0799; VC_0799,citF,citrate lyase subunit alpha,0.351834547571907,0.600458302078817
VC_RS04000,VC0800; VC_0800,citX,citrate lyase holo-[acyl-carrier protein] synthase,0.405170598991005,0.52575046649059
VC_RS04005,VC0801; VC_0801,citG,triphosphoribosyl-dephospho-CoA synthase CitG,0.123029351915521,0.890530581587063
VC_RS04010,VC0802; VC_0802,,ACT domain-containing protein,-0.330645279293804,0.651144520549828
VC_RS04015,VC0803; VC_0803,,RNA methyltransferase,-0.0791538087505479,0.884805992073144
VC_RS04020,VC0804; VC_0804,fdxA,ferredoxin FdxA,-0.507582911739283,0.619232686937686
VC_RS04025,VC0806; VC_0806,,NAD(P)/FAD-dependent oxidoreductase,-0.421731964774003,0.642379694783304
VC_RS04030,VC0807; VC_0807,,VC0807 family protein,0.0456485638682025,0.93518023083539
VC_RS04035,VC0809; VC_0809,,SWIM zinc finger family protein,-0.0939534251779861,0.857023559100706
VC_RS04040,VC0810; VC_0810,,hypothetical protein,0.131567348098507,0.89402419290959
VC_RS04045,VC0811; VC_0811,,nuclease-related domain-containing protein,-0.0166301954419637,0.989678319775601
VC_RS04050,VC0812; VC_0812,,DEAD/DEAH box helicase family protein,-0.170943917080108,0.777213303153342
VC_RS04055,VC0813; VC_0813,,class I SAM-dependent methyltransferase,-0.145873332770434,0.802932762446235
VC_RS04060,VC0814; VC_0814,,helix-turn-helix transcriptional regulator,0.0349854102588176,0.969959307189906
VC_RS04065,VC0815; VC_0815,,type II toxin-antitoxin system HipA family toxin,0.109405922736662,0.875505479149812
VC_RS04070,VC0817; VC_0817,,IS481-like element ISVch1 family transposase,-0.117532060028451,0.96202899889772
VC_RS04075,VC0818; VC_0818,,IS5 family transposase,-0.194750011835298,0.766768043095429
VC_RS04080,VC0819; VC_0819,,aldehyde dehydrogenase family protein,-0.549715152021228,0.416601471892424
VC_RS04085,VC0820; VC_0820,,M66 family metalloprotease,0.0403398806173742,0.976850199293178
VC_RS04095,VC0823; VC_0823,,anthrax toxin lethal factor-related metalloendopeptidase,-0.0920735064887888,0.89402419290959
VC_RS04100,VC0824; VC_0824,tpx,thiol peroxidase,0.395627854786749,0.349346480844576
VC_RS04105,VC0825; VC_0825,tcpI,toxin-coregulated pilus methyl-accepting chemotaxis protein TcpI,0.204429102074272,0.710838360800347
VC_RS04110,VC0826; VC_0826,tcpP,toxin-coregulated pilus transcriptional regulator TcpP,0.291230147384591,0.707064056795527
VC_RS04115,VC0827; VC_0827,tcpH,toxin-coregulated pilus protein TcpH,0.543216320813226,0.418095232644039
VC_RS04120,VC0828; VC_0828,tcpA,toxin-coregulated pilus major pilin TcpA,0.212507296531696,0.819507552807319
VC_RS04125,VC0829; VC_0829,tcpB,toxin-coregulated pilus minor pilin TcpB,0.0714898883637159,0.966718282182809
VC_RS04130,VC0830; VC_0830,tcpQ,toxin-coregulated pilus protein TcpQ,-0.124435828880378,0.921806166645907
VC_RS04135,VC0831; VC_0831,tcpC,toxin-coregulated pilus secretin TcpC,-0.497950406830188,0.602830775372008
VC_RS04140,VC0832; VC_0832,tcpR,toxin-coregulated pilus protein TcpR,-0.211847724593301,0.927013607962796
VC_RS04145,VC0833; VC_0833,tcpD,toxin-coregulated pilus protein TcpD,-0.272053850898354,0.841782757192672
VC_RS04150,VC0834; VC_0834,tcpS,toxin-coregulated pilus protein TcpS,0.0005351925346217,0.998931849616408
VC_RS04155,VC0835; VC_0835,tcpT,toxin-coregulated pilus assembly ATPase TcpT,-0.29270437474563,0.707533684760716
VC_RS04160,VC0836; VC_0836,tcpE,toxin-coregulated pilus assembly protein TcpE,-0.385173108012392,0.72947925047856
VC_RS04165,VC0837; VC_0837,tcpF,colonization factor TcpF,-0.0393243978566934,0.96390766228262
VC_RS04170,VC0838; VC_0838,toxT,pilus/toxin transcriptional regulator ToxT,0.008308185529355,0.996601295197505
VC_RS04175,VC0839; VC_0839,tcpJ,toxin-coregulated pilus pre-pilin peptidase TcpJ,-0.135222287842326,0.901262147528013
VC_RS04180,VC0840; VC_0840,acfB,methyl-accepting chemotaxis protein AcfB,-0.214746471937712,0.779842696806043
VC_RS04185,VC0841; VC_0841,acfC,accessory colonization factor AcfC,0.173041117988463,0.683715034391
VC_RS04190,VC0842; VC_0842,,RDD family protein,0.751580213003487,0.472445259005446
VC_RS04195,VC0843; VC_0843,,M23 family metallopeptidase,-0.17447747089428,0.835354784234102
VC_RS04200,VC0844; VC_0844,acfA,accessory colonization factor AcfA,0.123325064784113,0.901262147528013
VC_RS04205,VC0845; VC_0845,acfD,accessory colonization factor AcfD,-0.0336634716733054,0.962116094724822
VC_RS04215,,,IS5/IS1182 family transposase,-0.288453647840622,0.649942302356509
VC_RS04220,VC0847; VC_0847,,integrase domain-containing protein,-0.618216673437953,0.856561804899572
VC_RS04230,VC0848; VC_0848,smpB,SsrA-binding protein SmpB,0.0728108693626796,0.972591899046259
VC_RS04235,VC0849; VC_0849,,SRPBCC family protein,0.087820831875803,0.871956181486649
VC_RS04240,VC0850; VC_0850,,RnfH family protein,-0.25686154643606,0.770283887215479
VC_RS04245,VC0851; VC_0851,bamE,outer membrane protein assembly factor BamE,-0.158050389352314,0.93012642895418
VC_RS04250,VC0852; VC_0852,recN,DNA repair protein RecN,-0.345673312700083,0.907192853907273
VC_RS04255,VC0853; VC_0853,nadK,NAD(+) kinase,0.153221085791786,0.904223294853866
VC_RS04260,VC0854; VC_0854,grpE,nucleotide exchange factor GrpE,0.491059325906473,0.490653670097172
VC_RS04265,VC0855; VC_0855,dnaK,molecular chaperone DnaK,0.199190161921002,0.771237928789747
VC_RS04270,VC0856; VC_0856,dnaJ,molecular chaperone DnaJ,0.309823439069842,0.631761560300955
VC_RS04275,VC0857; VC_0857,,type IV pilin protein,0.102612543422226,0.899566166540062
VC_RS04280,VC0858; VC_0858,,pilus assembly FimT family protein,-0.257982569934802,0.83117003178799
VC_RS04285,VC0859; VC_0859,,PulJ/GspJ family protein,-0.125128826394636,0.955358627246211
VC_RS04290,VC0860; VC_0860,,hypothetical protein,0.0709928069109952,0.955358627246211
VC_RS04295,VC0861; VC_0861,,type IV pilus modification PilV family protein,0.0507990786636411,0.972591899046259
VC_RS04300,VC0863; VC_0863,,AbgT family transporter,-0.0343568508438002,0.969959307189906
VC_RS04305,VC0864; VC_0864,tadA,tRNA adenosine(34) deaminase TadA,0.0784677885826385,0.923594349545435
VC_RS04310,VC0866; VC_0866,mltF,membrane-bound lytic murein transglycosylase MltF,0.626555651552732,0.245747438999619
VC_RS04315,VC0868; VC_0868,,hypothetical protein,0.241615509612082,0.90405045519428
VC_RS04320,VC0869; VC_0869,purL,phosphoribosylformylglycinamidine synthase,-0.30382747638762,0.569223851779005
VC_RS04325,VC0870; VC_0870,tnpA,IS200/IS605-like element IS1004 family transposase,-0.57520894087527,0.51423658603205
VC_RS04330,VC0871; VC_0871,,DUF4250 domain-containing protein,0.62917689085278,0.421582743744366
VC_RS04335,VC0872; VC_0872,,YaeP family protein,0.634228134291817,0.725211860394236
VC_RS04340,VC0873; VC_0873,,tellurite resistance TerB family protein,0.443582501151958,0.691703253621717
VC_RS04345,VC0875; VC_0875,,proline--tRNA ligase,-0.201906384676807,0.910718256231403
VC_RS04350,VC0876; VC_0876,tsaA,tRNA (N6-threonylcarbamoyladenosine(37)-N6)-methyltransferase TrmO,2.16147727237848,0.166677777045471
VC_RS04355,VC0878; VC_0878,,type B 50S ribosomal protein L31,0.358652892200324,0.825330117958023
VC_RS04360,VC0879; VC_0879,ykgO,type B 50S ribosomal protein L36,0.863607464080994,0.555904723009223
VC_RS04365,VC0880; VC_0880,,AbgT family transporter,0.0997843002239191,0.910718256231403
VC_RS04370,VC0881; VC_0881,,YaiI/YqxD family protein,0.278403216816703,0.636584310869248
VC_RS04375,VC0882; VC_0882,,hypothetical protein,-0.226111899412047,0.660014576959245
VC_RS04380,VC0884; VC_0884,,GNAT family N-acetyltransferase,-0.246152141064631,0.744104533977394
VC_RS04385,VC0885; VC_0885,,DUF3301 domain-containing protein,-0.41907439280784,0.701625474953517
VC_RS04390,VC0886; VC_0886,,DUF3549 family protein,0.24593481302731,0.777319574297092
VC_RS04395,VC0887; VC_0887,,YqcC family protein,-0.210430851937968,0.619232686937686
VC_RS04400,VC0888; VC_0888,truC,tRNA pseudouridine(65) synthase TruC,-0.109038296380041,0.805446063215549
VC_RS04405,VC0889; VC_0889,dxs,1-deoxy-D-xylulose-5-phosphate synthase,-0.18426960125994,0.903142985709212
VC_RS04410,VC0890; VC_0890,ispA,"(2E,6E)-farnesyl diphosphate synthase",0.113593168880917,0.924785013560035
VC_RS04415,VC0891; VC_0891,xseB,exodeoxyribonuclease VII small subunit,-0.185426368388347,0.768995019122333
VC_RS04420,VC0892; VC_0892,pomA,flagellar motor protein PomA,-0.225793473920518,0.567753600043371
VC_RS04425,VC0893; VC_0893,,flagellar motor protein MotB,-0.0592829874090969,0.890860158319278
VC_RS04430,VC0894; VC_0894,thiI,tRNA uracil 4-sulfurtransferase ThiI,-0.064398133645612,0.904223294853866
VC_RS04435,VC0896; VC_0896,,transcriptional regulator GcvA,-0.35474815031363,0.321465558729618
VC_RS04440,VC0897; VC_0897,,DUF423 domain-containing protein,-0.116823229828029,0.880674963921141
VC_RS04445,VC0898; VC_0898,xni,flap endonuclease Xni,-0.146254497358565,0.737073615477641
VC_RS04450,VC0899; VC_0899,ppnN,nucleotide 5'-monophosphate nucleosidase PpnN,0.227458719572793,0.693699070867704
VC_RS04455,VC0900; VC_0900,,GGDEF domain-containing protein,0.468296491655645,0.449240920229439
VC_RS04460,VC0901; VC_0901,,tetratricopeptide repeat protein,0.0835053017081672,0.912719298707746
VC_RS04465,VC0902; VC_0902,queF,NADPH-dependent 7-cyano-7-deazaguanine reductase QueF,-0.088749744747603,0.861196005074626
VC_RS04470,VC0903; VC_0903,syd,SecY-interacting protein,-0.279748865406538,0.567474485787857
VC_RS04475,VC0904; VC_0904,,Zn-ribbon-containing protein,-0.0732506934470601,0.890862630265821
VC_RS04480,VC0905; VC_0905,metQ,methionine ABC transporter substrate-binding lipoprotein MetQ,-0.0719355270604496,0.955358627246211
VC_RS04485,VC0906; VC_0906,,methionine ABC transporter permease,-0.287395379579921,0.770283887215479
VC_RS04490,VC0907; VC_0907,metN,methionine ABC transporter ATP-binding protein MetN,-0.515017171830597,0.751367769177793
VC_RS04495,VC0908; VC_0908,gmhB,"D-glycero-beta-D-manno-heptose 1,7-bisphosphate 7-phosphatase",0.164492975098154,0.695952427188307
VC_RS04500,VC0909; VC_0909,treR,trehalose operon repressor TreR,-0.0682499901279074,0.899566166540062
VC_RS04505,VC0910; VC_0910,treB,PTS trehalose transporter subunit IIBC,-0.712042181423659,0.220979893965504
VC_RS04510,VC0911; VC_0911,treC,"alpha,alpha-phosphotrehalase",-0.481251253282431,0.292206815213178
VC_RS04540,VC0913; VC_0913,vexG,vibriobactin export RND transporter periplasmic adaptor subunit VexG,0.145506255878026,0.731438937673639
VC_RS04545,VC0914; VC_0914,vexH,vibriobactin export RND transporter permease subunit VexH,0.295646939593454,0.411933941548754
VC_RS04550,VC0916; VC_0916,vpsU,exopolysaccharide regulatory protein-tyrosine phosphatase VpsU,0.510855202455902,0.246073714376128
VC_RS04555,VC0917; VC_0917,vpsA,UDP-N-acetylglucosamine 2-epimerase (non-hydrolyzing) VpsA,-0.116634626297923,0.852103429182609
VC_RS04560,VC0918; VC_0918,vpsB,UDP-N-acetyl-D-mannosamine dehydrogenase VpsB,-0.0374888458686254,0.970109839430874
VC_RS04565,VC0919; VC_0919,vpsC,exopolysaccharide biosynthesis acetyltransferase VpsC,-0.1051695114279,0.891997178607728
VC_RS04570,VC0920; VC_0920,vpsD,exopolysaccharide biosynthesis glycosyltransferase VpsD,-0.255446844798981,0.557917730882169
VC_RS04575,VC0921; VC_0921,vpsE,exopolysaccharide biosynthesis flippase VpsE,0.0022946946767564,0.996601295197505
VC_RS04580,VC0922; VC_0922,vpsF,exopolysaccharide biosynthesis protein VpsF,0.11718450059765,0.818674445454299
VC_RS04585,VC0923; VC_0923,vpsG,exopolysaccharide biosynthesis acetyltransferase VpsG,-0.101351663623169,0.89402419290959
VC_RS04590,VC0924; VC_0924,vpsH,exopolysaccharide biosynthesis protein VpsH,-0.174432370870366,0.789390319019256
VC_RS04595,VC0925; VC_0925,vpsI,exopolysaccharide biosynthesis glycosyltransferase VpsI,-0.0733305670964514,0.89402419290959
VC_RS04600,VC0926; VC_0926,vpsJ,exopolysaccharide biosynthesis protein VpsJ,-0.200926870669739,0.636977277965741
VC_RS04605,VC0927; VC_0927,vpsK,exopolysaccharide biosynthesis glycosyltransferase VpsK,-0.174538011456476,0.709606929676229
VC_RS04610,VC0928; VC_0928,rbmA,RbmA family biofilm matrix protein,0.14491132955266,0.86710694091301
VC_RS04615,VC0929; VC_0929,rbmB,glycosyl hydrolase family 28-related protein,-0.292470509559401,0.687931170306998
VC_RS04620,VC0930; VC_0930,rbmC,beta-prism lectin domain-containing protein,0.178096426062947,0.766768043095429
VC_RS04625,VC0931; VC_0931,rbmD,O-antigen ligase family protein,-0.0671538185672024,0.925243339039547
VC_RS04630,VC0932; VC_0933,rbmEF,hypothetical protein,0.176283234122206,0.845681156552457
VC_RS04635,VC0934; VC_0934,vpsL,exopolysaccharide biosynthesis glycosyltransferase VpsL,-0.0236857477804853,0.97791572103016
VC_RS04640,VC0935; VC_0935,vpsM,exopolysaccharide biosynthesis beta-barrel protein VpsM,-0.0117621256156443,0.992574128686933
VC_RS04645,VC0936; VC_0936,vpsN,exopolysaccharide export protein VpsN,-0.153139980064291,0.83117003178799
VC_RS04650,VC0937; VC_0937,vpsO,exopolysaccharide regulatory tyrosine autokinase VpsO,-0.298502647630491,0.551790377975136
VC_RS04655,VC0938; VC_0938,vpsP,exopolysaccharide biosynthesis protein VpsP,-0.044104994497913,0.972591899046259
VC_RS04660,VC0939; VC_0939,vpsQ,exopolysaccharide biosynthesis protein VpsQ,0.0203685512174567,0.979955555366574
VC_RS04665,VC0940; VC_0940,,YitT family protein,-0.62245191455775,0.407939072763512
VC_RS04670,VC0941; VC_0941,glyA,serine hydroxymethyltransferase,-0.152378454804914,0.73112364652922
VC_RS04675,VC0942; VC_0942,,hypothetical protein,0.031576552531495,0.96390766228262
VC_RS04680,VC0943; VC_0943,lipA,lipoyl synthase,-0.407817155990647,0.421582743744366
VC_RS04685,VC0944; VC_0944,lipB,lipoyl(octanoyl) transferase LipB,-0.305363727434549,0.437164707560492
VC_RS04690,VC0945; VC_0945,ybeD,DUF493 family protein YbeD,-0.121857724765592,0.893658961144639
VC_RS04695,VC0947; VC_0947,,serine hydrolase,-0.0926797882702163,0.903923443781249
VC_RS04700,VC0948; VC_0948,rlpA,septal ring lytic transglycosylase RlpA,-0.208313491152576,0.651144520549828
VC_RS04705,VC0949; VC_0949,mrdB,peptidoglycan glycosyltransferase MrdB,-0.0368069309325577,0.97144927025074
VC_RS04710,VC0950; VC_0950,mrdA,penicillin-binding protein 2,-0.363790136532252,0.86106335449641
VC_RS04715,VC0951; VC_0951,rlmH,23S rRNA (pseudouridine(1915)-N(3))-methyltransferase RlmH,-0.366133495660132,0.282627949877214
VC_RS04720,VC0952; VC_0952,rsfS,ribosome silencing factor,-0.169147860868652,0.784878061394013
VC_RS04725,VC0953; VC_0953,holA,DNA polymerase III subunit delta,0.0342592555136036,0.974861034148083
VC_RS04730,VC0954; VC_0954,lptE,LPS assembly lipoprotein LptE,0.1529929716706,0.695952427188307
VC_RS04735,VC0956; VC_0956,leuS,leucine--tRNA ligase,-0.127545513053062,0.852744635450348
VC_RS04740,VC0957; VC_0957,,zinc ribbon-containing protein,0.159054691293543,0.821919273571301
VC_RS04745,VC0958; VC_0958,lnt,apolipoprotein N-acyltransferase,-0.258228354557101,0.555904723009223
VC_RS04750,VC0959; VC_0959,corC,CNNM family magnesium/cobalt transport protein CorC,0.160469342932161,0.766147947203165
VC_RS04755,VC0960; VC_0960,ybeY,rRNA maturation RNase YbeY,-0.0940367912172136,0.837856073477104
VC_RS04760,VC0961; VC_0961,,PhoH family protein,-0.0899364542099294,0.910718256231403
VC_RS04765,VC0962; VC_0962,miaB,tRNA (N6-isopentenyl adenosine(37)-C2)-methylthiotransferase MiaB,-0.880463173111821,0.153052544183448
VC_RS04770,VC0963; VC_0963,,"2-octaprenyl-3-methyl-6-methoxy-1,4-benzoquinol hydroxylase",-0.0598795785315283,0.911582626943029
VC_RS04775,VC0964; VC_0964,crr,PTS glucose transporter subunit IIA,0.287054596529868,0.619232686937686
VC_RS04780,VC0965; VC_0965,ptsI,phosphoenolpyruvate-protein phosphotransferase PtsI,0.385498990403928,0.364606231730221
VC_RS04785,VC0966; VC_0966,,HPr family phosphocarrier protein,0.314070621838964,0.527316318908886
VC_RS04790,VC0968; VC_0968,cysK,cysteine synthase A,0.795489960251037,0.153052544183448
VC_RS04795,VC0969; VC_0969,cysZ,sulfate transporter CysZ,0.33828151548488,0.401588080635099
VC_RS04800,VC0970; VC_0970,zipA,cell division protein ZipA,0.248519555049027,0.424200071685518
VC_RS04805,VC0971; VC_0971,ligA,NAD-dependent DNA ligase LigA,0.159635458117248,0.59428842247119
VC_RS04810,VC0972; VC_0972,chiP,chitoporin,-0.0878454887242273,0.901262147528013
VC_RS04815,VC0973; VC_0973,,hypothetical protein,0.243180132811266,0.619944287304456
VC_RS04820,VC0974; VC_0974,cueR,Cu(I)-responsive transcriptional regulator,0.387652459852653,0.351159498846484
VC_RS04825,VC0975; VC_0975,,NfeD family protein,0.251936303763227,0.619232686937686
VC_RS04830,VC0976; VC_0976,,SPFH domain-containing protein,-0.0025037509890832,0.998138061296719
VC_RS04835,VC0977; VC_0977,,co-chaperone YbbN,-0.0754525108434852,0.934073097353324
VC_RS04840,VC0979; VC_0979,,SDR family oxidoreductase,-0.871908616005385,0.194341387410718
VC_RS04845,VC0980; VC_0980,,TIGR01777 family oxidoreductase,-0.515425585397056,0.334548740722884
VC_RS04850,VC0981; VC_0981,yfcE,phosphodiesterase,-0.0202372463499226,0.976850199293178
VC_RS04855,VC0982; VC_0982,,SelT/SelW/SelH family protein,0.187679113120469,0.864447971135119
VC_RS04860,VC0983; VC_0983,toxS,transmembrane regulator ToxS,0.332475808990818,0.555840352825495
VC_RS04865,VC0984; VC_0984,,winged helix-turn-helix domain-containing protein,-0.257399846620264,0.577521848491903
VC_RS04870,VC0985; VC_0985,htpG,molecular chaperone HtpG,0.295830321835864,0.687931170306998
VC_RS04875,VC0986; VC_0986,adk,adenylate kinase,-0.168743293087248,0.707533684760716
VC_RS04880,VC0987; VC_0987,hemH,ferrochelatase,-0.256569548624336,0.458283793248426
VC_RS04885,VC0988; VC_0988,dtpA,dipeptide/tripeptide permease DtpA,0.586167736833216,0.577521848491903
VC_RS04890,VC0990; VC_0990,rfaH,transcription/translation regulatory transformer protein RfaH,-0.16351288388736,0.756508196185379
VC_RS04895,VC0991; VC_0991,asnB,asparagine synthase B,-0.100414429211347,0.906014917577604
VC_RS04900,VC0992; VC_0992,,cation:proton antiporter,-0.239961161011028,0.57077207209976
VC_RS04905,VC0993; VC_0993,,DNA-binding transcriptional regulator NagC,-0.177873193489431,0.845536293297349
VC_RS04910,VC0994; VC_0994,nagA,N-acetylglucosamine-6-phosphate deacetylase,-0.84041759268634,0.246073714376128
VC_RS04915,VC0995; VC_0995,nagE,N-acetylglucosamine-specific PTS transporter subunit IIBC,0.279721365856226,0.53681219347668
VC_RS04920,VC0997; VC_0997,glnS,glutamine--tRNA ligase,0.210149265438903,0.605485745299333
VC_RS04925,VC0998; VC_0998,hubP,polar hub landmark protein HubP,-0.0951211292498125,0.80577745302317
VC_RS04930,VC0999; VC_0999,truA,tRNA pseudouridine(38-40) synthase TruA,-0.123421942593237,0.82183316825012
VC_RS04935,VC1000; VC_1000,accD,"acetyl-CoA carboxylase, carboxyltransferase subunit beta",-0.10367508297273,0.856376892634639
VC_RS04940,VC1001; VC_1001,folC,bifunctional tetrahydrofolate synthase/dihydrofolate synthase,-0.154448388382801,0.67130815723853
VC_RS04945,VC1002; VC_1002,,SPOR domain-containing protein,-0.0995186465232982,0.856561804899572
VC_RS04950,VC1003; VC_1003,,CvpA family protein,-0.146900453615695,0.735293066801623
VC_RS04955,VC1004; VC_1004,purF,amidophosphoribosyltransferase,-0.316722836222288,0.454751557723904
VC_RS04960,VC1005; VC_1005,,Na+/H+ antiporter family protein,-0.165179597237429,0.769567297948251
VC_RS04965,VC1006; VC_1006,rnt,ribonuclease T,0.0073253907165804,0.996276522669524
VC_RS04970,VC1008; VC_1008,,flagellar protein MotY,0.551166573812857,0.377912833961916
VC_RS04975,VC1009; VC_1009,,DUF2753 domain-containing protein,-0.286386708628856,0.683715034391
VC_RS04980,VC1010; VC_1010,gloA,lactoylglutathione lyase,-0.301943966696349,0.521073396853259
VC_RS04985,VC1011; VC_1011,nth,endonuclease III,-0.147501523898746,0.707064056795527
VC_RS04990,VC1012; VC_1012,,electron transport complex subunit E,-0.529440520918328,0.655834692464686
VC_RS04995,VC1013; VC_1013,rsxG,electron transport complex subunit RsxG,-0.197648527333295,0.773727135978744
VC_RS05000,VC1014; VC_1014,rsxD,electron transport complex subunit RsxD,-0.150237924228375,0.776125639626383
VC_RS05005,VC1015; VC_1015,rsxC,electron transport complex subunit RsxC,-0.131488473953597,0.673978618412259
VC_RS05010,VC1016; VC_1016,rsxB,electron transport complex subunit RsxB,0.256419867116733,0.743229058722493
VC_RS05015,VC1017; VC_1017,rsxA,electron transport complex subunit RsxA,-0.551884826408938,0.669044523689712
VC_RS05025,VC1018; VC_1018,uvrB,excinuclease ABC subunit UvrB,0.152418652685092,0.671000330083552
VC_RS05030,VC1021; VC_1021,luxO,quorum-sensing sigma-54 dependent transcriptional regulator LuxO,0.189297970388852,0.567474485787857
VC_RS05035,VC1022; VC_1022,luxU,quorum-sensing phosphorelay protein LuxU,0.252661895472093,0.439028040780559
VC_RS05040,VC1023; VC_1023,,YvcK family protein,0.178804541601343,0.899566166540062
VC_RS05045,VC1024; VC_1024,moaA,"GTP 3',8-cyclase MoaA",-0.689707630677404,0.166677777045471
VC_RS05050,VC1025; VC_1025,moaB,molybdenum cofactor biosynthesis protein B,-0.186306699026956,0.60864127033209
VC_RS05055,VC1026; VC_1026,moaC,cyclic pyranopterin monophosphate synthase MoaC,-0.042725461765062,0.959369601938114
VC_RS05060,VC1027; VC_1027,moaD,molybdopterin synthase sulfur carrier subunit,-0.0936267788255378,0.962756718111495
VC_RS05065,VC1028; VC_1028,moaE,molybdopterin synthase catalytic subunit MoaE,-0.160888798962074,0.769567297948251
VC_RS05070,VC1029; VC_1029,,GGDEF domain-containing protein,0.0997609943933167,0.906014917577604
VC_RS05075,VC1031; VC_1031,,CBS domain-containing protein,0.0213436295382105,0.985643903299395
VC_RS05080,VC1033; VC_1033,,zinc/cadmium/mercury/lead-transporting ATPase,0.252597902365076,0.807880946409717
VC_RS05085,VC1034; VC_1034,udp,uridine phosphorylase,0.341297921048867,0.551636270156219
VC_RS05090,VC1035; VC_1035,,hypothetical protein,-0.269237348742322,0.947732134388849
VC_RS05095,VC1036; VC_1036,metG,methionine--tRNA ligase,-0.212094104985155,0.614373190095763
VC_RS05100,VC1037; VC_1037,apbC,iron-sulfur cluster carrier protein ApbC,0.422239303694797,0.246073714376128
VC_RS05105,VC1038; VC_1038,udk,uridine kinase,-0.0644319720380181,0.930358018072619
VC_RS05110,VC1039; VC_1039,,AsmA family protein,0.248396042976954,0.582540941370401
VC_RS05115,VC1040; VC_1040,cobO,"cob(I)yrinic acid a,c-diamide adenosyltransferase",-0.450270227794168,0.434605208818091
VC_RS05120,VC1041; VC_1041,,low molecular weight protein-tyrosine-phosphatase,-0.0152159555167679,0.984314830346354
VC_RS05125,VC1042; VC_1042,,outer membrane protein transport protein,0.341402324124497,0.567474485787857
VC_RS05130,VC1043; VC_1043,,outer membrane protein transport protein,-0.132040522232455,0.80577745302317
VC_RS05135,VC1044; VC_1044,,DUF3379 domain-containing protein,-0.38855944704393,0.829911539904802
VC_RS05140,VC1045; VC_1045,,sigma-70 family RNA polymerase sigma factor,-0.0376728800386395,0.969959307189906
VC_RS05145,VC1046; VC_1046,fadI,acetyl-CoA C-acyltransferase FadI,-0.164875967408393,0.731438937673639
VC_RS05150,VC1047; VC_1047,fadJ,fatty acid oxidation complex subunit alpha FadJ,-0.247402167137968,0.488432873100136
VC_RS05155,VC1048; VC_1048,,NAD(P)H nitroreductase,0.116962615575717,0.819507552807319
VC_RS05160,VC1049; VC_1049,,LysR family transcriptional regulator,0.359282144659614,0.600458302078817
VC_RS05165,VC1050; VC_1050,,response regulator,-0.717123902317074,0.186423062998161
VC_RS05170,VC1052; VC_1052,,YbaN family protein,-0.263079252359469,0.586520781260744
VC_RS05175,VC1053; VC_1053,apt,adenine phosphoribosyltransferase,-0.0006047107054686,0.998639330834673
VC_RS05180,VC1054; VC_1054,dnaX,DNA polymerase III subunit gamma/tau,0.0248941495648677,0.959369601938114
VC_RS05185,VC1055; VC_1055,,YbaB/EbfC family nucleoid-associated protein,-0.0929532938010274,0.847122038075509
VC_RS05190,VC1056; VC_1056,recR,recombination mediator RecR,0.212976104228771,0.573669062616485
VC_RS05195,VC1057; VC_1057,,YkgJ family cysteine cluster protein,-0.271596740772344,0.707533684760716
VC_RS05200,VC1058; VC_1058,,YcgN family cysteine cluster protein,-0.0133003752203898,0.98989430534948
VC_RS05205,VC1059; VC_1059,,YciK family oxidoreductase,-0.162586649653936,0.919976208692626
VC_RS05210,VC1060; VC_1060,sohB,protease SohB,0.304149153171781,0.336247743737923
VC_RS05215,VC1061; VC_1061,,PLP-dependent cysteine synthase family protein,-0.122763142417203,0.912719298707746
VC_RS05220,VC1062; VC_1062,,Lrp/AsnC family transcriptional regulator,0.237826889527008,0.657497549892747
VC_RS05225,VC1063; VC_1063,tesB,acyl-CoA thioesterase II,0.249528376251956,0.829213331986171
VC_RS05230,VC1064; VC_1064,,YbaY family lipoprotein,0.374815169774233,0.531007160071586
VC_RS05235,VC1065; VC_1065,,DNA base-flipping protein,-0.0795348533639719,0.939671369962531
VC_RS05240,VC1066; VC_1066,,hypothetical protein,0.167194465971555,0.815467234744683
VC_RS05245,VC1067; VC_1067,,GGDEF domain-containing protein,-0.227834822282653,0.567474485787857
VC_RS05255,VC1068; VC_1068,,metalloregulator ArsR/SmtB family transcription factor,-2.0508712842701,0.153052544183448
VC_RS05260,VC1069; VC_1069,,ArsJ-associated glyceraldehyde-3-phosphate dehydrogenase,-1.11292485556977,0.153052544183448
VC_RS05265,VC1070; VC_1070,,cyclin-dependent kinase inhibitor 3 family protein,-0.947437337948014,0.166677777045471
VC_RS05270,VC1071; VC_1071,arsJ,organoarsenical effux MFS transporter ArsJ,-1.21723258737814,0.153052544183448
VC_RS05275,VC1073; VC_1073,,glycosyl hydrolase family 18 protein,-0.874817801592212,0.198020836308728
VC_RS05280,VC1074; VC_1074,,CPBP family intramembrane glutamic endopeptidase,0.0325554439694642,0.972591899046259
VC_RS05285,VC1075; VC_1075,,YbhB/YbcL family Raf kinase inhibitor-like protein,0.216836706170389,0.82183316825012
VC_RS05290,VC1076; VC_1076,,helix-turn-helix transcriptional regulator,0.211054211825644,0.709606929676229
VC_RS05295,VC1077; VC_1077,,hypothetical protein,-0.0173228002255522,0.985977258112318
VC_RS05300,VC1079; VC_1079,,L-threonylcarbamoyladenylate synthase,-0.814078898912224,0.153052544183448
VC_RS05305,VC1080; VC_1080,,Hpt domain-containing protein,-0.010154509351544,0.994436317651679
VC_RS05310,VC1081; VC_1081,,HDOD domain-containing protein,0.0023049126663624,0.998616480506812
VC_RS05315,VC1082; VC_1082,,response regulator,0.314843384030137,0.686641783822222
VC_RS05320,VC1083; VC_1083,,chemotaxis protein CheC,0.192684051224444,0.773727135978744
VC_RS05325,VC1084; VC_1084,,sensor histidine kinase,0.383449017657131,0.411933941548754
VC_RS05330,VC1085; VC_1085,,sensor histidine kinase,-0.101734053046966,0.889991853117346
VC_RS05335,VC1086; VC_1086,,EAL domain-containing response regulator,-0.136433089175598,0.856561804899572
VC_RS05340,VC1087; VC_1087,,response regulator,0.202280605897766,0.582540941370401
VC_RS05345,VC1088; VC_1088,,sensor histidine kinase,-0.217145387629217,0.921923611984001
VC_RS05350,VC1089; VC_1089,,phosphate/phosphite/phosphonate ABC transporter substrate-binding protein,0.150372600767731,0.869828472634362
VC_RS05355,VC1091; VC_1091,,ABC transporter substrate-binding protein,0.18254069748132,0.790461871190663
VC_RS05360,VC1092; VC_1092,oppB,oligopeptide ABC transporter permease OppB,0.0068951827440015,0.996601295197505
VC_RS05365,VC1093; VC_1093,oppC,oligopeptide ABC transporter permease OppC,-0.0692529232277165,0.959369601938114
VC_RS05370,VC1094; VC_1094,,ABC transporter ATP-binding protein,-0.0429798266027847,0.964671308207703
VC_RS05375,VC1095; VC_1095,oppF,murein tripeptide/oligopeptide ABC transporter ATP binding protein OppF,0.186924705204374,0.738715781551268
VC_RS05380,VC1096; VC_1096,,glutathione S-transferase family protein,-0.0436781323776321,0.938332983607268
VC_RS05385,VC1097; VC_1097,pta,phosphate acetyltransferase,-0.0119503165754554,0.996276522669524
VC_RS05390,VC1098; VC_1098,,acetate kinase,-0.0997163311949969,0.80577745302317
VC_RS05395,VC1099; VC_1099,yfbV,terminus macrodomain insulation protein YfbV,0.597100308326687,0.159872094610179
VC_RS05400,VC1100; VC_1100,,VF530 family DNA-binding protein,-1.15371604810503,0.153052544183448
VC_RS05405,VC1101; VC_1101,,ABC transporter substrate-binding protein,-0.0257250467864288,0.976850199293178
VC_RS05410,VC1102; VC_1102,,ABC transporter permease,0.005985732260245,0.996460558968022
VC_RS05415,VC1103; VC_1103,,ABC transporter ATP-binding protein,-0.174673152939033,0.815864204692523
VC_RS05420,VC1104; VC_1104,,sensor domain-containing diguanylate cyclase,-0.148106605828572,0.764395127149687
VC_RS05425,VC1105; VC_1105,dusC,tRNA dihydrouridine(16) synthase DusC,-0.322199860232408,0.591736158291934
VC_RS05430,VC1106; VC_1106,,YecA family protein,-0.203235833754823,0.569450681441728
VC_RS05435,VC1107; VC_1107,lolA,outer membrane lipoprotein chaperone LolA,-0.0451694759918116,0.938332983607268
VC_RS05440,VC1108; VC_1108,,replication-associated recombination protein A,0.20303619972072,0.651144520549828
VC_RS05445,VC1110; VC_1110,serS,serine--tRNA ligase,0.265485627387687,0.364980420908949
VC_RS05450,VC1111; VC_1111,bioA,adenosylmethionine--8-amino-7-oxononanoate transaminase,0.468436267787358,0.462128256620988
VC_RS05455,VC1112; VC_1112,bioB,biotin synthase BioB,-0.0714648181520395,0.955979642254165
VC_RS05460,VC1113; VC_1113,bioF,8-amino-7-oxononanoate synthase,0.0294475774943447,0.97791572103016
VC_RS05465,VC1114; VC_1114,bioC,malonyl-ACP O-methyltransferase BioC,-0.147726694067803,0.871956181486649
VC_RS05470,VC1115; VC_1115,bioD,dethiobiotin synthase,0.180570271029525,0.815467234744683
VC_RS05475,VC1117; VC_1117,htpX,protease HtpX,0.24217911231924,0.510731933297445
VC_RS05480,VC1118; VC_1118,,nuclear transport factor 2 family protein,0.36681430360938,0.589053262116937
VC_RS05485,VC1119; VC_1119,,SDR family oxidoreductase,-0.139764679981397,0.845520453834463
VC_RS05490,VC1120; VC_1120,,NAD(P)/FAD-dependent oxidoreductase,-0.328387415485105,0.424200071685518
VC_RS05495,VC1121; VC_1121,,DUF1365 domain-containing protein,-0.557773129323949,0.237238080115854
VC_RS05500,VC1122; VC_1122,,SAM-dependent methyltransferase,-0.370218206405813,0.321465558729618
VC_RS05505,VC1123; VC_1123,,DUF2878 domain-containing protein,-0.259465220152482,0.638059571191933
VC_RS05510,VC1124; VC_1124,,chalcone isomerase family protein,-0.202090082447952,0.868231563729863
VC_RS05515,VC1125; VC_1125,,DUF3833 domain-containing protein,-0.0699819143595465,0.913748111113631
VC_RS05520,VC1126; VC_1126,purB,adenylosuccinate lyase,-0.271314395595197,0.687699882674216
VC_RS05525,VC1127; VC_1127,hflD,high frequency lysogenization protein HflD,-0.343077250592029,0.479610508824276
VC_RS05530,VC1128; VC_1128,mnmA,tRNA 2-thiouridine(34) synthase MnmA,-0.235546300825123,0.51423658603205
VC_RS05535,VC1129; VC_1129,,inosine/guanosine kinase,-0.344323117333293,0.433571205587659
VC_RS05540,VC1130; VC_1130,,H-NS family nucleoid-associated regulatory protein,-0.0391207063941023,0.976850199293178
VC_RS05545,VC1131; VC_1131,,Na+/H+ antiporter NhaC family protein,0.0066205789375803,0.990004564523328
VC_RS05550,VC1132; VC_1132,hisG,ATP phosphoribosyltransferase,0.120500166942694,0.758471227589766
VC_RS05555,VC1133; VC_1133,hisD,histidinol dehydrogenase,-0.0316900629804837,0.959369601938114
VC_RS05560,VC1134; VC_1134,hisC,histidinol-phosphate transaminase,0.0280247047887158,0.955548105355645
VC_RS05565,VC1135; VC_1135,hisB,bifunctional histidinol-phosphatase/imidazoleglycerol-phosphate dehydratase HisB,-0.0238373456628119,0.969959307189906
VC_RS05570,VC1136; VC_1136,hisH,imidazole glycerol phosphate synthase subunit HisH,-0.079098123694893,0.879507644063237
VC_RS05575,VC1137; VC_1137,hisA,1-(5-phosphoribosyl)-5-[(5- phosphoribosylamino)methylideneamino]imidazole-4- carboxamide isomerase,-0.0325477129334873,0.966718282182809
VC_RS05580,VC1138; VC_1138,hisF,imidazole glycerol phosphate synthase subunit HisF,0.157073187528669,0.721012648297316
VC_RS05585,VC1139; VC_1139,hisIE,bifunctional phosphoribosyl-AMP cyclohydrolase/phosphoribosyl-ATP diphosphatase HisIE,0.178675357483811,0.731438937673639
VC_RS05590,VC1140; VC_1140,rluE,23S rRNA pseudouridine(2457) synthase RluE,-1.5967063130101,0.606362561632495
VC_RS05595,VC1141; VC_1141,,NADP-dependent isocitrate dehydrogenase,0.189938108086846,0.567474485787857
VC_RS05600,VC1142; VC_1142,cspD,cold shock domain-containing protein CspD,0.813816196861582,0.424200071685518
VC_RS05605,VC1143; VC_1143,clpS,ATP-dependent Clp protease adapter ClpS,0.22473874031416,0.496676115189952
VC_RS05610,VC1144; VC_1144,clpA,ATP-dependent Clp protease ATP-binding subunit ClpA,0.277760937881467,0.409459539308164
VC_RS05615,VC1145; VC_1145,,aspartate:alanine antiporter,-0.0343329139673816,0.982844643300642
VC_RS05620,VC1146; VC_1146,,GrxA family glutaredoxin,0.0749460277497063,0.894624544448546
VC_RS05625,VC1147; VC_1147,,iron-containing alcohol dehydrogenase,0.336093389567835,0.695952427188307
VC_RS05630,VC1148; VC_1148,,MurR/RpiR family transcriptional regulator,0.184002838668551,0.695637354211207
VC_RS05635,VC1149; VC_1149,panP,pyridoxal-dependent aspartate 1-decarboxylase PanP,-0.184243597472048,0.723789873889135
VC_RS05640,VC1150; VC_1150,,hypothetical protein,-0.07319058701797,0.978229881643942
VC_RS05645,VC1151; VC_1151,,lysine exporter LysO family protein,-0.0802486040438617,0.879507644063237
VC_RS05650,VC1152; VC_1152,,HDOD domain-containing protein,0.209532263199635,0.881255823442072
VC_RS05655,VC1153; VC_1153,,TfoX/Sxy family DNA transformation protein,-0.498406928023632,0.430935937907962
VC_RS05660,VC1154; VC_1154,,hypothetical protein,0.409345143772243,0.43684430441942
VC_RS05665,VC1155; VC_1155,,response regulator,0.11602855009961,0.868845728341971
VC_RS05670,VC1156; VC_1156,,ATP-binding protein,0.0632852707787485,0.972591899046259
VC_RS05675,VC1158; VC_1158,,YdgA family protein,0.23431748473869,0.574430813394851
VC_RS05680,VC1159; VC_1159,serC,3-phosphoserine/phosphohydroxythreonine transaminase,0.0605586670527175,0.946813749331862
VC_RS05685,VC1160; VC_1160,,alpha-L-glutamate ligase-like protein,-0.192163416488115,0.690252653951534
VC_RS05690,VC1161; VC_1161,,inactive transglutaminase family protein,0.072942525235058,0.910718256231403
VC_RS05695,VC1162; VC_1162,,ATP-dependent zinc protease family protein,-0.183683976528403,0.680687274175431
VC_RS05700,VC1163; VC_1163,cmoB,tRNA 5-methoxyuridine(34)/uridine 5-oxyacetic acid(34) synthase CmoB,-0.344260243350065,0.421582743744366
VC_RS05705,VC1164; VC_1164,cmoA,carboxy-S-adenosyl-L-methionine synthase CmoA,-0.381590158689141,0.506135755625279
VC_RS05710,VC1165; VC_1165,,DUF72 domain-containing protein,-0.0608595826346125,0.942028550481046
VC_RS05715,VC1166; VC_1166,aspS,aspartate--tRNA ligase,-0.0291473580777506,0.961740822347628
VC_RS05720,VC1167; VC_1167,,thymidine kinase,0.161822483765932,0.723789873889135
VC_RS05725,VC1168; VC_1168,,dicarboxylate/amino acid:cation symporter,-0.0004774503397803,0.998931849616408
VC_RS05730,VC1169; VC_1169,trpA,tryptophan synthase subunit alpha,0.36973038652235,0.869828472634362
VC_RS05735,VC1170; VC_1170,trpB,tryptophan synthase subunit beta,-0.0541804257393676,0.976850199293178
VC_RS05740,VC1171; VC_1171,trpCF,bifunctional indole-3-glycerol-phosphate synthase TrpC/phosphoribosylanthranilate isomerase TrpF,0.666907083058177,0.247072446260747
VC_RS05745,VC1172; VC_1172,trpD,anthranilate phosphoribosyltransferase,0.650074801463531,0.456191135303622
VC_RS05750,VC1173; VC_1173,,aminodeoxychorismate/anthranilate synthase component II,0.772799274999661,0.401532030915763
VC_RS05755,VC1174; VC_1174,,anthranilate synthase component 1,0.434560705804862,0.562269094692386
VC_RS05760,VC_1176,,hypothetical protein,0.334908253229757,0.576044724616295
VC_RS05765,VC1177; VC_1177,,RNase RNM,-0.355852300163937,0.342689686257902
VC_RS05770,VC1178; VC_1178,,L-threonylcarbamoyladenylate synthase,-0.320348748353714,0.543056946452676
VC_RS05775,VC1179; VC_1179,rluB,23S rRNA pseudouridine(2605) synthase RluB,-0.225570340685697,0.502086254699709
VC_RS05780,VC1180; VC_1180,cydC,heme ABC transporter ATP-binding protein/permease CydC,-0.0027942348014938,0.996601295197505
VC_RS05785,VC1181; VC_1181,cydD,heme ABC transporter permease/ATP-binding protein CydD,-0.0596152154902516,0.966718282182809
VC_RS05790,VC1182; VC_1182,trxB,thioredoxin-disulfide reductase,0.671912268371814,0.411933941548754
VC_RS05795,VC1183; VC_1183,,2OG-Fe dioxygenase family protein,0.0949960323033483,0.888780234967802
VC_RS05800,VC1184; VC_1184,,cysteine desulfurase-like protein,0.290162218807647,0.543950393943224
VC_RS05805,VC1185; VC_1185,,GGDEF domain-containing protein,-0.273982211112448,0.764395127149687
VC_RS05810,VC1186; VC_1186,,SanA/YdcF family protein,0.177642311045133,0.885510476593295
VC_RS05815,VC1187; VC_1187,,DUF3392 domain-containing protein,0.0922141654671555,0.95140049971321
VC_RS05820,VC1188; VC_1188,,NAD-dependent malic enzyme,0.153450885935385,0.672816925085196
VC_RS05825,VC1189; VC_1189,,hypothetical protein,0.708929680110347,0.234631588220406
VC_RS05830,VC1190; VC_1190,purC,phosphoribosylaminoimidazolesuccinocarboxamide synthase,-0.55219407212268,0.303146293534605
VC_RS05835,VC1191; VC_1191,,hypothetical protein,-0.254108603749859,0.697640711554552
VC_RS05840,VC1193; VC_1193,,hypothetical protein,-0.260197890215068,0.82183316825012
VC_RS05845,VC1194; VC_1194,,J domain-containing protein,-0.174173328849024,0.663482246041155
VC_RS05850,VC1195; VC_1195,,OmpA family protein,-0.0330528892521855,0.976850199293178
VC_RS05855,VC1196; VC_1196,,DUF2786 domain-containing protein,0.619663738147878,0.527487062277932
VC_RS05860,VC1197; VC_1197,,DUF3334 family protein,0.278768062892913,0.707064056795527
VC_RS05865,VC1198; VC_1198,,D-2-hydroxyglutarate dehydrogenase YdiJ,0.199630167069281,0.635489163174698
VC_RS05870,VC1199; VC_1199,,methyltransferase family protein,0.180868194000695,0.793943227478428
VC_RS05875,VC1200; VC_1200,vesB,GlyGly-anchored extracellular serine protease VesB,0.238620229719946,0.490653670097172
VC_RS05880,VC1201; VC_1201,,DUF3581 domain-containing protein,-0.283029970318157,0.476169963216517
VC_RS05885,VC1202; VC_1202,hutH,histidine ammonia-lyase,0.432731574038552,0.403335438289908
VC_RS05890,VC1203; VC_1203,hutU,urocanate hydratase,0.383158256496467,0.506135755625279
VC_RS05895,VC1204; VC_1204,hutG,formimidoylglutamase,-0.126922457682474,0.872417325879609
VC_RS05900,VC1205; VC_1205,hutI,imidazolonepropionase,-0.232434225253352,0.651144520549828
VC_RS05905,VC1206; VC_1206,hutC,histidine utilization repressor,-0.517528167402608,0.345699121871215
VC_RS05910,VC1207; VC_1207,,DUF3187 family protein,0.0890076873888274,0.93012642895418
VC_RS05915,VC1208; VC_1208,,HI1450 family dsDNA-mimic protein,0.275306328912997,0.818674445454299
VC_RS05920,VC1209; VC_1209,yeiP,elongation factor P-like protein YeiP,-0.140031577172021,0.80577745302317
VC_RS05925,VC1210; VC_1210,,nucleotidyltransferase domain-containing protein,0.171990426005084,0.651011297132495
VC_RS05930,VC1211; VC_1211,,PTS sugar transporter subunit IIC/EAL domain-containing protein,-0.0700068091205809,0.890609320780028
VC_RS05935,VC1212; VC_1212,,DNA polymerase II,-0.249065687271794,0.4441191336597
VC_RS05940,VC1213; VC_1213,uvrY,UvrY/SirA/GacA family response regulator transcription factor,-0.0511856919319753,0.921923611984001
VC_RS05945,VC1214; VC_1214,uvrC,excinuclease ABC subunit UvrC,-0.393436286309398,0.297326645696856
VC_RS05950,VC1215; VC_1215,pgsA,CDP-diacylglycerol--glycerol-3-phosphate 3-phosphatidyltransferase,0.347375139109152,0.320536946562546
VC_RS05975,VC1216; VC_1216,,GGDEF domain-containing protein,0.0559299527363916,0.969959307189906
VC_RS05980,VC1217; VC_1217,,GNAT family N-acetyltransferase,0.140815697034602,0.947732134388849
VC_RS05985,VC1219; VC_1219,pheS,phenylalanine--tRNA ligase subunit alpha,-0.0018680249795451,0.996601295197505
VC_RS05990,VC1220; VC_1220,pheT,phenylalanine--tRNA ligase subunit beta,0.177200269693874,0.619232686937686
VC_RS05995,VC1222; VC_1222,ihfA,integration host factor subunit alpha,0.118400300869793,0.716189962750185
VC_RS06000,VC1224; VC_1224,relV,(p)ppGpp synthetase RelV,0.89924245711167,0.65955053473938
VC_RS06005,VC1226; VC_1226,,thiopurine S-methyltransferase,-0.40102234611155,0.285357673665722
VC_RS06010,VC1228; VC_1228,purT,phosphoribosylglycinamide formyltransferase 2,-0.212668785423688,0.701625474953517
VC_RS06015,VC1229; VC_1229,,AEC family transporter,-0.52578377604148,0.271635781152787
VC_RS06020,VC1231; VC_1231,cdd,cytidine deaminase,-0.0575594514272297,0.96390766228262
VC_RS06025,VC1232; VC_1232,,LrgB family protein,0.538717546428426,0.321465558729618
VC_RS06030,VC1233; VC_1233,,CidA/LrgA family protein,0.0343203671807061,0.964783073910097
VC_RS06035,VC1234; VC_1234,sbcB,exodeoxyribonuclease I,-0.0418267543255867,0.975691509517976
VC_RS06040,VC1235; VC_1235,,L-cystine transporter,0.632338236343885,0.345517184133735
VC_RS06045,VC1236; VC_1236,msrB,peptide-methionine (R)-S-oxide reductase MsrB,-0.0245051395015379,0.976850199293178
VC_RS06050,VC1237; VC_1237,cobT,nicotinate-nucleotide--dimethylbenzimidazole phosphoribosyltransferase,-0.235383765589566,0.619232686937686
VC_RS06055,VC1238; VC_1238,,adenosylcobinamide-GDP ribazoletransferase,-0.117816618490789,0.856376892634639
VC_RS06060,VC1239; VC_1239,cobU,bifunctional adenosylcobinamide kinase/adenosylcobinamide-phosphate guanylyltransferase,0.0469118588046719,0.955358627246211
VC_RS06065,VC1240; VC_1240,,histidine phosphatase family protein,-0.185879622576636,0.680687274175431
VC_RS06070,VC1242; VC_1242,,succinylglutamate desuccinylase,-0.186081140384823,0.669324746127728
VC_RS06075,VC1244; VC_1244,btuC,vitamin B12 ABC transporter permease BtuC,-0.0058391634095784,0.991451891356219
VC_RS06080,VC1245; VC_1245,btuD,vitamin B12 ABC transporter ATP-binding protein BtuD,-0.0540375558206935,0.917912027024957
VC_RS06085,VC1246; VC_1246,,nucleoside triphosphate pyrophosphohydrolase family protein,-0.157270969754832,0.874356091405591
VC_RS06090,VC1247; VC_1247,,DUF2750 domain-containing protein,0.0959585417347115,0.856376892634639
VC_RS06095,VC1248; VC_1248,,methyl-accepting chemotaxis protein,0.0218181740867678,0.992412263287078
VC_RS06100,VC1249; VC_1249,,glycine cleavage system protein R,0.0980401818313544,0.947732134388849
VC_RS06105,VC1250; VC_1250,,DUF3943 domain-containing protein,0.183648544098673,0.934472771894245
VC_RS06110,VC1252; VC_1252,,CinA family nicotinamide mononucleotide deamidase-related protein,0.327657678977372,0.398611838786269
VC_RS06115,,,hypothetical protein,0.331789884184192,0.294693793816755
VC_RS06120,VC1254; VC_1254,yfaE,class I ribonucleotide reductase maintenance protein YfaE,0.492809531472754,0.495711314188993
VC_RS06125,VC1255; VC_1255,nrdB,class Ia ribonucleoside-diphosphate reductase subunit beta,-0.162420273459818,0.721012648297316
VC_RS06130,VC1256; VC_1256,nrdA,class 1a ribonucleoside-diphosphate reductase subunit alpha,-0.168401965847599,0.833647705727986
VC_RS06135,VC1257; VC_1257,ubiG,bifunctional 2-polyprenyl-6-hydroxyphenol methylase/3-demethylubiquinol 3-O-methyltransferase UbiG,0.0510683884952218,0.934472771894245
VC_RS06140,VC1258; VC_1258,gyrA,DNA topoisomerase (ATP-hydrolyzing) subunit A,0.0891545253243169,0.819507552807319
VC_RS06145,VC1259; VC_1259,,rhodanese-related sulfurtransferase,-0.400340019358592,0.51423658603205
VC_RS06150,VC1260; VC_1260,,helix-turn-helix domain-containing protein,0.0057762541321435,0.993536400914619
VC_RS06155,VC1261; VC_1261,,sugar efflux transporter,-0.146718945832568,0.867066995188759
VC_RS06160,VC1263; VC_1263,ribA,GTP cyclohydrolase II,0.344481025976357,0.439028040780559
VC_RS06165,VC1264; VC_1264,,imelysin family protein,-0.482792780935193,0.186423062998161
VC_RS06170,VC1265; VC_1265,,di-heme oxidoredictase family protein,-0.0520212405200054,0.906014917577604
VC_RS06175,VC1266; VC_1266,,imelysin family protein,-0.0371692076913149,0.934347459040164
VC_RS06180,VC1267; VC_1267,,DUF1513 domain-containing protein,-0.183019976392908,0.651144520549828
VC_RS06185,VC1268; VC_1268,,"L,D-transpeptidase family protein",-0.00022147755304,0.998931849616408
VC_RS06190,VC1269; VC_1269,,DUF882 domain-containing protein,-0.17631179715265,0.663772515389162
VC_RS06195,VC1270; VC_1270,,MBL fold metallo-hydrolase,-0.146620470673623,0.695952427188307
VC_RS06200,VC1271; VC_1271,,DUF2982 domain-containing protein,-0.610498201503012,0.336358765495488
VC_RS06205,VC1272; VC_1272,,hypothetical protein,-0.383506869799061,0.496676115189952
VC_RS06210,VC1273; VC_1273,,TRAP transporter substrate-binding protein,-0.081662995718131,0.949019772010809
VC_RS06215,VC1274; VC_1274,,TRAP transporter small permease subunit,0.43152549423182,0.321465558729618
VC_RS06220,VC1275; VC_1275,,TRAP transporter large permease,0.271509844953844,0.506733842510289
VC_RS06225,VC1276; VC_1276,,cache domain-containing protein,-0.154180051928275,0.771237928789747
VC_RS06230,VC1277; VC_1277,,response regulator transcription factor,0.161491396886986,0.731438937673639
VC_RS06235,VC1278; VC_1278,,MarR family winged helix-turn-helix transcriptional regulator,0.341481368103043,0.641683293104055
VC_RS06240,VC1279; VC_1279,,BCCT family transporter,-1.1500346084568,0.245747438999619
VC_RS06245,VC1280; VC_1280,cod,chitin oligosaccharide deacetylase,-0.566878713310397,0.721012648297316
VC_RS06250,VC1281; VC_1281,,PTS sugar transporter subunit IIB,-0.296446645771064,0.737073615477641
VC_RS06255,VC1282; VC_1282,,PTS sugar transporter subunit IIC,-1.32196263871171,0.153052544183448
VC_RS06260,VC1283; VC_1283,,PTS lactose/cellobiose transporter subunit IIA,-1.3942493396314,0.234631588220406
VC_RS06265,VC1284; VC_1284,,6-phospho-beta-glucosidase,-0.477355566318714,0.321465558729618
VC_RS06270,VC1285; VC_1285,chbG,chitin disaccharide deacetylase,-0.483798650651581,0.378871326893348
VC_RS06275,VC1286; VC_1286,,LacI family DNA-binding transcriptional regulator,-0.203431381980181,0.651144520549828
VC_RS06280,VC1287; VC_1287,mdoH,glucans biosynthesis glucosyltransferase MdoH,-0.325808599860958,0.725677112776993
VC_RS06285,VC1288; VC_1288,,glucan biosynthesis protein G,-0.160017517092022,0.935365155740992
VC_RS06290,VC1289; VC_1289,,methyl-accepting chemotaxis protein,-0.0770447962231034,0.848129865358703
VC_RS06295,VC1290; VC_1290,,3'-5' exonuclease,-0.283402719379792,0.412061780232638
VC_RS06300,VC1291; VC_1291,,CBS domain-containing protein,-0.128077723155036,0.83117003178799
VC_RS06305,VC1293; VC_1293,,amino acid aminotransferase,0.152770891948479,0.841782757192672
VC_RS06310,VC1295; VC_1295,,HD-GYP domain-containing protein,-0.250733429813933,0.80577745302317
VC_RS06315,VC1296; VC_1296,thiD,bifunctional hydroxymethylpyrimidine kinase/phosphomethylpyrimidine kinase,0.0128334484309476,0.979522793718208
VC_RS06320,VC1297; VC_1297,asnS,asparagine--tRNA ligase,0.0058226153352614,0.996276522669524
VC_RS06325,VC1298; VC_1298,,methyl-accepting chemotaxis protein,-0.0253778907141431,0.969959307189906
VC_RS06330,VC1299; VC_1299,queD,6-carboxytetrahydropterin synthase QueD,-0.58463342252376,0.337269020647642
VC_RS06335,VC1300; VC_1300,,L-serine ammonia-lyase,0.232021413984834,0.777213303153342
VC_RS06340,VC1301; VC_1301,,serine transporter,0.0681742732686245,0.964671308207703
VC_RS06345,VC1302; VC_1302,,CoA pyrophosphatase,-0.775796796263743,0.220979893965504
VC_RS06350,VC1303; VC_1303,pabB,aminodeoxychorismate synthase component 1,-0.125331897474221,0.818674445454299
VC_RS06355,VC1304; VC_1304,,fumarate hydratase,0.118938501113563,0.789390319019256
VC_RS06360,VC1305; VC_1305,,hypothetical protein,0.602714881404807,0.377912833961916
VC_RS06365,VC1306; VC_1306,,YcjX family protein,-0.168001107134847,0.604667991530371
VC_RS06370,VC1307; VC_1307,,YcjF family protein,-0.0734852618476199,0.910718256231403
VC_RS06375,VC1308; VC_1308,tyrR,transcriptional regulator TyrR,-0.18436895996799,0.503789544157295
VC_RS06380,VC1309; VC_1309,rimJ,ribosomal protein S5-alanine N-acetyltransferase,-0.346083089907084,0.247072446260747
VC_RS06385,VC1310; VC_1310,,DUF2947 domain-containing protein,-0.0534016492636057,0.941350552784345
VC_RS06390,VC1311; VC_1311,,EamA family transporter,-0.0127146968342342,0.982844643300642
VC_RS06395,VC1312; VC_1312,alr,alanine racemase,-0.606073459762507,0.227838909277754
VC_RS06400,VC1313; VC_1313,,methyl-accepting chemotaxis protein,-0.865193988126131,0.187616988499051
VC_RS06405,VC1314; VC_1314,,SLC13 family permease,0.197243350701901,0.890862630265821
VC_RS06410,VC1315; VC_1315,,sensor histidine kinase,0.824646585143101,0.421582743744366
VC_RS06415,VC1316; VC_1316,,response regulator,1.09743923110388,0.327860501638027
VC_RS06420,VC1317; VC_1317,,VirK/YbjX family protein,-0.471645315756683,0.421582743744366
VC_RS06425,VC1318; VC_1318,ompV,outer membrane protein OmpV,-0.0669675461846889,0.972591899046259
VC_RS06430,VC1319; VC_1319,carS,histidine kinase CarS,-0.116894440565455,0.852103429182609
VC_RS06435,VC1320; VC_1320,carR,response regulator transcription factor CarR,-0.04689639156667,0.955358627246211
VC_RS06440,VC1321; VC_1321,,transglycosylase domain-containing protein,-0.359497838802899,0.334548740722884
VC_RS06445,VC1322; VC_1322,nqrM,(Na+)-NQR maturation NqrM,-0.0870468307998515,0.956714753981206
VC_RS06450,VC1323; VC_1323,,NifB/NifX family molybdenum-iron cluster-binding protein,0.614290245358861,0.514204661064633
VC_RS06455,VC1325; VC_1325,mglB,galactose/glucose ABC transporter substrate-binding protein MglB,-0.8591893191067,0.323328955425655
VC_RS06460,VC1327; VC_1327,mglA,galactose/methyl galactoside ABC transporter ATP-binding protein MglA,-0.580335330344548,0.463868949261808
VC_RS06465,VC1328; VC_1328,mglC,galactose/methyl galactoside ABC transporter permease MglC,-0.376459383255895,0.582540941370401
VC_RS06470,VC1329; VC_1329,,outer membrane protein,-0.393218246084713,0.681380440080012
VC_RS06475,VC1330; VC_1330,,DUF1460 domain-containing protein,0.239948716447194,0.600458302078817
VC_RS06480,VC1332; VC_1332,,tripartite tricarboxylate transporter permease,-0.0329335106231136,0.982844643300642
VC_RS06485,VC1333; VC_1333,,tripartite tricarboxylate transporter TctB family protein,-0.170204173315566,0.899566166540062
VC_RS06490,VC1334; VC_1334,,tripartite tricarboxylate transporter substrate binding protein,-0.400075694828876,0.729305003091408
VC_RS06495,VC1335; VC_1335,,GntR family transcriptional regulator,0.0221793193864706,0.97791572103016
VC_RS06500,VC1336; VC_1336,prpB,methylisocitrate lyase,0.15257138986748,0.788078355892184
VC_RS06505,VC1337; VC_1337,prpC,bifunctional 2-methylcitrate synthase/citrate synthase,0.137727331054938,0.818543438603464
VC_RS06510,VC1338; VC_1338,acnD,Fe/S-dependent 2-methylisocitrate dehydratase AcnD,-0.0452166977899422,0.955497619431982
VC_RS06515,VC1339; VC_1339,prpF,2-methylaconitate cis-trans isomerase PrpF,-0.0212945471477479,0.976850199293178
VC_RS06520,VC1340; VC_1340,,propionyl-CoA synthetase,-0.0652637691219236,0.946830667109266
VC_RS06525,VC1341; VC_1341,,GNAT family N-acetyltransferase,-0.307617228544822,0.642379694783304
VC_RS06530,VC1342; VC_1342,,bifunctional NUDIX hydrolase/phosphatase PAP2 family protein,-0.312575100607206,0.430935937907962
VC_RS06535,VC1343; VC_1343,,tripeptidase T,0.725076617596787,0.491931248404258
VC_RS06540,VC1344; VC_1344,hppD,4-hydroxyphenylpyruvate dioxygenase,-0.224098015313237,0.651255474150517
VC_RS06545,VC1345; VC_1345,,"homogentisate 1,2-dioxygenase",-0.306692810640781,0.412905826583131
VC_RS06550,VC1346; VC_1346,,fumarylacetoacetate hydrolase family protein,0.323830777491195,0.44643802987078
VC_RS06555,VC1347; VC_1347,maiA,maleylacetoacetate isomerase,0.173840589548412,0.735293066801623
VC_RS06560,VC1348; VC_1348,,response regulator,0.204274768283659,0.749313440753366
VC_RS06565,VC1349; VC_1349,,PAS domain-containing hybrid sensor histidine kinase/response regulator,0.32305670625128,0.32601651292288
VC_RS06570,VC1350; VC_1350,,peroxiredoxin,0.205646722122113,0.788063302344719
VC_RS06575,VC1353; VC_1353,,ligand-binding sensor domain-containing protein,-0.0623786481160184,0.912535435071331
VC_RS06580,VC1354; VC_1354,,class I SAM-dependent methyltransferase,-0.143469309508106,0.793815402889684
VC_RS06585,VC1355; VC_1355,yccX,acylphosphatase,-0.0366722217191046,0.974342853295968
VC_RS06590,VC1356; VC_1356,,TusE/DsrC/DsvC family sulfur relay protein,-0.356227376414975,0.557917730882169
VC_RS06595,VC1358; VC_1358,,Bax inhibitor-1/YccA family protein,0.692391842132367,0.273742645869346
VC_RS06600,VC1359; VC_1359,,amino acid ABC transporter ATP-binding protein,0.126748472559816,0.829213331986171
VC_RS06605,VC1360; VC_1360,,amino acid ABC transporter permease,-0.147481958443475,0.842054806439778
VC_RS06610,VC1361; VC_1361,,amino acid ABC transporter permease,-0.0597851876170332,0.96935964689766
VC_RS06615,VC1362; VC_1362,,amino acid ABC transporter substrate-binding protein,-0.198832833881619,0.829213331986171
VC_RS06620,VC1363; VC_1363,,precorrin-2 dehydrogenase/sirohydrochlorin ferrochelatase family protein,0.128961708155071,0.707064056795527
VC_RS06625,VC1364; VC_1364,,Cof-type HAD-IIB family hydrolase,-0.291113024572135,0.32601651292288
VC_RS06630,VC1365; VC_1365,queE,7-carboxy-7-deazaguanine synthase QueE,-0.216500531989571,0.695952427188307
VC_RS06635,VC1366; VC_1366,queC,7-cyano-7-deazaguanine synthase QueC,-0.325447450654713,0.543950393943224
VC_RS06640,VC1367; VC_1367,,tetratricopeptide repeat-containing diguanylate cyclase,-0.0010400994381214,0.998639330834673
VC_RS06645,VC1368; VC_1368,,hypothetical protein,0.196302328295183,0.870088752780773
VC_RS06650,VC1369; VC_1369,,ABC transporter substrate-binding protein,-0.138315965883227,0.910984826460888
VC_RS06655,VC1370; VC_1370,,GGDEF domain-containing protein,0.0092199857182858,0.992412263287078
VC_RS06660,VC1371; VC_1371,,hypothetical protein,-0.494128079646591,0.421582743744366
VC_RS06665,VC1372; VC_1372,,GGDEF domain-containing protein,0.335440104646629,0.418050554203646
VC_RS06670,VC1373; VC_1373,,Hsp70 family protein,-0.317639637660836,0.619232686937686
VC_RS06675,VC1374; VC_1374,,Hsp70 family protein,-0.360901436942565,0.517631837680018
VC_RS06680,VC1375; VC_1375,,DUF2760 domain-containing protein,-0.204633776419282,0.771237928789747
VC_RS06685,VC1376; VC_1376,,diguanylate cyclase,0.0938950325583267,0.86143068592061
VC_RS06690,VC1377; VC_1377,,3'-5' exonuclease,0.0378939213135079,0.964783073910097
VC_RS06695,VC1379; VC_1379,,TerB family tellurite resistance protein,0.123153115728732,0.89402419290959
VC_RS06700,VC1380; VC_1380,,hypothetical protein,-0.391648114692928,0.398611838786269
VC_RS06705,VC1382; VC_1382,hrpA,ATP-dependent RNA helicase HrpA,-0.123774314975156,0.680687274175431
VC_RS06710,VC1384; VC_1384,,outer membrane beta-barrel protein,0.415510433312555,0.458283793248426
VC_RS06715,VC1386; VC_1386,yegD,molecular chaperone,0.125634474189396,0.782094582761403
VC_RS06720,VC1388; VC_1388,,lipoate--protein ligase A,-0.201289031139327,0.563925427456415
VC_RS06725,VC1389; VC_1389,,DUF2256 domain-containing protein,0.261407469739328,0.852524392775735
VC_RS06730,VC1390; VC_1390,,LysR family transcriptional regulator,-0.0897033562271802,0.879507644063237
VC_RS06735,VC1391; VC_1391,,MDR family MFS transporter,0.315669313201017,0.402251629162531
VC_RS06740,VC1392; VC_1392,,cryptochrome/deoxyribodipyrimidine photo-lyase family protein,0.244598323018091,0.567474485787857
VC_RS06745,VC1393; VC_1393,,DMT family transporter,-0.145252932197691,0.707533684760716
VC_RS06750,VC1394; VC_1394,,methyl-accepting chemotaxis protein,0.0674298448138064,0.942422909469601
VC_RS06755,VC1395; VC_1395,,response regulator,-0.243548942723282,0.838673000697912
VC_RS06760,VC1396; VC_1396,,hypothetical protein,0.148183713914797,0.962756718111495
VC_RS06765,VC1397; VC_1397,,chemotaxis protein CheA,-0.108071489908483,0.910226354127378
VC_RS06770,VC1398; VC_1398,,response regulator,-0.308639728656831,0.824374780118783
VC_RS06775,VC1399; VC_1399,,CheR family methyltransferase,0.221295413099338,0.86143068592061
VC_RS06780,VC1400; VC_1400,,HEAT repeat domain-containing protein,-0.618425591064746,0.524235340903126
VC_RS06785,VC1401; VC_1401,cheB,chemotaxis protein CheB,-0.065985023220132,0.958224623430428
VC_RS06790,VC1402; VC_1402,,chemotaxis protein CheW,-0.327190723272315,0.571624107112985
VC_RS06795,VC1403; VC_1403,,methyl-accepting chemotaxis protein,0.584922721642659,0.320175641337349
VC_RS06800,VC1405; VC_1405,,methyl-accepting chemotaxis protein,0.0562052923841949,0.925243339039547
VC_RS06810,VC1407; VC_1407,,DEAD/DEAH box helicase,-0.170814492211889,0.655768894980502
VC_RS06815,VC1408; VC_1408,vceR,TetR family multidrug efflux transcriptional regulator VceR,0.395177152767706,0.357685556116734
VC_RS06820,VC1409; VC_1409,vceC,multidrug efflux MFS transporter outer membrane subunit VceC,0.0637689872919864,0.924785013560035
VC_RS06825,VC1410; VC_1410,vceA,multidrug efflux MFS transporter adaptor subunit VceA,-0.0142779618815373,0.988292855124567
VC_RS06830,VC1411; VC_1411,vceB,multidrug efflux MFS transporter permease subunit VceB,0.10576538729051,0.851707294739421
VC_RS06835,VC1413; VC_1413,,methyl-accepting chemotaxis protein,-0.150259797617234,0.817556996285848
VC_RS06840,VC1414; VC_1414,,carboxypeptidase M32,-0.0241353820571068,0.970504956377046
VC_RS06845,VC1415; VC_1415,hcp-2,type VI secretion system effector Hcp-2,0.574209609064454,0.321465558729618
VC_RS06850,VC1416; VC_1416,tssI,type VI secretion system tip protein TssI/VgrG,-0.0271648646063312,0.966718282182809
VC_RS06855,VC1417; VC_1417,,DUF4123 domain-containing protein,0.214328548452729,0.735293066801623
VC_RS06860,VC1418; VC_1418,tseL,type VI secretion system toxin TseL,0.257005001337481,0.701715982796404
VC_RS06865,VC1419; VC_1419,tsiV1,type VI secretion system immunity protein TsiV1,0.412600713294076,0.517631837680018
VC_RS06870,VC1420; VC_1420,,DUF2931 family protein,0.0266201833577592,0.976850199293178
VC_RS06875,VC1421; VC_1421,,LysE family translocator,0.306163806545885,0.510250434812445
VC_RS06880,VC1422; VC_1422,,alanine/glycine:cation symporter family protein,0.277624539508393,0.504816892045539
VC_RS06885,VC1423; VC_1423,,chromosome segregation ATPase,0.321829493852677,0.543056946452676
VC_RS06890,VC1424; VC_1424,,extracellular solute-binding protein,-0.240970981381997,0.572229729598548
VC_RS06895,VC1425; VC_1425,,extracellular solute-binding protein,-0.42768618966648,0.327175283559817
VC_RS06900,VC1426; VC_1426,potC,spermidine/putrescine ABC transporter permease PotC,-0.231028278215166,0.589597106600427
VC_RS06905,VC1427; VC_1427,potB,spermidine/putrescine ABC transporter permease PotB,-0.543450248748442,0.166677777045471
VC_RS06910,VC1428; VC_1428,potA,spermidine/putrescine ABC transporter ATP-binding protein PotA,-0.347686992947941,0.296804329079094
VC_RS06915,VC1429; VC_1429,,hypothetical protein,-0.0584014506317172,0.910226354127378
VC_RS06920,VC1430; VC_1430,,glucosaminidase domain-containing protein,0.0814523802915796,0.852103429182609
VC_RS06925,VC1431; VC_1431,,DUF2987 domain-containing protein,-0.215258120741461,0.571481073220834
VC_RS06930,VC1432; VC_1432,ttcA,tRNA 2-thiocytidine(32) synthetase TtcA,-0.273296610993072,0.695952427188307
VC_RS06935,VC1433; VC_1433,uspE,universal stress protein UspE,0.103727185149545,0.904382548821427
VC_RS06940,VC1434; VC_1434,,FNR family transcription factor,0.626652100477469,0.237810837252549
VC_RS06945,VC1435; VC_1435,,sulfite exporter TauE/SafE family protein,0.0940362339039066,0.839848465517868
VC_RS06950,VC1436; VC_1436,ccoS,cbb3-type cytochrome oxidase assembly protein CcoS,-0.426547754654468,0.590140244188227
VC_RS06955,VC1437; VC_1437,,heavy metal translocating P-type ATPase,-0.439492742056248,0.223722966929671
VC_RS06960,VC1438; VC_1438,,FixH family protein,-0.151787335205294,0.744104533977394
VC_RS06965,VC1439; VC_1439,ccoP,"cytochrome-c oxidase, cbb3-type subunit III",0.0682074952173139,0.901262147528013
VC_RS06970,VC1440; VC_1440,,CcoQ/FixQ family Cbb3-type cytochrome c oxidase assembly chaperone,-0.123613132491548,0.834329613025179
VC_RS06975,VC1441; VC_1441,ccoO,"cytochrome-c oxidase, cbb3-type subunit II",0.0469897560226933,0.958652008607196
VC_RS06980,VC1442; VC_1442,ccoN,"cytochrome-c oxidase, cbb3-type subunit I",0.0029390838527886,0.996601295197505
VC_RS06985,VC1443; VC_1443,,hypothetical protein,0.529371484460994,0.245747438999619
VC_RS06990,VC1444; VC_1444,,FIST signal transduction protein,-0.0989081020378803,0.834329613025179
VC_RS06995,VC1445; VC_1445,,ATP-binding protein,0.0958537508595834,0.859477507878017
VC_RS07000,VC1446; VC_1446,,type I secretion system permease/ATPase,-0.510380579631408,0.238851400071902
VC_RS07005,VC1447; VC_1447,,HlyD family type I secretion periplasmic adaptor subunit,-0.766291741297145,0.244237287322497
VC_RS07010,VC1448; VC_1448,rtxB,RTX toxin T1SS ABC transporter subunit RtxB,-0.350905710572582,0.600458302078817
VC_RS07015,VC1449; VC_1449,,hypothetical protein,-0.366039259096001,0.411933941548754
VC_RS07020,VC1450; VC_1450,rtxC,RTX toxin-activating lysine-acyltransferase RtxC,0.0926058537405844,0.89402419290959
VC_RS07025,VC1451; VC_1451,rtxA,MARTX multifunctional-autoprocessing repeats-in-toxin holotoxin RtxA,-0.214640802666313,0.551636270156219
VC_RS07030,VC1452; VC_1452,,RstC protein,0.31499672398046,0.721012648297316
VC_RS07035,VC1453; VC_1453,,hypothetical protein,-0.221423982128118,0.710854770296853
VC_RS07040,VC1454; VC_1454,,replication initiation factor domain-containing protein,-0.127750636678334,0.901262147528013
VC_RS07045,VC1455; VC_1455,rstR,transcriptional repressor RstR,-0.126038533122084,0.89457813502859
VC_RS07050,VC1456; VC_1456,ctxB,cholera enterotoxin binding subunit CtxB,0.840662258215509,0.364606231730221
VC_RS07055,VC1457; VC_1457,ctxA,cholera enterotoxin catalytic subunit CtxA,0.0965721557033472,0.859291303776041
VC_RS07060,VC1458; VC_1458,zot,zonula occludens toxin ZOT,-0.134668547027261,0.835354784234102
VC_RS07065,VC1459; VC_1459,ace,accessory cholera enterotoxin,-1.0027620864377,0.473857544366175
VC_RS07070,VC1460; VC_1460,,minor coat protein pIII,-0.770099636747708,0.32601651292288
VC_RS07075,VC1461; VC_1461,,colonization factor,-0.246474319059534,0.721012648297316
VC_RS07080,VC1462; VC_1462,,hypothetical protein,0.197448906956168,0.862397542035667
VC_RS07085,VC1463; VC_1463,,replication initiation factor domain-containing protein,-0.491536184996374,0.567474485787857
VC_RS07090,VC1464; VC_1464,rstR,transcriptional repressor RstR,0.0790437005186834,0.934472771894245
VC_RS07095,VC1465; VC_1465,,VC1465 family Xer recombination activation factor,0.750154731466357,0.161998811903069
VC_RS07105,VC1467; VC_1467,,helix-turn-helix domain-containing protein,0.106916795650199,0.9604648037374
VC_RS07110,VC1468; VC_1468,,hypothetical protein,0.384947628826151,0.837940780264827
VC_RS07115,VC1469; VC_1469,,"phage/plasmid replication protein, II/X family",-0.92614534388454,0.321465558729618
VC_RS07120,VC1470; VC_1470,,helix-turn-helix domain-containing protein,0.204945915719507,0.710854770296853
VC_RS07125,VC1472; VC_1472,,hypothetical protein,0.704861193478669,0.572030967560168
VC_RS07130,VC1473; VC_1473,,helix-turn-helix domain-containing protein,-0.0841242821607269,0.965155016446251
VC_RS07135,VC1474; VC_1474,,hypothetical protein,0.423660014086001,0.82183316825012
VC_RS07140,VC1475; VC_1475,,"phage/plasmid replication protein, II/X family",-0.898114120312901,0.32601651292288
VC_RS07145,VC1476; VC_1476,,helix-turn-helix domain-containing protein,0.199286301349579,0.721012648297316
VC_RS07150,VC1478; VC_1478,,IS3-like element ISVch4 family transposase,0.23528989591808,0.851707294739421
VC_RS07155,VC1479; VC_1479,,hypothetical protein,0.328341611842808,0.53681219347668
VC_RS07160,VC1480; VC_1480,,DUF3634 family protein,0.17174551904062,0.760325088445906
VC_RS07165,VC1481; VC_1481,matP,macrodomain Ter protein MatP,-0.0027881691963007,0.996601295197505
VC_RS07170,VC1482; VC_1482,,S16 family serine protease,-0.101255820094267,0.824374780118783
VC_RS07175,VC1483; VC_1483,fabA,bifunctional 3-hydroxydecanoyl-ACP dehydratase/trans-2-decenoyl-ACP isomerase,-0.0347981193508451,0.972591899046259
VC_RS07180,VC1484; VC_1484,rmf,ribosome modulation factor,0.684609322757584,0.412905826583131
VC_RS07185,VC1485; VC_1485,,DUF3466 family protein,-0.142705805167394,0.663772515389162
VC_RS07190,VC1486; VC_1486,,ABC transporter ATP-binding protein,-0.0736814967296885,0.899566166540062
VC_RS07195,VC1487; VC_1487,,glutaredoxin family protein,-0.213617337974698,0.655717969843483
VC_RS07200,VC1488; VC_1488,rlmKL,bifunctional 23S rRNA (guanine(2069)-N(7))-methyltransferase RlmK/23S rRNA (guanine(2445)-N(2))-methyltransferase RlmL,-0.246391699509223,0.411933941548754
VC_RS07205,VC1490; VC_1490,,cell division protein ZapC,0.55126633604293,0.220979893965504
VC_RS07210,VC1491; VC_1491,pyrD,quinone-dependent dihydroorotate dehydrogenase,-0.367558257849169,0.321465558729618
VC_RS07215,VC1492; VC_1492,,NAD-glutamate dehydrogenase,-0.295027341176405,0.464243979242967
VC_RS07220,VC1493; VC_1493,,DUF2835 domain-containing protein,-0.688128586610719,0.345517184133735
VC_RS07225,VC1494; VC_1494,pepN,aminopeptidase N,-0.0537942619604164,0.941350552784345
VC_RS07230,VC1495; VC_1495,,hypothetical protein,-0.152797417170019,0.901262147528013
VC_RS07235,VC1496; VC_1496,prc,carboxy terminal-processing peptidase,0.138146033090781,0.788063302344719
VC_RS07240,VC1497; VC_1497,proQ,RNA chaperone ProQ,0.120017133808468,0.721012648297316
VC_RS07245,VC1498; VC_1498,,GAF domain-containing protein,0.248971842832369,0.571547806336631
VC_RS07250,VC1499; VC_1499,,ABC transporter ATP-binding protein,-0.0657594214425432,0.879507644063237
VC_RS07255,VC1500; VC_1500,,paraquat-inducible protein A,-0.184616981015682,0.571481073220834
VC_RS07260,VC1501; VC_1501,,PqiB family protein,0.0098717233461133,0.982844643300642
VC_RS07265,VC1502; VC_1502,rsmF,16S rRNA (cytosine(1407)-C(5))-methyltransferase RsmF,0.0502455626331675,0.925243339039547
VC_RS07270,VC1503; VC_1503,,CvfB family protein,-0.0307945385384234,0.976850199293178
VC_RS07275,VC1505,,hypothetical protein,0.0192024945700435,0.982787495995305
VC_RS07280,VC1506; VC_1506,,PaaI family thioesterase,0.205332552064767,0.871956181486649
VC_RS07285,VC1507; VC_1507,,3-deoxy-7-phosphoheptulonate synthase,-0.0824700448897532,0.864690740785328
VC_RS07290,VC1508; VC_1508,,YajQ family cyclic di-GMP-binding protein,-0.0634625609786935,0.911242136090901
VC_RS07295,VC1509; VC_1509,cobB,Sir2 family NAD+-dependent deacetylase,0.0188975289567721,0.977852978677362
VC_RS07300,VC1510; VC_1510,,hypothetical protein,0.600161367063533,0.245747438999619
VC_RS07305,VC1511; VC_1511,,formate dehydrogenase subunit gamma,0.778188458332024,0.166053374613664
VC_RS07310,VC1512; VC_1512,fdh3B,formate dehydrogenase FDH3 subunit beta,0.930475914894101,0.234631588220406
VC_RS07315,VC1513; VC_1513,,formate dehydrogenase subunit alpha,0.523623084008395,0.434605208818091
VC_RS07320,VC1514; VC_1514,,twin-arginine translocation signal domain-containing protein,0.405861327765029,0.667825375684256
VC_RS07325,VC1515; VC_1515,,TorD/DmsD family molecular chaperone,0.315868744261748,0.678819853884704
VC_RS07330,VC1516; VC_1516,,4Fe-4S dicluster domain-containing protein,0.275643591928017,0.683715034391
VC_RS07335,VC1517; VC_1517,,DUF3306 domain-containing protein,0.25592149683048,0.735293066801623
VC_RS07340,VC1518; VC_1518,,DUF3305 domain-containing protein,0.133017239396269,0.89457813502859
VC_RS07345,VC1519; VC_1519,fdhD,formate dehydrogenase accessory sulfurtransferase FdhD,0.0942110140965331,0.912719298707746
VC_RS07350,VC1520; VC_1520,,ABC-F family ATPase,-0.424145781751931,0.320536946562546
VC_RS07355,VC1521; VC_1521,,sensor histidine kinase,0.102302463873966,0.744104533977394
VC_RS07360,VC1522; VC_1522,,sigma-54-dependent transcriptional regulator,-0.0728497120663159,0.858711067550274
VC_RS07365,VC1523; VC_1523,,substrate-binding domain-containing protein,0.0816402566646827,0.922915621269312
VC_RS07370,VC1524; VC_1524,,ABC transporter permease,0.219463581422966,0.695349855499946
VC_RS07375,VC1525; VC_1525,,energy-coupling factor ABC transporter ATP-binding protein,0.291059337886187,0.719557841055162
VC_RS07380,VC1526; VC_1526,mobA,molybdenum cofactor guanylyltransferase MobA,0.174573452354951,0.742181088091858
VC_RS07385,VC1527; VC_1527,,bifunctional molybdopterin-guanine dinucleotide biosynthesis adaptor protein MobB/molybdopterin molybdotransferase MoeA,-0.0011294264858307,0.998616480506812
VC_RS07390,VC1528; VC_1528,,transporter substrate-binding domain-containing protein,0.60037811278897,0.296804329079094
VC_RS07395,VC_1529,,hypothetical protein,0.589394243868074,0.245747438999619
VC_RS07400,VC1531; VC_1531,,DUF2960 domain-containing protein,0.374694353428891,0.648502796146416
VC_RS07405,VC1532; VC_1532,nagK,N-acetylglucosamine kinase,0.216573374314205,0.743869120877748
VC_RS07410,VC1533; VC_1533,,tRNA-uridine aminocarboxypropyltransferase,-0.101139161627092,0.869828472634362
VC_RS07415,VC1534; VC_1534,,sterol desaturase family protein,0.0256247465701897,0.976850199293178
VC_RS07420,VC1535; VC_1535,,methyl-accepting chemotaxis protein,-0.707468476905232,0.273532877079865
VC_RS07430,VC1537; VC_1537,,C40 family peptidase,0.155205856707244,0.658376307427336
VC_RS07435,VC1538; VC_1538,,DUF3802 family protein,0.129327348227613,0.777319574297092
VC_RS07440,VC1539; VC_1539,,fructosamine kinase family protein,-0.0790543318094975,0.869501926885578
VC_RS07445,VC1539a,,CPXCG motif-containing cysteine-rich protein,0.315765399115294,0.60879502704341
VC_RS07450,VC1540; VC_1540,vcmA,sodium-coupled multidrug efflux MATE transporter VcmA,-0.182361010281967,0.612233762454562
VC_RS07455,VC1541; VC_1541,,DUF3080 domain-containing protein,-0.0704090460755582,0.910226354127378
VC_RS07460,VC1542; VC_1542,,DNA ligase,-0.948880203470064,0.153052544183448
VC_RS07465,VC1543; VC_1543,,tetratricopeptide repeat protein,-0.151543602159739,0.745578656803111
VC_RS07470,VC1544; VC_1544,,energy transducer TonB,-0.245480144942207,0.624126071039504
VC_RS07475,VC1545; VC_1545,,ExbD/TolR family protein,-0.365179493872646,0.359659827564095
VC_RS07480,VC1546; VC_1546,,MotA/TolQ/ExbB proton channel family protein,-0.240469775540243,0.591736158291934
VC_RS07485,VC1547; VC_1547,,MotA/TolQ/ExbB proton channel family protein,-0.28446763276844,0.477365585801954
VC_RS07490,VC1548; VC_1548,,DUF3450 domain-containing protein,-0.0749215817637358,0.899566166540062
VC_RS07495,VC1549; VC_1549,,extracellular solute-binding protein,-0.186642846605009,0.818674445454299
VC_RS07500,VC1550; VC_1550,,ABC transporter permease subunit,0.469898580542702,0.885581360619123
VC_RS07505,VC1551; VC_1551,ugpE,sn-glycerol-3-phosphate ABC transporter permease UgpE,-0.310420966803913,0.795805738679526
VC_RS07510,VC1552; VC_1552,,sn-glycerol-3-phosphate import ATP-binding protein UgpC,0.110908756763776,0.899566166540062
VC_RS07515,VC1553; VC_1553,,DeoR/GlpR family DNA-binding transcription regulator,0.141873667792206,0.871956181486649
VC_RS07520,VC1554; VC_1554,,glycerophosphoryl diester phosphodiesterase,0.0514497300288385,0.925243339039547
VC_RS07525,VC1555; VC_1555,,YhcH/YjgK/YiaL family protein,0.183292330972457,0.73088323276745
VC_RS07530,VC1556; VC_1556,,RidA family protein,-0.0392048318827056,0.962756718111495
VC_RS07535,VC1557; VC_1557,,LacI family DNA-binding transcriptional regulator,-0.355681834074355,0.495711314188993
VC_RS07540,VC1558; VC_1558,,6-phospho-beta-glucosidase,-0.0510121492003987,0.887117715361573
VC_RS07545,VC1560; VC_1560,katG,catalase/peroxidase HPI,0.498655202513805,0.321062212899389
VC_RS07550,VC1561; VC_1561,,LysR family transcriptional regulator,0.377165237878669,0.32601651292288
VC_RS07555,VC1562; VC_1562,,VarG family subclass B1-like metallo-beta-lactamase,0.016305047704437,0.982806005870843
VC_RS07560,VC1563; VC_1563,,efflux RND transporter periplasmic adaptor subunit,-0.0589575397783594,0.970504956377046
VC_RS07565,VC1565; VC_1565,,TolC family protein,-0.47819400139,0.25878939989837
VC_RS07570,VC1566; VC_1566,,ABC transporter permease,-0.142460895371128,0.814287404111632
VC_RS07575,VC1567; VC_1567,,ABC transporter permease,-0.126364688682284,0.800393913674558
VC_RS07580,VC1568; VC_1568,,ABC transporter ATP-binding protein,-0.0035355791355108,0.996601295197505
VC_RS07585,VC1570; VC_1570,,cytochrome d ubiquinol oxidase subunit II,0.0723386311221716,0.946813749331862
VC_RS07590,VC1571; VC_1571,,cytochrome ubiquinol oxidase subunit I,0.242586110105861,0.707533684760716
VC_RS07595,VC1572; VC_1572,,hypothetical protein,-0.102555969852597,0.921806166645907
VC_RS07600,VC1573; VC_1573,,class II fumarate hydratase,0.0306989899020635,0.972591899046259
VC_RS07605,VC1574; VC_1574,,DMT family protein,-0.0693784409507407,0.939671369962531
VC_RS07610,VC1575; VC_1575,,DUF2127 domain-containing protein,-0.323819602345945,0.364980420908949
VC_RS07615,VC1576; VC_1576,yqfB,N(4)-acetylcytidine aminohydrolase,-0.440528407783824,0.246582537686855
VC_RS07620,VC1577; VC_1577,almG,glycine--lipid A transferase AlmG,0.182055380994684,0.725211860394236
VC_RS07625,VC1578; VC_1578,almF,lipid A modification system glycine carrier protein AlmF,-0.375790252242488,0.695911124624424
VC_RS07630,VC1579; VC_1579,almE,lipid A modification system glycine--protein ligase AlmE,0.0708354107744988,0.912719298707746
VC_RS07635,VC1580; VC_1580,,LysR family transcriptional regulator,0.0795654907690989,0.910718256231403
VC_RS07640,VC1581; VC_1581,,NADH-quinone oxidoreductase subunit L,0.766317995187885,0.473738853257612
VC_RS07645,VC1582; VC_1582,,YbcC family protein,0.370428447465548,0.67130815723853
VC_RS07650,VC1583; VC_1583,sodC,superoxide dismutase family protein,0.548932196799273,0.345517184133735
VC_RS07655,VC1584; VC_1584,,ankyrin repeat domain-containing protein,0.253102417720264,0.687699882674216
VC_RS07660,VC1585; VC_1585,,catalase,0.571399967030295,0.271635781152787
VC_RS07665,VC1587; VC_1587,,YkgB family protein,0.483302257873261,0.837940780264827
VC_RS07670,VC1588; VC_1588,,LysR family transcriptional regulator,0.566690220339718,0.212467328190743
VC_RS07675,VC1589; VC_1589,budA,acetolactate decarboxylase,0.148455161488217,0.958769760696432
VC_RS07680,VC1590; VC_1590,alsS,acetolactate synthase AlsS,0.388589753670469,0.819507552807319
VC_RS07685,VC1591; VC_1591,,SDR family NAD(P)-dependent oxidoreductase,0.669653003583743,0.462536442001277
VC_RS07690,VC1592; VC_1592,,EAL domain-containing protein,-0.676872703034069,0.488432873100136
VC_RS07695,VC1593; VC_1593,,GGDEF domain-containing protein,-0.42365161703156,0.707533684760716
VC_RS07700,VC1594; VC_1594,galM,galactose-1-epimerase,-0.185597609131849,0.747833879797559
VC_RS07705,VC1595; VC_1595,galK,galactokinase,-0.159423102349273,0.777213303153342
VC_RS07710,VC1596; VC_1596,,UDP-glucose--hexose-1-phosphate uridylyltransferase,-0.617409672677604,0.234631588220406
VC_RS07715,VC1597; VC_1597,,MDR family MFS transporter,-0.189542085444972,0.704464573203085
VC_RS07720,VC1598; VC_1598,,substrate-binding periplasmic protein,-0.0066034347839878,0.996276522669524
VC_RS07735,VC1599; VC_1599,,GGDEF domain-containing protein,-0.139631810651546,0.764830911404983
VC_RS07740,VC1600; VC_1600,,DUF2726 domain-containing protein,0.263034433146132,0.506733842510289
VC_RS07745,,,hypothetical protein,0.737876798700138,0.508392340651981
VC_RS07750,VC1601; VC_1601,,hypothetical protein,-0.148969246987552,0.681380440080012
VC_RS07755,VC1602; VC_1602,,chemotaxis protein,0.180410393252398,0.660014576959245
VC_RS07760,VC1603; VC_1603,,substrate-binding periplasmic protein,-0.0341127660314549,0.964671308207703
VC_RS07765,VC1604; VC_1604,,response regulator,0.0712749203749706,0.955358627246211
VC_RS07770,VC1605; VC_1605,,ATP-binding protein,-0.286324598046853,0.519716558391569
VC_RS07775,VC1605a,,hypothetical protein,-0.0179571471630364,0.985643903299395
VC_RS07780,VC1606; VC_1606,,TolC family protein,0.0133307291064309,0.979955555366574
VC_RS07785,VC1607; VC_1607,,HlyD family secretion protein,0.077490008660833,0.86710694091301
VC_RS07790,VC1608; VC_1608,,ABC transporter permease,-0.0035547677546569,0.996601295197505
VC_RS07795,VC1609; VC_1609,,ABC transporter permease,-0.056506682366613,0.910226354127378
VC_RS07800,VC1610; VC_1610,,ATP-binding protein,0.0972172405962313,0.858930835875639
VC_RS07805,VC1611; VC_1611,metA,homoserine O-acetyltransferase MetA,-0.487409661287307,0.411933941548754
VC_RS07810,VC1612; VC_1612,pilW,type IV pilus biogenesis/stability protein PilW,-0.116821555513119,0.866391549152369
VC_RS07815,VC1613; VC_1613,,hypothetical protein,-0.652657858471325,0.314222700467683
VC_RS07820,VC1614; VC_1614,rlmF,23S rRNA (adenine(1618)-N(6))-methyltransferase RlmF,-0.292159806994603,0.558419280714949
VC_RS07825,VC1615; VC_1615,,M48 metallopeptidase family protein,0.0202728205882173,0.976850199293178
VC_RS07830,VC1616; VC_1616,,glutaredoxin family protein,-0.106275917873687,0.910226354127378
VC_RS07835,VC1617; VC_1617,,LysR family transcriptional regulator,0.194532371043924,0.695952427188307
VC_RS07840,VC1618; VC_1618,,MFS transporter,0.215450129656636,0.582540941370401
VC_RS07845,VC1619; VC_1619,,DUF1415 domain-containing protein,-0.311693759883926,0.52575046649059
VC_RS07855,VC1621; VC_1621,,TolC family outer membrane protein,-0.180341443889766,0.716361005145489
VC_RS07860,VC1622; VC_1622,,OmpA family protein,0.0525309736897689,0.912719298707746
VC_RS07865,VC1623; VC_1623,nspC,carboxynorspermidine decarboxylase,-0.164495847232431,0.789390319019256
VC_RS07870,VC1624; VC_1624,,carboxynorspermidine synthase,-0.200694491071657,0.726165752924432
VC_RS07875,VC1625; VC_1625,,pyridoxal phosphate-dependent class III aminotransferase,-0.344822018250871,0.514204661064633
VC_RS07880,VC1627; VC_1627,nhaA,Na+/H+ antiporter NhaA,0.0662401037760482,0.904223294853866
VC_RS07885,VC1628; VC_1628,,lipocalin-like domain-containing protein,-0.165314901229557,0.638260601601316
VC_RS07890,VC1629; VC_1629,,ABC transporter permease,-0.240486336731689,0.51423658603205
VC_RS07895,VC1630; VC_1630,,ABC transporter ATP-binding protein,0.0956131801573938,0.859291303776041
VC_RS07900,VC1631; VC_1631,,MATE family efflux transporter,-0.227332676044047,0.506135755625279
VC_RS07905,VC1632; VC_1632,,DUF2867 domain-containing protein,-0.0362781231913517,0.955358627246211
VC_RS07910,VC1633; VC_1633,,DUF2913 family protein,0.0082037543056626,0.988824415871422
VC_RS07915,VC1634; VC_1634,,Bcr/CflA family multidrug efflux MFS transporter,-0.0611758582038874,0.912719298707746
VC_RS07920,VC1635; VC_1635,rsuA,16S rRNA pseudouridine(516) synthase RsuA,-0.0336265513331952,0.962410096243451
VC_RS07925,VC1636; VC_1636,,DEAD/DEAH box helicase,-0.43242709437991,0.246073714376128
VC_RS07930,VC1637; VC_1637,,PepSY domain-containing protein,-0.0013108857080555,0.998358990858726
VC_RS07935,VC1638; VC_1638,,response regulator transcription factor,-0.0529273411577752,0.923594349545435
VC_RS07940,VC1639; VC_1639,,ATP-binding protein,-0.179452468173394,0.636028617435912
VC_RS07945,VC1640; VC_1640,rplY,50S ribosomal protein L25,-0.204320368672191,0.815467234744683
VC_RS07950,VC1641; VC_1641,,EAL domain-containing protein,0.197972071032723,0.660014576959245
VC_RS07955,VC1642; VC_1642,,ribosome recycling factor family protein,0.081099353663406,0.89457813502859
VC_RS07960,VC1643; VC_1643,,methyl-accepting chemotaxis protein,-0.0406394093843247,0.966718282182809
VC_RS07965,VC1644; VC_1644,,DUF3103 domain-containing protein,0.541161679924216,0.359659827564095
VC_RS07970,VC1645; VC_1645,,HAD family hydrolase,-0.140029649463796,0.816391182840172
VC_RS07975,VC1647; VC_1647,,SgrR family transcriptional regulator,-0.0445210804587461,0.966419980370621
VC_RS07980,VC1649; VC_1649,vesC,GlyGly-anchored extracellular serine protease VesC,-0.279569005749007,0.494178140129463
VC_RS07985,VC1650; VC_1650,,M9 family metallopeptidase,-0.0605048956000808,0.93518023083539
VC_RS07990,VC1651; VC_1651,,response regulator,-0.402469503411811,0.363256207847731
VC_RS07995,VC1652; VC_1652,vieA,two-component system response regulator VieA,0.147241400951303,0.773727135978744
VC_RS08000,VC1653; VC_1653,,ATP-binding protein,0.22350072229031,0.555904723009223
VC_RS08005,VC1655; VC_1655,mgtE,magnesium transporter,0.13905054660355,0.758479279132961
VC_RS08010,VC1656; VC_1656,,DMT family transporter,-0.0027193789926893,0.996601295197505
VC_RS08015,VC1658; VC_1658,,serine transporter,-0.209492054481036,0.707064056795527
VC_RS08020,VC1659; VC_1659,,HlyD family secretion protein,-0.307619346157039,0.571481073220834
VC_RS08025,VC1660a,,ABC transporter ATP-binding protein,0.262284777240077,0.506135755625279
VC_RS08030,VC1660,,ABC transporter permease,0.254656596685703,0.634765995319152
VC_RS08035,VC1661; VC_1661,,hypothetical protein,0.0641997934273558,0.928940031302952
VC_RS08040,VC1662; VC_1662,,DUF1289 domain-containing protein,0.46929035900513,0.271635781152787
VC_RS08045,VC1663; VC_1663,,META domain-containing protein,0.0248568740201314,0.976850199293178
VC_RS08050,VC1664; VC_1664,,ABC transporter substrate-binding protein,-0.150086030761695,0.924785013560035
VC_RS08055,VC1665; VC_1665,,ABC transporter permease,-0.151683153189571,0.805446063215549
VC_RS08060,VC1666; VC_1666,,ATP-binding cassette domain-containing protein,0.0661970358705781,0.96390766228262
VC_RS08065,VC1667; VC_1667,,CDP-alcohol phosphatidyltransferase family protein,0.0756956500387031,0.964206966501862
VC_RS08070,VC1668; VC_1668,,TIGR01621 family pseudouridine synthase,-0.10018251154394,0.821919273571301
VC_RS08075,VC1669; VC_1669,,sodium-dependent transporter,0.107024210057315,0.84739644437516
VC_RS08080,VC1670; VC_1670,cls,cardiolipin synthase,-0.340202840183404,0.320536946562546
VC_RS08085,VC1671; VC_1671,,cystathionine beta-lyase,0.0559955089950519,0.918077581835848
VC_RS08090,VC1672; VC_1672,,DNA-3-methyladenine glycosylase I,0.259781002958344,0.612233762454562
VC_RS08095,VC1673; VC_1673,vexK,efflux RND transporter permease subunit VexK,0.237347309242242,0.66868190122274
VC_RS08100,VC1674; VC_1674,,efflux RND transporter periplasmic adaptor subunit,0.0211713591338471,0.978229881643942
VC_RS08105,VC1675; VC_1675,,efflux RND transporter periplasmic adaptor subunit,0.206567777862608,0.758479279132961
VC_RS08110,VC1676; VC_1676,pspC,envelope stress response membrane protein PspC,-0.0007993272127976,0.998931849616408
VC_RS08115,VC1677; VC_1677,pspB,envelope stress response membrane protein PspB,-0.0142863517593444,0.9910915585104
VC_RS08120,VC1678; VC_1678,pspA,phage shock protein PspA,-0.0455014877359565,0.9604648037374
VC_RS08125,VC1679; VC_1679,pspF,phage shock protein operon transcriptional activator,0.221302935441958,0.558419280714949
VC_RS08130,VC1680; VC_1680,,ABC transporter substrate-binding protein,-0.270221186973455,0.487627206382413
VC_RS08135,VC1681; VC_1681,,ABC transporter permease,-0.118941391910089,0.701715982796404
VC_RS08140,VC1682; VC_1682,sapC,putrescine export ABC transporter permease SapC,0.168529308874717,0.572030967560168
VC_RS08145,VC1683; VC_1683,,peptide ABC transporter ATP-binding protein,-0.204504423318737,0.572229729598548
VC_RS08150,VC1684; VC_1684,,peptide ABC transporter ATP-binding protein,0.160610424926902,0.704464573203085
VC_RS08155,VC1685; VC_1685,,DUF2927 domain-containing protein,0.303666313867874,0.364980420908949
VC_RS08160,VC1686; VC_1686,,DUF2750 domain-containing protein,0.505958066274925,0.246073714376128
VC_RS08165,VC1687; VC_1687,,manganese-dependent inorganic pyrophosphatase,0.70506688043299,0.490653670097172
VC_RS08170,VC1688; VC_1688,,putative manganese transporter,0.095865384358791,0.901262147528013
VC_RS08185,VC1692; VC_1692,torA,trimethylamine-N-oxide reductase TorA,0.121030664586317,0.820523122500957
VC_RS08190,VC1693; VC_1693,torC,pentaheme c-type cytochrome TorC,-0.0533980705729675,0.9604648037374
VC_RS08195,VC1694; VC_1694,torE,trimethylamine N-oxide reductase system protein TorE,-0.0419218903981725,0.981274558852143
VC_RS08200,,,hypothetical protein,-0.331207762574529,0.770480324933177
VC_RS08205,VC1695; VC_1695,focA,formate transporter FocA,-0.0899863129448392,0.863648721051023
VC_RS08210,VC1696,,TIGR02647 family protein,0.197546172921374,0.80577745302317
VC_RS08215,VC1697; VC_1697,,NAD(P)H-binding protein,-0.29395662147214,0.412905826583131
VC_RS08220,VC1698; VC_1698,,YdcF family protein,0.262034412197115,0.524235340903126
VC_RS08225,VC1699; VC_1699,,hypothetical protein,0.392720423851151,0.4441191336597
VC_RS08230,VC1700; VC_1700,,septation protein A,-0.146057514355423,0.659893397014111
VC_RS08235,VC1701; VC_1701,yciA,acyl-CoA thioester hydrolase YciA,0.0792988605272242,0.893658961144639
VC_RS08240,VC1702; VC_1702,,YciI family protein,-0.10875469406984,0.867066995188759
VC_RS08245,VC1703; VC_1703,,GspS/AspS pilotin family protein,-0.105518405586507,0.851707294739421
VC_RS08250,VC1704; VC_1704,metE,5-methyltetrahydropteroyltriglutamate-- homocysteine S-methyltransferase,0.294635218282574,0.590140244188227
VC_RS08255,VC1706; VC_1706,metR,HTH-type transcriptional regulator MetR,-0.555626868547141,0.359659827564095
VC_RS08260,VC1707; VC_1707,,DUF4250 domain-containing protein,0.431073141391668,0.66868190122274
VC_RS08265,VC1708; VC_1708,,hypothetical protein,0.161855882034086,0.756508196185379
VC_RS08270,VC1709; VC_1709,,M16 family metallopeptidase,0.165201832083319,0.738715781551268
VC_RS08275,VC1710; VC_1710,,EAL domain-containing protein,0.060105923755745,0.920591653038202
VC_RS08280,VC1711; VC_1711,,YgiQ family radical SAM protein,-0.485869034149545,0.261243383137482
VC_RS08285,VC1712; VC_1712,,LysE family translocator,-0.137679909462398,0.86143068592061
VC_RS08290,VC1713; VC_1713,,Lrp/AsnC family transcriptional regulator,0.964445140533566,0.155771145160545
VC_RS08295,VC1714; VC_1714,mukB,chromosome partition protein MukB,0.150242932707581,0.660014576959245
VC_RS08300,VC1715; VC_1715,mukE,chromosome partition protein MukE,-0.0511957594369361,0.905378462359249
VC_RS08305,VC1716; VC_1716,mukF,chromosome partition protein MukF,-0.107025805228706,0.846250526192763
VC_RS08310,VC1717; VC_1717,cmoM,tRNA uridine 5-oxyacetic acid(34) methyltransferase CmoM,-0.21005900573665,0.578036841304287
VC_RS08315,VC1718; VC_1718,elyC,envelope biogenesis factor ElyC,-0.170577777521263,0.707064056795527
VC_RS08320,VC1719; VC_1719,torR,two-component system response regulator TorR,0.217471552538457,0.738715781551268
VC_RS08325,VC1720; VC_1720,torD,molecular chaperone TorD,-0.251207624068548,0.723789873889135
VC_RS08330,VC1721; VC_1721,purR,HTH-type transcriptional repressor PurR,-0.227287114068782,0.506135755625279
VC_RS08335,VC1722; VC_1722,,TfoX/Sxy family DNA transformation protein,0.134349431456038,0.735638604855753
VC_RS08340,VC1723; VC_1723,,TVP38/TMEM64 family protein,-0.230641179448565,0.884805992073144
VC_RS08345,VC1724; VC_1724,,DUF2007 domain-containing protein,-0.496595044381695,0.574430813394851
VC_RS08350,VC1725; VC_1725,,alpha/beta fold hydrolase,-0.227955985367858,0.458283793248426
VC_RS08355,VC1726; VC_1726,glgA,glycogen synthase GlgA,0.142749276104101,0.760325088445906
VC_RS08360,VC1727; VC_1727,glgC,glucose-1-phosphate adenylyltransferase,0.198094028879145,0.651144520549828
VC_RS08365,VC1730; VC_1730,topA,type I DNA topoisomerase,0.259009925288815,0.434605208818091
VC_RS08370,VC1731; VC_1731,,YciN family protein,0.159524217839256,0.875414672449138
VC_RS08375,VC1732; VC_1732,aroA,3-phosphoshikimate 1-carboxyvinyltransferase,0.294667926759329,0.424200071685518
VC_RS08380,VC1735; VC_1735,aat,leucyl/phenylalanyl-tRNA--protein transferase,-0.103093944515932,0.902452561898045
VC_RS08385,VC1736; VC_1736,,arginyltransferase,-0.365352309183443,0.407939072763512
VC_RS08390,VC1737; VC_1737,infA,translation initiation factor IF-1,-0.4872413185143,0.495840779631614
VC_RS08395,VC1738; VC_1738,fabV,enoyl-ACP reductase FabV,0.158032999198198,0.701715982796404
VC_RS08400,VC1740; VC_1740,,acyl-CoA dehydrogenase,-0.32197575585096,0.549835068177921
VC_RS08405,VC1741; VC_1741,,TetR/AcrR family transcriptional regulator,-0.195808710127616,0.769634241159319
VC_RS08410,,,hypothetical protein,0.0643097990962672,0.972591899046259
VC_RS08415,VC1743; VC_1743,,1-aminocyclopropane-1-carboxylate deaminase/D-cysteine desulfhydrase,-0.288141848578153,0.673731524465599
VC_RS08420,VC1744; VC_1744,,YnjH family protein,0.148447399860271,0.707533684760716
VC_RS08425,VC1745; VC_1745,,NAD-dependent succinate-semialdehyde dehydrogenase,-0.02207566216866,0.971426419485816
VC_RS08430,VC1746; VC_1746,breR,bile response transcriptional repressor BreR,0.207361673948782,0.651144520549828
VC_RS08435,VC1748; VC_1748,,hypothetical protein,-0.105574924388086,0.927013607962796
VC_RS08440,VC1749; VC_1749,,BamA/TamA family outer membrane protein,0.186142772237176,0.771237928789747
VC_RS08445,VC1750; VC_1750,,DUF4056 domain-containing protein,-0.319600196950628,0.543056946452676
VC_RS08450,VC1751,,mechanosensitive ion channel family protein,0.210573850635749,0.562269094692386
VC_RS08455,VC1753; VC_1753,,paraquat-inducible protein A,-0.263840205879973,0.490653670097172
VC_RS08460,VC1754; VC_1754,pqiB,intermembrane transport protein PqiB,-0.199263635096169,0.549835068177921
VC_RS08465,VC1755; VC_1755,,PqiC family protein,-0.181044981737117,0.623944726099262
VC_RS08470,VC1756; VC_1756,vexC,multidrug efflux RND transporter periplasmic adaptor subunit VexC,-0.0391169684667963,0.9363119277083
VC_RS08475,VC1757; VC_1757,vexD,efflux RND transporter permease subunit VexD,0.0487086916638219,0.921806166645907
VC_RS08485,VC1758; VC_1758,,tyrosine-type recombinase/integrase,-0.0265819026095845,0.972591899046259
VC_RS08490,VC1759; VC_1759,,tyrosine-type recombinase/integrase,-0.390280138498014,0.440083204565995
VC_RS08495,VC1760; VC_1760,,SNF2-related protein,-0.178225050740485,0.721012648297316
VC_RS08505,VC1762; VC_1762,,EH signature domain-containing protein,0.0526075794597023,0.96390766228262
VC_RS08510,VC1763; VC_1763,,OmpA/MotB family protein,0.251608326146459,0.635130058536898
VC_RS08515,VC1764; VC_1764,zorA,anti-phage ZorAB system protein ZorA,0.290886454055422,0.678819853884704
VC_RS08520,VC1765; VC_1765,,type I restriction endonuclease subunit R,0.0212253472078681,0.976850199293178
VC_RS08525,VC1766; VC_1766,,DUF262 domain-containing protein,-0.121773329279171,0.839848465517868
VC_RS08530,VC1767; VC_1767,,DUF262 domain-containing protein,0.078076727324513,0.904223294853866
VC_RS08535,VC1768; VC_1768,,restriction endonuclease subunit S,-0.0394060121026164,0.972591899046259
VC_RS08540,VC1769; VC_1769,,type I restriction-modification system subunit M,-0.0009008196715176,0.998639330834673
VC_RS08545,VC1770; VC_1770,,hypothetical protein,-0.0978557790494068,0.859477507878017
VC_RS08550,VC1771; VC_1771,,hypothetical protein,0.0802554966335577,0.900600241388104
VC_RS08555,VC1772; VC_1772,,helix-turn-helix transcriptional regulator,0.169912857737461,0.651144520549828
VC_RS08560,VC1773; VC_1773,,YjhT family mutarotase,0.0484869108972502,0.971790606653732
VC_RS08565,VC1774; VC_1774,,N-acetylneuraminate epimerase,-0.403762148191523,0.600458302078817
VC_RS08570,VC1775; VC_1775,,MurR/RpiR family transcriptional regulator,0.209655289049328,0.51423658603205
VC_RS08575,VC1776; VC_1776,,dihydrodipicolinate synthase family protein,-0.110283657860206,0.869501926885578
VC_RS08580,VC1777; VC_1777,siaM,sialic acid TRAP transporter large permease SiaM,0.133562555013587,0.795528971817265
VC_RS08585,VC1778; VC_1778,siaQ,sialic acid TRAP transporter small permease SiaQ,0.431091223405008,0.495711314188993
VC_RS08590,VC1779; VC_1779,siaP,sialic acid TRAP transporter solute-binding subunit SiaP,-0.0852542854780553,0.912356055421727
VC_RS08595,VC1781; VC_1781,,putative N-acetylmannosamine-6-phosphate 2-epimerase,-1.28386276359363,0.198020836308728
VC_RS08600,VC1782; VC_1782,,N-acetylmannosamine kinase,-0.573747963216307,0.331865514175353
VC_RS08605,VC1783; VC_1783,nagA,N-acetylglucosamine-6-phosphate deacetylase,-0.220814061767475,0.524235340903126
VC_RS08610,VC1784; VC_1784,,sialidase family protein,0.0031672848037605,0.996601295197505
VC_RS08615,VC1785; VC_1785,,AlpA family transcriptional regulator,-3.22939356678897,0.220979893965504
VC_RS08620,VC1786; VC_1786,radC,RadC family protein,-1.55663696408548,0.334548740722884
VC_RS08630,VC1788; VC_1788,,hypothetical protein,-0.401822631362118,0.707533684760716
VC_RS08635,VC1789; VC_1789,,IS3-like element ISVch4 family transposase,0.782664159239149,0.636028617435912
VC_RS08640,VC1791; VC_1791,,tape measure protein,0.0313550618944284,0.976850199293178
VC_RS08645,VC1792; VC_1792,,phage tail assembly protein,0.124466491623171,0.89402419290959
VC_RS08650,VC1793; VC_1793,,hypothetical protein,0.0740774893706847,0.962410096243451
VC_RS08655,VC1794; VC_1794,,hypothetical protein,-0.141450868200762,0.880674963921141
VC_RS08660,VC1795; VC_1795,,Mor transcription activator family protein,0.229068979343285,0.924785013560035
VC_RS08665,VC1796; VC_1796,,Mor transcription activator family protein,-0.379063520756812,0.721012648297316
VC_RS08670,,,hypothetical protein,0.411198853287608,0.53681219347668
VC_RS08675,VC1797; VC_1797,,hypothetical protein,0.176820900170466,0.804205654383962
VC_RS08680,VC1798; VC_1798,,ExeA family protein,-0.231539860521193,0.707064056795527
VC_RS08685,VC1799; VC_1799,,DDE-type integrase/transposase/recombinase,-0.156683267887514,0.752320425637982
VC_RS08690,VC1800; VC_1800,,hypothetical protein,-0.474442251984883,0.411933941548754
VC_RS08700,VC1801; VC_1801,,hypothetical protein,-1.18083667097976,0.619373811805829
VC_RS08705,VC1802; VC_1802,,hypothetical protein,0.330580430408542,0.842703008911015
VC_RS08710,,,hypothetical protein,0.362620356830202,0.549835068177921
VC_RS08715,VC1804; VC_1804,,DUF2787 family protein,0.206719142620496,0.904223294853866
VC_RS08720,VC1805; VC_1805,,DUF2787 domain-containing protein,0.712623129882013,0.522832269370223
VC_RS08725,VC1806; VC_1806,,GTPase family protein,0.0104849008274372,0.996520213258537
VC_RS08735,VC1808; VC_1808,,hypothetical protein,0.254722181899056,0.860854348596186
VC_RS08740,VC1809; VC_1809,,helix-turn-helix transcriptional regulator,-0.0893165479142997,0.954790388513681
VC_RS08745,VC1810; VC_1810,,DUF2986 domain-containing protein,-0.032492413279456,0.976850199293178
VC_RS08750,VC1811; VC_1811,,NYN domain-containing protein,-0.154453417716867,0.756508196185379
VC_RS08755,VC1812; VC_1812,,thiol-disulfide oxidoreductase DCC family protein,0.715066920630733,0.411933941548754
VC_RS08760,VC1814; VC_1814,,DASH family cryptochrome,-0.814648137693867,0.271635781152787
VC_RS08765,VC1815; VC_1815,,SDR family oxidoreductase,-0.170892641331375,0.869501926885578
VC_RS08770,VC1816; VC_1816,,VF530 family DNA-binding protein,-0.0524717178785017,0.965155016446251
VC_RS08775,VC1817; VC_1817,,sigma-54-dependent Fis family transcriptional regulator,-0.0289248570526049,0.966718282182809
VC_RS08780,VC1819; VC_1819,,acetaldehyde dehydrogenase ExaC,0.359768095557474,0.567474485787857
VC_RS08785,VC1820; VC_1820,,PTS sugar transporter subunit IIA,-1.71332898712157,0.600458302078817
VC_RS08790,VC1821; VC_1821,,fructose-specific PTS transporter subunit EIIC,0.334306587741412,0.725211860394236
VC_RS08795,VC1822; VC_1822,,fructose-specific PTS transporter subunit EIIC,0.138321078970256,0.851707294739421
VC_RS08800,VC1823; VC_1823,,PTS fructose transporter subunit IIB,0.0834643152903199,0.924785013560035
VC_RS08805,VC1824; VC_1824,,PTS sugar transporter subunit IIA,-0.580221000354369,0.364980420908949
VC_RS08810,VC1825; VC_1825,,helix-turn-helix transcriptional regulator,-0.126258146730143,0.879507644063237
VC_RS08815,VC1826; VC_1826,,fructose-specific PTS transporter subunit EIIC,-0.108180749469218,0.9604648037374
VC_RS08820,VC1827; VC_1827,manA,"mannose-6-phosphate isomerase, class I",0.721348123636461,0.506135755625279
VC_RS08825,VC1828; VC_1828,,L-alanine exporter AlaE,-0.180871196503432,0.563658756647457
VC_RS08830,VC1831; VC_1831,cqsR,hybrid sensor histidine kinase/response regulator CqsR,-0.274838110424522,0.51423658603205
VC_RS08835,VC1832; VC_1832,,YecA family protein,-0.0195177630832796,0.979955555366574
VC_RS08840,VC1833; VC_1833,nadA,quinolinate synthase NadA,-0.391574433165948,0.238851400071902
VC_RS08845,VC1834; VC_1834,ybgF,tol-pal system protein YbgF,-0.123495298791001,0.728868811084321
VC_RS08850,VC1835; VC_1835,pal,peptidoglycan-associated lipoprotein Pal,0.072725108008414,0.934472771894245
VC_RS08855,VC1836; VC_1836,tolB,Tol-Pal system beta propeller repeat protein TolB,-0.0183712577408441,0.972591899046259
VC_RS08860,VC1837; VC_1837,tolA,cell envelope integrity protein TolA,-0.0160860321732777,0.974861034148083
VC_RS08865,VC1838; VC_1838,,ExbD/TolR family protein,-0.127687387167179,0.821919273571301
VC_RS08870,VC1839; VC_1839,tolQ,protein TolQ,0.250164252328569,0.524538674128374
VC_RS08875,VC1840; VC_1840,ybgC,tol-pal system-associated acyl-CoA thioesterase,0.247943545383538,0.551636270156219
VC_RS08880,VC1841; VC_1841,ybgE,cyd operon protein YbgE,0.441532103239178,0.321465558729618
VC_RS08885,VC1842; VC_1842,cydX,cytochrome bd-I oxidase subunit CydX,1.49596602089358,0.476169963216517
VC_RS08890,VC1843; VC_1843,cydB,cytochrome d ubiquinol oxidase subunit II,-0.0625182432067026,0.912719298707746
VC_RS08895,VC1844; VC_1844,cydA,cytochrome ubiquinol oxidase subunit I,0.166956169656074,0.63499452620616
VC_RS08900,VC1845; VC_1845,ruvB,Holliday junction branch migration DNA helicase RuvB,-0.434358387158839,0.270271066234542
VC_RS08905,VC1846; VC_1846,ruvA,Holliday junction branch migration protein RuvA,-0.608869391072909,0.220979893965504
VC_RS08910,VC1847; VC_1847,ruvC,crossover junction endodeoxyribonuclease RuvC,-0.341735281207148,0.364980420908949
VC_RS08915,VC1848; VC_1848,cysS,cysteine--tRNA ligase,0.0628511933862449,0.888780234967802
VC_RS08920,VC1849; VC_1849,,peptidylprolyl isomerase,0.399422921068488,0.439275167001661
VC_RS08925,VC1850; VC_1850,lpxH,"UDP-2,3-diacylglucosamine diphosphatase",-0.234765666557767,0.681486429397937
VC_RS08930,VC1851; VC_1851,,EAL and HDOD domain-containing protein,-0.417296180386726,0.359659827564095
VC_RS08935,VC1852; VC_1852,,YchJ family protein,0.0081259803520347,0.985643903299395
VC_RS08940,VC1853; VC_1853,,DUF2057 family protein,0.308901654910112,0.601948184603507
VC_RS08945,VC1854; VC_1854,ompT,porin OmpT,0.40098577268806,0.567414103743174
VC_RS08950,VC1855; VC_1855,dinG,ATP-dependent DNA helicase DinG,-0.211386612541688,0.725677112776993
VC_RS08955,VC1856; VC_1856,,sulfite exporter TauE/SafE family protein,-0.281345835851173,0.53681219347668
VC_RS08960,VC1857; VC_1857,,primosomal replication protein,-0.215230462674812,0.687931170306998
VC_RS08965,VC1858; VC_1858,rsmS,pleiotropic regulatory protein RsmS,-0.770940147463382,0.166053374613664
VC_RS08970,VC1859; VC_1859,,methyl-accepting chemotaxis protein,0.133758612306859,0.867540276163284
VC_RS08975,VC1860; VC_1860,xthA,exodeoxyribonuclease III,0.539914492169557,0.234631588220406
VC_RS08980,VC1861; VC_1861,,ABC transporter permease,-0.384708523224244,0.695952427188307
VC_RS08985,VC1862; VC_1862,,ABC transporter permease,-0.315450412883868,0.595070527195882
VC_RS08990,VC1863; VC_1863,,ABC transporter substrate-binding protein,0.0453835509298466,0.971790606653732
VC_RS08995,VC1864; VC_1864,,ABC transporter ATP-binding protein,0.167780822750734,0.707064056795527
VC_RS09000,VC1865; VC_1865,,DUF3360 family protein,0.487068267074495,0.529785286481681
VC_RS09005,VC1866; VC_1866,pflB,formate C-acetyltransferase,0.541744234368384,0.377912833961916
VC_RS09010,VC1867; VC_1867,,lipid A deacylase LpxR family protein,-0.216081542286615,0.51423658603205
VC_RS09015,VC1868; VC_1868,,methyl-accepting chemotaxis protein,0.105813736264329,0.879507644063237
VC_RS09020,VC1869; VC_1869,pflA,pyruvate formate lyase 1-activating protein,0.121065491854295,0.83117003178799
VC_RS09025,VC1870; VC_1870,,energy-coupling factor ABC transporter permease,-0.405139185888128,0.439028040780559
VC_RS09030,VC1871; VC_1871,,YfbU family protein,0.419904075410235,0.663482246041155
VC_RS09035,VC1872; VC_1872,,PrkA family serine protein kinase,-0.431703109377234,0.582540941370401
VC_RS09040,VC1873; VC_1873,,YeaH/YhbH family protein,-0.908822920519712,0.246073714376128
VC_RS09045,VC1874; VC_1874,,SpoVR family protein,-0.459097892283114,0.519996504876975
VC_RS09050,VC1875; VC_1875,kdsB,3-deoxy-manno-octulosonate cytidylyltransferase,0.153774883091964,0.690244720796832
VC_RS09055,VC1876; VC_1876,,Trm112 family protein,-0.0351064869227614,0.959215325500867
VC_RS09060,VC1877; VC_1877,lpxK,tetraacyldisaccharide 4'-kinase,-0.158841672440638,0.705519942651781
VC_RS09065,VC1878; VC_1878,msbA,lipid A ABC transporter ATP-binding protein/permease MsbA,0.107591909892546,0.758479279132961
VC_RS09070,VC1879; VC_1879,,DNA internalization-related competence protein ComEC/Rec2,0.0047987957141382,0.996460558968022
VC_RS09075,VC1880; VC_1880,,DUF2062 domain-containing protein,-0.160350940886873,0.818674445454299
VC_RS09080,VC1882; VC_1882,lolE,lipoprotein-releasing ABC transporter permease subunit LolE,0.113899630902715,0.872417325879609
VC_RS09085,VC1883; VC_1883,lolD,lipoprotein-releasing ABC transporter ATP-binding protein LolD,0.236222894701104,0.459086159627786
VC_RS09090,VC1884; VC_1884,lolC,lipoprotein-releasing ABC transporter permease subunit LolC,0.0513999172363927,0.942981696906753
VC_RS09095,VC1885; VC_1885,,PilZ domain-containing protein,-0.0351020991767089,0.949574648318161
VC_RS09100,VC1886; VC_1886,mfd,transcription-repair coupling factor,-0.0499269530522521,0.900606726480859
VC_RS09105,VC1887; VC_1887,,peptidoglycan binding protein CsiV,-0.0116074173475036,0.982844643300642
VC_RS09110,VC1888; VC_1888,bap1,beta-prism lectin domain-containing protein,0.0351305721573433,0.976850199293178
VC_RS09115,VC1889; VC_1889,,GNAT family N-acetyltransferase,-0.193890262927138,0.659893397014111
VC_RS09120,VC1890; VC_1890,,NAD(P)/FAD-dependent oxidoreductase,-0.41723579319639,0.407939072763512
VC_RS09125,VC1892; VC_1892,ycfP,alpha/beta hydrolase YcfP,0.756906740256716,0.276756667211883
VC_RS09130,VC1893; VC_1893,,phosphotransferase,0.246258033605553,0.490653670097172
VC_RS09135,VC1894; VC_1894,lpoB,penicillin-binding protein activator LpoB,-0.0203834737408731,0.97791572103016
VC_RS09140,VC1895; VC_1895,,YcfL family protein,0.024958905544735,0.966718282182809
VC_RS09145,VC1896; VC_1896,,COG3014 family protein,-0.153911447485622,0.619232686937686
VC_RS09150,VC1897; VC_1897,hinT,purine nucleoside phosphoramidase,-0.501832831350659,0.234631588220406
VC_RS09155,VC1898; VC_1898,,methyl-accepting chemotaxis protein,0.0179108558416862,0.986190689316805
VC_RS09160,VC1899; VC_1899,,DUF1887 family protein,0.106419196867058,0.918603069659989
VC_RS09165,VC1900; VC_1900,fadR,fatty acid metabolism transcriptional regulator FadR,-0.137247288707119,0.721176275821282
VC_RS09170,VC1901; VC_1901,nhaB,Na(+)/H(+) antiporter NhaB,-0.119732733752796,0.765847680701852
VC_RS09175,VC1902; VC_1902,dsbB,disulfide bond formation protein DsbB,0.230563904159207,0.668445441766784
VC_RS09180,VC1903; VC_1903,ftsK,DNA translocase FtsK,-0.136890103765152,0.704464573203085
VC_RS09185,VC1904; VC_1904,lrp,leucine-responsive transcriptional regulator Lrp,0.511201712876141,0.223722966929671
VC_RS09190,VC1905; VC_1905,ald,alanine dehydrogenase,-0.116538751736378,0.856561804899572
VC_RS09195,VC1906; VC_1906,,methyltransferase,-0.468398096970629,0.245747438999619
VC_RS09200,VC1907; VC_1907,cysB,HTH-type transcriptional regulator CysB,0.454885986569948,0.506733842510289
VC_RS09205,VC1909; VC_1909,,hypothetical protein,0.0579441265865726,0.955548105355645
VC_RS09210,VC1910; VC_1910,,tRNA isopentenyl-2-thiomethyl-A-37 hydroxylase MiaE,-0.131551867696959,0.770283887215479
VC_RS09215,VC1911; VC_1911,pyrF,orotidine-5'-phosphate decarboxylase,-0.326718696972722,0.53681219347668
VC_RS09220,VC1912; VC_1912,lapB,lipopolysaccharide assembly protein LapB,0.214052539187017,0.437164707560492
VC_RS09225,VC1913; VC_1913,,LapA family protein,0.303724258930935,0.506733842510289
VC_RS09230,VC1914; VC_1914,ihfB,integration host factor subunit beta,0.576813644316151,0.327175283559817
VC_RS09235,VC1915; VC_1915,rpsA,30S ribosomal protein S1,-0.124186504622864,0.861328392644329
VC_RS09240,VC1916; VC_1916,cmk,(d)CMP kinase,0.0978902004118472,0.831811570292564
VC_RS09245,VC1917; VC_1917,,ComEA family DNA-binding protein,-0.31627473640774,0.558419280714949
VC_RS09250,VC1918; VC_1918,ppiD,peptidylprolyl isomerase,-0.0268556934835664,0.962116094724822
VC_RS09255,VC1919; VC_1919,,HU family DNA-binding protein,0.943171402866848,0.184242874687334
VC_RS09260,VC1920; VC_1920,lon,endopeptidase La,0.0723421409911149,0.89457813502859
VC_RS09265,VC1921; VC_1921,clpX,ATP-dependent protease ATP-binding subunit ClpX,0.278890598304388,0.377912833961916
VC_RS09270,VC1922; VC_1922,clpP,ATP-dependent Clp endopeptidase proteolytic subunit ClpP,0.155879470849627,0.695952427188307
VC_RS09275,VC1923; VC_1923,tig,trigger factor,0.162970387010163,0.667825375684256
VC_RS09280,,,hypothetical protein,-0.190596035991602,0.842703008911015
VC_RS09285,VC1925; VC_1925,,sensor histidine kinase,-0.103507755666112,0.863648721051023
VC_RS09290,VC1926; VC_1926,,sigma-54-dependent transcriptional regulator,-0.0078773715399731,0.9948335105673
VC_RS09295,VC1927; VC_1927,,TRAP transporter large permease,-0.0606042601132313,0.955548105355645
VC_RS09300,VC1928; VC_1928,,TRAP transporter small permease,-0.162134451658418,0.949806740657304
VC_RS09305,VC1929; VC_1929,dctP,TRAP transporter solute-binding subunit DctP,-1.15112359764622,0.153052544183448
VC_RS09310,VC1931; VC_1931,,protein adenylyltransferase SelO,-0.438215188529935,0.348232595341967
VC_RS09315,VC1933; VC_1933,,oxidoreductase,0.423558016731106,0.567433796179827
VC_RS09320,VC1934; VC_1934,,putative bifunctional diguanylate cyclase/phosphodiesterase,0.360812664926583,0.430935937907962
VC_RS09325,VC1935; VC_1935,,CDP-alcohol phosphatidyltransferase family protein,0.193848433223452,0.766147947203165
VC_RS09330,VC1936; VC_1936,,phosphatidate cytidylyltransferase,0.318756836940078,0.574430813394851
VC_RS09335,VC1937; VC_1937,,lysophospholipid acyltransferase family protein,0.227561257720263,0.640708946918137
VC_RS09340,VC1938; VC_1938,,acyl-CoA thioesterase,0.472760796218008,0.264127963622194
VC_RS09345,VC1939; VC_1939,,LysE family translocator,0.0858323118481011,0.89402419290959
VC_RS09350,VC1940; VC_1940,,HAD-IB family hydrolase,-0.500078801167037,0.420270872332562
VC_RS09355,VC1941; VC_1941,,OpgC domain-containing protein,-0.369285096316142,0.327860501638027
VC_RS09365,VC1942; VC_1942,folD,bifunctional methylenetetrahydrofolate dehydrogenase/methenyltetrahydrofolate cyclohydrolase FolD,-0.307314291454969,0.590140244188227
VC_RS09370,VC1944; VC_1944,,TauD/TfdA dioxygenase family protein,-0.39354067413619,0.491931248404258
VC_RS09375,VC1945; VC_1945,,FAD-binding protein,-0.741916462673038,0.234631588220406
VC_RS09380,VC1947; VC_1947,,LysR family transcriptional regulator,0.143069237784056,0.790461871190663
VC_RS09385,VC1949; VC_1949,,L-tyrosine/L-tryptophan isonitrile synthase family protein,0.100427525158414,0.910226354127378
VC_RS09390,VC1950; VC_1950,,molybdopterin guanine dinucleotide-containing S/N-oxide reductase,0.0235394532271354,0.981274558852143
VC_RS09395,VC1951; VC_1951,,NapC/NirT family cytochrome c,0.234187289246152,0.910718256231403
VC_RS09400,VC1952; VC_1952,,Ig-like domain-containing protein,-0.135649680056758,0.80695564462723
VC_RS09405,VC1953; VC_1953,,NupC/NupG family nucleoside CNT transporter,-0.426876790531132,0.551636270156219
VC_RS09410,VC1955; VC_1955,,LysR family transcriptional regulator,0.11896797677266,0.86143068592061
VC_RS09415,VC1956; VC_1956,,lytic murein transglycosylase,0.243314499434152,0.401588080635099
VC_RS09420,VC1957; VC_1957,,YcgL domain-containing protein,0.465545333079038,0.458283793248426
VC_RS09425,VC1959; VC_1959,minC,septum site-determining protein MinC,-0.382980123384157,0.321465558729618
VC_RS09430,VC1960; VC_1960,minD,septum site-determining protein MinD,-0.0869187650764962,0.851707294739421
VC_RS09435,VC1961; VC_1961,minE,cell division topological specificity factor MinE,0.0296622875490001,0.970445438249993
VC_RS09440,VC1962; VC_1962,,copper resistance protein NlpE,0.253273941866136,0.707533684760716
VC_RS09445,VC1963; VC_1963,,DUF1244 domain-containing protein,-0.461309124791095,0.418072542498658
VC_RS09450,VC1964; VC_1964,,Tim44 domain-containing protein,0.251684852777651,0.514204661064633
VC_RS09455,VC1965; VC_1965,,TetR/AcrR family transcriptional regulator,-0.118782092534956,0.814287404111632
VC_RS09460,VC1966; VC_1966,,MFS transporter,-0.144269957152018,0.707533684760716
VC_RS09465,,,hypothetical protein,-0.356271452883791,0.760325088445906
VC_RS09470,VC1967; VC_1967,,methyl-accepting chemotaxis protein,0.0826120596179051,0.910226354127378
VC_RS09475,VC1968; VC_1968,,helix-turn-helix domain-containing protein,-0.212006701482107,0.681380440080012
VC_RS09480,VC1970; VC_1970,,benzoate/H(+) symporter BenE family transporter,0.371473473178908,0.693056380245831
VC_RS09485,VC1971; VC_1971,menE,o-succinylbenzoate--CoA ligase,0.545359825259921,0.412061780232638
VC_RS09490,VC1972; VC_1972,menC,o-succinylbenzoate synthase,0.674454310984595,0.314222700467683
VC_RS09495,VC1973; VC_1973,menB,"1,4-dihydroxy-2-naphthoyl-CoA synthase",0.692839438497943,0.357685556116734
VC_RS09500,VC1974; VC_1974,menH,"2-succinyl-6-hydroxy-2, 4-cyclohexadiene-1-carboxylate synthase",0.103973241869753,0.910718256231403
VC_RS09505,VC1975; VC_1975,menD,2-succinyl-5-enolpyruvyl-6-hydroxy-3- cyclohexene-1-carboxylic-acid synthase,0.157974084434412,0.695952427188307
VC_RS09510,VC1976; VC_1976,,isochorismate synthase,0.0026459017440349,0.996601295197505
VC_RS09515,VC1977; VC_1977,,pyridoxal phosphate-dependent aminotransferase,0.174788888825215,0.653701033911056
VC_RS09520,VC1978; VC_1978,yfbR,5'-deoxynucleotidase,0.0082773551927054,0.989678319775601
VC_RS09525,VC1979; VC_1979,,anti-phage deoxyguanosine triphosphatase,0.125085558022979,0.842703008911015
VC_RS09530,VC1980; VC_1980,,tRNA-uridine aminocarboxypropyltransferase,-0.157614745326025,0.808952455666459
VC_RS09535,VC1981; VC_1981,rrtA,rhombosortase,0.177622948766314,0.718100120255955
VC_RS09540,VC1983; VC_1983,,M3 family metallopeptidase,0.103006229170196,0.819507552807319
VC_RS09545,VC1984; VC_1984,rnd,ribonuclease D,-0.0014730724835798,0.998358990858726
VC_RS09550,VC1985; VC_1985,fadD,long-chain-fatty-acid--CoA ligase FadD,0.0640663518741245,0.879507644063237
VC_RS09555,VC1986; VC_1986,,alpha/beta fold hydrolase,-0.106202047498969,0.819507552807319
VC_RS09560,VC1987; VC_1987,,Slp family lipoprotein,0.257437660572532,0.489978516208056
VC_RS09565,VC1988; VC_1988,,hypothetical protein,-0.466082869262937,0.602906374379333
VC_RS09570,VC1989; VC_1989,tsaB,tRNA (adenosine(37)-N6)-threonylcarbamoyltransferase complex dimerization subunit type 1 TsaB,-0.0465888481899396,0.949019772010809
VC_RS09575,VC1990; VC_1990,,ATP-dependent DNA helicase,-0.131373477095923,0.744104533977394
VC_RS09580,,,hypothetical protein,-0.0253602764961189,0.985386659415749
VC_RS09585,VC1992; VC_1992,purU,formyltetrahydrofolate deformylase,0.437074722232497,0.321465558729618
VC_RS09590,VC1993; VC_1993,,"NADPH-dependent 2,4-dienoyl-CoA reductase",0.0333189703712613,0.965155016446251
VC_RS09595,VC1994; VC_1994,sppA,signal peptide peptidase SppA,0.130001777488251,0.721176275821282
VC_RS09600,VC1995; VC_1995,ansA,asparaginase,-0.214334853913167,0.628679829935957
VC_RS09605,VC1996; VC_1996,,YeaC family protein,0.144482139780123,0.893658961144639
VC_RS09610,VC1997; VC_1997,,DUF2989 domain-containing protein,-0.150783003255493,0.701715982796404
VC_RS09615,VC1998; VC_1998,msrB,peptide-methionine (R)-S-oxide reductase MsrB,0.166700274313886,0.752952012366285
VC_RS09620,VC2000; VC_2000,gap,type I glyceraldehyde-3-phosphate dehydrogenase,0.428857530959623,0.360470685652955
VC_RS09625,VC2001; VC_2001,,D-hexose-6-phosphate mutarotase,0.239635027494801,0.705296913848179
VC_RS09630,VC2002; VC_2002,,DUF2860 domain-containing protein,-0.0165720322625764,0.976850199293178
VC_RS09635,VC2003; VC_2003,rlmA,23S rRNA (guanine(745)-N(1))-methyltransferase,-0.360128938839482,0.273532877079865
VC_RS09640,VC2004; VC_2004,,ChaN family lipoprotein,-0.799979098582727,0.153052544183448
VC_RS09645,VC2005; VC_2005,,hypothetical protein,-0.605915614304868,0.234631588220406
VC_RS09650,VC2006; VC_2006,,chemotaxis protein CheV,0.370193857427739,0.411933941548754
VC_RS09655,VC2007; VC_2007,,sugar metabolism global transcriptional regulator Mlc,-0.239420453438688,0.731438937673639
VC_RS09660,VC2008; VC_2008,pyk,pyruvate kinase,0.0026893222699655,0.996601295197505
VC_RS09665,VC2009; VC_2009,,patatin-like phospholipase family protein,0.0909413432255822,0.806566012163888
VC_RS09670,VC_2010,,YnhF family membrane protein,0.414697444788982,0.51423658603205
VC_RS09675,VC2011; VC_2011,,porin family protein,0.0077457801697021,0.996276522669524
VC_RS09680,VC2012; VC_2012,,sodium-dependent transporter,0.390992376707137,0.472407557961252
VC_RS09685,,,MetS family NSS transporter small subunit,-0.131587771776679,0.95888059972276
VC_RS09690,VC2013; VC_2013,ptsG,PTS glucose transporter subunit IIBC,0.618721814568172,0.342689686257902
VC_RS09695,VC2014; VC_2014,,TatD family hydrolase,0.189753852884806,0.719557841055162
VC_RS09700,VC2015; VC_2015,,DNA polymerase III subunit delta',-0.335321633073551,0.411706285883359
VC_RS09705,VC2016; VC_2016,tmk,dTMP kinase,-0.0130338301711391,0.985643903299395
VC_RS09710,VC2017; VC_2017,mltG,endolytic transglycosylase MltG,-0.0469230187421287,0.927013607962796
VC_RS09715,VC2018; VC_2018,pabC,aminodeoxychorismate lyase,-0.005893730893371,0.991451891356219
VC_RS09720,VC2019; VC_2019,fabF,beta-ketoacyl-ACP synthase II,0.0333720452978669,0.962756718111495
VC_RS09725,VC2020; VC_2020,acpP,acyl carrier protein,0.241702913582083,0.681380440080012
VC_RS09730,VC2021; VC_2021,fabG,3-oxoacyl-ACP reductase FabG,0.117564285505201,0.738715781551268
VC_RS09735,VC2022; VC_2022,fabD,ACP S-malonyltransferase,0.0316144429734491,0.955358627246211
VC_RS09740,VC2023; VC_2023,,beta-ketoacyl-ACP synthase III,-0.0635128574625372,0.872874142924941
VC_RS09745,VC2024; VC_2024,plsX,phosphate acyltransferase PlsX,-0.451663370613454,0.496676115189952
VC_RS09750,VC2025; VC_2025,rpmF,50S ribosomal protein L32,0.171408378033565,0.756508196185379
VC_RS09755,VC2026; VC_2026,yceD,23S rRNA accumulation protein YceD,-0.0761753030278757,0.93012642895418
VC_RS09760,VC2027; VC_2027,,Maf family protein,0.440998011701495,0.321614871392933
VC_RS09765,VC2028; VC_2028,rluC,23S rRNA pseudouridine(955/2504/2580) synthase RluC,0.0534295585596649,0.912719298707746
VC_RS09770,VC2030; VC_2030,rne,ribonuclease E,-0.318675551552252,0.447000901344079
VC_RS09775,VC2031; VC_2031,,SulP family inorganic anion transporter,-0.502517197510502,0.327175283559817
VC_RS09780,VC2032; VC_2032,,DMT family transporter,-0.225171315114855,0.53681219347668
VC_RS09785,VC2033; VC_2033,adhE,bifunctional acetaldehyde-CoA/alcohol dehydrogenase,0.552236787398473,0.495711314188993
VC_RS09790,VC2035; VC_2035,,YchE family NAAT transporter,-0.365902699269238,0.401588080635099
VC_RS09795,VC2036; VC_2036,asd,aspartate-semialdehyde dehydrogenase,0.356624404464992,0.490653670097172
VC_RS09800,VC2037; VC_2037,nhaC,Na+/H+ antiporter NhaC,0.125647052078448,0.837940780264827
VC_RS09805,VC2038; VC_2038,,Hpt domain-containing protein,-0.537113272869489,0.336665333131379
VC_RS09810,VC2039; VC_2039,yejK,nucleoid-associated protein YejK,-0.161532652218573,0.595921017815836
VC_RS09815,VC2040; VC_2040,,YejL family protein,-0.291773757747463,0.571673734573691
VC_RS09820,VC2041; VC_2041,,DUF3413 domain-containing protein,-0.0177851617586658,0.969959307189906
VC_RS09835,VC2042; VC_2042,,histone deacetylase family protein,-0.049918792880066,0.959369601938114
VC_RS09840,VC2043; VC_2043,,DNA topoisomerase III,-0.52257917569522,0.238851400071902
VC_RS09845,VC2044; VC_2044,,Grx4 family monothiol glutaredoxin,0.0181487228742703,0.978229881643942
VC_RS09850,VC2045; VC_2045,sodB,superoxide dismutase [Fe],0.166378921902663,0.825330117958023
VC_RS09855,VC2046; VC_2046,,VC2046/SO_2500 family protein,-1.16305099196278,0.351159498846484
VC_RS09860,VC2047; VC_2047,,SDR family oxidoreductase,-0.181395944215757,0.766768043095429
VC_RS09865,VC2048; VC_2048,,MlaA family lipoprotein,-0.198563455847212,0.623944726099262
VC_RS09870,VC2049; VC_2049,ccmI,c-type cytochrome biogenesis protein CcmI,0.823871835977516,0.242445471863729
VC_RS09875,VC2050,,cytochrome c-type biogenesis protein,0.113828412687651,0.756508196185379
VC_RS09880,VC2051; VC_2051,,DsbE family thiol:disulfide interchange protein,0.28673193073606,0.377912833961916
VC_RS09885,VC2052; VC_2052,,heme lyase CcmF/NrfE family subunit,0.225409885719005,0.62829376710848
VC_RS09890,VC2053; VC_2053,ccmE,cytochrome c maturation protein CcmE,0.209286588933308,0.660014576959245
VC_RS09895,VC2054; VC_2054,ccmD,heme exporter protein CcmD,0.264652594376508,0.567753600043371
VC_RS09900,VC2055; VC_2055,,heme ABC transporter permease,0.345621374582043,0.490653670097172
VC_RS09905,VC2056; VC_2056,ccmB,heme exporter protein CcmB,-0.0968275070726424,0.845557535479165
VC_RS09910,VC2057; VC_2057,ccmA,cytochrome c biogenesis heme-transporting ATPase CcmA,-0.430494354300975,0.238851400071902
VC_RS09915,VC2058; VC_2058,flrD,flagellar transcriptional regulator FlrD,0.130465631246773,0.752401773546418
VC_RS09920,VC2059; VC_2059,,chemotaxis protein CheW,0.0259080252474273,0.976850199293178
VC_RS09925,VC2060; VC_2060,,chemotaxis protein CheW,-0.153515106409316,0.742181088091858
VC_RS09930,VC2061; VC_2061,,ParA family protein,-0.254635612422003,0.537021496286274
VC_RS09935,VC2062; VC_2062,,protein-glutamate methylesterase/protein-glutamine glutaminase,-0.309339998231973,0.411933941548754
VC_RS09940,VC2063; VC_2063,,chemotaxis protein CheA,-0.0990452210734229,0.805446063215549
VC_RS09945,VC2064; VC_2064,,protein phosphatase CheZ,-0.15173459002033,0.842703008911015
VC_RS09950,VC2065; VC_2065,cheY,chemotaxis response regulator CheY,0.0883916247649617,0.868389171166113
VC_RS09955,VC2066; VC_2066,,RNA polymerase sigma factor FliA,0.070804742086728,0.904223294853866
VC_RS09960,VC2067; VC_2067,,MinD/ParA family protein,-0.213561152411567,0.665706123828073
VC_RS09965,VC2068; VC_2068,flhF,flagellar biosynthesis protein FlhF,-0.380431336702068,0.364980420908949
VC_RS09970,VC2069; VC_2069,flhA,flagellar biosynthesis protein FlhA,-0.216621732717,0.728217215969886
VC_RS09975,VC2070; VC_2070,sixA,phosphohistidine phosphatase SixA,0.0778372403089719,0.901262147528013
VC_RS09980,VC2072; VC_2072,,insulinase family protein,-0.101001603684169,0.723789873889135
VC_RS09985,VC2073; VC_2073,,VOC family protein,-0.0532248775975677,0.949019772010809
VC_RS09990,VC2074; VC_2074,argS,arginine--tRNA ligase,-0.118061323826925,0.814287404111632
VC_RS09995,VC2075; VC_2075,,HIT family protein,-0.0391218732831231,0.956105706811504
VC_RS10000,VC2076; VC_2076,,FeoC-like transcriptional regulator,0.458885230543833,0.57554781028005
VC_RS10005,VC2077; VC_2077,feoB,Fe(2+) transporter permease subunit FeoB,0.122711552142661,0.864447971135119
VC_RS10010,VC2078; VC_2078,,FeoA family protein,0.127284395394947,0.893658961144639
VC_RS10015,VC2080; VC_2080,,AraC family transcriptional regulator,-0.263722824462362,0.555773721899571
VC_RS10020,VC2081; VC_2081,znuA,zinc ABC transporter substrate-binding protein ZnuA,-0.056039612678683,0.939671369962531
VC_RS10025,VC2082; VC_2082,znuC,zinc ABC transporter ATP-binding protein ZnuC,-0.449560508802679,0.296804329079094
VC_RS10030,VC2083; VC_2083,znuB,zinc ABC transporter permease subunit ZnuB,-0.47776411470383,0.321465558729618
VC_RS10035,VC2084; VC_2084,sucD,succinate--CoA ligase subunit alpha,0.171783274810526,0.660014576959245
VC_RS10040,VC2085; VC_2085,sucC,ADP-forming succinate--CoA ligase subunit beta,0.110151918095274,0.766124027136853
VC_RS10045,VC2086; VC_2086,odhB,2-oxoglutarate dehydrogenase complex dihydrolipoyllysine-residue succinyltransferase,0.0384257504116214,0.9604648037374
VC_RS10050,VC2087; VC_2087,sucA,2-oxoglutarate dehydrogenase E1 component,0.14850466884725,0.745434379056427
VC_RS10055,VC2088; VC_2088,,succinate dehydrogenase iron-sulfur subunit,0.10763249736009,0.879495060995587
VC_RS10060,VC2089; VC_2089,sdhA,succinate dehydrogenase flavoprotein subunit,0.34723610047013,0.600485302634219
VC_RS10065,VC2090; VC_2090,sdhD,"succinate dehydrogenase, hydrophobic membrane anchor protein",-0.204918337804754,0.614373190095763
VC_RS10070,VC2091; VC_2091,sdhC,succinate dehydrogenase cytochrome b556 subunit,-0.0462179126307126,0.963871489213377
VC_RS10075,VC2092; VC_2092,,citrate synthase,0.0988163572872115,0.86710694091301
VC_RS10080,VC2093; VC_2093,,Nif3-like dinuclear metal center hexameric protein,-0.0751321975295967,0.893658961144639
VC_RS10085,VC2094; VC_2094,,DUF1853 family protein,-0.207599366808573,0.680045707992575
VC_RS10090,VC2095; VC_2095,pgm,"phosphoglucomutase (alpha-D-glucose-1,6-bisphosphate-dependent)",-0.163304508741948,0.729257358352027
VC_RS10095,VC2096; VC_2096,seqA,replication initiation negative regulator SeqA,-0.132429884364787,0.735293066801623
VC_RS10100,VC2097; VC_2097,,alpha/beta fold hydrolase,0.231600521159342,0.495711314188993
VC_RS10105,VC2098; VC_2098,,DUF2788 domain-containing protein,-0.229515024365008,0.549835068177921
VC_RS10110,VC2099; VC_2099,fldA,flavodoxin FldA,0.162265750690197,0.818674445454299
VC_RS10115,VC2100; VC_2100,,LrgB family protein,-0.509849065046433,0.421582743744366
VC_RS10120,VC2101; VC_2101,,CidA/LrgA family protein,-0.216781725360996,0.866391549152369
VC_RS10125,VC2103; VC_2103,,LysR family transcriptional regulator,-0.298744596166077,0.619232686937686
VC_RS10130,VC2105; VC_2105,,DUF4442 domain-containing protein,-0.617664999539477,0.234631588220406
VC_RS10135,VC2106; VC_2106,fcrX,ferric iron uptake transcriptional regulator FcrX,0.226958075782854,0.61354031940681
VC_RS10140,VC2107; VC_2107,,aspartate-semialdehyde dehydrogenase,0.0078759302729542,0.990605598361529
VC_RS10145,VC2108; VC_2108,,4-phosphoerythronate dehydrogenase,-0.0758244966893019,0.864690740785328
VC_RS10150,VC2109; VC_2109,fabB,beta-ketoacyl-ACP synthase I,0.0683222344167156,0.8731799440562
VC_RS10155,VC2110; VC_2110,mnmC,bifunctional tRNA (5-methylaminomethyl-2-thiouridine)(34)-methyltransferase MnmD/FAD-dependent 5-carboxymethylaminomethyl-2-thiouridine(34) oxidoreductase MnmC,0.0445452262061713,0.942107776766016
VC_RS10160,VC2111; VC_2111,,NADPH-dependent FMN reductase,-0.10943291467498,0.868231563729863
VC_RS10165,VC2112; VC_2112,,YfcL family protein,-0.205609541531949,0.771237928789747
VC_RS10170,VC2113; VC_2113,,elongation factor P hydroxylase,-0.0966049536224123,0.910718256231403
VC_RS10175,VC2115; VC_2115,,trimeric intracellular cation channel family protein,-0.263339958647412,0.51423658603205
VC_RS10180,VC2116; VC_2116,aroC,chorismate synthase,0.649685061194741,0.268649577629893
VC_RS10185,VC2118; VC_2118,prmB,50S ribosomal protein L3 N(5)-glutamine methyltransferase,0.101344605926126,0.733408732407878
VC_RS10190,VC2119; VC_2119,smrB,endonuclease SmrB,-0.368541293435252,0.32601651292288
VC_RS10195,VC2120; VC_2120,flhB,flagellar biosynthesis protein FlhB,0.194352185189124,0.587446879718233
VC_RS10200,VC2121; VC_2121,fliR,flagellar biosynthetic protein FliR,-0.0534507846173694,0.923678807398947
VC_RS10205,VC2122; VC_2122,fliQ,flagellar biosynthesis protein FliQ,0.400894920880029,0.28533917368528
VC_RS10210,VC2123; VC_2123,fliP,flagellar type III secretion system pore protein FliP,0.260247229479416,0.506733842510289
VC_RS10215,VC2124; VC_2124,fliO,flagellar biosynthetic protein FliO,0.251780617676385,0.591736158291934
VC_RS10220,VC2125; VC_2125,fliN,flagellar motor switch protein FliN,0.120017994990242,0.743229058722493
VC_RS10225,VC2126; VC_2126,fliM,flagellar motor switch protein FliM,0.194452833651303,0.51423658603205
VC_RS10230,VC2127; VC_2127,fliL,flagellar basal body-associated protein FliL,-1.45454709577783,0.271635781152787
VC_RS10235,VC2128; VC_2128,,flagellar hook-length control protein FliK,-0.231612592988531,0.728868811084321
VC_RS10245,VC2129; VC_2129,fliJ,flagellar export protein FliJ,-0.409195677932532,0.569223851779005
VC_RS10250,VC2130; VC_2130,fliI,flagellar protein export ATPase FliI,-0.21690585581516,0.842703008911015
VC_RS10255,VC2131; VC_2131,fliH,flagellar assembly protein FliH,-0.0483753224019873,0.96390766228262
VC_RS10260,VC2132; VC_2132,fliG,flagellar motor switch protein FliG,0.125539603611986,0.871956181486649
VC_RS10265,VC2133; VC_2133,fliF,flagellar basal-body MS-ring/collar protein FliF,0.224855447366018,0.884224699795442
VC_RS10270,VC2134; VC_2134,fliE,flagellar hook-basal body complex protein FliE,0.552501010498505,0.658376307427336
VC_RS10275,VC2135; VC_2135,,sigma-54-dependent transcriptional regulator,-0.209904556872151,0.614010099803505
VC_RS10280,VC2136; VC_2136,,sensor histidine kinase,-0.233809563128112,0.636028617435912
VC_RS10285,VC2137; VC_2137,,sigma-54 dependent transcriptional regulator,-0.0495701706675026,0.89402419290959
VC_RS10290,VC2138; VC_2138,fliS,flagellar export chaperone FliS,-0.0922608276901268,0.893658961144639
VC_RS10295,VC2139; VC_2139,,flagellar protein FliT,-0.180124263500262,0.587446879718233
VC_RS10300,VC2140; VC_2140,fliD,flagellar filament capping protein FliD,-0.0476631763189458,0.921806166645907
VC_RS10305,VC2141; VC_2141,flaG,flagellar protein FlaG,-0.0770793681394406,0.921923611984001
VC_RS10310,VC2142; VC_2142,,flagellin,-0.353049014714479,0.716517999041356
VC_RS10315,VC2143; VC_2143,,flagellin,-0.389378887025918,0.770658865330549
VC_RS10320,VC2144; VC_2144,,flagellin,-0.54862659070951,0.506135755625279
VC_RS10325,VC2145; VC_2145,,Dyp-type peroxidase,0.455777122924467,0.439028040780559
VC_RS10330,VC2146; VC_2146,,DUF2919 domain-containing protein,0.138243742611864,0.752401773546418
VC_RS10335,VC2147; VC_2147,,DUF2956 domain-containing protein,0.199297744639349,0.804205654383962
VC_RS10340,VC2149; VC_2149,,winged helix-turn-helix domain-containing protein,0.568220450811401,0.558419280714949
VC_RS10345,VC2150; VC_2150,,ArsC family reductase,0.0231378728254334,0.970109839430874
VC_RS10350,VC2152; VC_2152,dapE,succinyl-diaminopimelate desuccinylase,0.073012393876497,0.90923780611585
VC_RS10355,VC2153; VC_2153,,M15 family metallopeptidase,-0.0761964320621023,0.903923443781249
VC_RS10360,VC2154; VC_2154,,DUF2897 family protein,-0.0719665353454797,0.932154437328754
VC_RS10365,VC2156; VC_2156,bamC,outer membrane protein assembly factor BamC,0.378528424031029,0.323073327171992
VC_RS10370,VC2157; VC_2157,dapA,4-hydroxy-tetrahydrodipicolinate synthase,0.305148951375036,0.51014478810541
VC_RS10375,VC2159; VC_2159,,glycine cleavage system protein R,0.162331641134414,0.62605016385724
VC_RS10380,VC2160; VC_2160,bcp,thioredoxin-dependent thiol peroxidase,0.323702287196252,0.571547806336631
VC_RS10385,VC2161; VC_2161,mlp24,methyl-accepting chemotaxis protein Mlp24,-0.0672901213527578,0.925205449267462
VC_RS10390,VC2162; VC_2162,,AI-2E family transporter,0.10733943139101,0.800393913674558
VC_RS10395,VC2163; VC_2163,,sulfurtransferase TusA family protein,-0.311683825616101,0.53681219347668
VC_RS10400,VC2164; VC_2164,,beta-barrel assembly-enhancing protease,-0.0913479667818739,0.79513638813025
VC_RS10405,VC2165; VC_2165,arsC,arsenate reductase (glutaredoxin),-0.0154770779699943,0.985643903299395
VC_RS10410,VC2166; VC_2166,wrbA,NAD(P)H:quinone oxidoreductase,0.0575423478954122,0.920515023045409
VC_RS10415,VC2167; VC_2167,,DUF2069 domain-containing protein,0.314259006146207,0.360470685652955
VC_RS10420,VC2168; VC_2168,,DUF2066 domain-containing protein,0.0341273506444442,0.962756718111495
VC_RS10425,VC2171; VC_2171,,uracil-xanthine permease family protein,-0.518122628572943,0.4764449244577
VC_RS10430,VC2172; VC_2172,ybaK,Cys-tRNA(Pro) deacylase,0.106941765906089,0.8731799440562
VC_RS10435,VC2174; VC_2174,ushA,bifunctional UDP-sugar hydrolase/5'-nucleotidase UshA,0.10787546158234,0.86143068592061
VC_RS10440,VC2175; VC_2175,kdsA,3-deoxy-8-phosphooctulonate synthase,0.125944732706424,0.72947925047856
VC_RS10445,VC2176; VC_2176,,SirB1 family protein,0.0995050484252416,0.851707294739421
VC_RS10450,VC2177; VC_2177,,SirB2 family protein,-0.101689237996689,0.888780234967802
VC_RS10455,VC2178; VC_2178,prmC,peptide chain release factor N(5)-glutamine methyltransferase,-0.193952264680249,0.695952427188307
VC_RS10460,VC2179; VC_2179,prfA,peptide chain release factor 1,-0.0088910530721589,0.985643903299395
VC_RS10465,VC2180; VC_2180,hemA,glutamyl-tRNA reductase,-0.107963620847045,0.819507552807319
VC_RS10470,VC2181; VC_2181,lolB,lipoprotein insertase outer membrane protein LolB,-0.539591447009864,0.166677777045471
VC_RS10475,VC2182; VC_2182,ispE,4-(cytidine 5'-diphospho)-2-C-methyl-D-erythritol kinase,-0.599701956268849,0.16590930017355
VC_RS10480,VC2183; VC_2183,,ribose-phosphate pyrophosphokinase,-0.604909999588066,0.247072446260747
VC_RS10485,VC2184; VC_2184,pth,aminoacyl-tRNA hydrolase,-0.394036513690638,0.285357673665722
VC_RS10490,VC2185; VC_2185,ychF,redox-regulated ATPase YchF,-0.186606259724842,0.651255474150517
VC_RS10575,VC2187; VC_2187,,flagellin,-0.178412945367154,0.901262147528013
VC_RS10580,VC2188; VC_2188,,flagellin,0.385159221132321,0.687699882674216
VC_RS10585,VC2190; VC_2190,flgL,flagellar hook-associated protein FlgL,-0.260568381193482,0.740913992550985
VC_RS10590,VC2191; VC_2191,flgK,flagellar hook-associated protein FlgK,0.239405616740576,0.747878430528218
VC_RS10595,VC2192; VC_2192,flgJ,flagellar assembly peptidoglycan hydrolase FlgJ,0.299118472201618,0.412282208897457
VC_RS10600,VC2193; VC_2193,,flagellar basal body P-ring protein FlgI,-0.14348678235751,0.872417325879609
VC_RS10605,VC2194; VC_2194,flgH,flagellar basal body L-ring protein FlgH,0.176835493500737,0.711938986214044
VC_RS10610,VC2195; VC_2195,flgG,flagellar basal-body rod protein FlgG,0.0121030195414755,0.989678319775601
VC_RS10615,VC2196; VC_2196,flgF,flagellar basal-body rod protein FlgF,-0.0371810272060523,0.966718282182809
VC_RS10620,VC2197; VC_2197,flgE,flagellar hook protein FlgE,-0.620090947840624,0.506135755625279
VC_RS10625,VC2198; VC_2198,flgD,flagellar hook assembly protein FlgD,0.218559556770227,0.687931170306998
VC_RS10630,VC2199; VC_2199,flgC,flagellar basal body rod protein FlgC,0.310537819516254,0.567433796179827
VC_RS10635,VC2200; VC_2200,flgB,flagellar basal body rod protein FlgB,0.2265876183979,0.744099111460453
VC_RS10640,VC2201; VC_2201,,protein-glutamate O-methyltransferase,0.152682733657495,0.642594233124701
VC_RS10645,VC2202; VC_2202,,chemotaxis protein CheV,0.0531394797039977,0.949574648318161
VC_RS10650,VC2203; VC_2203,flgA,flagellar basal body P-ring formation chaperone FlgA,0.214199310242752,0.519070491825971
VC_RS10655,VC2204; VC_2204,flgM,flagellar biosynthesis anti-sigma factor FlgM,-0.204063919972222,0.595921017815836
VC_RS10660,VC2205; VC_2205,,flagella synthesis protein FlgN,-0.17579800062544,0.718703182761885
VC_RS10665,VC2206; VC_2206,flgP,flagellar assembly lipoprotein FlgP,0.663270939862654,0.194341387410718
VC_RS10670,VC2207; VC_2207,,FlgO family outer membrane protein,0.581704705598605,0.334548740722884
VC_RS10675,VC2208; VC_2208,,flagellar assembly protein FlgT,0.184758401302276,0.60879502704341
VC_RS10680,VC2209; VC_2209,,amino acid adenylation domain-containing protein,0.0003723280392507,0.998931849616408
VC_RS10685,VC2210; VC_2210,,siderophore-interacting protein,0.506966683999824,0.571481073220834
VC_RS10690,VC2211; VC_2211,,TonB-dependent siderophore receptor,-0.0851973558180195,0.941350552784345
VC_RS10695,VC2212; VC_2212,,Fe3+-citrate ABC transporter substrate-binding protein,0.387055334585912,0.504816892045539
VC_RS10700,VC2213; VC_2213,,OmpA family protein,0.195801405696582,0.771237928789747
VC_RS10705,VC2214; VC_2214,gltX,glutamate--tRNA ligase,-0.301405970031137,0.524235340903126
VC_RS10710,VC2215; VC_2215,copA,copper-translocating P-type ATPase CopA,-0.0863530068738845,0.866887887586254
VC_RS10715,VC2216; VC_2216,,DUF411 domain-containing protein,-0.203611017190306,0.659893397014111
VC_RS10720,VC2217; VC_2217,,beta-N-acetylhexosaminidase,0.0227734631656775,0.976850199293178
VC_RS10725,VC2220; VC_2220,,TraB/GumN family protein,0.116874133725279,0.839450463468399
VC_RS10735,VC2221; VC_2221,,DUF3149 domain-containing protein,1.34172652357058,0.401532030915763
VC_RS10740,VC2222; VC_2222,smrA,DNA endonuclease SmrA,-0.108636215861704,0.825330117958023
VC_RS10745,VC2223; VC_2223,rluF,23S rRNA pseudouridine(2604) synthase RluF,-0.601645965302106,0.234631588220406
VC_RS10750,VC2224; VC_2224,,sensor domain-containing diguanylate cyclase,0.222814516196257,0.734468995811525
VC_RS10755,VC2225; VC_2225,upp,uracil phosphoribosyltransferase,-0.0349283791459365,0.969898295416657
VC_RS10760,VC2226; VC_2226,purM,phosphoribosylformylglycinamidine cyclo-ligase,-0.458840075738552,0.449716411548518
VC_RS10765,VC2227; VC_2227,purN,phosphoribosylglycinamide formyltransferase,-0.582655037419705,0.246073714376128
VC_RS10770,VC2229; VC_2229,,class II glutamine amidotransferase,0.361509466554616,0.309258804651451
VC_RS10775,VC2230; VC_2230,lpcA,D-sedoheptulose 7-phosphate isomerase,0.379191782562849,0.273532877079865
VC_RS10780,VC2231; VC_2231,fadE,acyl-CoA dehydrogenase FadE,-0.392268332540465,0.457609860570586
VC_RS10785,VC2232; VC_2232,,TIGR03503 family protein,0.0444907823043996,0.924785013560035
VC_RS10790,VC2233; VC_2233,dnaQ,DNA polymerase III subunit epsilon,0.130161103018587,0.721590134157267
VC_RS10795,VC2234; VC_2234,rnhA,ribonuclease HI,-0.201768213186701,0.655660948590961
VC_RS10800,VC2235; VC_2235,,class I SAM-dependent methyltransferase,0.136680640566457,0.795805738679526
VC_RS10805,VC2236; VC_2236,gloB,hydroxyacylglutathione hydrolase,-0.0758497832001338,0.842703008911015
VC_RS10810,VC2237; VC_2237,,LysM peptidoglycan-binding domain-containing protein,0.0623251434784974,0.952534595583264
VC_RS10815,VC2238; VC_2238,,endonuclease/exonuclease/phosphatase family protein,-0.236139597049731,0.619232686937686
VC_RS10820,VC2239; VC_2239,glnB,nitrogen regulatory protein P-II,0.370412825277655,0.411933941548754
VC_RS10825,VC2240; VC_2240,,phenolic acid decarboxylase,-0.0333885516468246,0.972591899046259
VC_RS10830,VC2241; VC_2241,,c-type cytochrome,0.573821611499965,0.321614871392933
VC_RS10835,VC2242; VC_2242,tilS,tRNA lysidine(34) synthetase TilS,-0.189598988092955,0.502086254699709
VC_RS10840,VC2244; VC_2244,accA,acetyl-CoA carboxylase carboxyl transferase subunit alpha,0.211541682748876,0.51014478810541
VC_RS10845,VC2245; VC_2245,dnaE,DNA polymerase III subunit alpha,-0.0291528716943543,0.949806740657304
VC_RS10850,VC2246; VC_2246,rnhB,ribonuclease HII,-0.392188876183393,0.334548740722884
VC_RS10855,VC2247; VC_2247,lpxB,lipid-A-disaccharide synthase,-0.0219632606214648,0.975691509517976
VC_RS10860,VC2248; VC_2248,lpxA,acyl-ACP--UDP-N-acetylglucosamine O-acyltransferase,0.088689516170561,0.832800834626753
VC_RS10865,VC2249; VC_2249,fabZ,3-hydroxyacyl-ACP dehydratase FabZ,-0.135777485413741,0.640888928227595
VC_RS10870,VC2250; VC_2250,lpxD,UDP-3-O-(3-hydroxymyristoyl)glucosamine N-acyltransferase,0.115438655946617,0.834473050890131
VC_RS10875,VC2251; VC_2251,,OmpH family outer membrane protein,0.0002141183821287,0.998931849616408
VC_RS10880,VC2252; VC_2252,bamA,outer membrane protein assembly factor BamA,-0.144190582964861,0.619140580905603
VC_RS10885,VC2253; VC_2253,rseP,sigma E protease regulator RseP,-0.217877310432682,0.563925427456415
VC_RS10890,VC2254; VC_2254,ispC,1-deoxy-D-xylulose-5-phosphate reductoisomerase,-0.250969591158219,0.51423658603205
VC_RS10895,VC2255; VC_2255,,phosphatidate cytidylyltransferase,-0.238864362922281,0.491931248404258
VC_RS10900,VC2256; VC_2256,uppS,polyprenyl diphosphate synthase,0.103356535773905,0.82183316825012
VC_RS10905,VC2257; VC_2257,frr,ribosome recycling factor,-0.263579700364826,0.563925427456415
VC_RS10910,VC2258; VC_2258,pyrH,UMP kinase,-0.30885600506308,0.571547806336631
VC_RS10915,VC2259; VC_2259,tsf,translation elongation factor Ts,0.13745569073731,0.781443070870394
VC_RS10920,VC2260; VC_2260,rpsB,30S ribosomal protein S2,-0.148968316947842,0.717090960937722
VC_RS10925,VC2261; VC_2261,map,type I methionyl aminopeptidase,-0.137622648356333,0.724007454330762
VC_RS10930,VC2262; VC_2262,glnD,bifunctional uridylyltransferase/uridylyl-removing protein GlnD,0.0248065361607092,0.964671308207703
VC_RS10935,VC2264; VC_2264,,DUF3461 family protein,0.55895581416753,0.411933941548754
VC_RS10940,VC2265; VC_2265,pgpA,phosphatidylglycerophosphatase A,0.0126086781976934,0.99065708487051
VC_RS10945,VC2266; VC_2266,thiL,thiamine-phosphate kinase,-0.319149372030646,0.462536442001277
VC_RS10950,VC2267; VC_2267,nusB,transcription antitermination factor NusB,-0.177128449838315,0.651144520549828
VC_RS10955,VC2268; VC_2268,ribE,"6,7-dimethyl-8-ribityllumazine synthase",-0.272920515985097,0.62097973771755
VC_RS10960,VC2269; VC_2269,ribBA,"bifunctional 3,4-dihydroxy-2-butanone-4-phosphate synthase/GTP cyclohydrolase II",0.0519067003912856,0.901229742898555
VC_RS10965,VC2270; VC_2270,,riboflavin synthase,0.224892909047871,0.506592912074706
VC_RS10970,VC2271; VC_2271,ribD,bifunctional diaminohydroxyphosphoribosylaminopyrimidine deaminase/5-amino-6-(5-phosphoribosylamino)uracil reductase RibD,0.192367752580163,0.567036270321127
VC_RS10975,VC2272; VC_2272,nrdR,transcriptional regulator NrdR,0.346798027435231,0.321614871392933
VC_RS10980,VC2273; VC_2273,,glutamate-5-semialdehyde dehydrogenase,0.347922579242051,0.32601651292288
VC_RS10985,VC2274; VC_2274,proB,glutamate 5-kinase,0.268155530759296,0.377912833961916
VC_RS10990,VC2275; VC_2275,crl,sigma factor-binding protein Crl,-0.286918320926491,0.726676953454585
VC_RS10995,VC2276; VC_2276,frsA,esterase FrsA,0.0716796932630405,0.893658961144639
VC_RS11000,VC2277; VC_2277,gpt,xanthine phosphoribosyltransferase,-0.296654609650067,0.430935937907962
VC_RS11005,VC2278; VC_2278,,NCS2 family permease,-0.721585926477646,0.187616988499051
VC_RS11010,VC2279; VC_2279,,aminoacyl-histidine dipeptidase,0.0887762836498575,0.837940780264827
VC_RS11015,VC2280; VC_2280,,ATP-dependent zinc protease family protein,-0.140581914973685,0.735293066801623
VC_RS11020,VC2281; VC_2281,rimK,30S ribosomal protein S6--L-glutamate ligase,-0.196090841256984,0.606362561632495
VC_RS11025,VC2282; VC_2282,,succinylglutamate desuccinylase/aspartoacylase family protein,-0.200169864414149,0.572030967560168
VC_RS11030,VC2283; VC_2283,,sodium-dependent transporter,0.307483863696727,0.52303223176062
VC_RS11035,VC2285; VC_2285,,diguanylate cyclase,0.0615625325938069,0.89402419290959
VC_RS11040,VC2286; VC_2286,,YggN family protein,0.211778827314351,0.661932605547034
VC_RS11045,VC2287; VC_2287,dinB,DNA polymerase IV,-0.281344379260182,0.695952427188307
VC_RS11050,VC2288; VC_2288,nqrM,(Na+)-NQR maturation NqrM,0.360702154466582,0.681380440080012
VC_RS11055,VC2289; VC_2289,,FAD:protein FMN transferase,-0.650030713042887,0.166677777045471
VC_RS11060,VC2290; VC_2290,nqrF,NADH:ubiquinone reductase (Na(+)-transporting) subunit F,-0.246818547747999,0.589053262116937
VC_RS11065,VC2291; VC_2291,nqrE,NADH:ubiquinone reductase (Na(+)-transporting) subunit E,-0.162016277548236,0.730807403104829
VC_RS11070,VC2292; VC_2292,,NADH:ubiquinone reductase (Na(+)-transporting) subunit D,0.235139811617605,0.646838680289315
VC_RS11075,VC2293; VC_2293,,Na(+)-translocating NADH-quinone reductase subunit C,-0.315695079946722,0.462128256620988
VC_RS11080,VC2294; VC_2294,,NADH:ubiquinone reductase (Na(+)-transporting) subunit B,-0.0871399787039151,0.867747786734203
VC_RS11085,VC2295; VC_2295,,Na(+)-translocating NADH-quinone reductase subunit A,-0.247829721053418,0.495711314188993
VC_RS11090,VC2296; VC_2296,,BolA family protein,0.132195323405664,0.768562302275143
VC_RS11095,VC2297; VC_2297,,methyltransferase,-0.269617616568582,0.439028040780559
VC_RS11100,VC2298; VC_2298,,YajG family lipoprotein,0.230404355328082,0.490653670097172
VC_RS11105,VC2299; VC_2299,,peptidylprolyl isomerase,0.145246569920548,0.773987226512732
VC_RS11115,VC2300; VC_2300,,AmpG family muropeptide MFS transporter,0.29859358142986,0.377912833961916
VC_RS11120,VC2301; VC_2301,,ChrR family anti-sigma-E factor,1.07553082765648,0.157077884803636
VC_RS11125,VC2302; VC_2302,,RNA polymerase sigma factor,0.142281447125572,0.80577745302317
VC_RS11130,VC2303; VC_2303,,LON peptidase substrate-binding domain-containing protein,0.492005252677049,0.297326645696856
VC_RS11135,VC2305; VC_2305,,outer membrane protein OmpK,0.096467107003238,0.882341944360311
VC_RS11140,VC2307; VC_2307,panE,2-dehydropantoate 2-reductase,-0.381844159510609,0.522832269370223
VC_RS11145,VC2308; VC_2308,,DJ-1 family glyoxalase III,-0.408894207125398,0.321465558729618
VC_RS11150,VC2309; VC_2309,csdA,cysteine desulfurase CsdA,-0.254085463119698,0.495711314188993
VC_RS11155,VC2310; VC_2310,csdE,cysteine desulfurase sulfur acceptor subunit CsdE,-0.210324660028536,0.756508196185379
VC_RS11160,VC2311; VC_2311,tcdA,tRNA cyclic N6-threonylcarbamoyladenosine(37) synthase TcdA,-0.101312650579629,0.89402419290959
VC_RS11165,VC2312; VC_2312,mltA,murein transglycosylase A,0.198126826436513,0.555904723009223
VC_RS11170,VC2314; VC_2314,,DUF2850 domain-containing protein,-0.00861128270662,0.996276522669524
VC_RS11175,VC2316; VC_2316,argA,amino-acid N-acetyltransferase,0.15727381576263,0.921923611984001
VC_RS11180,VC2318; VC_2318,,hypothetical protein,-0.880386928016603,0.321465558729618
VC_RS11185,VC2319; VC_2319,recD,exodeoxyribonuclease V subunit alpha,-0.089840458537346,0.820833646139767
VC_RS11190,VC2320; VC_2320,recB,exodeoxyribonuclease V subunit beta,-0.0578918706377181,0.932154437328754
VC_RS11195,VC2322; VC_2322,recC,exodeoxyribonuclease V subunit gamma,0.0805771052697876,0.847146240966774
VC_RS11200,VC2323; VC_2323,,TDT family transporter,0.405502748860314,0.321465558729618
VC_RS11205,VC2324; VC_2324,,LysR family transcriptional regulator,0.501569859326111,0.504350609415924
VC_RS11210,VC2326; VC_2326,,YebG family protein,-0.0134750708135387,0.985643903299395
VC_RS11215,VC2329; VC_2329,dapD,"2,3,4,5-tetrahydropyridine-2,6-dicarboxylate N-succinyltransferase",0.178810246618296,0.65955053473938
VC_RS11220,VC2330; VC_2330,,NnrS family protein,0.142832737385711,0.835354784234102
VC_RS11225,VC2332; VC_2332,,GNAT family N-acetyltransferase/peptidase C39 family protein,-0.0121026391496445,0.979955555366574
VC_RS11230,VC2333; VC_2333,,RimK family protein,-0.0073972605938398,0.98909776011546
VC_RS11235,VC2334; VC_2334,,zinc transporter ZntB,0.169471911732634,0.674833976050867
VC_RS11240,VC2335; VC_2335,,gamma-glutamylcyclotransferase family protein,0.116344475134337,0.82183316825012
VC_RS11245,VC2336; VC_2336,,tRNA-binding protein,-0.265427068230806,0.668350199428378
VC_RS11250,VC2337; VC_2337,,substrate-binding domain-containing protein,-0.225960317031585,0.543950393943224
VC_RS11255,VC2338; VC_2338,,beta-galactosidase,0.289549606421883,0.567753600043371
VC_RS11260,VC2339; VC_2339,chrA,chromate efflux transporter,0.0695806060612112,0.869424862555364
VC_RS11265,VC2340; VC_2340,,HD-GYP domain-containing protein,0.374101454442027,0.499404404512436
VC_RS11270,VC2341; VC_2341,,AMP-binding protein,-0.252693708926251,0.756508196185379
VC_RS11275,VC2342; VC_2342,fusA,elongation factor G,-0.0397382958620684,0.945533840771575
VC_RS11280,VC2343; VC_2343,radA,DNA repair protein RadA,-0.0916847074956934,0.81178061950367
VC_RS11285,VC2344; VC_2344,,PilZ domain-containing protein,-0.0567706144170068,0.879962975497427
VC_RS11290,VC2345; VC_2345,serB,phosphoserine phosphatase,0.475891827787158,0.298641903027796
VC_RS11295,VC2346; VC_2346,,YtjB family periplasmic protein,0.377918812307967,0.257158857670023
VC_RS11300,VC2347; VC_2347,deoD,purine-nucleoside phosphorylase,0.138322931872135,0.861127158666111
VC_RS11305,VC2348; VC_2348,,phosphopentomutase,0.0520601946334338,0.95888059972276
VC_RS11310,VC2349; VC_2349,deoA,thymidine phosphorylase,-0.0265055962593365,0.976850199293178
VC_RS11315,VC2350; VC_2350,deoC,deoxyribose-phosphate aldolase,-0.314053021909946,0.53681219347668
VC_RS11320,VC_2351,,hypothetical protein,0.386605270716211,0.854948957846926
VC_RS11325,VC2352; VC_2352,,NupC/NupG family nucleoside CNT transporter,0.0246385662943345,0.974861034148083
VC_RS11330,VC2353; VC_2353,,TatD family hydrolase,-0.329872542635493,0.321465558729618
VC_RS11335,VC_2354,,DUF5363 family protein,0.240619744091671,0.869424862555364
VC_RS11340,VC2355; VC_2355,yaaA,peroxide stress protein YaaA,0.146023542043275,0.738715781551268
VC_RS11345,VC2356; VC_2356,,alanine/glycine:cation symporter family protein,-0.25289962904248,0.582675988757569
VC_RS11350,VC2357; VC_2357,,DUF3545 family protein,0.50449893978573,0.660014576959245
VC_RS11355,VC2358; VC_2358,,hemerythrin domain-containing protein,0.282768092835589,0.506135755625279
VC_RS11360,VC2359; VC_2359,ung,uracil-DNA glycosylase,-0.0425656974113033,0.962756718111495
VC_RS11365,VC2360; VC_2360,nfo,deoxyribonuclease IV,0.185410259280079,0.66568811840876
VC_RS11370,VC2361; VC_2361,grcA,autonomous glycyl radical cofactor GrcA,1.09121073383472,0.198020836308728
VC_RS11375,VC2362; VC_2362,thrC,threonine synthase,0.0446018983464434,0.955358627246211
VC_RS11380,VC2363; VC_2363,thrB,homoserine kinase,0.0912811007892815,0.843953632349059
VC_RS11385,VC2364; VC_2364,thrA,bifunctional aspartate kinase/homoserine dehydrogenase I,0.243717319851368,0.421582743744366
VC_RS11390,,thrL,thr operon leader peptide,-0.12411894340987,0.930358018072619
VC_RS11395,VC2365; VC_2365,,hypothetical protein,0.142219901415936,0.85394189872216
VC_RS11400,VC2366; VC_2366,,putative 4-hydroxy-4-methyl-2-oxoglutarate aldolase,0.32407131717095,0.448997847785656
VC_RS11405,VC2367; VC_2367,,DUF3293 domain-containing protein,0.37444150622746,0.680687274175431
VC_RS11410,VC2368; VC_2368,arcA,two-component system response regulator ArcA,-0.0673302584734844,0.921923611984001
VC_RS11415,VC2369; VC_2369,arcB,aerobic respiration two-component sensor histidine kinase ArcB,-0.0117942170128331,0.978229881643942
VC_RS11420,VC2370; VC_2370,,diguanylate cyclase domain-containing protein,0.144522857228592,0.710703268485695
VC_RS11425,VC2371; VC_2371,,TIGR01212 family radical SAM protein,-0.240123773526978,0.777213303153342
VC_RS11430,VC2373; VC_2373,gltB,glutamate synthase large subunit,-0.0509142490766112,0.955358627246211
VC_RS11435,VC2374; VC_2374,,glutamate synthase subunit beta,0.0583898459685518,0.956714753981206
VC_RS11440,VC2376; VC_2376,gltB,glutamate synthase large subunit,0.0848351135951805,0.901262147528013
VC_RS11445,VC2377; VC_2377,,FAD-dependent oxidoreductase,0.264999848282218,0.669044523689712
VC_RS11450,VC2378; VC_2378,,DUF1499 domain-containing protein,-0.466093626234393,0.247072446260747
VC_RS11455,VC2379; VC_2379,mtnN,5'-methylthioadenosine/S-adenosylhomocysteine nucleosidase,0.0967116255837268,0.845938993585107
VC_RS11460,VC2380; VC_2380,,cobalamin biosynthesis family protein,-0.0268535966157328,0.972591899046259
VC_RS11465,VC2381; VC_2381,btuF,vitamin B12 ABC transporter substrate-binding protein BtuF,-0.0625619531956616,0.89402419290959
VC_RS11470,VC2382; VC_2382,,TRIC cation channel family protein,-0.257389468240157,0.647705998384671
VC_RS11475,VC2383; VC_2383,,LysR family transcriptional regulator,-0.795933538531874,0.157077884803636
VC_RS11480,VC2384; VC_2384,,TSUP family transporter,0.0344326313159142,0.957046346072291
VC_RS11485,VC2385; VC_2385,,retron St85 family RNA-directed DNA polymerase,-0.0274909369235657,0.979955555366574
VC_RS11490,VC2386; VC_2386,,AAA family ATPase,-0.297252061728386,0.752391160707191
VC_RS11495,VC2387; VC_2387,,retron system putative HNH endonuclease,-0.581726859467821,0.489607822315378
VC_RS11500,VC2388; VC_2388,,hypothetical protein,-0.119780512955117,0.859291303776041
VC_RS11505,VC2389; VC_2389,carB,carbamoyl-phosphate synthase large subunit,-0.42020557697786,0.412158350424939
VC_RS11510,VC2390; VC_2390,carA,glutamine-hydrolyzing carbamoyl-phosphate synthase small subunit,-0.36307843838302,0.519996504876975
VC_RS11515,,,hypothetical protein,-2.53175326513625,0.630802497428233
VC_RS11520,VC2391; VC_2391,dapB,4-hydroxy-tetrahydrodipicolinate reductase,0.351508299257318,0.61253360636921
VC_RS11525,VC2392; VC_2392,mutT,8-oxo-dGTP diphosphatase MutT,-0.165946891900539,0.68901698529116
VC_RS11530,VC2394; VC_2394,secA,preprotein translocase subunit SecA,0.0925185317575821,0.879507644063237
VC_RS11535,VC2395; VC_2395,,DUF721 domain-containing protein,-0.123020047762522,0.842132768521813
VC_RS11540,VC2396; VC_2396,lpxC,UDP-3-O-acyl-N-acetylglucosamine deacetylase,-0.0881088579201154,0.865249480334145
VC_RS11545,VC2397; VC_2397,ftsZ,cell division protein FtsZ,0.0076187070424222,0.987601956141524
VC_RS11550,VC2398; VC_2398,ftsA,cell division protein FtsA,0.038870166176582,0.955358627246211
VC_RS11555,VC2399; VC_2399,,cell division protein FtsQ/DivIB,-0.005510705915765,0.9948335105673
VC_RS11560,VC2400; VC_2400,murC,UDP-N-acetylmuramate--L-alanine ligase,0.177334348768948,0.725677112776993
VC_RS11565,VC2401; VC_2401,murG,undecaprenyldiphospho-muramoylpentapeptide beta-N-acetylglucosaminyltransferase,-0.0547334062311287,0.925205449267462
VC_RS11570,VC2402; VC_2402,ftsW,cell division protein FtsW,-0.324829862645113,0.3869742622179
VC_RS11575,VC2403; VC_2403,murD,UDP-N-acetylmuramoyl-L-alanine--D-glutamate ligase,-0.37628699945337,0.332257252189056
VC_RS11580,VC2404; VC_2404,mraY,phospho-N-acetylmuramoyl-pentapeptide- transferase,-0.0252126434874979,0.966718282182809
VC_RS11585,VC2405; VC_2405,murF,UDP-N-acetylmuramoyl-tripeptide--D-alanyl-D- alanine ligase,0.0028424475282893,0.996601295197505
VC_RS11590,VC2406; VC_2406,murE,"UDP-N-acetylmuramoyl-L-alanyl-D-glutamate--2, 6-diaminopimelate ligase",-0.107986060107655,0.843497132580707
VC_RS11595,VC2407; VC_2407,,penicillin-binding protein 3,-0.165124406362854,0.725211860394236
VC_RS11600,VC2408; VC_2408,ftsL,cell division protein FtsL,-0.350417543289255,0.470895555993589
VC_RS11605,VC2409; VC_2409,rsmH,16S rRNA (cytosine(1402)-N(4))-methyltransferase RsmH,-0.284722688425606,0.462536442001277
VC_RS11615,VC2412; VC_2412,lpdA,dihydrolipoyl dehydrogenase,-0.0159595490619904,0.982844643300642
VC_RS11620,VC2413; VC_2413,aceF,pyruvate dehydrogenase complex dihydrolipoyllysine-residue acetyltransferase,0.0700468198698697,0.927013607962796
VC_RS11625,VC2414; VC_2414,aceE,"pyruvate dehydrogenase (acetyl-transferring), homodimeric type",-0.168617389097355,0.740910250190874
VC_RS11630,VC2415; VC_2415,pdhR,pyruvate dehydrogenase complex transcriptional repressor PdhR,-0.254511338218618,0.695952427188307
VC_RS11635,VC2416; VC_2416,,bifunctional metallophosphatase/5'-nucleotidase,0.24212705551026,0.411933941548754
VC_RS11640,VC2417; VC_2417,recJ,single-stranded-DNA-specific exonuclease RecJ,-0.0756635605734624,0.864447971135119
VC_RS11645,VC2418; VC_2418,dsbC,bifunctional protein-disulfide isomerase/oxidoreductase DsbC,-0.118784988350774,0.795805738679526
VC_RS11650,VC2419; VC_2419,xerD,site-specific tyrosine recombinase XerD,-0.156673209683908,0.695952427188307
VC_RS11655,VC2420; VC_2420,fldB,flavodoxin FldB,-0.17877046573411,0.69020793699382
VC_RS11660,VC2421; VC_2421,ampD,"1,6-anhydro-N-acetylmuramyl-L-alanine amidase AmpD",-0.194778654355644,0.567753600043371
VC_RS11665,VC2422; VC_2422,nadC,carboxylating nicotinate-nucleotide diphosphorylase,-0.051639671898431,0.906014917577604
VC_RS11670,VC2423; VC_2423,,pilin,0.555798956088152,0.509909834141695
VC_RS11675,VC2424; VC_2424,pilB,type IV-A pilus assembly ATPase PilB,-0.0715047828641018,0.921923611984001
VC_RS11680,VC2425; VC_2425,,type II secretion system F family protein,0.198845381066139,0.851707294739421
VC_RS11685,VC2426; VC_2426,,prepilin peptidase,0.0333702339550204,0.942463724730349
VC_RS11690,VC2427; VC_2427,coaE,dephospho-CoA kinase,-0.0845060547490054,0.880421026488718
VC_RS11695,VC2428; VC_2428,zapD,cell division protein ZapD,0.172461555684105,0.642379694783304
VC_RS11700,VC2429; VC_2429,yacG,DNA gyrase inhibitor YacG,0.387714378464908,0.628679829935957
VC_RS11705,VC2430; VC_2430,parC,DNA topoisomerase IV subunit A,0.104139699519858,0.804205654383962
VC_RS11710,VC2431; VC_2431,parE,DNA topoisomerase IV subunit B,0.158383693347375,0.716189962750185
VC_RS11715,VC2432; VC_2432,yqiA,esterase YqiA,0.117761432641042,0.76540644849486
VC_RS11720,VC2433; VC_2433,cpdA,"3',5'-cyclic-AMP phosphodiesterase",-0.0811290882261345,0.888780234967802
VC_RS11725,VC2434; VC_2434,,DUF1249 family protein,-0.0307146769550071,0.964447362919526
VC_RS11730,VC2435; VC_2435,nudF,ADP-ribose diphosphatase,-0.354148669495524,0.567433796179827
VC_RS11735,VC2436; VC_2436,tolC,outer membrane channel protein TolC,0.0995160195240427,0.819507552807319
VC_RS11740,VC2437; VC_2437,hldE,bifunctional D-glycero-beta-D-manno-heptose-7-phosphate kinase/D-glycero-beta-D-manno-heptose 1-phosphate adenylyltransferase HldE,0.0147879664374601,0.977636308052673
VC_RS11745,VC2438; VC_2438,glnE,bifunctional [glutamate--ammonia ligase]-adenylyl-L-tyrosine phosphorylase/[glutamate--ammonia-ligase] adenylyltransferase,0.279337293139865,0.51423658603205
VC_RS11750,VC2439; VC_2439,,methyl-accepting chemotaxis protein,-0.160913575749849,0.681486429397937
VC_RS11755,VC2440; VC_2440,,inorganic triphosphatase,0.380552872744449,0.257158857670023
VC_RS11760,VC2441; VC_2441,,TIGR00153 family protein,-0.25312479411641,0.42792316871466
VC_RS11765,VC2442; VC_2442,,inorganic phosphate transporter,-0.213788101240985,0.491959572092468
VC_RS11770,VC2443; VC_2443,,TIGR04211 family SH3 domain-containing protein,0.0513998382589696,0.923678807398947
VC_RS11775,VC2444; VC_2444,,general secretion pathway protein GspB,-0.289292152648535,0.411933941548754
VC_RS11780,VC2445; VC_2445,,AAA family ATPase,-0.191597001406891,0.524235340903126
VC_RS11785,VC2446; VC_2446,,multifunctional CCA addition/repair protein,0.107188176342387,0.791172649706739
VC_RS11790,VC2447; VC_2447,eno,phosphopyruvate hydratase,0.261881013006701,0.567753600043371
VC_RS11795,VC2448; VC_2448,,CTP synthase,-0.18541279056867,0.67130815723853
VC_RS11800,VC2450; VC_2450,mazG,nucleoside triphosphate pyrophosphohydrolase,-0.126665354582292,0.815467234744683
VC_RS11805,VC2451; VC_2451,relA,GTP diphosphokinase,0.194428644028862,0.672816925085196
VC_RS11810,VC2452; VC_2452,rlmD,23S rRNA (uracil(1939)-C(5))-methyltransferase RlmD,-0.0447389557279144,0.923594349545435
VC_RS11815,VC2453; VC_2453,barA,two-component sensor histidine kinase BarA,-0.0409175940278169,0.953749586441813
VC_RS11820,VC2454; VC_2454,,GGDEF domain-containing protein,0.172400268759727,0.738715781551268
VC_RS11825,VC2455; VC_2455,,hypothetical protein,0.0780944839369826,0.921923611984001
VC_RS11830,VC2456; VC_2456,,hypothetical protein,-0.039341389340891,0.962410096243451
VC_RS11835,VC2457; VC_2457,acpS,holo-ACP synthase,0.17334663198282,0.602906374379333
VC_RS11840,VC2458; VC_2458,pdxJ,pyridoxine 5'-phosphate synthase,0.0359090602973741,0.974861034148083
VC_RS11845,VC2459; VC_2459,recO,DNA repair protein RecO,-0.511361547815686,0.245747438999619
VC_RS11850,VC2460; VC_2460,era,GTPase Era,-0.289903098628691,0.407939072763512
VC_RS11855,VC2461; VC_2461,rnc,ribonuclease III,-0.431859768529293,0.602906374379333
VC_RS11860,VC2462; VC_2462,lepB,signal peptidase I,-0.243783525369019,0.519996504876975
VC_RS11865,VC2463; VC_2463,lepA,translation elongation factor 4,-0.0077668208304213,0.98989430534948
VC_RS11870,VC2464; VC_2464,,SoxR reducing system RseC family protein,-0.26756514468818,0.524235340903126
VC_RS11875,VC2465; VC_2465,rseB,sigma-E factor regulatory protein RseB,-0.212575202812743,0.687931170306998
VC_RS11880,VC2466; VC_2466,,sigma-E factor negative regulatory protein,-0.0744697774353558,0.912719298707746
VC_RS11885,VC2467; VC_2467,rpoE,RNA polymerase sigma factor RpoE,-0.336357141259414,0.506733842510289
VC_RS11890,VC2469; VC_2469,nadB,L-aspartate oxidase,0.329738229518509,0.506135755625279
VC_RS11895,VC2470; VC_2470,,hypothetical protein,-0.497431320536145,0.572229729598548
VC_RS11900,VC2471; VC_2471,,succinate dehydrogenase assembly factor 2,0.211390476413608,0.785086971914693
VC_RS11905,VC2472; VC_2472,ygfZ,tRNA-modifying protein YgfZ,-0.092623386861359,0.910226354127378
VC_RS11910,VC2473; VC_2473,,DUF1107 domain-containing protein,0.258748655511204,0.694021999174732
VC_RS11915,VC2474; VC_2474,,FAD-dependent 2-octaprenylphenol hydroxylase,0.243426851497605,0.547000931486982
VC_RS11920,VC2475; VC_2475,ubiH,2-octaprenyl-6-methoxyphenyl hydroxylase,-0.0488196896025498,0.921923611984001
VC_RS11925,VC2476; VC_2476,,YecA family protein,0.879707940694925,0.283694811541939
VC_RS11930,VC2478; VC_2478,,cell division protein ZapA,0.0967365946024619,0.852744635450348
VC_RS11940,VC2479; VC_2479,,5-formyltetrahydrofolate cyclo-ligase,-0.382107735942168,0.359659827564095
VC_RS11945,VC2480; VC_2480,rpiA,ribose-5-phosphate isomerase RpiA,-0.26162303212279,0.49586367462305
VC_RS11950,VC2481; VC_2481,serA,phosphoglycerate dehydrogenase,0.194312624291039,0.712349008605497
VC_RS11955,VC2482; VC_2482,ilvN,acetolactate synthase small subunit,0.117296079477465,0.818674445454299
VC_RS11960,VC2483; VC_2483,,acetolactate synthase 3 large subunit,0.10394273008195,0.862397542035667
VC_RS11965,VC2484; VC_2484,,AMP-dependent synthetase/ligase,0.104825909551508,0.821919273571301
VC_RS11970,VC2485; VC_2485,leuO,transcriptional regulator LeuO,0.156020406731638,0.681380440080012
VC_RS11975,VC2487; VC_2487,,MJ1255/VC2487 family glycosyltransferase,-0.220505531517482,0.847820052867848
VC_RS11980,VC2488; VC_2488,,phosphatase PAP2 family protein,-0.116049374266566,0.917232850215745
VC_RS11985,VC2489; VC_2489,,TetR/AcrR family transcriptional regulator,-0.307883628732163,0.52065363821718
VC_RS11990,VC2490; VC_2490,leuA,2-isopropylmalate synthase,0.264029502742696,0.567474485787857
VC_RS11995,VC2491; VC_2491,leuB,3-isopropylmalate dehydrogenase,0.325795661903662,0.52575046649059
VC_RS12000,VC2492; VC_2492,leuC,3-isopropylmalate dehydratase large subunit,0.329595989393964,0.551636270156219
VC_RS12005,VC2493; VC_2493,leuD,3-isopropylmalate dehydratase small subunit,0.255060030054355,0.687931170306998
VC_RS12010,VC2494; VC_2494,,DUF547 domain-containing protein,-0.0108918091515848,0.996395962592664
VC_RS12050,VC2497; VC_2497,,HD-GYP domain-containing protein,-0.332340402528601,0.321465558729618
VC_RS12060,VC2498; VC_2498,,RDD family protein,0.0951337099429328,0.872489552577357
VC_RS12065,VC2499; VC_2499,lptG,LPS export ABC transporter permease LptG,-0.307412468637402,0.411661583851593
VC_RS12070,VC2500; VC_2500,lptF,LPS export ABC transporter permease LptF,-0.005854503080625,0.98989430534948
VC_RS12075,VC2501; VC_2501,pepA,leucyl aminopeptidase,0.171707173723466,0.735293066801623
VC_RS12080,VC2502; VC_2502,,DNA polymerase III subunit chi,-0.382950038159363,0.600458302078817
VC_RS12085,VC2503; VC_2503,,valine--tRNA ligase,0.038318443885806,0.921923611984001
VC_RS12090,VC2504; VC_2504,,D-2-hydroxyacid dehydrogenase,-0.440217652858402,0.508174583582512
VC_RS12095,VC2505; VC_2505,,pseudouridine synthase,-0.244552227117756,0.503789544157295
VC_RS12100,VC2506; VC_2506,rapA,RNA polymerase-associated protein RapA,-0.0371853683268162,0.958224623430428
VC_RS12105,VC2507; VC_2507,,PhoH family protein,-0.324986410148763,0.48746018318309
VC_RS12110,VC2508; VC_2508,argF,ornithine carbamoyltransferase,-0.175211729013467,0.860824568702336
VC_RS12115,VC2510; VC_2510,pyrB,aspartate carbamoyltransferase,-0.509503626750376,0.332257252189056
VC_RS12120,VC2511; VC_2511,pyrI,aspartate carbamoyltransferase regulatory subunit,-0.540674677732524,0.287609259286757
VC_RS12125,VC2512; VC_2512,,RidA family protein,0.17631586577827,0.779842696806043
VC_RS12130,VC2513; VC_2513,,1-acylglycerol-3-phosphate O-acyltransferase,0.0783132968952307,0.899696538376719
VC_RS12135,VC2514; VC_2514,murA,UDP-N-acetylglucosamine 1-carboxyvinyltransferase,0.333415269167563,0.321465558729618
VC_RS12140,VC2515; VC_2515,ibaG,BolA family iron metabolism protein IbaG,0.0056417280451189,0.993536400914619
VC_RS12145,VC2516; VC_2516,,STAS domain-containing protein,0.25433470399583,0.495711314188993
VC_RS12150,VC2517; VC_2517,mlaC,phospholipid-binding protein MlaC,0.278526427277808,0.458283793248426
VC_RS12155,VC2518; VC_2518,mlaD,outer membrane lipid asymmetry maintenance protein MlaD,0.245848398326886,0.606362561632495
VC_RS12160,VC2519; VC_2519,mlaE,lipid asymmetry maintenance ABC transporter permease subunit MlaE,0.423318625994443,0.321465558729618
VC_RS12165,VC2520; VC_2520,mlaF,phospholipid ABC transporter ATP-binding protein MlaF,-0.125225818764882,0.899566166540062
VC_RS12170,VC2522; VC_2522,,calcium/sodium antiporter,-0.0904860695887639,0.865249480334145
VC_RS12175,VC2523; VC_2523,kdsD,arabinose-5-phosphate isomerase KdsD,-0.168299271565978,0.574834453206729
VC_RS12180,VC2524; VC_2524,kdsC,3-deoxy-manno-octulosonate-8-phosphatase KdsC,0.0164737370731003,0.97791572103016
VC_RS12185,VC2525; VC_2525,lptC,LPS export ABC transporter periplasmic protein LptC,-0.114558694623602,0.787468797751538
VC_RS12190,VC2527; VC_2527,lptA,lipopolysaccharide transport periplasmic protein LptA,0.0561128629003626,0.910226354127378
VC_RS12195,VC2528; VC_2528,lptB,LPS export ABC transporter ATP-binding protein,0.0214601841540166,0.96935964689766
VC_RS12200,VC2529; VC_2529,,RNA polymerase factor sigma-54,0.10556840958371,0.893658961144639
VC_RS12205,VC2530; VC_2530,hpf,ribosome hibernation promoting factor,0.0061596008913381,0.995398308075975
VC_RS12210,VC2531; VC_2531,ptsN,PTS IIA-like nitrogen regulatory protein PtsN,-0.187608979746592,0.601948184603507
VC_RS12215,VC2532; VC_2532,rapZ,RNase adapter RapZ,-0.176995796917866,0.558419280714949
VC_RS12220,VC2533; VC_2533,,HPr family phosphocarrier protein,-0.737223696384425,0.155771145160545
VC_RS12225,VC2534; VC_2534,mgtE,magnesium transporter,-0.315344046430507,0.247072446260747
VC_RS12230,VC2535; VC_2535,pmbA,metalloprotease PmbA,0.366492538788356,0.321465558729618
VC_RS12235,VC2536; VC_2536,yjgA,ribosome biogenesis factor YjgA,0.202794373877589,0.707064056795527
VC_RS12240,VC2537; VC_2537,thiQ,thiamine ABC transporter ATP-binding protein,-0.13467627183364,0.847820052867848
VC_RS12245,VC2538; VC_2538,thiP,thiamine/thiamine pyrophosphate ABC transporter permease ThiP,-0.0322272154016501,0.966718282182809
VC_RS12250,VC2539; VC_2539,thiB,thiamine ABC transporter substrate binding subunit,-0.030182867127904,0.962756718111495
VC_RS12255,VC2541; VC_2541,,flavin prenyltransferase UbiX,0.191415152492219,0.695952427188307
VC_RS12260,VC2542; VC_2542,mpl,UDP-N-acetylmuramate:L-alanyl-gamma-D-glutamyl- meso-diaminopimelate ligase,0.229572831590908,0.800393913674558
VC_RS12265,VC2544; VC_2544,fbp,class 1 fructose-bisphosphatase,0.0392996055210839,0.974861034148083
VC_RS12270,VC2545; VC_2545,ppa,inorganic diphosphatase,-0.0303481735046779,0.966419980370621
VC_RS12275,VC2546; VC_2546,,gamma-glutamylcyclotransferase family protein,0.409952176576098,0.32601651292288
VC_RS12280,VC2547; VC_2547,,autotransporter assembly complex protein TamB,-0.461796593600752,0.695952427188307
VC_RS12285,VC2548; VC_2548,,autotransporter assembly complex protein TamA,-0.0527198764235945,0.904223294853866
VC_RS12290,VC2549; VC_2549,msrA,peptide-methionine (S)-S-oxide reductase MsrA,-0.197928180357621,0.744104533977394
VC_RS12295,VC2550; VC_2550,,YtfJ family protein,-0.0050441105086422,0.996601295197505
VC_RS12300,VC2551; VC_2551,,DUF2607 domain-containing protein,-0.106560223329348,0.871402597399076
VC_RS12305,VC2552; VC_2552,,zinc uptake protein ZrgA,-0.465920647445993,0.332714713984253
VC_RS12310,VC2553; VC_2553,,ABC transporter ATP-binding protein,-0.427954735332421,0.504816892045539
VC_RS12315,VC2554; VC_2554,,ABC transporter permease,-0.148105466632284,0.777213303153342
VC_RS12320,VC2555; VC_2555,,DUF3299 domain-containing protein,-0.0285246708782803,0.964671308207703
VC_RS12325,VC2557; VC_2557,,TIGR03899 family protein,-0.204899782015251,0.776949504298129
VC_RS12330,VC2558; VC_2558,cysC,adenylyl-sulfate kinase,1.71433883436598,0.245747438999619
VC_RS12335,VC2559; VC_2559,cysN,sulfate adenylyltransferase subunit CysN,-0.0632671373160127,0.964783073910097
VC_RS12340,VC2560; VC_2560,cysD,sulfate adenylyltransferase subunit CysD,2.97603780984942,0.242445471863729
VC_RS12345,VC2561; VC_2561,cobA,uroporphyrinogen-III C-methyltransferase,-0.541048207077601,0.50915015075576
VC_RS12350,VC2562; VC_2562,cpdB,"2',3'-cyclic-nucleotide 2'-phosphodiesterase",-0.126917688057337,0.908372447095597
VC_RS12355,VC2563; VC_2563,,Crp/Fnr family transcriptional regulator,0.22962661954429,0.658376307427336
VC_RS12360,VC2564; VC_2564,dbpA,ATP-dependent RNA helicase DbpA,-0.240816601806928,0.710562839602491
VC_RS12365,VC2565; VC_2565,,GNAT family N-acetyltransferase,-0.0628886584012361,0.952534595583264
VC_RS12370,VC2566; VC_2566,,DMT family transporter,-0.202965838215843,0.819507552807319
VC_RS12375,VC2567; VC_2567,,OapA family protein,-0.19943971733822,0.637526309507298
VC_RS12380,VC2568; VC_2568,,FKBP-type peptidyl-prolyl cis-trans isomerase,0.32099918970593,0.393513829190297
VC_RS12385,VC2569; VC_2569,,DUF2780 domain-containing protein,0.238422979554663,0.585255924009337
VC_RS12390,VC2570; VC_2570,rplQ,50S ribosomal protein L17,0.0293376303480364,0.972591899046259
VC_RS12395,VC2571; VC_2571,rpoA,DNA-directed RNA polymerase subunit alpha,-0.0916109115010713,0.89402419290959
VC_RS12400,VC2572; VC_2572,rpsD,30S ribosomal protein S4,-0.242610190603999,0.53681219347668
VC_RS12405,VC2573; VC_2573,rpsK,30S ribosomal protein S11,-0.0781325312106154,0.899566166540062
VC_RS12410,VC2574; VC_2574,rpsM,30S ribosomal protein S13,-0.264620843211255,0.514204661064633
VC_RS12415,VC2575; VC_2575,rpmJ,50S ribosomal protein L36,-0.264031989198036,0.558419280714949
VC_RS12420,VC2576; VC_2576,secY,preprotein translocase subunit SecY,-0.0286265564536756,0.966419980370621
VC_RS12425,VC2577; VC_2577,rplO,50S ribosomal protein L15,-0.153788223119953,0.663482246041155
VC_RS12430,VC2578; VC_2578,rpmD,50S ribosomal protein L30,-0.0782245583401245,0.872417325879609
VC_RS12435,VC2579; VC_2579,rpsE,30S ribosomal protein S5,-0.011065395964054,0.985643903299395
VC_RS12440,VC2580; VC_2580,rplR,50S ribosomal protein L18,-0.487266999552338,0.250364409461428
VC_RS12445,VC2581; VC_2581,rplF,50S ribosomal protein L6,-0.0450449336723648,0.925205449267462
VC_RS12450,VC2582; VC_2582,rpsH,30S ribosomal protein S8,-0.228849545903309,0.555904723009223
VC_RS12455,VC2583; VC_2583,rpsN,30S ribosomal protein S14,0.0283447982372778,0.970109839430874
VC_RS12460,VC2584; VC_2584,rplE,50S ribosomal protein L5,0.0651536610022547,0.90681298454636
VC_RS12465,VC2585; VC_2585,rplX,50S ribosomal protein L24,0.0283340318062225,0.964671308207703
VC_RS12470,VC2586; VC_2586,rplN,50S ribosomal protein L14,0.084366131104411,0.871956181486649
VC_RS12475,VC2587; VC_2587,rpsQ,30S ribosomal protein S17,-0.191509940769274,0.664480900250913
VC_RS12480,VC2588; VC_2588,rpmC,50S ribosomal protein L29,-0.451099774343953,0.531007160071586
VC_RS12485,VC2589; VC_2589,rplP,50S ribosomal protein L16,0.0826683243090027,0.881255823442072
VC_RS12490,VC2590; VC_2590,rpsC,30S ribosomal protein S3,0.212030234323936,0.572229729598548
VC_RS12495,VC2591; VC_2591,rplV,50S ribosomal protein L22,-0.180870157363813,0.603512730309694
VC_RS12500,VC2592; VC_2592,rpsS,30S ribosomal protein S19,-0.160946664973477,0.687931170306998
VC_RS12505,VC2593; VC_2593,rplB,50S ribosomal protein L2,-0.1546900947147,0.695952427188307
VC_RS12510,VC2594; VC_2594,rplW,50S ribosomal protein L23,-0.355315972985391,0.45199044304842
VC_RS12515,VC2595; VC_2595,rplD,50S ribosomal protein L4,-0.06828290122027,0.893658961144639
VC_RS12520,VC2596; VC_2596,rplC,50S ribosomal protein L3,-0.0590322864406555,0.899639803248865
VC_RS12525,VC2597; VC_2597,rpsJ,30S ribosomal protein S10,-0.259898402696967,0.51423658603205
VC_RS12530,VC2598; VC_2598,rlmB,23S rRNA (guanosine(2251)-2'-O)-methyltransferase RlmB,0.110405753579207,0.80695564462723
VC_RS12535,VC2599; VC_2599,rnr,ribonuclease R,0.122824973743848,0.864447971135119
VC_RS12540,VC2600; VC_2600,,DUF3413 domain-containing protein,-0.768208882519609,0.244237287322497
VC_RS12545,VC2601; VC_2601,,flagellar protein MotX,-0.505328311254328,0.424200071685518
VC_RS12550,VC2602; VC_2602,,adenylosuccinate synthase,0.037475628526127,0.934067717599931
VC_RS12555,VC2603; VC_2603,,isoaspartyl peptidase/L-asparaginase family protein,0.276445121492723,0.744104533977394
VC_RS12560,VC2604; VC_2604,slyD,peptidylprolyl isomerase,0.418313803248355,0.32147608865366
VC_RS12565,VC2605; VC_2605,,YheV family putative zinc ribbon protein,-0.226309825767511,0.744099111460453
VC_RS12570,VC2606; VC_2606,kefB,glutathione-regulated potassium-efflux system protein KefB,-0.184971399962015,0.721176275821282
VC_RS12575,VC2607; VC_2607,kefG,glutathione-regulated potassium-efflux system ancillary protein KefG,-0.170829720935726,0.746772132693428
VC_RS12580,VC2608; VC_2608,,ABC transporter ATP-binding protein,-0.290679058160614,0.334548740722884
VC_RS12585,VC2609; VC_2609,,TIGR02444 family protein,0.153567358305955,0.725211860394236
VC_RS12590,VC2610; VC_2610,,hydrolase,-0.225159115827348,0.489607822315378
VC_RS12595,VC2612; VC_2612,,YheU family protein,-0.421742968936951,0.421582743744366
VC_RS12600,VC2613; VC_2613,,phosphoribulokinase,-0.012613025514835,0.979955555366574
VC_RS12605,VC2614; VC_2614,crp,cAMP-activated global transcriptional regulator CRP,0.270580218837527,0.567474485787857
VC_RS12610,VC2615; VC_2615,,DUF1338 domain-containing protein,-0.943972646337253,0.245747438999619
VC_RS12615,VC2616; VC_2616,astD,succinylglutamate-semialdehyde dehydrogenase,-1.00901460338532,0.321614871392933
VC_RS12620,VC2617; VC_2617,astA,arginine N-succinyltransferase,-1.42770770549017,0.153052544183448
VC_RS12625,VC2618; VC_2618,,aspartate aminotransferase family protein,-0.790115428998145,0.265934874901225
VC_RS12630,VC2619; VC_2619,,aminodeoxychorismate/anthranilate synthase component II,-0.62473081661,0.257158857670023
VC_RS12635,VC2620; VC_2620,rimO,30S ribosomal protein S12 methylthiotransferase RimO,-0.171348349040114,0.818674445454299
VC_RS12640,VC2621; VC_2621,xds,GlyGly-anchored extracellular endonuclease Xds,-0.0704123158592969,0.910226354127378
VC_RS12645,VC2622; VC_2622,,substrate-binding periplasmic protein,-0.282469380301417,0.619140580905603
VC_RS12650,VC2623; VC_2623,trpS,tryptophan--tRNA ligase,-0.17127740832353,0.771237928789747
VC_RS12655,VC2624; VC_2624,,phosphoglycolate phosphatase,-0.248546647496517,0.603102164279019
VC_RS12660,VC2625; VC_2625,rpe,ribulose-phosphate 3-epimerase,-0.30307744248317,0.401532030915763
VC_RS12665,VC2626; VC_2626,,Dam family site-specific DNA-(adenine-N6)-methyltransferase,-0.21812688865313,0.67130815723853
VC_RS12670,VC2627; VC_2627,,ExeA family protein,0.27284012382842,0.375624456214148
VC_RS12675,VC2628; VC_2628,aroB,3-dehydroquinate synthase,0.236555071454153,0.659989282221058
VC_RS12680,VC2629; VC_2629,aroK,shikimate kinase AroK,-0.0025187460311268,0.996601295197505
VC_RS12685,VC2630; VC_2630,,type IV pilus secretin PilQ,0.170667987916391,0.635130058536898
VC_RS12690,VC2631; VC_2631,,pilus assembly protein PilP,0.0723653844293147,0.982844643300642
VC_RS12695,VC2632; VC_2632,,type 4a pilus biogenesis protein PilO,-0.158009140535738,0.818674445454299
VC_RS12700,VC2633; VC_2633,,PilN domain-containing protein,-0.157556803889278,0.920515023045409
VC_RS12705,VC2634; VC_2634,pilM,type IV pilus assembly protein PilM,-0.0270441514298393,0.975691509517976
VC_RS12710,VC2635; VC_2635,,penicillin-binding protein 1A,0.122186691875753,0.770283887215479
VC_RS12715,VC2636; VC_2636,oxyR,DNA-binding transcriptional regulator OxyR,0.291386240671736,0.53681219347668
VC_RS12720,VC2637; VC_2637,,glutathione peroxidase,0.312298956542853,0.68901698529116
VC_RS12725,VC2638; VC_2638,,dihydrolipoyl dehydrogenase,0.0816022405559306,0.89402419290959
VC_RS12730,VC2640; VC_2640,,DUF3624 domain-containing protein,0.566392531320913,0.357685556116734
VC_RS12735,VC2641; VC_2641,argH,argininosuccinate lyase,-0.0516048351546158,0.975691509517976
VC_RS12740,VC2642; VC_2642,,argininosuccinate synthase,0.189348483799049,0.723789873889135
VC_RS12745,VC2643; VC_2643,argB,acetylglutamate kinase,0.319292241069462,0.504816892045539
VC_RS12750,VC2644; VC_2644,argC,N-acetyl-gamma-glutamyl-phosphate reductase,1.35341765753854,0.234631588220406
VC_RS12755,VC2645; VC_2645,argE,acetylornithine deacetylase,0.0477925392927517,0.939671369962531
VC_RS12760,VC2646; VC_2646,ppc,phosphoenolpyruvate carboxylase,0.338721190524173,0.567433796179827
VC_RS12765,VC2647; VC_2647,,PadR family transcriptional regulator,-0.0093496528327193,0.986102974192422
VC_RS12770,VC2649; VC_2649,cysE,serine O-acetyltransferase,0.270907482836768,0.32644343284888
VC_RS12775,VC2651; VC_2651,gpsA,NAD(P)H-dependent glycerol-3-phosphate dehydrogenase,-0.0383165377243104,0.955358627246211
VC_RS12780,VC2653; VC_2653,secB,protein-export chaperone SecB,0.0585742791261724,0.96202899889772
VC_RS12785,VC2654; VC_2654,,rhodanese-like domain-containing protein,-0.38336951348134,0.28533917368528
VC_RS12790,VC2655; VC_2655,epmA,elongation factor P--(R)-beta-lysine ligase,0.102940357642941,0.848971006474811
VC_RS12795,VC2656; VC_2656,frdA,fumarate reductase (quinol) flavoprotein subunit,0.547674771989285,0.572030967560168
VC_RS12800,VC2657; VC_2657,,succinate dehydrogenase/fumarate reductase iron-sulfur subunit,0.742494896685647,0.478381660453334
VC_RS12805,VC2658; VC_2658,frdC,fumarate reductase subunit FrdC,0.804383471427791,0.490653670097172
VC_RS12810,VC2659; VC_2659,frdD,fumarate reductase subunit FrdD,1.07499237326776,0.371284140092772
VC_RS12815,VC2660; VC_2660,efp,elongation factor P,0.249241064856371,0.651144520549828
VC_RS12820,VC2661; VC_2661,epmB,EF-P beta-lysylation protein EpmB,-0.176155155630239,0.709606929676229
VC_RS12825,VC2662; VC_2662,,VC2662 family protein,0.289530731468099,0.609745294582574
VC_RS12830,VC2664; VC_2664,groL,chaperonin GroEL,0.251084838079671,0.731438937673639
VC_RS12835,VC2665; VC_2665,,co-chaperone GroES,-0.431267773215875,0.555904723009223
VC_RS12840,VC2666; VC_2666,,helix-turn-helix transcriptional regulator,-0.409459764517989,0.522832269370223
VC_RS12845,VC2667; VC_2667,,DUF3135 domain-containing protein,0.382990118376888,0.412282208897457
VC_RS12850,VC2668; VC_2668,,DUF805 domain-containing protein,0.128665665143701,0.874447364436944
VC_RS12855,VC2669; VC_2669,,5-carboxymethyl-2-hydroxymuconate Delta-isomerase,0.0664234415223052,0.955358627246211
VC_RS12860,VC2670; VC_2670,tpiA,triose-phosphate isomerase,0.739218115436349,0.201793840881848
VC_RS12865,VC2671; VC_2671,,MATE family efflux transporter,-0.127154905897409,0.819507552807319
VC_RS12870,VC2672; VC_2672,rraA,ribonuclease E activity regulator RraA,0.314995632095692,0.567474485787857
VC_RS12875,VC2673; VC_2673,,"1,4-dihydroxy-2-naphthoate polyprenyltransferase",0.249901121278235,0.502086254699709
VC_RS12880,VC2674; VC_2674,hslU,HslU--HslV peptidase ATPase subunit,0.0119173608421464,0.98989430534948
VC_RS12885,VC2675; VC_2675,hslV,ATP-dependent protease subunit HslV,-0.133168899081957,0.869501926885578
VC_RS12890,VC2676; VC_2676,,SPOR domain-containing protein,-0.134236872419564,0.734571682409477
VC_RS12895,VC2677; VC_2677,cytR,DNA-binding transcriptional regulator CytR,0.0164334678434811,0.979955555366574
VC_RS12900,VC2678; VC_2678,priA,primosomal protein N',-0.115165318685184,0.707533684760716
VC_RS12905,VC2679; VC_2679,rpmE,50S ribosomal protein L31,-0.440114423606693,0.430935937907962
VC_RS12910,VC2681; VC_2681,,malic enzyme-like NAD(P)-binding protein,-0.0312153085027512,0.962410096243451
VC_RS12915,VC2682; VC_2682,metJ,met regulon transcriptional regulator MetJ,-0.259070066556897,0.651144520549828
VC_RS12920,VC2683; VC_2683,,O-succinylhomoserine (thiol)-lyase,-0.326917063856856,0.402496570544154
VC_RS12925,VC2684; VC_2684,,bifunctional aspartate kinase/homoserine dehydrogenase II,-0.0794266650577772,0.872417325879609
VC_RS12930,VC2685; VC_2685,metF,methylenetetrahydrofolate reductase,-0.357447628911729,0.42792316871466
VC_RS12935,VC2686; VC_2686,zapB,cell division protein ZapB,0.252436434059315,0.592429689419264
VC_RS12940,VC2688; VC_2688,glpX,class II fructose-bisphosphatase,-0.374551929023468,0.363256207847731
VC_RS12945,VC2689; VC_2689,pfkA,6-phosphofructokinase,0.542514881538882,0.473857544366175
VC_RS12950,VC2690; VC_2690,fieF,CDF family cation-efflux transporter FieF,0.149215021304621,0.712349008605497
VC_RS12955,VC2691; VC_2691,,CpxP family protein,0.291567772253338,0.709606929676229
VC_RS12960,VC2692; VC_2692,,response regulator,0.0826903037573182,0.869501926885578
VC_RS12965,VC2693; VC_2693,cpxA,envelope stress sensor histidine kinase CpxA,0.163583004430578,0.589597106600427
VC_RS12970,VC2694; VC_2694,,superoxide dismutase,0.127264314090532,0.880421026488718
VC_RS12975,VC2695; VC_2695,trmL,tRNA (uridine(34)/cytosine(34)/5- carboxymethylaminomethyluridine(34)-2'-O)- methyltransferase TrmL,-0.273857658429415,0.60864127033209
VC_RS12980,VC2696; VC_2696,,FxsA family protein,0.27113263385101,0.595070527195882
VC_RS12985,VC2697; VC_2697,,GGDEF domain-containing protein,0.172588002718493,0.734468995811525
VC_RS12990,VC2698; VC_2698,aspA,aspartate ammonia-lyase,0.0327006798813615,0.970445438249993
VC_RS12995,VC2699; VC_2699,,anaerobic C4-dicarboxylate transporter,0.401153098340104,0.651144520549828
VC_RS13000,VC2700; VC_2700,pulA,"pullulanase-type alpha-1,6-glucosidase",-0.131974853591502,0.850596518527154
VC_RS13005,VC2701; VC_2701,,protein-disulfide reductase DsbD,0.0698929406849849,0.882024250538045
VC_RS13010,VC2702; VC_2702,,response regulator,-0.255106604599966,0.496676115189952
VC_RS13015,VC2703; VC_2703,,potassium/proton antiporter,0.415935285000792,0.282627949877214
VC_RS13020,VC2704; VC_2704,,DUF4212 domain-containing protein,-0.525229021771573,0.845520453834463
VC_RS13025,VC2705; VC_2705,,sodium:solute symporter family protein,-0.0566580484679082,0.961903389058944
VC_RS13030,VC2706; VC_2706,,7-cyano-7-deazaguanine/7-aminomethyl-7- deazaguanine transporter,-0.34628598360687,0.667825375684256
VC_RS13035,VC2708; VC_2708,gmk,guanylate kinase,-0.288590242354621,0.490653670097172
VC_RS13040,VC2709; VC_2709,rpoZ,DNA-directed RNA polymerase subunit omega,-0.565184562558827,0.242445471863729
VC_RS13045,VC2710; VC_2710,spoT,"bifunctional GTP diphosphokinase/guanosine-3',5'-bis pyrophosphate 3'-pyrophosphohydrolase",-0.203327364395559,0.487481226341697
VC_RS13050,VC2711; VC_2711,recG,ATP-dependent DNA helicase RecG,0.296270122061039,0.336358765495488
VC_RS13055,VC2712; VC_2712,,uracil-xanthine permease family protein,-0.446164974721411,0.411933941548754
VC_RS13060,VC2713; VC_2713,envZ,two-component system sensor histidine kinase EnvZ,0.193527863185119,0.631934570802292
VC_RS13065,VC2714; VC_2714,ompR,osmolarity response regulator transcription factor OmpR,-0.0474490359980815,0.946813749331862
VC_RS13070,VC2715; VC_2715,greB,transcription elongation factor GreB,-0.223380924686573,0.700365960772101
VC_RS13075,VC2716; VC_2716,,Tex family protein,0.182173027122652,0.846144347853446
VC_RS13080,VC2717; VC_2717,,hypothetical protein,-0.0499296368434339,0.974861034148083
VC_RS13085,VC2718; VC_2718,bioH,pimeloyl-ACP methyl ester esterase BioH,0.0920539637891322,0.81178061950367
VC_RS13100,VC2720; VC_2720,nfuA,Fe-S biogenesis protein NfuA,-0.128067753520798,0.738715781551268
VC_RS13105,VC2721; VC_2721,nudE,ADP compounds hydrolase NudE,0.23195676028813,0.663482246041155
VC_RS13110,VC2722; VC_2722,cysQ,"3'(2'),5'-bisphosphate nucleotidase CysQ",0.104263023228162,0.859291303776041
VC_RS13115,VC2723; VC_2723,,type II secretion system protein N,0.0091102118120336,0.996276522669524
VC_RS13120,VC2724; VC_2724,,type II secretion system protein M,-0.0833225244516581,0.893341449635318
VC_RS13125,VC2725; VC_2725,gspL,type II secretion system protein GspL,-0.129462154372454,0.815467234744683
VC_RS13130,VC2726; VC_2726,gspK,type II secretion system minor pseudopilin GspK,-0.154418230476125,0.777213303153342
VC_RS13135,VC2727; VC_2727,gspJ,type II secretion system minor pseudopilin GspJ,-0.613938094814372,0.478873098764427
VC_RS13140,VC2728; VC_2728,gspI,type II secretion system minor pseudopilin GspI,-0.317826569254567,0.729265991904067
VC_RS13145,VC2729; VC_2729,gspH,type II secretion system minor pseudopilin GspH,-0.0731323731311013,0.930358018072619
VC_RS13150,VC2730; VC_2730,gspG,type II secretion system major pseudopilin GspG,0.105437344996347,0.866391549152369
VC_RS13155,VC2731; VC_2731,gspF,type II secretion system inner membrane protein GspF,0.0765157241954627,0.923652459135923
VC_RS13160,VC2732; VC_2732,gspE,type II secretion system ATPase GspE,0.0510203997348627,0.922915621269312
VC_RS13165,VC2733; VC_2733,gspD,type II secretion system secretin GspD,-0.0434115065669317,0.925562014683526
VC_RS13170,VC2734; VC_2734,gspC,type II secretion system protein GspC,-0.0312358543114895,0.959369601938114
VC_RS13175,VC2735; VC_2735,hslR,ribosome-associated heat shock protein Hsp15,-0.399663654269496,0.407939072763512
VC_RS13180,VC2736; VC_2736,hslO,Hsp33 family molecular chaperone HslO,-0.197624586709688,0.67130815723853
VC_RS13185,VC2738; VC_2738,pckA,phosphoenolpyruvate carboxykinase (ATP),-0.282516189141799,0.506135755625279
VC_RS13190,VC2739; VC_2739,,AsmA family protein,-0.0802039891947606,0.869828472634362
VC_RS13195,VC2740; VC_2740,,bifunctional GNAT family N-acetyltransferase/hotdog fold thioesterase,-1.10834463977718,0.288539717946917
VC_RS13200,VC2741; VC_2741,dtd,D-aminoacyl-tRNA deacylase,0.145055225107399,0.89402419290959
VC_RS13205,VC2742; VC_2742,,virulence factor BrkB family protein,0.0613362271758651,0.884805992073144
VC_RS13210,VC2743; VC_2743,,AAA family ATPase,-0.0838042827001078,0.919295331543871
VC_RS13215,VC2744; VC_2744,typA,translational GTPase TypA,-0.0801739596416386,0.871402597399076
VC_RS13220,VC2745; VC_2745,,hypothetical protein,-0.305639558147808,0.68617634172676
VC_RS13225,VC2746; VC_2746,glnA,glutamate--ammonia ligase,0.0281895264408983,0.974861034148083
VC_RS13230,VC2747; VC_2747,,DUF4124 domain-containing protein,-0.236427368498289,0.619232686937686
VC_RS13235,VC2748; VC_2748,glnL,nitrogen regulation protein NR(II),-0.0312646617244422,0.966718282182809
VC_RS13240,VC2749; VC_2749,glnG,nitrogen regulation protein NR(I),-0.255053212812913,0.521073396853259
VC_RS13245,VC2750; VC_2750,,bifunctional diguanylate cyclase/phosphodiesterase,0.300714735326665,0.399330937101961
VC_RS13250,VC2751; VC_2751,add,adenosine deaminase,0.0653230367855177,0.925243339039547
VC_RS13325,VC2755; VC_2755,hemG,menaquinone-dependent protoporphyrinogen IX dehydrogenase,-0.323354343205749,0.411933941548754
VC_RS13330,VC2756; VC_2756,,TrkH family potassium uptake protein,-0.230091993321891,0.760762779570363
VC_RS13335,VC2757; VC_2757,,YigZ family protein,-0.165021096093555,0.795528971817265
VC_RS13340,VC2758; VC_2758,fadB,fatty acid oxidation complex subunit alpha FadB,-0.411009124700502,0.426679091217662
VC_RS13345,VC2759; VC_2759,fadA,acetyl-CoA C-acyltransferase FadA,-0.12696414723247,0.828288739954731
VC_RS13350,VC2760; VC_2760,punR,DNA-binding transcriptional activator PunR,1.10460330521762,0.309258804651451
VC_RS13355,VC2761; VC_2761,punC,purine nucleoside transporter PunC,0.610656020293576,0.651144520549828
VC_RS13360,VC2762; VC_2762,glmU,bifunctional UDP-N-acetylglucosamine diphosphorylase/glucosamine-1-phosphate N-acetyltransferase GlmU,-0.142808860812895,0.852744635450348
VC_RS13365,VC2763; VC_2763,,F0F1 ATP synthase subunit epsilon,0.434709805520872,0.572030967560168
VC_RS13370,VC2764; VC_2764,atpD,F0F1 ATP synthase subunit beta,0.0302840059555325,0.964783073910097
VC_RS13375,VC2765; VC_2765,atpG,F0F1 ATP synthase subunit gamma,-0.0585286747907876,0.939671369962531
VC_RS13380,VC2766; VC_2766,atpA,F0F1 ATP synthase subunit alpha,-0.0206350030592447,0.976850199293178
VC_RS13385,VC2767; VC_2767,atpH,F0F1 ATP synthase subunit delta,-0.15893190410478,0.701715982796404
VC_RS13390,VC2768; VC_2768,atpF,F0F1 ATP synthase subunit B,-0.115031474042975,0.735293066801623
VC_RS13395,VC2769; VC_2769,atpE,F0F1 ATP synthase subunit C,0.162396634148129,0.701845327355741
VC_RS13400,VC2770; VC_2770,atpB,F0F1 ATP synthase subunit A,0.183216978468361,0.646838680289315
VC_RS13405,VC2771; VC_2771,,F0F1 ATP synthase subunit I,0.156203871109376,0.680687274175431
VC_RS13410,VC2772; VC_2772,,ParB/RepB/Spo0J family partition protein,0.147024016838084,0.777319574297092
VC_RS13415,VC2773; VC_2773,,ParA family protein,-0.0397426671703515,0.951082589236544
VC_RS13420,VC2774; VC_2774,rsmG,16S rRNA (guanine(527)-N(7))-methyltransferase RsmG,-0.345662213761997,0.344733228574239
VC_RS13425,VC2775; VC_2775,mnmG,tRNA uridine-5-carboxymethylaminomethyl(34) synthesis enzyme MnmG,-0.355285634863523,0.321614871392933
VC_RS13430,VCA0002; VC_A0002,,replication initiator protein RctB domain-containing protein,0.0701200072083614,0.890862630265821
VC_RS13435,VCA0003; VC_A0003,,hypothetical protein,0.392348462065409,0.514204661064633
VC_RS13440,VCA0004; VC_A0004,,PA3496 family putative envelope integrity protein,0.0928297813334062,0.927013607962796
VC_RS13445,VCA0005; VC_A0005,,DUF3283 family protein,-0.0902873353966302,0.89457813502859
VC_RS13450,VCA0006; VC_A0006,,YebC/PmpR family DNA-binding transcriptional regulator,0.3007678306234,0.506135755625279
VC_RS13455,VCA0007; VC_A0007,,NAD(P)-dependent oxidoreductase,-0.0520692819769842,0.947732134388849
VC_RS13460,VCA0008; VC_A0008,,methyl-accepting chemotaxis protein,0.0724646375634184,0.962116094724822
VC_RS13465,VCA0010; VC_A0010,,YibL family ribosome-associated protein,-0.295012886365139,0.710784805491177
VC_RS13470,VCA0011; VC_A0011,malT,HTH-type transcriptional regulator MalT,0.418141807890215,0.524235340903126
VC_RS13475,VCA0013; VC_A0013,,glycogen/starch/alpha-glucan phosphorylase,0.436137067026014,0.543056946452676
VC_RS13480,VCA0014; VC_A0014,malQ,4-alpha-glucanotransferase,0.347779775479124,0.632612019068539
VC_RS13485,VCA0015; VC_A0016,glgB,"1,4-alpha-glucan branching protein GlgB",0.482615926219112,0.421582743744366
VC_RS13490,VCA0017; VC_A0017,hcp-2,type VI secretion system effector Hcp-2,0.473150925613838,0.383822964536219
VC_RS13495,VCA0018; VC_A0018,,type VI secretion system Vgr family protein,-0.0214423447233334,0.979955555366574
VC_RS13500,VCA0019; VC_A0019,vasW,type VI secretion system accessory protein VasW,0.185151899160394,0.740913992550985
VC_RS13505,VCA0020; VC_A0020,vasX,type VI secretion system toxin VasX,0.0410859907405684,0.923678807398947
VC_RS13510,VCA0021; VC_A0021,tsiV2,type VI secretion system immunity protein TsiV2,0.275297386567888,0.51423658603205
VC_RS13515,VCA0022; VC_A0022,,MAPEG family protein,0.192524434218192,0.676414339671387
VC_RS13520,VCA0023; VC_A0023,,acyltransferase,0.360286038485503,0.765044972808628
VC_RS13525,VCA0024; VC_A0024,,AEC family transporter,0.211981249562537,0.628679829935957
VC_RS13530,VCA0025; VC_A0025,,SLC13 family permease,0.0308656243829249,0.97791572103016
VC_RS13535,VCA0026; VC_A0026,,DUF2057 domain-containing protein,0.12429746721479,0.735293066801623
VC_RS13540,VCA0027; VC_A0027,,glycosyl hydrolase family 18 protein,-0.0305773375457682,0.979955555366574
VC_RS13545,VCA0029; VC_A0029,,IclR family transcriptional regulator,0.5080403597505,0.273532877079865
VC_RS13550,VCA0030; VC_A0030,,arginase family protein,0.289104920272365,0.707533684760716
VC_RS13555,VCA0031; VC_A0031,,methyl-accepting chemotaxis protein,0.267483532348529,0.590865799780382
VC_RS13560,VCA0032; VC_A0032,,hypothetical protein,0.501516923748664,0.363256207847731
VC_RS13565,VCA0033; VC_A0033,,PhoX family protein,0.0670429912274911,0.901262147528013
VC_RS13570,VCA0034; VC_A0034,,HDOD domain-containing protein,-0.336928279814377,0.848129865358703
VC_RS13575,VCA0035; VC_A0035,,phosphatase PAP2 family protein,0.414671344025086,0.558419280714949
VC_RS13580,VCA0036; VC_A0036,sstT,serine/threonine transporter SstT,0.024601985882459,0.972591899046259
VC_RS13585,VCA0037; VC_A0037,,copper chaperone PCu(A)C,-0.0149470078794746,0.982844643300642
VC_RS13590,VCA0038; VC_A0038,,SCO family protein,-0.498901219291525,0.201793840881848
VC_RS13595,VCA0039; VC_A0039,,hypothetical protein,-0.547309190585452,0.166677777045471
VC_RS13600,VCA0040; VC_A0040,,DUF368 domain-containing protein,-0.22414648543149,0.619232686937686
VC_RS13605,VCA0041; VC_A0041,gltS,sodium/glutamate symporter,-0.239223210657723,0.596148951336775
VC_RS13610,VCA0042; VC_A0042,,PilZ domain-containing protein,0.0163238162423306,0.974861034148083
VC_RS13615,VCA0043; VC_A0043,,GNAT family N-acetyltransferase,0.616442602673463,0.166677777045471
VC_RS13620,VCA0044; VC_A0044,,S41 family peptidase,0.253897858128313,0.412061780232638
VC_RS13625,VCA0047; VC_A0047,,HlyD family secretion protein,0.439323863491939,0.238851400071902
VC_RS13630,VCA0048; VC_A0048,,DUF3302 domain-containing protein,0.0140895529302773,0.98084954138431
VC_RS13635,VCA0049,,diguanylate cyclase domain-containing protein,0.281661327952019,0.51423658603205
VC_RS13640,VCA0051; VC_A0051,,hypothetical protein,-0.0846535770349796,0.829213331986171
VC_RS13645,VCA0052; VC_A0052,,hypothetical protein,0.319344599870335,0.609235337326706
VC_RS13650,VCA0053; VC_A0053,deoD,purine-nucleoside phosphorylase,0.282963373284418,0.602906374379333
VC_RS13655,VCA0055; VC_A0055,,YbgA family protein,0.297554501988716,0.490653670097172
VC_RS13660,VCA0056; VC_A0056,,MerR family transcriptional regulator,0.274651512406207,0.634853433700527
VC_RS13665,VCA0057; VC_A0057,phrB,deoxyribodipyrimidine photo-lyase,-0.0198650500772898,0.978229881643942
VC_RS13670,VCA0058; VC_A0058,,"L,D-transpeptidase family protein",0.248865973194232,0.50915015075576
VC_RS13675,VCA0059; VC_A0059,,Lpp/OprI family alanine-zipper lipoprotein,0.401720565361623,0.490822799356136
VC_RS13680,VCA0061; VC_A0061,,DEAD/DEAH box helicase,0.000296099192938,0.998931849616408
VC_RS13685,VCA0063; VC_A0063,,prolyl oligopeptidase family serine peptidase,-0.440322360195833,0.377912833961916
VC_RS13690,VCA0064; VC_A0064,,TonB-dependent hemoglobin/transferrin/lactoferrin family receptor,-0.786907327207156,0.153052544183448
VC_RS13695,VCA0065; VC_A0065,,proprotein convertase P-domain-containing protein,-0.731019092615368,0.194528405817562
VC_RS13700,VCA0066; VC_A0066,,DUF1566 domain-containing protein,-0.686065202429666,0.220979893965504
VC_RS13705,VCA0067; VC_A0067,,DUF1566 domain-containing protein,-0.514827113883056,0.270271066234542
VC_RS13710,VCA0068; VC_A0068,,methyl-accepting chemotaxis protein,0.167432387041439,0.721012648297316
VC_RS13715,VCA0070; VC_A0070,,phosphate ABC transporter substrate-binding protein,-0.628962957287917,0.377912833961916
VC_RS13720,VCA0071; VC_A0071,pstC,phosphate ABC transporter permease subunit PstC,-0.484756479046499,0.51014478810541
VC_RS13725,VCA0072; VC_A0072,pstA,phosphate ABC transporter permease PstA,-0.549566465707693,0.463403617512094
VC_RS13730,VCA0073; VC_A0073,pstB,phosphate ABC transporter ATP-binding protein PstB,-0.980806476026737,0.153052544183448
VC_RS13735,VCA0074; VC_A0074,,GGDEF domain-containing protein,-0.0277349251754871,0.97144927025074
VC_RS13740,VCA0075; VC_A0075,,molybdopterin-dependent oxidoreductase,0.124570144074483,0.924785013560035
VC_RS13745,VCA0076; VC_A0076,,YjiH family protein,-0.439834084615355,0.321465558729618
VC_RS13750,VCA0077; VC_A0077,,SulP family inorganic anion transporter,-0.116761454780146,0.773727135978744
VC_RS13755,VCA0078; VC_A0078,,isoamylase early set domain-containing protein,0.700760568925274,0.211665192912378
VC_RS13760,VCA0079; VC_A0079,shyA,peptidoglycan DD-metalloendopeptidase ShyA,0.404326805117507,0.345517184133735
VC_RS13765,VCA0080; VC_A0080,,sensor domain-containing phosphodiesterase,0.128560106192621,0.819507552807319
VC_RS13770,VCA0082; VC_A0082,,LysR family transcriptional regulator,-0.217483576685971,0.66568811840876
VC_RS13775,VCA0083; VC_A0083,,multidrug effflux MFS transporter,-0.0833406287108225,0.89402419290959
VC_RS13780,VCA0084; VC_A0084,soxR,redox-sensitive transcriptional activator SoxR,-0.0420956787364105,0.955358627246211
VC_RS13785,VCA0085; VC_A0085,,MFS transporter,0.279438487337074,0.587446879718233
VC_RS13790,VCA0086; VC_A0086,,hypothetical protein,-0.18030081905719,0.839848465517868
VC_RS13795,VCA0088; VC_A0088,,dicarboxylate/amino acid:cation symporter,-0.111041570076884,0.899566166540062
VC_RS13800,VCA0090; VC_A0090,,DMT family transporter,-0.0458052946284552,0.954075518238034
VC_RS13805,VCA0091; VC_A0091,,DUF134 domain-containing protein,0.363317805680692,0.531007160071586
VC_RS13810,VCA0092; VC_A0092,,esterase/lipase family protein,0.0619006300952809,0.901229742898555
VC_RS13815,VCA0094; VC_A0094,,winged helix-turn-helix transcriptional regulator,0.597768866552766,0.448588673453403
VC_RS13820,VCA0095; VC_A0095,,hypothetical protein,-0.663267102470836,0.808560267758285
VC_RS13825,VCA0096; VC_A0096,,zinc-dependent metalloprotease family protein,0.112583378530739,0.964095265340398
VC_RS13830,VCA0097; VC_A0097,,NUDIX hydrolase,-0.187038596235362,0.649942302356509
VC_RS13835,VCA0098; VC_A0098,pncB,nicotinate phosphoribosyltransferase,-0.0728653529189299,0.880421026488718
VC_RS13840,VCA0099; VC_A0099,,oxidoreductase,-0.0153940851930082,0.98084954138431
VC_RS13845,VCA0100; VC_A0100,,rhodanese-like domain-containing protein,0.476571411537167,0.237238080115854
VC_RS13850,VCA0101; VC_A0101,,EAL domain-containing protein,0.0741713046137761,0.891997178607728
VC_RS13855,VCA0102; VC_A0102,,HAD family hydrolase,-0.437648066411221,0.238851400071902
VC_RS13860,VCA0103; VC_A0103,,SulP family inorganic anion transporter,0.141940257366881,0.729305003091408
VC_RS13865,VCA0104,,RluA family pseudouridine synthase,-0.604898037872467,0.166677777045471
VC_RS13870,VCA0105; VC_A0105,,type VI secretion system PAAR protein,0.376270776472529,0.569944750779614
VC_RS13875,VCA0106; VC_A0106,,sel1 repeat family protein,0.0068406413375755,0.991451891356219
VC_RS13880,VCA0107; VC_A0107,tssB,type VI secretion system contractile sheath small subunit,0.370526718149106,0.310878562468639
VC_RS13885,VCA0108; VC_A0108,tssC,type VI secretion system contractile sheath large subunit,0.150501788876474,0.711114213722705
VC_RS13890,VCA0109; VC_A0109,tssE,type VI secretion system baseplate subunit TssE,-0.0217696147718997,0.976850199293178
VC_RS13895,VCA0110; VC_A0110,tssF,type VI secretion system baseplate subunit TssF,-0.107457800565953,0.837856073477104
VC_RS13900,VCA0111; VC_A0111,tssG,type VI secretion system baseplate subunit TssG,-0.263284252082224,0.695349855499946
VC_RS13905,VCA0112; VC_A0112,tagH,type VI secretion system-associated FHA domain protein TagH,-0.232979700126315,0.701715982796404
VC_RS13910,VCA0113; VC_A0113,tssJ,type VI secretion system lipoprotein TssJ,-0.383537672210749,0.729809751549459
VC_RS13915,VCA0114; VC_A0114,tssK,type VI secretion system baseplate subunit TssK,0.265303380035298,0.572229729598548
VC_RS13920,VCA0115; VC_A0115,icmH,type IVB secretion system protein IcmH/DotU,0.147618638388604,0.835336755895075
VC_RS13925,VCA0116; VC_A0116,tssH,type VI secretion system ATPase TssH,-0.0975970574259468,0.85394189872216
VC_RS13930,VCA0117; VC_A0117,vasH,sigma-54 dependent T6SS transcriptional regulator VasH,-0.129072433226073,0.785869436071878
VC_RS13935,VCA0118; VC_A0118,vasI,type VI secretion system-associated protein VasI,-0.157314275555043,0.865667143484325
VC_RS13940,VCA0119; VC_A0119,vasJ,TssA family type VI secretion system protein VasJ,-0.339273204706682,0.574430813394851
VC_RS13945,VCA0120; VC_A0120,tssM,type VI secretion system membrane subunit TssM,0.104998384036446,0.843953632349059
VC_RS13950,VCA0121; VC_A0121,,type VI secretion system ImpA family N-terminal domain-containing protein,-0.187901100039824,0.60864127033209
VC_RS13955,VCA0123; VC_A0123,tssI,type VI secretion system tip protein TssI/VgrG,0.0547553785347075,0.92255648056388
VC_RS13960,VCA0124; VC_A0124,tsiV3,type VI secretion system antitoxin TsiV3,0.464704420735626,0.439028040780559
VC_RS13965,VCA0125; VC_A0125,,DUF3012 domain-containing protein,0.598987969394585,0.334548740722884
VC_RS13970,VCA0127; VC_A0127,rbsD,D-ribose pyranase,-0.526167865973271,0.563658756647457
VC_RS13975,VCA0128; VC_A0128,rbsA,ribose ABC transporter ATP-binding protein RbsA,-0.230261311941276,0.766137987623168
VC_RS13980,VCA0129; VC_A0129,rbsC,ribose ABC transporter permease,-0.115721629390293,0.859291303776041
VC_RS13985,VCA0130; VC_A0130,rbsB,ribose ABC transporter substrate-binding protein RbsB,0.087909247243962,0.89402419290959
VC_RS13990,VCA0131; VC_A0131,rbsK,ribokinase,-0.249558678944505,0.547000931486982
VC_RS13995,VCA0132; VC_A0132,,substrate-binding domain-containing protein,-0.140537650306848,0.758479279132961
VC_RS14000,VCA0133; VC_A0133,pnuC,nicotinamide riboside transporter PnuC,0.0015786402461896,0.99664717152555
VC_RS14010,VCA0134; VC_A0134,,nucleoside phosphorylase,-0.474627080052257,0.247072446260747
VC_RS14015,VCA0135; VC_A0135,,Crp/Fnr family transcriptional regulator,0.183112551087908,0.707064056795527
VC_RS14020,VCA0136; VC_A0136,glpQ,glycerophosphodiester phosphodiesterase,0.13362031714059,0.839848465517868
VC_RS14025,VCA0137; VC_A0137,glpT,glycerol-3-phosphate transporter,0.349290790028301,0.514204661064633
VC_RS14030,VCA0139; VC_A0139,,DUF3316 domain-containing protein,0.529708324504218,0.237810837252549
VC_RS14035,VCA0140; VC_A0140,,lytic polysaccharide monooxygenase,-0.137515276504581,0.91764585295352
VC_RS14040,VCA0141; VC_A0141,,sensor histidine kinase,-0.054317551508013,0.959369601938114
VC_RS14045,VCA0142; VC_A0142,,sigma-54-dependent transcriptional regulator,0.410192054958981,0.271635781152787
VC_RS14050,VCA0144; VC_A0144,,TAXI family TRAP transporter solute-binding subunit,0.0019156048051202,0.998138061296719
VC_RS14055,VCA0146; VC_A0146,,TRAP transporter permease,0.0128532585034954,0.989678319775601
VC_RS14060,VCA0147; VC_A0147,lhgO,L-2-hydroxyglutarate oxidase,0.148062717091069,0.725677112776993
VC_RS14065,VCA0148; VC_A0148,,M66 family metalloprotease,-0.0110646012238008,0.985977258112318
VC_RS14070,VCA0150; VC_A0150,def,peptide deformylase,-0.086187181724005,0.921806166645907
VC_RS14075,VCA0151; VC_A0151,,ferredoxin reductase family protein,-0.0596889083243022,0.923594349545435
VC_RS14080,VCA0152; VC_A0152,mnhG,monovalent cation/H(+) antiporter subunit G,-0.20715679552932,0.773727135978744
VC_RS14085,VCA0153; VC_A0153,,cation:proton antiporter,0.579725497623668,0.721176275821282
VC_RS14090,VCA0154; VC_A0154,,Na+/H+ antiporter subunit E,0.62243336300791,0.595070527195882
VC_RS14095,VCA0155; VC_A0155,,proton-conducting transporter membrane subunit,0.420100913972766,0.495711314188993
VC_RS14100,VCA0156; VC_A0156,,Na+/H+ antiporter subunit C,0.356622206524913,0.726676953454585
VC_RS14105,VCA0157; VC_A0157,mbhE,hydrogen gas-evolving membrane-bound hydrogenase subunit E,0.107824977738858,0.964671308207703
VC_RS14110,VCA0158; VC_A0158,,hypothetical protein,-0.493118153763669,0.480049717892255
VC_RS14115,VCA0159; VC_A0159,,universal stress protein,0.035358258704441,0.976850199293178
VC_RS14120,VCA0160; VC_A0160,,aromatic amino acid transporter,0.021685115941077,0.983190890078296
VC_RS14125,VCA0161; VC_A0161,tnaA,tryptophanase,-0.370120900701159,0.695952427188307
VC_RS14135,VCA0163; VC_A0163,,DUF3820 family protein,-0.310542430348203,0.687931170306998
VC_RS14140,VCA0164; VC_A0164,,"L,D-transpeptidase family protein",-0.400652527680841,0.491931248404258
VC_RS14145,VCA0165; VC_A0165,,GGDEF domain-containing protein,-0.681807335601067,0.194341387410718
VC_RS14150,VCA0166; VC_A0166,,transcription antiterminator/RNA stability regulator CspE,-0.0457823169083999,0.977852978677362
VC_RS14155,VCA0167; VC_A0167,,SIMPL domain-containing protein,0.490075027068944,0.166677777045471
VC_RS14160,VCA0168,,BatD family protein,0.0663582692021353,0.95888059972276
VC_RS14165,VCA0171; VC_A0171,,vWA domain-containing protein,0.315749310591847,0.595921017815836
VC_RS14170,VCA0172; VC_A0172,,vWA domain-containing protein,0.184962043788045,0.749313440753366
VC_RS14175,VCA0173; VC_A0173,,DUF4381 domain-containing protein,-0.132792848255736,0.839848465517868
VC_RS14180,VCA0174; VC_A0174,,DUF58 domain-containing protein,-0.199235180337971,0.681380440080012
VC_RS14185,VCA0175; VC_A0175,,AAA family ATPase,-0.235631929719638,0.676414339671387
VC_RS14190,VCA0176; VC_A0176,,methyl-accepting chemotaxis protein,0.0280463507642366,0.962116094724822
VC_RS14195,VCA0177; VC_A0177,,chromosome segregation ATPase,0.309925572904414,0.619140580905603
VC_RS14200,VCA0178; VC_A0178,,DsbA family oxidoreductase,0.453373816832387,0.421582743744366
VC_RS14205,VCA0179; VC_A0179,,NupC/NupG family nucleoside CNT transporter,-0.735558552120307,0.238851400071902
VC_RS14210,VCA0180; VC_A0180,pepT,peptidase T,0.326662941058093,0.744104533977394
VC_RS14215,VCA0181; VC_A0181,,mechanosensitive ion channel family protein,0.308754443301103,0.369695933922101
VC_RS14220,VCA0182; VC_A0182,norR,nitric oxide reductase transcriptional regulator NorR,-0.0174011180689422,0.97791572103016
VC_RS14225,VCA0183; VC_A0183,hmpA,NO-inducible flavohemoprotein,0.315391552266873,0.614373190095763
VC_RS14230,VCA0184; VC_A0184,,cold-shock protein,0.372846367109618,0.555904723009223
VC_RS14235,VCA0185; VC_A0185,,alternative ribosome-rescue factor A,-0.482500321687563,0.524235340903126
VC_RS14240,VCA0186; VC_A0186,,hypothetical protein,-0.263345743547698,0.601948184603507
VC_RS14245,VCA0188; VC_A0188,,hypothetical protein,-0.326643987279998,0.721012648297316
VC_RS14250,VCA0189; VC_A0189,,response regulator,0.238330288387092,0.712349008605497
VC_RS14255,VCA0190; VC_A0190,,PAS domain-containing protein,0.0908514302943838,0.89457813502859
VC_RS14260,VCA0191; VC_A0191,,bifunctional ADP-dependent NAD(P)H-hydrate dehydratase/NAD(P)H-hydrate epimerase,0.0174118085575045,0.978229881643942
VC_RS14265,VCA0192; VC_A0192,,2-hydroxyacid dehydrogenase,0.465369733790108,0.314222700467683
VC_RS14270,VCA0193; VC_A0193,,Na+/H+ antiporter NhaC family protein,-0.511064213335351,0.314222700467683
VC_RS14275,VCA0194; VC_A0194,,potassium channel family protein,0.142540706655243,0.777319574297092
VC_RS14280,VCA0195; VC_A0195,,outer membrane beta-barrel protein,0.357252142113907,0.533750567634868
VC_RS14285,VCA0197; VC_A0197,,GMP reductase,-0.0756601002977438,0.832025555531449
VC_RS14290,VCA0198; VC_A0198,,DNA cytosine methyltransferase,0.250392146196513,0.660014576959245
VC_RS14295,VCA0199; VC_A0199,,DUF262 domain-containing protein,0.136048066607612,0.819507552807319
VC_RS14300,VCA0200; VC_A0200,,AAA family ATPase,-0.0444807591393516,0.964671308207703
VC_RS14305,VCA0201; VC_A0201,,hypothetical protein,-0.17499180394134,0.876553789428223
VC_RS14310,VCA0202; VC_A0202,tnpA,IS200/IS605-like element IS1004 family transposase,-0.220913112062619,0.789390319019256
VC_RS14320,,,HNH endonuclease,-0.597677907297227,0.377233151376271
VC_RS14325,VCA0204; VC_A0204,,DEAD/DEAH box helicase,-0.355603904685909,0.504816892045539
VC_RS14330,VCA0205; VC_A0205,,anaerobic C4-dicarboxylate transporter,0.219965172860972,0.845733231064718
VC_RS14335,VCA0207; VC_A0207,nadE,ammonia-dependent NAD(+) synthetase,-0.220935848451234,0.571481073220834
VC_RS14340,VCA0208; VC_A0208,,nicotinate-nicotinamide nucleotide adenylyltransferase,0.0495339170062824,0.924207580345059
VC_RS14345,VCA0210; VC_A0210,,DUF3369 domain-containing protein,-0.292836918633091,0.557580775538832
VC_RS14350,VCA0211; VC_A0211,,ATP-binding protein,-0.0822385886857443,0.925243339039547
VC_RS14355,VCA0212; VC_A0212,,ABC transporter substrate-binding protein,-0.421024057582621,0.376369630491729
VC_RS14360,VCA0213; VC_A0213,,Na+/H+ antiporter NhaC family protein,0.0757153626416357,0.941350552784345
VC_RS14365,VCA0214; VC_A0214,emrD,multidrug efflux MFS transporter EmrD,-1.19304696244875,0.153052544183448
VC_RS14370,VCA0216; VC_A0216,,hypothetical protein,0.277530594347272,0.601948184603507
VC_RS14375,VCA0217; VC_A0217,,GGDEF domain-containing protein,0.353297584796163,0.470895555993589
VC_RS14380,VCA0218; VC_A0218,,SGNH/GDSL hydrolase family protein,-0.458499483171501,0.55658521845171
VC_RS14385,VCA0219; VC_A0219,hlyA,cytolysin VCC,-0.340537583011724,0.735293066801623
VC_RS14390,VCA0220; VC_A0220,,methyl-accepting chemotaxis protein,0.25955921679354,0.619140580905603
VC_RS14395,VCA0221; VC_A0221,,lipase family alpha/beta hydrolase,0.610993568005195,0.462536442001277
VC_RS14400,VCA0222; VC_A0222,,lipase secretion chaperone,0.533684579529819,0.411933941548754
VC_RS14405,VCA0223; VC_A0223,prtV,M6 family metalloprotease PrtV,0.0955345466242202,0.860854348596186
VC_RS14410,VCA0224; VC_A0224,,hypothetical protein,0.559514089437762,0.514204661064633
VC_RS14415,VCA0225; VC_A0225,,class II glutamine amidotransferase,0.312241302233588,0.555904723009223
VC_RS14420,VCA0227; VC_A0227,vctP,iron chelate ABC transporter substrate-binding protein VctP,-0.104200683490935,0.901262147528013
VC_RS14425,VCA0228; VC_A0228,vctD,iron chelate uptake ABC transporter permease subunit VctD,-0.108084803667005,0.879507644063237
VC_RS14430,VCA0229; VC_A0229,vctG,iron chelate uptake ABC transporter permease subunit VctG,0.203595380815908,0.66568811840876
VC_RS14435,VCA0230; VC_A0230,vctC,iron chelate ABC transporter ATP-binding protein VctC,0.144790067335084,0.806566012163888
VC_RS14440,VCA0231; VC_A0231,,helix-turn-helix domain-containing protein,-0.375258082679886,0.440083204565995
VC_RS14445,VCA0232; VC_A0232,vctA,TonB-dependent iron chelate receptor VctA,-0.445037737794041,0.377912833961916
VC_RS14450,VCA0233; VC_A0233,,DUF2218 domain-containing protein,-0.245234345691391,0.758471227589766
VC_RS14455,VCA0235; VC_A0235,,acetate/propionate family kinase,0.249999006295433,0.67130815723853
VC_RS14460,VCA0236; VC_A0236,,hypothetical protein,0.444480172271619,0.407939072763512
VC_RS14465,VCA0237; VC_A0237,,phosphoribosyl-AMP cyclohydrolase,0.538299310080437,0.611960682097161
VC_RS14470,VCA0238; VC_A0238,,HAMP domain-containing sensor histidine kinase,-0.165437485035561,0.637526309507298
VC_RS14475,VCA0239; VC_A0239,,response regulator transcription factor,-0.136654859031868,0.782980327676578
VC_RS14480,VCA0240; VC_A0240,,hypothetical protein,-0.342675280983198,0.377912833961916
VC_RS14485,VCA0241; VC_A0241,,L-ribulose-5-phosphate 3-epimerase,0.299786177548096,0.819507552807319
VC_RS14490,VCA0242; VC_A0242,,3-keto-L-gulonate-6-phosphate decarboxylase UlaD,0.220803512808285,0.880674963921141
VC_RS14495,VCA0243; VC_A0243,,Cof-type HAD-IIB family hydrolase,0.357584682973217,0.667825375684256
VC_RS14500,VCA0244; VC_A0244,,L-ribulose-5-phosphate 4-epimerase,0.824005674914561,0.430935937907962
VC_RS14505,VCA0245; VC_A0245,,PTS sugar transporter subunit IIA,0.399181168871113,0.786200741082558
VC_RS14510,VCA0246; VC_A0246,,PTS ascorbate-specific subunit IIBC,0.203064439265357,0.890862630265821
VC_RS14515,VCA0247; VC_A0247,ulaR,HTH-type transcriptional regulator UlaR,0.112925349285352,0.879507644063237
VC_RS14520,VCA0248; VC_A0248,ulaG,L-ascorbate 6-phosphate lactonase,0.433436639844205,0.378871326893348
VC_RS14525,VCA0249; VC_A0249,,cytochrome b,0.565224991842752,0.321465558729618
VC_RS14530,VCA0250; VC_A0250,,alpha-amylase family protein,0.664187733073286,0.234631588220406
VC_RS14535,VCA0253; VC_A0253,,CatB-related O-acetyltransferase,-0.143051851738129,0.847820052867848
VC_RS14540,,,glycoside hydrolase,0.223423078684069,0.852314543203136
VC_RS14545,VCA0254; VC_A0254,,glycoside hydrolase,-0.435392541653329,0.321465558729618
VC_RS14550,VCA0255; VC_A0255,,DUF2861 family protein,-0.576116581551764,0.238851400071902
VC_RS14555,VCA0256; VC_A0256,,response regulator transcription factor,-0.226171321677573,0.695349855499946
VC_RS14560,VCA0257; VC_A0257,,ATP-binding protein,-0.0005125775683746,0.998931849616408
VC_RS14565,VCA0258; VC_A0258,,cupin domain-containing protein,-0.261941289630631,0.771237928789747
VC_RS14570,VCA0260,,cupredoxin family protein,-0.286660466274208,0.695349855499946
VC_RS14575,VCA0262; VC_A0262,,hypothetical protein,-0.892523323345132,0.16590930017355
VC_RS14580,VCA0263; VC_A0263,,GNAT family N-acetyltransferase,-0.0937544884441195,0.903923443781249
VC_RS14585,VCA0264; VC_A0264,,MerR family transcriptional regulator,0.0732261762041884,0.888780234967802
VC_RS14590,VCA0265; VC_A0265,,hypothetical protein,0.393844348483834,0.398758959239425
VC_RS14595,VCA0266; VC_A0266,,AraC family transcriptional regulator,-0.211611458789949,0.716742390428434
VC_RS14600,VCA0267; VC_A0267,emrD3,multidrug efflux MFS transporter EmrD-3,-0.687504304296097,0.198020836308728
VC_RS14605,VCA0268; VC_A0268,,methyl-accepting chemotaxis protein,0.0534346496001235,0.942981696906753
VC_RS14610,VCA0269; VC_A0269,,pyridoxal phosphate-dependent decarboxylase family protein,-0.127486450241343,0.875664597733355
VC_RS14615,VCA0270; VC_A0270,,D-alanyl-D-alanine carboxypeptidase family protein,0.115225769165674,0.884489490002944
VC_RS14620,VCA0271; VC_A0271,,helix-turn-helix domain-containing protein,0.102020082979473,0.843953632349059
VC_RS14625,VCA0274a,,hypothetical protein,-0.14754291350414,0.817556996285848
VC_RS14630,VCA0274; VC_A0274,,carbonic anhydrase,1.00498625212915,0.167436376867255
VC_RS14635,VCA0275; VC_A0275,tnpA,IS200/IS605-like element IS1004 family transposase,-0.165333437547314,0.844647587984763
VC_RS14645,VCA0276; VC_A0276,gcvP,aminomethyl-transferring glycine dehydrogenase,0.0431265967586449,0.948356989360025
VC_RS14650,VCA0277; VC_A0277,gcvH,glycine cleavage system protein GcvH,0.831989287292864,0.155771145160545
VC_RS14655,VCA0278; VC_A0278,,serine hydroxymethyltransferase,-0.130642908433456,0.846843245754901
VC_RS14660,VCA0279; VC_A0279,,helix-turn-helix domain-containing protein,0.0640624329159114,0.91764585295352
VC_RS14665,VCA0280; VC_A0280,gcvT,glycine cleavage system aminomethyltransferase GcvT,0.398793086955097,0.264450991971619
VC_RS14670,VCA0281; VC_A0281,,tyrosine-type recombinase/integrase,-0.0366169544193452,0.970504956377046
VC_RS14675,VCA0282; VC_A0282,,IS5-like element ISVch5 family transposase,0.20560619474898,0.859460079939004
VC_RS14690,VCA0285; VC_A0285,,hypothetical protein,0.304660810715782,0.506135755625279
VC_RS14695,,,hypothetical protein,0.41162397356718,0.504816892045539
VC_RS14700,VCA0287; VC_A0287,thrS,threonine--tRNA ligase,-0.282705894899815,0.498577762829336
VC_RS14705,VCA0288; VC_A0288,infC,translation initiation factor IF-3,0.261162848420252,0.53681219347668
VC_RS14710,VCA0289; VC_A0289,rpmI,50S ribosomal protein L35,0.0161408222691339,0.981294497000005
VC_RS14715,VCA0290; VC_A0290,rplT,50S ribosomal protein L20,0.206453455447839,0.636584310869248
VC_RS14720,VCA0291; VC_A0291,intIA,integron integrase IntIA,0.482171614342543,0.377912833961916
VC_RS14725,VCA0292; VC_A0292,,hypothetical protein,-0.237716766185839,0.823754681017114
VC_RS14730,VCA0293; VC_A0293,,DUF6338 family protein,0.257331020110808,0.595921017815836
VC_RS14740,VCA0294; VC_A0294,,VOC family protein,0.425833915587559,0.377912833961916
VC_RS14750,VCA0297; VC_A0297,,DUF645 family protein,-0.712824536196181,0.53681219347668
VC_RS14755,VCA0298; VC_A0298,,TIGR03643 family protein,-0.280100180810623,0.660014576959245
VC_RS14765,VCA0299; VC_A0299,,hypothetical protein,-0.0590925294334179,0.921212683664357
VC_RS14770,VCA0300; VC_A0300,,type B-5 chloramphenicol O-acetyltransferase CatB9,-0.0254558960448708,0.976828022436014
VC_RS14780,VCA0301; VC_A0301,,SDR family oxidoreductase,0.0910215057341304,0.861196005074626
VC_RS14790,VCA0302; VC_A0302,,DUF645 family protein,0.123979953411353,0.83117003178799
VC_RS14795,VCA0303; VC_A0303,,hypothetical protein,0.226292747244242,0.695952427188307
VC_RS14800,VCA0304; VC_A0304,,DUF645 family protein,0.628774235781682,0.194528405817562
VC_RS14805,VCA0306; VC_A0306,,DUF645 family protein,0.0882296335078063,0.879239165241164
VC_RS14810,VCA0307; VC_A0307,,HNH endonuclease,-0.09074963041366,0.901262147528013
VC_RS14815,VCA0308; VC_A0308,,deoxyguanosinetriphosphate triphosphohydrolase family protein,0.0689242339940549,0.920591653038202
VC_RS14820,VCA0309; VC_A0309,,HNH endonuclease,0.0616450304577612,0.929261591182192
VC_RS14825,VCA0310; VC_A0310,,hypothetical protein,0.0302324982484511,0.977636308052673
VC_RS14830,VCA0311; VC_A0311,,type II toxin-antitoxin system RelE/ParE family toxin,-0.287549638255377,0.707064056795527
VC_RS14835,VCA0312; VC_A0312,,type II toxin-antitoxin system Phd/YefM family antitoxin,0.226561544010044,0.869828472634362
VC_RS14840,VCA0313; VC_A0313,,NUDIX hydrolase,0.290715536058758,0.563925427456415
VC_RS14850,VCA0314; VC_A0314,,DUF1289 domain-containing protein,0.185710468952791,0.777213303153342
VC_RS14860,VCA0316; VC_A0316,,GNAT family N-acetyltransferase,-0.0427743570010588,0.964671308207703
VC_RS14865,VCA0317; VC_A0317,,lipocalin family protein,0.339769643837123,0.494178140129463
VC_RS14870,VCA0318; VC_A0318,,GNAT family N-acetyltransferase,0.0976549280869313,0.904223294853866
VC_RS14875,VCA0319; VC_A0319,,DUF1778 domain-containing protein,0.265438929559633,0.69795557223529
VC_RS14880,,,DUF645 family protein,-0.129742731591329,0.906014917577604
VC_RS14890,VCA0322; VC_A0322,,hypothetical protein,0.305566631990079,0.651144520549828
VC_RS14895,VCA0323; VC_A0323,,type II toxin-antitoxin system YafQ family toxin,-0.100433823159307,0.901229742898555
VC_RS14900,VCA0324; VC_A0324,,type II toxin-antitoxin system RelB/DinJ family antitoxin,-0.0850748076981551,0.894052027159992
VC_RS14905,VCA0325; VC_A0325,,DUF3709 domain-containing protein,0.238900480299402,0.687699882674216
VC_RS14920,VCA0328; VC_A0328,,VOC family protein,0.414973053217892,0.28533917368528
VC_RS14925,VCA0329; VC_A0329,,TIGR03643 family protein,0.0211524058612818,0.985643903299395
VC_RS14935,VCA0329a,,hypothetical protein,0.157930804907399,0.756508196185379
VC_RS14940,VCA0329b,,DUF3709 domain-containing protein,0.540469484571628,0.274027523301248
VC_RS14950,VCA0330; VC_A0330,,OsmC family protein,0.244887634701308,0.571481073220834
VC_RS14955,VCA0331; VC_A0331,,hypothetical protein,-0.0242887146322166,0.978229881643942
VC_RS14960,VCA0332; VC_A0332,,BrnT family toxin,0.26287805688009,0.721590134157267
VC_RS14965,VCA0333; VC_A0333,brnA,type II toxin-antitoxin system BrnA family antitoxin,0.201251405316004,0.777319574297092
VC_RS14970,VCA0334; VC_A0334,,hypothetical protein,0.0713470222062848,0.923594349545435
VC_RS14975,VCA0336; VC_A0336,,DUF645 family protein,0.480556760088922,0.801714915021293
VC_RS14980,VCA0337; VC_A0337,,S66 family peptidase,-0.10345311636827,0.882024250538045
VC_RS14985,VCA0338; VC_A0338,,VOC family protein,-0.171365082455609,0.758479279132961
VC_RS14995,VCA0340; VC_A0340,,hypothetical protein,0.0438555644734977,0.970504956377046
VC_RS15000,VCA0341; VC_A0341,,VOC family protein,0.0388966876995929,0.969959307189906
VC_RS15010,VCA0343; VC_A0343,,TIGR03643 family protein,-0.0766255501039779,0.962116094724822
VC_RS15020,VCA0344; VC_A0344,,hypothetical protein,0.114991214949938,0.89457813502859
VC_RS15025,VCA0345; VC_A0345,,DUF1349 domain-containing protein,0.108493556417231,0.872417325879609
VC_RS15030,VCA0346; VC_A0346,,lecithin retinol acyltransferase family protein,0.115715799458366,0.922915621269312
VC_RS15035,VCA0347; VC_A0347,,VOC family protein,-0.0520776703552802,0.9604648037374
VC_RS15045,VCA0348; VC_A0348,,"type II toxin-antitoxin system mRNA interferase toxin, RelE/StbE family",0.045407067896032,0.959369601938114
VC_RS15050,VCA0349; VC_A0349,,type II toxin-antitoxin system RelB/DinJ family antitoxin,0.242922539711169,0.758479279132961
VC_RS15055,VCA0350; VC_A0350,,lipocalin family protein,0.0306032367869407,0.978229881643942
VC_RS15060,VCA0351; VC_A0351,,hypothetical protein,-0.0721489495951125,0.921923611984001
VC_RS15065,VCA0353; VC_A0353,,DUF645 family protein,-0.17539514401713,0.912719298707746
VC_RS15070,VCA0354; VC_A0354,,GrpB family protein,-0.120155023263186,0.843953632349059
VC_RS15080,VCA0355; VC_A0355,,LysE family translocator,0.0256272903745753,0.976850199293178
VC_RS15085,VCA0356; VC_A0356,,hypothetical protein,-0.0218084220830856,0.97791572103016
VC_RS15095,VCA0357; VC_A0357,,DUF645 family protein,0.0436104112092688,0.954075518238034
VC_RS15100,VCA0358; VC_A0358,,DUF3465 domain-containing protein,0.246330879337695,0.746772132693428
VC_RS15105,VCA0359; VC_A0359,,type II toxin-antitoxin system RelE/ParE family toxin,-0.357381049986714,0.458789566888779
VC_RS15110,,,type II toxin-antitoxin system ParD family antitoxin,-0.0299285555585127,0.978229881643942
VC_RS15115,VCA0361; VC_A0361,,hypothetical protein,0.486249683237137,0.364980420908949
VC_RS15125,VCA0363; VC_A0363,,hypothetical protein,0.119488402418471,0.901262147528013
VC_RS15130,VCA0364; VC_A0364,,hypothetical protein,-0.130344309817623,0.864673791682441
VC_RS15135,VCA0365; VC_A0365,,DUF6338 family protein,-0.0412290421482921,0.964671308207703
VC_RS15140,VCA0366; VC_A0366,,restriction endonuclease,0.0127957343399829,0.988489029982457
VC_RS15145,,,DUF3265 domain-containing protein,0.678085933428889,0.401588080635099
VC_RS15150,VCA0367; VC_A0367,,hypothetical protein,0.036320980087669,0.976828022436014
VC_RS15155,VCA0368; VC_A0368,,hypothetical protein,0.147377576935291,0.81461361662903
VC_RS15160,VCA0370; VC_A0370,,hypothetical protein,-0.0474831264471227,0.976850199293178
VC_RS15165,VCA0371; VC_A0371,,IS3-like element ISVch4 family transposase,0.369083899517023,0.407939072763512
VC_RS15170,VCA0374; VC_A0374,,DUF4365 and DUF1817 domain-containing protein,0.125570765992388,0.891997178607728
VC_RS15180,VCA0375; VC_A0375,,DUF3709 domain-containing protein,0.387088484502312,0.619232686937686
VC_RS15185,VCA0376; VC_A0376,,DUF6404 family protein,0.200472953583545,0.879507644063237
VC_RS15190,VCA0378; VC_A0378,,DUF645 family protein,0.197399966019215,0.858711067550274
VC_RS15195,VCA0379; VC_A0379,,DUF6404 family protein,0.244891727611955,0.758479279132961
VC_RS15200,VCA0380; VC_A0380,,nucleotidyltransferase family protein,-0.0252545553893521,0.975691509517976
VC_RS15210,VCA0382; VC_A0382,,GNAT family N-acetyltransferase,0.0261684231285045,0.976850199293178
VC_RS15215,VCA0382a,,hypothetical protein,0.333010111041471,0.506733842510289
VC_RS15220,,,hypothetical protein,0.631660390777168,0.155771145160545
VC_RS15230,VCA0385; VC_A0385,,type II toxin-antitoxin system RelE/ParE family toxin,-0.0642553504344471,0.969959307189906
VC_RS15235,VCA0386; VC_A0386,,type II toxin-antitoxin system Phd/YefM family antitoxin,0.119080870883138,0.942981696906753
VC_RS15240,VCA0387; VC_A0387,,GNAT family N-acetyltransferase,0.389958691068116,0.421582743744366
VC_RS15245,VCA0388; VC_A0388,,hypothetical protein,0.345208126248508,0.651144520549828
VC_RS15250,VCA0389; VC_A0389,,DUF3709 domain-containing protein,-0.0811355202027756,0.938332983607268
VC_RS15255,,,DUF3709 domain-containing protein,-0.11478775368177,0.899639803248865
VC_RS15260,,,DUF645 family protein,-0.298075723532726,0.66568811840876
VC_RS15265,VCA0391; VC_A0391,,type II toxin-antitoxin system RelE/ParE family toxin,0.0577738688603731,0.924385016652636
VC_RS15270,VCA0392; VC_A0392,,HigA family addiction module antitoxin,0.191323726236598,0.651144520549828
VC_RS15285,VCA0395; VC_A0395,,PhzF family phenazine biosynthesis protein,0.0076449558936298,0.991428042608464
VC_RS15290,VCA0396; VC_A0396,,abortive infection family protein,0.118215689101113,0.908372447095597
VC_RS15295,VCA0397; VC_A0397,,hypothetical protein,0.464000531230592,0.555904723009223
VC_RS15300,VCA0399; VC_A0399,,DUF6602 domain-containing protein,-0.0650453376590639,0.966419980370621
VC_RS15305,VCA0400; VC_A0400,,GNAT family N-acetyltransferase,0.0992979752787009,0.89402419290959
VC_RS15310,VCA0401; VC_A0401,,VOC family protein,-0.0396261495952804,0.964671308207703
VC_RS15315,VCA0402; VC_A0402,,GNAT family N-acetyltransferase,0.209576392933866,0.758471227589766
VC_RS15320,,,DUF645 family protein,-0.0996081458531506,0.949806740657304
VC_RS15325,VCA0405; VC_A0405,,YrdB family protein,-0.316213779994549,0.543056946452676
VC_RS15330,VCA0406; VC_A0406,,lipocalin family protein,0.0157237721832871,0.985643903299395
VC_RS15335,VCA0407; VC_A0407,,DUF645 family protein,0.312620946534151,0.4764449244577
VC_RS15340,,,hypothetical protein,-0.0468514003223431,0.958769760696432
VC_RS15345,VCA0409; VC_A0409,,hypothetical protein,-0.128954399504176,0.89402419290959
VC_RS15350,VCA0410; VC_A0410,,4-fold beta flower protein,-0.160633419577384,0.83117003178799
VC_RS15360,VCA0412; VC_A0412,,DUF645 family protein,0.183243213219054,0.817556996285848
VC_RS15365,VCA0413; VC_A0413,,hypothetical protein,-0.543730910078933,0.421582743744366
VC_RS15370,VCA0414; VC_A0414,,DUF3465 domain-containing protein,0.0470775015454097,0.965511690198572
VC_RS15375,VCA0415; VC_A0415,,VOC family protein,0.0987159644355199,0.891997178607728
VC_RS15380,VCA0416; VC_A0416,,DUF3709 domain-containing protein,0.323003617758751,0.650736094595593
VC_RS15385,VCA0417; VC_A0417,,GNAT family N-acetyltransferase,0.292579179328662,0.678819853884704
VC_RS15390,VCA0418; VC_A0418,,DUF645 family protein,0.164396057587665,0.89402419290959
VC_RS15395,VCA0419; VC_A0419,,hypothetical protein,-0.123461749119758,0.775113446692316
VC_RS15400,VCA0420; VC_A0420,,DUF4144 domain-containing protein,0.450952623271755,0.357685556116734
VC_RS15405,VCA0421; VC_A0421,,hypothetical protein,0.432113465407911,0.234631588220406
VC_RS15410,VCA0422; VC_A0422,,type II toxin-antitoxin system Phd/YefM family antitoxin,0.282670388389699,0.577521848491903
VC_RS15415,VCA0423; VC_A0423,,type II toxin-antitoxin system RelE/ParE family toxin,0.0814392824171772,0.89402419290959
VC_RS15420,VCA0424; VC_A0424,,DUF3709 domain-containing protein,-0.0112037590471568,0.985643903299395
VC_RS15425,VCA0425; VC_A0425,,DUF3465 domain-containing protein,0.223417907717547,0.595070527195882
VC_RS15435,VCA0426; VC_A0426,,DUF1289 domain-containing protein,0.268107617181707,0.516711239133568
VC_RS15445,VCA0428; VC_A0428,,hypothetical protein,0.228474331851892,0.66568811840876
VC_RS15450,,,DUF3709 domain-containing protein,0.229700517209057,0.707533684760716
VC_RS15455,VCA0431; VC_A0431,,DUF4144 domain-containing protein,0.262941864523604,0.470895555993589
VC_RS15460,VCA0432; VC_A0432,,VOC family protein,-0.0240117888666486,0.976850199293178
VC_RS15465,VCA0433; VC_A0433,,DUF2971 domain-containing protein,-0.189930292897043,0.683987640345472
VC_RS15470,VCA0435; VC_A0435,,DUF645 family protein,0.204231762076666,0.690252653951534
VC_RS15475,VCA0436; VC_A0436,,GNAT family N-acetyltransferase,0.263168146290779,0.424200071685518
VC_RS15485,VCA0439; VC_A0439,,S66 family peptidase,-0.090253696811999,0.901262147528013
VC_RS15490,VCA0440; VC_A0440,,hypothetical protein,0.208224210833795,0.718882759653997
VC_RS15495,VCA0441; VC_A0441,,hypothetical protein,-0.0226974252421147,0.982844643300642
VC_RS15505,VCA0442; VC_A0442,,GNAT family N-acetyltransferase,0.0542165240331491,0.958191622312885
VC_RS15510,VCA0443; VC_A0443,,lipocalin family protein,0.304090748023828,0.412905826583131
VC_RS15515,VCA0444; VC_A0444,,type II toxin-antitoxin system RelE family toxin,-0.21686058816451,0.721012648297316
VC_RS15520,VCA0445; VC_A0445,,type II toxin-antitoxin system Phd/YefM family antitoxin,-0.0961680637862521,0.912719298707746
VC_RS15525,VCA0447; VC_A0447,,DNA-methyltransferase,0.473982610592167,0.602906374379333
VC_RS15530,VCA0448; VC_A0448,,hypothetical protein,0.330121253617499,0.635130058536898
VC_RS15535,VCA0449; VC_A0449,,DUF3465 domain-containing protein,0.0339639083640807,0.982844643300642
VC_RS15540,VCA0450; VC_A0450,,hypothetical protein,-0.192305817785217,0.868809820585815
VC_RS15545,VCA0451; VC_A0451,,hypothetical protein,-0.244062830238015,0.86143068592061
VC_RS15550,,,hypothetical protein,0.0053868095104477,0.99664717152555
VC_RS15555,VCA0453; VC_A0453,,hypothetical protein,-0.944642006666344,0.551636270156219
VC_RS15560,VCA0454; VC_A0454,,sulfate ABC transporter substrate-binding protein,0.651319244514792,0.628679829935957
VC_RS15565,VCA0455; VC_A0455,,DJ-1/PfpI family protein,0.54353443500355,0.221081042905351
VC_RS15570,,,DUF645 family protein,0.213878056939265,0.864815616643667
VC_RS15575,VCA0457; VC_A0457,,hypothetical protein,-0.756012562167881,0.220979893965504
VC_RS15580,VCA0458; VC_A0458,,DUF2806 domain-containing protein,-0.251918072912887,0.731438937673639
VC_RS15585,VCA0459; VC_A0459,,hypothetical protein,-0.278267345100125,0.807880946409717
VC_RS15590,,,hypothetical protein,-0.24264762935388,0.695952427188307
VC_RS15595,,,DUF3709 domain-containing protein,-0.0121504656605721,0.989678319775601
VC_RS15600,,,hypothetical protein,0.0425719066100356,0.962756718111495
VC_RS15610,VCA0463; VC_A0463,,VOC family protein,-0.0843445258068137,0.927013607962796
VC_RS15615,VC_A0464,,hypothetical protein,-0.0524919495929756,0.96390766228262
VC_RS15620,VCA0465; VC_A0465,,hypothetical protein,0.154484645474583,0.83117003178799
VC_RS15625,,,DUF1289 domain-containing protein,0.341098318725832,0.608218708194486
VC_RS15640,,,DUF1289 domain-containing protein,0.0396116046441197,0.969959307189906
VC_RS15650,VCA0468; VC_A0468,,type II toxin-antitoxin system RelE family toxin,-0.108272891839536,0.901262147528013
VC_RS15655,VCA0469; VC_A0469,,helix-turn-helix domain-containing protein,-0.0584261429995731,0.964783073910097
VC_RS15660,VCA0470; VC_A0470,,GNAT family N-acetyltransferase,0.0041750854270248,0.996601295197505
VC_RS15665,VCA0471; VC_A0471,,hypothetical protein,0.240607333226435,0.490653670097172
VC_RS15670,VCA0472; VC_A0472,,IS5-like element ISVch5 family transposase,-0.257370224945278,0.647596941213071
VC_RS15675,VCA0473; VC_A0473,,CatB-related O-acetyltransferase,-0.575041959703014,0.336247743737923
VC_RS15685,VCA0475; VC_A0475,,type II toxin-antitoxin system death-on-curing family toxin,0.276938712313249,0.651144520549828
VC_RS15695,VCA0476; VC_A0476,,VOC family protein,0.165418800618743,0.746772132693428
VC_RS15700,VCA0477; VC_A0477,,type II toxin-antitoxin system Phd/YefM family antitoxin,-0.0163870305408164,0.985497329813055
VC_RS15705,VCA0478; VC_A0478,,type II toxin-antitoxin system RelE family toxin,0.0199040437362393,0.979955555366574
VC_RS15710,VCA0479; VC_A0479,,GNAT family N-acetyltransferase,-0.0694205533672994,0.929443459847713
VC_RS15715,VCA0480; VC_A0480,,DUF645 family protein,0.239925231437745,0.774843856570743
VC_RS15720,VCA0481; VC_A0481,,GNAT family N-acetyltransferase,0.046053596007237,0.964783073910097
VC_RS15725,VCA0482; VC_A0482,,DUF1778 domain-containing protein,0.252468050136031,0.69795557223529
VC_RS15730,VCA0483; VC_A0483,,hypothetical protein,0.132994566275665,0.871956181486649
VC_RS15735,VCA0484; VC_A0484,,TRADD-N-associated membrane domain-containing protein,0.456441103924639,0.348381387834713
VC_RS15740,VCA0485; VC_A0485,,MazG nucleotide pyrophosphohydrolase domain-containing protein,0.317376504525459,0.558419280714949
VC_RS15750,VCA0487; VC_A0487,,GNAT family N-acetyltransferase,0.460202921933959,0.234631588220406
VC_RS15760,VCA0488; VC_A0488,,type II toxin-antitoxin system Phd/YefM family antitoxin,0.314264038993287,0.473857544366175
VC_RS15765,VCA0489; VC_A0489,,type II toxin-antitoxin system RelE/ParE family toxin,0.0448375026666734,0.959369601938114
VC_RS15770,VCA0490; VC_A0490,,alpha/beta hydrolase,-0.223937633529962,0.572030967560168
VC_RS15775,VCA0491; VC_A0491,,hypothetical protein,-0.223124190863554,0.839848465517868
VC_RS15780,VCA0492; VC_A0492,,GNAT family N-acetyltransferase,-0.0180400856501158,0.979955555366574
VC_RS15785,VCA0493; VC_A0493,tnpA,IS200/IS605-like element IS1004 family transposase,-0.43004481023196,0.555904723009223
VC_RS15790,VCA0494; VC_A0494,,GNAT family N-acetyltransferase,-0.106591714223812,0.943560362258874
VC_RS15795,VCA0495; VC_A0495,,DUF3800 domain-containing protein,-0.347323995035068,0.433536276999715
VC_RS15800,VCA0496; VC_A0496,,glutathione S-transferase family protein,-0.541051722698845,0.377912833961916
VC_RS15810,VCA0497; VC_A0497,,type II toxin-antitoxin system toxin DhiT,-0.400739013579152,0.407939072763512
VC_RS15815,VCA0498; VC_A0498,,type II toxin-antitoxin system antitoxin DhiA,-0.282795399931724,0.563925427456415
VC_RS15820,,,DUF645 family protein,-0.829799089946089,0.206935489968028
VC_RS15825,VCA0501; VC_A0501,,hypothetical protein,-0.546970592970755,0.289588111812375
VC_RS15830,VCA0503; VC_A0503,,"type II toxin-antitoxin system mRNA interferase toxin, RelE/StbE family",-0.0017336749626565,0.998616480506812
VC_RS15835,VCA0504; VC_A0504,,type II toxin-antitoxin system RelB/DinJ family antitoxin,0.265725528005803,0.746313621748259
VC_RS15840,VCA0505; VC_A0505,,GNAT family N-acetyltransferase,0.0510447953776684,0.947732134388849
VC_RS15845,VCA0506; VC_A0506,,VOC family protein,-0.255935828056969,0.674833976050867
VC_RS15855,VCA0508; VC_A0508,,IS3-like element ISVch4 family transposase,-0.518238251052679,0.434605208818091
VC_RS15860,VCA0510; VC_A0510,,alkaline phosphatase family protein,-0.234168181009402,0.50915015075576
VC_RS15865,VCA0511; VC_A0511,nrdD,anaerobic ribonucleoside-triphosphate reductase,0.0613754606789934,0.972591899046259
VC_RS15870,VCA0512; VC_A0512,nrdG,anaerobic ribonucleoside-triphosphate reductase-activating protein,0.778246632431941,0.378871326893348
VC_RS15875,VCA0513; VC_A0513,,aromatic amino acid transaminase,0.358732359117909,0.377912833961916
VC_RS15880,VCA0514; VC_A0514,,ATP-dependent zinc protease family protein,0.166525420380409,0.699357672065516
VC_RS15885,VCA0516; VC_A0516,fruA,PTS fructose transporter subunit IIBC,0.541879791699551,0.680687274175431
VC_RS15890,VCA0517; VC_A0517,pfkB,1-phosphofructokinase,0.488679864294008,0.710854770296853
VC_RS15895,VCA0518; VC_A0518,fruB,fused PTS fructose transporter subunit IIA/HPr protein,0.459811168421222,0.687931170306998
VC_RS15900,VCA0519; VC_A0519,cra,catabolite repressor/activator,-0.0089301324940474,0.996276522669524
VC_RS15905,VCA0520; VC_A0520,,exonuclease SbcCD subunit D,-0.4774743604395,0.245747438999619
VC_RS15910,VCA0521; VC_A0521,,AAA family ATPase,-0.312452143003301,0.32601651292288
VC_RS15915,VCA0522; VC_A0522,cqsS,quorum-sensing CAI-1 autoinducer sensor kinase/phosphatase CqsS,-0.0481321666938054,0.925243339039547
VC_RS15920,VCA0523; VC_A0523,cqsA,alpha-hydroxyketone-type quorum-sensing autoinducer synthase,0.115526520110762,0.899566166540062
VC_RS15925,VCA0524; VC_A0524,,TDT family transporter,-0.266961054517806,0.471907919186164
VC_RS15930,VCA0526; VC_A0526,clcA,H(+)/Cl(-) exchange transporter ClcA,-0.0265065831407232,0.970109839430874
VC_RS15935,VCA0527; VC_A0527,,CobW family GTP-binding protein,-0.0878564115313124,0.864690740785328
VC_RS15940,VCA0528; VC_A0528,ylqF,ribosome biogenesis GTPase YlqF,0.132006649238659,0.818674445454299
VC_RS15945,VCA0529; VC_A0529,,potassium transporter Kup,0.565049445557243,0.336358765495488
VC_RS15950,VCA0530; VC_A0530,nifJ,pyruvate:ferredoxin (flavodoxin) oxidoreductase,-0.952307950713225,0.201793840881848
VC_RS15955,VCA0531; VC_A0531,,ATP-binding protein,-0.142898124435248,0.752952012366285
VC_RS15960,VCA0532; VC_A0532,,response regulator,-0.107367246953657,0.859291303776041
VC_RS15965,VCA0533; VC_A0533,tatA,twin-arginine translocase TatA/TatE family subunit,-0.191925234057562,0.687931170306998
VC_RS15970,VCA0534; VC_A0534,,DedA family protein,-0.602574834118735,0.219592058192375
VC_RS15975,VCA0535; VC_A0535,,hypothetical protein,-0.660388427172421,0.153052544183448
VC_RS15980,VCA0536; VC_A0536,,EAL domain-containing protein,-0.150289375899563,0.818674445454299
VC_RS15985,VCA0537; VC_A0537,,hypothetical protein,-0.326585034015135,0.434749604146112
VC_RS15990,VCA0538; VC_A0538,,cytochrome b,-0.101040603719163,0.899696538376719
VC_RS15995,VCA0539; VC_A0539,,YceI family protein,0.250656825011029,0.619232686937686
VC_RS16000,VCA0540; VC_A0540,focA,formate transporter FocA,0.427760716473873,0.89402419290959
VC_RS16005,VCA0542; VC_A0542,,LysR substrate-binding domain-containing protein,0.269959837787902,0.744104533977394
VC_RS16010,VCA0543; VC_A0543,,DUF1097 domain-containing protein,0.18313817261948,0.755222762831495
VC_RS16015,VCA0544; VC_A0544,,ATP-dependent endonuclease,-0.0862534953111679,0.864690740785328
VC_RS16020,VCA0545; VC_A0545,,bifunctional metallophosphatase/5'-nucleotidase,0.0302099853124452,0.96390766228262
VC_RS16025,VCA0546; VC_A0546,,TerC/Alx family metal homeostasis membrane protein,-0.53729817048581,0.524369787599586
VC_RS16030,VCA0547; VC_A0547,,hypothetical protein,-0.0144732139742147,0.996520213258537
VC_RS16035,VCA0549; VC_A0549,,PhnA domain-containing protein,0.217850234087003,0.707064056795527
VC_RS16040,VCA0550; VC_A0550,,site-2 protease family protein,-0.220355057083645,0.480757765143353
VC_RS16045,VCA0551; VC_A0551,,hypothetical protein,0.423163041320423,0.246073714376128
VC_RS16050,VCA0552; VC_A0552,,fatty acid cis/trans isomerase,0.0751307789992177,0.862397542035667
VC_RS16055,VCA0554; VC_A0554,,L-lactate MFS transporter,-0.489526796914653,0.245747438999619
VC_RS16060,VCA0556; VC_A0556,,DUF3332 domain-containing protein,-0.0601523271092003,0.940455750211032
VC_RS16065,VCA0557; VC_A0557,,transporter substrate-binding domain-containing diguanylate cyclase,0.0908856939612812,0.858711067550274
VC_RS16075,VCA0558; VC_A0558,,gamma-glutamyltransferase family protein,-2.04473022006472,0.153052544183448
VC_RS16080,VCA0559; VC_A0559,,Solitary outer membrane autotransporter beta-barrel domain,-0.660647894213042,0.153052544183448
VC_RS16085,VCA0560; VC_A0560,,GGDEF domain-containing protein,0.0593029226736309,0.910787032752359
VC_RS16090,VCA0561; VC_A0561,,late competence development ComFB family protein,0.261203237111506,0.53681219347668
VC_RS16095,VCA0562; VC_A0562,,HlyU family transcriptional regulator,0.390616966400103,0.403335438289908
VC_RS16100,VCA0563; VC_A0563,,Re/Si-specific NAD(P)(+) transhydrogenase subunit alpha,0.322696148012121,0.560464313148727
VC_RS16105,VCA0564; VC_A0564,pntB,Re/Si-specific NAD(P)(+) transhydrogenase subunit beta,0.372403524639469,0.490653670097172
VC_RS16110,VCA0565; VC_A0565,vxrA,sensor histidine kinase VxrA,-0.0104973769481155,0.983495539252975
VC_RS16115,VCA0566; VC_A0566,vxrB,response regulator transcription factor VxrB,0.378372193360117,0.531007160071586
VC_RS16120,VCA0567; VC_A0567,,DUF2861 family protein,0.402389707279259,0.314222700467683
VC_RS16125,VCA0568; VC_A0568,,conjugal transfer protein TraF,-0.048188264671603,0.958224623430428
VC_RS16130,VCA0569; VC_A0569,,YoaH family protein,-0.177639480999892,0.946093163745693
VC_RS16135,VCA0570; VC_A0570,yciH,stress response translation initiation inhibitor YciH,0.407833613454635,0.323073327171992
VC_RS16140,VCA0571; VC_A0571,,DUF3319 domain-containing protein,0.178462600863361,0.551224650564399
VC_RS16145,VCA0572; VC_A0572,,D-alanine--D-alanine ligase,-0.058979109748008,0.925243339039547
VC_RS16150,VCA0573; VC_A0573,,SPOR domain-containing protein,0.033743671402438,0.958224623430428
VC_RS16155,VCA0574; VC_A0574,,bifunctional acetate--CoA ligase family protein/GNAT family N-acetyltransferase,-0.371883247428536,0.479610508824276
VC_RS16160,VCA0575; VC_A0575,,LysR substrate-binding domain-containing protein,-0.212053990949148,0.557917730882169
VC_RS16165,VCA0576; VC_A0576,,TonB-dependent hemoglobin/transferrin/lactoferrin family receptor,-0.0292885976994695,0.97791572103016
VC_RS16170,VCA0578; VC_A0578,,SgrR family transcriptional regulator,0.241332192791976,0.421582743744366
VC_RS16175,VCA0579; VC_A0579,,DUF3389 family protein,-0.284668591247514,0.574430813394851
VC_RS16180,VCA0580; VC_A0580,,hotdog fold thioesterase,-0.139273225987472,0.770283887215479
VC_RS16185,VCA0581; VC_A0581,,M48 family metallopeptidase,0.063192329295543,0.890530581587063
VC_RS16190,VCA0582; VC_A0582,,RNA-binding S4 domain-containing protein,0.0415209193807718,0.964783073910097
VC_RS16195,VCA0583; VC_A0583,,substrate-binding periplasmic protein,0.236318992260639,0.806566012163888
VC_RS16200,VCA0584; VC_A0584,,glutathione S-transferase family protein,0.0435400970876335,0.954075518238034
VC_RS16205,VCA0585; VC_A0585,,glutathione S-transferase,0.192801203949573,0.789390319019256
VC_RS16210,VCA0586; VC_A0586,,TetR/AcrR family transcriptional regulator,-0.650555516553204,0.237810837252549
VC_RS16215,VCA0587; VC_A0587,,PPC domain-containing DNA-binding protein,-0.859416217988256,0.364606231730221
VC_RS16220,VCA0588; VC_A0588,,ABC transporter ATP-binding protein,-0.0648435316005912,0.901262147528013
VC_RS16225,VCA0589; VC_A0589,,ABC transporter permease,0.219638132327214,0.595921017815836
VC_RS16230,VCA0590; VC_A0590,,microcin C ABC transporter permease YejB,0.122264998602982,0.707533684760716
VC_RS16235,VCA0591; VC_A0591,,extracellular solute-binding protein,-0.0449408874003568,0.925205449267462
VC_RS16240,VCA0592; VC_A0592,,NUDIX hydrolase,0.963798596645086,0.167436376867255
VC_RS16245,VCA0593; VC_A0593,,exopolyphosphatase,-0.20304856460729,0.709606929676229
VC_RS16250,VCA0594; VC_A0594,,putative hemolysin,0.788103549656072,0.153052544183448
VC_RS16255,VCA0595; VC_A0595,,YdcF family protein,-0.120823592651302,0.800393913674558
VC_RS16260,VCA0596; VC_A0596,,peptide MFS transporter,-0.404128069036028,0.489607822315378
VC_RS16265,VCA0599; VC_A0599,,DMT family transporter,0.0864718054878307,0.825330117958023
VC_RS16270,VCA0600; VC_A0600,phnR,phosphonate utilization transcriptional regulator PhnR,-0.0829799930270334,0.848129865358703
VC_RS16275,VCA0601; VC_A0601,,putative 2-aminoethylphosphonate ABC transporter permease subunit,0.0189175778878429,0.978229881643942
VC_RS16280,VCA0602; VC_A0602,,putative 2-aminoethylphosphonate ABC transporter ATP-binding protein,-0.224393163473612,0.866892980982063
VC_RS16285,VCA0603; VC_A0603,,putative 2-aminoethylphosphonate ABC transporter substrate-binding protein,0.208318986521327,0.804405985386469
VC_RS16290,VCA0604; VC_A0604,phnW,2-aminoethylphosphonate--pyruvate transaminase,-1.33223182166227,0.212467328190743
VC_RS16295,VCA0605; VC_A0605,,aspartate aminotransferase family protein,-0.297886785617181,0.758471227589766
VC_RS16300,VCA0606; VC_A0606,phnX,phosphonoacetaldehyde hydrolase,0.345591257890388,0.601948184603507
VC_RS16305,VCA0607; VC_A0607,rnk,nucleoside diphosphate kinase regulator,0.158450852229009,0.782754582471686
VC_RS16310,VCA0608; VC_A0608,yjjG,pyrimidine 5'-nucleotidase,-0.105816226231819,0.806566012163888
VC_RS16315,VCA0610; VC_A0610,elbB,isoprenoid biosynthesis glyoxalase ElbB,0.499754626951548,0.642379694783304
VC_RS16320,VCA0612; VC_A0612,mscL,large-conductance mechanosensitive channel protein MscL,-0.210048582639866,0.774650568208053
VC_RS16325,VCA0614; VC_A0614,,formate--tetrahydrofolate ligase,-0.382548322440176,0.390116312442873
VC_RS16330,VCA0615; VC_A0615,msrB,peptide-methionine (R)-S-oxide reductase MsrB,-0.155259493439544,0.964671308207703
VC_RS16335,VCA0616; VC_A0616,folE,GTP cyclohydrolase I FolE,-0.0223122330269833,0.975691509517976
VC_RS16340,VCA0617; VC_A0617,moeA,molybdopterin molybdotransferase MoeA,-0.136766203177876,0.651144520549828
VC_RS16345,VCA0618; VC_A0618,moeB,molybdopterin-synthase adenylyltransferase MoeB,-0.0338602662470817,0.948356989360025
VC_RS16350,VCA0619; VC_A0619,,VOC family protein,-0.256510918981802,0.707533684760716
VC_RS16355,VCA0620; VC_A0620,sseA,3-mercaptopyruvate sulfurtransferase,0.182938516026091,0.728191988830665
VC_RS16360,VCA0621; VC_A0621,,sugar-binding transcriptional regulator,0.159571996309844,0.791996773237109
VC_RS16365,VCA0623; VC_A0623,tal,transaldolase,0.213105373024423,0.614159502377112
VC_RS16370,VCA0624; VC_A0624,tkt,transketolase,0.196370174859004,0.602830775372008
VC_RS16375,VCA0625; VC_A0625,,TonB-dependent receptor domain-containing protein,-0.75928744675911,0.321465558729618
VC_RS16380,VCA0627; VC_A0627,,RNA methyltransferase,-0.363677463600561,0.32601651292288
VC_RS16385,VCA0628; VC_A0628,,SEC-C metal-binding domain-containing protein,0.47201792812089,0.601948184603507
VC_RS16390,VCA0629; VC_A0629,,AbrB family transcriptional regulator,0.144455915368334,0.84739644437516
VC_RS16395,VCA0630; VC_A0630,,D-2-hydroxyacid dehydrogenase family protein,0.0683193516100816,0.941350552784345
VC_RS16400,VCA0631; VC_A0631,,GNAT family N-acetyltransferase,-0.0483839155927279,0.962116094724822
VC_RS16405,VCA0632; VC_A0632,,NUDIX hydrolase,0.0693663612030272,0.934472771894245
VC_RS16410,VCA0633; VC_A0633,,GlpM family protein,0.0186042006675508,0.976850199293178
VC_RS16415,VCA0634; VC_A0634,,tRNA (adenine(22)-N(1))-methyltransferase,-0.0401564225234885,0.964783073910097
VC_RS16420,VCA0635; VC_A0635,,LysR family transcriptional regulator,-0.144985021662525,0.842703008911015
VC_RS16425,VCA0636; VC_A0636,,putative quinol monooxygenase,0.100619068613603,0.910226354127378
VC_RS16430,VCA0637; VC_A0637,,oxygen-insensitive NAD(P)H-dependent nitroreductase NfsB,0.284853299236132,0.590865799780382
VC_RS16435,VCA0638; VC_A0638,,efflux RND transporter permease subunit,0.478278600864075,0.24313328970459
VC_RS16440,VCA0639; VC_A0639,,efflux RND transporter periplasmic adaptor subunit,0.117995956765535,0.89762274496259
VC_RS16445,VCA0640; VC_A0640,,YeeE/YedE family protein,-0.160218317572676,0.839848465517868
VC_RS16450,VCA0641; VC_A0641,,YeeE/YedE family protein,0.152358353619549,0.909476124319443
VC_RS16455,VCA0642; VC_A0642,,ArsR/SmtB family transcription factor,0.201014920604488,0.948356989360025
VC_RS16460,VCA0643; VC_A0643,,YgaP family membrane protein,0.867081154509665,0.320536946562546
VC_RS16465,VCA0644; VC_A0644,,FAD-dependent oxidoreductase,0.323323933244196,0.473857544366175
VC_RS16470,VCA0645; VC_A0645,,VOC family protein,0.712295081043855,0.246073714376128
VC_RS16475,VCA0646; VC_A0646,,lysophospholipid acyltransferase family protein,0.353148877659856,0.843953632349059
VC_RS16480,VCA0647; VC_A0647,,YHS domain-containing (seleno)protein,0.178238496669014,0.962756718111495
VC_RS16485,VCA0648; VC_A0648,,NRDE family protein,-1.17826163350189,0.659893397014111
VC_RS16490,VCA0649; VC_A0649,,hypothetical protein,-0.340939255627908,0.921923611984001
VC_RS16495,VCA0650; VC_A0650,,hypothetical protein,-0.153076375344943,0.964783073910097
VC_RS16500,VCA0651; VC_A0651,,DedA family protein,-0.355388486589184,0.934067717599931
VC_RS16505,VCA0652; VC_A0652,,DUF3069 domain-containing protein,0.207375795835755,0.744104533977394
VC_RS16510,VCA0653; VC_A0653,,sucrose-specific PTS transporter subunit IIBC,0.0106790781268919,0.989678319775601
VC_RS16515,VCA0654; VC_A0654,,LacI family DNA-binding transcriptional regulator,0.0673117005563358,0.89402419290959
VC_RS16520,VCA0655; VC_A0655,,glycoside hydrolase family 32 protein,-0.0699350563983334,0.890530581587063
VC_RS16525,VCA0656; VC_A0656,,aminoimidazole riboside kinase,0.0322816108883866,0.976828022436014
VC_RS16530,VCA0657; VC_A0657,glpD,glycerol-3-phosphate dehydrogenase,0.709714519692182,0.238851400071902
VC_RS16535,VCA0658; VC_A0658,,methyl-accepting chemotaxis protein,-0.185901343054431,0.808952455666459
VC_RS16540,VCA0659; VC_A0659,,OmpA family protein,-0.391484913628884,0.364606231730221
VC_RS16545,VCA0661; VC_A0661,,FKBP-type peptidyl-prolyl cis-trans isomerase,-0.312130403873673,0.506135755625279
VC_RS16550,VCA0662; VC_A0662,,beta-phosphoglucomutase family hydrolase,0.621729191744295,0.153052544183448
VC_RS16555,VCA0663; VC_A0663,,methyl-accepting chemotaxis protein,-0.0549797883073149,0.927013607962796
VC_RS16560,VCA0665; VC_A0665,dcuC,anaerobic C4-dicarboxylate transporter DcuC,0.748485795721185,0.492794186821512
VC_RS16565,VCA0666; VC_A0666,,L-serine ammonia-lyase,0.0451012396273758,0.927013607962796
VC_RS16570,VCA0667; VC_A0667,,sodium:solute symporter,0.142132329506649,0.756508196185379
VC_RS16575,VCA0669; VC_A0669,,MFS transporter,0.265773358192019,0.768562302275143
VC_RS16580,VCA0671; VC_A0671,,nuclear transport factor 2 family protein,0.258813595813853,0.737073615477641
VC_RS16585,VCA0673; VC_A0673,,LacI family DNA-binding transcriptional regulator,-0.263899183233894,0.407939072763512
VC_RS16590,VCA0674; VC_A0674,,response regulator,0.113678330699211,0.939671369962531
VC_RS16595,VCA0675; VC_A0675,narQ,nitrate/nitrite two-component system sensor histidine kinase NarQ,-0.800908795602024,0.234631588220406
VC_RS16600,VCA0676; VC_A0676,napF,ferredoxin-type protein NapF,-0.742138498535185,0.478928247030439
VC_RS16605,VCA0677; VC_A0677,,chaperone NapD,-0.828655113822695,0.407939072763512
VC_RS16610,VCA0678; VC_A0678,napA,periplasmic nitrate reductase subunit alpha,0.0431263642535533,0.978229881643942
VC_RS16615,VCA0679; VC_A0679,,nitrate reductase cytochrome c-type subunit,0.121185132511625,0.951082589236544
VC_RS16620,VCA0680; VC_A0680,,NapC/NirT family cytochrome c,0.508627870629468,0.687816338936427
VC_RS16625,,,TIGR02808 family protein,0.468130105827875,0.695952427188307
VC_RS16630,VCA0681; VC_A0681,,HD-GYP domain-containing protein,0.016943788038909,0.979955555366574
VC_RS16635,VCA0682; VC_A0682,,response regulator transcription factor,-0.0631978392236087,0.947732134388849
VC_RS16640,VCA0683; VC_A0683,uhpB,signal transduction histidine-protein kinase/phosphatase UhpB,0.0296932952212852,0.976850199293178
VC_RS16645,VCA0684; VC_A0684,,MFS transporter,0.0227252612346855,0.985643903299395
VC_RS16650,VCA0685; VC_A0685,,ABC transporter substrate-binding protein,-0.0636466265981923,0.952164623142262
VC_RS16655,VCA0686; VC_A0686,,ABC transporter permease,-0.174222561458568,0.819507552807319
VC_RS16660,VCA0687; VC_A0687,fbpC,ferric ABC transporter ATP-binding protein,-0.198972054377288,0.805446063215549
VC_RS16665,VCA0688; VC_A0688,,class I poly(R)-hydroxyalkanoic acid synthase,0.123059655830574,0.834329613025179
VC_RS16670,VCA0689; VC_A0689,,phasin family protein,0.538180568799018,0.441631457849111
VC_RS16675,VCA0690; VC_A0690,,acetyl-CoA C-acetyltransferase,0.385620243348578,0.514204661064633
VC_RS16680,VCA0691; VC_A0691,,SDR family oxidoreductase,0.240026817594574,0.777319574297092
VC_RS16685,VCA0692; VC_A0692,secF,protein translocase subunit SecF,0.191904425414624,0.577521848491903
VC_RS16690,VCA0693; VC_A0693,secD,protein translocase subunit SecD,-0.130107040502011,0.695952427188307
VC_RS16695,VCA0694; VC_A0694,,hypothetical protein,0.0765449280083914,0.879507644063237
VC_RS16700,VCA0695; VC_A0695,,SH3 domain-containing protein,0.304411143328526,0.51423658603205
VC_RS16705,VCA0697; VC_A0697,,sensor domain-containing diguanylate cyclase,-0.258488852526157,0.614159502377112
VC_RS16710,VCA0699; VC_A0699,glgC,glucose-1-phosphate adenylyltransferase,-0.337963750857733,0.520541922239305
VC_RS16715,VCA0700; VC_A0700,,chitinase C-terminal domain-containing protein,0.0653121211535571,0.9604648037374
VC_RS16720,VCA0702; VC_A0702,,iron-containing alcohol dehydrogenase,0.266174052843283,0.721012648297316
VC_RS16725,VCA0703; VC_A0703,,lysoplasmalogenase,-0.391927035844563,0.483960148382698
VC_RS16730,VCA0704; VC_A0704,,sigma-54-dependent transcriptional regulator,-0.10152516603963,0.869501926885578
VC_RS16735,VCA0705; VC_A0705,,ATP-binding protein,0.114609226650445,0.786276932845509
VC_RS16740,VCA0706; VC_A0706,,ABC transporter substrate-binding protein,-0.0727168610583216,0.907192853907273
VC_RS16745,VCA0707; VC_A0707,,MFS transporter,0.0406222822728202,0.977636308052673
VC_RS16750,VCA0708; VC_A0708,pyk,pyruvate kinase,0.561342561327089,0.364980420908949
VC_RS16755,VCA0709; VC_A0709,torS,TMAO reductase system sensor histidine kinase/response regulator TorS,-0.107289748816443,0.755814544988682
VC_RS16760,VCA0710; VC_A0710,torT,TMAO reductase system periplasmic protein TorT,-0.328237846772034,0.424200071685518
VC_RS16765,VCA0711; VC_A0711,,methylglyoxal synthase,-0.146949534695279,0.80577745302317
VC_RS16770,VCA0712; VC_A0712,pncA,bifunctional nicotinamidase/pyrazinamidase,-0.0334659066913081,0.964671308207703
VC_RS16775,VCA0714; VC_A0714,,diacylglycerol kinase,-0.191198288116226,0.818674445454299
VC_RS16780,VCA0715; VC_A0715,,PepSY domain-containing protein,-1.6609596529981,0.411933941548754
VC_RS16785,VCA0716; VC_A0716,,cytochrome b/b6 domain-containing protein,-0.460189829271344,0.547000931486982
VC_RS16790,VCA0717; VC_A0717,helD,DNA helicase IV,-0.12214821384013,0.721012648297316
VC_RS16795,VCA0718; VC_A0718,yccS,YccS family putative transporter,0.115940033581225,0.888780234967802
VC_RS16800,VCA0719; VC_A0719,,sensor histidine kinase,0.651222981870222,0.321465558729618
VC_RS16805,VCA0720; VC_A0720,,heme NO-binding domain-containing protein,-0.0149222546883954,0.991451891356219
VC_RS16810,VCA0722; VC_A0722,,hypothetical protein,-0.316915881157727,0.377912833961916
VC_RS16815,VCA0723; VC_A0723,,hydroxymethylglutaryl-CoA reductase,-0.175401324149982,0.674833976050867
VC_RS16820,VCA0724; VC_A0724,modC,molybdenum ABC transporter ATP-binding protein ModC,0.353926758203384,0.407939072763512
VC_RS16825,VCA0725; VC_A0725,modB,molybdate ABC transporter permease subunit,-0.093558846928055,0.921923611984001
VC_RS16830,VCA0726; VC_A0726,modA,molybdate ABC transporter substrate-binding protein,0.08067099409953,0.904223294853866
VC_RS16835,VCA0727; VC_A0727,,cobyric acid synthase,-0.16643638394277,0.567474485787857
VC_RS16840,VCA0728; VC_A0728,,AAA family ATPase,-0.0190902182253136,0.974861034148083
VC_RS16845,VCA0729; VC_A0729,,hypothetical protein,-0.0388385171057058,0.962410096243451
VC_RS16850,VCA0730; VC_A0730,,SIR2 family NAD-dependent protein deacylase,0.0755626317322441,0.912719298707746
VC_RS16855,VCA0731; VC_A0731,,hypothetical protein,-0.476293016097501,0.590140244188227
VC_RS16860,VCA0732; VC_A0732,,YgiW/YdeI family stress tolerance OB fold protein,0.0796270160081913,0.885510476593295
VC_RS16865,VCA0734; VC_A0734,,hypothetical protein,-0.028170933087201,0.974861034148083
VC_RS16870,VCA0735; VC_A0735,,PilZ domain-containing protein,-0.158082275003751,0.661130799933762
VC_RS16875,VCA0736; VC_A0736,luxQ,quorum-sensing autoinducer 2 sensor kinase/phosphatase LuxQ,0.253002509875653,0.412158350424939
VC_RS16880,VCA0737; VC_A0737,,autoinducer 2-binding periplasmic protein LuxP,-0.150346057413151,0.673731524465599
VC_RS16885,VCA0738; VC_A0738,traF,conjugal transfer protein TraF,0.0371558651638446,0.954075518238034
VC_RS16890,VCA0739; VC_A0739,,GIY-YIG nuclease family protein,0.174668652288526,0.777213303153342
VC_RS16895,VCA0740; VC_A0740,,YceH family protein,-0.0797086783828554,0.839450463468399
VC_RS16900,,,hypothetical protein,-0.610483663066567,0.246073714376128
VC_RS16905,VCA0741; VC_A0741,,DUF496 family protein,0.308307434661773,0.604667991530371
VC_RS16910,VCA0743; VC_A0743,,YgjV family protein,0.145144805682647,0.869501926885578
VC_RS16915,VCA0744; VC_A0744,glpK,glycerol kinase GlpK,0.398655642665328,0.377912833961916
VC_RS16920,VCA0745; VC_A0745,,MIP/aquaporin family protein,-0.0905440521068464,0.947732134388849
VC_RS16925,VCA0747; VC_A0747,glpA,anaerobic glycerol-3-phosphate dehydrogenase subunit A,0.47674060480054,0.490653670097172
VC_RS16930,VCA0748; VC_A0748,glpB,glycerol-3-phosphate dehydrogenase subunit GlpB,0.109056457870919,0.844647587984763
VC_RS16935,VCA0749; VC_A0749,glpC,anaerobic glycerol-3-phosphate dehydrogenase subunit GlpC,0.377456124130478,0.551636270156219
VC_RS16940,VCA0751; VC_A0751,,ketoacyl-ACP synthase III,-0.354120134328131,0.282627949877214
VC_RS16945,VCA0752; VC_A0752,trxC,thioredoxin TrxC,0.041580210295712,0.970109839430874
VC_RS16950,VCA0753; VC_A0753,,MFS transporter,-0.376291142938177,0.53681219347668
VC_RS16955,VCA0754; VC_A0754,,lipase family protein,-0.185805890718858,0.89457813502859
VC_RS16970,VCA0754a,,lactoylglutathione lyase family protein,-0.0160657345517043,0.98989430534948
VC_RS16975,VCA0756; VC_A0756,,LysR family transcriptional regulator,0.097441627424345,0.90681298454636
VC_RS16980,VCA0757; VC_A0757,artM,arginine ABC transporter permease ArtM,-0.288336690962501,0.571673734573691
VC_RS16985,VCA0758; VC_A0758,artQ,arginine ABC transporter permease ArtQ,0.163878719062051,0.800393913674558
VC_RS16990,VCA0759; VC_A0759,,arginine ABC transporter substrate-binding protein,-0.144667344263625,0.834473050890131
VC_RS16995,VCA0760; VC_A0760,artP,arginine ABC transporter ATP-binding protein ArtP,-0.21735226411642,0.607809187355063
VC_RS17005,VCA0762; VC_A0762,viaA,ATPase RavA stimulator ViaA,0.288748529707753,0.563925427456415
VC_RS17010,VCA0763; VC_A0763,,ATPase RavA domain-containing protein,0.306575012123841,0.421582743744366
VC_RS17015,VCA0764; VC_A0764,,NUDIX hydrolase,-0.0895324528954794,0.871956181486649
VC_RS17020,VCA0765; VC_A0765,ltaE,low-specificity L-threonine aldolase,0.0525536877304889,0.945148223159593
VC_RS17025,VCA0766; VC_A0766,,c-type cytochrome,-0.236453063606141,0.695952427188307
VC_RS17030,VCA0767; VC_A0767,,TetR/AcrR family transcriptional regulator,-0.32986320883276,0.293097843094184
VC_RS17035,VCA0768; VC_A0768,,DEAD/DEAH box helicase,-1.31575511679953,0.166677777045471
VC_RS17040,VCA0769; VC_A0769,,ACP phosphodiesterase,-0.259829109998686,0.777319574297092
VC_RS17045,VCA0772; VC_A0772,,aromatic amino acid transport family protein,0.406644581369963,0.411933941548754
VC_RS17050,VCA0773; VC_A0773,,methyl-accepting chemotaxis protein,0.0798945748154258,0.899566166540062
VC_RS17055,VCA0774; VC_A0774,galE,UDP-glucose 4-epimerase GalE,0.101230562024391,0.885714106321956
VC_RS17060,VCA0776; VC_A0776,,5-oxoprolinase subunit PxpA,-0.0725112828047131,0.890862630265821
VC_RS17065,VCA0777; VC_A0777,,allophanate hydrolase subunit 1,-0.117978010600601,0.80695564462723
VC_RS17070,VCA0778; VC_A0778,,biotin-dependent carboxyltransferase family protein,-0.0173726200701812,0.979296134371865
VC_RS17075,VCA0779; VC_A0779,,FAD-dependent oxidoreductase,-0.277794621224526,0.520541922239305
VC_RS17080,VCA0780; VC_A0780,,nucleotide sugar dehydrogenase,-0.119460638536484,0.852103429182609
VC_RS17085,VCA0781; VC_A0781,,ABC transporter permease,0.0337476153863277,0.953749586441813
VC_RS17090,VCA0782; VC_A0782,,ABC transporter ATP-binding protein,-0.155279523468614,0.819507552807319
VC_RS17095,VCA0783; VC_A0783,tesA,multifunctional acyl-CoA thioesterase I/protease I/lysophospholipase L1,-0.0787447115459335,0.907192853907273
VC_RS17100,VCA0784; VC_A0784,fabV,enoyl-ACP reductase FabV,0.211158502845343,0.851022475962262
VC_RS17105,VCA0785; VC_A0785,,sensor domain-containing phosphodiesterase,0.0225812726963341,0.964783073910097
VC_RS17110,VCA0786; VC_A0786,,ABC-ATPase domain-containing protein,-0.22000687868087,0.558419280714949
VC_RS17115,VCA0788; VC_A0788,,DNA-J related domain-containing protein,0.293724636172358,0.430935937907962
VC_RS17120,VCA0789; VC_A0789,,DUF2238 domain-containing protein,-0.462471934062023,0.245747438999619
VC_RS17125,VCA0790; VC_A0790,,tyrosine-type recombinase/integrase,-0.0988848900787788,0.901229742898555
VC_RS17130,VCA0791; VC_A0791,,IS3-like element ISVch4 family transposase,0.348400512501538,0.421582743744366
VC_RS17135,VCA0793; VC_A0793,,Rha family transcriptional regulator,0.172888257137772,0.835336755895075
VC_RS17140,VCA0794; VC_A0794,,hypothetical protein,0.502749576006024,0.514204661064633
VC_RS17145,VCA0795; VC_A0795,,recombinase family protein,0.190573468384136,0.814094709341801
VC_RS17150,,,transcription initiation factor TFIIIB,-0.163554545475725,0.66568811840876
VC_RS17155,VCA0798; VC_A0798,,HAD family hydrolase,-0.325011273464258,0.619140580905603
VC_RS17160,VCA0799; VC_A0799,,hypothetical protein,-0.061855362368525,0.86143068592061
VC_RS17165,VCA0800; VC_A0800,,CreA family protein,0.121229741260705,0.899639803248865
VC_RS17170,VCA0801; VC_A0801,,inosine/guanosine kinase,-0.635891822195268,0.411933941548754
VC_RS17175,VCA0802; VC_A0802,,LTA synthase family protein,0.166973089655006,0.714050171640897
VC_RS17180,VCA0803; VC_A0803,vesA,GlyGly-anchored extracellular serine protease VesA,-0.653178025599056,0.333238530352643
VC_RS17185,VCA0804; VC_A0804,,DEAD/DEAH box helicase,-0.687251723215672,0.450142069598206
VC_RS17190,VCA0805; VC_A0805,rnb,exoribonuclease II,-0.134027074886742,0.651144520549828
VC_RS17195,VCA0806; VC_A0806,,DUF3024 domain-containing protein,0.336848029067676,0.669044523689712
VC_RS17200,VCA0807; VC_A0807,,phosphate ABC transporter substrate-binding protein PstS family protein,0.0298259095435407,0.966718282182809
VC_RS17205,VCA0808; VC_A0808,,MaoC family dehydratase,0.0805555998204945,0.89457813502859
VC_RS17210,VCA0809; VC_A0809,,cryptochrome/photolyase family protein,0.0494761423673564,0.970109839430874
VC_RS17215,VCA0811; VC_A0811,gbpA,N-acetylglucosamine-binding protein GbpA,0.0978008979145118,0.911242136090901
VC_RS17220,VCA0812; VC_A0812,,serine protease,0.355956193766226,0.680184759477751
VC_RS17225,VCA0813; VC_A0813,,M28 family metallopeptidase,0.144664961253997,0.856561804899572
VC_RS17230,VCA0814; VC_A0814,speB,agmatinase,-0.137331481666252,0.814287404111632
VC_RS17235,VCA0815; VC_A0815,speA,arginine decarboxylase,-0.002552611781195,0.996601295197505
VC_RS17240,VCA0817; VC_A0817,,mechanosensitive ion channel domain-containing protein,-0.0892798579248396,0.879507644063237
VC_RS17245,VCA0818; VC_A0818,,magnesium transporter,0.0369500128890509,0.9604648037374
VC_RS17250,VCA0819; VC_A0819,,co-chaperone GroES,-0.275718893473128,0.89628386709766
VC_RS17255,VCA0820; VC_A0820,groL,chaperonin GroEL,-0.349782575031377,0.861610966715617
VC_RS17260,VCA0821; VC_A0821,,hypothetical protein,0.209982693424308,0.947732134388849
VC_RS17265,VCA0822; VC_A0822,,aspartate kinase,0.0083580146684326,0.991451891356219
VC_RS17270,VCA0823; VC_A0823,,ectoine synthase,0.182194902344068,0.872417325879609
VC_RS17275,VCA0824; VC_A0824,ectB,diaminobutyrate--2-oxoglutarate transaminase,0.135649314328402,0.861196005074626
VC_RS17280,VCA0825; VC_A0825,ectA,diaminobutyrate acetyltransferase,0.34239738378455,0.599169624677164
VC_RS17285,VCA0827; VC_A0827,,4a-hydroxytetrahydrobiopterin dehydratase,0.0887664889259009,0.890530581587063
VC_RS17290,VCA0828; VC_A0828,phhA,phenylalanine 4-monooxygenase,-0.49315903201023,0.394320341527528
VC_RS17295,VCA0829; VC_A0829,,acetoacetate--CoA ligase,-0.161014232786338,0.687931170306998
VC_RS17300,VCA0830; VC_A0830,,LysR family transcriptional regulator,-0.216778553932438,0.567474485787857
VC_RS17310,VCA0832; VC_A0832,,class I SAM-dependent DNA methyltransferase,0.251957967547452,0.614159502377112
VC_RS17315,VCA0833; VC_A0833,,LysR family transcriptional regulator,-0.107534484556863,0.866892980982063
VC_RS17320,VCA0834; VC_A0834,,cation diffusion facilitator family transporter,0.0337659870094521,0.97885025929309
VC_RS17325,VCA0835; VC_A0835,yddG,aromatic amino acid DMT transporter YddG,-0.385171308096754,0.375624456214148
VC_RS17330,VCA0836; VC_A0836,,sugar O-acetyltransferase,-0.25573106685618,0.557917730882169
VC_RS17335,VCA0837; VC_A0837,,hemolysin family protein,-0.225807397365784,0.522832269370223
VC_RS17340,VCA0838; VC_A0838,,OsmC family protein,0.148234928438127,0.707064056795527
VC_RS17345,VCA0840; VC_A0840,,dCMP deaminase family protein,0.126533676572973,0.819507552807319
VC_RS17350,VCA0843; VC_A0843,,glyceraldehyde-3-phosphate dehydrogenase,-0.142738453867448,0.848700501699727
VC_RS17355,VCA0845; VC_A0845,,hypothetical protein,0.258207772569346,0.637104179322958
VC_RS17360,VCA0846; VC_A0846,,LysE family translocator,0.117978961032738,0.861328392644329
VC_RS17365,VCA0847; VC_A0847,yjeH,L-methionine/branched-chain amino acid transporter,-0.0712875355250639,0.907192853907273
VC_RS17370,VCA0848; VC_A0848,,GGDEF domain-containing protein,-0.555650066782031,0.377912833961916
VC_RS17375,VCA0849; VC_A0849,craA,retention module-containing protein,-0.094647448617838,0.859291303776041
VC_RS17380,VCA0850; VC_A0850,,LytR/AlgR family response regulator transcription factor,0.299102353534351,0.32601651292288
VC_RS17385,VCA0851; VC_A0851,,sensor histidine kinase,0.12250971213063,0.818674445454299
VC_RS17390,VCA0852; VC_A0852,,hypothetical protein,-0.930193501782287,0.247072446260747
VC_RS17395,VCA0853; VC_A0853,,outer membrane lipoprotein-sorting protein,0.0175927618981755,0.99065708487051
VC_RS17400,VCA0854; VC_A0854,,ABC transporter permease,-0.429469428528848,0.619232686937686
VC_RS17405,VCA0855; VC_A0855,,ABC transporter ATP-binding protein,0.846256656281803,0.490822799356136
VC_RS17410,VCA0856; VC_A0856,,hypothetical protein,-0.136439512930507,0.949682101768168
VC_RS17415,VCA0859; VC_A0859,,aldo/keto reductase,0.436784123090582,0.28533917368528
VC_RS17420,VCA0860; VC_A0860,,alpha-amylase,-0.339127038018881,0.543056946452676
VC_RS17425,VC_A0861,,hypothetical protein,-1.00737010628437,0.709606929676229
VC_RS17430,VCA0862; VC_A0862,,outer membrane protein transport protein,-0.0448681767290892,0.964447362919526
VC_RS17435,VCA0863; VC_A0863,,lysophospholipase VolA,-0.219275020495968,0.651144520549828
VC_RS17440,VCA0864; VC_A0864,,methyl-accepting chemotaxis protein,-0.237130125727802,0.680687274175431
VC_RS17445,VCA0865; VC_A0865,hapA,hemagglutinin/proteinase HapA,-0.0248782050480012,0.969959307189906
VC_RS17455,VCA0867; VC_A0867,ompW,outer membrane protein OmpW,0.0844759424271231,0.955548105355645
VC_RS17460,VCA0868; VC_A0868,,hypothetical protein,0.251007491626816,0.777213303153342
VC_RS17465,VCA0870; VC_A0870,pbpG,D-alanyl-D-alanine endopeptidase,-0.121328293632514,0.819507552807319
VC_RS17470,VCA0871; VC_A0871,,PLP-dependent aminotransferase family protein,0.0042434797312866,0.996601295197505
VC_RS17475,VCA0872; VC_A0872,,cytochrome ubiquinol oxidase subunit I,-0.555420483475668,0.377912833961916
VC_RS17480,VCA0873; VC_A0873,cydB,cytochrome d ubiquinol oxidase subunit II,0.0183849364415374,0.983313958146502
VC_RS17485,,cydX,cytochrome bd-I oxidase subunit CydX,-0.297257970531497,0.872417325879609
VC_RS17490,VCA0874; VC_A0874,,hypothetical protein,-0.74380274384232,0.671000330083552
VC_RS17495,VCA0875; VC_A0875,,D-serine ammonia-lyase,0.0102706827275952,0.985643903299395
VC_RS17500,VCA0876; VC_A0876,dsdC,DNA-binding transcriptional regulator DsdC,0.0361543945602951,0.976850199293178
VC_RS17505,VCA0877; VC_A0877,,linear amide C-N hydrolase,0.105265619930829,0.888780234967802
VC_RS17510,VCA0878; VC_A0878,,integrase,0.2446134849715,0.754832278974622
VC_RS17515,VCA0880; VC_A0880,,alpha-pore-forming tripartite toxin MakABE regulator MakD,0.554538102900015,0.635130058536898
VC_RS17520,VCA0881; VC_A0881,,alpha-pore-forming tripartite toxin MakABE regulator MakC,0.400252871219091,0.73112364652922
VC_RS17525,VCA0882; VC_A0882,,alpha-pore-forming cytotoxin subunit MakB,0.298871020387501,0.758479279132961
VC_RS17530,VCA0883; VC_A0883,makA,cytotoxin MakA,0.190049795825662,0.868389171166113
VC_RS17535,VCA0884; VC_A0884,,alpha-pore-forming cytotoxin subunit MakE,0.1402380295436,0.848129865358703
VC_RS17545,VCA0885; VC_A0885,tdh,L-threonine 3-dehydrogenase,-0.294308787276861,0.619232686937686
VC_RS17550,VCA0886; VC_A0886,,glycine C-acetyltransferase,-0.377749577681136,0.514843411702417
VC_RS17555,VCA0887; VC_A0887,,protein deglycase HchA,0.140900690560711,0.735293066801623
VC_RS17560,VCA0888; VC_A0888,,PA1136 family autoinducer-binding transcriptional regulator,0.0488056320411942,0.946813749331862
VC_RS17565,VCA0889; VC_A0889,,LysR family transcriptional regulator,-0.224287921914877,0.558419280714949
VC_RS17570,VCA0890; VC_A0890,,SMU1112c/YaeR family gloxylase I-like metalloprotein,0.31424879492956,0.543056946452676
VC_RS17575,VCA0891; VC_A0891,,PepSY-associated TM helix domain-containing protein,-0.257667423446883,0.601948184603507
VC_RS17580,VCA0892; VC_A0892,,hypothetical protein,-0.13269781819462,0.847122038075509
VC_RS17585,VCA0893; VC_A0893,,cytochrome b562,-0.154174173383237,0.701715982796404
VC_RS17590,VCA0894; VC_A0894,,phosphatase,0.190030660559923,0.667825375684256
VC_RS17595,VCA0895; VC_A0895,,HD domain-containing phosphohydrolase,0.0044704994133764,0.996601295197505
VC_RS17600,VCA0896; VC_A0896,zwf,glucose-6-phosphate dehydrogenase,-0.310146618741954,0.44333691932947
VC_RS17605,VCA0897; VC_A0897,pgl,6-phosphogluconolactonase,-0.327902171782555,0.332257252189056
VC_RS17610,VCA0898; VC_A0898,gnd,decarboxylating NADP(+)-dependent phosphogluconate dehydrogenase,-0.0919021425908864,0.842703008911015
VC_RS17615,VCA0900; VC_A0900,,MBL fold metallo-hydrolase,0.0597777930546018,0.923594349545435
VC_RS17620,VCA0901; VC_A0901,,DsbA family protein,0.307888308994609,0.572695906307588
VC_RS17625,VCA0902; VC_A0902,,DUF6279 family lipoprotein,0.470448294724972,0.336247743737923
VC_RS17630,VCA0903; VC_A0903,,glycerate kinase,0.321923703124096,0.506135755625279
VC_RS17635,VCA0904; VC_A0904,,GntP family permease,0.0288274226632427,0.976850199293178
VC_RS17640,VCA0905; VC_A0905,,PucR family transcriptional regulator,0.0676191020224279,0.962410096243451
VC_RS17645,VCA0906; VC_A0906,,methyl-accepting chemotaxis protein,-0.356148236722194,0.470895555993589
VC_RS17650,VCA0907; VC_A0907,hutZ,heme utilization protein HutZ,0.113979384157932,0.866391549152369
VC_RS17655,VCA0908; VC_A0908,hutX,heme utilization cystosolic carrier protein HutX,-0.0474879873561453,0.925243339039547
VC_RS17660,VCA0909; VC_A0909,hutW,heme anaerobic degradation radical SAM methyltransferase ChuW/HutW,-0.189414620235274,0.638040211659128
VC_RS17665,VCA0910; VC_A0910,,energy transducer TonB,-0.374448722452058,0.424156243570068
VC_RS17670,VCA0911; VC_A0911,,MotA/TolQ/ExbB proton channel family protein,-0.464426830655253,0.234631588220406
VC_RS17675,VCA0912; VC_A0912,,ExbD/TolR family protein,-0.130137078823249,0.756508196185379
VC_RS17680,VCA0913; VC_A0913,,heme/hemin ABC transporter substrate-binding protein,-0.377412046590167,0.336665333131379
VC_RS17685,VCA0914; VC_A0914,,FecCD family ABC transporter permease,-0.308410453582207,0.491931248404258
VC_RS17690,VCA0915; VC_A0915,,heme ABC transporter ATP-binding protein,-0.710039422489245,0.16590930017355
VC_RS17695,VCA0917; VC_A0917,,TetR family transcriptional regulator,0.317016976350672,0.469331580242985
VC_RS17700,VCA0919; VC_A0919,,YfcZ/YiiS family protein,0.217617331269379,0.603130030691474
VC_RS17705,VCA0920; VC_A0920,,hypothetical protein,-0.270677128402797,0.67130815723853
VC_RS17710,VCA0921; VC_A0921,,1-acyl-sn-glycerol-3-phosphate acyltransferase,-0.0733619003163861,0.890862630265821
VC_RS17715,VCA0922; VC_A0922,,hypothetical protein,-0.419674744434677,0.604667991530371
VC_RS17720,VCA0923; VC_A0923,mlp37,methyl-accepting chemotaxis protein Mlp37,0.0427152240222236,0.965155016446251
VC_RS17725,VCA0924; VC_A0924,,hybrid-cluster NAD(P)-dependent oxidoreductase,-0.0575172559766669,0.906014917577604
VC_RS17730,VCA0925; VC_A0925,pyrC,dihydroorotase,-0.533468506606382,0.307974882536077
VC_RS17735,VCA0926; VC_A0926,,helix-turn-helix domain-containing protein,0.255199134220461,0.517631837680018
VC_RS17740,VCA0927; VC_A0927,,DUF805 domain-containing protein,-0.550147708811145,0.734571682409477
VC_RS17745,VCA0928; VC_A0928,,hypothetical protein,-0.32203241622631,0.853184784622993
VC_RS17750,VCA0929; VC_A0929,rlmC,23S rRNA (uracil(747)-C(5))-methyltransferase RlmC,-0.283537214260076,0.364980420908949
VC_RS17755,VCA0930; VC_A0930,,DUF808 domain-containing protein,-0.112167922965308,0.817160142616328
VC_RS17760,VCA0931; VC_A0931,,3'3'-cGAMP-specific phosphodiesterase,0.164589049183737,0.673731524465599
VC_RS17765,VCA0933; VC_A0933,,transcription antiterminator/RNA stability regulator CspE,-1.13688198518455,0.542575092606072
VC_RS17770,VCA0935; VC_A0935,,hypothetical protein,-2.082375263195,0.153052544183448
VC_RS17775,VCA0936; VC_A0936,,M14 family metallopeptidase,-1.10926647001981,0.153052544183448
VC_RS17780,VCA0937; VC_A0937,,AraC family transcriptional regulator,0.0668951683570118,0.893658961144639
VC_RS17785,VCA0938; VC_A0938,,DMT family transporter,-0.217729448805511,0.614339385119282
VC_RS17790,VCA0939; VC_A0939,,GGDEF domain-containing protein,-0.484473010619961,0.321465558729618
VC_RS17795,VCA0940; VC_A0940,,DeoR/GlpR family transcriptional regulator,0.191537273616166,0.701715982796404
VC_RS17800,VCA0941; VC_A0941,,acyl-CoA thioesterase,0.74656747660002,0.153052544183448
VC_RS17805,VCA0942; VC_A0942,,hypothetical protein,0.0551825196107702,0.955358627246211
VC_RS17810,VCA0943; VC_A0943,malG,maltose ABC transporter permease MalG,0.322980379857679,0.506592912074706
VC_RS17815,VCA0944; VC_A0944,malF,maltose ABC transporter permease MalF,0.179870221964087,0.851707294739421
VC_RS17820,VCA0945; VC_A0945,malE,maltose/maltodextrin ABC transporter substrate-binding protein MalE,0.209724810295154,0.848129865358703
VC_RS17825,VCA0946; VC_A0946,malK,maltose/maltodextrin ABC transporter ATP-binding protein MalK,-0.12277076918953,0.888905093468992
VC_RS17830,VCA0947; VC_A0947,speG,spermidine N1-acetyltransferase,0.784964204941844,0.155771145160545
VC_RS17835,VCA0948; VC_A0948,,Rho-binding antiterminator,0.388150126022869,0.407939072763512
VC_RS17840,VCA0949; VC_A0949,,2OG-Fe(II) oxygenase,-0.514539746993532,0.421582743744366
VC_RS17845,VCA0951; VC_A0951,,heavy metal-binding domain-containing protein,0.155989737983266,0.85394189872216
VC_RS17850,VCA0952; VC_A0952,vpsT,LuxR family transcriptional regulator VpsT,0.698121432840639,0.223722966929671
VC_RS17855,VCA0953; VC_A0953,ppiC,peptidylprolyl isomerase PpiC,0.0302416679360106,0.969959307189906
VC_RS17860,VCA0954; VC_A0954,,chemotaxis protein,-0.0254253206623888,0.975816786562221
VC_RS17865,VCA0955; VC_A0955,,MarR family winged helix-turn-helix transcriptional regulator,0.511703478635818,0.271635781152787
VC_RS17870,VCA0956; VC_A0956,,GGDEF domain-containing protein,0.154277011786697,0.701715982796404
VC_RS17875,VCA0957; VC_A0957,,malate synthase,-0.0581392284759643,0.964783073910097
VC_RS17880,VCA0958; VC_A0958,,DUF3612 domain-containing protein,-0.196735776753837,0.691703253621717
VC_RS17885,VCA0960; VC_A0960,,diguanylate cyclase,0.081765892291475,0.879507644063237
VC_RS17890,VCA0961; VC_A0961,,alpha-ketoglutarate-dependent dioxygenase AlkB family protein,-0.375753834985385,0.296804329079094
VC_RS17895,VCA0962; VC_A0962,,DUF3541 domain-containing protein,0.201925522816607,0.659893397014111
VC_RS17900,VCA0963; VC_A0963,,DMT family transporter,-0.950775722814329,0.166677777045471
VC_RS17905,VCA0964; VC_A0964,,LysR substrate-binding domain-containing protein,-0.0075461696377042,0.991451891356219
VC_RS17910,VCA0965; VC_A0965,,GGDEF domain-containing protein,0.16259048681584,0.825330117958023
VC_RS17915,VCA0966; VC_A0966,,hypothetical protein,-0.17815184524949,0.701715982796404
VC_RS17920,VCA0969; VC_A0969,,pirin family protein,0.274898634832902,0.537021496286274
VC_RS17925,VCA0970; VC_A0970,,pyrimidine/purine nucleoside phosphorylase,0.142522498187118,0.777319574297092
VC_RS17930,VCA0971; VC_A0971,,DUF2850 domain-containing protein,0.256349608067463,0.524235340903126
VC_RS17935,VCA0972; VC_A0972,,MDR family MFS transporter,0.0661015652879909,0.910110052211276
VC_RS17940,VCA0974; VC_A0974,,methyl-accepting chemotaxis protein,0.0368956373838204,0.96390766228262
VC_RS17945,VCA0975; VC_A0975,,Lon protease family protein,0.352907299697761,0.378871326893348
VC_RS17950,VCA0976; VC_A0976,,hypothetical protein,-0.405632189323979,0.506135755625279
VC_RS17955,VCA0977; VC_A0977,,ABC transporter ATP-binding protein,-0.0104002275194606,0.989678319775601
VC_RS17960,VCA0978; VC_A0978,,transporter substrate-binding domain-containing protein,0.297913591476513,0.85394189872216
VC_RS17965,VC_A0979,,methyl-accepting chemotaxis protein,-1.12678060084647,0.285357673665722
VC_RS17970,VC_A0980,,hypothetical protein,0.239013773609617,0.729265991904067
VC_RS17975,VCA0981; VC_A0981,,substrate-binding periplasmic protein,-0.0955329696396962,0.928940031302952
VC_RS17980,VCA0982; VC_A0982,,LysR family transcriptional regulator,-0.123602349398291,0.858930835875639
VC_RS17985,,,hypothetical protein,-0.110813058591057,0.964783073910097
VC_RS17990,VCA0983; VC_A0983,,L-lactate permease,-0.324286090865199,0.706682209564021
VC_RS17995,VCA0984; VC_A0984,lldD,FMN-dependent L-lactate dehydrogenase LldD,0.251343374986575,0.716189962750185
VC_RS18000,VCA0985; VC_A0985,,FAD-binding and (Fe-S)-binding domain-containing protein,0.419263685712989,0.495711314188993
VC_RS18005,VCA0986; VC_A0986,,posphoenolpyruvate synthetase regulatory kinase/phosphorylase PpsR,0.0875727803339201,0.893698161930571
VC_RS18010,VCA0987; VC_A0987,ppsA,phosphoenolpyruvate synthase,0.103336734532786,0.884805992073144
VC_RS18015,VCA0988; VC_A0988,,methyl-accepting chemotaxis protein,-0.180448638149223,0.843953632349059
VC_RS18020,VCA0989; VC_A0989,,MATE family efflux transporter,0.347932610939654,0.567474485787857
VC_RS18025,VCA0990; VC_A0990,,DEAD/DEAH box helicase,-0.215931967575051,0.601948184603507
VC_RS18030,VCA0991; VC_A0991,,LysR family transcriptional regulator,-0.0920312941628673,0.887779515634794
VC_RS18035,VCA0992; VC_A0992,grxB,glutaredoxin 2,-0.261253227166137,0.773987226512732
VC_RS18040,VCA0993; VC_A0993,,alkene reductase,-0.19173010056642,0.80577745302317
VC_RS18045,VCA0994; VC_A0994,ctlX,citrulline utilization hydrolase CtlX,-0.323645124766592,0.619232686937686
VC_RS18050,VCA0996; VC_A0996,vcaM,multidrug efflux ABC transporter VcaM,0.006288371419756,0.990844987125772
VC_RS18055,VCA0997; VC_A0997,,hypothetical protein,-0.161621314014703,0.759094432136164
VC_RS18060,VCA0998; VC_A0998,,alkene reductase,0.450619404547704,0.524235340903126
VC_RS18065,VCA0999; VC_A0999,,TetR/AcrR family transcriptional regulator,0.183711764022278,0.574430813394851
VC_RS18070,VCA1000; VC_A1000,,LysE family translocator,-0.127594598090759,0.899566166540062
VC_RS18075,VCA1001; VC_A1001,,helix-turn-helix transcriptional regulator,-0.120645722974975,0.819507552807319
VC_RS18080,VCA1002; VC_A1002,,AzlC family ABC transporter permease,0.169587413652456,0.735293066801623
VC_RS18085,VCA1003; VC_A1003,,AzlD domain-containing protein,0.549346034593381,0.407939072763512
VC_RS18090,VCA1004; VC_A1004,,fumarylacetoacetate hydrolase family protein,-0.0964587957940028,0.869828472634362
VC_RS18095,VCA1005; VC_A1005,,MarR family winged helix-turn-helix transcriptional regulator,0.281744339190395,0.634765995319152
VC_RS18100,VCA1006; VC_A1006,,organic hydroperoxide resistance protein,0.149844025562255,0.89402419290959
VC_RS18105,VCA1008; VC_A1008,,anion-selective porin,0.211232300134078,0.813185154386082
VC_RS18110,VCA1010; VC_A1010,,DMT family transporter,-0.318582882417809,0.557917730882169
VC_RS18115,VCA1011; VC_A1011,,glutaredoxin domain-containing protein,-0.582083526371024,0.550110473260221
VC_RS18120,VCA1012; VC_A1012,,YjiG family protein,0.822080870926619,0.454751557723904
VC_RS18125,VCA1013; VC_A1013,,nucleoside recognition domain-containing protein,0.672554062848271,0.522832269370223
VC_RS18130,VCA1015; VC_A1015,nhaD,sodium:proton antiporter NhaD,-0.0062830412724577,0.996601295197505
VC_RS18135,VCA1016; VC_A1016,,hypothetical protein,-0.0806406134778732,0.947732134388849
VC_RS18140,VCA1017; VC_A1017,,methylated-DNA--[protein]-cysteine S-methyltransferase,0.542775093876489,0.439028040780559
VC_RS18145,VCA1018; VC_A1018,,DNA-3-methyladenine glycosylase 2 family protein,-0.216476853482475,0.659893397014111
VC_RS18150,VCA1019; VC_A1019,,DoxX family protein,0.319739712392746,0.869501926885578
VC_RS18155,VCA1020; VC_A1020,,LysR family transcriptional regulator,0.265953111029295,0.434605208818091
VC_RS18160,VCA1021; VC_A1021,,DUF413 domain-containing protein,-0.13018271804724,0.789390319019256
VC_RS18165,VCA1023; VC_A1023,,flavohemoglobin expression-modulating QEGLA motif protein,-0.15767158151833,0.725211860394236
VC_RS18170,VCA1024; VC_A1024,,DUF3081 domain-containing protein,0.32764436674642,0.721012648297316
VC_RS18175,VCA1025; VC_A1025,nagB,glucosamine-6-phosphate deaminase,0.0120892388749887,0.988651343432216
VC_RS18180,VCA1026; VC_A1026,,tetratricopeptide repeat protein,-0.134330136342395,0.721012648297316
VC_RS18185,VCA1027; VC_A1027,,MalM family protein,0.321859017846567,0.586520781260744
VC_RS18190,VCA1028; VC_A1028,lamB,maltoporin LamB,0.050579236961311,0.969959307189906
VC_RS18195,VCA1029; VC_A1029,glgX,glycogen debranching protein GlgX,0.0807983557502516,0.847899416217554
VC_RS18200,VCA1030; VC_A1030,,DUF2999 family protein,-0.155905264910465,0.687816338936427
VC_RS18205,VCA1031; VC_A1031,,methyl-accepting chemotaxis protein,-0.590581345073898,0.273532877079865
VC_RS18210,VCA1032; VC_A1032,,hypothetical protein,0.257890140607804,0.571547806336631
VC_RS18215,VCA1033; VC_A1033,,ABC transporter substrate-binding protein,0.0645545772416614,0.933075420294832
VC_RS18220,VCA1034; VC_A1034,,HAMP domain-containing methyl-accepting chemotaxis protein,0.0045970355423104,0.996601295197505
VC_RS18225,VCA1035; VC_A1035,,DUF3297 family protein,-0.416450633625236,0.461179355048785
VC_RS18230,VCA1036; VC_A1036,aroG,3-deoxy-7-phosphoheptulonate synthase AroG,0.24885059409035,0.53803627356753
VC_RS18235,VCA1037; VC_A1037,,amino acid ABC transporter ATP-binding protein,-0.0024331493599038,0.996601295197505
VC_RS18240,VCA1038; VC_A1038,,amino acid ABC transporter permease,0.326702871285966,0.377912833961916
VC_RS18245,VCA1039; VC_A1039,,transporter substrate-binding domain-containing protein,0.704128964446827,0.194528405817562
VC_RS18250,VCA1040; VC_A1040,,amino acid ABC transporter permease,0.178900417144446,0.725677112776993
VC_RS18255,VCA1041; VC_A1041,,phospho-sugar mutase,0.353667384628313,0.582966220057369
VC_RS18260,VCA1042; VC_A1042,,bactofilin family protein,-0.160546464239049,0.735293066801623
VC_RS18265,VCA1043; VC_A1043,,M23 family metallopeptidase,-0.365460629683922,0.377912833961916
VC_RS18270,VCA1045; VC_A1045,,PTS mannitol transporter subunit IICBA,-0.122240114673522,0.777319574297092
VC_RS18275,VCA1046; VC_A1046,,mannitol-1-phosphate 5-dehydrogenase,-0.163033879950954,0.71942085125538
VC_RS18280,VCA1047; VC_A1047,,MltR family transcriptional regulator,-0.0704460246795641,0.899639803248865
VC_RS18285,VCA1048; VC_A1048,,Gfo/Idh/MocA family protein,-0.0536769490338719,0.925205449267462
VC_RS18290,VCA1049; VC_A1049,,Vmh family MBL fold metallo-hydrolase,-0.244534077924443,0.679596182452881
VC_RS18295,VCA1050; VC_A1050,,hypothetical protein,0.164074599835217,0.771237928789747
VC_RS18300,VCA1051; VC_A1051,,YccF domain-containing protein,0.437740306043626,0.285357673665722
VC_RS18305,VCA1052; VC_A1052,,sulfite exporter TauE/SafE family protein,0.146706510037482,0.762277484397075
VC_RS18310,VCA1053; VC_A1053,,rhodanese-like domain-containing protein,0.201960175453673,0.619232686937686
VC_RS18315,VCA1054; VC_A1054,,NAD(P)-dependent oxidoreductase,0.14347789111273,0.852103429182609
VC_RS18320,VCA1055; VC_A1055,,LysR family transcriptional regulator,0.251194833389388,0.69020793699382
VC_RS18325,VCA1056; VC_A1056,,methyl-accepting chemotaxis protein,0.247619203773845,0.619232686937686
VC_RS18330,VCA1057; VC_A1057,,SDR family oxidoreductase,-0.0081193400282215,0.996520213258537
VC_RS18335,VCA1058; VC_A1058,,LysR family transcriptional regulator,0.0847878285375644,0.896597682682806
VC_RS18340,VCA1059; VC_A1059,trmY,tRNA (pseudouridine(54)-N(1))-methyltransferase TrmY,-0.307455905253539,0.508174583582512
VC_RS18345,VCA1060; VC_A1060,ribB,"3,4-dihydroxy-2-butanone-4-phosphate synthase",-0.0864329385886115,0.904223294853866
VC_RS18350,VC_A1061,,hypothetical protein,0.358677184766522,0.893658961144639
VC_RS18355,VCA1062; VC_A1062,potE,putrescine-ornithine antiporter,0.174796214030798,0.869501926885578
VC_RS18360,VCA1063; VC_A1063,speF,ornithine decarboxylase SpeF,0.0575068673301751,0.966718282182809
VC_RS18365,VC_A1065,speFL,leader peptide SpeFL,-0.190023689931877,0.910226354127378
VC_RS18370,VCA1067; VC_A1067,,coniferyl aldehyde dehydrogenase,0.334173065796334,0.437164707560492
VC_RS18375,VCA1068; VC_A1068,,Lrp/AsnC family transcriptional regulator,0.106540276991574,0.879507644063237
VC_RS18380,VCA1069; VC_A1069,,methyl-accepting chemotaxis protein,0.698731778921239,0.293778669027579
VC_RS18385,VCA1070; VC_A1070,,hypothetical protein,-0.365505751417188,0.651144520549828
VC_RS18390,VCA1071; VC_A1071,putP,sodium/proline symporter PutP,-0.164063544436236,0.839450463468399
VC_RS18395,VCA1072; VC_A1072,,1-pyrroline-5-carboxylate dehydrogenase,-0.349230438764583,0.638260601601316
VC_RS18400,VCA1073; VC_A1073,putA,bifunctional proline dehydrogenase/L-glutamate gamma-semialdehyde dehydrogenase PutA,-0.435843668922679,0.439028040780559
VC_RS18405,VCA1074; VC_A1074,,AraC family transcriptional regulator,-0.36947414118523,0.32601651292288
VC_RS18410,VCA1075; VC_A1075,,PEGA domain-containing protein,0.300437356995873,0.421582743744366
VC_RS18415,VCA1077; VC_A1077,,SUMF1/EgtB/PvdO family nonheme iron enzyme,-0.0901050911377705,0.806566012163888
VC_RS18420,VCA1078; VC_A1078,,helix-turn-helix transcriptional regulator,-0.361198366369465,0.309258804651451
VC_RS18425,VCA1079; VC_A1079,pdxH,pyridoxamine 5'-phosphate oxidase,-0.124514404664691,0.80577745302317
VC_RS18430,VCA1080; VC_A1080,lapC,HlyD family type I secretion periplasmic adaptor subunit,-0.204322835737977,0.569196749603919
VC_RS18435,VCA1081; VC_A1081,lapG,transglutaminase-like cysteine peptidase,0.0096787169811201,0.983313958146502
VC_RS18440,VCA1082,lapD,EAL domain-containing protein,0.114425278312789,0.695952427188307
VC_RS18445,VCA1084; VC_A1084,lapB,type I secretion system permease/ATPase,-0.0177654816617412,0.976850199293178
VC_RS18450,VCA1085; VC_A1085,,DUF342 domain-containing protein,-0.0321149937394106,0.965200755259254
VC_RS18455,VCA1086; VC_A1086,,ATP-binding SpoIIE family protein phosphatase,0.153895820511853,0.725211860394236
VC_RS18460,VCA1087; VC_A1087,,STAS domain-containing protein,0.258725636221816,0.82183316825012
VC_RS18465,VCA1088; VC_A1088,,methyl-accepting chemotaxis protein,0.370807795410388,0.51423658603205
VC_RS18470,VCA1089; VC_A1089,,chemotaxis response regulator protein-glutamate methylesterase,-0.304434141065012,0.69795557223529
VC_RS18475,VCA1090; VC_A1090,cheD,chemoreceptor glutamine deamidase CheD,0.597144238295972,0.558419280714949
VC_RS18480,VCA1091; VC_A1091,,CheR family methyltransferase,0.0231652476202625,0.985643903299395
VC_RS18485,VCA1092; VC_A1092,,methyl-accepting chemotaxis protein,0.257484820005113,0.680687274175431
VC_RS18490,VCA1093; VC_A1093,,chemotaxis protein CheW,0.822735105291804,0.67130815723853
VC_RS18495,VCA1094; VC_A1094,,chemotaxis protein CheW,-0.0341893868618444,0.979955555366574
VC_RS18500,VCA1095; VC_A1095,,chemotaxis protein CheA,-0.0460096591851567,0.96980342745177
VC_RS18505,VCA1096; VC_A1096,,response regulator,0.784589547178138,0.448103023572779
VC_RS18510,VCA1097; VC_A1097,,STAS domain-containing protein,0.0533491765425277,0.969959307189906
VC_RS18515,VCA1098; VC_A1098,,ABC transporter substrate-binding protein,-0.257784049460497,0.578036841304287
VC_RS18520,VCA1099; VC_A1099,,ABC transporter permease,0.319304394319076,0.777213303153342
VC_RS18525,VCA1100; VC_A1100,,ABC transporter permease,-0.0777699198210158,0.962756718111495
VC_RS18530,VCA1101; VC_A1101,,ABC transporter ATP-binding protein,-0.0487299320600582,0.964783073910097
VC_RS18535,VCA1102; VC_A1102,,phosphoethanolamine transferase,-0.100595141759537,0.938332983607268
VC_RS18540,VCA1104; VC_A1104,,sensor histidine kinase,0.237847474513611,0.646838680289315
VC_RS18545,VCA1105; VC_A1105,,response regulator,0.148542825075893,0.771237928789747
VC_RS18550,VCA1106,,tetratricopeptide repeat protein,0.120422763897916,0.872417325879609
VC_RS18555,VCA1108; VC_A1108,,SDR family oxidoreductase,0.109407781228292,0.901229742898555
VC_RS18560,VCA1109; VC_A1109,,TenA family transcriptional regulator,-0.510505012298177,0.595921017815836
VC_RS18565,VCA1110; VC_A1110,,AMP-dependent synthetase/ligase,-1.48957605827495,0.153052544183448
VC_RS18570,VCA1111; VC_A1111,,thermostable hemolysin,-0.776264574036055,0.245747438999619
VC_RS18575,VCA1112; VC_A1112,,GNAT family N-acetyltransferase,0.0906377051548083,0.819507552807319
VC_RS18580,VCA1113; VC_A1113,,ABC transporter substrate-binding protein,-0.138640310374579,0.846250526192763
VC_RS18585,VCA1114; VC_A1114,,ParB/RepB/Spo0J family partition protein,0.351484728993292,0.377912833961916
VC_RS18590,VCA1115; VC_A1115,,AAA family ATPase,0.189623529910446,0.649942302356509
VC_RS18595,VC_0059,,hypothetical protein,-0.358833091328476,0.557704102641387
VC_RS18600,VC_1116,,hypothetical protein,0.287109424574865,0.971312341507209
VC_RS18605,VC_1262,,hypothetical protein,0.187691058905653,0.901262147528013
VC_RS18610,,,hypothetical protein,0.469322139799636,0.394981092418667
VC_RS18615,VC_1646,,hypothetical protein,-0.249131225105419,0.819507552807319
VC_RS18620,VC_2753,,hypothetical protein,-0.172346314706244,0.819507552807319
VC_RS18655,VC_A0393,,DUF645 family protein,-0.0339472824817476,0.976850199293178
VC_RS18690,VC_A0609,,hypothetical protein,0.475106439806909,0.679258358310115
VC_RS18695,,,hypothetical protein,0.612287411226597,0.153052544183448
VC_RS18700,VC_A0899,,hypothetical protein,-0.198545093787274,0.866892980982063
VC_RS18725,,,hypothetical protein,1.40860827309164,0.527487062277932
VC_RS18735,VC_A0283,,hypothetical protein,0.353205179340872,0.403503501136003
VC_RS18750,VC_A0437,,DUF645 family protein,-0.0946723811768949,0.90785586539089
VC_RS18760,,,DUF645 family protein,-0.173597452584927,0.819507552807319
VC_RS18785,VC_0822,,hypothetical protein,-0.127840451387071,0.901262147528013
VC_RS18790,VC_0865,,hypothetical protein,0.185430222433242,0.819507552807319
VC_RS18795,,,hypothetical protein,-0.96928491124367,0.555904723009223
VC_RS18800,,,hypothetical protein,0.528267529209037,0.759199096564839
VC_RS18805,VC_1007,,hypothetical protein,-1.68163676312841,0.16590930017355
VC_RS18810,VC_1378,,hypothetical protein,0.593784461860321,0.329444137609183
VC_RS18835,,,glycoside hydrolase family 36 protein,0.2694271823869,0.601948184603507
VC_RS18840,,,inovirus Gp2 family protein,-1.14813359329734,0.323073327171992
VC_RS18845,,,hypothetical protein,-0.735006646097725,0.377912833961916
VC_RS18855,,,hypothetical protein,-0.159314570974244,0.885581360619123
VC_RS18865,VC_A0087,,hypothetical protein,-0.0428347426037099,0.974861034148083
VC_RS18870,,,type VI secretion system PAAR protein,0.0276376783395813,0.972591899046259
VC_RS18900,,,hypothetical protein,-0.336252005676218,0.843953632349059
VC_RS18905,,,ggdef family protein,0.19286638412038,0.86143068592061
VC_RS18955,,,DUF645 family protein,0.0348350867607423,0.985330193597985
VC_RS18960,,,Tfp pilus assembly protein,-0.0188134259240631,0.98989430534948
VC_RS18970,,,DUF645 family protein,0.743580146962186,0.245747438999619
VC_RS18995,VC_A0394,,hypothetical protein,-0.26236505247355,0.875414672449138
VC_RS19000,VC_A0403,,hypothetical protein,0.237544672269851,0.653526150838384
VC_RS19040,VC_A0438,,hypothetical protein,-0.897840859241206,0.510731933297445
VC_RS19050,,,GNAT family N-acetyltransferase,0.101116554224837,0.901332034092523
VC_RS19055,,,hypothetical protein,0.228097968232374,0.777213303153342
VC_RS19075,,,DUF1778 domain-containing protein,0.141842108335343,0.710830409624913
VC_RS19085,VC_A0857,,hypothetical protein,-0.356387232806865,0.893658961144639
VC_RS19100,,,IS3 family transposase,0.0916795887264084,0.901332034092523
VC_RS19105,,,hypothetical protein,-0.110458555302192,0.860854348596186
VC_RS19110,,,hypothetical protein,-0.223116595320617,0.819507552807319
VC_RS19115,VC_0846,,tyrosine-type recombinase/integrase,-0.650236959925795,0.668445441766784
VC_RS19120,VC_1406,,methyl-accepting chemotaxis protein,0.20758851154152,0.659893397014111
VC_RS19125,VC_1620,frhA,cadherin domain-containing protein,-0.0013834142009319,0.998616480506812
VC_RS19130,,,hypothetical protein,-0.157165597429224,0.942463724730349
VC_RS19135,VC_2719,,ComF family protein,-0.393838158000765,0.67130815723853
VC_RS19140,VC_A0327,,DUF3709 domain-containing protein,0.33228998732085,0.612755679256824
VC_RS19145,VC_A0339,,DUF3709 domain-containing protein,-0.375987870285004,0.4441191336597
VC_RS19150,VC_A0362,,hypothetical protein,-0.0121512350590936,0.996601295197505
VC_RS19155,,,pseudouridine synthase,-0.256155017422431,0.673978618412259
VC_RS19160,,,transposase,-1.00880808312122,0.321614871392933
VC_RS19165,,tnaC,tryptophanase leader peptide,-0.672551122918295,0.735411316657705
